time_s,x_m,y_m,vx_mps,vy_mps
0.0,0.0,-97.5,0.0,0.12
0.25,-8.802752274097893e-06,-97.4693752476287,-6.995080297904345e-05,0.12499802556531799
0.5,-3.473979365231152e-05,-97.43750098398648,-0.00013707431191910393,0.12999608990096262
0.75,-7.710429994895291e-05,-97.40437719958065,-0.00020137052145034057,0.1349941914075793
1.0,-0.00013518944566414667,-97.3700038853184,-0.0002628394264290948,0.13999232848581036
1.25,-0.0002083720571432266,-97.33438103451597,-0.00032215024828359236,0.1449904835254796
1.5,-0.00029602896105109276,-97.29750864082636,-0.00037863376508742784,0.14998867131661242
1.75,-0.0003974533305555364,-97.25938669626164,-0.0004322899723219534,0.1549868902598482
2.0,-0.0005119383377229599,-97.22001519323372,-0.00048311886569470434,0.15998513875582382
2.25,-0.0006388722017835995,-97.17939412753562,-0.0005318808290659014,0.16498339142638688
2.5,-0.000777643143233944,-97.13752349528853,-0.0005778154841810385,0.1699816708810992
2.75,-0.0009275443345459234,-97.09440328999635,-0.0006209228273653706,0.17497997552059857
3.0,-0.0010878689473010539,-97.0500335055628,-0.0006612028551703356,0.17997830374552085
3.25,-0.0012580174302309001,-97.0044141391425,-0.0006995137904048251,0.18497663122881178
3.5,-0.001437390233446788,-96.95754518820902,-0.0007349974169667061,0.18997497958427947
3.75,-0.001625280529421019,-96.90942664774427,-0.0007676537320173098,0.1949733472125617
4.0,-0.0018209814899445011,-96.86005851312994,-0.0007974827329441501,0.1999717325142948
4.25,-0.0020239066275384533,-96.80944078359208,-0.0008254471508108777,0.20497010642506167
4.5,-0.002233469456761258,-96.75757345866579,-0.0008505842656209603,0.20996849535515447
4.75,-0.002448963151592672,-96.70445653479617,-0.0008728940753634439,0.21496689770521443
5.0,-0.002669680885537988,-96.65009000882813,-0.0008923765782535571,0.2199653118758817
5.25,-0.002895050152157189,-96.59447388179265,-0.0009101063393812643,0.22496370607956115
5.5,-0.0031244984475129575,-96.53760815501921,-0.0009250088079285518,0.22996210951299478
5.75,-0.003357318948306453,-96.47949282640029,-0.0009370839827032307,0.23496052057682998
6.0,-0.0035928048309690603,-96.42012789422822,-0.0009463318627392941,0.2399589376717135
6.25,-0.003830398516890724,-96.35951336215966,-0.0009539464124289522,0.2449573195947088
6.5,-0.004069542431058452,-96.29764923413856,-0.0009587336886251293,0.24995570502545716
6.75,-0.00430952975504629,-96.2345355094879,-0.000960693690944846,0.25495409236461697
7.0,-0.00454965367036081,-96.17017218793049,-0.0009598264192313035,0.2599524800128465
7.25,-0.004789372592320355,-96.10455927476755,-0.0009574537480560596,0.2649508250668299
7.5,-0.005028144940205079,-96.03769677557554,-0.000952253826683217,0.2699491679789686
7.75,-0.005265263901512869,-95.96958469108982,-0.0009442266555287663,0.27494750714993443
8.0,-0.0055000226638738815,-95.90022302244562,-0.0009333722352348765,0.27994584098039954
8.25,-0.0057318967625737665,-95.82961177608826,-0.0009211493501230891,0.2849441287262232
8.5,-0.00596036173685844,-95.75775095872535,-0.0009060992400950043,0.28994240875810756
8.75,-0.006184710780644615,-95.68464057248532,-0.0008882219063546218,0.29494067947673885
9.0,-0.006404237088178278,-95.61028061989639,-0.0008675173503321179,0.2999389392828042
9.25,-0.006618434539645829,-95.53467110748697,-0.0008455910608540321,0.30493715792527737
9.5,-0.006826797018404084,-95.45781204203399,-0.0008208375689689397,0.3099353633647634
9.75,-0.007028617724094111,-95.37970342703811,-0.0007932568766571052,0.31493355400196166
10.0,-0.007223189856880318,-95.30034526639982,-0.0007628489861249677,0.31993172823757254
10.25,-0.007410026647684149,-95.21973757599339,-0.0007313741499715513,0.3249297920463949
10.5,-0.0075886413368067744,-95.137880371927,-0.0006970721731138417,0.32992783725079383
10.75,-0.007758327139410428,-95.05477365905165,-0.0006599430582959768,0.3349258622515039
11.0,-0.007918377271371648,-94.97041744261817,-0.0006199868084882637,0.33992386544926106
11.25,-0.008068326090805326,-94.8848117350031,-0.0005791325637216306,0.3449217916195656
11.5,-0.008207707961741712,-94.79795654880091,-0.0005354512210735021,0.34991969387968386
11.75,-0.008335816110142532,-94.70985189018904,-0.0004889427840383598,0.3549175706303746
12.0,-0.0084519437628714,-94.62049776574477,-0.0004396072563368509,0.35991542027239876
12.25,-0.008555647772000628,-94.52989418862516,-0.0003895536406025422,0.36491319196536554
12.5,-0.00864648499529513,-94.43804117218826,-0.0003366729703452755,0.3699109345442274
12.75,-0.00872374866964826,-94.34493872391249,-0.00028096524979547303,0.37490864640976806
13.0,-0.008786732033039245,-94.25058685167609,-0.00022243048340971926,0.3799063259627734
13.25,-0.008835015923749707,-94.15498557358374,-0.00016336947658786847,0.384903893207735
13.5,-0.008868181188689823,-94.05813490792302,-0.00010148147805326047,0.3899014262432785
13.75,-0.008885521080545565,-93.96003486344615,-3.67664927568984e-05,0.3948989234702232
14.0,-0.00888632885326893,-93.86068544930521,3.077547412405732e-05,0.3998963832893913
14.25,-0.008870211269386117,-93.76008668313114,9.8636353051642e-05,0.4048937397053289
14.5,-0.008836775098915544,-93.65823858271817,0.00016932416590248564,0.40989105693392375
14.75,-0.008785313609078556,-93.55514115806307,0.00024283890702160522,0.4148883333760281
15.0,-0.008715120068538517,-93.45079441956231,0.0003191805705278651,0.41988556743249744
15.25,-0.008625828967488123,-93.34519838826446,0.00039561938230470297,0.42488267574367683
15.5,-0.008517074805429082,-93.23835308536046,0.0004748850575590164,0.4298797400151398
15.75,-0.008388150867279967,-93.13025852206013,0.0005569775899495982,0.43487675864777864
16.0,-0.008238350439572915,-93.02091470997307,0.000641896972909095,0.4398737300424892
16.25,-0.008067337824901157,-92.91032167356197,0.0007266750750903145,0.444870553253435
16.5,-0.007874777337000502,-92.79847943740944,0.0008142799575910638,0.4498673277072903
16.75,-0.0076599622816623985,-92.68538801390466,0.0009047116134030048,0.4548640518049947
17.0,-0.007422185966458647,-92.57104741583655,0.0009979700352916584,0.45986072394749156
17.25,-0.007161144858684889,-92.45545766965199,0.0010908299426650046,0.46485723677411345
17.5,-0.006876535437555206,-92.33861880189357,0.0011865165408820873,0.46985369627192775
17.75,-0.006567651031310812,-92.22053082609337,0.0012850298222880357,0.4748501008419247
18.0,-0.006233784970134906,-92.10119375618319,0.0013863697790018458,0.4798464488850989
18.25,-0.005874668401515825,-91.98060762088305,0.0014870338695721,0.48484262402545547
18.5,-0.0054900324858765765,-91.85877244898244,0.0015905245538021817,0.4898387414223355
18.75,-0.005079170575832389,-91.73568825511708,0.0016968418234128966,0.4948347994767845
19.0,-0.004641376026096558,-91.61135505432249,0.001805985669898927,0.4998307965898526
19.25,-0.004176417418088356,-91.48577287839518,0.0019141542757351011,0.5048266006303935
19.5,-0.0036840633478081902,-91.358941759173,0.0020251493666135507,0.5098223426823096
19.75,-0.0031636071951007248,-91.23086171235299,0.0021389709336547356,0.5148180211467077
20.0,-0.0026143423420587715,-91.10153275403185,0.0022556189677529967,0.5198136344247001
20.25,-0.0020360778087829445,-90.97095492103041,0.002370968358576232,0.524809018711572
20.5,-0.0014286226330966715,-90.83912825018028,0.002489144105479744,0.5298043369478052
20.75,-0.0007912702271569208,-90.70605275819396,0.0026101461990095443,0.5347995875345796
21.0,-0.00012331400551242197,-90.57172846218367,0.0027339746294855376,0.539794768873081
21.25,0.0005753930011348665,-90.43615539931139,0.0028561524624913025,0.5447897225861922
21.5,0.0013049977447224127,-90.29933360671669,0.0029811565233597306,0.5497846063859649
21.75,0.0020662067809705613,-90.16126310207775,0.003108986802090571,0.554779418673652
22.0,0.002859726663071332,-90.02194390347245,0.003239643288457478,0.5597741578505119
22.25,0.0036856566190191387,-89.88137605010209,0.003368267375421164,0.5647686569856595
22.5,0.0045440958584984405,-89.73955958110962,0.003499717554975618,0.5697630825609685
22.75,0.005435750903347147,-89.59649451508483,0.003633993816604902,0.5747574329777684
23.0,0.006361328272745922,-89.45218087101716,0.0037710961495669958,0.5797517066373946
23.25,0.007320875348599809,-89.30661869356622,0.00390575144728025,0.5847457002747085
23.5,0.008314439490942453,-89.1598080272941,0.004043232679662815,0.589739616940473
23.75,0.009342727182071088,-89.0117488916435,0.004183539835716271,0.5947334550361072
24.0,0.010406444901505087,-88.86244130645677,0.0043266729042161335,0.5997272129630362
24.25,0.011505583379715127,-88.7118853201143,0.004466905882710516,0.6047206645554948
24.5,0.012640133323013242,-88.56008098085627,0.004609964623032121,0.6097140360212517
24.75,0.013810801170430369,-88.40702830891414,0.004755849113736333,0.6147073257618241
25.0,0.015018293358108033,-88.25272732491901,0.0049045593431524806,0.6197005321787352
25.25,0.016262538755181112,-88.097178084054,0.005049874761069663,0.6246933810409765
25.5,0.01754346620197442,-87.94038064131533,0.00519801573895795,0.6296861469015221
25.75,0.018861782087004047,-87.78233501765324,0.005348982264966148,0.6346788281620034
26.0,0.02021819279579502,-87.62304123441753,0.0055027743270170265,0.639671423224058
26.25,0.02161255900177965,-87.46249934608728,0.005652626215684691,0.6446636692897235
26.5,0.023044741350547376,-87.30070940690331,0.005805303467264938,0.6496558297875431
26.75,0.02451544618130429,-87.13767143845735,0.005960806069543679,0.6546479031192597
27.0,0.026025379830174715,-86.97338546274071,0.006119134010080797,0.659639887686623
27.25,0.02757432827706704,-86.80785154190745,0.00627292442151611,0.6646314644800742
27.5,0.029162077468646463,-86.641069737817,0.006429539965508188,0.6696229534777879
27.75,0.030789333686490734,-86.47304007261806,0.006588980629527878,0.6746143530816375
28.0,0.032456803209017074,-86.30376256885886,0.006751246400820024,0.6796056616935032
28.25,0.03416418943649503,-86.13323729441206,0.006908314232984974,0.6845965190725039
28.5,0.03591119573197387,-85.96146431679341,0.007068206942713977,0.6895872868018569
28.75,0.037698528313250386,-85.78844365861508,0.007230924517215711,0.6945779632835799
29.0,0.03952689339489532,-85.61417534288874,0.007396466943472867,0.6995685469196977
29.25,0.04139590287812538,-85.43865944389401,0.007556079689206254,0.704558629989774
29.5,0.0433051686223829,-85.26189603548463,0.007718517029545428,0.7095486219706677
29.75,0.04525539677469965,-85.0838851406326,0.007883778951495498,0.7145385212645563
30.0,0.04724729347883046,-84.90462678270943,0.00805186544183561,0.7195283262736248
30.25,0.04928036887262171,-84.72412104361928,0.008213208422566131,0.7245175712362313
30.5,0.051354133046608755,-84.54236800476366,0.00837737568123192,0.7295067241309796
30.75,0.053469292068638465,-84.35936768935926,0.00854436720469969,0.7344957833602265
31.0,0.05562655200324613,-84.17512012102215,0.008714182979610222,0.7394847473263361
31.25,0.05782530929839906,-83.98962539034963,0.008876346036443427,0.7444730827649715
31.5,0.060064960348339594,-83.80288358735062,0.009041333015729998,0.7494613256719459
31.75,0.06234621113203591,-83.61489473535774,0.009209143904271078,0.7544494744498171
32.0,0.06466976762512824,-83.42565885810292,0.009379778688641894,0.7594375275011506
32.25,0.06703489864969925,-83.23517605571206,0.009541740096360345,0.7644248763558943
32.5,0.06944087296698279,-83.04344642762644,0.009706525028163774,0.7694121327931592
32.75,0.07188839645635696,-82.85046999715004,0.009874133470869483,0.7743992952157285
33.0,0.07437817499387597,-82.65624678798623,0.010044565411068896,0.779386362026393
33.25,0.07690933335418229,-82.46077691048116,0.010205171985687395,0.7843726428721496
33.5,0.07948099624333442,-82.26406047418774,0.010368601639675254,0.7893588320669596
33.75,0.08209386942954515,-82.06609750221834,0.010534854359958197,0.7943449280138579
34.0,0.08474865867773042,-81.86688801808457,0.010703930133236105,0.7993309291158867
34.25,0.08744432538808113,-81.6664321456218,0.010861873979485976,0.8043160356952729
34.5,0.09017983088190236,-81.46473000774898,0.01102264039887566,0.8093010521301168
34.75,0.09295588080087613,-81.26178162720184,0.011186229378543936,0.8142859768237396
35.0,0.09577318078344092,-81.05758702711528,0.011352640905403784,0.8192708081794695
35.25,0.09863050584386253,-80.85214635001162,0.011506429909243072,0.8242545941505137
35.5,0.10152663090318398,-80.6454597373562,0.011663040894533116,0.8292382923275081
35.75,0.10446226145520655,-80.43752721129708,0.011822473848745131,0.8342219011141083
36.0,0.10743810299057113,-80.22834879438139,0.011984728759124574,0.8392054189139772
36.25,0.11045271610045868,-80.0179246494066,0.01213264633707401,0.8441877269386192
36.5,0.11350466126716138,-79.80625493795144,0.012283385211654835,0.8491699504907729
36.75,0.11659464381333443,-79.59333968133356,0.01243694537080803,0.8541520879744812
37.0,0.11972336905859,-79.37917890126955,0.012593326802248873,0.8591341377937938
37.25,0.12288914862357551,-79.16377277794679,0.012733379807106064,0.8641148355840965
37.5,0.12609029400640884,-78.94712149014613,0.012876253343145239,0.8690954533509853
37.75,0.12932751033846146,-78.72922505807287,0.013021947398936598,0.8740759894989358
38.0,0.1326015027482192,-78.5100835023312,0.013170461962824705,0.8790564424324304
38.25,0.13591029264548468,-78.28969703749429,0.013300327150762048,0.884035264019035
38.5,0.13925190129089596,-78.06806587651002,0.013433011946240648,0.889014011345565
38.75,0.14262703358501622,-77.84519003814276,0.0135685163386458,0.8939926828170186
39.0,0.14603639442572672,-77.62106954155567,0.013706840317137233,0.8989712768383996
39.25,0.14947766231130435,-77.39570463934649,0.013823772519684904,0.903947929810476
39.5,0.1529485155612771,-77.16909558222906,0.013943523230720007,0.9089245158387631
39.75,0.15644965880157394,-76.94124238713862,0.014066092440662554,0.9139010333288802
40.0,0.1599817966557008,-76.712145071409,0.014191480139707082,0.9188774806864523
40.25,0.16354219789551758,-76.4818039316864,0.014292199313816653,0.9238516275984809
40.5,0.16712813107976532,-76.25021926242408,0.014395735693792976,0.9288257167385285
40.75,0.17074030050888003,-76.01739107826427,0.014502089271353201,0.9337997465129512
41.0,0.17437941048119884,-75.78331939424756,0.014611260037989106,0.9387737153281093
41.25,0.17804223465393937,-75.54800456896004,0.014691802614086084,0.9437448793783857
41.5,0.1817255464230462,-75.31144695842151,0.01477516080782702,0.9487159970706954
41.75,0.18543004969210147,-75.07364657442058,0.014861334612543308,0.9536870668122925
42.0,0.18915644836299197,-74.834603429144,0.014950324021341095,0.9586580870104345
42.25,0.19290090851520006,-74.59431796371963,0.015005826138249365,0.9636256311516779
42.5,0.19665959590289173,-74.35279061625086,0.015064141904451003,0.9685931431004816
42.75,0.20043321393781185,-74.11002139498473,0.015125271315280785,0.9735606212652126
43.0,0.2042224660305109,-73.86601030856622,0.015189214365848393,0.9785280640542402
43.25,0.20802275937139444,-73.62075790756575,0.01521360089097059,0.983491141650402
43.5,0.21182950074078746,-73.37426473895687,0.015240798593580185,0.988454204656395
43.75,0.2156433929327945,-73.12653080658592,0.015270807471501377,0.9934172514819835
44.0,0.21946513874094803,-72.87755611469676,0.015303627522333479,0.9983802805369331
44.25,0.22328917825030584,-72.62734136742182,0.015289156552535118,1.0033376990268157
44.5,0.22710995101726422,-72.37588726456737,0.015277493583312573,1.0082951249084653
44.75,0.2309281590420885,-72.12319380448398,0.015268638615598873,1.013252556593442
45.0,0.2347445043252491,-71.8692609859194,0.01526259165010241,1.0182099924933066
45.25,0.23855216328147502,-71.61408973012868,0.015199147304018156,1.023160059814047
45.5,0.24234431162962344,-71.3576809530877,0.015138506786309664,1.028110162231157
45.75,0.24612165032739938,-71.10003464622059,0.015080670101828139,1.0330602981585562
46.0,0.24988488033369266,-70.84115080134806,0.015025637255200482,1.0380104660101614
46.25,0.2536254782743862,-70.58103067322729,0.01489961262466162,1.0429505708376956
46.5,0.25733491982359785,-70.31967551005432,0.014776386125007392,1.0478907461638343
46.75,0.2610139045152858,-70.05708529440238,0.014655957766095842,1.052830990405719
47.0,0.26466313188584456,-69.79326000924038,0.01453832755756117,1.0577713019804853
47.25,0.2682717019748096,-69.52820142068683,0.014330698169232393,1.062697426023361
47.5,0.271828713478687,-69.26191128650675,0.01412585887960995,1.0676236667295647
47.75,0.27533486392420636,-68.99438957773161,0.01392380970508086,1.072550022520779
48.0,0.2787908508421662,-68.72563626578744,0.013724550661808936,1.0774764918186779
48.25,0.28218229118228116,-68.455653978045,0.013407435080685646,1.0823818400186038
48.5,0.28549479989435095,-68.1844453308947,0.013093097641657293,1.0872873668197534
48.75,0.2887290715170473,-67.91201027988265,0.012781538369870685,1.092193070650571
49.0,0.29188580059530084,-67.6383487809479,0.012472757290250375,1.0970989499394865
49.25,0.29494516231557794,-67.36346502088938,0.012002596317527505,1.101971174855709
49.5,0.2978873286784098,-67.08736317142156,0.011535194436939167,1.1068436649537703
49.75,0.30071298946150865,-66.81004316644407,0.011070551685877231,1.1117164186728874
50.0,0.30342283445190715,-66.53150494024678,0.010608668101512841,1.116589434452256
50.25,0.3060042569777922,-66.25181566613553,0.010043121260369207,1.1209248117577841
50.5,0.30844459966137505,-65.9710425077657,0.009480029370618936,1.1252605082893703
50.75,0.3107444762461389,-65.68918538550439,0.008919392477309045,1.129596522658277
51.0,0.3129045004868043,-65.40624422006584,0.00836121062529015,1.1339328534757407
51.25,0.3149330170984348,-65.1223707329446,0.00786721695851166,1.1370550900682181
51.5,0.3168382563130839,-64.83771665178642,0.007374991456013403,1.1401776056045678
51.75,0.3186206601767467,-64.55228190698035,0.006884534157173126,1.1433003990845574
52.0,0.3202806707452453,-64.26606642916553,0.006395845101227122,1.1464234695079325
52.25,0.3218263078856443,-63.97924946546243,0.005969411491285059,1.1481122803213062
52.5,0.32326545622696845,-63.69201026892524,0.005543934714307358,1.1498013320904321
52.75,0.32459835498171513,-63.40434877938268,0.005119414804331909,1.1514906242740366
53.0,0.32582524337088165,-63.11626493679879,0.004695851795320053,1.1531801563308262
53.25,0.32707962471224367,-62.828595239051786,0.005338727470337894,1.14817736503454
53.5,0.3284943713712913,-62.54217628452018,0.005978774328251975,1.143174210874308
53.75,0.3300687761373434,-62.25700816371994,0.006615992317858927,1.1381706954503594
54.0,0.3318021317869464,-61.973090966766954,0.007250381388181688,1.1331668203629526
54.25,0.33369318051501684,-61.690424782110775,0.007877536938065184,1.128162597757874
54.5,0.33574066450473283,-61.40900969738562,0.00850186347300236,1.1231580211815186
54.75,0.3379438764961098,-61.12884580088426,0.009123360943047464,1.1181530922342269
55.0,0.34030210921670506,-60.84993318049938,0.009742029298481069,1.1131478125163679
55.25,0.3428141588697531,-60.57227192216535,0.010353896395570163,1.1081421964686664
55.5,0.3454788216472875,-60.29586211104194,0.01096293428623368,1.103136235098165
55.75,0.348295390241607,-60.0207038332598,0.01156914292174895,1.0981299300053127
56.0,0.35126315733285773,-59.74679717454944,0.012172522253619644,1.0931232827905852
56.25,0.35438092097703816,-59.474142218296535,0.01276911533858371,1.088116310985555
56.5,0.35764747921954376,-59.202739047113546,0.01336287903228496,1.0831090024980308
56.75,0.3610621247066164,-58.93258774497102,0.01395381328722265,1.078101358928566
57.0,0.3646241500726513,-58.66368839543938,0.014541918056122392,1.0730933818777404
57.25,0.368332355193393,-58.39604107936354,0.015123251318764205,1.0680850919205105
57.5,0.3721855399345755,-58.12964587681663,0.015701755011916483,1.0630764739130647
57.75,0.3761829968980366,-57.86450286961113,0.016277429089299272,1.058067529456056
58.0,0.3803240186740726,-57.60061213915934,0.016850273504858994,1.0530582601501643
58.25,0.3846074069020034,-57.337973763769064,0.017416360698834742,1.0480486896010335
58.5,0.3890319632117296,-57.076587820977636,0.017979618151692998,1.043038799626182
58.75,0.3935969801623345,-56.816454390441386,0.0185400458183735,1.03802859182636
59.0,0.39830175030166476,-56.55757355141647,0.019097643654042363,1.0330180678023433
59.25,0.4031450772504916,-56.2999453796821,0.019648500289207504,1.0280072541375829
59.5,0.40812576462075284,-56.04356995024852,0.020196527018191773,1.0229961296628218
59.75,0.4132431049304184,-55.78844734061812,0.020741723797153354,1.0179846959789032
60.0,0.41849639068652583,-55.53457762789309,0.02128409058247683,1.0129729546866948
60.25,0.4238844274383869,-55.28196088533169,0.021819731758523992,1.0079609353039454
60.5,0.42940602072706147,-55.03059718542468,0.022352542869861863,1.0029486137183716
60.75,0.43506046303103946,-54.78048660352266,0.022882523873865874,0.9979359915309061
61.0,0.4408470468181828,-54.53162921457597,0.023409674728137854,0.9929230703425054
61.25,0.44676457946567094,-54.28402508932615,0.023930114752443103,0.9879098825886681
61.5,0.45281186834301074,-54.037674297748616,0.02444772456003135,0.9828964012310876
61.75,0.4589882058908422,-53.79257691304417,0.02496250410949412,0.9778826278707822
62.0,0.4652928845394816,-53.54873300801337,0.02547445335964935,0.9728685641087933
62.25,0.4717247136768309,-53.30614265089042,0.0259797080154661,0.9678542452391171
62.5,0.4782825026836939,-53.064805909144944,0.026482132309040857,0.9628396413558488
62.75,0.48496554396448105,-52.8247228538302,0.02698172620017998,0.9578247540600884
63.0,0.49177312991358296,-52.585893555599185,0.027478489648916252,0.9528095849529588
63.25,0.49870407179509024,-52.34831808018403,0.027968573656185,0.9477941721629227
63.5,0.5057571808665663,-52.111996492553715,0.028455827162150747,0.9427784829411169
63.75,0.5129317494978081,-51.87692886161603,0.02894025012783351,0.9377625188887198
64.0,0.520227070048896,-51.64311525587848,0.02942184251447973,0.9327462816069316
64.25,0.5276419557599756,-51.410555738578026,0.029896771404995796,0.9277298120201595
64.5,0.5351752198652328,-51.17925037218996,0.030368869661585408,0.9227130745746519
64.75,0.5428261547014598,-50.94919922347882,0.03083813724648098,0.9176960708716622
65.0,0.5505940525960362,-50.72040235880881,0.03130457412214138,0.9126788025124646
65.25,0.5584777287727752,-50.492859838929675,0.03176436350147051,0.9076613131714313
65.5,0.5664759984500924,-50.26657172383097,0.03222132212065629,0.9026435645358674
65.75,0.5745881539333778,-50.04153807813617,0.03267544994314229,0.8976255582070971
66.0,0.5828134875189105,-49.81775896606841,0.03312674693259856,0.8926072957864652
66.25,0.5911508163731461,-49.59523444589524,0.03357141209091522,0.8875888236756196
66.5,0.5995989576577032,-49.373964575125505,0.03401324636926034,0.8825701008257969
66.75,0.608157203648166,-49.1539494162438,0.034452249732287436,0.8775511288383889
67.0,0.61682484661131,-48.935189031334325,0.0348884221448765,0.8725319093148072
67.25,0.6256007057205536,-48.71768347619123,0.035317978899687866,0.8675124913311504
67.5,0.6344836001450329,-48.50143280585146,0.03574470466105345,0.8624928311551208
67.75,0.6434728221321144,-48.28643708066292,0.036168599394835466,0.8574729303881737
68.0,0.6525676639206587,-48.07269636057316,0.03658966306712257,0.852452790631784
68.25,0.6617669466661833,-47.86021069890839,0.03700412704973189,0.8474324636105142
68.5,0.6710694915204752,-47.648980148239126,0.03741575993175541,0.8424119029346314
68.75,0.6804745907042673,-47.43900476677884,0.037824561680262735,0.8373911102056514
69.0,0.6899815364300877,-47.230284612340604,0.038230532262549966,0.8323700870251085
69.25,0.6995891518240582,-47.02281973578906,0.03862991902496642,0.8273488877328753
69.5,0.7092962600091193,-46.816610187234645,0.03902647458596746,0.8223274633149898
69.75,0.7191021531809466,-46.61165602275858,0.039420198913828856,0.8173058153730246
70.0,0.7290061235273134,-46.40795729804168,0.039811091977052904,0.8122839455085699
70.25,0.7390069961953514,-46.20551406149564,0.0401954174871428,0.8072619106253177
70.5,0.7491035963295538,-46.0043263607795,0.040576911701263985,0.8022396591363395
70.75,0.7592952161021089,-45.804394249844485,0.04095557458889715,0.7972171926432609
71.0,0.7695811476776035,-45.605717782241406,0.041331406119749496,0.7921945127477243
71.25,0.7799602181061598,-45.408297003933214,0.04170068541377857,0.7871716789019982
71.5,0.7904312544358041,-45.21213196013161,0.04206713332354819,0.7821486369619646
71.75,0.8009935488168022,-45.01722270265995,0.04243074981974274,0.7771253885292986
72.0,0.8116463933921196,-44.8235692829412,0.04279153487327313,0.7721019352056919
72.25,0.8223886171301037,-44.63117174449624,0.04314578312190035,0.7670783389552196
72.5,0.8332190489975433,-44.440030130096204,0.0434971999042143,0.7620545431132748
72.75,0.8441369811243414,-44.25014448943874,0.04384578519210183,0.7570305492815788
73.0,0.855141705633401,-44.061514871821075,0.04419153895767634,0.7520063590618685
73.25,0.866232053399717,-43.87414131832807,0.04453077125141392,0.7469820368991402
73.5,0.8774068552972614,-43.688023869296266,0.04486717200299898,0.7419575236392362
73.75,0.8886654034371272,-43.503162572299736,0.045200741185519665,0.7369328208839203
74.0,0.9000069899237081,-43.31955747451211,0.045531478772290634,0.7319079302349716
74.25,0.9114304475353313,-43.13720861458937,0.04585571018754846,0.7268829185782221
74.5,0.9229346090498314,-42.95611603044061,0.04617710999100161,0.7218577243100635
74.75,0.9345187665610385,-42.77627976751847,0.046495678156938294,0.7168323490322986
75.0,0.9461822121563831,-42.59769987087511,0.04681141465987324,0.711806794346745
75.25,0.9579237802783347,-42.4203763767385,0.047120658371915265,0.7067811295904424
75.5,0.9697423053694012,-42.24430932059098,0.04742707040868841,0.7017552907010425
75.75,0.9816370795076966,-42.069498745765586,0.047730650745679906,0.6967292792803838
76.0,0.993607394765235,-41.895944695194906,0.0480313993586035,0.6917030969303185
76.25,1.005652087390172,-41.72364720268755,0.04832566968741705,0.6866768153845141
76.5,1.0177699936312279,-41.55260630130788,0.04861710828365048,0.6816503681758219
76.75,1.0299604055523386,-41.382822032271385,0.04890571512398888,0.6766237569061125
77.0,1.0422226152116396,-41.21429443639308,0.04919149018534387,0.6715969831772697
77.25,1.0545554604823235,-41.047023545064654,0.0494708000180255,0.6665701211166666
77.5,1.0669577792386729,-40.88100938893474,0.04974727806696238,0.6615431018560934
77.75,1.0794288635319822,-40.71625200710311,0.05002092431003642,0.6565159269974494
78.0,1.0919680054080443,-40.55275143826903,0.05029173872535608,0.6514885981426461
78.25,1.104574044227025,-40.39050771140954,0.05055609985678386,0.6464611918091013
78.5,1.117245819350705,-40.22952085475978,0.050817629159442566,0.6414336367318304
78.75,1.1299826228192718,-40.06979090530543,0.05107632661241,0.6364059345127575
79.0,1.1427837466677107,-39.91131789963171,0.05133219219499053,0.6313780867538188
79.25,1.1556480316422861,-39.754101864303536,0.05158161562532505,0.6263501723557682
79.5,1.168574318491401,-39.59814282514496,0.051828207187998854,0.621322117664011
79.75,1.1815618992456696,-39.44344081702917,0.052071966863284753,0.6162939242804931
80.0,1.1946100659308023,-39.28999587442886,0.05231289463168212,0.6112655938071715
80.25,1.2077176605524853,-39.13780802149902,0.05254739035993068,0.6062372075231619
80.5,1.2208835251190653,-38.98687728165472,0.052779054187753124,0.6012086893898072
80.75,1.234106951653115,-38.83720368765806,0.05300788609661649,0.5961800410090714
81.0,1.2473872321726012,-38.68878727187063,0.053233886068214366,0.5911512639829292
81.25,1.2607232096361807,-38.54162805603437,0.05345346165403684,0.5861224420054337
81.5,1.2741137270056986,-38.39572606115201,0.05367020531281137,0.5810934966186766
81.75,1.2875580762972205,-38.25108131787564,0.0538841170271986,0.5760644294246365
82.0,1.301055549522506,-38.10769385645681,0.0540951967800857,0.5710352420253021
82.25,1.314604990395234,-37.9655636962226,0.0542998582118431,0.566006020552774
82.5,1.3282052426328004,-37.82469085576147,0.05450168769608478,0.5609766841076783
82.75,1.3418555982463036,-37.685075363616306,0.05470068521666452,0.5559472342920051
83.0,1.3555553492428336,-37.546717247929514,0.05489685075766262,0.5509176727077535
83.25,1.3693033398274288,-37.40961652560909,0.05508660192672306,0.5458880879657871
83.5,1.383098414209377,-37.27377321282479,0.05527352113397504,0.5408583966857442
83.75,1.396939864396352,-37.13918733601089,0.05545760836446513,0.5358286004696226
84.0,1.410826982392318,-37.00585892120116,0.05563886360346646,0.5307987009194285
84.25,1.424758612523096,-36.873787982877246,0.05581370544893265,0.5257687891876442
84.5,1.4387335991192929,-36.742974534782675,0.055985715324506725,0.5207387793517416
84.75,1.452751234186711,-36.61341860124322,0.05615489321642799,0.5157086730137227
85.0,1.4668108097277408,-36.48512020618415,0.05632123911116232,0.5106784717755972
85.25,1.480911169707476,-36.358079361648166,0.05648116873249269,0.505648269434027
85.5,1.4950511580963441,-36.23229607893951,0.056638266382113764,0.5006179774239355
85.75,1.5092300668998424,-36.10777038027507,0.05679253204745783,0.49558759734732555
86.0,1.5234471881203542,-35.98450228747123,0.05694396571618371,0.4905571308062068
86.25,1.5377013648805788,-35.86249181011789,0.05708897637203944,0.4855266743488095
86.5,1.551991440309107,-35.741738957065905,0.05723115506069656,0.48049613666229973
86.75,1.5663167064127124,-35.62224374842232,0.05737050177078085,0.47546551934867737
87.0,1.5806764551953536,-35.50400620389366,0.057507016491144675,0.4704348240099486
87.25,1.595069528246014,-35.38702633059509,0.057637095922286816,0.4654041501146418
87.5,1.6094947671601414,-35.27130413490157,0.05776434339716603,0.4603734034365644
87.75,1.623951463947393,-35.15683963480854,0.05788875890560261,0.4553425855777097
88.0,1.6384389106149095,-35.04363284791095,0.058010342437643386,0.4503116981400767
88.25,1.6529559464628536,-34.93168377882255,0.05812547235687136,0.445280843712576
88.5,1.667501410798446,-34.82099243141516,0.05823777033731375,0.4402499249589894
88.75,1.6820745956358627,-34.71155882157006,0.05834723636998676,0.4352189434813
89.0,1.696674792987062,-34.60338296476802,0.0584538704461332,0.43018790088149605
89.25,1.7113008388929312,-34.49646486308643,0.05855402481571086,0.42515690312852583
89.5,1.7259515694020324,-34.3908045178583,0.058651347270674,0.42012584952088167
89.75,1.7406262765347345,-34.28640194284704,0.058745837803236875,0.41509474166053273
90.0,1.7553242523094872,-34.18325715141559,0.0588374964058403,0.4100635811494524
90.25,1.7700443282479372,-34.081370143056205,0.058922639121729736,0.40503247769830336
90.5,1.784785335880057,-33.98074091651334,0.05900494995408157,0.40000132688431383
90.75,1.7995465672341342,-33.88136948342746,0.05908442889631099,0.39497013030943506
91.0,1.8143273143368388,-33.78325585503854,0.05916107594205973,0.38993888957562184
91.25,1.8291264027447172,-33.686400028194896,0.059231159347210516,0.3849077185659947
91.5,1.843942658023335,-33.590801998992546,0.059298410907060776,0.3798765087123174
91.75,1.8587753722106901,-33.49646177694225,0.059362830616230426,0.37484526161651904
92.0,1.8736238373434635,-33.4033793711543,0.05942441846956592,0.3698139788805319
92.25,1.8884868710886105,-33.311554775753095,0.05947937952537537,0.36478277914737245
92.5,1.9033632911228542,-33.22098798410475,0.059531508781627815,0.3597515491246108
92.75,1.9182523894957797,-33.13167900358144,0.05958080623415297,0.35472029041414993
93.0,1.9331534582559575,-33.04362784115484,0.059627271879007036,0.3496890046178951
93.25,1.9480653048137286,-32.95683448812173,0.05966702862577622,0.3446578158986334
93.5,1.9629867365900238,-32.87129893501291,0.059703953626686915,0.33962660549057855
93.75,1.977917045648004,-32.78702118705034,0.05973804687878513,0.3345953749956027
94.0,1.9928555240501207,-32.70400124905552,0.05976930837934343,0.3295641260155798
94.25,2.007800966101035,-32.62223910937048,0.059793756080850614,0.32453298915982853
94.5,2.022752166116908,-32.541734755561336,0.05981537209870141,0.31950183927533815
94.75,2.0377084161766037,-32.46248819068505,0.05983415643116655,0.31447067796394546
95.0,2.052669008358584,-32.38449941739812,0.05985010907674331,0.30943950682748805
95.25,2.0676327197142075,-32.30776842090203,0.059859109832937435,0.3044084642926488
95.5,2.082598327307374,-32.23229518560936,0.05986527897698722,0.2993774174671297
95.75,2.097565123234981,-32.15807971239254,0.05986861650839914,0.2943463679527267
96.0,2.1125323995938308,-32.08512200172359,0.05986912242690619,0.2893153173512359
96.25,2.127498911163493,-32.01342203542785,0.0598624982086249,0.28428441363924223
96.5,2.142463412737284,-31.942979794524966,0.05985304246004223,0.27925351447533314
96.75,2.1574251964327185,-31.873795277677697,0.05984075518191461,0.2742226214612579
97.0,2.172383554367528,-31.80586848314837,0.05982563637522503,0.2691917361987654
97.25,2.1873372124368053,-31.73919938907038,0.0598031562727128,0.26416101854459895
97.5,2.2022848965508204,-31.673787972749615,0.05977784473344395,0.2591303144079
97.75,2.2172258988506326,-31.6096342306065,0.05974970175944337,0.2540996253903646
98.0,2.232159511477835,-31.54673815866103,0.059718727352962506,0.2490689530936876
98.25,2.2470844222775117,-31.485099730910612,0.0596800871559195,0.2440384725526641
98.5,2.261999319111663,-31.424718920496453,0.05963861562930004,0.23900801467057392
98.75,2.2769034941483066,-31.36559572155361,0.05959431277642184,0.23397758104905209
99.0,2.2917962395563145,-31.307730127816743,0.05954717860082909,0.22894717328973163
99.25,2.3066761926298174,-31.251122108527277,0.059491974119137654,0.2239169862306967
99.5,2.3215419906820456,-31.195771632032304,0.0594339384313911,0.21888683120069988
99.75,2.3363929259120613,-31.141678690124373,0.05937307154223226,0.21385670980130592
100.0,2.351228290520116,-31.088843274195632,0.05930937345653044,0.2088266236340769
100.25,2.3660466535788918,-31.037265347835675,0.05923705916947479,0.203796794063425
100.5,2.380846584182997,-30.986944873688277,0.059161913820147655,0.19876700620050222
100.75,2.3956273745676104,-30.937881841126327,0.05908393741456062,0.19373726164679161
101.0,2.410388316969442,-30.89007623912233,0.059003129958951746,0.18870756200377273
101.25,2.425127886446667,-30.843528024272157,0.058912954042848444,0.1836781652994618
101.5,2.439844558083172,-30.798237152154957,0.05881994723441211,0.1786488204068577
101.75,2.454537624156799,-30.754203609617637,0.05872410954108323,0.17361952892734697
102.0,2.4692063769472785,-30.711427383106745,0.05862544097052877,0.16859029246231183
102.25,2.4838491589641167,-30.66990842015875,0.05851634338224959,0.1635614214074125
102.5,2.4984643127478083,-30.629646667193427,0.05840441510683008,0.15853261286783657
102.75,2.5130511306276833,-30.590642108381783,0.05828965615322443,0.15350386844485397
103.0,2.527608904935337,-30.55289472749451,0.058172066530613284,0.14847518973972962
103.25,2.542135784049049,-30.516404459597524,0.05804249463960511,0.14344696565225817
103.5,2.556629916385839,-30.481171238493612,0.05791009231698828,0.13841881566200956
103.75,2.5710905943391245,-30.447195045458326,0.05777485957335491,0.13339074137010878
104.0,2.5855171103049996,-30.414475861366938,0.05763679641952354,0.12836274437767475
104.25,2.5999073156960653,-30.383013602859524,0.05748437502475682,0.1233353380519871
104.5,2.6142590619757695,-30.35280818508905,0.05732912353068382,0.11830801874901167
104.75,2.628571641620834,-30.323859586099715,0.05717104194972457,0.11328078806968497
105.0,2.6428443471111125,-30.29616778353549,0.05701013029452551,0.1082536476149364
105.25,2.6570745454031908,-30.26973266413763,0.05683098443438287,0.10322732445789737
105.5,2.6712596035250433,-30.244554112794862,0.05664900893512769,0.098201103441025
105.75,2.6853988140687073,-30.22063210377205,0.056464203811317906,0.09317498616499487
106.0,2.6994914696298875,-30.197966610933907,0.056276569077737815,0.08814897423047421
106.25,2.71353407056388,-30.176557465930195,0.05606376690305216,0.08312420586231213
106.5,2.7275231173365517,-30.156404497904514,0.05584813579002622,0.07809955867293461
106.75,2.7414579027154686,-30.137507676362134,0.055629675755910345,0.07307503426262003
107.0,2.755337719472539,-30.119866970408253,0.055408386818181214,0.06805063423163697
107.25,2.769157275375993,-30.10348208870103,0.05514758912568357,0.06302844401431897
107.5,2.78291127839437,-30.08835273604037,0.05488396374106073,0.05800640212569741
107.75,2.7965990216072703,-30.07447887514416,0.05461751068540256,0.05298451016534464
108.0,2.8102197980995944,-30.06186046833038,0.05434822998002516,0.04796276973282099
108.25,2.823763515483455,-30.050496839677667,0.05400103830155617,0.04294629222231466
108.5,2.8372200818568816,-30.04038730578593,0.05365102190119766,0.037930011911302394
108.75,2.850588791042896,-30.031531817155564,0.05329818080695073,0.03291393039767437
109.0,2.863868936871551,-30.023930323887488,0.052942515047042456,0.027898049279304834
109.25,2.87702799584974,-30.017579552159294,0.052329488436479644,0.022908182342706262
109.5,2.8900334469208433,-30.012476203751653,0.05171365179854908,0.0179186629798353
109.75,2.9028845875841722,-30.008620191572433,0.05109500518251733,0.012929492780263667
110.0,2.915580715351384,-30.006011428132116,0.05047354863787575,0.007940673333535125
110.25,2.9278157884741116,-30.004522768862824,0.04740666383960386,0.003968889968412594
110.5,2.9392838610292404,-30.004026838521437,0.044337544137991985,-1.1578789789728344e-06
110.75,2.9499843743216227,-30.00452320307049,0.04126618977856788,-0.003969468944461456
111.0,2.9599167697175153,-30.00601142815651,0.038192601007038064,-0.007936041963995678
111.25,2.9688400288518157,-30.008017822795708,0.03319345665639206,-0.008114643827492515
111.5,2.9765134903568895,-30.01006851440703,0.028194220039880487,-0.008290417732266414
111.75,2.982937131216262,-30.01216279599428,0.023194891557439305,-0.00846336362623723
112.0,2.9881109285134437,-30.01429996054826,0.018195471609011818,-0.008633481457551061
112.25,2.992036721923647,-30.01651168338169,0.013210836104236593,-0.009059831255666123
112.5,2.994716326797992,-30.018829641193403,0.008225963388610008,-0.009483361261474019
112.75,2.996149683883614,-30.02125312901856,0.0032408538609189214,-0.00990407134090132
113.0,2.9963367340273472,-30.023781441858837,-0.0017444920800308654,-0.010321961360100189
113.25,2.995620803056221,-30.02634007275288,-0.003982939296268338,-0.010146874750198149
113.5,2.994345272583032,-30.028854773715235,-0.006221288066682564,-0.009970521915864087
113.75,2.9925101672416208,-30.031325228196753,-0.008459538212206972,-0.009792902912837813
114.0,2.9901155117105915,-30.033751119662245,-0.010697689553782877,-0.009614017796960429
114.25,2.9871852737763143,-30.03613303937971,-0.012744198090920818,-0.009441146996809363
114.5,2.9837434205867135,-30.038471596689906,-0.014790611569078503,-0.009267118547779597
114.75,2.979789975927,-30.040766502187342,-0.016836929824544072,-0.009091932503690713
115.0,2.975324963623309,-30.043017466479988,-0.018883152693613278,-0.008915588918454906
115.25,2.9703711596580873,-30.04522512676156,-0.020747263786343638,-0.008745517584707069
115.5,2.9649513393572593,-30.047390137399784,-0.022611283353609984,-0.008574391780274944
115.75,2.959065525620831,-30.04951223478346,-0.024475211246291866,-0.008402211556975141
116.0,2.9527137413860887,-30.051591155314355,-0.026339047315276153,-0.008228976966708617
116.25,2.945917599490074,-30.05362757568756,-0.028030073218900338,-0.008062226588093224
116.5,2.9386987120992476,-30.05562218889504,-0.02972101125122406,-0.007894519649166242
116.75,2.9310571011983435,-30.05757475580293,-0.031411861276973284,-0.007725856199673261
117.0,2.9229927888059146,-30.05948503728981,-0.03310262316088101,-0.007556236289436394
117.25,2.9145262544531563,-30.061353743504377,-0.03462963765121722,-0.00739326945930692
117.5,2.9056779769903796,-30.063181600037563,-0.03615656802066849,-0.007229438846327605
117.75,2.896447977463075,-30.064968390949605,-0.03768341414708129,-0.00706474449811878
118.0,2.886836276947271,-30.06671390031266,-0.03921017590830884,-0.006899186462369878
118.25,2.8768622525025043,-30.0684188660516,-0.04058200627613323,-0.0067404101122386165
118.5,2.866545280500622,-30.070084040702206,-0.041953756346944364,-0.006580857763247239
118.75,2.855885381029595,-30.07170923027044,-0.04332542601100305,-0.006420529460849465
119.0,2.8448825742048283,-30.07329424077364,-0.044697015158576534,-0.006259425250561093
119.25,2.833555166267208,-30.074839832594776,-0.04592223561373247,-0.006105193804081916
119.5,2.821921462766374,-30.076346779920247,-0.04714737964795419,-0.00595026929243
119.75,2.8099814828198104,-30.077814909489163,-0.04837244716323089,-0.005794651758863115
120.0,2.797735245569504,-30.07924404805146,-0.0495974380615579,-0.005638341246694474
120.25,2.7852000187462904,-30.080634973484628,-0.05068436444600155,-0.005488959742637933
120.5,2.772393069389201,-30.081988476686476,-0.05177121831807174,-0.005338963402953669
120.75,2.7593144156371983,-30.083304403953225,-0.052857999590820805,-0.0051883522686853156
121.0,2.7459640756509796,-30.084582601591364,-0.05394470817730689,-0.005037126380925689
121.25,2.7323583114631904,-30.085823860348313,-0.05490139389978259,-0.004892853477785181
121.5,2.7185133844168887,-30.087028983233445,-0.05585801103265297,-0.004748039412878866
121.75,2.704429311669042,-30.088197834961175,-0.056814559499389225,-0.004602684225028387
122.0,2.690106110395749,-30.08933028025562,-0.05777103922346806,-0.004456787953098673
122.25,2.6755590701061718,-30.090427118442058,-0.05860527232046788,-0.004317838886455514
122.5,2.660803479624639,-30.091489160374394,-0.0594394407479843,-0.004178417926346791
122.75,2.6458393551268644,-30.09251628808383,-0.060273544439284336,-0.004038525109373828
123.0,2.6306667128052426,-30.09350838361073,-0.061107583327640186,-0.0038981604721756973
123.25,2.6152999030519113,-30.0944662508862,-0.061826884575888086,-0.0037647099154725777
123.5,2.5997532755812567,-30.09539070466184,-0.06254612505663801,-0.003630852479231242
123.75,2.584026845592346,-30.096281643222053,-0.06326530471235114,-0.0034965881978431244
124.0,2.5681206282986295,-30.097138964859866,-0.06398442348549355,-0.0033619171057322076
124.25,2.552048068493015,-30.097963474449326,-0.0645960454805303,-0.0032341019458709923
124.5,2.5358226102998502,-30.098755987002114,-0.06520761057774123,-0.0031059408177356467
124.75,2.5194442679497078,-30.099516416030188,-0.06581911872820148,-0.0029774337535261597
125.0,2.50291305568539,-30.100244675053556,-0.06643056988299076,-0.002848580785470196
125.25,2.4862415462186838,-30.10094156652402,-0.06694149700850159,-0.00272650280773744
125.5,2.469442311603921,-30.10160790237343,-0.06745237106063001,-0.0026041358220580063
125.75,2.452515365114556,-30.102243610353554,-0.06796319199850637,-0.002481479858466183
126.0,2.4354607200342606,-30.102848618223675,-0.0684739597812653,-0.002358534947019376
126.25,2.4182901104102243,-30.103423722934174,-0.06889090899616286,-0.002242263426782673
126.5,2.401015269645003,-30.103969730283122,-0.0693078089051858,-0.002125756059271161
126.75,2.383636210069234,-30.10448658131219,-0.0697246594749824,-0.002009012872385785
127.0,2.366152944021893,-30.104974217070026,-0.07014146067220482,-0.0018920338940463545
127.25,2.3485764001072695,-30.105433426200708,-0.07047088304600102,-0.0017816080932650227
127.5,2.3309175062993797,-30.105865005588672,-0.07080025981394368,-0.0016709959566373511
127.75,2.313176274002981,-30.10626890865319,-0.07112959094968284,-0.0015601975099692636
128.0,2.2953527146294177,-30.10664508881997,-0.07145887642687221,-0.0014492127790815886
128.25,2.2774569842819643,-30.106994323884305,-0.07170695935728315,-0.0013446443462009293
128.5,2.2594992384493406,-30.10731739929936,-0.07195500030492612,-0.001239935588816412
128.75,2.2414794876297197,-30.107614279986986,-0.07220299924995799,-0.0011350865306826012
129.0,2.223397742326233,-30.107884930874956,-0.07245095617253897,-0.001030097195565285
129.25,2.2052634187260454,-30.108130116617815,-0.07262362622261102,-0.0009313724678589754
129.5,2.1870859324186793,-30.108350608970078,-0.07279625782766594,-0.0008325500744575025
129.75,2.168865293017115,-30.108546383518046,-0.0729688509738933,-0.0007336300371124783
130.0,2.1506015101377853,-30.10871741585345,-0.07314140564748577,-0.0006346123775833256
130.25,2.1323032922099197,-30.108864455436823,-0.07324433194279498,-0.0005416945854676077
130.5,2.1139793470830552,-30.10898825829503,-0.07334722323810076,-0.0004487185795618145
130.75,2.0956296835082227,-30.109088809877104,-0.0734500795251719,-0.00035568437966719286
131.0,2.077254310238509,-30.109166095637015,-0.07355290079577992,-0.0002625920055896448
131.25,2.058861259613928,-30.109220848014953,-0.07359149892542934,-0.0001754233788498276
131.5,2.040458563413644,-30.109253805507663,-0.07363006540089409,-8.823292674459857e-05
131.75,2.0220462295515875,-30.10926496266104,-0.07366860021908891,-1.0206671810750019e-06
132.0,2.0036242659424626,-30.10925431402546,-0.07370710337693104,8.62133819318813e-05
132.25,1.985200059960245,-30.109222573409664,-0.07368653974514959,0.00016770960568723807
132.5,1.9667809984376483,-30.10917046019266,-0.07366594770024262,0.0002491941889024642
132.75,1.948367088477747,-30.1090979772866,-0.07364532724385749,0.00033066711550519415
133.0,1.9299583371832054,-30.109005127607634,-0.0736246783776438,0.0004121283694239949
133.25,1.9115615174899765,-30.108892604925,-0.07354987495409669,0.0004880460391137448
133.5,1.8931834018129532,-30.108761108114923,-0.07347504624899798,0.0005639213866030479
133.75,1.874823996471775,-30.108610647759736,-0.07340019226833391,0.0006397543975922449
134.0,1.8564833077845848,-30.108441234445355,-0.07332531301809277,0.0007155450577850637
134.25,1.838167524137371,-30.108253540688068,-0.07320095244822578,0.0007859932757437923
134.5,1.8198828334157544,-30.108048243670403,-0.07307656961497302,0.000856371138704153
134.75,1.8016292411843378,-30.10782536098268,-0.07295216452828507,0.0009266786340749341
135.0,1.783406753005236,-30.107584910218378,-0.07282773719811425,0.000996915749270553
135.25,1.7652210019254986,-30.107327541606306,-0.0726582682116855,0.001062017169669963
135.5,1.7470776205128782,-30.107053909622813,-0.07248877986343917,0.0011270227188123715
135.75,1.7289766136061342,-30.10676403823708,-0.07231927216693425,0.0011919323857489564
136.0,1.710917986040636,-30.106457951421028,-0.07214974513573123,0.0012567461595385657
136.25,1.692906844024544,-30.10613627625267,-0.07193938822837993,0.001316635354778271
136.5,1.6749482933080575,-30.105799643660315,-0.07172901474169194,0.0013764055499326888
136.75,1.6570423380339072,-30.10544808339516,-0.07151862469249701,0.001436056735627925
137.0,1.6391889823406156,-30.105081625210737,-0.07130821809762622,0.0014955889024996056
137.25,1.6213928333582428,-30.10470087233062,-0.0710609714400777,0.001550410827897685
137.5,1.603658497780392,-30.104306431452397,-0.0708137108647463,0.0016050928860465196
137.75,1.5859859790840365,-30.10389833754386,-0.07056643639141273,0.0016596350690786462
138.0,1.5683752807412041,-30.103476625574775,-0.07031914803985881,0.001714037369137792
138.25,1.550830537801859,-30.103041874359985,-0.07003879357663445,0.0017639459172087927
138.5,1.533355884901086,-30.102594665832427,-0.06975842773501913,0.0018136958702150115
138.75,1.5159513248806797,-30.10213503964167,-0.06947805053744191,0.0018632872217262263
139.0,1.4986168605768264,-30.101663035438893,-0.06919766200633283,0.0019127199653249027
139.25,1.4813561811751046,-30.101179207215193,-0.06888777171173657,0.0019578766076563097
139.5,1.4641729754677777,-30.10068411174359,-0.06857787245530561,0.002002857947678976
139.75,1.4470672456922054,-30.100177792850296,-0.06826796426183168,0.002047663980330353
140.0,1.4300389940795495,-30.09966029436279,-0.06795804715610727,0.002092294700561917
140.25,1.4130914893689306,-30.09913214516288,-0.06762198941522574,0.0021328672150090085
140.5,1.3962279999276257,-30.0985938765973,-0.06728592500607539,0.002173249625307908
140.75,1.3794485274193415,-30.098045536192554,-0.06694985395554118,0.002213441927694091
141.0,1.3627530735010633,-30.097487171476093,-0.06661377629050859,0.0022534441184182416
141.25,1.3461445110737393,-30.096919286054906,-0.06625472237612676,0.0022896053992687133
141.5,1.3296257126877806,-30.096342385702467,-0.06589566396437503,0.002325563568032997
141.75,1.3131966794639391,-30.09575652119711,-0.06553660108397787,0.0023613186221751307
142.0,1.2968574125157852,-30.095161743317806,-0.0651775337636601,0.0023968705591754
142.25,1.2806104126967988,-30.094558530342116,-0.06479846437764285,0.0024287975074785352
142.5,1.2644581805309951,-30.093947362433564,-0.06441939254325008,0.0024605100218563656
142.75,1.248400716626678,-30.093328293200802,-0.06404031829080732,0.0024920081009324638
143.0,1.2324380215845685,-30.092701376252823,-0.0636612416506403,0.0025232917433475567
143.25,1.2165722471779854,-30.09206706458519,-0.063264953512697,0.002551164235455752
143.5,1.2008055448715638,-30.09142581281624,-0.06286866485463148,0.0025788125538230952
143.75,1.1851379147913716,-30.090777676989447,-0.062472375708146614,0.002606236698164329
144.0,1.1695693570555505,-30.090122713148354,-0.06207608610494531,0.0026334366682121296
144.25,1.1541016964993713,-30.08946134914759,-0.06166519855657138,0.0026574365992100184
144.5,1.1387367576698553,-30.088794014218074,-0.06125431229711598,0.0026812040983356105
144.75,1.1234745402406645,-30.088120766467686,-0.06084342735944978,0.002704739166327323
145.0,1.1083150438772424,-30.08744166400411,-0.06043254377644332,0.0027280418039421664
145.25,1.0932597877940522,-30.086757109767632,-0.0600095053830262,0.0027483522035942295
145.5,1.0783102909373457,-30.08606750784439,-0.059586469970214634,0.002768423298321982
145.75,1.063466552557741,-30.085372918060404,-0.0591634375718512,0.002788255089821075
146.0,1.0487285718973958,-30.08467340024127,-0.05874040822177824,0.002807847579806303
146.25,1.034097583045256,-30.083969332717214,-0.058307503351972004,0.0028246517981785355
146.5,1.019574819841652,-30.083261094749336,-0.05787460303926072,0.0028412111307711298
146.75,1.0051602811429818,-30.082548747558764,-0.05744170731827617,0.0028575255801717536
147.0,0.9908539657969844,-30.081832352365968,-0.05700881622364975,0.002873595148987665
147.25,0.9766568424456035,-30.081112263265698,-0.05656817158792838,0.0028870761089584886
147.5,0.9625698795012864,-30.080388835083458,-0.05612753297301562,0.002900307805307112
147.75,0.9485930754544243,-30.07966213013473,-0.0556869004141623,0.0029132902414493772
148.0,0.9347264287865962,-30.078932210734134,-0.055246273946618754,0.0029260234208210657
148.25,0.9209706615616736,-30.078199407178733,-0.05479986507885286,0.002936362934712636
148.5,0.907326495632636,-30.077464050310443,-0.05435346358549105,0.002946449924634878
148.75,0.8937939291514183,-30.07672620325973,-0.05390706950224518,0.00295628439476947
149.0,0.8803729602610277,-30.075985929156023,-0.05346068286482651,0.0029658663493182923
149.25,0.8670640825159396,-30.07524353499296,-0.05301034052966722,0.0029732444966279214
149.5,0.8538677892777985,-30.074499328136767,-0.05256000681525433,0.0029803678952238038
149.75,0.8407840783869147,-30.073753372274002,-0.05210968175761425,0.002987236549992742
150.0,0.8278129476745916,-30.07300573109001,-0.051659365392772716,0.0029938504658419186
150.25,0.8149546794647637,-30.072256688819337,-0.05120678190997967,0.0029984450297251544
150.5,0.8022095559060284,-30.071506529909833,-0.05075420819006743,0.0030027835774378295
150.75,0.7895775745531395,-30.070755318364842,-0.05030164426924162,0.003006866114512883
151.0,0.7770587329518,-30.070003118186335,-0.0498490901837071,0.0030106926465037352
151.25,0.7646531186970028,-30.069250191438048,-0.04939582565231629,0.003012678605762646
151.5,0.7523608192253078,-30.068496800250212,-0.048942571924933086,0.003014408163887631
151.75,0.7401818318311807,-30.06774300872235,-0.04848932903781752,0.0030158813270005926
152.0,0.728116153800022,-30.066988880952447,-0.04803609702722875,0.0030170981012439457
152.25,0.7161636937358177,-30.066234657459997,-0.047583585441300806,0.0030166471753031035
152.5,0.7043243601004172,-30.06548057869604,-0.047131085602830865,0.00301594027442388
152.75,0.6925981499524311,-30.064726708653478,-0.04667859754801864,0.0030149774052618543
153.0,0.68098506034142,-30.063973111323545,-0.04622612131306291,0.0030137585744930842
153.25,0.6694848358694961,-30.063220006340888,-0.04577567655877161,0.0030110388185951493
153.5,0.6580972210123118,-30.062467613148044,-0.04532524440115195,0.0030080642571712296
153.75,0.6468222126161949,-30.0617159954455,-0.04487482487623825,0.003004834897357244
154.0,0.6356598075184646,-30.060965216931965,-0.0444244180200638,0.0030013507463094963
154.25,0.6246096005756122,-30.060215477044366,-0.043977239745636644,0.0029965261942510573
154.5,0.6136711865327151,-30.05946697491463,-0.04353007482638494,0.002991448684674379
154.75,0.6028445620465076,-30.058719773781192,-0.043082923298081624,0.0029861182251443795
155.0,0.5921297237647811,-30.05797393688059,-0.04263578519649854,0.002980534823246213
155.25,0.5815261303385982,-30.057229644162128,-0.04219296454777408,0.0029737651750493914
155.5,0.571033240322014,-30.056487075167418,-0.04175015792561342,0.002966745034560448
155.75,0.5606510502039592,-30.055746292518542,-0.04130736536544083,0.0029594744097239957
156.0,0.5503795564645093,-30.05500735883559,-0.04086458690267944,0.0029519533085046856
156.25,0.5402180943911729,-30.05427043530882,-0.04042711211684281,0.0029433936603049313
156.5,0.5301659991882146,-30.05353568262778,-0.03998965194548634,0.0029345865440448655
156.75,0.52022326719764,-30.052803162658446,-0.039552206423606594,0.0029255319680015542
157.0,0.5103898947527054,-30.052072937264736,-0.03911477558619895,0.002916229940471861
157.25,0.5006651059390481,-30.0513451496207,-0.03868353744061798,0.002906030554427776
157.5,0.49104812477217985,-30.05061994231585,-0.03825231441763683,0.0028955872284305278
157.75,0.4815389474671383,-30.049897376334105,-0.03782110655175311,0.002884899971044477
158.0,0.4721375702303372,-30.04917751265723,-0.037389913877463175,0.002873968790853498
158.25,0.46284311744606976,-30.048460477196333,-0.03696571098628464,0.0028622749022437803
158.5,0.45365471344097713,-30.047746395202783,-0.036541523649720194,0.0028503410535292333
158.75,0.44457235432216397,-30.047035326665505,-0.03611735190170455,0.0028381672535184414
159.0,0.4355960361882514,-30.046327331571224,-0.03569319577617121,0.002825753511039185
159.25,0.42672479458083834,-30.04562251932808,-0.03527673973272614,0.002812705170407459
159.5,0.4179576649957037,-30.0449209986175,-0.03486029960349648,0.002799421252035242
159.75,0.4092946434501293,-30.04422282833279,-0.03444387542179719,0.0027859017649343623
160.0,0.40073572595306817,-30.043528067365006,-0.03402746722094197,0.002772146718135495
160.25,0.39227986943991056,-30.042836809382734,-0.03361938758244599,0.002757878666070155
160.5,0.38392603081142157,-30.04214914726858,-0.03321132414903404,0.0027433797747392426
160.75,0.3756742060122495,-30.041465138731212,-0.032803276953350974,0.002728650053318938
161.0,0.36752439097888173,-30.040784841477,-0.03239524602804031,0.0027136895110038855
161.25,0.3594754736747937,-30.04010833419868,-0.03199609514048211,0.0026983310833515184
161.5,0.35152634203940103,-30.039435694751017,-0.03159696068379934,0.0026827468673430114
161.75,0.34367699196099355,-30.03876697957993,-0.031197842689922522,0.0026669368722820677
162.0,0.3359274193198786,-30.038102245129018,-0.030798741190780868,0.002650901107490452
162.25,0.3282764521598949,-30.037441555876338,-0.030408998852358596,0.0026345761688012287
162.5,0.32072291851076523,-30.036784975416786,-0.030019273109145296,0.0026180307640617565
162.75,0.31326681421979,-30.036132558865695,-0.029629563992318798,0.002601264902668487
163.0,0.3059081351264755,-30.035484361336053,-0.029239871533055597,0.002584278594035508
163.25,0.29864565784556657,-30.034840433847243,-0.028859949495293257,0.002567105497163417
163.5,0.29147815898702417,-30.034200826496704,-0.028480044159188506,0.002549717489451569
163.75,0.2844056343716349,-30.033565593010962,-0.02810015555513354,0.0025321145803564107
164.0,0.27742807981258744,-30.03293478711418,-0.027720283713519228,0.002514296779351579
164.25,0.2705442284446661,-30.032308447115536,-0.027350530019676123,0.0024963883491935447
164.5,0.26375281340660445,-30.031686610369476,-0.026980793079571474,0.002478270760273139
164.75,0.25705383050627056,-30.031069329164502,-0.026611072922784015,0.0024599440220760393
165.0,0.25044727554413787,-30.030456655786747,-0.026241369578891144,0.002441408144104654
165.25,0.24393184560305933,-30.02984861657395,-0.02588207273982635,0.002422871683542423
165.5,0.2375062377779827,-30.029245236881927,-0.025522792655666118,0.0024041319794865885
165.75,0.23117044787658905,-30.02864656752037,-0.025163529355152647,0.0023851890414232513
166.0,0.2249244716993741,-30.028052659296588,-0.024804282867026788,0.0023660428788547694
166.25,0.21876697720440477,-30.027463527303993,-0.024455675875160354,0.002346980195043284
166.5,0.21269663236941588,-30.026879185632104,-0.024107085591831137,0.0023277203147934475
166.75,0.20671343301378722,-30.02629968357885,-0.023758512044926152,0.0023082632475648892
167.0,0.20081737494992702,-30.025725070439783,-0.023409955262331077,0.0022886090028330116
167.25,0.19500710345746253,-30.02515535077768,-0.02307221944479006,0.002269116452059291
167.5,0.18928126384270375,-30.024590528134322,-0.02273450024518838,0.002249432854463694
167.75,0.18363985194778865,-30.024030650270234,-0.022396797690543375,0.002229558219454354
168.0,0.17808286360810105,-30.02347576494359,-0.02205911180787104,0.002209492556454687
168.25,0.17260892741027323,-30.022925866885252,-0.021732380520294994,0.0021896611058692147
168.5,0.1672166719740928,-30.022380949792474,-0.021405665719048592,0.0021696448335038034
168.75,0.1619060931747101,-30.021841059869537,-0.021078967430268825,0.0021494437486918876
169.0,0.15667718688074156,-30.02130624331839,-0.02075228568009136,0.0021290578607816874
169.25,0.15152857053003288,-30.020776485720308,-0.02043664784294708,0.0021089731653845785
169.5,0.1464588615995316,-30.02025177161457,-0.02012102632264034,0.0020887099235395792
169.75,0.14146805600687212,-30.01973214563664,-0.019805421144420684,0.002068268144483994
170.0,0.13655614966337665,-30.019217652419663,-0.019489832333536333,0.002047647837469411
170.25,0.13172175398046884,-30.018708269060117,-0.019185335813112856,0.002027390330810614
170.5,0.126963480414112,-30.01820397160793,-0.018880855405188125,0.002006960580103281
170.75,0.12228132493313669,-30.017704803122978,-0.01857639113412039,0.001986358594468873
171.0,0.11767528350028397,-30.017210806662845,-0.018271943024266612,0.0019655843830426304
171.25,0.11314396622015835,-30.01672195148535,-0.0179785978608247,0.0019452293801742195
171.5,0.10868598324685066,-30.01623820580076,-0.01768526857363435,0.0019247084413272098
171.75,0.10430133060836472,-30.01575961109194,-0.01739195518616174,0.0019040215754891692
172.0,0.09999000432683793,-30.015286208839516,-0.017098657721871763,0.0018831687916609397
172.25,0.0957506175356379,-30.014817961089225,-0.01681643920766947,0.0018627866029544084
172.5,0.09158178342209206,-30.01435482884153,-0.016534236304401075,0.0018422447723542353
172.75,0.08748349808064489,-30.0138968520058,-0.016252049034642634,0.001821543308697651
173.0,0.08345575760009702,-30.013444070489196,-0.015969877420968965,0.0018006822208346564
173.25,0.07949718211251,-30.01299643973167,-0.015698729031133157,0.0017803382753521057
173.5,0.07560639180792374,-30.012553914133168,-0.015427595960578041,0.0017598409500782432
173.75,0.07178338285380673,-30.012116532037552,-0.015156478230994098,0.0017391902536850654
174.0,0.06802815141220499,-30.011684331786523,-0.014885375864070589,0.0017183861948568387
174.25,0.06433932823612615,-30.011257262799614,-0.014625212043479486,0.0016981411720378712
174.5,0.06071554414013841,-30.010835273464345,-0.0143650632268105,0.0016777489831261104
174.75,0.057156795370659756,-30.010418400571183,-0.01410492943487538,0.0016572096366149116
175.0,0.053663078168905365,-30.010006680908464,-0.013844810688484673,0.001636523141009402
175.25,0.050233037200956704,-30.009600058439233,-0.013595519498006452,0.0016164331095074628
175.5,0.046865317197620306,-30.009198476105016,-0.01334624297491037,0.0015962020622831573
175.75,0.04355991448955785,-30.008801969158707,-0.013096981139138396,0.0015758300076392192
176.0,0.0403168254024457,-30.00841057285112,-0.012847734010631332,0.0015553169538896634
176.25,0.03713471149455875,-30.008024226230944,-0.012609179636220292,0.0015354335164620187
176.5,0.03401223439166243,-30.007642867338067,-0.012370639573886887,0.0015154151368493855
176.75,0.03094939051335192,-30.00726652990702,-0.012132113842714181,0.001495261823153265
177.0,0.02794617627445179,-30.006895247670318,-0.011893602461784093,0.001474973583485953
177.25,0.025001272808203138,-30.00652895528232,-0.011665627590071679,0.001455344026910322
177.5,0.022113361317722787,-30.006167586403336,-0.011437666658677228,0.0014355855126928756
177.75,0.019282438315651632,-30.00581117327179,-0.011209719685837482,0.0014156980487245775
178.0,0.01650850031007152,-30.005459748124135,-0.010981786689788064,0.0013956816429067072
178.25,0.013790250411816208,-30.005113241718178,-0.010764214753854823,0.0013763490919587425
178.5,0.011126391803618699,-30.004771583834238,-0.010546656372226496,0.0013568934680271414
178.75,0.008516921094727174,-30.004434805239605,-0.010329111562307623,0.0013373147787842708
179.0,0.005961834890038812,-30.00410293669965,-0.010111580341501659,0.0013176130319123428
179.25,0.0034598604161688437,-30.00377590555106,-0.009904217640764561,0.0012986166065160677
179.5,0.0010097249733121076,-30.003453638171212,-0.009696868096160527,0.0012795028832177048
179.75,-0.0013885747296381644,-30.003136163883653,-0.009489531724277397,0.001260271869464151
180.0,-0.0037350419879355686,-30.002823512010064,-0.009282208541701958,0.0012409235727116863
180.25,-0.006030923570196203,-30.00251560691912,-0.009084846239699159,0.0012222985474188148
180.5,-0.008277466170101028,-30.002212372039764,-0.008887496685486863,0.0012035618811672224
180.75,-0.010474672976571169,-30.001913835281343,-0.008690159894852919,0.001184713581172587
181.0,-0.012622547182474587,-30.001620024551386,-0.008492835883584147,0.0011657536546595176
181.25,-0.014722307897137495,-30.0013308616814,-0.008305251887661897,0.0011475316196876998
181.5,-0.016775174153902193,-30.00104626758401,-0.008117680222899482,0.0011292034750640715
181.75,-0.01878114903743436,-30.000766268785753,-0.007930120904302528,0.0011107692277684085
182.0,-0.020740235636150968,-30.000490891811427,-0.007742573946875665,0.0010922288847889747
182.25,-0.022653623965793526,-30.000220056364135,-0.007564534673747841,0.0010744379079013562
182.5,-0.024522503965359852,-29.999953681250012,-0.00738650730863954,0.0010565462205328257
182.75,-0.0263468786136351,-29.999691791645844,-0.007208491865792846,0.001038553829423579
183.0,-0.028126750892964836,-29.999434412726718,-0.007030488359448888,0.0010204607413218693
183.25,-0.029863280497697823,-29.999181462454228,-0.006861750390631016,0.0010031255298869643
183.5,-0.031557627044950805,-29.99893285791586,-0.006693023901858589,0.0009856948694428986
183.75,-0.03320979340642241,-29.998688622973052,-0.006524308906629625,0.0009681687664875606
184.0,-0.034819782457185665,-29.99844878148562,-0.006355605418441225,0.0009505472275264738
184.25,-0.03638872253563631,-29.998213250038972,-0.0061959170495682085,0.0009336892901509277
184.5,-0.037917741902704166,-29.997981944368036,-0.006036239729507932,0.0009167410228520878
184.75,-0.03940684332218918,-29.997754887054512,-0.005876573471034486,0.0008997024318836963
185.0,-0.04085602956108474,-29.997532100678537,-0.005716918286921077,0.0008825735235067211
185.25,-0.042266396747782035,-29.997313500793428,-0.005566020974950943,0.0008662113306847766
185.5,-0.04363904093321004,-29.997099002126284,-0.005415134278778642,0.0008497637807714117
185.75,-0.044973964772827085,-29.996888626015632,-0.005264258210475017,0.0008332308797752205
186.0,-0.046271170925109115,-29.996682393798487,-0.005113392782110065,0.0008166126337116248
186.25,-0.04753172262265842,-29.996480220319306,-0.00497102249439875,0.0008007617769843263
186.5,-0.04875668302084022,-29.996282019621127,-0.004828662389068087,0.0007848303866385014
186.75,-0.04994605466667326,-29.996087811836638,-0.0046863124775068,0.0007688184684373746
187.0,-0.0510998401100234,-29.995897617097082,-0.004543972771102798,0.0007527260281506122
187.25,-0.05221906915843945,-29.995711349840885,-0.004409861240306029,0.0007373993773143728
187.5,-0.05330477154266368,-29.995528923730248,-0.004275759459356301,0.0007219968645783866
187.75,-0.05435694970149887,-29.995350357729958,-0.0041416674389816764,0.0007065184954610137
188.0,-0.05537560607642972,-29.995175670803423,-0.004007585189909438,0.000690964275486683
188.25,-0.056361736665948216,-29.99500477726593,-0.003881461078629633,0.0006761721334357478
188.5,-0.05731633739236047,-29.994837590682014,-0.0037553462867410993,0.00066130864771339
188.75,-0.05823941058677546,-29.99467412888694,-0.003629240824332947,0.0006463738235942874
189.0,-0.05913095858282434,-29.994514409714643,-0.0035031447014935374,0.0006313676663588251
189.25,-0.05999194332042433,-29.99435834762073,-0.003384734680536756,0.0006171179211877615
189.5,-0.060823326664102624,-29.99420585633572,-0.0032663335516986934,0.0006028011959567311
189.75,-0.06162511083807291,-29.994056952604005,-0.0031479413244513694,0.0005884174956985363
190.0,-0.06239729806891682,-29.993911653168706,-0.0030295580082660913,0.0005739668254513375
190.25,-0.06314081611264913,-29.993769872870296,-0.002918587752360666,0.0005602650994889622
190.5,-0.06385659265085121,-29.99363152584993,-0.0028076259655038568,0.0005465006018980312
190.75,-0.06454462980189485,-29.993496627799917,-0.002696672656572542,0.0005326733374718549
191.0,-0.06520492968637095,-29.993365194411364,-0.0025857278344429205,0.0005187833110087651
191.25,-0.06583838586541593,-29.99323714113583,-0.0024819229390777367,0.0005056331064776356
191.5,-0.06644589182683625,-29.993112382751324,-0.002378126094829479,0.0004924241835247571
191.75,-0.06702744958444908,-29.992990933936888,-0.0022743373100018323,0.00047915654670686083
192.0,-0.06758306115414747,-29.99287280937041,-0.002170556592897839,0.0004658302005853751
192.25,-0.0681135859962053,-29.992757925323,-0.0020736434161151003,0.00045323304164590075
192.5,-0.06861988349880332,-29.992646197417923,-0.001976737878511605,0.00044058106269848535
192.75,-0.06910195557270543,-29.99253763935963,-0.0018798399878397396,0.0004278742680666779
193.0,-0.06955980413061351,-29.9924322648515,-0.0017829497518512772,0.0004151126620784128
193.25,-0.06999425472201862,-29.9923299911755,-0.001692656184456538,0.00040306823301565725
193.5,-0.07040613282567629,-29.992230734991285,-0.0016023698510755939,0.0003909727284330487
193.75,-0.07079544025099284,-29.992134509067235,-0.0015120907589312978,0.0003788261524247911
194.0,-0.0711621788091802,-29.992041326170686,-0.0014218189152459236,0.0003666285090891741
194.25,-0.07150714041661531,-29.99195110476921,-0.0013378750830626963,0.0003551347884611565
194.5,-0.07183111692040527,-29.99186376273343,-0.0012539380872039151,0.00034359358414016544
194.75,-0.07213411003047056,-29.99177931193379,-0.0011700079343844897,0.00033200489999529503
195.0,-0.07241612145841034,-29.991697764239763,-0.0010860846313187826,0.0003203687398994377
195.25,-0.07267790984469555,-29.99161903946337,-0.0010082235329011808,0.00030942213048053713
195.5,-0.07292023376208957,-29.99154305684477,-0.000930368881227334,0.00029843147815956906
195.75,-0.0731430948230569,-29.99146982739423,-0.000852520682525568,0.00028739678658511056
196.0,-0.07334649464161903,-29.99139936212111,-0.0007746789430236921,0.00027631805940926197
196.25,-0.0735311590114599,-29.99133158232544,-0.0007026370261955293,0.00026591351379545605
196.5,-0.07369781366020316,-29.991266408760143,-0.0006306011752033979,0.0002554682169858688
196.75,-0.07384646010502817,-29.99120385161259,-0.0005585713958101227,0.00024498217241347253
197.0,-0.07397709986455499,-29.99114392106929,-0.0004865476937780435,0.00023445538351449938
197.25,-0.07409042637948941,-29.991086540047192,-0.00042006537427075974,0.0002245865252828852
197.5,-0.07418713302619877,-29.99103163094051,-0.0003535887488638767,0.00021468006072187653
197.75,-0.07426722122887291,-29.99097920315042,-0.0002871178228754848,0.0002047359930540352
198.0,-0.07433069241303121,-29.990929266077302,-0.00022065260162321877,0.0001947543255049313
198.25,-0.07437820821807636,-29.990881744369897,-0.0001594747269924564,0.00018541356584468366
198.5,-0.07441043022085861,-29.990836562178195,-9.830218433555376e-05,0.00017603820038866166
198.75,-0.07442735975498313,-29.990793728153267,-3.713497854627793e-05,0.0001666282321544582
199.0,-0.07442899815527851,-29.99075325094543,2.4026885482030957e-05,0.0001571836641624343
199.25,-0.07441597586294647,-29.99071505703675,8.015062357604855e-05,0.0001483623139171343
199.5,-0.07438892325847668,-29.99067907243404,0.00013626938183575389,0.00013950921681724952
199.75,-0.07434784158738891,-29.990645305073674,0.00019238315577167962,0.00013062437568105896
200.0,-0.07429273209632525,-29.9906137628913,0.00024849194089475717,0.00012170779332938124
200.25,-0.07422419467674933,-29.99058437429109,0.0002998066430541162,0.00011339617041205569
200.5,-0.07414282916129851,-29.99055706722498,0.0003511167072098959,0.00010505552093492575
200.75,-0.07404863670998676,-29.990531848949285,0.0004024221292573215,9.668584752279371e-05
201.0,-0.07394161848385425,-29.990508726719664,0.00045372290509198995,8.82871528027838e-05
201.25,-0.07382234451274476,-29.990487630939047,0.0005004681463037976,8.047468496462873e-05
201.5,-0.07369138476959822,-29.990468491580664,0.0005472090807652327,7.26357753408648e-05
201.75,-0.07354874033156962,-29.990451315254653,0.000593945704737048,6.477042636880653e-05
202.0,-0.07339441227674874,-29.990436108570552,0.0006406780144803414,5.687864048788355e-05
202.25,-0.07322894149577601,-29.990422803995262,0.0006830875692020688,4.955396343967523e-05
202.5,-0.07305286882433883,-29.99041133358794,0.0007254931376305707,4.220529714079347e-05
202.75,-0.07286619525943454,-29.99040170334561,0.0007678947163734267,3.483264384717741e-05
203.0,-0.07266892179890859,-29.990393919264747,0.0008102923020385358,2.743600581668514e-05
203.25,-0.07246156094589169,-29.99038791593054,0.000848593909551487,2.0587056718750168e-05
203.5,-0.07224462515053313,-29.990383627541846,0.0008868918402610657,1.3716442079864017e-05
203.75,-0.07201811533241677,-29.99038105951479,0.0009251860911034601,6.824163980799639e-06
204.0,-0.07178203241189232,-29.99038021726497,0.000963476659015153,-8.97754959369507e-08
204.25,-0.07153686128085432,-29.99038103753997,0.0009978918264503625,-6.475669144341703e-06
204.5,-0.07128308678020112,-29.990383456721805,0.0010323036154779967,-1.2881029923729135e-05
204.75,-0.07102070975487872,-29.99038747967703,0.0010667120233451332,-1.9305855922211754e-05
205.0,-0.07074973105052133,-29.990393111271707,0.0011011170472991192,-2.5750145226344868e-05
205.25,-0.07047060874425494,-29.990400290450197,0.0011318608878385515,-3.168618125323367e-05
205.5,-0.07018380086420131,-29.99040895581153,0.001162601637187099,-3.7639607683915954e-05
205.75,-0.06988930818346557,-29.99041911170309,0.0011933392928855202,-4.3610422769061e-05
206.0,-0.06958713147576764,-29.99043076247182,0.0012240738524748206,-4.9598624757946984e-05
206.25,-0.06927770281603993,-29.990443849284215,0.0012513549563288448,-5.5098446482994666e-05
206.5,-0.06896145423220316,-29.99045831298103,0.00127863324498353,-6.061369987747663e-05
206.75,-0.06863838642832998,-29.99047415741999,0.001305908716256629,-6.61443833482643e-05
207.0,-0.06830850010903851,-29.99049138645841,0.001333181367966121,-7.169049530099472e-05
207.25,-0.06797220217195034,-29.990509943501756,0.0013572017038255679,-7.676811612916331e-05
207.5,-0.0676298994696626,-29.99052977164874,0.0013812194892424245,-8.185932413955103e-05
207.75,-0.0672815926400261,-29.99055087429597,0.0014052347222952828,-8.696411788887156e-05
208.0,-0.06692728232137203,-29.990573254839706,0.001429247401062938,-9.208249593275171e-05
208.25,-0.06656735106767706,-29.990596858933284,0.0014502022458204034,-9.675222829812328e-05
208.5,-0.06620218138986986,-29.990621631941625,0.0014711547936814126,-0.00010143381382021094
208.75,-0.06583177386238406,-29.990647576827854,0.0014921050429697739,-0.00010612725119922458
209.0,-0.06545612906007235,-29.990674696554773,0.0015130529920094797,-0.0001108325391344259
209.25,-0.06507560603245409,-29.990702939025077,0.001531130886639689,-0.00011510892770603468
209.5,-0.06469056378796133,-29.99073225187077,0.0015492067267644984,-0.00011939554206018796
209.75,-0.06430100284040115,-29.990762637648157,0.001567280510937851,-0.00012369238103427727
210.0,-0.06390692370394217,-29.990794098913245,0.0015853522377138546,-0.0001279994434648762
210.25,-0.06350866276534566,-29.990826585812705,0.00160073496729667,-0.0001318972025183206
210.5,-0.06310655637222592,-29.990860048239607,0.0016161158736945618,-0.00013580366280979608
210.75,-0.06270060498053301,-29.99089448836913,0.0016314949556770662,-0.0001397188233076093
211.0,-0.06229080904652456,-29.99092990837619,0.0016468722120138663,-0.00014364268297937095
211.25,-0.061877483135644416,-29.990966260639706,0.001659734807975714,-0.00014717663783083443
211.5,-0.061460941776105366,-29.991003497301417,0.001672595801113677,-0.0001507178683850761
211.75,-0.061041185368741986,-29.991041620180134,0.0016854551903988833,-0.00015426637373511416
212.0,-0.06061821431464606,-29.991080631094444,0.0016983129748025896,-0.00015782215297338492
212.25,-0.06019232219658487,-29.991120484637868,0.0017088237375425925,-0.0001610071853667199
212.5,-0.05976380256198201,-29.99116113518258,0.0017193331069958668,-0.000164198163129249
212.75,-0.05933265575926423,-29.991202584214818,0.0017298410823216692,-0.00016739508547257534
213.0,-0.05889888213706851,-29.991244833220634,0.001740347662679368,-0.0001705979516078265
213.25,-0.05846275512900248,-29.991287838985144,0.0017486682028350984,-0.00017344894894001848
213.5,-0.05802454813518561,-29.99133155808731,0.0017569875485751922,-0.00017630465272524745
213.75,-0.057584261454304994,-29.991375991703656,0.0017653056992341064,-0.00017916506228766413
214.0,-0.05714189538521411,-29.991421141010544,0.0017736226541463938,-0.0001820301769510428
214.25,-0.05669770403863695,-29.991466964956743,0.001779907950840662,-0.00018456198521678632
214.5,-0.05625194149362983,-29.99151342229942,0.0017861922415023403,-0.00018709734868554954
214.75,-0.055804608001763734,-29.991560513927308,0.0017924755256286896,-0.00018963626678809444
215.0,-0.05535570381473532,-29.99160824072899,0.0017987578027170506,-0.0001921787389548986
215.25,-0.054905464537499046,-29.991656563784435,0.0018031562772122766,-0.00019440611928790987
215.5,-0.0544541257451243,-29.99170544399596,0.0018075539237661592,-0.00019663598753044676
215.75,-0.0540016876446404,-29.99175488198549,0.0018119507420268888,-0.00019886834321405713
216.0,-0.053548150443164605,-29.99180487837482,0.0018163467316427231,-0.00020110318587008986
216.25,-0.05309373204609905,-29.991855396338597,0.0018190003349111603,-0.0002030407745551671
216.5,-0.05263865033070314,-29.991906398887167,0.0018216532782502745,-0.00020497986415272376
216.75,-0.05218290546198572,-29.991957886395713,0.0018243055614478323,-0.00020692045428938877
217.0,-0.05172649760500871,-29.99200985923932,0.0018269571842916522,-0.00020886254459167108
217.25,-0.0512696277593833,-29.992062282647144,0.0018280014970904538,-0.00021052481641977672
217.5,-0.05081249689827762,-29.992115121696756,0.0018290453081198303,-0.00021218767885630322
217.75,-0.050355105147144474,-29.992168376535773,0.0018300886172962776,-0.0002138511316173844
218.0,-0.049897452631457534,-29.99222204731174,0.0018311314245363316,-0.00021551517441910682
218.25,-0.04943972422494958,-29.99227610126483,0.001830695768654192,-0.00021691640925589325
218.5,-0.048982104776565595,-29.992330505495822,0.0018302597595503097,-0.00021831739754950345
218.75,-0.04852459437460667,-29.992385259943045,0.001829823397259565,-0.00021971813910013564
219.0,-0.04806719310736515,-29.992440364544795,0.001829386681816867,-0.00022111863370800777
219.25,-0.047610070487523165,-29.9924957885059,0.0018275942412345671,-0.0002222728861453948
219.5,-0.04715339600458414,-29.992551500903364,0.0018258015866170684,-0.0002234261245684853
219.75,-0.04669716971203895,-29.992607501483672,0.001824008718107782,-0.00022457834885624371
220.0,-0.04624139166334262,-29.992663789993273,0.001822215635850136,-0.00022572955888771555
220.25,-0.04578621675878107,-29.992720337552726,0.001819183586630522,-0.00022665063084733596
220.5,-0.04533179987702311,-29.992777115165765,0.0018161514534618067,-0.00022756998760351107
220.75,-0.04487814103902571,-29.99283412240359,0.0018131192365865593,-0.00022848762910882085
221.0,-0.044425240265685166,-29.99289135883738,0.001810086936247355,-0.00022940355531598253
221.25,-0.043973238576422845,-29.99294879745226,0.0018059265840410692,-0.00023010497147361243
221.5,-0.04352227697055586,-29.993006411127002,0.0018017662691401726,-0.00023080403419990144
221.75,-0.04307235543871625,-29.99306419927325,0.0017976059918774884,-0.0002315007435160467
222.0,-0.042623473971452865,-29.99312216130265,0.0017934457525858364,-0.0002321950994434337
222.25,-0.042175760420911965,-29.99318027201183,0.001788262676707486,-0.00023269008534384245
222.5,-0.041729342620598804,-29.99323850610099,0.0017830797508330044,-0.00023318213930705305
222.75,-0.04128422053296059,-29.99329686283716,0.0017778969753770228,-0.0002336712614180375
223.0,-0.040840394120340864,-29.99335534148738,0.00177271435075416,-0.00023415745176200224
223.25,-0.040397978762560884,-29.99341391860512,0.001766608553849543,-0.00023445891449460414
223.5,-0.03995708982221381,-29.993472570656806,0.001760503011372304,-0.00023475692335163986
223.75,-0.03951772723563175,-29.993531296778986,0.0017543977238108827,-0.00023505147847717288
224.0,-0.03907989093902469,-29.993590096108246,0.001748292691653699,-0.000235342580015543
224.25,-0.038643684515616526,-29.99364894689888,0.0017413587540421882,-0.00023546309132237866
224.5,-0.03820921153276516,-29.993707827327047,0.0017344251672918513,-0.00023557968031553037
224.75,-0.037776471902685946,-29.99376673641219,0.0017274919319573711,-0.0002356923471936314
225.0,-0.037345465537455595,-29.993825673173813,0.0017205590485934025,-0.00023580109215562864
225.25,-0.03691628487972939,-29.99388461750999,0.0017128862864306815,-0.00023575287384508488
225.5,-0.036489022357607453,-29.993943549249057,0.0017052139638615326,-0.00023570031530522156
225.75,-0.03606367786111467,-29.994002467305986,0.0016975420814997367,-0.00023564341678488306
226.0,-0.035640251280122485,-29.994061370595812,0.0016898706399590395,-0.00023558217853326092
226.25,-0.035218824552670065,-29.994120240602527,0.0016815432664240109,-0.0002353770900745306
226.5,-0.03479947960350092,-29.99417905874831,0.0016732164138038466,-0.0002351672911067404
226.75,-0.034382216302303065,-29.994237823855563,0.00166489008276469,-0.0002349527819247517
227.0,-0.033967034518597984,-29.994296534746777,0.001656564273972643,-0.0002347335628238025
227.25,-0.033554006301399916,-29.994355174433423,0.0016476615627386048,-0.00023438309099962722
227.5,-0.03314320368763566,-29.994413725872615,0.0016387594466208788,-0.00023402758322843358
227.75,-0.032734626528437116,-29.994472187805403,0.0016298579263316296,-0.00023366703984707042
228.0,-0.03232827467475814,-29.994530558972933,0.0016209570025829732,-0.00023330146119278936
228.25,-0.03192421088161842,-29.994588823855363,0.001611553452887033,-0.00023281671169015695
228.5,-0.0315224978931072,-29.994646966885504,0.0016021505656802983,-0.00023232664294359285
228.75,-0.031123135543508155,-29.99470498673359,0.0015927483417149948,-0.0002318312553280689
229.0,-0.030726123666916905,-29.99476288206996,0.0015833467817432945,-0.0002313305492189825
229.25,-0.030331516298707607,-29.994820638784518,0.0015735122844195513,-0.00023072224004043847
229.5,-0.029939367464430135,-29.994878242726397,0.0015636785104197986,-0.00023010836785527998
229.75,-0.02954967698315515,-29.994935692504896,0.0015538454605307326,-0.00022948893307290184
230.0,-0.029162444673756657,-29.994992986729418,0.0015440131355389914,-0.0002288639361031439
230.25,-0.028777716405583454,-29.995050112640723,0.0015338131394302089,-0.0002281423926840275
230.5,-0.028395538039215767,-29.995107057444947,0.0015236139212308922,-0.00022741507951716563
230.75,-0.02801590938007423,-29.995163819699705,0.0015134154817569728,-0.0002266819970428395
231.0,-0.027638830233375513,-29.99522039796273,0.0015032178218243196,-0.0002259431457017918
231.25,-0.027264338835353886,-29.99527678076694,0.0014927135000340425,-0.00022511829762192665
231.5,-0.026892473414480825,-29.99533295661638,0.0014822100047758055,-0.00022428750765610342
231.75,-0.02652323376401829,-29.995388924025644,0.0014717073368898817,-0.0002234507762721152
232.0,-0.026156619677018177,-29.995444681509433,0.0014612054972164784,-0.00022260810393823032
232.25,-0.025792662268882764,-29.995500218834522,0.0014504539127076592,-0.00022168948311958225
232.5,-0.0254313926482081,-29.99555552574418,0.001439703197673889,-0.00022076478055472402
232.75,-0.025072810597517904,-29.99561060071803,0.0014289533529752193,-0.00021983399673574646
233.0,-0.024716915899120905,-29.995665442235822,0.001418204379471631,-0.00021889713215522683
233.25,-0.024363733039378877,-29.995720041240393,0.0014072586495613275,-0.00021789387244055728
233.5,-0.0240132864987554,-29.99577438865608,0.0013963138266691612,-0.00021688442116547902
233.75,-0.02366557605038649,-29.995828482935057,0.0013853699116707112,-0.00021586877884332471
234.0,-0.02332060146718928,-29.995882322529624,0.0013744269054414844,-0.00021484694598792234
234.25,-0.022978381077973852,-29.995935899501575,0.0013633363647808088,-0.00021376778399877927
234.5,-0.02263893320651249,-29.995989205898834,0.0013522467635568196,-0.00021268234854136922
234.75,-0.022302257617835126,-29.996042240153102,0.0013411581026566784,-0.00021159064014736678
235.0,-0.02196835407674991,-29.99609500069621,0.0013300703829674718,-0.00021049265934894838
235.25,-0.021637235205936134,-29.996147480652567,0.0013188807446350528,-0.00020934593652482394
235.5,-0.021308913623848943,-29.996199673137014,0.0013076920733039433,-0.00020819288418232791
235.75,-0.02098338908862613,-29.996251576567243,0.00129650436986923,-0.00020703350286873002
236.0,-0.02066066135818171,-29.99630318936108,0.0012853176352259229,-0.00020586779313180626
236.25,-0.020340737780693792,-29.996354505650118,0.0012740711495986977,-0.00020466145885583898
236.5,-0.02002362570088425,-29.996405519560366,0.001262825653948858,-0.00020344876291043167
236.75,-0.01970932487114628,-29.99645622950148,0.0012515811491760366,-0.00020222970585585248
237.0,-0.01939783504364818,-29.99650663388325,0.0012403376361797877,-0.00020100428825287845
237.25,-0.019089158704219303,-29.99655672779003,0.0012290732472802588,-0.00019974590397314163
237.5,-0.018783298335955996,-29.996606506304254,0.0012178098670053822,-0.00019848114790165628
237.75,-0.018480253686589468,-29.996655967833046,0.0012065474962562218,-0.00019721002060923943
238.0,-0.01818002450362566,-29.996705110783672,0.00119528613593376,-0.00019593252266721778
238.25,-0.017882608803568116,-29.99675393113991,0.001184039634984474,-0.00019462926692618066
238.5,-0.017588004600867027,-29.996802424886994,0.0011727941572320284,-0.00019331964951643186
238.75,-0.01729621163961073,-29.996850590434576,0.0011615497035760546,-0.00019200367101703133
239.0,-0.01700722966366267,-29.996898426192455,0.0011503062749161025,-0.00019068133200754773
239.25,-0.01672105259447135,-29.99694592899169,0.0011391104508633894,-0.00018934000629601522
239.5,-0.016437674352069196,-29.996993095667857,0.0011279156607520312,-0.00018799234758588575
239.75,-0.016157094677858922,-29.997039924637782,0.0011167219054776048,-0.00018663835646229592
240.0,-0.015879313313019356,-29.99708641431844,0.0011055291859356038,-0.0001852780335108891
240.25,-0.015604320439866074,-29.99713256233723,0.0010944139727330562,-0.00018390506886627
240.5,-0.015332106239894578,-29.997178366328928,0.0010832998006295076,-0.00018252581682529255
240.75,-0.015062670452718977,-29.99722382472175,0.0010721866705140852,-0.00018114027797714065
241.0,-0.014796012817731106,-29.997268935944067,0.0010610745832758328,-0.00017974845291150103
241.25,-0.014532120116113129,-29.997313698370053,0.0010500672037452444,-0.00017834991718402665
241.5,-0.014270979128783176,-29.997358110383793,0.0010390608691183913,-0.0001769451550609808
241.75,-0.014012589594405251,-29.997402170428764,0.0010280555802757736,-0.00017553416713369713
242.0,-0.01375695125142324,-29.99744587694859,0.001017051338097808,-0.0001741169539940074
242.25,-0.013504047800408578,-29.99748922901596,0.001006176444210758,-0.00017269855970797825
242.5,-0.013253862942185989,-29.997532225715823,0.0009953025959061968,-0.00017127401397148972
242.75,-0.013006396415251113,-29.99757486551038,0.000984429794054026,-0.00016984331737625644
243.0,-0.012761647957882125,-29.99761714686199,0.0009735580395240632,-0.00016840647051448505
243.25,-0.012519598493547864,-29.997659069495047,0.0009628378489710812,-0.00016697358325526096
243.5,-0.012280228946450339,-29.997700633148288,0.0009521187017730835,-0.0001655346320580447
243.75,-0.012043539055643614,-29.9977418363058,0.0009414005987875956,-0.00016408961751328732
244.0,-0.011809528559967381,-29.997782677451813,0.0009306835408720592,-0.000162638540211925
244.25,-0.011578175892757545,-29.997823156917054,0.0009201379698086016,-0.00016119618747297072
244.5,-0.011349459488526946,-29.997863275048456,0.0009095934371787586,-0.00015974786957396675
244.75,-0.011123379087561733,-29.997903030354795,0.0008990499438260865,-0.00015829358710257621
245.0,-0.010899934429937181,-29.99794242134501,0.0008885074905940585,-0.0001568333406469395
245.25,-0.010679101729774793,-29.99798144891224,0.0008781542824732708,-0.00015538622107455572
245.5,-0.010460857202781938,-29.998020113967517,0.0008678021053758282,-0.00015393324515653638
245.75,-0.010245200591099256,-29.998058415046835,0.0008574509601298986,-0.00015247441347634845
246.0,-0.010032131636660358,-29.99809635068632,0.0008471008475635677,-0.00015100972661792733
246.25,-0.009821624589735845,-29.998133922299157,0.0008369556979851824,-0.0001495622195948861
246.5,-0.009613653702557632,-29.998171131317896,0.0008268115697284409,-0.00014810897391871446
246.75,-0.009408218719693861,-29.998207976307942,0.0008166684636048672,-0.00014664999016738658
247.0,-0.009205319385509813,-29.99824445583485,0.0008065263804259038,-0.0001451852689193357
247.25,-0.009004928226736368,-29.998280571790964,0.0007966030579485686,-0.0001437414444318677
247.5,-0.00880701777240899,-29.9983163260893,0.0007866807449896745,-0.00014229200677182423
247.75,-0.008611587770048845,-29.99835171732663,0.0007767594423430011,-0.00014083695651049755
248.0,-0.008418637966978662,-29.998386744099882,0.0007668391508022463,-0.00013937629421962891
248.25,-0.008228139392155663,-29.99842140874122,0.000757149613683192,-0.00013793992295548188
248.5,-0.00804006307715406,-29.998455713604613,0.0007474610723602536,-0.0001364980707633582
248.75,-0.007854408772927939,-29.9984896573199,0.0007377735276085085,-0.0001350507382067824
249.0,-0.007671176230237624,-29.998523238517063,0.0007280869802029546,-0.0001335979258497174
249.25,-0.007490335191997373,-29.998556459930292,0.0007186414890443455,-0.00013217248947832062
249.5,-0.007311855404021328,-29.99858932431656,0.0007091969782152378,-0.00013074171022730435
249.75,-0.007135736621132667,-29.998621830340213,0.0006997534484711868,-0.00012930558865143833
250.0,-0.0069619785979656915,-29.998653976665736,0.0006903109005676691,-0.00012786412530591971
250.25,-0.006790549989597638,-29.9986857663931,0.0006811181268631281,-0.00012645282689467176
250.5,-0.006621419454260301,-29.99871720264586,0.0006719263164445059,-0.0001250363285570348
250.75,-0.006454586751040281,-29.9987482841241,0.0006627354700471423,-0.00012361463083813157
251.0,-0.0062900516388403535,-29.998779009528047,0.0006535455884062991,-0.0001221877342835008
251.25,-0.006127781870091714,-29.99880938228871,0.0006446127189941489,-0.00012079350880728928
251.5,-0.0059677452006078446,-29.998839405861375,0.0006356807944072263,-0.00011939423042299299
251.75,-0.005809941394093119,-29.99886907898289,0.0006267498153600801,-0.00011798989966528595
252.0,-0.005654370214073284,-29.99889840039022,0.0006178197825671833,-0.00011658051706924635
252.25,-0.005500998683016968,-29.998927373812244,0.0006091526200088847,-0.00011520604197326074
252.5,-0.005349793826977183,-29.998956003002657,0.0006004863825504801,-0.00011382666426954931
252.75,-0.005200755414592295,-29.998984286735872,0.0005918210708852637,-0.00011244238448162172
253.0,-0.005053883214327351,-29.999012223786433,0.0005831566857064549,-0.00011105320313337982
253.25,-0.004909143679368242,-29.9990398181494,0.0005747597446196253,-0.00010970090891202015
253.5,-0.004766503266662949,-29.99906707384508,0.0005663637077878755,-0.00010834386493682084
253.75,-0.004625961750063741,-29.9990939896861,0.0005579685758828836,-0.00010698207171949391
254.0,-0.004487518903254976,-29.999120564485214,0.0005495743495762551,-0.00010561552977213127
254.25,-0.004351140759314911,-29.999146802473483,0.0005414509489615738,-0.00010428761052969658
254.5,-0.004216793355238462,-29.999172707907558,0.0005333284307756361,-0.00010295509626453418
254.75,-0.0040844764703372154,-29.999198279638737,0.0005252067956682387,-0.0001016179874760031
255.0,-0.003954189883760321,-29.999223516518455,0.0005170860442891076,-0.0001002762846638299
255.25,-0.0038258993466417156,-29.9992484229851,0.000509238395899391,-9.897470862525578e-05
255.5,-0.003699570614164647,-29.99927300350285,0.0005013916072614323,-9.7668693545977e-05
255.75,-0.003575203471312709,-29.999297256962,0.0004935456790029697,-9.635823991251832e-05
256.0,-0.003452797702912566,-29.99932118225297,0.00048570061175167285,-9.504334821175964e-05
256.25,-0.0033323189057912783,-29.99934478399424,0.0004781299045594999,-9.376986815415077e-05
256.5,-0.003213732680937146,-29.999368066830186,0.00047056003371536467,-9.249210571023667e-05
256.75,-0.003097038819187461,-29.999391029690273,0.0004629909998248524,-9.121006135329678e-05
257.0,-0.002982237111228125,-29.99941367150408,0.00045542280349348125,-8.992373555695307e-05
257.25,-0.0028692931171688755,-29.99943599704437,0.0004481292843210081,-8.86798991352946e-05
257.5,-0.002758172401373064,-29.999458011109844,0.00044083657748321766,-8.743193712118112e-05
257.75,-0.002648874760684092,-29.999479712669167,0.00043354468356352225,-8.617984997430181e-05
258.0,-0.0025413999917995155,-29.99950110069111,0.000426253603145269,-8.49236381546759e-05
258.25,-0.002435713726122679,-29.999522180078337,0.00041923665352633653,-8.371079809725869e-05
258.5,-0.002331781599384503,-29.9995429557594,0.0004122204917295305,-8.249398889123945e-05
258.75,-0.0022296034145592955,-29.99956342674206,0.0004052051183161396,-8.127321098243482e-05
259.0,-0.0021291789744810464,-29.999583592034202,0.0003981905338473896,-8.004846481697887e-05
259.25,-0.002030474080738834,-29.999603456645378,0.0003914487431977474,-7.886778896840712e-05
259.5,-0.0019334545393059814,-29.999623025610898,0.00038470771546240154,-7.768329961703058e-05
259.75,-0.0018381201593865024,-29.999642297977434,0.00037796745118063034,-7.649499719456968e-05
260.0,-0.0017444707500496005,-29.999661272791776,0.0003712279508916509,-7.53028821330499e-05
260.25,-0.001652472373293169,-29.999679955148693,0.0003647591860681415,-7.415536332492411e-05
260.5,-0.001562091095539798,-29.999698350168515,0.0003582911589534144,-7.300418545302302e-05
260.75,-0.0014733267322976102,-29.99971645693653,0.00035182387006490795,-7.184934893480256e-05
261.0,-0.0013861790989453775,-29.999734274538127,0.0003453573199200015,-7.06908541880113e-05
261.25,-0.001300614599882995,-29.99975180813294,0.00033915879125390647,-6.957731991929731e-05
261.5,-0.00121659964396034,-29.999769062905905,0.0003329609748848207,-6.84602794477101e-05
261.75,-0.0011341340530411819,-29.999786037980517,0.00032676387130856576,-6.733973317632441e-05
262.0,-0.0010532176488653408,-29.99980273248038,0.0003205674810209063,-6.621568150849551e-05
262.25,-0.0009738172524260774,-29.9998191516109,0.00031463580491439405,-6.513680341960144e-05
262.5,-0.0008958996891777755,-29.999835300602484,0.0003087048155722996,-6.405457007465714e-05
262.75,-0.0008194647873700199,-29.999851178616368,0.00030277451346909863,-6.296898186228798e-05
263.0,-0.0007445123751337833,-29.999866784813875,0.00029684489907921173,-6.188003917138773e-05
263.25,-0.0006710097568618392,-29.999882124428364,0.00029117615725699267,-6.083634229789725e-05
263.5,-0.0005989242414060662,-29.999897202717815,0.00028550807662542244,-5.978943889866486e-05
263.75,-0.0005282556634121203,-29.999912018880636,0.00027984065763794416,-5.8739329347843344e-05
264.0,-0.0004590038574123038,-29.999926572115342,0.0002741739007479479,-5.768601401984197e-05
264.25,-0.00039113667102464757,-29.99994086766658,0.0002687636962588573,-5.6677885813460885e-05
264.5,-0.000324621956312064,-29.999954910803226,0.0002633541274194981,-5.5666697324373536e-05
264.75,-0.00025945955430802393,-29.99996870076025,0.00025794519466263257,-5.465244891227878e-05
265.0,-0.00019564930593781387,-29.999982236772716,0.0002525368984209721,-5.363514093712028e-05
265.25,-0.00013315965528281942,-29.999995524081108,0.0002473804084863211,-5.26628400432131e-05
265.5,-7.195905084379706e-05,-30.000008567949674,0.00024222452876194396,-5.168762238149849e-05
265.75,-1.2047340016618893e-05,-30.000021367649268,0.000237069259660308,-5.0709488297278905e-05
266.0,4.6575629905953705e-05,-30.00003392245082,0.00023191460159383172,-4.972843813609008e-05
266.25,0.00010394077134823891,-30.000046237576296,0.00022700662740100807,-4.8792102918632705e-05
266.5,0.00016007899235109604,-30.000058318270934,0.00022209923814384225,-4.785299150743173e-05
266.75,0.00021499043919751402,-30.00007016384073,0.0002171924342149224,-4.691110423348654e-05
267.0,0.000268675258268623,-30.00008177359176,0.00021228621600679,-4.596644142801859e-05
267.25,0.0003211636773025799,-30.000093152714193,0.00020762122954780585,-4.5066098234387454e-05
267.5,0.00037248591969954534,-30.000104306420983,0.00020295680297305387,-4.416311629403769e-05
267.75,0.0004226421254772222,-30.000115234052476,0.0001982929366556854,-4.325749592379202e-05
268.0,0.0004716324347465956,-30.000125934949104,0.0001936296309688069,-4.2349237440684245e-05
268.25,0.0005194863548513078,-30.000136414257042,0.00018920181902429178,-4.14848085999917e-05
268.5,0.0005662333888512008,-30.000146677144688,0.0001847745421892856,-4.061787517124247e-05
268.75,0.000611873670567925,-30.00015672298594,0.00018034780081796785,-3.9748437457239276e-05
269.0,0.0006564073339116704,-30.000166551154756,0.00017592159526447527,-3.887649576098515e-05
269.25,0.0006998631352637255,-30.000176166742097,0.00017172490063404905,-3.804780731104973e-05
269.5,0.000742269826783725,-30.000185574860588,0.00016752871666398162,-3.7216745005354375e-05
269.75,0.0007836275361787207,-30.0001947749168,0.00016333304368996524,-3.6383309132866095e-05
270.0,0.000823936391239683,-30.000203766317377,0.00015913788204765123,-3.5547499982741776e-05
270.25,0.0008632243716278033,-30.00021255408782,0.0001551660421277009,-3.475428912199881e-05
270.5,0.0009015194528519674,-30.00022114327471,0.00015119468878895643,-3.395883159524685e-05
270.75,0.0009388217565971911,-30.000229533316418,0.00014722382234912376,-3.3161127677826634e-05
271.0,0.0009751314046279112,-30.000237723651374,0.00014325344312586983,-3.236117764525861e-05
271.25,0.001010475578619709,-30.000245719230303,0.00013950002593552684,-3.160309990700185e-05
271.5,0.0010448814561716934,-30.0002535250244,0.00013574707165740554,-3.084289905413867e-05
271.75,0.00107834915304945,-30.00026114050292,0.00013199458059174005,-3.0080575348615735e-05
272.0,0.0011108787850936182,-30.00026856513519,0.00012824255303872745,-2.9316129052549505e-05
272.25,0.001142496718915503,-30.00027580378871,0.0001247009907943299,-2.8592765200066278e-05
272.5,0.001173229317131576,-30.00028286135085,0.0001211598682394498,-2.7867398069219713e-05
272.75,0.0012030766896996281,-30.000289737320823,0.00011761918565737486,-2.7140027908814963e-05
273.0,0.001232038946648268,-30.000296431197903,0.00011407894333135758,-2.6410654967817425e-05
273.25,0.0012601416263397195,-30.000302947758794,0.00011074256366890058,-2.572151760986694e-05
273.5,0.0012874102632281633,-30.00030929179944,0.00010740660095177786,-2.5030493035486443e-05
273.75,0.001313844961583293,-30.000315462848064,0.00010407105544686447,-2.4337581480610438e-05
274.0,0.001339445825741517,-30.000321460432954,0.00010073592742100206,-2.3642783181324394e-05
274.25,0.0013642375562443018,-30.000327289233223,9.759798236506303e-05,-2.2987323108362628e-05
274.5,0.0013882448498164013,-30.000332953946597,9.4460432017355e-05,-2.2330088063830386e-05
274.75,0.0014114678051662492,-30.000338454129363,9.132327662888014e-05,-2.1671078271078525e-05
275.0,0.0014339065210650255,-30.00034378933786,8.818651645060902e-05,-2.101029395359989e-05
275.25,0.0014555848540062804,-30.0003489641476,8.524020922700035e-05,-2.038790619602341e-05
275.5,0.0014765266567621316,-30.000353983152078,8.229427500666063e-05,-1.9763851867064638e-05
275.75,0.001496732022612856,-30.000358845934674,7.934871402526287e-05,-1.9138131177791972e-05
276.0,0.0015162010448976453,-30.000363552078824,7.640352651845017e-05,-1.8510744339407107e-05
276.25,0.0015349567329228015,-30.000368106051152,7.364203630642115e-05,-1.7920773949836146e-05
276.5,0.0015530220923718723,-30.000372512335627,7.088089794658586e-05,-1.7329241530803146e-05
276.75,0.0015703972112355183,-30.000376770541763,6.812011165983373e-05,-1.673614728140751e-05
277.0,0.0015870821775596181,-30.00038088027913,6.5359677667026e-05,-1.614149140087358e-05
277.25,0.0016030991531667696,-30.00038484590087,6.277618238523082e-05,-1.5583238963173837e-05
277.5,0.0016184702963583685,-30.000388671776832,6.0193018377048945e-05,-1.502352517895654e-05
277.75,0.0016331956899786498,-30.0003923575417,5.761018584913196e-05,-1.44623502356761e-05
278.0,0.0016472754169235089,-30.000395902830203,5.502768500810494e-05,-1.3899714320903818e-05
278.25,0.0016607307938448156,-30.00039931187807,5.261538222679574e-05,-1.3372441189372633e-05
278.5,0.0016735831339771716,-30.00040258893709,5.0203390728658996e-05,-1.284380354641361e-05
278.75,0.0016858325151654899,-30.00040573366615,4.7791710706652584e-05,-1.2313801568169025e-05
279.0,0.0016974790153029202,-30.00040874572419,4.538034235370948e-05,-1.1782435430890304e-05
279.25,0.0017085431105708523,-30.000411629226196,4.31324684237151e-05,-1.1285368703575608e-05
279.5,0.0017190452738392549,-30.000414388302584,4.088488638744374e-05,-1.0787030474009182e-05
279.75,0.001728985578104035,-30.000417022635492,3.8637596424700626e-05,-1.0287420907361299e-05
280.0,0.001738364096406048,-30.000419531907106,3.6390598715267626e-05,-9.786540168903933e-06
280.25,0.0017472004713325797,-30.000421920108934,3.430044620230101e-05,-9.318877399538538e-06
280.5,0.0017555143422668229,-30.00042419124728,3.2210566804824455e-05,-8.850032342986635e-06
280.75,0.0017633057775085488,-30.000426345026593,3.0120960690027038e-05,-8.380005153792392e-06
281.0,0.0017705748453993237,-30.000428381151355,2.8031628025076022e-05,-7.908795986594547e-06
281.25,0.00177734036378446,-30.000430303487413,2.609256153579303e-05,-7.469709640148034e-06
281.5,0.0017836211474135733,-30.000432115914776,2.4153750002743403e-05,-7.0295264682239005e-06
281.75,0.0017894172600451102,-30.00043381815926,2.2215193581030918e-05,-6.588246615090506e-06
282.0,0.0017947287654762909,-30.000435409946707,2.0276892425738933e-05,-6.145870225103947e-06
282.25,0.0017995736674484444,-30.00043689501562,1.8482362909759193e-05,-5.734511882320258e-06
282.5,0.001803969966716288,-30.00043827711806,1.668807081518418e-05,-5.322138471255816e-06
282.75,0.001807917722653116,-30.00043955600028,1.48940162855562e-05,-4.908750126256554e-06
283.0,0.0018114169946681058,-30.000440731408556,1.3100199464398547e-05,-4.494346981749594e-06
283.25,0.0018144849846427654,-30.000441806952864,1.1443757074216516e-05,-4.1098512985129136e-06
283.5,0.0018171388915814064,-30.000442786256126,9.787535198334514e-06,-3.7244186557986787e-06
283.75,0.0018193787706291664,-30.000443669084124,8.131533969249307e-06,-3.3380491783856286e-06
284.0,0.0018212046769643046,-30.000444455202658,6.475753519440007e-06,-2.9507429911274486e-06
284.25,0.0018226330242890596,-30.000445148092428,4.951059107802926e-06,-2.5922314186854963e-06
284.5,0.0018236802235378903,-30.0004457512465,3.4265689323727046e-06,-2.2328574097971662e-06
284.75,0.0018243463257850933,-30.00044626444927,1.9022831151076503e-06,-1.872621080029971e-06
285.0,0.0018246313821354532,-30.000446687485184,3.782017779497232e-07,-1.511522545020409e-06
285.25,0.0018245510330687123,-30.000447023705345,-1.0209628901135692e-06,-1.1781068175220885e-06
285.5,0.001824120916405942,-30.00044727647264,-2.4199389716297956e-06,-8.438996592344457e-07
285.75,0.0018233410793077696,-30.00044744558923,-3.818726354681701e-06,-5.089011768694016e-07
286.0,0.0018222115689627988,-30.000447530857297,-5.217324927367124e-06,-1.7311147720218264e-07
286.25,0.001820747268710408,-30.000447535498424,-6.497048173120899e-06,1.3610312686912978e-07
286.5,0.001818963059339823,-30.00044746274541,-7.776597855860324e-06,4.460415999574646e-07
286.75,0.001816858984254593,-30.000447312417304,-9.055973873222183e-06,7.567038438521653e-07
287.0,0.0018144350868838559,-30.00044708433318,-1.0335176122857157e-05,1.068089760284674e-06
287.25,0.0018117055104922579,-30.000446781585534,-1.1501408490750984e-05,1.3540013758844065e-06
287.5,0.001808684395901956,-30.000446407277526,-1.2667481696937999e-05,1.6405726646766734e-06
287.75,0.0018053717829150382,-30.000445961244242,-1.3833395648133035e-05,1.9278035365999654e-06
288.0,0.0018017677113569117,-30.0004454433208,-1.4999150251063671e-05,2.215693901540007e-06
288.25,0.0017978856023334506,-30.00044485647138,-1.6057697714140206e-05,2.479201247111964e-06
288.5,0.0017937388746146132,-30.000444203670277,-1.711609979996223e-05,2.7433073542196634e-06
288.75,0.0017893275645552969,-30.00044348476781,-1.8174356423858204e-05,3.008012140601666e-06
289.0,0.0017846517085315665,-30.000442699614318,-1.9232467501168228e-05,3.27331552394864e-06
289.25,0.001779724024132031,-30.00044185104674,-2.0188985667669728e-05,3.515315276534902e-06
289.5,0.0017745572267146438,-30.000440941911595,-2.1145371631229352e-05,3.757856078110847e-06
289.75,0.0017691513493397041,-30.00043997207362,-2.2101625315336787e-05,4.000937853869835e-06
290.0,0.0017635064250866382,-30.000438941397594,-2.305774664349231e-05,4.244560528961947e-06
290.25,0.001757634487277129,-30.00043785259455,-2.3917735899843756e-05,4.465944897239445e-06
290.5,0.0017515475671059518,-30.00043670838461,-2.4777605525370016e-05,4.687815713267153e-06
290.75,0.001745245694489412,-30.000435508646163,-2.5637355451282027e-05,4.910172909352453e-06
291.0,0.0017387288993610105,-30.000434253257627,-2.649698560880031e-05,5.133016417763813e-06
291.25,0.0017320085505257265,-30.000432944805773,-2.7265787136623497e-05,5.334670905583568e-06
291.5,0.001725096014763686,-30.000431585885938,-2.803448101260178e-05,5.5367602611637076e-06
291.75,0.0017179913189955373,-30.00043017638941,-2.8803067175240097e-05,5.739284423589984e-06
292.0,0.0017106944901573017,-30.000428716207498,-2.9571545563052015e-05,5.942243331913366e-06
292.25,0.0017032162526858649,-30.00042720780454,-3.025433817033969e-05,6.1250446851097695e-06
292.5,0.0016955673290934602,-30.000425653652968,-3.093703452169425e-05,6.308232255477168e-06
292.75,0.0016877477434508975,-30.000424053656232,-3.161963456250039e-05,6.4918059885497375e-06
293.0,0.0016797575198426401,-30.0004224077178,-3.23021382381505e-05,6.675765829830761e-06
293.25,0.0016716067587901405,-30.00042071818164,-3.290393594717238e-05,6.840580158864759e-06
293.5,0.0016633055589883971,-30.00041898739935,-3.350564822407828e-05,7.0057348906673695e-06
293.75,0.0016548539418014562,-30.000417215285832,-3.410727502073159e-05,7.171229976897451e-06
294.0,0.001646251928605397,-30.000415401756,-3.4708816289002504e-05,7.337065369186638e-06
294.25,0.0016375090166754545,-30.000413549035724,-3.523446662594004e-05,7.484746440326239e-06
294.5,0.0016286347015564782,-30.000411659358008,-3.5760041794266286e-05,7.632724841838343e-06
294.75,0.0016196290020458763,-30.00040973264853,-3.6285541751935544e-05,7.781000531189425e-06
295.0,0.0016104919369515686,-30.00040776883297,-3.681096645690812e-05,7.929573465822182e-06
295.25,0.0016012324211074058,-30.000405770021498,-3.726514939060284e-05,8.060961153520007e-06
295.5,0.0015918593677106776,-30.000403738330988,-3.771926687137624e-05,8.192605746419642e-06
295.75,0.0015823727931291555,-30.000401673697223,-3.817331886289919e-05,8.324507207485185e-06
296.0,0.0015727727137396928,-30.000399576055983,-3.8627305328847805e-05,8.456665499660186e-06
296.25,0.0015630674828005277,-30.000397447404314,-3.9014532808401785e-05,8.57258439284012e-06
296.5,0.001553265452024819,-30.000395289745537,-3.940170401603498e-05,8.688722318234333e-06
296.75,0.0015433666354844181,-30.000393103024905,-3.978881892077393e-05,8.80507924400198e-06
297.0,0.0015333710472589207,-30.00039088718767,-4.017587749164967e-05,8.921655138284691e-06
297.25,0.001523286499888953,-30.00038864412044,-4.050049353493219e-05,9.022913293395259e-06
297.5,0.0015131208044591165,-30.000386375715724,-4.0825061966274413e-05,9.124355064923709e-06
297.75,0.0015028739728756414,-30.000384081927614,-4.114958275971105e-05,9.225980425929414e-06
298.0,0.00149254601705125,-30.000381762710216,-4.147405588928063e-05,9.327789349457067e-06
298.25,0.0014821442295961697,-30.000379419842538,-4.174023717666137e-05,9.415177183143824e-06
298.5,0.0014716759017511564,-30.00037705510908,-4.2006379005196866e-05,9.502715579987158e-06
298.75,0.0014611410433835828,-30.0003746684722,-4.227248135359593e-05,9.590404517659837e-06
299.0,0.001450539664366144,-30.000372259894274,-4.253854420057052e-05,9.678243973822584e-06
299.25,0.0014398785580374857,-30.000369831049614,-4.275030113042335e-05,9.75253328824006e-06
299.5,0.0014291645164507753,-30.000367383617654,-4.296202626216602e-05,9.82694238102906e-06
299.75,0.001418397547557657,-30.000364917568447,-4.3173719578860644e-05,9.901471234197128e-06
300.0,0.0014075776593140104,-30.00036243287206,-4.338538106357188e-05,9.976119829742233e-06
