time_s,x_m,y_m,vx_mps,vy_mps
0.0,6.988,-70.0,0.02,0.0
0.25,6.992375838158796,-70.00000129652457,0.015006708036877314,-9.901425285781945e-06
0.5,6.995503352874668,-70.0000047153273,0.010013414873179208,-1.6978227852244843e-05
0.75,6.9973825456580565,-70.00000955025394,0.005020120908368425,-2.123040792752391e-05
1.0,6.9980134127354585,-70.00001509514591,2.6826541911870172e-05,-2.2657962746999022e-05
1.25,6.997979646702629,-69.99978925470607,-0.00029678043263556275,0.0018294119747966457
1.5,6.997865110220061,-69.99910037392453,-0.0006193397415882873,0.0036816646759572722
1.75,6.997670064549543,-69.99794840718586,-0.0009408513591507156,0.0055340995459921445
2.0,6.997394770965502,-69.99633330901757,-0.00126131525959422,0.007386715995644184
2.25,6.997039411574072,-69.99425796810164,-0.0015813877950425909,0.009216041499934883
2.5,6.996604163311662,-69.99172527319939,-0.0019004258399219626,0.011045547771981074
2.75,6.996089285304679,-69.98873517919613,-0.0022184293687244616,0.012875234225083349
3.0,6.9954950357604515,-69.98528764111988,-0.002535398356009924,0.014705100275442999
3.25,6.994821599870382,-69.98138550485454,-0.0028519216490418275,0.016512019695222428
3.5,6.994069160498684,-69.977031616375,-0.0031674234317622812,0.018319117879786677
3.75,6.993237973776927,-69.97222593107004,-0.00348190367895837,0.020126394248719294
4.0,6.9923282939859615,-69.96696840445075,-0.003795362365446725,0.021933848225557426
4.25,6.991340312337573,-69.96126184557903,-0.004108323852045487,0.023718652257058
4.5,6.990274216826952,-69.95510906359172,-0.0044202766407615,0.02550363304008498
4.75,6.989130258789974,-69.94851001438069,-0.004731220706659406,0.027288790005266544
5.0,6.987908691436814,-69.94146465395087,-0.00504115602483135,0.029074122580240495
5.25,6.98660970838993,-69.93397575970216,-0.005350545069860713,0.030837060645087254
5.5,6.985233501022834,-69.92604610906615,-0.005658938084913773,0.032600173447088626
5.75,6.9837803215167,-69.91767565845748,-0.005966335045375762,0.034363460418802796
6.0,6.9822504155446925,-69.90886436438551,-0.0062727359266376015,0.03612692099927995
6.25,6.98064398482259,-69.899614977014,-0.00657854353355232,0.03786820680544102
6.5,6.97896122512254,-69.88993024659663,-0.00688336765417126,0.03960966532249281
6.75,6.977202382997435,-69.87981013002941,-0.007187208264099701,0.041351295995881054
7.0,6.975367703148446,-69.86925458431418,-0.007490065339013127,0.04309309826863675
7.25,6.973457389873131,-69.85826633626816,-0.007792283938314118,0.04481291462999917
7.5,6.971471642483616,-69.84684811277245,-0.008093531488075581,0.046532901676886916
7.75,6.969410704737272,-69.83499987124605,-0.008393807964234404,0.048253058860786624
8.0,6.96727481853945,-69.82272156920388,-0.008693113342731262,0.049973385631678566
8.25,6.965064191763024,-69.81001591342508,-0.008991736568650405,0.051671888670455086
8.5,6.962779030111949,-69.79688561080586,-0.00928940109014234,0.05337056036302626
8.75,6.960419571787805,-69.78333061923728,-0.009586106883325243,0.05506940017003765
9.0,6.957986056864754,-69.76935089676029,-0.00988185392450286,0.056768407547324144
9.25,6.955478695909549,-69.7549491329877,-0.010176876445999822,0.058445730332758176
9.5,6.952897697339233,-69.74012801769248,-0.01047095252935605,0.06012321974098286
9.75,6.950243297553593,-69.7248875092438,-0.010764082151019136,0.06180087523573368
10.0,6.947515734823882,-69.70922756622878,-0.01105626528759382,0.06347869628048244
10.25,6.944715221518716,-69.69315086361992,-0.011347682650257651,0.06513495200003232
10.5,6.941841970668668,-69.67666007648677,-0.011638165773665138,0.06679137230463036
10.75,6.938896216894782,-69.65975516379225,-0.0119277146346152,0.06844795666470908
11.0,6.93587819203456,-69.64243608451645,-0.012216329209870189,0.07010470455479352
11.25,6.932788114015099,-69.62470550117025,-0.01250413771399679,0.07173998924892797
11.5,6.929626199577083,-69.60656607636507,-0.0127910241200027,0.07337543648982987
11.75,6.926392677860501,-69.58801776944563,-0.013076988404864251,0.07501104575881416
12.0,6.923087781737999,-69.56906054003021,-0.013362030545770204,0.07664681653027641
12.25,6.919711730995816,-69.54969703989813,-0.013646227125712965,0.07826121148413254
12.5,6.916264745177363,-69.52992992094909,-0.013929513699160706,0.07987576694646101
12.75,6.9127470516824525,-69.50975914309753,-0.01421189024342824,0.08149048240158405
13.0,6.909158877918486,-69.48918466645222,-0.014493356735958474,0.08310535733384664
13.25,6.905500448343658,-69.46820913370959,-0.014773938882123777,0.08469893113948264
13.5,6.901771983458513,-69.44683518766968,-0.01505362307117708,0.08629266341408387
13.75,6.897973710800193,-69.4250627888264,-0.015332409280803566,0.08788655364649038
14.0,6.894105853258044,-69.40289189772422,-0.015610297488706959,0.08948060132901257
14.25,6.890168639976879,-69.38032514936015,-0.01588726313045906,0.09105341167326245
14.5,6.886162295221141,-69.35736517885543,-0.016163342828491654,0.09262637844242752
14.75,6.8820870420228495,-69.33401194715204,-0.016438536560695147,0.09419950113329469
15.0,6.87794310062716,-69.31026541533892,-0.016712844305083782,0.0957727792467436
15.25,6.87373070208341,-69.28612821183077,-0.016986191771109833,0.09732487446172575
15.5,6.869450076293203,-69.26160296521978,-0.01725866527598767,0.09887712405656945
15.75,6.865101441792846,-69.236689636974,-0.01753026479788368,0.10042952753781297
16.0,6.860685016195053,-69.21138818866369,-0.017800990315038803,0.10198208441124935
16.25,6.856201034324145,-69.18570124318259,-0.018070718259942782,0.10351350480957436
16.5,6.8516497280013455,-69.15963142354693,-0.018339584199868607,0.10504507754672926
16.75,6.847031314070931,-69.13317869173477,-0.018607588113388737,0.10657680213219188
17.0,6.842346006589558,-69.10634300986288,-0.018874729979073107,0.10810867807862007
17.25,6.837594042301364,-69.07912699608076,-0.019140837342249382,0.1096194571275224
17.5,6.832775657746428,-69.05153326872049,-0.0194060946343948,0.11113038646706729
17.75,6.827891065288668,-69.02356179034285,-0.019670501834341644,0.1126414656182768
18.0,6.822940476370646,-68.99521252346135,-0.019934058920825518,0.11415269410142345
18.25,6.817924134315096,-68.96648808238551,-0.02019654486340814,0.11564285940551
18.5,6.8128422757283,-68.93739108144047,-0.020458192649752127,0.1171331729562231
18.75,6.807695107572728,-68.90792148356543,-0.020719002258855854,0.11862363428353137
19.0,6.802482842402844,-68.87807925199145,-0.020978973670015208,0.12011424290746489
19.25,6.797205724539147,-68.84786699756735,-0.021237837559506874,0.12158381709283644
19.5,6.791863992519146,-68.81728733126478,-0.02149587519121659,0.12305353748070239
19.75,6.786457855355476,-68.78634021668584,-0.02175308654467519,0.12452340360154474
20.0,6.780987519275579,-68.75502561740056,-0.022009471599227733,0.12599341498811029
20.25,6.775453229596007,-68.7233461415149,-0.022264712961869444,0.12744241643473456
20.5,6.769855231444848,-68.69130439718398,-0.02251913995146264,0.12889156203624738
20.75,6.764193727509185,-68.65890034849865,-0.022772752547774187,0.13034085133311452
21.0,6.7584689223467524,-68.62613395959121,-0.02302555073043104,0.13179028386552624
21.25,6.752681066931398,-68.59300783618984,-0.023277169220333446,0.13321872735582532
21.5,6.746830405529278,-68.559524584129,-0.023527985210110076,0.1346473129573779
21.75,6.740917141958785,-68.52568416796579,-0.023777998679702157,0.13607604021310218
22.0,6.734941474455423,-68.491486552323,-0.024027209609114572,0.13750490867134763
22.25,6.728903655926089,-68.45693434089532,-0.024275205000598772,0.13891280594634473
22.5,6.722803937227706,-68.42203013760287,-0.02452240975471437,0.14032084328379585
22.75,6.716642515858153,-68.38677390755953,-0.024768823851755023,0.1417290202384104
23.0,6.710419590255193,-68.35116561587071,-0.02501444727198151,0.1431373363611287
23.25,6.704135415257496,-68.31520786460082,-0.025258819414530335,0.1445246965889564
23.5,6.697790245518519,-68.27890325606565,-0.02550241277389742,0.14591219483317003
23.75,6.691384274086821,-68.24225175572448,-0.025745227330535456,0.14729983065360205
24.0,6.68491769680646,-68.20525332930991,-0.025987263065148744,0.14868760360876346
24.25,6.67839077231225,-68.16791057750322,-0.026228011898822345,0.15005443379987335
24.5,6.67180375626423,-68.13022610111145,-0.02646799379589377,0.1514213999634498
24.75,6.66515684098137,-68.09219986627929,-0.026707208737389514,0.15278850166296673
25.0,6.658450217859389,-68.05383183912056,-0.026945656704012104,0.15415573846477668
25.25,6.651684148398794,-68.0151246191371,-0.027182782232376683,0.15550204382405416
25.5,6.644858891123602,-67.97608080607864,-0.027419152664569006,0.15684848310908717
25.75,6.637974634838227,-67.93670036647495,-0.02765476798158796,0.15819505589286065
26.0,6.6310315702122775,-67.89698326705006,-0.027889628164634875,0.15954176174536056
26.25,6.6240299588176885,-67.85693210630221,-0.02812313042456102,0.1608675459724607
26.5,6.616970065771037,-67.81654948305923,-0.02835588942303506,0.1621934620755251
26.75,6.6098520763619435,-67.77583536430322,-0.028587905141368886,0.16351950963705414
27.0,6.602676175878639,-67.7347897172997,-0.028819177561114254,0.16484568823501897
27.25,6.595442631553621,-67.69341513976134,-0.029049056628760922,0.16615095376912495
27.5,6.588151708577957,-67.65171422963097,-0.02927820426483773,0.16745634913539717
27.75,6.580803589657601,-67.60968695440567,-0.029506620450934294,0.16876187392024233
28.0,6.573398459360151,-67.56733328186637,-0.029734305168854717,0.17006752770888772
28.25,6.5659365849901485,-67.52465580902745,-0.029960561157587405,0.17135227596811559
28.5,6.558418237401443,-67.48165713317182,-0.03018609754038544,0.17263715201175409
28.75,6.550843594852575,-67.43833722234942,-0.030410914299204984,0.1739221554340426
29.0,6.543212840260384,-67.3946960448398,-0.03063501141600599,0.1752072858276013
29.25,6.535526242866671,-67.35073619703894,-0.03085764445679657,0.1764715173770379
29.5,6.527784075463401,-67.30646027562334,-0.03107956971345277,0.17773587466808216
29.75,6.5199865155893555,-67.26186824920784,-0.031300787168210206,0.17900035729858227
30.0,6.51213374078517,-67.21696008654396,-0.03152129680349316,0.180264964865494
30.25,6.50422602595731,-67.17173838352848,-0.031740307047254314,0.18150867959378483
30.5,6.496263645833035,-67.12620573642998,-0.03195862132549167,0.18275251801434772
30.75,6.48824677444036,-67.08036211431656,-0.03217623962059998,0.18399647973543418
31.0,6.480175584879157,-67.03420748632975,-0.03239316191497926,0.18524056436363096
31.25,6.4720503558527485,-66.98774444809384,-0.03260854953348084,0.1864637616033238
31.5,6.463871364965289,-66.94097559529087,-0.03282325300151289,0.18768708049166322
31.75,6.4556387845909295,-66.89390089766042,-0.033037272302188884,0.18891052063975064
32.0,6.447352785247653,-66.84652032489409,-0.03325060741821495,0.19013408166261253
32.25,6.439013649446244,-66.79883647214,-0.033462372570753164,0.19133676031085078
32.5,6.4306216557975855,-66.75085193477203,-0.03367346538547787,0.1925395585622673
32.75,6.422176973167946,-66.70256668294033,-0.033883885845623025,0.1937424760347176
33.0,6.41367976949481,-66.65398068686552,-0.03409363393423579,0.1949455123480248
33.25,6.4051303301597695,-66.60509654144307,-0.03430177680814465,0.1961276709620873
33.5,6.396528937583419,-66.5559168416306,-0.03450925915412753,0.1973099471320039
33.75,6.387875755258975,-66.50644155804157,-0.034716080955630245,0.19849234048631262
34.0,6.379170951334447,-66.45667066157021,-0.03492224219612275,0.19967485064828985
34.25,6.370414811274618,-66.40660674671902,-0.03512676296567377,0.20083648752819094
34.5,6.361607622240655,-66.35625240814969,-0.035330635014714354,0.20199823991763002
34.75,6.352749547008326,-66.30560761706643,-0.03553385832700716,0.2031601074496456
35.0,6.343840747422869,-66.25467234476895,-0.035736432886275774,0.20432208975742808
35.25,6.334881513688829,-66.20344918554005,-0.03593733172317751,0.20546320300468401
35.5,6.325872134912512,-66.15194073380981,-0.03613759364450292,0.20660442971797496
35.75,6.316812770361669,-66.10014696124415,-0.03633721863441183,0.20774576953618268
36.0,6.3077035783720845,-66.04806783963105,-0.03653620667673388,0.20888722209923868
36.25,6.298544853894796,-65.99570596294595,-0.03673348376014038,0.21000780968590846
36.5,6.289336888915048,-65.94306392541924,-0.03693013573067442,0.21112850869141012
36.75,6.28007983918444,-65.89014169938957,-0.03712616257287684,0.21224931876228487
37.0,6.270773860472087,-65.83693925688888,-0.0373215642706779,0.21337023954687756
37.25,6.261419249671561,-65.78345919184692,-0.03751521977493915,0.21447029935427628
37.5,6.252016301656249,-65.72970409814354,-0.03770826196675576,0.2155704685353377
37.75,6.242565169604314,-65.67567394854517,-0.0379006908308131,0.21667074674319486
38.0,6.233066006699168,-65.62136871580176,-0.038092506351679545,0.21777113363280423
38.25,6.223519112728911,-65.56679099339486,-0.03828254043874292,0.21885066349164223
38.5,6.213924785447368,-65.51194337511181,-0.03847197301167049,0.21993030067979877
38.75,6.2042831763925514,-65.45682583413907,-0.03866080405530643,0.22101004485503048
39.0,6.194594434303551,-65.40143834381476,-0.038849033554393696,0.22208989568008142
39.25,6.184858860929992,-65.34578349727173,-0.03903544638738695,0.223148893402589
39.5,6.175076758773815,-65.28986388819554,-0.039221269502086174,0.2242079964090514
39.75,6.165248274931638,-65.2336794903114,-0.03940650288380178,0.2252672043659329
40.0,6.155373555577308,-65.17723027722587,-0.03959114651745724,0.22632651694074205
40.25,6.145452907199602,-65.12051884222173,-0.0397739382479394,0.22736498034379032
40.5,6.1354866333473455,-65.06354777833619,-0.03995615205384495,0.22840354698560844
40.75,6.125474877603752,-65.00631705993818,-0.040137787920699164,0.2294422165393888
41.0,6.115417786350342,-64.94882666144817,-0.040318845834101745,0.23048098867790082
41.25,6.105315667124523,-64.89107917551655,-0.04049801661299794,0.23149891560729385
41.5,6.0951688254283,-64.83307719517704,-0.040676621258799846,0.23251694373211387
41.75,6.084977403210977,-64.77482069512996,-0.04085465975739039,0.233535072730175
42.0,6.074741542412698,-64.71630965034713,-0.04103213209445969,0.23455330228201984
42.25,6.064461554396836,-64.65754665334697,-0.041207682072239,0.23555069062739378
42.5,6.054137748500058,-64.5985342968647,-0.041382677706182536,0.2365481781236668
42.75,6.04377026223369,-64.53927255610027,-0.04155711898245456,0.23754576445461098
43.0,6.033359235901389,-64.47976140642587,-0.04173100588706216,0.2385434493062951
43.25,6.022904980970752,-64.4200034401322,-0.04190293520446979,0.23952029701771652
43.5,6.012407811545713,-64.36000124972699,-0.04207432196510187,0.2404972418329244
43.75,6.001867863493392,-64.29975481099375,-0.04224516615518971,0.24147428344575467
44.0,5.991285273606645,-64.2392640999156,-0.042415467761140746,0.2424514215480915
44.25,5.980660357197348,-64.17853170841153,-0.04258377653842758,0.24340772663129054
44.5,5.969993430342483,-64.11756022876935,-0.042751554543496446,0.24436412677371994
44.75,5.959284624477572,-64.05634963716847,-0.042918801762851094,0.2453206216769872
45.0,5.948534073823814,-63.994899910081195,-0.04308551818332229,0.24627721103773492
45.25,5.937742097531097,-63.93321363925502,-0.04325020655229228,0.24721297157960234
45.5,5.9269090136606195,-63.87129341660536,-0.04341437593128287,0.24814882513626668
45.75,5.916034951074147,-63.809139218865845,-0.043578026307019624,0.24908477141590157
46.0,5.905120041418549,-63.74675102306578,-0.043741157666576075,0.25002081012353805
46.25,5.894164607692868,-63.684131420634436,-0.04390222573518096,0.2509360242851181
46.5,5.883168969935942,-63.62128300331247,-0.04406278659370402,0.25185132941778543
46.75,5.872133256299013,-63.55820574843784,-0.044222840229228705,0.25276672523235183
47.0,5.861057592147057,-63.49489963317763,-0.04438238662894123,0.2536822114428041
47.25,5.849942303391582,-63.43136724879349,-0.04453983451306523,0.2545768774674376
47.5,5.838787715777416,-63.36761118695618,-0.0446967869646391,0.25547163241547205
47.75,5.827593952101885,-63.30363142525501,-0.044853243970782566,0.25636647600925516
48.0,5.816361136077172,-63.239427941652615,-0.04500920551914346,0.25726140796829033
48.25,5.805089595615045,-63.175003326927865,-0.04516303332754046,0.25813552417893276
48.5,5.7937796584613075,-63.11036017227662,-0.045316377477932504,0.25900972727200966
48.75,5.782431446697348,-63.045498456029016,-0.04546923795808715,0.25988401697160446
49.0,5.771045080535326,-62.98041815662014,-0.04562161475579701,0.26075839300573783
49.25,5.759620890813701,-62.91512186453681,-0.045771822583528174,0.26161195781310215
49.5,5.748159209138603,-62.849612170685816,-0.04592155852563211,0.26246560745688974
49.75,5.736660152229253,-62.78388905383349,-0.04607082256996187,0.2633193416708939
50.0,5.7251238368049675,-62.71795249277647,-0.04621961470474387,0.2641731601880216
50.25,5.713550600349538,-62.65180507800243,-0.046366202646540705,0.26500617208298693
50.5,5.701940773689477,-62.58544939977538,-0.04651233047209087,0.26583926677233144
50.75,5.690294472828294,-62.518885437623496,-0.046657998169969024,0.2666724439943145
51.0,5.678611812846023,-62.45211317093699,-0.04680320572864254,0.2675057034864261
51.25,5.666893131381949,-62.38513518957239,-0.04694617387037273,0.2683181610443069
51.5,5.655138763125141,-62.3179540836104,-0.04708869366297182,0.2691306993505115
51.75,5.6433488215105365,-62.25056983313058,-0.047230765095374085,0.26994331815076356
52.0,5.631523416267239,-62.182982417792495,-0.04737238815586513,0.2707560171949732
52.25,5.61966289076157,-62.11519442734136,-0.047511736575735,0.27154791906832293
52.5,5.607767582621127,-62.047208451589604,-0.047650648410924715,0.27233989964641914
52.75,5.595837600867217,-61.97902447083439,-0.047789123650268425,0.27313195868270745
53.0,5.583873055439751,-61.910642465631994,-0.04792716228288363,0.2739240959277754
53.25,5.571874289866689,-61.84206502514052,-0.04806289105466066,0.27469544084967507
53.5,5.559841645657002,-61.77329473881018,-0.048198195003460745,0.2754668624298867
53.75,5.547775228328114,-61.704331587565775,-0.04833307411836046,0.2762383604303617
54.0,5.535675145262811,-61.63517555235712,-0.04846752838867828,0.27700993460822343
54.25,5.523541742006236,-61.56582922200262,-0.0485996375993196,0.27776072138411223
54.5,5.511375362092479,-61.49629518550241,-0.04873133374555104,0.2785115827756667
54.75,5.4991761103313035,-61.42657342447099,-0.04886261681719588,0.2792625185483819
55.0,5.486944087831167,-61.35666392002986,-0.048993486803224094,0.2800135284719247
55.25,5.474679645875434,-61.2865692609108,-0.04912197651731281,0.28074375598601226
55.5,5.462383132807525,-61.21629203597891,-0.049250064923193934,0.2814740560706031
55.75,5.450054647174664,-61.14583222685393,-0.04937775201047983,0.2822044284982735
56.0,5.437694290293051,-61.07518981564754,-0.04950503776909733,0.2829348730430104
56.25,5.425302413628024,-61.004367390394144,-0.04962990804713058,0.2836445402407771
56.5,5.412879368479703,-60.93336753967494,-0.049754388770063565,0.284354277965972
56.75,5.400425252696306,-60.86219024570413,-0.049878479927894695,0.2850640859955965
57.0,5.387940162247246,-60.79083549089258,-0.050002181510481206,0.285773964113313
57.25,5.375424453415626,-60.71930586312726,-0.05012343241510521,0.28646307001117843
57.5,5.3628784786248875,-60.64760395026235,-0.050244305514564255,0.2871522443950411
57.75,5.350302331288586,-60.57572973516695,-0.0503648007993024,0.2878414870478176
58.0,5.337696108535914,-60.50368320097819,-0.05048491825980281,0.2885307977554958
58.25,5.3250601677643,-60.43146693504742,-0.0506025498434178,0.2891993414365889
58.5,5.312394865304589,-60.3590835248227,-0.050719815369272295,0.28986795155634315
58.75,5.299700291076784,-60.28653295372206,-0.05083671482799093,0.2905366279088935
59.0,5.286976537786724,-60.21381520537208,-0.05095324821035219,0.29120537028612953
59.25,5.274223966756898,-60.14093286650369,-0.051067260526785806,0.2918533508895769
59.5,5.261442937276166,-60.067888524471655,-0.051180918529937336,0.29250139588887347
59.75,5.248633536716462,-59.99468216307962,-0.051294222210475984,0.29314950508465804
60.0,5.235795855223456,-59.92131376651683,-0.05140717155960618,0.29379767827261494
60.25,5.222930255237043,-59.84778592108053,-0.051517564655930756,0.29442509499609015
60.5,5.210037100896499,-59.774101213719064,-0.051627615180229014,0.2950525740695163
60.75,5.19711647793999,-59.700259628927896,-0.05173732312383093,0.29568011529901805
61.0,5.184168469320004,-59.6262611509742,-0.05184668847766727,0.29630771849386167
61.25,5.171193443242765,-59.552108366062356,-0.05195346240303532,0.2969145705884793
61.5,5.158191764980795,-59.47780386056412,-0.0520599054944306,0.29752148298996306
61.75,5.145163518647076,-59.40334761956021,-0.05216601774364368,0.29812845551081835
62.0,5.132108785564841,-59.32873962795863,-0.052271799142152825,0.2987354879630509
62.25,5.119027936009171,-59.25398247141085,-0.052374953940101,0.29932177472864424
62.5,5.105921336381299,-59.179078735848975,-0.05247778963929195,0.299908119758737
62.75,5.0927890682489325,-59.104028406767995,-0.052580306231796596,0.3004945228696088
63.0,5.07963121038187,-59.02883146960274,-0.05268250370910008,0.3010809838843135
63.25,5.066448136969057,-58.953490509838545,-0.05278203942073144,0.30164670467378984
63.5,5.053240216501827,-58.87800811264903,-0.052881267765723744,0.3022124816850366
63.75,5.040007528907542,-58.80238426436886,-0.05298018873636266,0.30277831473977784
64.0,5.026750149482692,-58.72661895078692,-0.0530788023243949,0.30334420366498005
64.25,5.0134684535630685,-58.65071475681508,-0.05317471898738558,0.30388935787447385
64.5,5.0001628144997605,-58.5746742673839,-0.05327034001254051,0.30443456626171145
64.75,4.986833307818839,-58.498497469126846,-0.05336566539247976,0.30497982865612333
65.0,4.973480006252402,-58.42218434855098,-0.05346069511975683,0.30552514489030425
65.25,4.960103290019075,-58.34573749005738,-0.05355299276322249,0.3060497319562653
65.5,4.946703535466415,-58.2691594783433,-0.0536450064949643,0.30657437115376873
65.75,4.933280812787399,-58.19245030033557,-0.05373673630755607,0.30709906232280093
66.0,4.919835192176139,-58.11560994292029,-0.053828182193960246,0.30762380530155253
66.25,4.906367055921215,-58.0386409902141,-0.05391686086041797,0.3081278247046834
66.5,4.892876784328924,-57.9615460263673,-0.054005267337966636,0.30863189419410847
66.75,4.879364444109397,-57.88432503885803,-0.05409340161947761,0.3091360136173666
67.0,4.865830104764072,-57.80697801527574,-0.05418126369765289,0.3096401828206373
67.25,4.852274151605101,-57.72950753925775,-0.054266323405678704,0.31012363407153554
67.5,4.8386969642492295,-57.65191619419779,-0.05435112264408079,0.31060713336713186
67.75,4.825098610572087,-57.574203968429316,-0.054435661406424786,0.3110906805563488
68.0,4.811479154744421,-57.496370849844965,-0.05451993968563495,0.3115742754950226
68.25,4.797838985105705,-57.41841942162623,-0.054601380467112576,0.312037158144257
68.5,4.784178484283592,-57.34035226694598,-0.05468257249542002,0.3125000867951621
68.75,4.770497718565224,-57.26216937438878,-0.05476351576390746,0.31296306130387774
69.0,4.756796747689026,-57.1838707326314,-0.05484421026651682,0.3134260815285124
69.25,4.743075962137685,-57.10545892382949,-0.054922032151304014,0.3138683951596693
69.5,4.729335751266837,-57.026936531251955,-0.054999616996225464,0.3143107527469513
69.75,4.7155761732318755,-56.94830354381457,-0.05507696479495791,0.3147531541565897
70.0,4.701797287121915,-56.86955995040432,-0.05515407554090894,0.315195599254649
70.25,4.687999488265477,-56.79070833349845,-0.05522827855311703,0.31561734347834175
70.5,4.674183166304927,-56.71175127528203,-0.05530225623496585,0.31603912961378344
70.75,4.66034837871097,-56.632688765359134,-0.05537600858060576,0.31646095753341197
71.0,4.646495182031045,-56.55352079315829,-0.05544953558419106,0.3168828271088964
71.25,4.632623969061554,-56.474249940329045,-0.055520119754614905,0.3172840015701575
71.5,4.61873513807297,-56.39487878889625,-0.05559049030138623,0.3176852158981143
71.75,4.604828741201101,-56.31540732890646,-0.055660647218857676,0.31808646997210926
72.0,4.590904831505596,-56.235835550493746,-0.05573059050124148,0.318487763674065
72.25,4.576963809503523,-56.15616603486245,-0.05579755584403203,0.3188683680335975
72.5,4.56300607185734,-56.07640136343008,-0.05586431926644991,0.31924901021763546
72.75,4.5490316663164805,-55.99654152653074,-0.05593088076309442,0.31962969011410636
73.0,4.535040648051243,-55.916586515122454,-0.05599724032879602,0.32001040760341
73.25,4.521033415064732,-55.83653890950338,-0.05606058687618511,0.3203704415589062
73.5,4.50701036891256,-55.75640129103429,-0.05612374320330382,0.32073051129552205
73.75,4.492971558518113,-55.67617365092364,-0.056186709305420725,0.32109061670345806
74.0,4.478917029126569,-55.59585597961742,-0.05624948517668954,0.3214507576779625
74.25,4.464847187319983,-55.51545085803249,-0.05630921293946705,0.3217902209418867
74.5,4.45076243684357,-55.434960866342905,-0.05636876217873355,0.32212971794020234
74.75,4.436662821289384,-55.35438599621613,-0.05642813288978867,0.3224692485745534
75.0,4.422548386110257,-55.27372623937092,-0.05648732506784955,0.32280881274263473
75.25,4.408419537306848,-55.19298417520138,-0.056543434072925634,0.32312770505158467
75.5,4.394276683504719,-55.1121623841134,-0.05659937624818559,0.3234466290507934
75.75,4.380119863913355,-55.031260858083236,-0.056655151588924715,0.32376558465045896
76.0,4.365949121468788,-54.9502795891821,-0.05671076009048237,0.3240845717538124
76.25,4.3517648661460715,-54.86922115674107,-0.0567632503568829,0.3243828928612855
76.5,4.33756750781176,-54.78808814029488,-0.056815585483370554,0.32468124361755335
76.75,4.323357085005908,-54.70688053245522,-0.05686776546566853,0.32497962393625784
77.0,4.309133637191081,-54.62559832592358,-0.056919790299460184,0.3252780337281521
77.25,4.294897577442416,-54.544244099334975,-0.056968661837471395,0.32555578340954894
77.5,4.280649317759472,-54.462820431919596,-0.05701738992233625,0.325833560695992
77.75,4.266388894147907,-54.38132731689122,-0.05706597455004229,0.3261113655066648
78.0,4.252116342638592,-54.299764747124115,-0.05711441571676397,0.3263891977598522
78.25,4.237832079380468,-54.218135300929724,-0.057159668548251656,0.3266463758074436
78.5,4.223536520395781,-54.136441557073425,-0.057204789609983576,0.32690357941585446
78.75,4.209229697311917,-54.054683509099526,-0.05724977889845638,0.32716080851194357
79.0,4.19491164175073,-53.97286115055819,-0.05729463640995053,0.3274180630216354
79.25,4.180582775752363,-53.89097705936337,-0.057336270553197836,0.32765466924137565
79.5,4.166243516561952,-53.809033813824826,-0.05737778460714369,0.3278912989776967
79.75,4.151893893285196,-53.72703140798875,-0.057419178568132376,0.3281279521647803
80.0,4.137533936898177,-53.64496983584332,-0.057460452432587496,0.3283646287346978
80.25,4.123164069728794,-53.56285167489699,-0.05749846789897466,0.32858066294766514
80.5,4.108784711239896,-53.48067950241252,-0.05753637495228113,0.3287967186354304
80.75,4.094395890767667,-53.39845331354935,-0.057574173589990396,0.329012795734612
81.0,4.079997634902119,-53.316173102755734,-0.057611863808471206,0.3292288941848982
81.25,4.065590368149464,-53.23384144697524,-0.057646260614457975,0.32942435622493293
81.5,4.051174513996706,-53.15146092319823,-0.05768056068104775,0.3296198376955903
81.75,4.036750096510243,-53.06903152650288,-0.05771476400535582,0.3298153385412187
82.0,4.022317138790766,-52.986553252233584,-0.05774887058460331,0.3300108587108859
82.25,4.007876071279447,-52.90402867667251,-0.05777964874148729,0.33018574842966175
82.5,3.9934273205638133,-52.82146037647909,-0.05781034182884059,0.3303606555335693
82.75,3.978970907254216,-52.73884834729122,-0.05784094984403937,0.33053557997719174
83.0,3.9645068519329207,-52.656192584981895,-0.0578714727848627,0.3307105217114944
83.25,3.9500355863115773,-52.573495665115864,-0.05789863230029267,0.33086483896582686
83.5,3.9355575410090777,-52.49076016413334,-0.05792571841302178,0.33101917156143423
83.75,3.92107273321382,-52.40798607789072,-0.05795273112050938,0.33117351945946094
84.0,3.906581180980022,-52.32517340291417,-0.057979670421025455,0.33132788261732765
84.25,3.8920833200535823,-52.24232471456917,-0.05800321130944703,0.3314616272735529
84.5,3.8775795804858073,-52.159442588313674,-0.05802669045810684,0.33159538523086524
84.75,3.863069979731286,-52.076527020816066,-0.05805010786509168,0.331729156452785
85.0,3.8485545314740626,-51.99357800897106,-0.0580734635289112,0.33186294090436413
85.25,3.8340336727391624,-51.910598127470905,-0.05809338580492186,0.33197611285056355
85.5,3.8195078413474044,-51.827589951730694,-0.058113258001589466,0.3320892960502493
85.75,3.804977047592987,-51.744553478644626,-0.05813308011652528,0.3322024904785894
86.0,3.7904413045331395,-51.66148870549319,-0.05815285214842193,0.3323156961058513
86.25,3.775901052319069,-51.57839820661484,-0.05816915581791097,0.3324082952254326
86.5,3.761356729106342,-51.495284556923984,-0.05818542106434295,0.3325009035566462
86.75,3.7468083454571026,-51.41214775414982,-0.058201647886205625,0.3325935210779669
87.0,3.7322559082078675,-51.32898779577315,-0.05821783628216438,0.33268614776755034
87.25,3.7176998625162203,-51.24580725575363,-0.05823052136046882,0.3327581739620035
87.5,3.7031406487875747,-51.16260870812824,-0.05824317966859926,0.3328302073220453
87.75,3.688578275038,-51.0793921515484,-0.058255811205598536,0.33290224783442673
88.0,3.6740127465537467,-50.99615758381003,-0.05826841597024931,0.33297429548539154
88.25,3.659444508846057,-50.91290757829372,-0.05827748247020456,0.3330257486568259
88.5,3.6448740063705536,-50.82964470894635,-0.05828653384979044,0.3330772069529252
88.75,3.630301242813948,-50.74636897446923,-0.05829557010825383,0.3331286703653129
89.0,3.6157262218674826,-50.66308037344685,-0.05830459124449093,0.3331801388855751
89.25,3.601149393141826,-50.579781478726424,-0.05831003917300066,0.33321101894678445
89.5,3.5865712023897807,-50.49647486367989,-0.05831548362698893,0.3332419020914201
89.75,3.571991650800818,-50.413160527483555,-0.05832092460651497,0.3332727883148314
90.0,3.5574107414101244,-50.32983846950167,-0.05832636211090234,0.3333036776129155
90.25,3.5428289214229287,-50.24651126164451,-0.058328191481642755,0.33331398448887695
90.5,3.5282466434763102,-50.163181477066125,-0.05833002902144073,0.33332429240019124
90.75,3.513663905337477,-50.07984911533267,-0.05833187472932289,0.33333460135502935
91.0,3.499080704730455,-49.996514176354886,-0.05833372860539756,0.3333449113571002
91.25,3.484497496686463,-49.91317923182364,-0.05833193941978516,0.33333464496868864
91.5,3.4699147333193388,-49.82984685394397,-0.058330170041921404,0.33332437757367483
91.75,3.455332410792354,-49.74651704321813,-0.05832842047204517,0.3333141091838457
92.0,3.440750521579926,-49.6631897995276,-0.058326690710615116,0.3333038398106747
92.25,3.426169525715823,-49.57986769455215,-0.05832128298355275,0.3332730000921012
92.5,3.411589879439294,-49.49655329993339,-0.05831590670060253,0.33324215732163276
92.75,3.3970115717648564,-49.41324661642178,-0.0583105618618612,0.3332113115208852
93.0,3.3824345963912528,-49.329947644670234,-0.058305248468067644,0.3331804627044134
93.25,3.3678594118991168,-49.246658955461506,-0.058296222213577414,0.333129049597008
93.5,3.353286480485571,-49.16338312032675,-0.05828723903606299,0.33307763139135926
93.75,3.338715788710481,-49.08012014017626,-0.05827829893524414,0.3330262081190724
94.0,3.324147326805747,-48.99687001653929,-0.058269401912318816,0.3329747798012678
94.25,3.309581557485029,-48.91363531967846,-0.0582567571267179,0.33290279323808475
94.5,3.2950189433503807,-48.830418620453315,-0.05824416704698513,0.33283079953741884
94.75,3.280459469398029,-48.747219920389036,-0.0582316316736968,0.3327587987307873
95.0,3.265903122443347,-48.664039221434784,-0.05821915100836845,0.3326867908486016
95.25,3.2513503693125068,-48.58087909359168,-0.05820288770313492,0.33259423077832445
95.5,3.23680167489404,-48.49774210703573,-0.05818669072971305,0.3325016615262224
95.75,3.222257019818918,-48.41462826384887,-0.05817056008855509,0.3324090831331975
96.0,3.2077163893645726,-48.33153756637659,-0.058154495781599244,0.33231649563226723
96.25,3.1931802507955602,-48.24847258375005,-0.058134613971127305,0.33220336201164447
96.5,3.178649074044155,-48.16543588601821,-0.0581148101145861,0.3320902171645173
96.75,3.164122838180185,-48.08242747589817,-0.05809508421371803,0.331977061137229
97.0,3.1496015241166866,-47.99944735630199,-0.05807543626944034,0.33186389397299615
97.25,3.1350856042028945,-47.91649809590524,-0.058051935948172484,0.33173018674939025
97.5,3.120575549715184,-47.83358226425281,-0.0580285251999516,0.3315964662551053
97.75,3.106071336337693,-47.75069986427178,-0.058005204026295575,0.33146273254387737
98.0,3.091572940659248,-47.66785089909748,-0.05798197242858816,0.3313289856674509
98.25,3.0770808400668486,-47.585037937441236,-0.057954853617159637,0.33117470480096345
98.5,3.0625955053602376,-47.50226354792542,-0.05792783599367171,0.3310204086251589
98.75,3.048116913442061,-47.419527734442084,-0.05790091956066023,0.33086609719233884
99.0,3.0336450374783244,-47.33683050069166,-0.05787410431991865,0.33071177056353734
99.25,3.019180356246802,-47.254174414572574,-0.05784336702154823,0.33053691601732166
99.5,3.0047233456418154,-47.17156204431266,-0.057812742523299265,0.33036204411578324
99.75,2.9902739763815673,-47.08899339395114,-0.05778223082738548,0.3301871549217782
100.0,2.9758322209740373,-47.006468468189084,-0.05775183193657432,0.3300122485006799
100.25,2.9613985605183193,-46.92398983423838,-0.057717476160315216,0.32981682023871184
100.5,2.9469734741436433,-46.84156005986682,-0.05768324479244066,0.3296213725779329
100.75,2.932556929161992,-46.75917914957834,-0.057649137836079015,0.3294259055877942
101.0,2.9181488955995265,-46.67684710864552,-0.05761515529379272,0.32923041933999275
101.25,2.9037498568816553,-46.59456650361686,-0.05757718104872046,0.32901441732955955
101.5,2.889360294425113,-46.51233990194982,-0.057539342817787144,0.3287983938767548
101.75,2.8749801749394925,-46.43016730870874,-0.05750164060335854,0.32858234905791045
102.0,2.8606094641335886,-46.34804872941815,-0.057464074408743966,0.3283662829505267
102.25,2.846248647750682,-46.265986730101886,-0.05742248169974806,0.32812970716182754
102.5,2.831898211403113,-46.1839838776831,-0.05738103660615133,0.3278931078882846
102.75,2.817558117418601,-46.102040178063014,-0.05733973913138198,0.32765648521206625
103.0,2.8032283300063416,-46.020155636999334,-0.05729858927869137,0.3274198392150295
103.25,2.7889093372049127,-45.93833282024633,-0.05725337810881948,0.32716268961953915
103.5,2.7746016269631415,-45.856574294119014,-0.05720832615247777,0.32690551449566085
103.75,2.76030516008412,-45.77488006499287,-0.057163433413752025,0.32664831392999905
104.0,2.7460198964368283,-45.69325013912159,-0.057118699895799596,0.32639108801468825
104.25,2.7317463291747286,-45.61168708199415,-0.05706987026616824,0.326113364586142
104.5,2.7174849467382054,-45.53019345912241,-0.057021211445112616,0.3258356135853621
104.75,2.7032357093185206,-45.448769277593016,-0.056972723436518095,0.32555783510497105
105.0,2.688998571548804,-45.36741454381962,-0.05692440624393422,0.32528002924574906
105.25,2.674774029852141,-45.28613182283413,-0.05687195816612132,0.32498173196122404
105.5,2.6605625786865157,-45.20492368025926,-0.05681969248856424,0.3246834050587905
105.75,2.646364170234762,-45.12379012301988,-0.056767609215163335,0.3243850486419358
106.0,2.6321787594307597,-45.04273115847338,-0.05671570834983979,0.3240866628155462
106.25,2.6180068459992447,-44.9617493509902,-0.05665964183478867,0.3237677916517142
106.5,2.6038489230502284,-44.88084726521036,-0.056603769307299816,0.3234488888302067
106.75,2.589704944903904,-44.80002490935417,-0.056548090772371606,0.323129954456578
107.0,2.575574861276117,-44.71928229083602,-0.0564926062339363,0.3228109886415602
107.25,2.5614591742317283,-44.63862197362351,-0.05643292128284049,0.3224715435830696
107.5,2.547358382976429,-44.55804652194444,-0.05637344190406018,0.3221320648186859
107.75,2.533272436614367,-44.47755594408609,-0.05631416810206506,0.32179255246615346
108.0,2.5192012823346253,-44.39715024855502,-0.05625509988219431,0.3214530066417814
108.25,2.5051454246174156,-44.31683199836222,-0.056191796499952686,0.32109298766683975
108.5,2.4911053659102453,-44.236603757706966,-0.05612871027117477,0.3207329329450281
108.75,2.4770810510566097,-44.15646553482796,-0.05606584120053539,0.32037284259614257
109.0,2.4630724275348457,-44.07641733932916,-0.05600318929354199,0.32001271674514525
109.25,2.449080001278869,-43.996461733521706,-0.05593626748775936,0.31963212383645684
109.5,2.435104275309459,-43.91660128044846,-0.05586957441254257,0.3192514931370249
109.75,2.421145193794368,-43.83683598968862,-0.055803110073445975,0.31887082477644424
110.0,2.407202700862367,-43.75716587103589,-0.05573687447643962,0.3184901188806964
110.25,2.393277304816079,-43.677593486352634,-0.0556663342529284,0.3180889520236094
110.5,2.379369513832516,-43.59812139847092,-0.05559603433474109,0.31768774533017574
110.75,2.3654792678085186,-43.51874961705262,-0.05552597472709021,0.317286498937466
111.0,2.3516065056343294,-43.43947815220153,-0.055456155435634355,0.31688521298275324
111.25,2.3377517417111324,-43.36030956558965,-0.055381996798535685,0.3164634721625093
111.5,2.3239154856658817,-43.281246419516286,-0.055308090037261705,0.31604168946287986
111.75,2.310097674931221,-43.202288724310776,-0.05523443515732902,0.315619865027281
112.0,2.2962982469003803,-43.12343649051421,-0.05516103216511656,0.3151979989974066
112.25,2.2825177174134392,-43.04469227939975,-0.0550832551209991,0.3147556841992657
112.5,2.2687565985644027,-42.96605865217978,-0.05500574151912716,0.3143133254809916
112.75,2.2550148252789852,-42.8875356202067,-0.05492849136673569,0.3138709229879398
113.0,2.241292330669314,-42.80912319422945,-0.05485150466951858,0.3134284768710624
113.25,2.227589633896224,-42.73082393514835,-0.05477010922861457,0.3129655880858808
113.5,2.2139072531620188,-42.65264040405054,-0.05468898879415074,0.3125026533336567
113.75,2.2002451172656747,-42.574572612267474,-0.05460814337285389,0.3120396727720649
114.0,2.186603158705312,-42.49662057147028,-0.054527572971322685,0.3115766465545163
114.25,2.172981898164553,-42.418786841627885,-0.054442559136832554,0.3110931837714358
114.5,2.159381856218862,-42.3410739835999,-0.05435783186964994,0.3106096729753836
114.75,2.145802958299048,-42.26348200917252,-0.05427339117628329,0.31012611433411835
115.0,2.132245136350277,-42.18601093049065,-0.05418923706347711,0.3096425080061594
115.25,2.118708912539514,-42.10866330695959,-0.054100604842746876,0.3091384712108483
115.5,2.105194809834607,-42.031441699119405,-0.05401227074593648,0.30863438436347823
115.75,2.0917027531309134,-41.95434611912132,-0.05392423478005044,0.3081302476305383
116.0,2.078232668206483,-41.87737657944576,-0.05383649695203146,0.3076260611820357
116.25,2.064785082409844,-41.80053563944195,-0.053744246352815814,0.30710145036673686
116.5,2.051360520258617,-41.72382585865519,-0.053652305430627184,0.3065767874562206
116.75,2.037958904161367,-41.64724725017785,-0.05356067419335006,0.3060520726233826
117.0,2.024580156562026,-41.57079982673224,-0.053469352647557006,0.3055273060455348
117.25,2.011224809117436,-41.494486147172736,-0.05337348367166121,0.30498212120218793
117.5,1.9978933896856939,-41.41830877077988,-0.053277935923268516,0.3044368822180451
117.75,1.984585816404761,-41.34226771088896,-0.05318270940987113,0.3038915892761987
118.0,1.9713020092791367,-41.26636298082619,-0.053087804138765446,0.3033462425575915
118.25,1.9580425014476248,-41.1905971390685,-0.05298831679883739,0.3027804836798644
118.5,1.944807823283354,-41.114972743838976,-0.05288916223199296,0.3022146686192751
118.75,1.9315978913942138,-41.03948980932364,-0.05279034044726637,0.3016487975634267
119.0,1.918412624269754,-40.96414834958691,-0.052691851451883015,0.30108287069939066
119.25,1.905252556597844,-40.88895092228902,-0.05258874574239317,0.30049653777827084
119.5,1.8921182230245204,-40.81390008556343,-0.05248598434972265,0.29991014662791615
119.75,1.879009535906891,-40.73899585373712,-0.05238356728258739,0.29932369744613074
120.0,1.8659264103753959,-40.664238241372,-0.052281494548332634,0.2987371904255097
120.25,1.852869385409381,-40.589629805941314,-0.05217477047871852,0.29813028345248094
120.5,1.8398389962881978,-40.51517310466507,-0.05206840226538955,0.2975233162074304
120.75,1.826835154780125,-40.44086815275209,-0.051962389916547586,0.2969162888940785
121.0,1.8138577717196425,-40.366714965258055,-0.05185673344178156,0.29630920171189595
121.25,1.800907388631916,-40.29271609855033,-0.05174639101963452,0.2956817206813435
121.5,1.7879845450464074,-40.21887411004056,-0.051636415989991476,0.29505417733713984
121.75,1.7750891494236505,-40.14518901510493,-0.05152680836193521,0.2944265718858743
122.0,1.7622211111037154,-40.071660829451034,-0.05141756814438942,0.2937989045330549
122.25,1.7493809722228129,-39.998292108800875,-0.051303607373589646,0.2931508494401598
122.5,1.7365692766761676,-39.92508540997836,-0.051190025528395466,0.2925027299879361
122.75,1.723785927694288,-39.85204074885307,-0.051076822617003824,0.2918545463950665
123.0,1.711030833108315,-39.77915814190974,-0.050963998649875615,0.2912062988697257
123.25,1.6983045394084486,-39.706440144414856,-0.0508464195362845,0.29053766970747646
123.5,1.685607591139232,-39.6338893123459,-0.050729230876621706,0.2898689741444928
123.75,1.6729398909466495,-39.561505662486624,-0.050612432680988466,0.28920021240110877
124.0,1.6603013424036406,-39.48928921160676,-0.05049602495928231,0.2885313846956529
124.25,1.647692493560319,-39.417242514384355,-0.05037482750843929,0.28784218146105767
124.5,1.6351138951654656,-39.34536812663697,-0.050254032038044814,0.2871529097800145
124.75,1.622565444687222,-39.273666065308156,-0.05013363855786039,0.2864635698813484
125.0,1.610047042381438,-39.202136347472354,-0.05001364707757553,0.28577416199160555
125.25,1.597559240645995,-39.13078152751948,-0.04988883129428646,0.2850643846805591
125.5,1.585102591762486,-39.059604160942975,-0.04976442901404135,0.2843545368791256
125.75,1.5726769917777377,-38.988604264914265,-0.04964044024593964,0.2836446188230694
126.0,1.5602823375502735,-38.917781857396946,-0.04951686500081364,0.28293463074550673
126.25,1.5479191839861786,-38.847139492256375,-0.049388430890526344,0.2822042793518269
126.5,1.5355880868807092,-38.77667972402659,-0.04926042180199612,0.28147385542501446
126.75,1.523288937963885,-38.70640257064194,-0.04913283774498882,0.2807433592074779
127.0,1.5110216317195817,-38.63630805040286,-0.04900567873029673,0.2800127909367485
127.25,1.4987867265059116,-38.56639871669169,-0.048873626297072266,0.27926186545841813
127.5,1.4865847805993888,-38.496677123781836,-0.04874201040076934,0.27851086540389974
127.75,1.4744156842797447,-38.42714329008609,-0.04861083105229359,0.2777597910181995
128.0,1.462279328686527,-38.357797234464144,-0.04848008826194551,0.277008642550692
128.25,1.4501762737915787,-38.28864150957278,-0.048344417509040005,0.2762371429840879
128.5,1.4381070813461296,-38.21967866912193,-0.04820919480546624,0.2754655667969773
128.75,1.4260716400973854,-38.150908732590565,-0.04807442016227284,0.27469391424049305
129.0,1.414069835162528,-38.08233171842267,-0.04794009358915589,0.2739221855735129
129.25,1.4021022336106894,-38.01395017972882,-0.04780080452751226,0.2731301119121403
129.5,1.3901693969532334,-37.94576666937044,-0.04766197502349721,0.27233795958738516
129.75,1.3782712097606296,-37.87778120668846,-0.0475236050881795,0.2715457288587611
130.0,1.366407557444973,-37.80999381158622,-0.047385694732533644,0.2707534199874677
130.25,1.3545790078287983,-37.742407036016466,-0.0472427873763341,0.26994077223243107
130.5,1.3427861249708075,-37.67502343230259,-0.047100351082974966,0.2691280437708897
130.75,1.3310287928673363,-37.60784302077708,-0.04695838586364024,0.2683152348683271
131.0,1.3193068927221685,-37.540865821442154,-0.04681689172947914,0.26750234579342524
131.25,1.3076209967337988,-37.47409438612287,-0.04667036607405599,0.2666691239398891
131.5,1.2959716715131322,-37.40753126663014,-0.04652432298313691,0.26583581933595923
131.75,1.284358796816212,-37.34117648363496,-0.046378762468251254,0.26500243225370385
132.0,1.2727822505452742,-37.27503005749601,-0.04623368454064197,0.26416896296912595
132.25,1.2612426083928299,-37.20909453956901,-0.046083540596313616,0.26331516701673435
132.5,1.2497404404483055,-37.14337248131397,-0.045933890714931695,0.26246128626978527
132.75,1.2382756222648257,-37.07786390351485,-0.04578473490747165,0.2616073210095519
133.0,1.2268480302349951,-37.01256882751814,-0.0456360731866011,0.2607532715146665
133.25,1.21545824170869,-36.947489803957446,-0.04548231095056714,0.25987890146148035
133.5,1.2041068312319594,-36.8826293837621,-0.04532905427199136,0.2590044445690336
133.75,1.1927936718941494,-36.81798758880591,-0.045176303162969625,0.2581299011250044
134.0,1.181518636877861,-36.75356444023436,-0.0450240576356034,0.25725527141524046
134.25,1.170282306967105,-36.68936248872318,-0.04486667711038613,0.25636032725235225
134.5,1.1590852546726294,-36.62538428405798,-0.04470981363321744,0.25546529421213027
134.75,1.1479273562854864,-36.56162984913604,-0.044553467217497304,0.2545701725804484
135.0,1.1368084798172362,-36.49809920543252,-0.044397637875034625,0.25367496265161926
135.25,1.1257292049763392,-36.43479490240549,-0.044236639074645374,0.25275944438482645
135.5,1.1146901151669482,-36.37171949046682,-0.04407616881038708,0.25184383519285986
135.75,1.1036910768723727,-36.30887299237654,-0.04391622709563969,0.2509281353745075
136.0,1.092731957573245,-36.24625543042178,-0.043756813942537685,0.2500123452282288
136.25,1.0818133414667026,-36.183869353485946,-0.04359219686572227,0.2490762528522498
136.5,1.0709358126760289,-36.12171731142333,-0.043428119809954605,0.24814006750738193
136.75,1.060099236270181,-36.05979932744641,-0.04326458278770767,0.24720378949835228
137.0,1.049303476385753,-35.9981154245843,-0.04310158581218834,0.24626741913291963
137.25,1.038549121713945,-35.93666815117427,-0.04293335046526308,0.2453107526445773
137.5,1.027836757120552,-35.875460056418014,-0.04276566661970361,0.24435399114297723
137.75,1.0171662435023074,-35.81449116355871,-0.0425985342889111,0.24339713494318793
138.0,1.0065374444317947,-35.753761496692164,-0.042431953486279844,0.24244018435524672
138.25,0.9959509493655386,-35.69327360340271,-0.04226009988340858,0.24146294375608668
138.5,0.9854073476155808,-35.63303003272273,-0.04208880925969137,0.24048560610081252
138.75,0.9749064986326987,-35.573030808598574,-0.04191808162837696,0.23950817170870117
139.0,0.9644482590232555,-35.513275954957905,-0.04174791700292661,0.23853064090135376
139.25,0.9540332255086392,-35.45376801932704,-0.04157244514070189,0.23753282618784466
139.5,0.943661988227347,-35.39450954966944,-0.04139754773093877,0.23653491237670332
139.75,0.9333344041017287,-35.33550057153383,-0.04122322478892119,0.23553689979098374
140.0,0.9230503284953129,-35.276741108294374,-0.041049476327339324,0.23453878875547263
140.25,0.9128103587774313,-35.218233707576836,-0.040870386214303764,0.23352039992615822
140.5,0.9026150868023444,-35.159980916670975,-0.040691882024606225,0.2325019099558232
140.75,0.8924643681781417,-35.10198276104427,-0.04051396377248412,0.23148331917434312
141.0,0.8823580557787383,-35.044239265450074,-0.04033663147196617,0.2304646279129312
141.25,0.8722967496489689,-34.9867529767789,-0.04015392311262156,0.22942566496831077
141.5,0.8622810443583487,-34.929526441357844,-0.03997181214334081,0.22838659883945625
141.75,0.8523107940558381,-34.87255968550564,-0.039790298579299076,0.2273474298587733
142.0,0.8423858463674786,-34.81585273491821,-0.03960938243462844,0.22630815837151075
142.25,0.8325068031747878,-34.759408135164776,-0.03942305583646363,0.22524862131221032
142.5,0.8226742662908647,-34.7032284328392,-0.039237338092707734,0.2241889790211688
142.75,0.812888082853651,-34.64731365445611,-0.039052229217846304,0.22312923184498826
143.0,0.8031481010574665,-34.59166382571594,-0.038867729226713804,0.2220693801274305
143.25,0.7934549252846131,-34.53628149264972,-0.038677784390234775,0.22098926894721468
143.5,0.7838091581987642,-34.48116920087164,-0.0384884598675118,0.21990905049495793
143.75,0.7742106447137019,-34.426326976693716,-0.038299755673940616,0.21882872511900714
144.0,0.7646592277421245,-34.37175484699964,-0.038111671824606105,0.21774829317349423
144.25,0.7551555181484171,-34.31745535706974,-0.03791810875766561,0.21664760787634574
144.5,0.7457001202970999,-34.26343105216928,-0.03772517746155005,0.21554681326378933
144.75,0.7362928776107774,-34.209681959718296,-0.03753287795232944,0.21444590968849467
145.0,0.7269336297859902,-34.15620810671372,-0.0373412102442615,0.2133448975144925
145.25,0.7176229885100986,-34.10301203772531,-0.03714402895460157,0.21222363809732553
145.5,0.7083615618053803,-34.05009629730554,-0.036947490888507996,0.2111022673208869
145.75,0.6991491889246799,-33.997460913075635,-0.036751596062135385,0.20998078554803798
146.0,0.6899857098738856,-33.945105913681914,-0.03655634449175017,0.2088591931433718
146.25,0.6808717373223212,-33.89303384208531,-0.03635554498111694,0.2077173596070922
146.5,0.6718078828027243,-33.841247243070924,-0.03615540014432956,0.20657541266733745
146.75,0.662793982280749,-33.78974614485052,-0.03595590999692608,0.20543335269597385
147.0,0.6538298725893849,-33.73853057597168,-0.03575707455571939,0.20429118006033958
147.25,0.6449161699509177,-33.68760307941634,-0.03555265682881003,0.20312877240176996
147.5,0.636053488609392,-33.63696619938516,-0.03534890522225072,0.20196624929695337
147.75,0.6272416622412297,-33.586619964383274,-0.03514581975158691,0.2008036111211822
148.0,0.6184805244328537,-33.53656440332693,-0.0349434004340184,0.19964085825004338
148.25,0.6097706930883884,-33.48680205916424,-0.03473536450135553,0.1984578764691363
148.5,0.6011127861649413,-33.4373354752311,-0.034528006131642384,0.19727477719693093
148.75,0.5925066330993332,-33.38816468071212,-0.03432132534166845,0.19609156081910098
149.0,0.5839520652301365,-33.33928970459493,-0.03411532214724769,0.19490822771718863
149.25,0.5754497050195369,-33.290713089595634,-0.033903668006165136,0.1937046718169931
149.5,0.5670001731479543,-33.24243737851543,-0.033692702867844385,0.19250099638096838
149.75,0.5586032957717635,-33.19446260115171,-0.033482426748441006,0.19129720180101287
150.0,0.5502589009491146,-33.146788787105756,-0.033272839664999526,0.19009328846613335
150.25,0.5419676165833267,-33.0994184792775,-0.03305756732132114,0.1888691584379991
150.5,0.5337300615726651,-33.05235421871094,-0.03284299541547212,0.18764490683212331
150.75,0.5255460606705754,-33.0055960359077,-0.032629123964548604,0.18642053404660233
151.0,0.5174154404529996,-32.959143961635235,-0.032415952986915776,0.185196040474862
151.25,0.5093388289600992,-32.91300053690951,-0.03219706245475526,0.18395133632644567
151.5,0.5013168504210599,-32.86716830367464,-0.03197888379397416,0.18270650855698373
151.75,0.49334932734942744,-32.8216472925323,-0.03176141702080407,0.18146155756875768
152.0,0.48543608212662137,-32.77643753472139,-0.031544662153596935,0.18021648376443417
152.25,0.47757774457426944,-32.7315415708575,-0.03132215343390537,0.17895120549116297
152.5,0.46977494636880535,-32.68696194252958,-0.031100368014233194,0.17768580155063052
152.75,0.4620275011649515,-32.642698680477075,-0.030879305911926763,0.1764202723562054
153.0,0.45433523090197275,-32.598751816595275,-0.030658967145135777,0.17515461831640547
153.25,0.4466987691435519,-32.55512389075454,-0.030432840239496793,0.173868765918354
153.5,0.4391187502311998,-32.511817444566994,-0.030207448060507253,0.17258278580806322
153.75,0.4315949855863169,-32.46883250888381,-0.029982790624144915,0.17129667840853022
154.0,0.42412729391594445,-32.426169116018414,-0.02975886794901048,0.17001044413190308
154.25,0.41671631057655595,-32.38382980548762,-0.029529122868330794,0.16870401760898468
154.5,0.409362669949129,-32.341817117776074,-0.029300123935248903,0.16739746133421085
154.75,0.4020661866066466,-32.30013108551432,-0.02907187116830596,0.1660907757289349
155.0,0.3948266724389713,-32.25877174033439,-0.028844364585183583,0.1647839612175882
155.25,0.38764476639433576,-32.21774162197461,-0.028611001331424746,0.16345696056813477
155.5,0.3805211074848626,-32.177043270625134,-0.0283783956443949,0.16212982812269164
155.75,0.3734555062617813,-32.13667671849856,-0.028146547541868898,0.16080256430986112
156.0,0.36644777110335003,-32.096641999259546,-0.027915457043244354,0.15947516955977156
156.25,0.35949854487986793,-32.056941651060946,-0.02767847562133311,0.15812759478340122
156.5,0.35260846848977906,-32.01757821333551,-0.027442263180804578,0.15677988616755997
156.75,0.3457773491379356,-31.9785517194214,-0.027206819740400928,0.15543204414733422
157.0,0.3390049950152025,-31.93986220230702,-0.026972145319021194,0.15408406915771328
157.25,0.3322920497618119,-31.901512200385582,-0.026731545733476098,0.1527159202575832
157.5,0.3256391560863527,-31.863504252812117,-0.0264917265415817,0.15134763547445534
157.75,0.31904611980502445,-31.825838393699907,-0.026252687762439823,0.14997921525134575
158.0,0.3125127459284851,-31.788514656254154,-0.026014429414459417,0.14861066002669304
158.25,0.3060396827017494,-31.75153557887333,-0.025770211667450117,0.14722193699603545
158.5,0.29962757389791994,-31.714903699375782,-0.025526785721777974,0.1458330760408884
158.75,0.2932762240298293,-31.67861905220418,-0.02528415159728887,0.14444407760579459
159.0,0.28698543280747485,-31.64268167205929,-0.025042309313384005,0.14305494214244202
159.25,0.2807558524606698,-31.60709409560199,-0.02479447341718153,0.14164564498648255
159.5,0.2745881303336249,-31.571858861208668,-0.024547440727400408,0.14023620786139368
159.75,0.2684820640574793,-31.53697600311755,-0.02430121126336661,0.1388266312231356
160.0,0.26243745670580293,-31.502445556742426,-0.024055785045545314,0.13741691552147317
160.25,0.2564549594182783,-31.468270058945432,-0.023804331003938577,0.13598704423849323
160.5,0.25053522344891993,-31.43445204685407,-0.023553691570376022,0.13455703094242355
160.75,0.2446780459634418,-31.400991555679695,-0.02330386676420388,0.1331268760950889
161.0,0.23888322311446952,-31.3678886208654,-0.023054856606105553,0.1316965801550314
161.25,0.23315140987308558,-31.335145778499214,-0.0227997844264052,0.13024613474774696
161.5,0.22748326211576805,-31.302765565800716,-0.022545538252724016,0.12879554528284018
161.75,0.22187857196508695,-31.270748018121544,-0.022292118104633135,0.12734481223061792
162.0,0.2163371341934961,-31.23909317171959,-0.022039524002804473,0.12589393605562593
162.25,0.21085960665151599,-31.20780356199594,-0.021780833686742444,0.1244229165222401
162.5,0.2054466480535756,-31.176881725722097,-0.021522980771258263,0.12295175088830723
162.75,0.20009804639815668,-31.14632769856309,-0.02126596527576806,0.12148043962962203
163.0,0.19481359503663268,-31.116141517832244,-0.02100978722208171,0.12000898321694459
163.25,0.1895939547050312,-31.08632571826821,-0.020747478774979327,0.11851738955494029
163.5,0.18443978613147635,-31.056882835589814,-0.020486019119141538,0.11702564774821238
163.75,0.17935087493858232,-31.027812906581065,-0.020225408275180205,0.11553375827984946
164.0,0.17432700952502536,-30.99911596824932,-0.019965646263980688,0.11404172162980196
164.25,0.16936885530689652,-30.970794555266096,-0.01969971968900107,0.11252955384191803
164.5,0.16447707673464132,-30.94285120335049,-0.019434653293466303,0.11101723586569201
164.75,0.15965145626975144,-30.915285949556694,-0.019170447097255426,0.10950476819129042
165.0,0.15489178093678674,-30.888098831738745,-0.018907101122962334,0.10799215130035514
165.25,0.15019871634701093,-30.861292383209648,-0.01863755642378679,0.10645940938199919
165.5,0.1455729288480735,-30.834869139367797,-0.018368883287369728,0.10492651523423338
165.75,0.14101420327726522,-30.808829138355968,-0.018101081735447257,0.10339346934650212
166.0,0.13652231613711177,-30.783172417150222,-0.017834151788451668,0.10186027221768215
166.25,0.1320979422615195,-30.757901510145796,-0.01756098897390592,0.10030695616928331
166.5,0.12774174815754602,-30.733018951638794,-0.017288709103054214,0.09875348584821421
166.75,0.1234535127188158,-30.708524779767124,-0.017017312196389373,0.09719986175503594
167.0,0.1192330175267425,-30.68441903335859,-0.016746798277443273,0.09564608438399594
167.25,0.11508093296196964,-30.660704245080264,-0.01647001735111326,0.09407219421102501
167.5,0.11099793218937634,-30.637382948910528,-0.016194130745553797,0.09249814771871885
167.75,0.1069837917772911,-30.61445518391615,-0.015919138482841027,0.09092394541500187
168.0,0.10303828741028108,-30.59192098869558,-0.015645040584374333,0.08934958780599248
168.25,0.0991620968700793,-30.569782896709764,-0.015364641547279172,0.08775512349972678
168.5,0.09535589166564448,-30.54804344052619,-0.01508514820471003,0.08616050083400222
168.75,0.09161944713269116,-30.526702659410088,-0.014806560577986967,0.08456572031980432
169.0,0.08795253654414338,-30.505760593352978,-0.01452887869022311,0.08297078246786169
169.25,0.08435583799220146,-30.48521977408518,-0.014244861558406513,0.08135574403595762
169.5,0.08083002952315606,-30.465082734599243,-0.013961761491367294,0.0797405451989914
169.75,0.07737488136414156,-30.44534951480512,-0.013679578511329962,0.07812518647654569
170.0,0.07399016372928352,-30.426020154546748,-0.013398312641117852,0.07650966838835034
170.25,0.07067655946751136,-30.407097185418202,-0.013110677416811694,0.07487405582729569
170.5,0.06743474768139761,-30.38858313980113,-0.012823970623086076,0.07323828082004556
170.75,0.06426449641280121,-30.370478057873676,-0.012538192284044718,0.07160234388896927
171.0,0.06116557346702337,-30.352781980890345,-0.012253342422402384,0.06996624556175698
171.25,0.05813866375726999,-30.335497439572176,-0.011962089108087087,0.06831005887273883
171.5,0.05518445032473671,-30.31862696556221,-0.01167177558897458,0.06665370769071934
171.75,0.052302697980434194,-30.302170599823143,-0.011382401887544864,0.0649971925486551
172.0,0.04949317156736012,-30.28612838302197,-0.011093968026833035,0.06334051397964399
172.25,0.04675655780055714,-30.270502846399566,-0.01079909663028725,0.06166375316459993
172.5,0.0440935437116151,-30.255296520658277,-0.010505176388331074,0.05998682581284514
172.75,0.041503889010494975,-30.240509447419,-0.010212207324542682,0.0583097324659692
173.0,0.03898735914688505,-30.226141667948486,-0.009920189461917639,0.056632473659962344
173.25,0.036544641953967984,-30.212195712707146,-0.009621699982219529,0.05493513871646715
173.5,0.0341764273661127,-30.198674112215823,-0.00932417301384126,0.05323763519336869
173.75,0.031882473784251436,-30.185576908798836,-0.009027608579802705,0.05153996363811823
174.0,0.02966254160474367,-30.172904144161866,-0.00873200670486483,0.04984212459176223
174.25,0.027517324443108636,-30.160658348458675,-0.008429899146658263,0.048124215516287594
174.5,0.02544751062082878,-30.148842050913238,-0.008128765452042754,0.04640613582185508
174.75,0.023452860017693075,-30.137455294883594,-0.007828605645619977,0.04468788605434013
175.0,0.0215331270665333,-30.126498122334855,-0.007529419751163856,0.04296946676778959
175.25,0.019689007564697276,-30.11597306218269,-0.007223694126654336,0.04123098356700661
175.5,0.01792119818118348,-30.105882644842314,-0.006918953716541231,0.03949232769867075
175.75,0.016229450186367546,-30.0962269129332,-0.006615198543739334,0.03775349972473782
176.0,0.014613516663902251,-30.08700590937046,-0.006312428633230966,0.03601450019989917
176.25,0.013074098200868457,-30.07822216309297,-0.006003084948213919,0.03425544287127706
176.5,0.011611890917647187,-30.069878202758165,-0.00569473782312916,0.032496210832322736
176.75,0.010226646563406014,-30.061974072315387,-0.005387387282288013,0.030736804648159706
177.0,0.008918115141041497,-30.054509814817273,-0.005081033349957312,0.028977224883304998
177.25,0.007686998335552804,-30.04748795874205,-0.004768071609875711,0.027197593425316198
177.5,0.006533996105621223,-30.040911032845653,-0.004456117772370535,0.025417785214547448
177.75,0.005458856209349475,-30.034779081038515,-0.004145171862350236,0.023637800821718357
178.0,0.004461326391996561,-30.029092147159165,-0.00383523390395471,0.02185764081742905
178.25,0.0035421123195125736,-30.023852759119652,-0.0035186541147699014,0.02005743522926569
178.5,0.002701915149686579,-30.019063444785573,-0.003203093566523686,0.01825705084744011
178.75,0.0019404804320366942,-30.01472424863534,-0.0028885522851749487,0.016456488246207535
179.0,0.0012575537031974927,-30.010835215075407,-0.002575030294959285,0.014655748003221652
179.25,0.0006538417392833914,-30.007398871600486,-0.0022548324583424317,0.012834968289020044
179.5,0.00013005060013571732,-30.004417745727874,-0.001935665199229268,0.01101400773447643
179.75,-0.0003140773301846668,-30.001891882554833,-0.0016175285428707761,0.009192866922736643
180.0,-0.0006787996806005664,-29.99982132710555,-0.0013004225144882184,0.007371546438836502
180.25,-0.0009634065936747777,-29.99820860617064,-0.0009766066328027179,0.00553019259214566
180.5,-0.0011671889257330473,-29.9970562465716,-0.0006538326610461623,0.003688655862661411
180.75,-0.0012904084147301654,-29.996364294070702,-0.0003321006241220892,0.00184693684078139
181.0,-0.0013333266223693992,-29.99613279344306,-1.1410547571484575e-05,5.036117074722686e-06
181.25,-0.0013356913911096195,-29.996132774533052,-7.509447197275032e-06,-4.884809104332842e-06
181.5,-0.0013370818076134758,-29.996135236002157,-3.613961209958383e-06,-1.4807940036230434e-05
181.75,-0.001337499298498761,-29.996140178677162,2.759098641294533e-07,-2.4733272494374994e-05
182.0,-0.0013369451480437253,-29.99614760270048,4.160165679570338e-06,-3.4660805147931254e-05
182.25,-0.001335515174884898,-29.99615725509107,7.29235088205854e-06,-4.255964164045043e-05
182.5,-0.001333301937672885,-29.996168882193913,1.0420069010357025e-05,-5.046025016125128e-05
182.75,-0.001330306528619633,-29.996182485131754,1.3543319206985038e-05,-5.836262786392182e-05
183.0,-0.001326529849382101,-29.996198064115454,1.66621023149488e-05,-6.626677225846373e-05
183.25,-0.001322054236212832,-29.996215404747826,1.9143636412741194e-05,-7.245897509518807e-05
183.5,-0.0013169582330965358,-29.996234293762857,2.162167155848882e-05,-7.865258162976129e-05
183.75,-0.0013112441525219784,-29.996254730623356,2.4096208741816727e-05,-8.484758670029387e-05
184.0,-0.0013049119092615389,-29.99627671696214,2.6567246380670984e-05,-9.104399062169931e-05
184.25,-0.0012980276777836764,-29.99630007261961,2.8499885260019342e-05,-9.580054574438651e-05
184.5,-0.001290661265840523,-29.996324617501035,3.042984018303274e-05,-0.00010055819255098581
184.75,-0.0012828129538827624,-29.996350351793563,3.2357110980686665e-05,-0.00010531693089659419
185.0,-0.0012744830707152046,-29.996377275912167,3.4281697192127536e-05,-0.00011007675964484899
185.25,-0.0012657284700917362,-29.996405239709432,3.575288239011931e-05,-0.00011363014930876633
185.5,-0.0012566074634032334,-29.996434091675088,3.7222065950047456e-05,-0.00011718436886159656
185.75,-0.001247119164090688,-29.996463832093536,3.8689247816102446e-05,-0.00012073941952672045
186.0,-0.0012372636937862309,-29.996494461511265,4.015442757066001e-05,-0.0001242952995133927
186.25,-0.0012270884944715677,-29.996525854400222,4.123921280504983e-05,-0.00012684468706970688
186.5,-0.0012166426384938994,-29.996557884561174,4.2322565179143956e-05,-0.0001293946891923651
186.75,-0.0012059268472339715,-29.99659055180858,4.340448554849413e-05,-0.00013194530350759466
187.0,-0.001194940167297169,-29.996623857030265,4.448497333349455e-05,-0.00013449652948944316
187.25,-0.0011837236838704189,-29.99665769538309,4.5247659249667005e-05,-0.00013621227609741734
187.5,-0.001172316738578673,-29.996691963280163,4.600938488900225e-05,-0.0001379284533690663
187.75,-0.001160719777630509,-29.99672666001236,4.677015065276957e-05,-0.00013964506087807413
188.0,-0.0011489315731171494,-29.996761785946,4.752995642213348e-05,-0.00014136210117273487
188.25,-0.0011369864442849274,-29.996797254674746,4.8025566405790476e-05,-0.00014238967301342863
188.5,-0.0011249188096394034,-29.996832980663704,4.8520606453557324e-05,-0.00014341752265415345
188.75,-0.0011127261881715656,-29.99686896351019,4.9015076871682106e-05,-0.0001444456539654708
189.0,-0.001100411044177419,-29.996905203646342,4.9508976962119033e-05,-0.00014547406334878112
189.25,-0.001088000311638633,-29.996941629941293,4.978449414791419e-05,-0.00014593742821793684
189.5,-0.001075520181676428,-29.99697817256928,5.005976068406248e-05,-0.00014640094929641527
189.75,-0.0010629717423749584,-29.997014830518967,5.0334777756871896e-05,-0.00014686462552806684
190.0,-0.001050353648967758,-29.997051604738466,5.0609544529359174e-05,-0.00014732845772068225
190.25,-0.0010376879423095412,-29.99708843744041,5.070501998700322e-05,-0.0001473330516761017
190.5,-0.0010249995761360048,-29.99712527135208,5.080050499252364e-05,-0.00014733769717869955
190.75,-0.001012287769976152,-29.997162106046986,5.089599990296123e-05,-0.0001473423971119219
191.0,-0.0009995519924716342,-29.99719894223642,5.099150414863973e-05,-0.00014734715136345263
191.25,-0.0009868118229225478,-29.997235733301554,5.0940981972967536e-05,-0.000146982421734143
191.5,-0.0009740831496754865,-29.997272433402024,5.0890678102821774e-05,-0.00014661766523549146
191.75,-0.0009613670327195539,-29.997309042136305,5.084059300580063e-05,-0.00014625287990611093
192.0,-0.0009486627629050105,-29.997345559730242,5.079072649240984e-05,-0.0001458880676604199
192.25,-0.0009359871504857575,-29.997381949155645,5.062310333611014e-05,-0.00014522971671787895
192.5,-0.0009233524172155308,-29.99741817437123,5.045586436139282e-05,-0.00014457127245104813
192.75,-0.0009107586008525905,-29.99745423492258,5.028901031762373e-05,-0.00014391273410423308
193.0,-0.0008982058899673022,-29.997490131036844,5.0122540320746145e-05,-0.0001432541014915045
193.25,-0.000885708010505286,-29.99752583369699,4.986224926954025e-05,-0.0001423659940174258
193.5,-0.0008732748675266076,-29.997561313997377,4.960247261295847e-05,-0.0001414777409954125
193.75,-0.0008609057424829848,-29.997596572573755,4.934320964393446e-05,-0.00014058934247582522
194.0,-0.0008486025431156905,-29.99763160899959,4.90844612778818e-05,-0.00013970079469954226
194.25,-0.0008363728096925845,-29.99766640107069,4.875211500322135e-05,-0.00013863663920986283
194.5,-0.0008242251695408484,-29.99770092727962,4.8420382763134096e-05,-0.00013757229524555625
194.75,-0.0008121614926700735,-29.997735187181984,4.808926430276139e-05,-0.00013650776441621496
195.0,-0.0008001809223809506,-29.997769180942345,4.775875940146723e-05,-0.00013544304505404658
195.25,-0.0007882902925635158,-29.99780289196531,4.7371681418141576e-05,-0.0001342478311756008
195.5,-0.0007764948054152158,-29.997836304964693,4.69852903813156e-05,-0.0001330523991839058
195.75,-0.0007647979158803463,-29.997869418163894,4.659958793690189e-05,-0.00013185674711963254
196.0,-0.0007531961160329074,-29.9979022327835,4.6214572494013284e-05,-0.00013066087813889054
196.25,-0.000741696310589699,-29.99793473695631,4.578726765432778e-05,-0.00012937213197938664
196.5,-0.0007303034714025126,-29.99796691876347,4.536070300057565e-05,-0.00012808314329596014
196.75,-0.0007190166433979694,-29.997998778122362,4.493487890268322e-05,-0.00012679391433103443
197.0,-0.0007078358826736668,-29.998030315199387,4.450979453961279e-05,-0.0001255044450450248
197.25,-0.0006967643438982841,-29.998061522772367,4.405434522757046e-05,-0.00012415330685814764
197.5,-0.0006858068351762659,-29.998092392521315,4.3599670814797875e-05,-0.00012280191123590893
197.75,-0.0006749632448694564,-29.998122923923667,4.3145771722021e-05,-0.00012145025936569052
198.0,-0.0006642336676902251,-29.99815311736466,4.269264772596704e-05,-0.0001200983494903835
198.25,-0.0006536199906747552,-29.99818296852168,4.2219060604940795e-05,-0.00011871050513690708
198.5,-0.0006431239404724461,-29.998212472388662,4.174626913332896e-05,-0.00011732239308021311
198.75,-0.0006327474723553854,-29.99824162915822,4.1274273142710705e-05,-0.00011593401221961309
199.0,-0.0006224886507011834,-29.998270438717256,4.080307256888738e-05,-0.00011454536486842064
199.25,-0.0006123490147260952,-29.998298899441043,4.0319606181428436e-05,-0.0001131418627929435
199.5,-0.0006023290899426224,-29.99832700945728,3.983694335752547e-05,-0.00011173808857022306
199.75,-0.0005924306726434174,-29.99835476827244,3.935508468401461e-05,-0.00011033404034200748
200.0,-0.0005826527836294772,-29.99838217579051,3.8874030076081756e-05,-0.00010892971933913475
200.25,-0.0005729947051492384,-29.998409233050626,3.838742541396184e-05,-0.00010752765682020105
200.5,-0.00056345828598292,-29.998435939783416,3.790162304811301e-05,-0.00010612531897764824
200.75,-0.0005540435074207513,-29.998462295909636,3.741662309518501e-05,-0.00010472270600628703
201.0,-0.0005447512055733168,-29.998488300912893,3.693242637108074e-05,-0.00010331981624773874
201.25,-0.0005355781525978227,-29.99851395736798,3.6448143835556e-05,-0.00010193293632930397
201.5,-0.0005265266722167293,-29.998539267043746,3.5964654238794524e-05,-0.00010054578230257684
201.75,-0.0005175957891871458,-29.998564229843527,3.548195773086377e-05,-9.915835638140778e-05
202.0,-0.0005087864479192037,-29.998588845702976,3.5000055248021744e-05,-9.777065506445085e-05
202.25,-0.0005000965455533082,-29.998613117895705,3.452247181132129e-05,-9.640987236763541e-05
202.5,-0.0004915260084704714,-29.998637050181305,3.4045665976090156e-05,-9.50488206798726e-05
202.75,-0.0004830738144310187,-29.99866064223793,3.3569638528282986e-05,-9.368749862215431e-05
203.0,-0.0004747408606273305,-29.99868389377393,3.309438943727844e-05,-9.232590899891383e-05
203.25,-0.0004665254250566531,-29.998706809652713,3.262696451611369e-05,-9.099974812270976e-05
203.5,-0.0004584265917554014,-29.998729394073383,3.2160297621534883e-05,-8.967332188558323e-05
203.75,-0.00045044521207651336,-29.99875164651727,3.169438937718899e-05,-8.834663043489747e-05
204.0,-0.0004425794702233745,-29.99877356733016,3.122923899791241e-05,-8.701967776892725e-05
204.25,-0.0004348286706743152,-29.99879516161904,3.077465648172045e-05,-8.573464780642033e-05
204.5,-0.000427192177128273,-29.99881643471795,3.032080848679869e-05,-8.444935945084821e-05
204.75,-0.000419667170042891,-29.99883738673643,2.9867694258930988e-05,-8.316381684608645e-05
205.0,-0.0004122573353046006,-29.998858016968168,2.9415314850851637e-05,-8.187801698429542e-05
205.25,-0.00040495842001714993,-29.998878331603805,2.897561024112899e-05,-8.06389489257326e-05
205.5,-0.0003977699106873607,-29.998898336433257,2.8536613758227414e-05,-7.939963179906847e-05
205.75,-0.00039069177008886906,-29.998918031153195,2.8098325321863904e-05,-7.816006571439233e-05
206.0,-0.00038372225596874845,-29.99893741634329,2.766074430609472e-05,-7.692025375275283e-05
206.25,-0.0003768598512894403,-29.998956497557096,2.7237416596118114e-05,-7.573057909817846e-05
206.5,-0.0003701033148589207,-29.998975281482082,2.6814767863099498e-05,-7.454066738609963e-05
206.75,-0.00036345267389930767,-29.99899376804397,2.6392798617928814e-05,-7.335051605101588e-05
207.0,-0.0003569068876051074,-29.99901195670477,2.597150992909164e-05,-7.216012654851288e-05
207.25,-0.00035046573979344655,-29.999029854390464,2.5565590172561825e-05,-7.102211279551705e-05
207.5,-0.0003441250741000599,-29.99904746753478,2.5160320434557126e-05,-6.988387135276003e-05
207.75,-0.000337885888616563,-29.99906479607616,2.4755701214511372e-05,-6.87453985570278e-05
208.0,-0.00033174816717424497,-29.999081839715906,2.435173200148605e-05,-6.760669626219261e-05
208.25,-0.00032570803592830847,-29.999098606024976,2.39638889316246e-05,-6.652165307915165e-05
208.5,-0.00031976593963767237,-29.999115100584547,2.357666616562004e-05,-6.54363896490108e-05
208.75,-0.00031392022543121854,-29.999131324212797,2.3190062775693687e-05,-6.435090613922308e-05
209.0,-0.0003081708885914233,-29.99914727661407,2.2804079127955457e-05,-6.326520460234577e-05
209.25,-0.00030251662784516227,-29.999162964032415,2.2434660462263e-05,-6.223364788377676e-05
209.5,-0.0002969534878451261,-29.999178393595383,2.2065830647059748e-05,-6.120188364290365e-05
209.75,-0.0002914833947694922,-29.99919356502555,2.1697590009445156e-05,-6.016990987248553e-05
210.0,-0.0002861045442850208,-29.99920847846718,2.1329938834045714e-05,-5.913772795542254e-05
210.25,-0.0002808166684144988,-29.999223140401963,2.0979046343044816e-05,-5.81595454193117e-05
210.5,-0.0002756167914505835,-29.99923755797069,2.0628712015802186e-05,-5.718116399159773e-05
210.75,-0.00027050391598666044,-29.999251730650055,2.027893667722741e-05,-5.620258502624613e-05
211.0,-0.00026547822424778514,-29.99926565882847,1.9929719236581878e-05,-5.522380832781708e-05
211.25,-0.0002605384521169562,-29.999279348758158,1.9597256828721155e-05,-5.429837574275323e-05
211.5,-0.00025567983381185347,-29.999292808027775,1.9265322029199394e-05,-5.337275714059239e-05
211.75,-0.00025090409729432866,-29.99930603545675,1.893391574755987e-05,-5.244695156779345e-05
212.0,-0.0002462114917760774,-29.999319031661724,1.8603037948615453e-05,-5.152095720098711e-05
212.25,-0.00024159981166430185,-29.99933180289389,1.8288727892085133e-05,-5.0647240230000157e-05
212.5,-0.0002370668584791305,-29.999344355406652,1.797491662041545e-05,-4.9773346704657957e-05
212.75,-0.00023261187772258388,-29.99935668958882,1.766160391429572e-05,-4.889927582921848e-05
213.0,-0.00022823671747149786,-29.999368804710766,1.7348790825273686e-05,-4.802502480118275e-05
213.25,-0.00022393653226690115,-29.999380707921446,1.7052242122249373e-05,-4.72016776252999e-05
213.5,-0.0002197100462228329,-29.99939240525779,1.6756163127309986e-05,-4.637816334828632e-05
213.75,-0.00021555832477048579,-29.99940389666649,1.6460553908276276e-05,-4.55544809360079e-05
214.0,-0.0002114796650123869,-29.999415182536563,1.6165414034853554e-05,-4.473063342379928e-05
214.25,-0.00020747364991043952,-29.99942626845721,1.5886127679887174e-05,-4.395606527758243e-05
214.5,-0.00020353715667999675,-29.999437160689205,1.5607283189986165e-05,-4.318134008583466e-05
214.75,-0.000199671205151513,-29.999447858954426,1.5328880444219484e-05,-4.240645675649579e-05
215.0,-0.00019587410315708635,-29.999458363646227,1.5050919442746724e-05,-4.1631416546838406e-05
215.25,-0.0001921435864415971,-29.999468680579866,1.4788330220519286e-05,-4.0903862048361064e-05
215.5,-0.00018847931732229786,-29.99947881557513,1.4526156092001252e-05,-4.017615918693171e-05
215.75,-0.0001848805179881854,-29.999488768804518,1.4264397086002911e-05,-3.944830813110464e-05
216.0,-0.0001813462418498612,-29.9994985397634,1.4003053337374727e-05,-3.872031095055011e-05
216.25,-0.0001778761609134179,-29.999508134272745,1.3756524759087063e-05,-3.803787713696834e-05
216.5,-0.0001744671867761744,-29.999517558605266,1.3510385139345327e-05,-3.735530442239486e-05
216.75,-0.00017112114924541094,-29.99952681180756,1.3264635560436555e-05,-3.66725909077717e-05
217.0,-0.00016783643327002032,-29.99953589450685,1.3019275095449423e-05,-3.5989738536179224e-05
217.25,-0.00016460973428664602,-29.99954481207674,1.2788148722665815e-05,-3.535045034170226e-05
217.5,-0.000161440633797086,-29.999553569891155,1.2557386724926234e-05,-3.4711032159978904e-05
217.75,-0.0001583292198618929,-29.999562167676558,1.232699007634036e-05,-3.407148329096227e-05
218.0,-0.00015527479081047275,-29.99957060583797,1.2096957437250644e-05,-3.3431805415211865e-05
218.25,-0.00015227778362462304,-29.999578889296334,1.1880530353357288e-05,-3.2833639169493546e-05
218.5,-0.0001493347439714663,-29.99958702275461,1.166444497598118e-05,-3.223535165976938e-05
218.75,-0.0001464450931874677,-29.999595007072255,1.1448700778501908e-05,-3.163694194795526e-05
219.0,-0.00014360977386966315,-29.999602841523693,1.1233298362667288e-05,-3.1038409083036126e-05
219.25,-0.0001408273741478995,-29.999610531262164,1.1030881094983847e-05,-3.047932728227762e-05
219.5,-0.0001380945108257923,-29.999618081222973,1.0828783075601811e-05,-2.9920130597949872e-05
219.75,-0.0001354132084645972,-29.999625491130093,1.0627003949881253e-05,-2.9360818617657365e-05
220.0,-0.00013278272611320588,-29.999632761167547,1.0425543725559039e-05,-2.8801393343613016e-05
220.25,-0.00013019968894340399,-29.99963989627451,1.023643600040619e-05,-2.827936745559221e-05
220.5,-0.00012766355018631017,-29.999646901155167,1.0047625652848113e-05,-2.7757235053850402e-05
220.75,-0.00012517442233578449,-29.99965377554157,9.859112980029061e-06,-2.7234997119176192e-05
221.0,-0.00012273331996812286,-29.999660518934927,9.670898552978369e-06,-2.6712650799329267e-05
221.25,-0.00012033784144308351,-29.999667136274443,9.494389766363798e-06,-2.622567010529787e-05
221.5,-0.00011798631974605988,-29.99967363159417,9.31815871670072e-06,-2.573859115470055e-05
221.75,-0.00011567904752566316,-29.999680005304114,9.142205173000295e-06,-2.5251411030748892e-05
222.0,-0.00011341608645385995,-29.999686256911613,8.966529673207213e-06,-2.4764132646533794e-05
222.25,-0.00011119589221317587,-29.99969239090349,8.80193676962987e-06,-2.4310237046947378e-05
222.5,-0.00010901596562561277,-29.999698411774556,8.637602765322605e-06,-2.3856248326123634e-05
222.75,-0.00010687733516651536,-29.999704319027973,8.47352755205949e-06,-2.3402166258674756e-05
223.0,-0.0001047810868897332,-29.999710112390932,8.309711654462537e-06,-2.2947989842877913e-05
223.25,-0.00010272280873758394,-29.999715796374538,8.156363211005158e-06,-2.2525266103552407e-05
223.5,-0.00010070277704924831,-29.999721375005944,8.003255867854164e-06,-2.2102454637555026e-05
223.75,-9.872196809483115e-05,-29.99972684756246,7.850389542492231e-06,-2.1679556158204712e-05
224.0,-9.67797293228761e-05,-29.99973221446324,7.697764414921204e-06,-2.125657174473916e-05
224.25,-9.487340541917665e-05,-29.99973747953372,7.555001311568277e-06,-2.0863166191709456e-05
224.5,-9.300124685779016e-05,-29.999742646368098,7.4124624117322124e-06,-2.046968196062497e-05
224.75,-9.116627222093088e-05,-29.999747714677913,7.270148043733715e-06,-2.00761148692065e-05
225.0,-8.936681733718496e-05,-29.99975268466767,7.128058180899677e-06,-1.9682467965224604e-05
225.25,-8.76019813088262e-05,-29.99975755947258,6.9952404894713105e-06,-1.931659464947516e-05
225.5,-8.586918196610866e-05,-29.999762343149264,6.862630922782609e-06,-1.895064818432593e-05
225.75,-8.417126719054107e-05,-29.999767034730873,6.730230576269813e-06,-1.8584624580456724e-05
226.0,-8.250579528963497e-05,-29.999771635110857,6.598038871249989e-06,-1.8218526885436472e-05
226.25,-8.087175712649051e-05,-29.999776146976593,6.4745626190826355e-06,-1.7878476856467023e-05
226.5,-7.926748174685618e-05,-29.999780574153345,6.351279927270526e-06,-1.7538359015675564e-05
226.75,-7.769401978194285e-05,-29.999784916144634,6.228191358828572e-06,-1.7198171407168997e-05
227.0,-7.61525987224256e-05,-29.999789173128114,6.1052969346359065e-06,-1.6857911932702652e-05
227.25,-7.46402979522173e-05,-29.99979334781501,5.990567912568523e-06,-1.654205105339633e-05
227.5,-7.315731674470393e-05,-29.999797443784495,5.876018933419214e-06,-1.6226123343805537e-05
227.75,-7.170104864794115e-05,-29.99980146126251,5.761649257134127e-06,-1.5910134619402802e-05
228.0,-7.02761509420397e-05,-29.999805398802174,5.647460753141487e-06,-1.5594077964131648e-05
228.25,-6.887814738700058e-05,-29.99980926049376,5.540925415457865e-06,-1.530084675209128e-05
228.5,-6.750700874806696e-05,-29.999813049016804,5.434557279401786e-06,-1.5007554330998617e-05
228.75,-6.616193419495832e-05,-29.999816764124667,5.328356600407813e-06,-1.4714202714431662e-05
229.0,-6.484410207676917e-05,-29.99982040576936,5.2223234341605695e-06,-1.4420789801995003e-05
229.25,-6.354976736372589e-05,-29.999823977134792,5.123458677439019e-06,-1.414870931514098e-05
229.5,-6.228166871251061e-05,-29.99982748041023,5.024749219366409e-06,-1.3876570798460597e-05
229.75,-6.10363092701409e-05,-29.999830916067644,4.926193840674997e-06,-1.3604379140278311e-05
230.0,-5.9818412261654253e-05,-29.999834282876158,4.827795267718649e-06,-1.3332127642582807e-05
230.25,-5.8623340329055245e-05,-29.999837584262703,4.736087298805314e-06,-1.3079787921385824e-05
230.5,-5.745005933822634e-05,-29.99984082269874,4.6445227855490545e-06,-1.282739817137817e-05
230.75,-5.630065626061471e-05,-29.999843997895596,4.553102509997908e-06,-1.2574954443750847e-05
231.0,-5.517445849939378e-05,-29.999847110059015,4.461826430775251e-06,-1.2322458665619066e-05
231.25,-5.406935577935353e-05,-29.999850161226497,4.3768020513632044e-06,-1.2088535632990849e-05
231.5,-5.29853406934788e-05,-29.999853154079872,4.291911283940686e-06,-1.1854565341768263e-05
231.75,-5.1923544018490274e-05,-29.999856088344348,4.2071535457585685e-06,-1.1620546447097675e-05
232.0,-5.0882277128388e-05,-29.999858964018884,4.122529497690985e-06,-1.1386480268525488e-05
232.25,-4.9861416008521206e-05,-29.99986178333545,4.043734309552849e-06,-1.1169724157363338e-05
232.5,-4.885910114386252e-05,-29.999864549235088,3.965061787500335e-06,-1.0952924060301184e-05
232.75,-4.7878083822305486e-05,-29.999867260283757,3.886513960549287e-06,-1.0736078090075332e-05
233.0,-4.6916921296535564e-05,-29.999869917381375,3.80808913550551e-06,-1.0519187871313139e-05
233.25,-4.597435404438125e-05,-29.999872522103598,3.735097852515523e-06,-1.031841362196239e-05
233.5,-4.50502057310638e-05,-29.999875076458352,3.662221224692841e-06,-1.0117598585561705e-05
233.75,-4.4142977358009674e-05,-29.99987758112384,3.589458704912618e-06,-9.916743749886863e-06
234.0,-4.325458342599611e-05,-29.999880035130825,3.5168107141575478e-06,-9.715846940351326e-06
234.25,-4.2383951983362485e-05,-29.999882440730484,3.4492233183247567e-06,-9.52994754465394e-06
234.5,-4.153085132033893e-05,-29.999884799706102,3.381741990479692e-06,-9.34401016419705e-06
234.75,-4.069468507693012e-05,-29.999887112493013,3.3143664771792536e-06,-9.158033828401932e-06
235.0,-3.987461269525102e-05,-29.99988937862841,3.2470972842410517e-06,-8.97201965805687e-06
235.25,-3.907052796626765e-05,-29.99989160034581,3.1845414530037863e-06,-8.799954663795273e-06
235.5,-3.828208201284513e-05,-29.99989377898017,3.1220837449844052e-06,-8.627853501755935e-06
235.75,-3.750945766019316e-05,-29.99989591427359,3.0597246323191274e-06,-8.455717131873905e-06
236.0,-3.6753858635917655e-05,-29.999898006171176,2.9974636980359404e-06,-8.283545179311524e-06
236.25,-3.601134507049607e-05,-29.999900056990572,2.9395844673013594e-06,-8.12433622142181e-06
236.5,-3.5284513235572364e-05,-29.999902068228238,2.88179573853381e-06,-7.96509329621152e-06
236.75,-3.457156757412326e-05,-29.999904039444548,2.8240977693536062e-06,-7.805818544506497e-06
237.0,-3.3873776283390514e-05,-29.999905970808555,2.766490807895594e-06,-7.646509884111667e-06
237.25,-3.318804137829244e-05,-29.999907864171618,2.712955912580195e-06,-7.499243427844164e-06
237.5,-3.251588012021654e-05,-29.99990972060109,2.6595054037556465e-06,-7.351946534284912e-06
237.75,-3.185754189652676e-05,-29.999911540063167,2.6061388822273823e-06,-7.2046180330051806e-06
238.0,-3.121327607075832e-05,-29.99991332252355,2.5528567813640213e-06,-7.0572588694691825e-06
238.25,-3.058101089647472e-05,-29.999915070038004,2.503349637125729e-06,-6.921074756582745e-06
238.5,-2.9961183638311395e-05,-29.99991678324642,2.4539203531265263e-06,-6.784864108918986e-06
238.75,-2.9353210476908277e-05,-29.99991846258775,2.4045684795456768e-06,-6.648624944841716e-06
239.0,-2.8759138357169763e-05,-29.999920107530684,2.3552949861421757e-06,-6.512357113794819e-06
239.25,-2.8176775579827188e-05,-29.999921719683954,2.309528657609694e-06,-6.386455729536072e-06
239.5,-2.760585160094403e-05,-29.99992330060865,2.2638336540509174e-06,-6.260529538411829e-06
239.75,-2.7044638929747276e-05,-29.999924850096633,2.2182097727946326e-06,-6.134579605132496e-06
240.0,-2.6496208085615672e-05,-29.99992636781411,2.1726571483304813e-06,-6.00860256374361e-06
240.25,-2.5958371446594092e-05,-29.999927855372384,2.1303617426596255e-06,-5.892241874869784e-06
240.5,-2.5431696971804026e-05,-29.99992931385842,2.088132205577131e-06,-5.775855157116065e-06
240.75,-2.4914646699122664e-05,-29.999930743738187,2.045968785224783e-06,-5.659447375565221e-06
241.0,-2.440824854836268e-05,-29.999932144278336,2.0038721695106454e-06,-5.543013727180236e-06
241.25,-2.3913009346989606e-05,-29.999933516340466,1.9647933398037054e-06,-5.435490199990607e-06
241.5,-2.3426746579531336e-05,-29.999934861539327,1.92577647490505e-06,-5.327945568933996e-06
241.75,-2.2950740595481868e-05,-29.99993618003732,1.8868200247906808e-06,-5.220379123992463e-06
242.0,-2.248416390137679e-05,-29.99993747137804,1.8479253815900654e-06,-5.112791278935216e-06
242.25,-2.2025922100471825e-05,-29.999938737599297,1.8118307847439508e-06,-5.013464763416911e-06
242.5,-2.1578130577088366e-05,-29.9999399783859,1.775793797439973e-06,-4.914115447612396e-06
242.75,-2.1138485425521475e-05,-29.99994119490704,1.7398135360099931e-06,-4.814745293897624e-06
243.0,-2.07079534113143e-05,-29.999942386202555,1.703889416573845e-06,-4.715356694591038e-06
243.25,-2.02870468375936e-05,-29.999943553132567,1.6705556991208903e-06,-4.6236122392420965e-06
243.5,-1.98736537072661e-05,-29.999944697540467,1.6372734109662557e-06,-4.531849912612472e-06
243.75,-1.9467972124149034e-05,-29.999945819166854,1.6040427885596897e-06,-4.44007059651493e-06
244.0,-1.9070263369456545e-05,-29.999946917975933,1.570864995102672e-06,-4.34827259998598e-06
244.25,-1.868181171842027e-05,-29.999947994125293,1.5400852837049728e-06,-4.2635558059001375e-06
244.5,-1.8301341050377094e-05,-29.999949048981883,1.5093544111499657e-06,-4.178820610652391e-06
244.75,-1.792821804560446e-05,-29.99995008276344,1.4786716949419243e-06,-4.094066838985011e-06
245.0,-1.7562705397234482e-05,-29.999951095433367,1.4480368089181406e-06,-4.009298048636184e-06
245.25,-1.72034656993252e-05,-29.999952088136553,1.4196274969457967e-06,-3.9310866725069825e-06
245.5,-1.6851849726154557e-05,-29.99995306125311,1.3912625690115643e-06,-3.852859582515784e-06
245.75,-1.6507161959187008e-05,-29.999954014777092,1.3629420317212704e-06,-3.7746167975180323e-06
246.0,-1.6169730292457272e-05,-29.999954948895038,1.3346661118379677e-06,-3.6963573034494794e-06
246.25,-1.5839051452674307e-05,-29.999955864272856,1.3084410905861432e-06,-3.6241605339646874e-06
246.5,-1.5515454168901817e-05,-29.999956761096627,1.282258035077699e-06,-3.5519473531463812e-06
246.75,-1.5196645746766299e-05,-29.999957640545556,1.2561152979706502e-06,-3.479722335402589e-06
247.0,-1.4886408515950134e-05,-29.999958501331694,1.2300150241950636e-06,-3.4074796848358593e-06
247.25,-1.4580660119749557e-05,-29.99995934514813,1.2058126907590894e-06,-3.3408468332125394e-06
247.5,-1.428164980137043e-05,-29.99996017211445,1.1816490882096686e-06,-3.274199315074521e-06
247.75,-1.3988813196444306e-05,-29.99996098267291,1.1575225251636567e-06,-3.207539497720569e-06
248.0,-1.3702223455255984e-05,-29.999961776113416,1.133434745018147e-06,-3.140864908047336e-06
248.25,-1.3422404678928645e-05,-29.99996255329155,1.1111007905198478e-06,-3.0793737593598504e-06
248.5,-1.3148092430188298e-05,-29.999963315578885,1.0888005302217563e-06,-3.01787011092606e-06
248.75,-1.287846586569247e-05,-29.999964062523887,1.0665362229905773e-06,-2.956354628053176e-06
249.0,-1.2614751759988819e-05,-29.99996479405255,1.0443063211892922e-06,-2.894827523829948e-06
249.25,-1.2357347060517781e-05,-29.999965510572057,1.023707326908152e-06,-2.838093647465007e-06
249.5,-1.2104860251338359e-05,-29.999966213007795,1.0031406948718402e-06,-2.7813492743831246e-06
249.75,-1.1857494894206714e-05,-29.999966901096386,9.82606976472622e-07,-2.7245925330943998e-06
250.0,-1.1614559940231944e-05,-29.999967574833935,9.621061063738723e-07,-2.6678253115126994e-06
250.25,-1.1377478040726254e-05,-29.999968234814606,9.43115808900441e-07,-2.6154915089316777e-06
250.5,-1.1143900523928115e-05,-29.999968882001813,9.241563385178897e-07,-2.5631463366841727e-06
250.75,-1.0915056189982103e-05,-29.99996951631873,9.05225893035877e-07,-2.5107908757796326e-06
251.0,-1.0691084040626258e-05,-29.999970137277348,8.863250247834187e-07,-2.4584242005944276e-06
251.25,-1.0470661107724506e-05,-29.999970746029103,8.688144499946482e-07,-2.4101545104173947e-06
251.5,-1.0255975865049092e-05,-29.999971342457528,8.513311954422287e-07,-2.361874116637471e-06
251.75,-1.0045379761168514e-05,-29.99997192659642,8.338754036857354e-07,-2.313585116700858e-06
252.0,-9.840232902821924e-06,-29.9999724988126,8.164470958332837e-07,-2.2652853315830437e-06
252.25,-9.638952654460843e-06,-29.999973059364052,8.003017721511241e-07,-2.2207687453134835e-06
252.5,-9.441047092613556e-06,-29.99997360891812,7.841822299292645e-07,-2.1762442806969033e-06
252.75,-9.246787195263307e-06,-29.999974147433026,7.680872077253653e-07,-2.1317104789143585e-06
253.0,-9.056509644288303e-06,-29.999974675089874,7.520172968303318e-07,-2.087168320683797e-06
253.25,-8.870485518170918e-06,-29.999975191845834,7.371331305905393e-07,-2.046117895834589e-06
253.5,-8.688092577064228e-06,-29.99997569792103,7.222727673103502e-07,-2.0050588896304897e-06
253.75,-8.50973388638429e-06,-29.999976193718993,7.074356722647224e-07,-1.9639919514024502e-06
254.0,-8.333960714406144e-06,-29.999976679947235,6.92621560362261e-07,-1.9229162077687225e-06
254.25,-8.161872199313894e-06,-29.99997715607555,6.788998781481759e-07,-1.885066191708127e-06
254.5,-7.992979266966259e-06,-29.99997762277094,6.652003449389432e-07,-1.8472098831075683e-06
254.75,-7.82762032628656e-06,-29.999978080212834,6.51521449228365e-07,-1.8093457439259118e-06
255.0,-7.665042423160061e-06,-29.99997852817543,6.378647548280214e-07,-1.7714742456703833e-06
255.25,-7.506543097154977e-06,-29.999978966795886,6.252074965795718e-07,-1.7365771143981047e-06
255.5,-7.351634678783089e-06,-29.999979396740645,6.125701978790254e-07,-1.7016727284308187e-06
255.75,-7.199630948228e-06,-29.99997981800706,5.99952602382825e-07,-1.6667619680021512e-06
256.0,-7.0516307593402165e-06,-29.999980230061087,5.873553143367904e-07,-1.6318428218772496e-06
256.25,-6.905362204722179e-06,-29.999980634101536,5.756895689115749e-07,-1.5996721847444499e-06
256.5,-6.762950024612867e-06,-29.99998102977405,5.640424058234172e-07,-1.5674944416588795e-06
256.75,-6.6229493333445915e-06,-29.999981417788646,5.524134574358408e-07,-1.5353105895312395e-06
257.0,-6.486392495997465e-06,-29.999981797386603,5.408033219994612e-07,-1.5031195640417779e-06
257.25,-6.354578267355532e-06,-29.999982168700015,5.300515455719523e-07,-1.4734644644152696e-06
257.5,-6.222560998804428e-06,-29.999982533731785,5.1931594811927e-07,-1.4438075212415612e-06
257.75,-6.094049593495203e-06,-29.999982890920716,5.085974245089275e-07,-1.4141435094559594e-06
258.0,-5.969384480137761e-06,-29.999983240442166,4.978962123564079e-07,-1.3844714065763575e-06
258.25,-5.845271814132443e-06,-29.999983583320983,4.879965381579532e-07,-1.357143585544593e-06
258.5,-5.72568737623e-06,-29.999983918883355,4.781122739661026e-07,-1.3298095560562818e-06
258.75,-5.6063793110006575e-06,-29.999984248200857,4.682429042973668e-07,-1.3024726204035562e-06
259.0,-5.4903644807129255e-06,-29.999984570643388,4.583898403770492e-07,-1.2751278580884691e-06
259.25,-5.375999346492484e-06,-29.9999848862549,4.492666697622494e-07,-1.2499433340401557e-06
259.5,-5.2647864850387255e-06,-29.999985195832537,4.4015771216709965e-07,-1.2247528865497596e-06
259.75,-5.1559070504483074e-06,-29.999985498928297,4.3106321126473723e-07,-1.1995575447290648e-06
260.0,-5.048676701992971e-06,-29.999985795540542,4.219836042887448e-07,-1.1743574466351923e-06
260.25,-4.945355095919256e-06,-29.99998608574868,4.135770045529674e-07,-1.1511470163317072e-06
260.5,-4.842719726995296e-06,-29.999986370806912,4.0518300376685135e-07,-1.1279337606903487e-06
260.75,-4.7427606510427415e-06,-29.999986649902674,3.9680208630682445e-07,-1.1047145281607874e-06
261.0,-4.64397071212237e-06,-29.999986923527842,3.8843403735860926e-07,-1.0814922606025987e-06
261.25,-4.547516125746622e-06,-29.999987191361956,3.806913741327689e-07,-1.06010742142388e-06
261.5,-4.4537397623500375e-06,-29.999987453577273,3.7296157513744266e-07,-1.0387169153352113e-06
261.75,-4.362025966551808e-06,-29.99998771039458,3.6524412594385325e-07,-1.0173215411411763e-06
262.0,-4.270868621303218e-06,-29.999987962307195,3.5753837275553924e-07,-9.959241074444492e-07
262.25,-4.182392762300415e-06,-29.999988208943442,3.5040790722501436e-07,-9.76221003480874e-07
262.5,-4.095092655169199e-06,-29.99998845079657,3.432884737517017e-07,-9.565140549912712e-07
262.75,-4.01095683282128e-06,-29.999988687047566,3.3618116818123767e-07,-9.36801247039393e-07
263.0,-3.928547831414476e-06,-29.99998891841232,3.2908491456873357e-07,-9.170843076211609e-07
263.25,-3.8473193144207085e-06,-29.99998914533488,3.2252105326702196e-07,-8.989313142415489e-07
263.5,-3.7666570654852574e-06,-29.99998936803714,3.1596694022306693e-07,-8.807762672442755e-07
263.75,-3.689576237424225e-06,-29.99998958586887,3.0942418039608954e-07,-8.626152546143675e-07
264.0,-3.6126550782280624e-06,-29.999989799426984,3.0289129605148846e-07,-8.444539878695772e-07
264.25,-3.5380183185227362e-06,-29.999990008333796,2.968473157907714e-07,-8.277301753368625e-07
264.5,-3.4642991555543844e-06,-29.99999021352971,2.9081219223014987e-07,-8.110041196812984e-07
264.75,-3.3924579203831646e-06,-29.999990414019738,2.847874855452237e-07,-7.942741005180829e-07
265.0,-3.321128301607189e-06,-29.999990610745026,2.787718628438629e-07,-7.775417648693707e-07
265.25,-3.2524350278549185e-06,-29.999990803324398,2.7320368425898245e-07,-7.62136171756756e-07
265.5,-3.184806125185331e-06,-29.999990992031513,2.676445588420395e-07,-7.467274864071982e-07
265.75,-3.119407521619539e-06,-29.999991176536557,2.620950253773291e-07,-7.313146253600111e-07
266.0,-3.0538468984340124e-06,-29.999991357612476,2.5655323634965477e-07,-7.159011300337684e-07
266.25,-2.991138232462925e-06,-29.99999153459916,2.514285659602211e-07,-7.01708817827529e-07
266.5,-2.9288897403694233e-06,-29.99999170827,2.4631185106815945e-07,-6.875151352007982e-07
266.75,-2.867378219787337e-06,-29.99999187857041,2.4120244878494956e-07,-6.733197343727435e-07
267.0,-2.8086587025730197e-06,-29.999992044891183,2.361014824134311e-07,-6.591196571828937e-07
267.25,-2.7512292432791964e-06,-29.999992207729857,2.3138563142593993e-07,-6.46049096227492e-07
267.5,-2.694546843279654e-06,-29.99999236753018,2.2667727197361875e-07,-6.329769925657161e-07
267.75,-2.6388190106001616e-06,-29.999992524014015,2.2197655584477172e-07,-6.199013399842887e-07
268.0,-2.5835031477704103e-06,-29.999992677625293,2.1728287304123572e-07,-6.068238563099559e-07
268.25,-2.530584263182052e-06,-29.999992827529013,2.1294491398676785e-07,-5.947872765650188e-07
268.5,-2.4776726687004187e-06,-29.999992974502796,2.08613624951004e-07,-5.82748988203123e-07
268.75,-2.425184774797603e-06,-29.99999311893458,2.0428900166652442e-07,-5.707078882096026e-07
269.0,-2.374216645582988e-06,-29.999993260266166,1.9997129323268137e-07,-5.586647082212264e-07
269.25,-2.3250451033111804e-06,-29.999993398439365,1.9597559121342645e-07,-5.475783224236502e-07
269.5,-2.277058533002605e-06,-29.99999353367507,1.9198667135233993e-07,-5.364900180938815e-07
269.75,-2.229645576695589e-06,-29.99999366619467,1.8800357609594087e-07,-5.254004500046292e-07
270.0,-2.1832233786791718e-06,-29.999993796384064,1.8402646264487066e-07,-5.143095187911065e-07
270.25,-2.137859090244838e-06,-29.99999392351833,1.8035033908653242e-07,-5.041017888673363e-07
270.5,-2.0940399331206125e-06,-29.999994048204353,1.766792818713725e-07,-4.938924337807116e-07
270.75,-2.050267246139805e-06,-29.999994170943978,1.7301386404100505e-07,-4.836817876615837e-07
271.0,-2.007425511659618e-06,-29.99999429050937,1.693550417056211e-07,-4.7346794504164985e-07
271.25,-1.9660023655125425e-06,-29.999994407506538,1.659725852518057e-07,-4.640670628298443e-07
271.5,-1.9253872025056056e-06,-29.99999452215652,1.625956463566225e-07,-4.5466374920072814e-07
271.75,-1.8859277811752413e-06,-29.999994634620936,1.592234925434921e-07,-4.4525857658025545e-07
272.0,-1.8468728934970011e-06,-29.99999474467722,1.5585696692271833e-07,-4.35852768811991e-07
272.25,-1.8084997564582885e-06,-29.999994852264884,1.5274837054241042e-07,-4.2719739570822896e-07
272.5,-1.770410044757316e-06,-29.999994958271056,1.4964360839364588e-07,-4.185399935202327e-07
272.75,-1.7335568325219852e-06,-29.999995061686462,1.465442945394746e-07,-4.0988172956035707e-07
273.0,-1.6974714262587075e-06,-29.999995163175804,1.434497958405223e-07,-4.012204950024921e-07
273.25,-1.6614733653762918e-06,-29.99999526273874,1.4058646448378287e-07,-3.9325108600136296e-07
273.5,-1.626727272095462e-06,-29.99999536003008,1.3772814121820742e-07,-3.852806315745039e-07
273.75,-1.5926943293313348e-06,-29.999995455492577,1.3487416859053747e-07,-3.773079686551822e-07
274.0,-1.559439033121132e-06,-29.999995548398378,1.3202552658769795e-07,-3.693332611599348e-07
274.25,-1.526564751184285e-06,-29.999995639633973,1.2938901718800855e-07,-3.619949249511089e-07
274.5,-1.4953070857731669e-06,-29.999995729073532,1.2675649557758462e-07,-3.5465404773693955e-07
274.75,-1.4639565716107618e-06,-29.9999958165575,1.2412857552934753e-07,-3.4731193453852976e-07
275.0,-1.432117832921695e-06,-29.999995902972884,1.2150341913153007e-07,-3.399708624192836e-07
275.25,-1.4016993885899438e-06,-29.99999598724269,1.1907382361370233e-07,-3.332141110920092e-07
275.5,-1.373049847060671e-06,-29.99999606952365,1.1664856622295439e-07,-3.264546975617527e-07
275.75,-1.344673796153266e-06,-29.999996150322016,1.1422722815540576e-07,-3.196945510115043e-07
276.0,-1.317663723366779e-06,-29.999996229065648,1.1181017747774469e-07,-3.129325332309977e-07
276.25,-1.2905960447695746e-06,-29.999996306483155,1.0957919317072795e-07,-3.067121251843103e-07
276.5,-1.2636052851370657e-06,-29.99999638206675,1.0735252561205888e-07,-3.0049101689685404e-07
276.75,-1.2371839675012093e-06,-29.999996456415865,1.0512835159348644e-07,-2.942684686933896e-07
277.0,-1.2105804494163148e-06,-29.999996529308817,1.029080920200709e-07,-2.88046853558601e-07
277.25,-1.1850301136244333e-06,-29.999996600614296,1.0085424536482313e-07,-2.8232127840305944e-07
277.5,-1.1599246955599813e-06,-29.99999667055316,9.880464300893177e-08,-2.7659375887378563e-07
277.75,-1.1346561814012434e-06,-29.999996739346766,9.675732724062636e-08,-2.708665295359397e-07
278.0,-1.110244020239894e-06,-29.99999680619792,9.471319977610859e-08,-2.651376684829075e-07
278.25,-1.087253757058564e-06,-29.99999687192478,9.281818205003622e-08,-2.5986392349893617e-07
278.5,-1.0637593730705578e-06,-29.999996935708218,9.092682939915164e-08,-2.5459078418261627e-07
278.75,-1.0405435246869574e-06,-29.999996999030877,8.903718219654966e-08,-2.493174616880243e-07
279.0,-1.0175231901982494e-06,-29.999997060718407,8.715156581823313e-08,-2.4404169373028804e-07
279.25,-9.960779848636795e-07,-29.99999712107744,8.540297846693079e-08,-2.391874807887048e-07
279.5,-9.74787626450678e-07,-29.999997180839127,8.365702676427222e-08,-2.343322850008464e-07
279.75,-9.537129152877399e-07,-29.999997239271245,8.191267713425487e-08,-2.2947657411049685e-07
280.0,-9.330588880011683e-07,-29.999997296083794,8.017213508348942e-08,-2.2462091960257424e-07
280.25,-9.140603310251717e-07,-29.999997351138436,7.856146413270926e-08,-2.201481091618107e-07
280.5,-8.942673000285342e-07,-29.999997405015307,7.69535989722514e-08,-2.1567613019345944e-07
280.75,-8.752057487934096e-07,-29.99999745846074,7.534697918365474e-08,-2.1120321044483768e-07
281.0,-8.550207217881361e-07,-29.99999751088089,7.374357255396369e-08,-2.0673110656323222e-07
281.25,-8.361232966538275e-07,-29.999997562729753,7.225746820327394e-08,-2.0261772863791072e-07
281.5,-8.185728439032757e-07,-29.999997613272686,7.077483851064548e-08,-1.985019078947772e-07
281.75,-8.008050314295289e-07,-29.99999766280071,6.929478495176777e-08,-1.9438637423413395e-07
282.0,-7.831705610865311e-07,-29.999997711464353,6.781670537636675e-08,-1.9026982047548168e-07
282.25,-7.658741240589806e-07,-29.99999775897142,6.644813975442698e-08,-1.8647886069417686e-07
282.5,-7.492663860255989e-07,-29.99999780547141,6.508138652300266e-08,-1.826866466020728e-07
282.75,-7.32521238128841e-07,-29.999997850521982,6.371780989639086e-08,-1.7889363050118275e-07
283.0,-7.170197372184157e-07,-29.99999789442131,6.23572187635757e-08,-1.7509848870854073e-07
283.25,-7.02228770875276e-07,-29.999997937610594,6.109743970472703e-08,-1.7160680076682284e-07
283.5,-6.865850930881734e-07,-29.999997980383146,5.983820747929025e-08,-1.6811531901494099e-07
283.75,-6.727975697237406e-07,-29.999998021122646,5.858164048300196e-08,-1.6462222300336592e-07
284.0,-6.588595172092814e-07,-29.99999806174154,5.732672486713497e-08,-1.6112843878789955e-07
284.25,-6.448284054090494e-07,-29.999998101504094,5.6172844625779206e-08,-1.579171304557113e-07
284.5,-6.3105549241795e-07,-29.99999814055782,5.5020547347350846e-08,-1.5470491770054866e-07
284.75,-6.170087983688504e-07,-29.999998179344498,5.386832652165552e-08,-1.5149321572113265e-07
285.0,-6.045116937422465e-07,-29.999998216537634,5.2719408047408045e-08,-1.4827976906129664e-07
285.25,-5.922961341578614e-07,-29.99999825331484,5.1659498470635334e-08,-1.4532259444318507e-07
285.5,-5.787997939762801e-07,-29.99999828997177,5.0599782315530195e-08,-1.4236783460468541e-07
285.75,-5.667281159379278e-07,-29.99999832488481,4.954324708122959e-08,-1.3941108658967212e-07
286.0,-5.548139351775963e-07,-29.99999835923215,4.848827100251141e-08,-1.364538786528504e-07
286.25,-5.42229764124029e-07,-29.999998392572508,4.751596035384997e-08,-1.3373353767508435e-07
286.5,-5.30506512585017e-07,-29.99999842563774,4.6545319744295544e-08,-1.310116024777127e-07
286.75,-5.205821713191947e-07,-29.99999845739233,4.557607946598097e-08,-1.282876785504598e-07
287.0,-5.101600595619759e-07,-29.999998488870585,4.460836235120613e-08,-1.255640307972842e-07
287.25,-4.994436999842704e-07,-29.999998519775865,4.3717998977899075e-08,-1.2306280248856296e-07
287.5,-4.879025931275536e-07,-29.999998550549964,4.282871930716414e-08,-1.2056259666830175e-07
287.75,-4.776539548770741e-07,-29.999998580741472,4.194103409016492e-08,-1.1806025018165412e-07
288.0,-4.678694193470083e-07,-29.999998609908445,4.105515287455841e-08,-1.1555679406251446e-07
288.25,-4.5713624748413997e-07,-29.999998638790252,4.0236662869619355e-08,-1.1325410051860314e-07
288.5,-4.483039832550945e-07,-29.999998666193544,3.9419934531881307e-08,-1.1094990349456393e-07
288.75,-4.3834521935617643e-07,-29.999998693895655,3.8603387361724195e-08,-1.0864700555286104e-07
289.0,-4.289282241933809e-07,-29.999998720118516,3.778903311796311e-08,-1.0634275116698117e-07
289.25,-4.198219691108117e-07,-29.99999874618481,3.7036605830820246e-08,-1.0422549975965906e-07
289.5,-4.104973164192871e-07,-29.999998772535484,3.628397890476087e-08,-1.021071114990711e-07
289.75,-4.0173927900718e-07,-29.99999879768955,3.553310463227932e-08,-9.99879448068515e-08
290.0,-3.9316813802207695e-07,-29.99999882252847,3.478326082023697e-08,-9.786967615941882e-08
290.25,-3.849863646656539e-07,-29.999998846752025,3.409163132350734e-08,-9.591864517382856e-08
290.5,-3.773960930845054e-07,-29.999998870059564,3.340204692697801e-08,-9.39666975425568e-08
290.75,-3.689867767682535e-07,-29.999998893192437,3.271294510970302e-08,-9.201537533980767e-08
291.0,-3.609926034403133e-07,-29.99999891599006,3.20243501786277e-08,-9.006438234039842e-08
291.25,-3.527344789747366e-07,-29.999998938452382,3.1389972274253886e-08,-8.827146133342433e-08
291.5,-3.4441442941457485e-07,-29.999998960278308,3.075648806472042e-08,-8.647891068885584e-08
291.75,-3.363850731618126e-07,-29.999998981606858,3.012403499563776e-08,-8.468470279515054e-08
292.0,-3.3003120688247914e-07,-29.99999900271483,2.9492706596356832e-08,-8.288952639744146e-08
292.25,-3.2260971304568246e-07,-29.999999023324925,2.8907417945478464e-08,-8.123891662364264e-08
292.5,-3.1565684340162813e-07,-29.99999904415432,2.83215190743924e-08,-7.958775825139932e-08
292.75,-3.090718166688084e-07,-29.99999906401935,2.7737505181590905e-08,-7.79348322907749e-08
293.0,-3.0144593398913687e-07,-29.999999083663422,2.7155234519349314e-08,-7.628312874548971e-08
293.25,-2.9592567416413567e-07,-29.999999102754828,2.6614612021191864e-08,-7.475929723161215e-08
293.5,-2.888868060172506e-07,-29.999999121322432,2.6076002274111332e-08,-7.323571674915039e-08
293.75,-2.8244308402107264e-07,-29.999999138896452,2.5539344715441725e-08,-7.171094818077468e-08
294.0,-2.772512693835168e-07,-29.999999156492983,2.5002763651138515e-08,-7.018419198931699e-08
294.25,-2.707200115795073e-07,-29.999999174279868,2.4509383342308233e-08,-6.878421854094258e-08
294.5,-2.640831606972029e-07,-29.999999192089383,2.4016142088911785e-08,-6.738328946182873e-08
294.75,-2.582695353623882e-07,-29.999999208872225,2.3525219515485585e-08,-6.598089166643072e-08
295.0,-2.509921328507533e-07,-29.999999225678124,2.3034236899810434e-08,-6.458228248934296e-08
295.25,-2.443643588321295e-07,-29.999999242032526,2.2574653028850644e-08,-6.328937948048086e-08
295.5,-2.3873957143401726e-07,-29.99999925806945,2.211490283954287e-08,-6.199580582698465e-08
295.75,-2.3255901057447479e-07,-29.999999274094183,2.1655798508601887e-08,-6.070199593011308e-08
296.0,-2.2762956305029063e-07,-29.999999288749432,2.119913770221027e-08,-5.940715462508467e-08
296.25,-2.226980883231017e-07,-29.999999303220253,2.0772705000560165e-08,-5.821356987238886e-08
296.5,-2.1723890807729481e-07,-29.999999317946653,2.03465208500897e-08,-5.702030639284475e-08
296.75,-2.1305798272868695e-07,-29.999999331569203,1.9921654131893618e-08,-5.582727913642139e-08
297.0,-2.0817770868339494e-07,-29.999999346020136,1.9496517365824584e-08,-5.463424001747557e-08
297.25,-2.0233812418566964e-07,-29.999999359674273,1.910633694313102e-08,-5.353813516227969e-08
297.5,-1.979583040136848e-07,-29.99999937292858,1.8716451131994827e-08,-5.244164318780007e-08
297.75,-1.9260114271965153e-07,-29.999999386397768,1.8326764876508417e-08,-5.1345036214082236e-08
298.0,-1.8807062881913588e-07,-29.999999398719275,1.7939378427200836e-08,-5.0246664532044163e-08
298.25,-1.8311650434457256e-07,-29.99999941107982,1.757640240296343e-08,-4.923829431006447e-08
298.5,-1.789717065110345e-07,-29.999999423302267,1.7213630937318314e-08,-4.822923180416516e-08
298.75,-1.7480288673329568e-07,-29.9999994349469,1.6851990587707366e-08,-4.721980242839882e-08
299.0,-1.7008527801448075e-07,-29.999999446453305,1.649141358195383e-08,-4.620998298095259e-08
299.25,-1.6532772044730574e-07,-29.999999458391372,1.6156290985613886e-08,-4.528341975685542e-08
299.5,-1.6145371545713286e-07,-29.999999469703102,1.5821831796103414e-08,-4.435589852710671e-08
299.75,-1.5866219274790172e-07,-29.99999948007822,1.5488816097752878e-08,-4.3426577253363823e-08
300.0,-1.5394903762224128e-07,-29.999999491324488,1.515386218592374e-08,-4.250050824176083e-08
