time_s,x_m,y_m,vx_mps,vy_mps
0.0,7.99905,-80.0,0.001,0.0
0.25,7.998832209025237,-79.99999998251486,-0.0027423205149375712,4.927111027439035e-07
0.5,7.997678838724665,-79.99999957723064,-0.006484640810541939,3.1023889464354415e-06
0.75,7.995589889892726,-79.99999825490687,-0.010226960587426545,7.829034296521348e-06
1.0,7.992565359997057,-79.99999548630022,-0.013969279546206276,1.4672649584908729e-05
1.25,7.989036542328542,-79.99970246962772,-0.014261045136992528,0.0023294882350260258
1.5,7.985434946780415,-79.99883072845937,-0.014551504651182212,0.004644468498082187
1.75,7.981760898638603,-79.99738022171394,-0.014840658065543008,0.0069596127006461075
2.0,7.978014725994266,-79.99535090850486,-0.015128505356951538,0.00927492010329418
2.25,7.974196512078643,-79.99274638018724,-0.015416993433598092,0.011561333612553801
2.5,7.970306336955865,-79.98957022812542,-0.015704191778204132,0.01384790995048394
2.75,7.96634452351743,-79.985822411699,-0.015990100367800672,0.016134648386386063
3.0,7.962311394665628,-79.98150289048209,-0.016274719179520974,0.018421548190496143
3.25,7.958207041292032,-79.97661520304163,-0.016559895086959445,0.020679978220205814
3.5,7.954031553043497,-79.97116288795804,-0.016843797366992944,0.022938569208473945
3.75,7.949785249574195,-79.96514590508758,-0.017126425996930622,0.025197320434778795
4.0,7.945468446823461,-79.95856421444742,-0.01740778095412987,0.027456231181018382
4.25,7.9410812463105165,-79.95142130919992,-0.017689615112201046,0.02968703737683813
4.5,7.936623744636021,-79.9437206825094,-0.017970191540901,0.031918002647006845
4.75,7.932096255498974,-79.93546229468578,-0.018249510217779152,0.034149126278792824
5.0,7.927499095402246,-79.92664610623648,-0.01852757112051011,0.036380407559965064
5.25,7.922832368252745,-79.9172755712586,-0.018806038327048344,0.03858389851712602
5.5,7.918096178670969,-79.90735414387292,-0.019083263524492133,0.04078754664789031
5.75,7.913290839122483,-79.89688178488053,-0.01935924669066727,0.0429913512492457
6.0,7.908416658357047,-79.8858584552554,-0.019633987803524156,0.0451953116160512
6.25,7.90347375023536,-79.87428757557383,-0.01990906661076025,0.047371751742786544
6.5,7.89846222564439,-79.86217256643555,-0.0201829189764042,0.04954834712868075
6.75,7.893382392146845,-79.8495133891276,-0.020455544878572263,0.05172509708004063
7.0,7.8882345554520645,-79.8363100050818,-0.020726944295420047,0.05390200090621173
7.25,7.883018835742833,-79.82256580612805,-0.020998616504447717,0.056051616393492015
7.5,7.877735348398233,-79.80828418410808,-0.021269077708164955,0.05820138521988114
7.75,7.872384397057323,-79.79346510079228,-0.021538327884955147,0.06035130669989251
8.0,7.866966285368087,-79.77810851809474,-0.02180636701329601,0.06250138014624199
8.25,7.861481137116899,-79.76221780321164,-0.022074617213525688,0.06462436416947331
8.5,7.855929075970952,-79.74579632338018,-0.022341671732262203,0.06674749959918293
8.75,7.850310399823898,-79.72884404084394,-0.02260753054813494,0.06887078576014731
9.0,7.844625409372055,-79.71136091798643,-0.022872193639888808,0.07099422197309344
9.25,7.838874234859591,-79.69335030096268,-0.02313700880116097,0.073090739186235
9.5,7.833057003641756,-79.67481553593167,-0.023400643508310517,0.0751874058664026
9.75,7.827174010695851,-79.65575658560506,-0.023663097740217215,0.07728422134815954
10.0,7.8212255519381015,-79.6361734128891,-0.02392437147594975,0.07938118496139845
10.25,7.8152117641189545,-79.6160693459284,-0.02418574062438683,0.08145137541539713
10.5,7.80913277832627,-79.59544771287896,-0.0244459444635607,0.08352171339394077
10.75,7.802988888512727,-79.57430847698714,-0.02470498297270253,0.08559219823377784
11.0,7.7967803839826395,-79.55265160156905,-0.024962856131030442,0.08766282927967253
11.25,7.790507407098584,-79.53048039946493,-0.025220770048841892,0.08970681182070007
11.5,7.784170094577973,-79.50779818353377,-0.025477533731778954,0.0917509399352824
11.75,7.777768734718713,-79.48460491742715,-0.02573314715926414,0.09379521297213483
12.0,7.7713036167563745,-79.4609005650212,-0.025987610310882495,0.09583963027893892
12.25,7.764774884038949,-79.43668842606883,-0.026242061281497475,0.09785750549524198
12.5,7.758182680804011,-79.4119718003487,-0.026495377031375028,0.09987552432935103
12.75,7.751527290646537,-79.38675065199803,-0.026747557540223774,0.10189368613904816
13.0,7.744808997166818,-79.36102494540731,-0.026998602787943596,0.10391199028122572
13.25,7.73802795030982,-79.33479796918321,-0.02724958438103607,0.10590384305549008
13.5,7.731184297195952,-79.30807301204824,-0.027499445716224168,0.10789583748929168
13.75,7.724278320459991,-79.28085003869067,-0.027748186773588868,0.10988797294706014
14.0,7.717310298086342,-79.2531290139223,-0.027995807533209544,0.11188024879578162
14.25,7.710280384771113,-79.2249132169165,-0.028243314409240182,0.11384615051454416
14.5,7.703188733327275,-79.19620592701656,-0.02848971594654956,0.11581219193106083
14.75,7.696035619857649,-79.16700710935959,-0.028735012125427152,0.1177783724190692
15.0,7.6888213204703,-79.1373167292757,-0.028979202926291033,0.11974469135505347
15.25,7.681545992761835,-79.1071380579927,-0.029223230685626392,0.12168470183628455
15.5,7.674209794318562,-79.07647436686209,-0.029466167988237542,0.12362485005032825
15.75,7.666812998448779,-79.04532562153973,-0.02970801481469261,0.12556513538145508
16.0,7.659355877535177,-79.01369178781383,-0.029948771145606526,0.1275055572131859
16.25,7.651838594878491,-78.98157613021262,-0.030189316168768326,0.1294197263508554
16.5,7.644261310052392,-78.94898191331767,-0.03042878558561659,0.13133403125885867
16.75,7.6366242926497225,-78.91590910331392,-0.030667179377078246,0.1332484713248515
17.0,7.62892781040699,-78.88235766645502,-0.030904497524004426,0.13516304594406808
17.25,7.621172031404954,-78.84833086159067,-0.031141556883256018,0.1370514151600706
17.5,7.61335712093385,-78.81383194770913,-0.03137755545990704,0.1389399181775503
17.75,7.605483343018868,-78.77886089142649,-0.03161249323516003,0.1408285543950981
18.0,7.5975509616917805,-78.74341765941654,-0.03184637019004281,0.14271732321495378
18.25,7.589560151678111,-78.7075055058986,-0.0320799415130818,0.14457992668321643
18.5,7.581511079332939,-78.67112768505251,-0.032312466854618284,0.14644266198316536
18.75,7.573404004983466,-78.63428416396985,-0.032543946196019774,0.1483055285249334
19.0,7.56523919268668,-78.59697490992261,-0.03277437951878079,0.15016852571263406
19.25,7.5570168173006955,-78.55920317299564,-0.033004460922882284,0.15200539143681757
19.5,7.548737048110127,-78.52097220335223,-0.033233511127231635,0.15384238702482173
19.75,7.540400146405353,-78.48228196868784,-0.0334615301136256,0.155679511890317
20.0,7.532006369757318,-78.44313243671826,-0.03368851786383313,0.15751676544938215
20.25,7.523555895019273,-78.40352685415608,-0.03391510786893088,0.15932791618674214
20.5,7.515048900924157,-78.36346846793921,-0.03414068144004381,0.16113919481393135
20.75,7.506485639488978,-78.32295724612348,-0.034365238559066404,0.16295060075882484
21.0,7.497866366459003,-78.28199315697938,-0.034588779208134475,0.16476213344236973
21.25,7.4891912644063074,-78.24057944454647,-0.0348118766737559,0.16654758749484963
21.5,7.48046051220362,-78.19871935279492,-0.035033972457264556,0.1683331674680505
21.75,7.471674361908648,-78.1564128503924,-0.03525506654097704,0.170118872793511
22.0,7.462833062790236,-78.11365990603727,-0.035475158907260634,0.17190470290594423
22.25,7.453936802211934,-78.07046376139876,-0.03569476297914411,0.173664474809708
22.5,7.444985762905474,-78.02682765823627,-0.03591338010939071,0.17542437066170358
22.75,7.435980194179773,-77.98275156574888,-0.03613101028063634,0.1771843899011949
23.0,7.426920339763076,-77.93823545303239,-0.036347653475350336,0.1789445319728667
23.25,7.417806392737932,-77.89328255993892,-0.0365637635303136,0.1806786330858374
23.5,7.408638540627829,-77.8478961263363,-0.036778901374437074,0.18241285617220412
23.75,7.399417023480697,-77.802076121707,-0.03699306699031869,0.18414720068631837
24.0,7.390142087862717,-77.75582251589064,-0.037206260361070796,0.1858816660724474
24.25,7.380813926990711,-77.70913854704098,-0.03741887598383669,0.18759010507921048
24.5,7.37143273038653,-77.66202745338019,-0.03763053411805808,0.18929866409057913
24.75,7.361998740007927,-77.61448920509748,-0.037841234747000005,0.19100734256062674
25.0,7.352512194094505,-77.56652377228754,-0.0380509778536084,0.19271613995037307
25.25,7.342973290650762,-77.51813439184915,-0.03826009878555049,0.1943989233005011
25.5,7.333382223986182,-77.46932430081627,-0.03846827694450647,0.19608182468142382
25.75,7.323739229595948,-77.42009346969174,-0.03867551231370358,0.19776484356003726
26.0,7.314044545767657,-77.3704418692709,-0.038881804876673615,0.19944797940009285
26.25,7.304298371569006,-77.32037273532696,-0.03908743098531458,0.20110511167613568
26.5,7.294500907032959,-77.26988930376672,-0.039292129030409254,0.20276236000826595
26.75,7.284652383981168,-77.21899154567014,-0.03949589899559442,0.2044197238730478
27.0,7.274753035168821,-77.16767943223849,-0.039698740864667625,0.20607720274327476
27.25,7.264803065380663,-77.11595619846067,-0.039900872130081644,0.20770868697435646
27.5,7.2548026757133615,-77.06382507932916,-0.040102090036363565,0.20934028529278684
27.75,7.244752096183742,-77.01128604636413,-0.04030239456749513,0.21097199717631382
28.0,7.234651554012919,-76.95833907126574,-0.040501785707459284,0.21260382211222534
28.25,7.224501258772677,-76.90498738833135,-0.04070042219796757,0.21420966006167105
28.5,7.214301417279578,-76.85123423187139,-0.040898160029560496,0.2158156101212267
28.75,7.204052253084569,-76.79707957394476,-0.041094999186434236,0.21742167178418562
29.0,7.193753992535949,-76.74252338670445,-0.0412909396528258,0.2190278445406872
29.25,7.183406846267602,-76.68756890381485,-0.041486081503693005,0.2206080369162576
29.5,7.17301102495163,-76.632219359052,-0.04168033939200116,0.2221883394316453
29.75,7.162566750334196,-76.57647472496858,-0.041873713302319295,0.2237687515849594
30.0,7.15207424323238,-76.5203349741764,-0.042066203219071265,0.22534927287627504
30.25,7.14153371906819,-76.4638033398575,-0.04225785062417463,0.22690381954485306
30.5,7.130945390505247,-76.40688305536736,-0.04244862875992336,0.22845847437963615
30.75,7.120309477486125,-76.34957409373736,-0.04263853761118891,0.2300132368871829
31.0,7.109626195296973,-76.29187642804388,-0.0428275771625429,0.23156810657749882
31.25,7.098895764147176,-76.233793291107,-0.04301573035471548,0.23309700671765424
31.5,7.088118400561712,-76.17532791578031,-0.04320302896764373,0.23462601305225667
31.75,7.0772943198802825,-76.11648027569292,-0.04338947298656574,0.2361551250967451
32.0,7.066423734651425,-76.05725034446256,-0.04357506239645975,0.23768434236971805
32.25,7.055506869874897,-75.99764135455308,-0.043759721630576474,0.23918759462521522
32.5,7.044543945002148,-75.93765653848912,-0.04394354097324831,0.24069095110269012
32.75,7.033535169844363,-75.8772958703261,-0.044126520409845715,0.24219441132659456
33.0,7.022480755145229,-75.81655932421167,-0.04430865992570831,0.2436979748203302
33.25,7.0113809269675755,-75.75545013232185,-0.04448982549467219,0.24517557741177545
33.5,7.000235910483127,-75.69397152698477,-0.04467016585762896,0.24665328225216474
33.75,6.989045911839209,-75.63212348267166,-0.04484968100026993,0.2481310888746774
34.0,6.977811138110945,-75.56990597406235,-0.04502837090812112,0.24960899681234727
34.25,6.9665318182894,-75.5073222330837,-0.045206043103657285,0.2510609476370455
34.5,6.955208181406746,-75.44437549183151,-0.04538290477632894,0.2525129987398056
34.75,6.943840432736057,-75.38106572537072,-0.04555895591225094,0.25396514965846184
35.0,6.932428771963487,-75.31739290871991,-0.045734196497080444,0.2554173999380717
35.25,6.920973433803995,-75.25336027363822,-0.04590837562723294,0.2568436966544152
35.5,6.909474649284733,-75.1889710520924,-0.04608175891583192,0.2582700916791933
35.75,6.897932620015901,-75.12422521955703,-0.04625434634916956,0.25969658455713496
36.0,6.886347542015996,-75.05912275156932,-0.04642613791320077,0.2611231748401966
36.25,6.874719655722775,-74.99366687981492,-0.0465968242921442,0.26252381494176347
36.5,6.863049195099632,-74.92786083596499,-0.04676672950876566,0.26392455137762316
36.75,6.8513363562232446,-74.86170459607047,-0.04693585354971075,0.26532538370424297
37.0,6.839581333309989,-74.79519813615866,-0.047104196401316446,0.2667263114820103
37.25,6.827784368804383,-74.72834468760536,-0.047271390346355406,0.2681012923516421
37.5,6.81594570146386,-74.66114748200886,-0.04743781780659766,0.2694763675844866
37.75,6.804065522769095,-74.59360649586738,-0.04760347876883663,0.27085153674586243
38.0,6.792144024201265,-74.52572170573141,-0.04776837321980853,0.2722267994029095
38.25,6.780181452066695,-74.45749634294874,-0.04793207503471018,0.27357611836010687
38.5,6.768178048992427,-74.38893363892277,-0.048095025040600856,0.2749255297077834
38.75,6.756134001868083,-74.32003357049129,-0.04825722322431756,0.27627503302192197
39.0,6.744049500369803,-74.25079611478176,-0.04841866957281146,0.27762462787534886
39.25,6.73192479188327,-74.18122450284827,-0.048578879568396204,0.27894828221535156
39.5,6.719760122901548,-74.11132196604584,-0.048738352428635924,0.2802720269753542
39.75,6.707555677576368,-74.04108848181706,-0.04889708814095728,0.28159586173900497
40.0,6.695311639131742,-73.97052402755432,-0.04905508669234223,0.2829197860909886
40.25,6.683028261608683,-73.89963183446842,-0.0492118051644706,0.2842177731191453
40.5,6.67070579538579,-73.82841513349175,-0.049367801173373714,0.28551584859501083
40.75,6.658344420010508,-73.75687390271565,-0.04952307470664422,0.2868140121119862
41.0,6.645944316906702,-73.68500812001699,-0.04967762575167989,0.2881122632604447
41.25,6.633505742127803,-73.61282101641294,-0.049830852981978424,0.28938458031182834
41.5,6.621028949001559,-73.54031582257512,-0.04998337241898873,0.29065698384266847
41.75,6.608514116202769,-73.46749251719402,-0.05013518405107449,0.29192947344828246
42.0,6.595961416826568,-73.39435107868664,-0.0502862878656825,0.29320204873482725
42.25,6.583371113611045,-73.3208947377158,-0.05043602414081861,0.2944486932008457
42.5,6.570743461887831,-73.24712672502628,-0.05058506729120724,0.2956954221774428
42.75,6.558078635748876,-73.1730470195112,-0.05073341730510872,0.29694223526875885
43.0,6.545376810209953,-73.0986556002733,-0.05088107417060685,0.2981891320806029
43.25,6.53263824629823,-73.0239556977774,-0.05102731975190662,0.29941010142550134
43.5,6.519863206026813,-72.94895054257252,-0.05117288687501113,0.30063115330644025
43.75,6.507051857955155,-72.8736401141256,-0.05131777552835921,0.3018522873410899
44.0,6.494204373435037,-72.79802439202925,-0.051461985700357454,0.30307350314395454
44.25,6.481321018318661,-72.72210660642679,-0.05160474084202312,0.3042687949042852
44.5,6.46840205756411,-72.64588998787278,-0.05174683219005213,0.30546416723195113
44.75,6.455447656078892,-72.5693745161001,-0.05188825973292522,0.3066596197523902
45.0,6.4424579824751085,-72.49256017136571,-0.05202902345975541,0.3078551520859419
45.25,6.429433305565723,-72.41545018354722,-0.05216828840850364,0.309024763894519
45.5,6.4163738932728975,-72.33804778288496,-0.05230690422619945,0.31019445429921033
45.75,6.40327990682882,-72.26035294985283,-0.052444870901576644,0.31136422293596044
46.0,6.390151510266391,-72.18236566488031,-0.052582188423779035,0.3125340694339273
46.25,6.3769889772123465,-72.10408915787863,-0.05271796341333593,0.3136779990192187
46.5,6.363792580411839,-72.0255266589591,-0.05285310393236893,0.3148220052311346
46.75,6.350562477442542,-71.94667814894116,-0.052987609969898194,0.31596608770975015
47.0,6.337298827740482,-71.86754360878513,-0.05312148151529551,0.3171102460966912
47.25,6.324001908832728,-71.78812626813027,-0.05325376676359478,0.3182284912849964
47.5,6.310671996425987,-71.70842935695102,-0.053385432199768434,0.31934681112894
47.75,6.297309244443904,-71.62845285642169,-0.05351647781322955,0.32046520527819417
48.0,6.283913808652461,-71.54819674814895,-0.05364690359343922,0.321583673383966
48.25,6.270485970480956,-71.46766426153152,-0.053775699313465986,0.32267623210310203
48.5,6.2570260104782225,-71.38685862618941,-0.053903889877448444,0.3237688635085854
48.75,6.2435340770385315,-71.30577982385122,-0.05403147527509683,0.32486156725996646
49.0,6.230010322270428,-71.22442783654762,-0.05415845549634288,0.325954343014407
49.25,6.216455033370453,-71.14280589351345,-0.05428376188497584,0.3270212132986323
49.5,6.202868491066191,-71.06091722407932,-0.0544084777716318,0.3280881543014234
49.75,6.189250844751112,-70.9787618105495,-0.05453260314633249,0.3291551656857298
50.0,6.175602239147395,-70.8963396353555,-0.054656137999111995,0.33022224712068776
50.25,6.161922965357624,-70.81365392755606,-0.054777955244503906,0.331263427105446
50.5,6.1482133089658175,-70.73070791601461,-0.05489919663953905,0.3323046758379536
50.75,6.134473414755978,-70.64750158383637,-0.055019862174681966,0.33334599299271744
51.0,6.12070342566301,-70.5640349138264,-0.055139951840237955,0.33438737824270054
51.25,6.1069036348446035,-70.48031113467688,-0.05525828011248858,0.33540286616428777
51.5,6.093074331790366,-70.39633347517072,-0.05537604718377426,0.3364184208647588
51.75,6.079215656704786,-70.31210191869901,-0.05549325304499779,0.33743404202470884
52.0,6.065327749792796,-70.22761644863225,-0.05560989768651521,0.3384497293292543
52.25,6.051410909068967,-70.14288029331307,-0.05572473714573978,0.3394395235211455
52.5,6.037465426070869,-70.05789668136623,-0.05583903005110729,0.34042938252225924
52.75,6.023491438287085,-69.97266559652952,-0.05595277639341333,0.3414193060244213
53.0,6.009489083178734,-69.88718702298503,-0.056065976164021286,0.34240929371493345
53.25,5.995458658967764,-69.80146418853857,-0.05617732697120452,0.34337339261209826
53.5,5.981400462988231,-69.71550032144197,-0.05628814586919037,0.34433755434878227
53.75,5.96731462906276,-69.62929540608468,-0.05639843284897824,0.3453017786254677
54.0,5.953201291006964,-69.54284942695078,-0.05650818790207888,0.3462660651362871
54.25,5.939060750034856,-69.45616561161901,-0.0566160502029312,0.34720446726320175
54.5,5.924893308335577,-69.3692471881804,-0.05672339523675506,0.34814293025896287
54.75,5.91069909607643,-69.28209414151257,-0.05683022299505933,0.3490814538309024
55.0,5.896478239710199,-69.1947064561808,-0.05693653346889954,0.35002003768963247
55.25,5.882231049018685,-69.10708735997072,-0.05704090740033353,0.3509327416597635
55.5,5.867957828270428,-69.0192400804988,-0.05714477870423113,0.35184550452995617
55.75,5.853658702126253,-68.93116460290729,-0.057248147372170904,0.3527583260164725
56.0,5.839333797091194,-68.842860912663,-0.05735101339610967,0.35367120583439515
56.25,5.824983424109705,-68.7543322368665,-0.057451899090856864,0.3545582103477878
56.5,5.810607889521664,-68.66558180285958,-0.05755229679494151,0.3554452717955422
56.75,5.796207317125754,-68.57660959641024,-0.05765220650051975,0.35633238989668947
57.0,5.78178182792097,-68.48741560325706,-0.05775162819926036,0.3572195643788613
57.25,5.7673317367873445,-68.39800305030963,-0.05784902577937481,0.3580808682232638
57.5,5.752857354945365,-68.30837516455337,-0.05794595000307927,0.3589422270323014
57.75,5.73835879974807,-68.21853193215212,-0.05804240086265691,0.3598036405368105
58.0,5.723836192257831,-68.1284733396024,-0.05813837835041964,0.36066510846795957
58.25,5.709289848515812,-68.0382026132982,-0.0582322879177052,0.3615007105056417
58.5,5.694720086484311,-67.94772298002533,-0.05832573876060926,0.3623363655343591
58.75,5.680127018012191,-67.8570344262365,-0.058418730871105176,0.3631720732993121
59.0,5.665510758641779,-67.76613693895031,-0.05851126424198763,0.36400783353879285
59.25,5.650871631169545,-67.67503374421001,-0.05860168590345915,0.36481773270246215
59.5,5.636209952860376,-67.58372806825695,-0.05869166346906915,0.3656276828924687
59.75,5.621525835623634,-67.49221989838615,-0.0587811969315541,0.36643768385755043
60.0,5.606819390426881,-67.40050922197602,-0.05887028628415793,0.36724773534388544
60.25,5.592090942162862,-67.30859926467348,-0.05895722013763674,0.3680319306454636
60.5,5.57734081484728,-67.21649325252922,-0.05904372452171587,0.3688161750007289
60.75,5.5625691167489455,-67.12419117321508,-0.059129799429228455,0.3696004681679565
61.0,5.5477759523953685,-67.0316930144656,-0.05921544485314467,0.3703848099069164
61.25,5.532961652502902,-66.9390020016997,-0.05929889099321267,0.3711433004169617
61.5,5.5181265422700045,-66.84612136037111,-0.05938192228689399,0.371901838014821
61.75,5.503270726309819,-66.7530510787684,-0.059464538727676264,0.37266042246469516
62.0,5.488394309218106,-66.6597911453826,-0.05954674030903987,0.3734190535307804
62.25,5.473497621046224,-66.56634478481051,-0.0596266988266019,0.37415183838951466
62.5,5.4585809928116,-66.47271522243486,-0.059706257118489675,0.37488466836628925
62.75,5.443644525488367,-66.37890244694046,-0.05978541517832635,0.3756175432348385
63.0,5.4286883191081525,-66.28490644708911,-0.05986417299948364,0.37635046276810674
63.25,5.413712709535034,-66.19073044754668,-0.059940643967462535,0.3770575411693326
63.5,5.398718028991842,-66.0963776729231,-0.06001672932723484,0.3777646627225711
63.75,5.383704377588904,-66.00184811268429,-0.06009242907289301,0.3784718272042937
64.0,5.368671847995487,-65.90714175584452,-0.06016774319805086,0.37917903440029566
64.25,5.3536207819197505,-65.81226182676721,-0.06024072669330867,0.379860405598399
64.5,5.338551515572009,-65.71721154963383,-0.06031333919484273,0.38054181797943276
64.75,5.323464143554597,-65.62199091436858,-0.060385580697091254,0.38122327133061074
65.0,5.3083587558198655,-65.5265999105797,-0.06045745119429597,0.3819047654434984
65.25,5.293235699002521,-65.43104176218077,-0.060526947282217546,0.3825604287419509
65.5,5.278095313294822,-65.33531969307323,-0.06059608698840343,0.3832161312531899
65.75,5.262937686871697,-65.23943369346097,-0.06066487030730276,0.3838718727762007
66.0,5.247762907910857,-65.14338375345383,-0.06073329723341657,0.384527653109056
66.25,5.232571324240174,-65.04717309656131,-0.06079930598367737,0.3851576078666116
66.5,5.217363281911577,-64.95080494634183,-0.06086497296112919,0.38578759986599387
66.75,5.202138864531284,-64.85427929342264,-0.06093029816064856,0.38641762891678677
67.0,5.186898159418487,-64.757596128675,-0.06099528157663558,0.3870476948233945
67.25,5.171641517476465,-64.66075867508252,-0.06105780303753755,0.3876519404339013
67.5,5.156369285047984,-64.56377015547329,-0.06111999733118871,0.3882562213191233
67.75,5.141081546729839,-64.46663056150646,-0.061181864453061535,0.3888605372920006
68.0,5.125778381571899,-64.36933988402959,-0.06124340439786169,0.38946488817083774
68.25,5.1104601444761615,-64.27190134571465,-0.06130243863962532,0.39004342407908366
68.5,5.095127187646918,-64.17431816917099,-0.06136116031699663,0.390621993295382
68.75,5.079779590202948,-64.07659034619986,-0.0614195694255671,0.39120059564064985
69.0,5.06441742937672,-63.978717868768456,-0.06147766596081414,0.39177923093699135
69.25,5.049041062264582,-63.880703958487054,-0.06153321303147233,0.3923320566288237
69.5,5.033650846006787,-63.782551837709704,-0.06158846213759505,0.39288491365832723
69.75,5.018246855128423,-63.6842614990395,-0.06164341327518723,0.3934378018560948
70.0,5.002829163283473,-63.585832934212505,-0.061698066439133926,0.3939907210564199
70.25,4.987398133398402,-63.48726936514432,-0.06175012638262764,0.394517836047373
70.5,4.971954122900797,-63.38857401371481,-0.06180190295839705,0.3950449804094736
70.75,4.9564972045861335,-63.2897468725725,-0.0618533961623242,0.3955721539797746
71.0,4.941027448448726,-63.190787934277786,-0.06190460599026429,0.396099356598492
71.25,4.925545218661049,-63.09170042001703,-0.06195317885809948,0.3966007604503996
71.5,4.9100508803868435,-62.99248755158597,-0.062001482952109,0.39710219170172095
71.75,4.894544499995999,-62.89314932201485,-0.06204951826818727,0.39760365020126065
72.0,4.879026142923255,-62.79368572427405,-0.062097284802195174,0.3981051358006971
72.25,4.863496181088692,-62.69409997937669,-0.06214237063576676,0.39858082809702966
72.5,4.847954979997489,-62.59439530812005,-0.0621872022858365,0.3990565458249919
72.75,4.832402602360899,-62.494571704379425,-0.06223177974877902,0.3995322888438287
73.0,4.816839112777388,-62.39462916173457,-0.0622761030212612,0.40000805700521364
73.25,4.801264881636018,-62.29457090029788,-0.06231770187219304,0.40045803736898533
73.5,4.785680281246574,-62.19440014089229,-0.06235906112708817,0.40090804119638346
73.75,4.770085371628303,-62.094116877862746,-0.062400180783033984,0.401358068350577
74.0,4.754480210067024,-61.99372110463941,-0.062441060835615486,0.40180811870142696
74.25,4.738865176513423,-61.89321604196692,-0.062479172730197235,0.40223238677538603
74.5,4.723240642718187,-61.79260490941415,-0.06251705961285745,0.4026566763458912
74.75,4.707606665990237,-61.69188770203937,-0.0625547214811271,0.40308098728366093
75.0,4.691963301823788,-61.59106441417786,-0.06259215833151105,0.40350531946326174
75.25,4.676310928694983,-61.49013826514441,-0.06262678331183058,0.4039038749265081
75.5,4.660649927939391,-61.389112474955766,-0.06266119786176788,0.4043024499140135
75.75,4.644980348608124,-61.28798703868869,-0.06269540197845028,0.404701044312141
76.0,4.629302244443957,-61.186761951132624,-0.06272939565904592,0.40509965799831266
76.25,4.6136159988694985,-61.08544043167981,-0.06276053375464688,0.4054725005426417
76.5,4.597921993577847,-60.98402569945812,-0.06279147599784998,0.4058453606468095
76.75,4.582220275889737,-60.88251774977623,-0.06282222238579695,0.4062182382018013
77.0,4.566510897716732,-60.780916578821646,-0.06285277291649394,0.4065911330915585
77.25,4.550794244747942,-60.67922540469593,-0.06288042415417062,0.4069382624406891
77.5,4.535070700853782,-60.57744744628779,-0.06290789411436697,0.40728540738131824
77.75,4.5193403125130205,-60.47558269969888,-0.06293518279447467,0.4076325678098385
78.0,4.503603125248084,-60.37363116119268,-0.06296229019279574,0.4079797436237746
78.25,4.487859528793686,-60.27159604869785,-0.06298645460759396,0.4083011595196469
78.5,4.472109912972916,-60.169480580525445,-0.06301045231625879,0.4086225890371622
78.75,4.456354318784753,-60.067284753174796,-0.06303428331698313,0.40894403208345403
79.0,4.440592786261212,-59.96500856341885,-0.06305794760790918,0.4092654885648784
79.25,4.4248257120099606,-59.862655228830846,-0.06307862522966043,0.4095611907679678
79.5,4.4090534871311124,-59.76022796722742,-0.0630991507137718,0.4098569046249925
79.75,4.393276149938262,-59.657726775645195,-0.0631195240588102,0.41015263005061364
80.0,4.377493737798567,-59.55515165116148,-0.06313974526283139,0.410448366959586
80.25,4.361706649516462,-59.4525058110763,-0.06315693611211566,0.410718355250999
80.5,4.345915280286984,-59.34979247264217,-0.06317398938927271,0.4109883532283621
80.75,4.33011966572877,-59.24701163356227,-0.0631909050928037,0.41125836081382106
81.0,4.314319839586198,-59.14416329149417,-0.06320768322144384,0.4115283779289138
81.25,4.298516202916874,-59.0412506629127,-0.06322138731867642,0.41177265210337605
81.5,4.28270915593152,-58.938276964739956,-0.06323496840579691,0.4120169339945608
81.75,4.266898728772482,-58.835242195100875,-0.06324842648176239,0.4122612235325762
82.0,4.251084951573249,-58.73214635212625,-0.06326176154523469,0.412505520651152
82.25,4.235268232264249,-58.62899265215648,-0.06327197891093835,0.41272408051832177
82.5,4.219448971427812,-58.52578431150156,-0.06328208782549198,0.41294264613312726
82.75,4.203627197483729,-58.422521328597476,-0.06329208828763293,0.4131612174375616
83.0,4.187802936006743,-58.31920370220473,-0.06330198029672006,0.4133797943695383
83.25,4.1719765971779745,-58.215834648014514,-0.06330871095660903,0.413572639756837
83.5,4.156148587551749,-58.112417381924615,-0.06331534772068177,0.4137654889249318
83.75,4.140318930979506,-58.00895190312937,-0.06332189058841996,0.41395834182091434
84.0,4.124487650387342,-57.905438210623814,-0.06332833955953199,0.41415119839203796
84.25,4.108655159116309,-57.801879519798995,-0.06333158353245724,0.41431832913712174
84.5,4.092821865038639,-57.698279045965556,-0.06333474816207744,0.4144854616964601
84.75,4.076987792140057,-57.594636788832695,-0.06333783344812748,0.41465259602146987
85.0,4.0611529559977635,-57.4909527478923,-0.06334083939043231,0.41481973207218387
85.25,4.0453177750037606,-57.38723013809458,-0.06334059669883388,0.41496114802987544
85.5,4.029482662116449,-57.28347217396844,-0.06334028921281636,0.4151025638337173
85.75,4.013647634878384,-57.179678856054736,-0.06333991693274302,0.41524397944415187
86.0,3.9978127080753083,-57.075850184279226,-0.06333947985849045,0.41538539482748665
86.25,3.981978304249752,-56.97198937286537,-0.06333575051232695,0.41550109585878586
86.5,3.966144836691654,-56.868099636415714,-0.06333197091781897,0.4156167947693309
86.75,3.9503123221755074,-56.764180975693414,-0.06332814107555561,0.415732491524938
87.0,3.934480770040019,-56.66023339085144,-0.06332426098538765,0.41584818610164337
87.25,3.9186506059873167,-56.55626009602046,-0.06331704500563735,0.4159381720828585
87.5,3.902822250266633,-56.452264305151914,-0.06330979332036142,0.41602815397107695
87.75,3.8869957132453545,-56.34824601950848,-0.06330250593014981,0.41611813174564327
88.0,3.871171001597178,-56.24420523975284,-0.06329518283546834,0.4162081053892062
88.25,3.8553485432948364,-56.14014517951321,-0.06328448024260734,0.41627237620065455
88.5,3.839528763663122,-56.036069052289854,-0.06327375648358019,0.41633664095150846
88.75,3.8237116666985753,-55.93197685950004,-0.0632630115590614,0.4164008996319045
89.0,3.8078972591677953,-55.82786860283979,-0.06325224546991502,0.41646515222790276
89.25,3.7920859722680356,-55.723747495325846,-0.06323805627555902,0.4165037077619554
89.5,3.7762782326855127,-55.61961674978238,-0.06322386045067403,0.4165422552696831
89.75,3.760474042668925,-55.51547636837187,-0.06320965799698831,0.4165807947459002
90.0,3.7446734053951127,-55.41132635323461,-0.06319544891562588,0.4166193261833824
90.25,3.728876752534584,-55.307169916288764,-0.06317777313901614,0.4166321663448019
90.5,3.713084517651058,-55.20301027073964,-0.06316010526549641,0.41664499650922765
90.75,3.697296698502283,-55.09884741887741,-0.06314244529585927,0.4166578166827806
91.0,3.6815132937385555,-54.99468136331656,-0.06312479323179132,0.41667062686878137
91.25,3.6657347401050444,-54.89051531572634,-0.06310363087772285,0.416657751563473
91.5,3.649961475373712,-54.786352488403,-0.06308249095559902,0.4166448642928734
91.75,3.634193492753714,-54.682192884352006,-0.06306137346749878,0.4166319650691488
92.0,3.6184307854438895,-54.57803650657375,-0.06304027841513707,0.41661905390899584
92.25,3.602673797132311,-54.473886566600406,-0.06301562949340139,0.41658046305091145
92.5,3.5869229678909615,-54.36974627623662,-0.06299101753035256,0.4165418582592838
92.75,3.5711782855034486,-54.26561563865014,-0.06296644252756485,0.4165032395577678
93.0,3.555439743288104,-54.16149465770323,-0.0629419044877161,0.416464606962859
93.25,3.5397077844820073,-54.057386543932274,-0.06291376901790194,0.4164003004778061
93.5,3.5239828542400744,-53.95329450897035,-0.06288568503008053,0.41633597808812506
93.75,3.5082649386393023,-53.849218556431765,-0.06285765252567482,0.41627163982749765
94.0,3.492554024635524,-53.74515869037005,-0.06282967150730184,0.4162072857240965
94.25,3.476850559613596,-53.641118121187425,-0.0627980495025633,0.41611726353779943
94.5,3.4611549938642256,-53.53710005991749,-0.06276649349935529,0.41602722348085297
94.75,3.4454673089191976,-53.4331045109167,-0.06273500349990044,0.4159371655920117
95.0,3.429787487238151,-53.329131478516665,-0.06270357950694805,0.41584708990902375
95.25,3.4141159831847134,-53.22518417285525,-0.06266847097684888,0.41573135195345323
95.5,3.3984532474974904,-53.121265804480004,-0.06263344296494179,0.4156155941594835
95.75,3.3827992563259217,-53.01737637758556,-0.06259849547284155,0.41549981657642027
96.0,3.3671539931656884,-52.91351589762513,-0.0625636285043492,0.41538401924440965
96.25,3.351517910992507,-52.80968757394948,-0.0625250334652536,0.41524256546318694
96.5,3.3358914666281554,-52.70589461655386,-0.062486533457118534,0.4151010898755154
96.75,3.320274635395429,-52.60213703068077,-0.06244812848320396,0.41495959253619474
97.0,3.3046673934938733,-52.49841482201201,-0.06240981854611841,0.4148180734988905
97.25,3.2890702009369845,-52.3947311992383,-0.06236773699369909,0.4146509038322906
97.5,3.2734835159160416,-52.29108937214052,-0.062325764982101906,0.4144837103909835
97.75,3.257907310214401,-52.187489346139095,-0.06228390251465041,0.41431649323735253
98.0,3.242341555527644,-52.08393112733784,-0.062242149594314754,0.41414925243556916
98.25,3.2267867169832996,-51.98041792429387,-0.06219658154718199,0.4139563668315341
98.5,3.2112432542233,-51.87695294590398,-0.062151137547238555,0.4137634554873051
98.75,3.1957111363417505,-51.773536198573716,-0.062105817598213,0.41357051847273846
99.0,3.180190334285578,-51.67016768879043,-0.06206062170387861,0.41337755585374264
99.25,3.1646813145977237,-51.56685062459702,-0.06201156716918049,0.41315895426456456
99.5,3.149184540226865,-51.463588214240886,-0.06196265118487385,0.41294032496749267
99.75,3.1336999776436327,-51.36038046454791,-0.06191387375486525,0.4127216680379974
100.0,3.1182275923557796,-51.25722738245956,-0.06186523488309313,0.41250298355627235
100.25,3.1027678542033454,-51.154132175507016,-0.06181269387613182,0.41225866594129307
100.5,3.087321232209418,-51.051098051749854,-0.06176030591945351,0.4120143186494066
100.75,3.0718876883324073,-50.9481250185831,-0.06170807101742745,0.4117699417656778
101.0,3.0564671845192892,-50.84521308338915,-0.06165598917439619,0.4115255353769979
101.25,3.041060194849863,-50.74236545320947,-0.06159996169975743,0.41125550169315817
101.5,3.02566719073763,-50.63958533541158,-0.06154410177236191,0.4109854363643833
101.75,3.0102881305955647,-50.536872737726796,-0.061488409396194536,0.4107153394841727
102.0,2.9949229718331245,-50.43422766834386,-0.061432884576182845,0.410445211148109
102.25,2.979572194678246,-50.331653333597984,-0.06137337064378601,0.4101494613603315
102.5,2.9642362729264473,-50.229152940308644,-0.06131403875148616,0.40985367795923494
102.75,2.948915160427725,-50.12672649725575,-0.061254888904678964,0.4095578610471028
103.0,2.9336088138897405,-50.024374012719036,-0.06119592110805787,0.4092620107247843
103.25,2.9183177121852113,-49.92209869242337,-0.061132920729001526,0.40894054479983094
103.5,2.9030423361209885,-49.81990374320869,-0.06107011688065093,0.4086190432921159
103.75,2.8877826360588394,-49.71778917374932,-0.06100750956781854,0.4082975063123268
104.0,2.872538563273865,-49.61575499281239,-0.060945098795398576,0.40797593397284637
104.25,2.8573106036532514,-49.51380440616875,-0.06087861196478041,0.40762875187482894
104.5,2.8420992394828954,-49.41194061994687,-0.06081233615161561,0.4072815322262391
104.75,2.8269044175844686,-49.31016364318816,-0.06074627136087352,0.4069342751462522
105.0,2.811726085665287,-49.20847348525816,-0.06068041759762385,0.4065869807539089
105.25,2.796564732020197,-49.10687335134456,-0.06061044432921974,0.4062140824558699
105.5,2.781420845995326,-49.00536644732183,-0.06054069656215674,0.4058411446352743
105.75,2.7662943671336913,-48.903952782513116,-0.06047117430122472,0.4054681674249026
106.0,2.751185239590096,-48.80263236677604,-0.06040187755177176,0.40509515095321125
106.25,2.7360939577981487,-48.70140840495761,-0.060328417858300655,0.40469653642689357
106.5,2.7210210116680487,-48.60028410216646,-0.060255198146006606,0.40429788041189096
106.75,2.7059663399804195,-48.49925946844473,-0.06018221842008495,0.40389918304722755
107.0,2.6909298824145873,-48.398334514042176,-0.06010947868634982,0.40350044446727595
107.25,2.675912135821019,-48.297512443283125,-0.06003253257456382,0.40307611368975466
107.5,2.660913594405346,-48.196796460753156,-0.05995584092050915,0.4026517394551612
107.75,2.64593419432389,-48.096186577120484,-0.05987940372999895,0.40222732191090943
108.0,2.6309738716784037,-47.995682803379715,-0.05980322100959259,0.4018028611980908
108.25,2.616033124873125,-47.895288342784994,-0.059722788483286826,0.40135281414521573
108.5,2.6011124532954972,-47.79500639989157,-0.059642624887992164,0.40090272167026103
108.75,2.5862117886729767,-47.69483698543158,-0.05956273022991884,0.4004525839228768
109.0,2.5713310653795918,-47.59478011138289,-0.0594831045158471,0.400002401056014
109.25,2.5564707851846866,-47.49483898053237,-0.05939918557763583,0.39952663770439995
109.5,2.5416314490357883,-47.395016796403304,-0.05931555004038555,0.39905082696294353
109.75,2.526812985981917,-47.29531357083852,-0.05923219791110031,0.3985749689906185
110.0,2.512015326907919,-47.19572931588991,-0.0591491291966198,0.398099063946088
110.25,2.497238976028978,-47.09626723379034,-0.05906172386043028,0.397597584281291
110.5,2.4824844395115857,-46.99693052786648,-0.0589746163923735,0.397096055257603
110.75,2.4677516419655174,-46.89771921015977,-0.05888780679941945,0.3965944770425898
111.0,2.453040510702004,-46.79863329349952,-0.058801295088909834,0.39609284980342907
111.25,2.4383515561263414,-46.69967597971356,-0.05871040335748618,0.3955656538049612
111.5,2.4236852831748434,-46.60085047103356,-0.05861982395738449,0.39503840648150024
111.75,2.4090416184440624,-46.502156780873946,-0.05852955689628463,0.3945111080036931
112.0,2.3944204802025797,-46.40359492157114,-0.05843960218113635,0.3939837585534888
112.25,2.3798223849918196,-46.305168095044685,-0.05834522406856527,0.3934308462045373
112.5,2.365247842990615,-46.20687950327675,-0.058251172747465,0.3928778805627285
112.75,2.350696771740791,-46.10872915931326,-0.05815744822570842,0.3923248618108018
113.0,2.33616909151327,-46.01071707676136,-0.05806405051081752,0.39177179013193447
113.25,2.3216653185522813,-45.91284645660854,-0.05796618602279599,0.3911931614219077
113.5,2.307185970160699,-45.81512050062773,-0.05786866278340074,0.39061447744737293
113.75,2.29273095847922,-45.71753922231862,-0.05777148080024497,0.39003573840343636
114.0,2.2783002002540487,-45.62010263575088,-0.05767464008127158,0.3894569444826887
114.25,2.263894216994475,-45.52281394160492,-0.0575732892157811,0.3888525993947137
114.5,2.24951352755998,-45.42567634099511,-0.0574722940529424,0.38824819707256025
114.75,2.2351580414775785,-45.328689848125656,-0.05737165460036937,0.38764373772054533
115.0,2.2208276701688447,-45.23185447695191,-0.05727137086598783,0.3870392215409048
115.25,2.2065229403825213,-45.13517342811159,-0.057166533635852716,0.38640916005981785
115.5,2.1922443734936676,-45.03864990197614,-0.05706206655815745,0.3857790393801019
115.75,2.177991876432299,-44.942283913351346,-0.05695796964107881,0.3851488597107693
116.0,2.1637653580078,-44.846075476911786,-0.05685424289311862,0.3845186212596702
116.25,2.1495653456105477,-44.750027792562996,-0.056745919303690155,0.38386284337601
116.5,2.135392365906418,-44.65414406032724,-0.05663798031356582,0.3832070043253371
116.75,2.1212463223219182,-44.55842429538701,-0.05653042593131138,0.382551104325148
117.0,2.1071271201169988,-44.46286851314105,-0.056423256165762325,0.38189514359085286
117.25,2.093035290175434,-44.367479912578375,-0.05631144621648156,0.3812136492936502
117.5,2.0789713635045817,-44.2722616935154,-0.05620003531023346,0.38053209186075265
117.75,2.064935239044648,-44.17721387186037,-0.056089023456130385,0.3798504715183053
118.0,2.050926819507697,-44.08233646329358,-0.05597841066327425,0.3791687884882042
118.25,2.0369466373531617,-43.98763266624709,-0.05586311436612097,0.3784615777676799
118.5,2.0229952270731655,-43.89310567977693,-0.05574823155204804,0.37775430194376564
118.75,2.0090724859543716,-43.79875552043659,-0.05563376223036309,0.3770469612498516
119.0,1.995178311316812,-43.70458220440311,-0.055519706410659744,0.37633955591753576
119.25,1.9813132409235021,-43.610588929846394,-0.05540092376677095,0.3756066287633125
119.5,1.9674778136167785,-43.516778895681,-0.05528256904326714,0.37487363453562794
119.75,1.953671920463896,-43.42315211814758,-0.055164642249456525,0.37414057347948687
120.0,1.9398954552561734,-43.32970861406131,-0.055047143394296554,0.3734074458366611
120.25,1.9261489619873668,-43.23645158149076,-0.05492487440779509,0.372648802242019
120.5,1.9124329811176792,-43.14338421863171,-0.05480304777587825,0.3718900896039818
120.75,1.8987474011262588,-43.05050654238344,-0.05468166350721263,0.3711313081775784
121.0,1.8850921122768782,-42.95781857021125,-0.05456072161241912,0.3703724582104767
121.25,1.871467661186961,-42.86532349903445,-0.05443496629438638,0.3695880981641373
121.5,1.857874590831139,-42.773024526712916,-0.05430966776062092,0.36880366710977625
121.75,1.844312788931167,-42.68092167118744,-0.05418482602132692,0.3680191653041895
122.0,1.8307821404277724,-42.58901494998245,-0.05406044108670649,0.3672345930064524
122.25,1.8172831944564645,-42.497307559702804,-0.05393119944403232,0.36642451650523444
122.5,1.80381650123509,-42.405802697736085,-0.05380242901321281,0.36561436702526
122.75,1.7903819403495713,-42.314500382053055,-0.053674129803305014,0.3648041448378183
123.0,1.7769793969227237,-42.22340063124625,-0.053546301826165064,0.36399385020362157
123.25,1.7636094235994721,-42.13250664130421,-0.05341357386285987,0.36315805723700245
123.5,1.7502725703705557,-42.041821608837516,-0.05328133153414277,0.36232218932672355
123.75,1.7369687179439164,-41.95134555291216,-0.053149574851641034,0.3614862467447725
124.0,1.7236977433574496,-41.86107849180898,-0.053018303825276565,0.36065022976899763
124.25,1.7104602055213998,-41.771023621434246,-0.05288208955154644,0.35978872033388093
124.5,1.697256659754081,-41.681184138312055,-0.05274637533356833,0.3589271339849371
124.75,1.68408697774285,-41.59156006118745,-0.052611161181866706,0.3580654710078753
125.0,1.6709510367433837,-41.5021514092065,-0.052476447107145045,0.3572037316848082
125.25,1.6578493973086559,-41.412961377689896,-0.05233674652881481,0.3563165057788439
125.5,1.6447826192162625,-41.32399316263076,-0.05219756042304824,0.35542920098989916
125.75,1.6317505743564373,-41.23524678376946,-0.05205888880099605,0.3545418176115974
126.0,1.6187531327785156,-41.14672226042902,-0.05192073167340945,0.3536543559350483
126.25,1.6057908594489514,-41.05842278776775,-0.051777544788631766,0.3527414135454082
126.5,1.5928643168155943,-40.97035156067067,-0.051634886789614726,0.35182839030890173
126.75,1.5799733723304155,-40.88250859945745,-0.05149275768883694,0.350915286522381
127.0,1.5671178944032638,-40.794893924196025,-0.051351157496630974,0.35000210248408997
127.25,1.5542984497034238,-40.707510729169236,-0.051204484314959414,0.3490634436121132
127.5,1.5415156060038688,-40.62036220938919,-0.05105835442965686,0.34812470192455197
127.75,1.528769227325093,-40.53344838532223,-0.050912767852801896,0.3471858777256837
128.0,1.516059177623675,-40.44676927774,-0.05076772459568298,0.34624697132519544
128.25,1.5033860280927358,-40.36032808013396,-0.05061756511903175,0.34528259596579064
128.5,1.4907503491031866,-40.27412798704439,-0.050467963346179784,0.3443181358211258
128.75,1.4781520011796292,-40.188169019555076,-0.05031891928879433,0.3433535912065754
129.0,1.4655908439115428,-40.102451198573185,-0.05017043295875535,0.34238896243953865
129.25,1.4530674547631377,-40.01697771779334,-0.050016787197305214,0.3413988705853837
129.5,1.440582404899268,-39.93175177081101,-0.049863713543159834,0.34040869197982493
129.75,1.428135551384482,-39.846773379106985,-0.04971121200863778,0.3394184269448904
130.0,1.415726752139762,-39.76204256460194,-0.04955928260602333,0.33842807580430634
130.25,1.4033565854615289,-39.67756251983578,-0.04940215056811652,0.33741226745675035
130.5,1.3910256288425367,-39.59333643830258,-0.04924560503837684,0.33639637038665365
130.75,1.3787337358551264,-39.509364342122694,-0.049089646029139955,0.33538038492719835
131.0,1.3664807572600466,-39.42564625319132,-0.048934273552166514,0.33436431141284967
131.25,1.3542672804656357,-39.342185364270264,-0.0487736552377632,0.3333227865622592
131.5,1.3420938809896739,-39.258984867665774,-0.04861363782767093,0.3322811710255084
131.75,1.329960411694642,-39.17604478644522,-0.04845422133582166,0.3312394651384548
132.0,1.3178667208238,-39.09336514294246,-0.048295405774007295,0.3301976692438136
132.25,1.305813394753208,-39.01094912877571,-0.04813130118905166,0.32913042789484503
132.5,1.293801019022112,-38.928799936769195,-0.04796781190325343,0.32806309388703797
132.75,1.2818294375308614,-38.84691758947461,-0.04780493792880589,0.3269956675716898
133.0,1.2698984968765066,-38.7653021101601,-0.04764267927929023,0.3259281492952839
133.25,1.2580087888201004,-38.683956690528326,-0.04747508841949504,0.3248351914386214
133.5,1.2461608997873255,-38.60288452210907,-0.0473081272490076,0.323742138955343
133.75,1.234354672902336,-38.52208562888691,-0.0471417957813647,0.32264899220305887
134.0,1.2225899504772704,-38.441560033854714,-0.04697609402946797,0.32155575153760124
134.25,1.2108673259621892,-38.361310928386736,-0.04680501690855278,0.3204370771685174
134.5,1.1991873884649153,-38.281341503368296,-0.04663458386364223,0.31931830620863505
134.75,1.1875499804747052,-38.20165178331241,-0.04646479490875876,0.3181994390189841
135.0,1.1759549389256927,-38.122241791953854,-0.04629565005708275,0.3170804759641143
135.25,1.1644028591036075,-38.04311471944299,-0.04612108668171436,0.31593608508754695
135.5,1.1528943392118367,-37.964273757273546,-0.04594718176668713,0.3147915956487598
135.75,1.1414292145925167,-37.88571892997101,-0.04577393532613584,0.3136470080196045
136.0,1.130007318733124,-37.80745026172728,-0.045601347373353966,0.3125023225730294
136.25,1.1186292514693947,-37.729470942269835,-0.045423297746113006,0.31133221518120724
136.5,1.107295612794389,-37.65178416225534,-0.04524592095975129,0.31016200725985965
136.75,1.0960062345699466,-37.57438994690951,-0.04506921702818449,0.3089916991901029
137.0,1.084760948697526,-37.49728832106402,-0.04489318596553797,0.3078212913521806
137.25,1.073560359550015,-37.420482474172346,-0.04471165008984396,0.3066254674425854
137.5,1.0624050679599775,-37.34397559616744,-0.04453080143152512,0.3054295410367451
137.75,1.0512949024007543,-37.26776771241105,-0.04435064000561328,0.30423351252248454
138.0,1.0402296922336507,-37.191858848474965,-0.044171165826542846,0.3030373822864847
138.25,1.029210043613851,-37.116252193135736,-0.04398614371582382,0.30181584186172833
138.5,1.0182365628557142,-37.040950936120865,-0.0438018231967197,0.300594196971969
138.75,1.0073090749561227,-36.96595510351497,-0.043618204284394765,0.2993724480134263
139.0,0.9964274030945486,-36.89126472083031,-0.043435286992526904,0.29815059538423455
139.25,0.9855921607515123,-36.81688297695271,-0.04324677864811891,0.29690333844033934
139.5,0.9748039551653271,-36.74281306047998,-0.043058986265304466,0.2956559750644415
139.75,0.96406260877816,-36.669054998375564,-0.04287190986049703,0.29440850565842125
140.0,0.9533679413319532,-36.59560881665191,-0.04268554944776305,0.29316093062976617
140.25,0.9427205681553925,-36.52247770323221,-0.04249355487429559,0.2918879571661398
140.5,0.9321211019424723,-36.44966484680332,-0.042302290630259975,0.29061487530148544
140.75,0.9215693608532867,-36.37717027423625,-0.042111756730425,0.2893416854477764
141.0,0.911065162077407,-36.30499401243171,-0.041921953190399056,0.28806838801912676
141.25,0.9006091236066125,-36.23313924921518,-0.041726472384216014,0.28676969803135516
141.5,0.8902018628231247,-36.1616091723305,-0.04153173627100737,0.28547089767406225
141.75,0.8798431926150642,-36.09040380887643,-0.0413377448660196,0.284171987367955
142.0,0.869532928465786,-36.01952318726286,-0.04114449818567542,0.2828729675344324
142.25,0.8592716903387754,-35.948970493718114,-0.04094553115464168,0.2815485610226095
142.5,0.8490600983610928,-35.87874891546635,-0.0407473231774012,0.2802240421721582
142.75,0.8388979645983657,-35.80885848150662,-0.04054987427023082,0.27889941141279867
143.0,0.8287850976117203,-35.739299219035935,-0.04035318444844587,0.2775746691746988
143.25,0.8187221237533377,-35.670074314610154,-0.04015073119783499,0.27622454613607345
143.5,0.8087096677008332,-35.60118695549443,-0.039949051358184474,0.2748743087908332
143.75,0.7987475345639502,-35.53263716971371,-0.03974814494529187,0.2735239575766431
144.0,0.7888355293253934,-35.464424985924374,-0.03954801197557116,0.27217349293497645
144.25,0.7789742857992911,-35.396553590279424,-0.03934207251211661,0.27079765336874567
144.5,0.7691644277804389,-35.32902616875011,-0.03913692081296324,0.26942169753017364
144.75,0.7594057605525334,-35.26184275097959,-0.038932556895612924,0.26804562586129266
145.0,0.7496980848281637,-35.19500336556627,-0.03872898077560637,0.2666694388128594
145.25,0.740042034386349,-35.12851119800169,-0.03851955511183865,0.265267882720976
145.5,0.7304382404154286,-35.06236943435293,-0.03831093156352311,0.26386620838685804
145.75,0.7208865021322853,-34.99657810368441,-0.03810311014683798,0.2624644162657221
146.0,0.7113866185485366,-34.931137236150555,-0.03789609087907842,0.26106250681114845
146.25,0.7019392273182645,-34.8660500158391,-0.03768317901513707,0.25963523419349566
146.5,0.6925449613629154,-34.80131962895176,-0.037471083613807264,0.2582078413684161
146.75,0.6832036174347198,-34.73694610505199,-0.037259804691965215,0.25678032879391705
147.0,0.6739149911994002,-34.67292947440953,-0.037049342266791706,0.25535269693375806
147.25,0.6646797230056847,-34.60927292119221,-0.03683294420979562,0.2538997077886468
147.5,0.6554984504988686,-34.545979630848045,-0.03661737695992455,0.2524465964641949
147.75,0.6463709660935448,-34.483049633373426,-0.036402640533456154,0.25099336343326073
148.0,0.6372970611945986,-34.42048295900877,-0.03618873494765349,0.24954000916442667
148.25,0.6282773806476578,-34.35828279257007,-0.03596885070391301,0.2480613034888441
148.5,0.6193125660264852,-34.296452317940926,-0.03574981160680301,0.24658247366624378
148.75,0.6104024043368699,-34.23499156632122,-0.03553161767450599,0.24510352017844697
149.0,0.6015466864377852,-34.173900568325294,-0.03531426892390083,0.24362444350003598
149.25,0.5927460573187087,-34.11318250729229,-0.035090898494659906,0.24212002129947952
149.5,0.5840011640137818,-34.05284056772073,-0.03486838755043814,0.24061547298266464
149.75,0.5753117911489762,-33.992874780884506,-0.03464673610770688,0.23911079903839907
150.0,0.5666777232968062,-33.93328517822444,-0.03442594418510346,0.23760599995219467
150.25,0.5580996129417273,-33.87407494288341,-0.03419908757020277,0.2360758612157597
150.5,0.5495781090273141,-33.81524725869366,-0.03397310477431018,0.23454559439432335
150.75,0.5411129891745371,-33.75680215645582,-0.03374799581356305,0.23301519998925485
151.0,0.5327040372177431,-33.69873966915858,-0.03352376070803324,0.23148467849052787
151.25,0.5243519076746145,-33.64106297860842,-0.03329341792289034,0.22992882322309557
151.5,0.5160572532801816,-33.583775268083095,-0.03306396328688465,0.22837283790664717
151.75,0.5078198518376962,-33.526876570101365,-0.032835396817709195,0.2268167230422691
152.0,0.49963948021837395,-33.47036691695846,-0.03260771853400747,0.22526047913323122
152.25,0.4915167975346331,-33.41424949077645,-0.03237388957573294,0.22367890733264634
152.5,0.4834524603582156,-33.358527474081605,-0.03214096309391928,0.22209720351411444
152.75,0.4754462412492364,-33.303200899711406,-0.03190893910665183,0.2205153681874207
153.0,0.4674979146284736,-33.24826980052779,-0.03167781763268441,0.21893340186589463
153.25,0.45960814245230475,-33.193737358221824,-0.03144050250922141,0.21732611353280373
153.5,0.45177758697047987,-33.1396067549204,-0.031204104186761658,0.21571869120992065
153.75,0.4440060154625423,-33.08587802401628,-0.03096862268277709,0.21411113542293866
154.0,0.4362931999816427,-33.03255119849295,-0.03073405801672649,0.21250344668611518
154.25,0.4286398053339622,-32.979629459640144,-0.030493256738111294,0.21087044181804504
154.5,0.42104649474587597,-32.92711598909938,-0.03025338658006735,0.20923730099685128
154.75,0.413513035924222,-32.87501082064883,-0.030014447561639745,0.2076040247479409
155.0,0.40603919381052656,-32.823313987512854,-0.029776439701539502,0.2059706136008246
155.25,0.39862563790065514,-32.7720286709317,-0.0295321522715685,0.20431189220246485
155.5,0.3912730370696468,-32.72115805244182,-0.029288810280397898,0.2026530328799309
155.75,0.3839811547878683,-32.67070216587143,-0.029046413746695643,0.20099403616981218
156.0,0.37674975151615886,-32.62066104586535,-0.028804962689858417,0.19933490260929718
156.25,0.36957950173045734,-32.571037872044315,-0.02855718910777664,0.19765046467437047
156.5,0.3624710762516645,-32.52183582544961,-0.028310375277999907,0.19596588684878205
156.75,0.35542423331892814,-32.47305494026075,-0.02806452121910416,0.1942811696777265
157.0,0.348438734783427,-32.42469525147374,-0.027819626951577105,0.19259631370064204
157.25,0.34151525507449365,-32.37675993882279,-0.02756836722165465,0.19088615923196117
157.5,0.33465446883898553,-32.32925218298007,-0.02731808155478806,0.1891758629052125
157.75,0.32785613271214636,-32.282172019373455,-0.027068769971356266,0.18746542527025287
158.0,0.3211200026053807,-32.23551948204987,-0.02682043248984553,0.1857548468795487
158.25,0.3144467585289805,-32.18929775118386,-0.02656568662030244,0.18401897587240085
158.5,0.3078370772114214,-32.143510006320774,-0.026311929121101058,0.18228296104058284
158.75,0.3012907111026057,-32.09815628273613,-0.026059160011926943,0.18054680294137335
159.0,0.29480741338849115,-32.053236616717015,-0.025807379313397674,0.17881050213487917
159.25,0.2883878682060224,-32.008754186518615,-0.025549147309243264,0.17704891459508673
159.5,0.2820327561223683,-31.96471217137834,-0.025291917978774538,0.17528718126089307
159.75,0.2757418251551744,-31.921110607803424,-0.02503569134338708,0.17352530270020602
160.0,0.26951482622364703,-31.877949531814654,-0.024780467422913444,0.17176327947931813
160.25,0.26335244530777674,-31.835232121963973,-0.024518749290754045,0.16997597540224502
160.5,0.25725536694436424,-31.792961556524084,-0.024258048133199255,0.16818852356402636
160.75,0.25122333676200176,-31.751137872433397,-0.023998363970800525,0.16640092453966546
161.0,0.24525610133303824,-31.70976110649711,-0.023739696824940724,0.1646131789014326
161.25,0.23935434956913876,-31.668834436842793,-0.023474492574968933,0.16280015829049418
161.5,0.23351876911048844,-31.628361040411743,-0.023210319596277368,0.16098698794969965
161.75,0.2277491039885386,-31.588340955442252,-0.02294717791060745,0.1591736684632218
162.0,0.22204509559964986,-31.54877421890489,-0.022685067539177622,0.1573602004119132
162.25,0.21640743692150183,-31.50966400755666,-0.022416377174449168,0.15552146326764227
162.5,0.21083682011229482,-31.471013499666782,-0.022148732375831127,0.1536825744246859
162.75,0.2053329832838636,-31.432822732563732,-0.021882133164169565,0.15184353447765828
163.0,0.199895666194709,-31.39509174475773,-0.021616579561558595,0.15000434401467347
163.25,0.19452556480958827,-31.35782371241209,-0.021344403083954997,0.148139890333782
163.5,0.18922337540400105,-31.321021812238925,-0.02107328646254903,0.1462752829860842
163.75,0.1839888334099888,-31.284686083636117,-0.020803229720140815,0.14441052257195122
164.0,0.17882167179888003,-31.248816563809015,-0.020534232877354747,0.14254560969275093
164.25,0.17372259314817273,-31.213416429271486,-0.020258570287550473,0.1406554394747235
164.5,0.1686922966427705,-31.178488856640598,-0.019983981841702567,0.13876511362370564
164.75,0.16373051176076187,-31.14403388464648,-0.01971046756178807,0.13687463274774211
165.0,0.1588369716267766,-31.110051552631685,-0.01943802747044619,0.13498399745075282
165.25,0.15401238098819126,-31.07654503594927,-0.01915887877321229,0.13306811069357505
165.5,0.14925744111603728,-31.043517510518708,-0.018880818503543135,0.13115206633541215
165.75,0.14457188190170964,-31.010969015850037,-0.018603846684437184,0.12923586498852271
166.0,0.1399554285606067,-30.97889959096593,-0.018327963337350314,0.12731950727305222
166.25,0.13540879063295422,-30.947312411291737,-0.018045328545379134,0.12537790397979548
166.5,0.1309326733124079,-30.916210652424702,-0.017763796462549598,0.12343614111663928
166.75,0.12652680037099792,-30.885594354138572,-0.017483367110425245,0.12149421930987264
167.0,0.122190897483683,-30.855463556020247,-0.017204040512628502,0.11955213917759151
167.25,0.11792567445827244,-30.825821432498625,-0.016917919629089506,0.11758481935077665
167.5,0.11373184316123885,-30.796671159405008,-0.016632915731772658,0.11561733798468003
167.75,0.10960912312161623,-30.768012776905156,-0.01634902884396426,0.11364969571252104
168.0,0.10555723485708209,-30.739846324802453,-0.016066258987380767,0.111681893166187
168.25,0.10157689485204639,-30.71217497778369,-0.015776652011213057,0.10968885679830014
168.5,0.09766881442209711,-30.68500191008605,-0.015488176294962686,0.10769565692500133
168.75,0.09383271255868955,-30.658327162751565,-0.015200831861919475,0.10570229418552218
169.0,0.09006830449310362,-30.6321507764929,-0.014914618735196988,0.10370876921969066
169.25,0.0863763099105774,-30.606475924669162,-0.014621525676646551,0.10169001631580986
169.5,0.08275744676642398,-30.581305782047536,-0.014329578149521932,0.09967109793622159
169.75,0.07921142702733457,-30.556640389779613,-0.014038776176400456,0.09765201473261466
170.0,0.07573796460800986,-30.532479788603933,-0.013749119781101528,0.09563276735018393
170.25,0.07233778122173208,-30.508827151775638,-0.01345254065034408,0.09358829790875493
170.5,0.06901159794476235,-30.485685653229872,-0.013157121317395437,0.09154366102702642
170.75,0.06575912342410352,-30.4630553347142,-0.012862861806764003,0.08949885735887718
171.0,0.0625800690794787,-30.44093623820067,-0.01256976214193831,0.0874538875612982
171.25,0.05947516166757194,-30.419331536033923,-0.012269696934920207,0.08538370158148899
171.5,0.056445123475130365,-30.398244401446238,-0.011970805790334254,0.08331334619235978
171.75,0.05348966170443914,-30.37767487692353,-0.011673088732305294,0.08124282205571852
172.0,0.050608480802440306,-30.357623004328683,-0.011376545784562084,0.07917212983934381
172.25,0.047802313265587794,-30.338091956450224,-0.01107299451046859,0.07707622732189133
172.5,0.045071884605543476,-30.319084905288943,-0.010770631559588486,0.0749801534259044
172.75,0.04241689775110652,-30.300601893998827,-0.010469456956051816,0.07288390882534286
173.0,0.03983705666619513,-30.28264296514531,-0.01016947072383641,0.07078749419125538
173.25,0.03733309333241157,-30.26521129004487,-0.00986243338482378,0.06866587513821909
173.5,0.03490573804993493,-30.248310041228162,-0.009556598626550155,0.06654408273935314
173.75,0.03255469230730502,-30.231939262614468,-0.009251966473543392,0.06442211767484214
174.0,0.030279654016286663,-30.2160989968547,-0.008948536950610347,0.06229998062463548
174.25,0.028081361958604643,-30.200792415271057,-0.008638013548455392,0.06015264502833059
174.5,0.025960546796715372,-30.18602268936237,-0.008328706980995328,0.05800513412168566
174.75,0.023916906846440062,-30.17178986300556,-0.008020617273113189,0.05585744858861095
175.0,0.021950136665633845,-30.15809397971773,-0.007713744448860565,0.05370958911905256
175.25,0.02006097723037348,-30.144938210176075,-0.00739973499596026,0.05153653698997687
175.5,0.018250166969827016,-30.132325725880513,-0.007086956629173961,0.04936330757733248
175.75,0.016517397149233823,-30.120256571084994,-0.006775409372591596,0.047189901581169
176.0,0.014862359066211235,-30.108730789726692,-0.006465093251215272,0.04501631969713151
176.25,0.013285797769711935,-30.097751552005526,-0.006147597749942009,0.042817551030561556
176.5,0.011788455717062832,-30.087322029181138,-0.005831347582232884,0.04061860311204992
176.75,0.010370020962109195,-30.077442265712207,-0.005516342772870029,0.03841947664729025
177.0,0.009030181545408729,-30.068112305968285,-0.005202583346946309,0.03622017234301885
177.25,0.007769684677237724,-30.059335319790215,-0.004881601803805577,0.03399568713739425
177.5,0.006589276029246511,-30.051114477586495,-0.004561879837690675,0.03177102071430809
177.75,0.0054886403549725075,-30.043449824486895,-0.004243417474406354,0.029546173786091694
178.0,0.0044674633070159704,-30.036341405717693,-0.003926214739565417,0.027321147064015033
178.25,0.0035264952220138523,-30.029792390746035,-0.003601747162221912,0.02507094531908535
178.5,0.0026664840806242553,-30.02380594897258,-0.003278553402572812,0.02282056038948458
178.75,0.0018871123443920247,-30.018382125939706,-0.0029566334863276034,0.020569992994733367
179.0,0.0011880596310531683,-30.01352096699467,-0.0026359874388925467,0.018319243857570795
179.25,0.0005700840186630134,-30.009225641967646,-0.0023080338241913134,0.01604332557565056
179.5,3.393571078925139e-05,-30.00549931973655,-0.0019813682650583336,0.01376722213986125
179.75,-0.00042070708549469036,-30.002342046578775,-0.001655990787452731,0.01149093427913287
180.0,-0.0007941669945039244,-29.999753868036258,-0.0013319014170828161,0.009214462723474742
180.25,-0.0010856855361301905,-29.997737953064107,-0.0010004617752264189,0.006912827903091254
180.5,-0.0012945064873159681,-29.996297470112992,-0.0006703244231307318,0.00461100596148693
180.75,-0.001420955845393738,-29.995432465975952,-0.0003414893866588442,0.0023089976350707457
181.0,-0.001465360438310759,-29.99514298670794,-1.3956691900837703e-05,6.80366235970196e-06
181.25,-0.0014683047066931787,-29.995142845912525,-9.598924613281323e-06,-5.680287004311414e-06
181.5,-0.0014701598881736724,-29.99514582661091,-5.248222217264786e-06,-1.816670029524035e-05
181.75,-0.0014709288177107668,-29.995151929309042,-9.045855441924822e-07,-3.0655572553918384e-05
182.0,-0.0014706133710623603,-29.995161154473468,3.4319854738812383e-06,-4.314689915547802e-05
182.25,-0.0014693190141750214,-29.995173183565985,6.9341725371582785e-06,-5.3087656769636656e-05
182.5,-0.0014671489812600178,-29.995187698084425,1.0430737348125774e-05,-6.303039478697554e-05
182.75,-0.001464104702353559,-29.995204698774725,1.3921678881152755e-05,-7.297511171268476e-05
183.0,-0.0014601875600518087,-29.995224186154356,1.7406997970627336e-05,-8.292180179543907e-05
183.25,-0.0014554887274347813,-29.995245890841613,2.018497842782435e-05,-9.071603161089446e-05
183.5,-0.001450095475074074,-29.995269544348385,2.295855417590309e-05,-9.851183299260898e-05
183.75,-0.0014440105032710031,-29.995295146429118,2.5727725841084848e-05,-0.00010630919940339325
184.0,-0.0014372339705479374,-29.995322698324603,2.849249187639874e-05,-0.00011410813172554291
184.25,-0.0014298388703780163,-29.995351974065432,3.065932565936291e-05,-0.00012009659324300989
184.5,-0.0014219035033725964,-29.995382746898,3.2822779024228865e-05,-0.0001260862780170564
184.75,-0.00141342750006749,-29.995415017253382,3.4982851939528714e-05,-0.0001320771857956455
185.0,-0.0014044114989786635,-29.995448785825605,3.713954340938547e-05,-0.00013806931504522748
185.25,-0.0013949203508016098,-29.99548386278663,3.87923972465648e-05,-0.00014254435287685868
185.5,-0.0013850168209074874,-29.995520058395947,4.044272918479058e-05,-0.00014702032338116292
185.75,-0.0013746993558972952,-29.995557373400633,4.209053779102856e-05,-0.0001514972292839169
186.0,-0.001363971867675628,-29.995595807382646,4.373582437593865e-05,-0.00015597506371179266
186.25,-0.0013528846721407649,-29.995635202850266,4.4958123036828446e-05,-0.0001591871375289566
186.5,-0.0013414924601336973,-29.995675401279968,4.617861587886268e-05,-0.00016239990129192673
186.75,-0.001329794272210807,-29.99571640290789,4.739730185554514e-05,-0.0001656133579439295
187.0,-0.0013177920762883853,-29.99575820829532,4.8614180949646535e-05,-0.00016882750276485837
187.25,-0.0013055307688401097,-29.995800685404504,4.947741012444745e-05,-0.0001709908513506796
187.5,-0.0012930544804860987,-29.995843703708854,5.0339426957556055e-05,-0.00017315468559590626
187.75,-0.0012803628415556044,-29.995887262718462,5.1200231697898224e-05,-0.00017531900880862164
188.0,-0.0012674548171282057,-29.99593136327839,5.205982401016579e-05,-0.0001774838196672447
188.25,-0.001254368486355104,-29.99597589629762,5.262517297546093e-05,-0.00017878138151250196
188.5,-0.0012411411410234812,-29.996020753977024,5.318980035354248e-05,-0.00018007926115783205
188.75,-0.0012277723254264612,-29.99606593621969,5.375370594531276e-05,-0.00018137746200873022
189.0,-0.0012142635027199509,-29.996111442988962,5.431689022274838e-05,-0.00018267598080727148
189.25,-0.0012006444721141363,-29.996157185404794,5.463660858467251e-05,-0.00018326366460371963
189.5,-0.0011869450312644492,-29.996203075008392,5.495600702501435e-05,-0.00018385152975176376
189.75,-0.0011731664925655374,-29.996249111709947,5.5275086328757106e-05,-0.0001844395741499953
190.0,-0.0011593072896180585,-29.9962952953316,5.559384610442919e-05,-0.00018502780053788844
190.25,-0.0011453920637197405,-29.996341553711524,5.5712489811628185e-05,-0.0001850382071082176
190.5,-0.0011314473434175414,-29.996387814943887,5.583114015957069e-05,-0.0001850486804694191
190.75,-0.0011174742186487075,-29.996434078438835,5.594979833169894e-05,-0.00018505922059787328
191.0,-0.0011034720591820127,-29.996480344459307,5.606846426882417e-05,-0.00018506982749374865
191.25,-0.0010894608243734885,-29.99652655510533,5.602392006475582e-05,-0.00018461546160539833
191.5,-0.001075461267552313,-29.996572652026554,5.597964674462774e-05,-0.00018416106998991655
191.75,-0.0010614726602386443,-29.996618635451867,5.593564364870379e-05,-0.00018370665354937687
192.0,-0.001047494224034957,-29.99666450538338,5.589191123565179e-05,-0.00018325221250076076
192.25,-0.0010335435688242668,-29.99671021555454,5.571635434380162e-05,-0.00018242828944122188
192.5,-0.0010196354235653233,-29.99675571982769,5.554127685487159e-05,-0.000181604268146375
192.75,-0.001005770800362364,-29.996801018002405,5.536667906340387e-05,-0.0001807801485838818
193.0,-0.0009919507615450101,-29.99684611010412,5.5192560932122714e-05,-0.00017995592785317998
193.25,-0.00097818829057078,-29.996890959639856,5.49131956815857e-05,-0.0001788427763193651
193.5,-0.0009644946631314145,-29.996935531187972,5.463447259378834e-05,-0.00017772946964246685
193.75,-0.0009508698703353976,-29.99697982449865,5.435639214012439e-05,-0.00017661600524561478
194.0,-0.0009373148627050443,-29.997023839346216,5.407895464109441e-05,-0.00017550238316589651
194.25,-0.0009238406111366415,-29.9970675477384,5.371874217695999e-05,-0.00017416756415054293
194.5,-0.0009104554299318304,-29.99711092273447,5.335929718670862e-05,-0.0001728325420397369
194.75,-0.0008971601718196535,-29.997153963862615,5.300062071072337e-05,-0.00017149731708051988
195.0,-0.0008839539734377495,-29.997196671511656,5.26427116591191e-05,-0.00017016188933882434
195.25,-0.0008708463277592024,-29.997239024177908,5.2220955726760276e-05,-0.00016866199667724848
195.5,-0.0008578442840344044,-29.997281002322502,5.1800060312856555e-05,-0.00016716186479500019
195.75,-0.0008449475977116035,-29.997322604980337,5.138002614792081e-05,-0.00016566149591853014
196.0,-0.0008321545134031061,-29.997363832958666,5.0960852755035924e-05,-0.00016416089043426728
196.25,-0.0008194730726363658,-29.997404671249566,5.0493723525890655e-05,-0.0001625431309375814
196.5,-0.0008069075123809955,-29.997445104975718,5.0027521226021776e-05,-0.00016092510840039627
196.75,-0.0007944595839806224,-29.997485133659218,4.9562246896638074e-05,-0.0001593068220535498
197.0,-0.000782126599781528,-29.99752475830326,4.9097899416837565e-05,-0.00015768827417552084
197.25,-0.000769912894453162,-29.997563968770248,4.859886998793972e-05,-0.0001559918251241137
197.5,-0.0007578256189386069,-29.997602754752236,4.8100812237272805e-05,-0.00015429509161066625
197.75,-0.0007458619151242668,-29.997641116564992,4.760372564060339e-05,-0.00015259807793033603
198.0,-0.0007340235690244554,-29.997679053946683,4.710761054749907e-05,-0.00015090078317436302
198.25,-0.0007223120833309177,-29.997716561204978,4.6587851255400214e-05,-0.0001491579626232652
198.5,-0.0007107299141396978,-29.997753632665006,4.606908885972094e-05,-0.00014741484833974164
198.75,-0.0006992779296627779,-29.997790268265035,4.5551324350107114e-05,-0.00014567143971867808
199.0,-0.0006879551304840335,-29.9978264681308,4.503455652742072e-05,-0.00014392773874940756
199.25,-0.0006767636800449148,-29.997862229513647,4.450328405120746e-05,-0.0001421650312417352
199.5,-0.0006657039754396105,-29.997897550305826,4.3973020064022594e-05,-0.00014040202373709194
199.75,-0.0006547759733360086,-29.997932430649634,4.3443763346480424e-05,-0.00013863871714211057
200.0,-0.0006439812890772805,-29.99796686958844,4.2915515250811775e-05,-0.00013687511079168613
200.25,-0.0006333200357398281,-29.99800086794305,4.2380260090103816e-05,-0.00013511402954261242
200.5,-0.0006227913675567095,-29.998034426516327,4.1846010636087394e-05,-0.0001333526462212329
200.75,-0.0006123960448307113,-29.99806754478487,4.1312767527730554e-05,-0.00013159096107874662
201.0,-0.000602134774838596,-29.998100221997174,4.078053207073884e-05,-0.00012982897265420307
201.25,-0.0005920071852815115,-29.99813246099647,4.024740448255876e-05,-0.00012808681654247558
201.5,-0.0005820119999079765,-29.9981642648365,3.971527163677824e-05,-0.00012634435947008046
201.75,-0.000572149929910341,-29.998195632764737,3.918413400127302e-05,-0.00012460160257813792
202.0,-0.0005624209895739697,-29.998226565145554,3.8653991396089826e-05,-0.00012285854513822067
202.25,-0.000552824066119432,-29.99825706571331,3.812789685826018e-05,-0.00012114905455537625
202.5,-0.0005433582625636985,-29.99828713911021,3.760277803954021e-05,-0.00011943926806659695
202.75,-0.0005340234952202125,-29.998316785247635,3.7078635272018434e-05,-0.00011772918505439462
203.0,-0.000524819574347215,-29.99834600358323,3.655546898771039e-05,-0.0001160188067927217
203.25,-0.000515745022091554,-29.998374800332236,3.604028358300537e-05,-0.00011435271243955697
203.5,-0.0005067990619056355,-29.9984031805919,3.552604899432349e-05,-0.00011268632604117641
203.75,-0.0004979824195938347,-29.998431143608116,3.501276655619445e-05,-0.00011101964799095387
204.0,-0.0004892933133350786,-29.998458690171333,3.450043519018231e-05,-0.000109352681363794
204.25,-0.00048073028217462,-29.998485826499678,3.3999171148692275e-05,-0.00010773818142798359
204.5,-0.00047229293892281664,-29.99851255927888,3.349882873040361e-05,-0.00010612339712160895
204.75,-0.0004639802603153906,-29.998538888409136,3.2999407198572306e-05,-0.00010450833050443226
205.0,-0.0004557930893139847,-29.998564813589894,3.2500908009540364e-05,-0.00010289298011939442
205.25,-0.00044772747819244856,-29.998590342590393,3.2015852725171545e-05,-0.00010133616141915408
205.5,-0.0004397840193933539,-29.99861548211105,3.153168647920118e-05,-9.977906749277669e-05
205.75,-0.00043196164799450345,-29.998640231828123,3.104840899514211e-05,-9.822169956109099e-05
206.0,-0.0004242595676352383,-29.998664592551396,3.056601980882395e-05,-9.666405786548663e-05
206.25,-0.00041667571829855185,-29.998688571853283,3.009885770970111e-05,-9.516924192144307e-05
206.5,-0.00040920895461528156,-29.99871217709252,2.9632548984748208e-05,-9.367416194639379e-05
206.75,-0.0004018594003927393,-29.998735408865976,2.9167092746161527e-05,-9.217881698310822e-05
207.0,-0.00039462499015708436,-29.998758266616875,2.870248987456997e-05,-9.068321053136003e-05
207.25,-0.0003875058216290019,-29.998780758848827,2.8254398968398375e-05,-8.925325610689797e-05
207.5,-0.0003804979999843592,-29.99880289334636,2.780712446064787e-05,-8.782304975241004e-05
207.75,-0.0003736015553312182,-29.998824670256703,2.7360665750389424e-05,-8.63925905635063e-05
208.0,-0.00036681832930175886,-29.998846089292392,2.691502339260965e-05,-8.496187574482135e-05
208.25,-0.0003601428465433317,-29.998867159582275,2.6486770228158207e-05,-8.359843752584266e-05
208.5,-0.000353574966437022,-29.998887888502317,2.605929553254477e-05,-8.223475775965243e-05
208.75,-0.00034711393683725054,-29.998908276872076,2.5632597926802947e-05,-8.087083455113228e-05
209.0,-0.0003407587338571047,-29.998928324379847,2.5206678460003296e-05,-7.950667126563374e-05
209.25,-0.0003345075284984538,-29.998948039291793,2.479867410904585e-05,-7.821041249977286e-05
209.5,-0.00032835855583505713,-29.99896743010209,2.4391409342051917e-05,-7.691392204205444e-05
209.75,-0.00032231182051556346,-29.99898649673644,2.3984883823505165e-05,-7.56172008903107e-05
210.0,-0.0003163663671899422,-29.999005239113064,2.3579098102112506e-05,-7.43202504045873e-05
210.25,-0.0003105203904942085,-29.999023665502627,2.319147346181022e-05,-7.309103015519375e-05
210.5,-0.0003047712443641463,-29.99904178462345,2.280454947764521e-05,-7.186159093891854e-05
210.75,-0.0002991188928397594,-29.999059596178167,2.241832672000149e-05,-7.06319330220553e-05
211.0,-0.00029356340978348356,-29.999077100321546,2.2032804799586303e-05,-6.940205550189787e-05
211.25,-0.0002881020537012699,-29.999094305322917,2.166546844031836e-05,-6.823909668502992e-05
211.5,-0.0002827312428997073,-29.999111219901284,2.129879469978807e-05,-6.707593278793242e-05
211.75,-0.00027745186027644775,-29.999127843542308,2.0932784381269554e-05,-6.591256116257431e-05
212.0,-0.00027226495413132937,-29.9991441764088,2.0567437312386805e-05,-6.474898079497456e-05
212.25,-0.00026716673589736447,-29.999160226318608,2.0220104778805037e-05,-6.365099211222407e-05
212.5,-0.0002621545521848769,-29.999176001776306,1.987339834124552e-05,-6.255280824493789e-05
212.75,-0.00025723031451649965,-29.99919150249927,1.9527317887693685e-05,-6.145442709400396e-05
213.0,-0.0002523922053500537,-29.999206728639255,1.9181863473126393e-05,-6.0355850004053885e-05
213.25,-0.0002476374188536677,-29.999221688026026,1.885411018560934e-05,-5.932114253501769e-05
213.5,-0.00024296422946004566,-29.9992363889476,1.8526945899821623e-05,-5.828625199040003e-05
213.75,-0.00023837360211186905,-29.99925083111865,1.8200371599080833e-05,-5.725117480051885e-05
214.0,-0.00023386458150222506,-29.999265014246948,1.7874387625689547e-05,-5.6215913155308926e-05
214.25,-0.0002294355116420572,-29.999278946848495,1.756567085744315e-05,-5.524249343186205e-05
214.5,-0.0002250823786480638,-29.99929263562839,1.7257509317594733e-05,-5.426890033237866e-05
214.75,-0.00022080728773932242,-29.99930608098366,1.6949902785126647e-05,-5.3295131701126815e-05
215.0,-0.00021660754469926617,-29.999319283300313,1.6642849950856964e-05,-5.232119241367921e-05
215.25,-0.00021248208389706334,-29.99933224951996,1.635255031699062e-05,-5.140684372804525e-05
215.5,-0.00020843086377554955,-29.99934498681217,1.606277248061838e-05,-5.049232927743154e-05
215.75,-0.00020445120285578753,-29.999357495567534,1.577351556417833e-05,-4.957765215723095e-05
216.0,-0.00020054403474262746,-29.999369775278048,1.5484780367794326e-05,-4.8662810599894813e-05
216.25,-0.00019670661928589315,-29.999381833790675,1.5212209477213912e-05,-4.7805155312772036e-05
216.5,-0.00019293605586881164,-29.99939367827756,1.4940127207013765e-05,-4.6947346805001386e-05
216.75,-0.00018923605697774345,-29.99940530778054,1.4668534204793915e-05,-4.608938187489782e-05
217.0,-0.00018560395368976426,-29.999416722695614,1.4397430026368008e-05,-4.523126371303487e-05
217.25,-0.00018203680052358324,-29.999427929972217,1.4141861402465483e-05,-4.442782140019765e-05
217.5,-0.00017853165989233658,-29.999438936562825,1.3886750312636087e-05,-4.3624235867564454e-05
217.75,-0.00017509231142133643,-29.999449741733816,1.3632098030381956e-05,-4.282050405833177e-05
218.0,-0.00017171530882326944,-29.99946034656602,1.3377902673951392e-05,-4.2016629876303634e-05
218.25,-0.00016840032210441218,-29.999470756881305,1.3138573117979502e-05,-4.126486575838015e-05
218.5,-0.00016514612487298814,-29.999480978729494,1.289967339781345e-05,-4.0512963213931935e-05
218.75,-0.0001619502428213235,-29.999491013195332,1.2661200957560237e-05,-3.976092862971853e-05
219.0,-0.00015881454600715666,-29.999500859546885,1.2423157515081829e-05,-3.900875747115734e-05
219.25,-0.00015573691587303587,-29.999510524064398,1.2199299896500926e-05,-3.830610763393654e-05
219.5,-0.00015271422378861094,-29.999520012807732,1.197584291769832e-05,-3.760333124856385e-05
219.75,-0.00014974942368316566,-29.999529325493267,1.1752786677109162e-05,-3.690042602555199e-05
220.0,-0.00014683988138735818,-29.999538462533305,1.153013092887456e-05,-3.619739517187918e-05
220.25,-0.0001439834387202441,-29.99954742998788,1.1320974487985525e-05,-3.5541310461903904e-05
220.5,-0.00014117788690564277,-29.999556233693568,1.1112191485411482e-05,-3.488510862583409e-05
220.75,-0.00013842517233131178,-29.999564873144706,1.0903782708550358e-05,-3.422878862593566e-05
221.0,-0.00013572453374821876,-29.999573348524464,1.0695747953169688e-05,-3.3572350556823136e-05
221.25,-0.00013307551900444036,-29.999581664984376,1.050051025128923e-05,-3.296030610270235e-05
221.5,-0.00013047497510029882,-29.99958982836907,1.0305621319095515e-05,-3.234815162226672e-05
221.75,-0.00012792311047503946,-29.999597838859597,1.0111081175323555e-05,-3.17358861692983e-05
222.0,-0.0001254199601944375,-29.999605695959932,9.91688992725559e-06,-3.112351163684212e-05
222.25,-0.0001229642429817814,-29.999613405281114,9.734821828644158e-06,-3.055304508183089e-05
222.5,-0.00012055276401204156,-29.99962097244832,9.553078311991259e-06,-2.998247525320377e-05
222.75,-0.00011818742897374774,-29.9996283967295,9.371660410560645e-06,-2.9411802097173274e-05
223.0,-0.00011586839719520851,-29.999635678080583,9.190567729841503e-06,-2.884102549075362e-05
223.25,-0.00011359236643244346,-29.999642821678755,9.020925545048797e-06,-2.8309730842633522e-05
223.5,-0.00011135892018627361,-29.999649832681964,8.85158621440757e-06,-2.777833910085964e-05
223.75,-0.00010916810991482904,-29.99965671059744,8.682549395677697e-06,-2.7246852025162154e-05
224.0,-0.00010701926009801765,-29.99966345584178,8.513815728208862e-06,-2.671526895998833e-05
224.25,-0.00010490992620613317,-29.999670073139406,8.355877134234857e-06,-2.6220822413984783e-05
224.5,-0.00010284037340555586,-29.999676566515202,8.198221116410831e-06,-2.5726285681787773e-05
224.75,-0.00010081173711315096,-29.999682935919463,8.04084705652991e-06,-2.523165841552773e-05
225.0,-9.882058752995759e-05,-29.999689182248222,7.883754163280632e-06,-2.4736943785633536e-05
225.25,-9.686888252258663e-05,-29.999695308606942,7.736812797594361e-06,-2.4277099113566873e-05
225.5,-9.495251028116667e-05,-29.999701320644988,7.5901330818042845e-06,-2.3817172453218714e-05
225.75,-9.307333903044911e-05,-29.99970721740303,7.4437154246737025e-06,-2.3357162626690397e-05
226.0,-9.123070945380846e-05,-29.99971299930177,7.297560012373139e-06,-2.289706978506401e-05
226.25,-8.942292711279012e-05,-29.99971867016217,7.160944231157651e-06,-2.2469679952765216e-05
226.5,-8.764932084181719e-05,-29.99972423402129,7.024572313558963e-06,-2.204221304653658e-05
226.75,-8.590917968212742e-05,-29.999729691077007,6.888443807140376e-06,-2.1614669983459194e-05
227.0,-8.420461352287837e-05,-29.999735041268448,6.752559233838551e-06,-2.118704678735108e-05
227.25,-8.253196006121667e-05,-29.999740288216454,6.625620341683958e-06,-2.0790054836767928e-05
227.5,-8.089157856531669e-05,-29.999745436173576,6.498906818447336e-06,-2.0392990967067293e-05
227.75,-7.92817459175837e-05,-29.99975048512618,6.3724193291175846e-06,-1.9995857471292014e-05
228.0,-7.770536033292084e-05,-29.999755434324683,6.246158503447896e-06,-1.9598650245368676e-05
228.25,-7.615888862224615e-05,-29.999760287845113,6.128282709461086e-06,-1.9230098287339317e-05
228.5,-7.464342315269634e-05,-29.99976504902698,6.010616895826826e-06,-1.886147772175265e-05
228.75,-7.31553862852292e-05,-29.999769718110326,5.893161439687877e-06,-1.8492792940713804e-05
229.0,-7.16969600232336e-05,-29.999774295257758,5.775915706260348e-06,-1.8124041529547492e-05
229.25,-7.026720357023749e-05,-29.99977878338494,5.666523328201611e-06,-1.77820708566236e-05
229.5,-6.886529900792023e-05,-29.999783185858426,5.557326128738382e-06,-1.7440036625914638e-05
229.75,-6.74887542655164e-05,-29.999787503359702,5.448322858238319e-06,-1.7097943584938265e-05
230.0,-6.61404778737344e-05,-29.999791735135116,5.33951527807025e-06,-1.675578603472579e-05
230.25,-6.481857779505947e-05,-29.999795884116494,5.238045407675307e-06,-1.643862943620312e-05
230.5,-6.352056564919335e-05,-29.999799954602487,5.1367547924466295e-06,-1.6121418310858744e-05
230.75,-6.224923466458265e-05,-29.99980394538765,5.0356454711353305e-06,-1.58041479693868e-05
231.0,-6.100293839232742e-05,-29.999807856691266,4.9347171824157265e-06,-1.5486820444617952e-05
231.25,-5.977991390674082e-05,-29.999811691898916,4.84063613302721e-06,-1.5192811431546996e-05
231.5,-5.858194008256434e-05,-29.99981545320849,4.746722730215869e-06,-1.4898749102272785e-05
231.75,-5.740749631714348e-05,-29.999819141291095,4.652976231221684e-06,-1.4604633472128365e-05
232.0,-5.625655955726123e-05,-29.999822755211746,4.55939835439928e-06,-1.431046397651668e-05
232.25,-5.512839558003046e-05,-29.99982629856617,4.472211342657073e-06,-1.403802707120048e-05
232.5,-5.402017295780351e-05,-29.999829774310925,4.385178945985613e-06,-1.3765542920446914e-05
232.75,-5.2933913503353185e-05,-29.999833181927784,4.298301954620831e-06,-1.3493009465870373e-05
233.0,-5.187079996618625e-05,-29.99983652136348,4.211579973822932e-06,-1.3220425420854049e-05
233.25,-5.082872237183631e-05,-29.999839794658733,4.130814013986184e-06,-1.2968075399937428e-05
233.5,-4.980683684913931e-05,-29.999843004961768,4.050191649514201e-06,-1.271568147924358e-05
233.75,-4.880357280433227e-05,-29.9998461527247,3.969712167699313e-06,-1.2463243671401562e-05
234.0,-4.782083381044562e-05,-29.999849236977013,3.8893768690220765e-06,-1.221076005183056e-05
234.25,-4.685765895983175e-05,-29.999852260418006,3.814590270545537e-06,-1.197710843402353e-05
234.5,-4.591398914310262e-05,-29.99985522550364,3.7399368514323683e-06,-1.1743414234004238e-05
234.75,-4.498903468671032e-05,-29.999858131993726,3.6654166649177644e-06,-1.1509677518074244e-05
235.0,-4.4082128011880206e-05,-29.99986098009804,3.5910299140129442e-06,-1.1275898393381524e-05
235.25,-4.319321417213149e-05,-29.999863772273216,3.521808402837112e-06,-1.1059633686600055e-05
235.5,-4.23210973439337e-05,-29.999866510322484,3.4527106455919943e-06,-1.0843329737875131e-05
235.75,-4.1466849354965435e-05,-29.999869193741628,3.3837369749281643e-06,-1.0626985444743852e-05
236.0,-4.062992911935557e-05,-29.99987182319018,3.31488570728955e-06,-1.041060322382036e-05
236.25,-3.980830727055455e-05,-29.999874400942833,3.250836784977895e-06,-1.0210497930247477e-05
236.5,-3.9003611308688985e-05,-29.999876928515977,3.186902075610898e-06,-1.001035490572589e-05
236.75,-3.821601775737969e-05,-29.99987940564969,3.1230816127866823e-06,-9.810174997276851e-06
237.0,-3.744403013821805e-05,-29.999881833026116,3.059375085739946e-06,-9.609958313415612e-06
237.25,-3.668646148867504e-05,-29.999884212451356,3.00013285993439e-06,-9.424861107745424e-06
237.5,-3.5943086612311986e-05,-29.99988654570984,2.9409954241874092e-06,-9.239731553416513e-06
237.75,-3.521498300672855e-05,-29.99988883229541,2.8819644704095038e-06,-9.05456702820264e-06
238.0,-3.4502515656530384e-05,-29.99989107262153,2.823039026184082e-06,-8.86936904268925e-06
238.25,-3.3803542944215366e-05,-29.999893268518328,2.7682559856356814e-06,-8.698202710890522e-06
238.5,-3.311874233177447e-05,-29.999895421522165,2.7135706361647305e-06,-8.527006414782201e-06
238.75,-3.244656301584202e-05,-29.99989753209475,2.6589818213698657e-06,-8.355780022079333e-06
239.0,-3.1789044659441025e-05,-29.999899599704236,2.6044916781736704e-06,-8.184520882176884e-06
239.25,-3.114405053636228e-05,-29.999901626183156,2.5538483314699323e-06,-8.026281920897718e-06
239.5,-3.0512262672311784e-05,-29.999903613067087,2.503295314711107e-06,-7.868013236068567e-06
239.75,-2.9893741005699844e-05,-29.99990555964742,2.452833381759445e-06,-7.709715866636098e-06
240.0,-2.928718740418976e-05,-29.99990746728496,2.402459679348712e-06,-7.5513901477678195e-06
240.25,-2.8693037028372638e-05,-29.999909336617417,2.3556608404751156e-06,-7.405138399479369e-06
240.5,-2.8110119366368576e-05,-29.999911169455153,2.308944561206505e-06,-7.258860667943678e-06
240.75,-2.7538746756737758e-05,-29.999912965987324,2.2623116978440216e-06,-7.112557074483854e-06
241.0,-2.6979106357181482e-05,-29.999914725954074,2.2157623520008274e-06,-6.966225641617462e-06
241.25,-2.6431698850331596e-05,-29.99991645021618,2.172523905705215e-06,-6.831085987307077e-06
241.5,-2.5893627279691878e-05,-29.999918141311444,2.129362484580566e-06,-6.69592347502802e-06
241.75,-2.5367771373476158e-05,-29.999919798226404,2.0862785527070438e-06,-6.560734832507853e-06
242.0,-2.4851566966607858e-05,-29.99992142123087,2.0432713140755565e-06,-6.425523944310542e-06
242.25,-2.4344873497639315e-05,-29.999923012334612,2.003335575324894e-06,-6.300684314363224e-06
242.5,-2.3849030257486327e-05,-29.999924571922083,1.963470568550063e-06,-6.175821980116545e-06
242.75,-2.3363457861597767e-05,-29.99992610043297,1.923677849541283e-06,-6.050934572458466e-06
243.0,-2.2888220937881768e-05,-29.999927597158205,1.8839561134118e-06,-5.926025381429026e-06
243.25,-2.2423119747031517e-05,-29.999929063882245,1.8470765159941949e-06,-5.810719830241802e-06
243.5,-2.1966037499530346e-05,-29.999930502448116,1.810261282611525e-06,-5.695393140551269e-06
243.75,-2.1517936844392096e-05,-29.999931911894407,1.773512072977823e-06,-5.5800464518562605e-06
244.0,-2.1079137137113252e-05,-29.999933292408333,1.7368284277730073e-06,-5.464679510150901e-06
244.25,-2.0649252519985603e-05,-29.999934645102613,1.7027788856496806e-06,-5.358204741521284e-06
244.5,-2.0227898403902312e-05,-29.999935971090203,1.6687902222589646e-06,-5.2517103788018406e-06
244.75,-1.9814500516270655e-05,-29.999937270812406,1.6348616907607694e-06,-5.1451971788831555e-06
245.0,-1.9409189708852207e-05,-29.999938543784282,1.6009939689393127e-06,-5.0386670990471415e-06
245.25,-1.9012606515136834e-05,-29.999939791311938,1.5695591516137752e-06,-4.940364717878156e-06
245.5,-1.862424195527035e-05,-29.99994101406029,1.5381799975400234e-06,-4.842045613177267e-06
245.75,-1.8243459995753698e-05,-29.99994221224684,1.5068569470741422e-06,-4.743708986493868e-06
246.0,-1.787147979316553e-05,-29.999943385801753,1.4755896428145232e-06,-4.64535256588348e-06
246.25,-1.7505107395498405e-05,-29.999944536158058,1.4465779846067894e-06,-4.554612875190506e-06
246.5,-1.714665069927984e-05,-29.999945663661617,1.4176183049802171e-06,-4.46385672662329e-06
246.75,-1.6795411418636024e-05,-29.99994676830628,1.3887110481489162e-06,-4.373084267779856e-06
247.0,-1.6451714884665837e-05,-29.999947850277216,1.3598553173788108e-06,-4.282295112006316e-06
247.25,-1.6114160694271046e-05,-29.999948910497036,1.3330791842972034e-06,-4.1985483347249915e-06
247.5,-1.578422767096894e-05,-29.999949949788885,1.306350796557998e-06,-4.114785011561331e-06
247.75,-1.5460324186711216e-05,-29.999950968404487,1.2796698041356303e-06,-4.031008049245472e-06
248.0,-1.5144374040228879e-05,-29.999951965341843,1.2530380296069121e-06,-3.9472137554099674e-06
248.25,-1.4834277504816956e-05,-29.999952942453305,1.2283331382589857e-06,-3.869932227987702e-06
248.5,-1.4530556625913849e-05,-29.99995390059446,1.2036710803978168e-06,-3.7926366822011205e-06
248.75,-1.4232387092070888e-05,-29.999954839313087,1.1790536787181782e-06,-3.7153276610279403e-06
249.0,-1.3940992207545526e-05,-29.999955758534494,1.1544802600779724e-06,-3.638005633984742e-06
249.25,-1.3656765452633855e-05,-29.999956658665187,1.131693342898421e-06,-3.566700428511634e-06
249.5,-1.3376652614087991e-05,-29.999957541595915,1.1089461441696202e-06,-3.4953851834984227e-06
249.75,-1.3102578475303093e-05,-29.999958406321102,1.0862404916031632e-06,-3.42405620665538e-06
250.0,-1.283404364148772e-05,-29.999959253506862,1.063574942158918e-06,-3.3527140419938315e-06
250.25,-1.2571378682369091e-05,-29.999960083335942,1.0425636333757926e-06,-3.286938345997885e-06
250.5,-1.231236207645739e-05,-29.999960897218873,1.021589653829591e-06,-3.2211516140800707e-06
250.75,-1.2058983700253846e-05,-29.99996169437102,1.0006533835635323e-06,-3.1553525737296733e-06
251.0,-1.1811509741043225e-05,-29.99996247475066,9.797546155626558e-07,-3.089541028932494e-06
251.25,-1.1567720375702884e-05,-29.999963239769578,9.603762151991213e-07,-3.0288729697697776e-06
251.5,-1.1329801397036884e-05,-29.999963989311222,9.410324281963756e-07,-2.968193131224138e-06
251.75,-1.1096166998791098e-05,-29.999964723632775,9.217238367484337e-07,-2.9075027948484342e-06
252.0,-1.086900303060295e-05,-29.999965442615547,9.024498837176265e-07,-2.8467994651437475e-06
252.25,-1.0646789505448318e-05,-29.999966146740114,8.84580071254526e-07,-2.79084608664621e-06
252.5,-1.0427375849111657e-05,-29.999966837644614,8.667414774649052e-07,-2.734885492273179e-06
252.75,-1.0212752485938458e-05,-29.99996751453902,8.489348161597188e-07,-2.678913661584634e-06
253.0,-1.0002294398033814e-05,-29.99996817764309,8.311590695628257e-07,-2.6229331513250463e-06
253.25,-9.796270176873354e-06,-29.99996882691387,8.146852144771954e-07,-2.57133748124033e-06
253.5,-9.594318543220044e-06,-29.99996946346465,7.982405006851101e-07,-2.519733933581749e-06
253.75,-9.396643045915371e-06,-29.99997008702871,7.818250507135582e-07,-2.4681205090952504e-06
254.0,-9.202685784088907e-06,-29.999970698049435,7.654392360431639e-07,-2.416497328663917e-06
254.25,-9.013543365288295e-06,-29.99997129599567,7.502513758791962e-07,-2.3689220446499286e-06
254.5,-8.828029556437205e-06,-29.99997188246771,7.350908757045027e-07,-2.3213384922859007e-06
254.75,-8.64628248788917e-06,-29.999972456974962,7.199567244875471e-07,-2.2737462322294857e-06
255.0,-8.467613146603757e-06,-29.999973019514663,7.048499751499682e-07,-2.226146535450679e-06
255.25,-8.293383264307037e-06,-29.999973570446933,6.908529730439983e-07,-2.1822857656870007e-06
255.5,-8.123103243301285e-06,-29.999974110437943,6.768807047155545e-07,-2.1384167802851156e-06
255.75,-7.955192332513525e-06,-29.99997463975049,6.629327900450899e-07,-2.0945424726810487e-06
256.0,-7.791706710086929e-06,-29.999975157808173,6.490108358653268e-07,-2.050658135069505e-06
256.25,-7.631198632826359e-06,-29.99997566532011,6.361151859562986e-07,-2.0102266535973567e-06
256.5,-7.474072547768299e-06,-29.99997616268699,6.232426369781607e-07,-1.9697873569870306e-06
256.75,-7.320599980154527e-06,-29.9999766498627,6.103924604095035e-07,-1.9293417843349154e-06
257.0,-7.170093434129865e-06,-29.99997712684453,5.975663120993957e-07,-1.8888875916767673e-06
257.25,-7.022957997365707e-06,-29.999977594032252,5.856876842333381e-07,-1.8516226443430384e-06
257.5,-6.8787740083641825e-06,-29.99997805231549,5.738306047969877e-07,-1.8143502157874938e-06
257.75,-6.735829178750047e-06,-29.999978501513887,5.619934494438539e-07,-1.7770728259703193e-06
258.0,-6.5980305962938025e-06,-29.99997894073274,5.501789731160445e-07,-1.7397858091830452e-06
258.25,-6.462149511288005e-06,-29.999979371218778,5.39239366374733e-07,-1.7054403781741478e-06
258.5,-6.32941747538969e-06,-29.999979792879632,5.283179828688422e-07,-1.671089880139439e-06
258.75,-6.198323639588751e-06,-29.999980206204715,5.17416534569215e-07,-1.6367340384297165e-06
259.0,-6.070167094545536e-06,-29.999980611323718,5.065346128443893e-07,-1.602371486660059e-06
259.25,-5.945086262958671e-06,-29.999981007742395,4.964556895373229e-07,-1.5707221849638126e-06
259.5,-5.822664430850947e-06,-29.999981396349988,4.863944809210818e-07,-1.5390663977137195e-06
259.75,-5.702216127128787e-06,-29.99998177714463,4.763513337252556e-07,-1.5074061367878264e-06
260.0,-5.584838516707883e-06,-29.99998214958498,4.6632729556322916e-07,-1.4757395249296537e-06
260.25,-5.469292262764218e-06,-29.999982515053144,4.570444724280587e-07,-1.4465761520359334e-06
260.5,-5.355783778423063e-06,-29.99998287327743,4.4777825530806226e-07,-1.4174074734975947e-06
260.75,-5.245477946238497e-06,-29.999983223937694,4.3852917785969225e-07,-1.3882324059277963e-06
261.0,-5.136866247705862e-06,-29.999983567525383,4.292961553117869e-07,-1.3590536285254865e-06
261.25,-5.031181354198229e-06,-29.99998390394234,4.207446767101608e-07,-1.3321783771189458e-06
261.5,-4.927806224552673e-06,-29.999984233409158,4.122081478444284e-07,-1.3052995643215368e-06
261.75,-4.826124068749161e-06,-29.99998455614696,4.036872835594396e-07,-1.2784155123819204e-06
262.0,-4.726477058401538e-06,-29.999984872327982,3.9518179375391815e-07,-1.2515269390224434e-06
262.25,-4.6291394975905385e-06,-29.99998518190124,3.8731055557877925e-07,-1.2267678023127986e-06
262.5,-4.533631339366026e-06,-29.99998548553305,3.794525229930401e-07,-1.202004061068659e-06
262.75,-4.44009098655644e-06,-29.999985782726814,3.71608693358616e-07,-1.1772349234381095e-06
263.0,-4.349751454445656e-06,-29.99998607338033,3.637795197714011e-07,-1.1524602320392603e-06
263.25,-4.259394041401409e-06,-29.9999863587563,3.565353983991937e-07,-1.1296507880260934e-06
263.5,-4.171074550436635e-06,-29.999986638257006,3.4930353422224503e-07,-1.1068376323601943e-06
263.75,-4.085204677608151e-06,-29.99998691227491,3.4208548911618397e-07,-1.0840191959917053e-06
264.0,-4.000073816893271e-06,-29.99998718063729,3.3488022178895793e-07,-1.0611991210743125e-06
264.25,-3.9178740977542495e-06,-29.99998744318848,3.282065922996513e-07,-1.0401852361808187e-06
264.5,-3.838059028100446e-06,-29.99998770037131,3.215448251200903e-07,-1.0191667420791035e-06
264.75,-3.7590553632888964e-06,-29.99998795245891,3.1489461168460187e-07,-9.981446505356458e-07
265.0,-3.681138491168101e-06,-29.999988199398334,3.082567791440338e-07,-9.771200226043122e-07
265.25,-3.6055422634343904e-06,-29.999988441083243,3.021167117589485e-07,-9.577622198530562e-07
265.5,-3.5307626512596146e-06,-29.999988678009977,2.959869354890454e-07,-9.384016599723715e-07
265.75,-3.4571442404412934e-06,-29.999988910347152,2.8986872808306474e-07,-9.190385920066628e-07
266.0,-3.3857832337805382e-06,-29.999989137542,2.837611423750497e-07,-8.996714727232139e-07
266.25,-3.3170239807885817e-06,-29.999989359761326,2.7810656207799545e-07,-8.818404462778368e-07
266.5,-3.248404811160615e-06,-29.999989577556406,2.7246282130466426e-07,-8.640080207211698e-07
266.75,-3.1803399821581316e-06,-29.99998979131756,2.668280695006242e-07,-8.461744264871926e-07
267.0,-3.1148839675718163e-06,-29.999990000435744,2.6120369995413784e-07,-8.283358376416259e-07
267.25,-3.050534253326826e-06,-29.99999020540867,2.559994782200259e-07,-8.11915912546105e-07
267.5,-2.987636276691399e-06,-29.999990406402663,2.5080370572028166e-07,-7.954937380571918e-07
267.75,-2.9254383692670895e-06,-29.999990603194608,2.456182080223801e-07,-7.79068934870932e-07
268.0,-2.8642860194638493e-06,-29.999990795950577,2.4044209236129266e-07,-7.626410770753983e-07
268.25,-2.8044553112302238e-06,-29.999990984613895,2.3564883556981275e-07,-7.475182882847268e-07
268.5,-2.745472876170877e-06,-29.999991169850276,2.3086385704529366e-07,-7.323933512350937e-07
268.75,-2.6883644793378793e-06,-29.999991350879533,2.260880397272902e-07,-7.172643375068866e-07
269.0,-2.632587258448427e-06,-29.999991528144662,2.213207720702659e-07,-7.021329650406334e-07
269.25,-2.5784174750438633e-06,-29.999991701587653,2.1690406575014531e-07,-6.882030126524689e-07
269.5,-2.525312842403825e-06,-29.999991871651645,2.1249565991532382e-07,-6.742699328647131e-07
269.75,-2.4726616304906553e-06,-29.999992038558148,2.0809421182738097e-07,-6.603371200924103e-07
270.0,-2.4216287698889843e-06,-29.99999220196898,2.0370124365759468e-07,-6.464018940217881e-07
270.25,-2.3715324634473827e-06,-29.99999236188309,1.9963785907739506e-07,-6.335756121456717e-07
270.5,-2.3227894085133923e-06,-29.99999251868547,1.9558091001598e-07,-6.20747460889627e-07
270.75,-2.274718140800725e-06,-29.9999926723753,1.9153240565783491e-07,-6.079171239882986e-07
271.0,-2.227525078577442e-06,-29.99999282267123,1.8749108980642415e-07,-5.950840563231334e-07
271.25,-2.181557001516223e-06,-29.99999296973542,1.8375331919950888e-07,-5.832712862582825e-07
271.5,-2.1362731375501496e-06,-29.99999311401101,1.800215172695352e-07,-5.714575118523787e-07
271.75,-2.091950405532623e-06,-29.999993255437815,1.7629646043015867e-07,-5.596409221319188e-07
272.0,-2.047907563384228e-06,-29.99999339401534,1.725780326075621e-07,-5.478233912595782e-07
272.25,-2.005379525479111e-06,-29.99999352962273,1.6913590501071996e-07,-5.369465200014105e-07
272.5,-1.9637555955714903e-06,-29.999993662480865,1.6570003603944006e-07,-5.26065751252921e-07
272.75,-1.9241999913321472e-06,-29.99999379224544,1.6227073592472996e-07,-5.151837469169207e-07
273.0,-1.8843275356358299e-06,-29.999993919703034,1.5884636662272245e-07,-5.043002898837008e-07
273.25,-1.8443446178795501e-06,-29.999994044570883,1.5568184990460976e-07,-4.942852772534846e-07
273.5,-1.8064441912859779e-06,-29.999994166663914,1.5252249508518334e-07,-4.842685846843865e-07
273.75,-1.7690580698950953e-06,-29.999994286264528,1.4936924638830895e-07,-4.742487576173623e-07
274.0,-1.7332791701476235e-06,-29.999994402804408,1.462223493259307e-07,-4.642265290934411e-07
274.25,-1.6968656387757533e-06,-29.99999451751635,1.433108139589634e-07,-4.5500724073574795e-07
274.5,-1.6619397168927547e-06,-29.99999462999077,1.4040455525998752e-07,-4.4578629051934355e-07
274.75,-1.6278206808580585e-06,-29.999994740226732,1.3750298619857881e-07,-4.3656253662197304e-07
275.0,-1.5929411973288655e-06,-29.999994848508972,1.3460652781988047e-07,-4.2733913317755234e-07
275.25,-1.5594230527765348e-06,-29.99999495442564,1.3192488339253128e-07,-4.1884907581388447e-07
275.5,-1.5275432641827222e-06,-29.999995057911903,1.2924779053263835e-07,-4.103588399186399e-07
275.75,-1.4958775100524859e-06,-29.999995159695725,1.265752614040827e-07,-4.01866671636594e-07
276.0,-1.465446564705606e-06,-29.999995258983443,1.2390806906903418e-07,-3.9337251902358845e-07
276.25,-1.434754876843913e-06,-29.99999535628224,1.2144229018240527e-07,-3.855554278096887e-07
276.5,-1.4050374888056619e-06,-29.99999545146249,1.1898162383811028e-07,-3.7773636762424e-07
276.75,-1.375685495164388e-06,-29.999995544745182,1.1652467512418552e-07,-3.6991584492795517e-07
277.0,-1.3470479854552913e-06,-29.999995636286187,1.1407215758790779e-07,-3.6209585258948875e-07
277.25,-1.3184446569996496e-06,-29.99999572608522,1.1180197512922208e-07,-3.549010970504819e-07
277.5,-1.291110614487502e-06,-29.999995814010227,1.095357148178655e-07,-3.4770279824452757e-07
277.75,-1.2634077635086144e-06,-29.999995900126873,1.072737580432026e-07,-3.405050578119586e-07
278.0,-1.2364990452754375e-06,-29.999995984080968,1.0501607276836022e-07,-3.3330565154794806e-07
278.25,-1.2100642681140033e-06,-29.99999606697909,1.0292200546685448e-07,-3.266787179738578e-07
278.5,-1.1849060386394e-06,-29.999996147358438,1.0083159421303556e-07,-3.200517270332537e-07
278.75,-1.1600357410060136e-06,-29.999996227277887,9.874436947276966e-08,-3.1342372217155537e-07
279.0,-1.1350812419710381e-06,-29.999996304677765,9.666222969273441e-08,-3.0679421591379455e-07
279.25,-1.1106808596627348e-06,-29.999996380596926,9.473247609276259e-08,-3.006925062037354e-07
279.5,-1.0871844727297146e-06,-29.99999645518817,9.280617792317702e-08,-2.945896016790592e-07
279.75,-1.0645073263994726e-06,-29.999996527276096,9.088423291725434e-08,-2.884846888826555e-07
280.0,-1.0425487188721387e-06,-29.999996598630283,8.89645052834509e-08,-2.8237898371998805e-07
280.25,-1.0203388315057688e-06,-29.99999666836553,8.718791853767893e-08,-2.767638299557543e-07
280.5,-9.982275989110057e-07,-29.999996736634145,8.541453302979285e-08,-2.7114726958015477e-07
280.75,-9.767105660429809e-07,-29.99999680403021,8.36439735391048e-08,-2.6552998597485463e-07
281.0,-9.558472630959282e-07,-29.999996869820087,8.187635379408587e-08,-2.599118657698605e-07
281.25,-9.351031926186411e-07,-29.99999693444581,8.023744980240055e-08,-2.5474226128210275e-07
281.5,-9.149746520129529e-07,-29.99999699850046,7.860049270475011e-08,-2.4957054041960724e-07
281.75,-8.962592797921439e-07,-29.99999706051566,7.696700676101953e-08,-2.4439690249661455e-07
282.0,-8.775382639836135e-07,-29.999997121224805,7.533659421993244e-08,-2.3922232709536444e-07
282.25,-8.590159161870726e-07,-29.999997180335825,7.382907924596838e-08,-2.3445795606823194e-07
282.5,-8.411888409942674e-07,-29.999997238440407,7.232321046213297e-08,-2.2969297667441823e-07
282.75,-8.233773633310354e-07,-29.999997295538254,7.082056904805789e-08,-2.2492695482059523e-07
283.0,-8.056392404117983e-07,-29.99999735089454,6.932170098367108e-08,-2.201599210703763e-07
283.25,-7.895020536125383e-07,-29.99999740524863,6.793526861198496e-08,-2.1577261929217242e-07
283.5,-7.723716661868524e-07,-29.999997458744797,6.655053505499886e-08,-2.1138662831240368e-07
283.75,-7.56366698160913e-07,-29.999997510944446,6.516842788323318e-08,-2.069989262544715e-07
284.0,-7.408072324326613e-07,-29.99999756184692,6.378909250120968e-08,-2.0261052085821912e-07
284.25,-7.251605310388439e-07,-29.99999761189394,6.251634335208145e-08,-1.9857426843433735e-07
284.5,-7.096305436752555e-07,-29.999997660791248,6.124671921708957e-08,-1.9453836489225759e-07
284.75,-6.9471576005698e-07,-29.999997709127598,5.997811616115234e-08,-1.9050004022379222e-07
285.0,-6.803250875892367e-07,-29.999997755724312,5.871272983765108e-08,-1.8646179312570205e-07
285.25,-6.662212866854067e-07,-29.999997801906122,5.754250458067656e-08,-1.8274878672443574e-07
285.5,-6.51725191288756e-07,-29.999997847673075,5.637309268696766e-08,-1.7903612983031192e-07
285.75,-6.386589180972275e-07,-29.999997891696665,5.520729091934573e-08,-1.753214257591871e-07
286.0,-6.247242494481871e-07,-29.99999793500971,5.4043931198288764e-08,-1.7160650715275963e-07
286.25,-6.110075780702714e-07,-29.999997977020502,5.2968185358659436e-08,-1.6818924277679256e-07
286.5,-5.971256015392596e-07,-29.99999801861199,5.189423697010698e-08,-1.647713502990153e-07
286.75,-5.850473639958202e-07,-29.99999805889401,5.082251409993521e-08,-1.613515584148467e-07
287.0,-5.724761876660802e-07,-29.99999809890089,4.975256762823621e-08,-1.5793098044235694e-07
287.25,-5.612320524281935e-07,-29.999998137299954,4.8761505486161205e-08,-1.5478659019935642e-07
287.5,-5.482849263937804e-07,-29.999998175865723,4.777098341207653e-08,-1.516430140903968e-07
287.75,-5.364857514418516e-07,-29.999998213408464,4.678335015911861e-08,-1.484975565744316e-07
288.0,-5.26037160788073e-07,-29.999998249629396,4.579779157298791e-08,-1.4534979163068337e-07
288.25,-5.146439279132097e-07,-29.99999828556551,4.488794785179051e-08,-1.4245727225219966e-07
288.5,-5.044227556760124e-07,-29.999998320763144,4.397979373044203e-08,-1.3956417506376847e-07
288.75,-4.927806332728786e-07,-29.99999835537829,4.3072721500614364e-08,-1.366725198218148e-07
289.0,-4.827157323251794e-07,-29.99999838865698,4.216772302861882e-08,-1.3377915352600529e-07
289.25,-4.726662063492442e-07,-29.999998420897555,4.1332066637311815e-08,-1.311174055753335e-07
289.5,-4.625515850985849e-07,-29.999998453863913,4.049514241294405e-08,-1.2845688988110802e-07
289.75,-4.528573955190015e-07,-29.99999848519322,3.966136229160977e-08,-1.2579399776247866e-07
290.0,-4.4335359961707164e-07,-29.999998516207892,3.882849006209277e-08,-1.2313181240649063e-07
290.25,-4.333611102306599e-07,-29.999998546908056,3.805981491772359e-08,-1.206850257490932e-07
290.5,-4.23963791324203e-07,-29.999998576693205,3.729303525018546e-08,-1.1823713413987134e-07
290.75,-4.1478291452518853e-07,-29.999998606444517,3.652686081379031e-08,-1.1578865894761695e-07
291.0,-4.057198174960214e-07,-29.99999863497969,3.5762471900513404e-08,-1.1334081200770348e-07
291.25,-3.9654669915490266e-07,-29.999998663620755,3.505238133777455e-08,-1.1108649236854097e-07
291.5,-3.862832173036741e-07,-29.999998691486958,3.4343603003139656e-08,-1.0883366966126255e-07
291.75,-3.7704397169663235e-07,-29.999998718114483,3.3637816775067275e-08,-1.0657861771970229e-07
292.0,-3.6948321508685096e-07,-29.999998744522088,3.293255589065236e-08,-1.0432226259424122e-07
292.25,-3.608578331387816e-07,-29.99999877043248,3.2273854012887515e-08,-1.0224610108904117e-07
292.5,-3.5270407546850355e-07,-29.99999879656283,3.1615508516713575e-08,-1.0016863881589459e-07
292.75,-3.447697378203926e-07,-29.999998821289125,3.0959061841917546e-08,-9.809025318946703e-08
293.0,-3.368294652397061e-07,-29.999998845932414,3.030401411058259e-08,-9.601173492701161e-08
293.25,-3.299654393331216e-07,-29.999998869886273,2.9694993561313332e-08,-9.409533341456504e-08
293.5,-3.2246600599463835e-07,-29.999998893013476,2.908752867736286e-08,-9.217972112693121e-08
293.75,-3.157162254006009e-07,-29.99999891558752,2.848203674993277e-08,-9.02618517698128e-08
294.0,-3.0903681021091707e-07,-29.999998937608048,2.787676899040914e-08,-8.834400851709103e-08
294.25,-3.0190064522315806e-07,-29.999998959515402,2.7320104373229626e-08,-8.658245709494627e-08
294.5,-2.945089271713733e-07,-29.999998981005664,2.676428141612508e-08,-8.482008802085676e-08
294.75,-2.880949364964688e-07,-29.999999001909668,2.620902925243307e-08,-8.305746493014206e-08
295.0,-2.8125198501555577e-07,-29.999999022971924,2.565479399058157e-08,-8.129585772927683e-08
295.25,-2.740285535519229e-07,-29.999999043447843,2.513952820915044e-08,-7.96744002566392e-08
295.5,-2.667778877646523e-07,-29.999999063472313,2.462443412371007e-08,-7.805341020299077e-08
295.75,-2.6088597285918427e-07,-29.999999083313654,2.4110365731688788e-08,-7.642999046244201e-08
296.0,-2.543351147881671e-07,-29.999999101957712,2.359830301307264e-08,-7.48075234943366e-08
296.25,-2.4881715659244733e-07,-29.999999120551664,2.3118172633174172e-08,-7.331073646589222e-08
296.5,-2.4262053527251323e-07,-29.999999138961797,2.2639389397893783e-08,-7.181456472436998e-08
296.75,-2.3667151103644694e-07,-29.99999915613566,2.2161816042032267e-08,-7.031961927239619e-08
297.0,-2.3090438945998105e-07,-29.999999173831803,2.1684491056939148e-08,-6.882363860812097e-08
297.25,-2.2609176451790871e-07,-29.999999190556554,2.1242715746161434e-08,-6.744656557093652e-08
297.5,-2.2082872314165064e-07,-29.999999207056508,2.0800766227513368e-08,-6.607109028073174e-08
297.75,-2.1459017568219757e-07,-29.999999223771823,2.035874507866353e-08,-6.469532137124083e-08
298.0,-2.0918011576579253e-07,-29.99999923933995,1.991931010414394e-08,-6.331876797742128e-08
298.25,-2.0334828342988086e-07,-29.999999254947596,1.951069198563582e-08,-6.205558475199818e-08
298.5,-1.9848190326741763e-07,-29.999999270856986,1.9101496585849365e-08,-6.079135926209392e-08
298.75,-1.935935891790245e-07,-29.999999286188956,1.8693576804562628e-08,-5.9526741687079055e-08
299.0,-1.8888257948550903e-07,-29.99999930063475,1.828698073524926e-08,-5.8261596805785394e-08
299.25,-1.848570801845603e-07,-29.999999314763645,1.7909114045921992e-08,-5.7097024467810056e-08
299.5,-1.7995963867479236e-07,-29.999999328884915,1.753194969755789e-08,-5.5931742877949714e-08
299.75,-1.7630117840776939e-07,-29.999999342509277,1.715629551618525e-08,-5.4764614071462843e-08
300.0,-1.70567894683486e-07,-29.99999935656617,1.677890575785268e-08,-5.360073834939246e-08
