time_s,x_m_lo,x_m_hi,y_m_lo,y_m_hi,vx_mps_lo,vx_mps_hi,vy_mps_lo,vy_mps_hi
0.0,0.0,0.0,-97.5,-97.5,0.0,0.0,0.12,0.12
0.25,8.407440775419057e-06,8.407440775840514e-06,-97.46999875856766,-97.4699987585676,6.726046322508945e-05,6.726046322846102e-05,0.12000992511762026,0.12000992511762032
0.5,3.334100153455303e-05,3.3341001536419495e-05,-97.43999524062708,-97.43999524062697,0.00013220880808692323,0.00013220880809511137,0.12001821228378264,0.12001821228378275
0.75,7.496381301027943e-05,7.496381301479512e-05,-97.40999117220665,-97.40999117220647,0.000200773324155101,0.00020077332416810573,0.1200143286156366,0.12001432861563677
1.0,0.0001350196398099085,0.00013501963981827763,-97.37998886967537,-97.37998886967515,0.00027967233393226684,0.00027967233395008836,0.12000408419615273,0.12000408419615295
1.25,0.00019700034488804886,0.00019700034490147562,-97.34936306895618,-97.3493630689559,0.00021664455368998174,0.0002166445537126199,0.12500232749994053,0.12500232749994086
1.5,0.00024395163230178413,0.0002439516323214727,-97.31748632171472,-97.31748632171438,0.0001594380353114794,0.00015943803533893423,0.1300116558254296,0.13001165582543006
1.75,0.0002762893415323559,0.0002762893415595105,-97.28435888945073,-97.28435888945033,9.973468362090162e-05,9.973468365317317e-05,0.13500780791564726,0.13500780791564787
2.0,0.0002940542821255372,0.00029405428216136207,-97.24998345850136,-97.2499834585009,4.285509993850276e-05,4.285509997559108e-05,0.13999564504216924,0.13999564504217
2.25,0.0002961510206035005,0.0002961510206491998,-97.21435949884032,-97.21435949883981,-2.560975197371503e-05,-2.5609751931809818e-05,0.14499603870130462,0.1449960387013055
2.5,0.0002823427038540635,0.00028234270391084144,-97.17748600519006,-97.1774860051895,-8.438577022928546e-05,-8.438577018256329e-05,0.14999191604250559,0.14999191604250664
2.75,0.0002543460762589342,0.00025434607632799505,-97.13936420303743,-97.1393642030368,-0.00013911673947772038,-0.0001391167394261811,0.15498250633882357,0.15498250633882477
3.0,0.00021218873740864785,0.0002121887374911958,-97.0999945953205,-97.09999459531981,-0.00019767134334182655,-0.00019767134328547005,0.15997436091746398,0.1599743609174653
3.25,0.00015634737491986467,0.00015634737501710408,-97.05937664415073,-97.05937664414999,-0.0002485886443776371,-0.00024858864431646314,0.16496925324137568,0.16496925324137715
3.5,8.849375938291803e-05,8.849375949605326e-05,-97.01751049637284,-97.01751049637204,-0.0002937697667921076,-0.0002937697667261161,0.16995993324166292,0.16995993324166453
3.75,1.0520476598256599e-05,1.0520476728491973e-05,-96.9743953914436,-96.97439539144273,-0.00032954501323821645,-0.0003295450131674074,0.17496090956546823,0.17496090956547
4.0,-7.813349190973603e-05,-7.813349176119606e-05,-96.93003130227221,-96.93003130227129,-0.00037921620439336636,-0.00037921620431773963,0.1799518084888746,0.1799518084888765
4.25,-0.0001786685502780668,-0.00017866855011007792,-96.88441991286778,-96.8844199128668,-0.00042459405423796024,-0.00042459405415799735,0.1849393110250418,0.18493931102504385
4.5,-0.00029124664480236525,-0.0002912466446138433,-96.83756046320899,-96.83756046320795,-0.00047555960202782095,-0.0004755596019435218,0.18993629105065782,0.18993629105066004
4.75,-0.00041470922259053474,-0.00041470922238039554,-96.7894512629011,-96.7894512629,-0.0005116695408471001,-0.0005116695407584645,0.19493731481718882,0.1949373148171912
5.0,-0.0005455131765967132,-0.0005455131763638724,-96.74009238036729,-96.74009238036614,-0.0005342910457910896,-0.0005342910456981172,0.19993374758625698,0.19993374758625954
5.25,-0.000682862962444936,-0.0006828629621883093,-96.68948557403516,-96.68948557403395,-0.0005640370898927851,-0.0005640370897954759,0.20492070587547906,0.2049207058754818
5.5,-0.0008280277778935067,-0.00082802777761201,-96.637629992086,-96.63762999208474,-0.0005968097481447545,-0.0005968097480431084,0.20992395280777115,0.2099239528077741
5.75,-0.0009814156756935426,-0.0009814156753862114,-96.58452319599353,-96.5845231959922,-0.0006298214465051548,-0.0006298214464001349,0.21493041904464752,0.21493041904465066
6.0,-0.0011409029210363002,-0.0011409029207022912,-96.53016712623464,-96.53016712623327,-0.0006456062967321993,-0.0006456062966238054,0.21991814051480899,0.21991814051481232
6.25,-0.001304961671544845,-0.0013049616711832545,-96.474564181461,-96.47456418145957,-0.0006663935302707209,-0.0006663935301584713,0.22490541963433455,0.22490541963433808
6.5,-0.001472676597712501,-0.001472676597322365,-96.41771322215803,-96.41771322215654,-0.0006748548015692733,-0.0006748548014531678,0.2299022555874009,0.22990225558740462
6.75,-0.001642179324362402,-0.0016421793239427566,-96.35961320526236,-96.35961320526081,-0.0006806960486300539,-0.0006806960485100925,0.2348978801288313,0.23489788012883522
7.0,-0.0018152693571498843,-0.0018152693566997656,-96.30026411676357,-96.30026411676197,-0.0007035531262922449,-0.0007035531261684274,0.23989483001675485,0.23989483001675893
7.25,-0.0019926409649921885,-0.0019926409645106315,-96.23966600462593,-96.23966600462427,-0.0007149488111407554,-0.0007149488110130818,0.24489006815902076,0.244890068159025
7.5,-0.002171394827670575,-0.0021713948271566154,-96.17781974715717,-96.17781974715545,-0.0007146116662816187,-0.0007146116661500887,0.24987999155944368,0.24987999155944812
7.75,-0.002349234354936136,-0.00234923435438881,-96.11472371297317,-96.1147237129714,-0.0007076323961101321,-0.0007076323959747458,0.2548882812548021,0.25488828125480684
8.0,-0.0025266258962489026,-0.002526625895667246,-96.05037771956279,-96.05037771956096,-0.0007110293723655236,-0.0007110293722262806,0.259879666348722,0.25987966634872706
8.25,-0.002705923853641043,-0.0027059238530240917,-95.98478278182715,-95.98478278182526,-0.000722882896778271,-0.0007228828966351713,0.26487983665413023,0.2648798366541356
8.5,-0.002886414102087785,-0.0028864141014345746,-95.91793948761122,-95.91793948760927,-0.0007205689728503297,-0.000720568972703373,0.2698665168553352,0.2698665168553409
8.75,-0.003066447844533719,-0.0030664478438432855,-95.8498468549449,-95.8498468549429,-0.0007192288360669022,-0.0007192288359160882,0.27487454434914893,0.274874544349155
9.0,-0.0032444242243314584,-0.0032444242236028373,-95.7805027622999,-95.78050276229784,-0.000704110483953133,-0.0007041104837984617,0.2798781953857263,0.27987819538573266
9.25,-0.003418565761903153,-0.00341856576113538,-95.70990754379429,-95.70990754379217,-0.0006885499369210209,-0.0006885499367624919,0.2848835511923686,0.2848835511923753
9.5,-0.003587671096241248,-0.0035876710954333584,-95.6380633206895,-95.63806332068732,-0.0006638226180351031,-0.0006638226178727163,0.2898702313149092,0.28987023131491624
9.75,-0.0037503461200209093,-0.003750346119171939,-95.56497175418598,-95.56497175418373,-0.0006371069435609364,-0.0006371069433946916,0.29486229819476645,0.2948622981947738
10.0,-0.003907164943135922,-0.003907164942244905,-95.49063153583491,-95.4906315358326,-0.0006169725326836711,-0.000616972532513568,0.29985944671570725,0.2998594467157149
10.25,-0.0040600660630017524,-0.0040600660620677236,-95.41504332727598,-95.41504332727362,-0.0006057662950604518,-0.0006057662948864902,0.30484622069943623,0.3048462206994442
10.5,-0.004208531312135737,-0.004208531311157732,-95.33820571694484,-95.33820571694243,-0.0005814835235357728,-0.0005814835233579527,0.3098546596604877,0.309854659660496
10.75,-0.00435031169837777,-0.004350311697354824,-95.2601176935968,-95.26011769359432,-0.0005522886706457516,-0.0005522886704640727,0.31484952437155067,0.31484952437155933
11.0,-0.004484695172480401,-0.00448469517141155,-95.18077974715813,-95.1807797471556,-0.0005223073149394076,-0.0005223073147538697,0.3198540443114175,0.3198540443114265
11.25,-0.004610760882418614,-0.004610760881302893,-95.10019227329343,-95.10019227329084,-0.00048574776478187235,-0.0004857477645924754,0.3248457431594839,0.3248457431594932
11.5,-0.0047296429162307745,-0.004729642915067218,-95.01835639018479,-95.01835639018215,-0.0004648375391896421,-0.00046483753899638594,0.32984131973839154,0.3298413197384012
11.75,-0.004842896821487996,-0.004842896820275639,-94.93527043130366,-94.93527043130096,-0.0004407218442368302,-0.0004407218440397146,0.3348463490372024,0.3348463490372124
12.0,-0.004949864121706259,-0.004949864120444137,-94.8509336474473,-94.85093364744455,-0.0004145450239902658,-0.0004145450237892906,0.33984791934591385,0.3398479193459242
12.25,-0.005049028443358131,-0.005049028442045279,-94.76534700662529,-94.76534700662248,-0.0003782984185313842,-0.0003782984183265491,0.3448452038130747,0.3448452038130854
12.5,-0.005139404039335251,-0.005139404037970705,-94.67851102561677,-94.6785110256139,-0.00034423520278605165,-0.00034423520257735645,0.3498426410437915,0.3498426410438025
12.75,-0.0052213359696699066,-0.005221335968252701,-94.59042704423396,-94.59042704423103,-0.0003107501170061063,-0.00031075011679355073,0.35482920686193586,0.35482920686194724
13.0,-0.005293901470437225,-0.0052939014689663945,-94.50109376999885,-94.50109376999586,-0.000269301765020109,-0.0002693017648036929,0.3598369831114365,0.35983698311144824
13.25,-0.0053549054240540055,-0.005354905422528585,-94.41051023182976,-94.41051023182672,-0.0002182590052673585,-0.00021825900504708178,0.3648313174291232,0.36483131742913527
13.5,-0.005404229885494056,-0.00540422988391308,-94.31867619380054,-94.31867619379744,-0.00017586438031921066,-0.00017586438009507311,0.369840982807843,0.3698409828078554
13.75,-0.00544045178604659,-0.005440451784409094,-94.225590654431,-94.22559065442783,-0.00011343920638841082,-0.00011343920616041221,0.3748433262632708,0.3748433262632836
14.0,-0.00546041152026723,-0.0054604115185722495,-94.13125358162257,-94.13125358161935,-4.5766332408165496e-05,-4.5766332176305595e-05,0.37985324982416985,0.379853249824183
14.25,-0.005465405628520965,-0.005465405626767533,-94.0356661706474,-94.03566617064412,6.284187740351295e-06,6.284187976072639e-06,0.3848460330700549,0.3848460330700684
14.5,-0.005455546337478546,-0.005455546335665699,-93.93882856441566,-93.93882856441232,7.306237227446386e-05,7.3062372514047e-05,0.3898548104882463,0.38985481048826015
14.75,-0.005430454010287086,-0.005430454008413856,-93.84074079643781,-93.84074079643442,0.00012814694638774106,0.00012814694663118624,0.39484732814135476,0.394847328141369
15.0,-0.005390139141993862,-0.005390139140059285,-93.74140504577869,-93.74140504577524,0.00019484259274661197,0.00019484259299391951,0.39983867084369523,0.3998386708437099
15.25,-0.005332930352693634,-0.005332930350696744,-93.64081919563395,-93.64081919563043,0.0002633000245947205,0.0002633000248458908,0.40484812386028235,0.4048481238602974
15.5,-0.00525837462133091,-0.00525837461927074,-93.53898235649228,-93.5389823564887,0.0003336170954771566,0.0003336170957321898,0.40984658264377155,0.409846582643787
15.75,-0.005167353354052601,-0.005167353351928187,-93.43589601703584,-93.43589601703219,0.00039502422835924515,0.00039502422861814146,0.41484412721850145,0.41484412721851727
16.0,-0.005059694065515511,-0.005059694063325886,-93.33155982546184,-93.33155982545813,0.00046672161957369825,0.000466721619836458,0.41984539861405756,0.4198453986140738
16.25,-0.004932853256305068,-0.004932853254049266,-93.22597251167024,-93.22597251166647,0.0005484770034138198,0.0005484770036804434,0.4248531040110298,0.4248531040110464
16.5,-0.00478553748691525,-0.004785537484592305,-93.11913573566794,-93.11913573566412,0.0006305194457168418,0.0006305194459873295,0.4298410962725247,0.4298410962725417
16.75,-0.0046178778698344825,-0.004617877867443429,-93.01105131351447,-93.01105131351058,0.0007112282770209006,0.0007112282772952528,0.43483427334619884,0.4348342733462162
17.0,-0.004430570537414503,-0.004430570534954374,-92.90171955097729,-92.90171955097334,0.0007877004521471116,0.0007877004524253287,0.43981981974158585,0.4398198197416036
17.25,-0.004224155706131473,-0.004224155703601303,-92.7911412400222,-92.79114124001818,0.0008640883930319123,0.0008640883933139944,0.4448066606975014,0.44480666069751956
17.5,-0.003995968585524704,-0.003995968582923527,-92.67931593220624,-92.67931593220214,0.0009618789862108536,0.000961878986496801,0.4497957926107287,0.44979579261074726
17.75,-0.003744207685684645,-0.003744207683011496,-92.56624166577134,-92.56624166576718,0.001052679894572314,0.0010526798948621273,0.4547983303079324,0.4547983303079513
18.0,-0.003470031070513056,-0.0034700310677669684,-92.45191622997739,-92.45191622997316,0.001141205115938949,0.0011412051162326283,0.45980514769775266,0.459805147697772
18.25,-0.003172154722833316,-0.003172154720013323,-92.33634167312987,-92.33634167312557,0.001242275809880476,0.0012422758101780218,0.4647912975536627,0.4647912975536824
18.5,-0.0028512220803258255,-0.0028512220774309606,-92.21952025385005,-92.2195202538457,0.0013256557235103248,0.0013256557238117371,0.469780048823941,0.46978004882396107
18.75,-0.0025078367496439583,-0.0025078367466732547,-92.1014518818207,-92.10145188181629,0.0014218971414524278,0.001421897141757707,0.47476691833740237,0.47476691833742285
19.0,-0.0021393222452978275,-0.0021393222422503187,-91.98213420539604,-91.98213420539157,0.0015266910680097974,0.0015266910683189438,0.4797744831800368,0.47977448318005766
19.25,-0.0017442104262413622,-0.001744210423116082,-91.86156588716284,-91.86156588715832,0.001634674721005315,0.0016346747213183289,0.4847720525049906,0.4847720525050119
19.5,-0.0013234369457913045,-0.001323436942587286,-91.73974950801184,-91.73974950800726,0.0017319833591457221,0.0017319833594626039,0.4897589715288878,0.4897589715289095
19.75,-0.0008774889422432159,-0.0008774889389594927,-91.61668450501756,-91.61668450501291,0.001836072338359657,0.0018360723386804066,0.49476104261207243,0.4947610426120945
20.0,-0.0004048456319949992,-0.0004048456286306646,-91.49236902558366,-91.49236902557894,0.0019455457857939491,0.0019455457861180855,0.49976278253820083,0.4997627825382233
20.25,9.612728848093572e-05,9.612729192684893e-05,-91.3668025699565,-91.36680256995173,0.0020627096328493374,0.0020627096331778247,0.5047688514329621,0.5047688514329853
20.5,0.0006256133897444314,0.0006256133932730716,-91.23998484002456,-91.23998484001973,0.0021736510534892685,0.0021736510538225887,0.5097729775631574,0.5097729775631813
20.75,0.0011840206095955243,0.0011840206132081002,-91.11191637880157,-91.11191637879666,0.002294078359635359,0.002294078359973513,0.5147747008670938,0.5147747008671183
21.0,0.0017720583567741926,0.0017720583604719127,-90.9825969956941,-90.98259699568914,0.0024106956472604198,0.0024106956476034076,0.5197803529981309,0.5197803529981561
21.25,0.002389919175044916,0.0023899191788289897,-90.85202776036459,-90.85202776035958,0.0025326617558608213,0.0025326617562086433,0.5247735181390631,0.524773518139089
21.5,0.0030378800489122325,0.0030378800527838686,-90.72020875531238,-90.72020875530731,0.002651497211977929,0.002651497212330586,0.5297785110749246,0.5297785110749511
21.75,0.0037147637700164753,0.003714763773976882,-90.58713874852246,-90.58713874851733,0.0027640443525190567,0.0027640443528765485,0.5347815326336586,0.5347815326336858
22.0,0.004420186043304733,0.004420186047355121,-90.45281940739822,-90.45281940739302,0.002879804562162281,0.002879804562524608,0.5397731854465722,0.5397731854466
22.25,0.005156220802639032,0.0051562208067806115,-90.31725096417642,-90.31725096417115,0.003008945142381117,0.0030089451427482805,0.5447743481526399,0.5447743481526685
22.5,0.005923281497249985,0.0059232815014839645,-90.18043288969716,-90.18043288969183,0.003128011552063789,0.003128011552435789,0.549770236456056,0.5497702364560852
22.75,0.006722421327184262,0.00672242133151185,-90.04236569328359,-90.0423656932782,0.0032655783429635724,0.003265578343340409,0.5547673218828293,0.5547673218828592
23.0,0.007554013733358107,0.007554013737780514,-89.903050064343,-89.90305006433756,0.003387631534625783,0.003387631535007457,0.5597576981347494,0.5597576981347799
23.25,0.008415147893534883,0.00841514789805332,-89.76248566334048,-89.76248566333497,0.0035019132682797354,0.003501913268666247,0.5647574991111272,0.5647574991111584
23.5,0.009306746401619891,0.009306746406235569,-89.62067097316127,-89.6206709731557,0.003631346578267073,0.0036313465786584225,0.5697600101197614,0.5697600101197933
23.75,0.0102316977467594,0.010231697751473529,-89.47760657597448,-89.47760657596885,0.003768735275512801,0.0037687352759089893,0.5747551544216916,0.5747551544217241
24.0,0.01118971065455763,0.011189710659371419,-89.33329235474235,-89.33329235473667,0.0038958398677988925,0.00389583986819992,0.5797586034519703,0.5797586034520035
24.25,0.01217918678306317,0.012179186787977829,-89.18772896072005,-89.1877289607143,0.004020439771954105,0.0040204397723599735,0.5847485369793719,0.5847485369794058
24.5,0.013201473576419095,0.013201473581435835,-89.040919076385,-89.04091907637917,0.0041583244427145965,0.004158324443125307,0.5897305247014623,0.5897305247014968
24.75,0.014257887482933194,0.014257887488053225,-88.89286169829617,-88.89286169829029,0.004293458188794951,0.004293458189210503,0.5947284872688376,0.594728487268873
25.0,0.015349507284035077,0.01534950728925961,-88.74355602948786,-88.74355602948191,0.004439970699911774,0.004439970700332169,0.5997168493846184,0.5997168493846544
25.25,0.016476807084012907,0.016476807089343157,-88.59300238917699,-88.59300238917096,0.004578898850046098,0.004578898850471335,0.604712260004405,0.6047122600044417
25.5,0.017640002959663267,0.01764000296510045,-88.44120123051223,-88.44120123050614,0.0047271383045613515,0.004727138304991432,0.6096969953377451,0.6096969953377825
25.75,0.018839465187034637,0.01883946519257996,-88.28815321918742,-88.28815321918125,0.004869030174129949,0.004869030174564873,0.614687081883331,0.6146870818833691
26.0,0.020073993940578464,0.02007399394623314,-88.13385662912573,-88.13385662911949,0.0050076713168906275,0.0050076713173303955,0.6196856255392829,0.6196856255393216
26.25,0.021343100682051468,0.021343100687816703,-87.97830995002428,-87.97830995001799,0.005145654424867189,0.005145654425311802,0.6246877942633664,0.6246877942634058
26.5,0.022648254131064163,0.02264825413694117,-87.82151367920657,-87.82151367920021,0.005296044265980534,0.005296044266429992,0.62968235809971,0.62968235809975
26.75,0.023991398607150535,0.02399139861314053,-87.66346919286146,-87.66346919285503,0.00544958232662567,0.005449582327079973,0.6346735181857762,0.6346735181858171
27.0,0.025373231197353557,0.025373231203457747,-87.50417634624216,-87.50417634623567,0.0056055496151901,0.005605549615649249,0.6396692400641675,0.639669240064209
27.25,0.026792551219562224,0.02679255122578182,-87.34363628090381,-87.34363628089726,0.005749480497695452,0.005749480498159448,0.6446512690729537,0.6446512690729959
27.5,0.028249136370373008,0.028249136376709227,-87.18185075461203,-87.1818507546054,0.005903670614955695,0.0059036706154245375,0.6496329267243832,0.6496329267244261
27.75,0.029744284721990987,0.02974428472844504,-87.01881832025859,-87.0188183202519,0.006057987236896323,0.0060579872373700125,0.6546265335543008,0.6546265335543444
28.0,0.03127947439149298,0.03127947439806609,-86.85453631417701,-86.85453631417026,0.0062240020468100395,0.006224002047288577,0.659629499446523,0.6596294994465675
28.25,0.03285465919340222,0.032854659200095594,-86.68900404537273,-86.6890040453659,0.006377947941564047,0.006377947942047432,0.6646286364738657,0.6646286364739108
28.5,0.03446779264248662,0.03446779264930147,-86.52222373751955,-86.52222373751266,0.0065275899140060005,0.006527589914494234,0.6696138122434172,0.6696138122434631
28.75,0.03611954401889783,0.03611954402583538,-86.35419556332174,-86.35419556331478,0.006686892552245344,0.006686892552738426,0.6746115663202013,0.6746115663202478
29.0,0.03781138680477624,0.0378113868118377,-86.18491967374746,-86.18491967374042,0.0068483198964665445,0.006848319896964476,0.6795955350548443,0.6795955350548916
29.25,0.0395444142760772,0.03954441428326378,-86.01439655454334,-86.01439655453623,0.007016370975491439,0.0070163709759942195,0.6845894027343497,0.6845894027343977
29.5,0.04131861091994578,0.041318610927258685,-85.84262505120844,-85.84262505120127,0.007177673221209393,0.007177673221717024,0.6895826087374073,0.6895826087374561
29.75,0.043134774498617925,0.043134774506058376,-85.66960580752253,-85.6696058075153,0.007352106037272051,0.007352106037784533,0.6945713243044589,0.6945713243045085
30.0,0.044992821038992235,0.04499282104656144,-85.49533780735328,-85.49533780734598,0.00751273811153842,0.007512738112055754,0.6995726619052672,0.6995726619053176
30.25,0.04689081576079211,0.04689081576849129,-85.3198199154634,-85.31981991545602,0.00767169116119281,0.007671691161714997,0.7045704582278188,0.70457045822787
30.5,0.0488293313846151,0.04882933139244546,-85.14305503518614,-85.14305503517869,0.007836903478184989,0.007836903478712031,0.7095485684141826,0.7095485684142344
30.75,0.05080818159396586,0.050808181601928674,-84.96504487360674,-84.96504487359923,0.007994368420451467,0.007994368420983847,0.7145327093753541,0.7145327093754066
31.0,0.052827456640124344,0.052827456648220895,-84.78578860223074,-84.78578860222315,0.008160302235271429,0.008160302235808664,0.7195174459885347,0.7195174459885879
31.25,0.054887765315319845,0.054887765323551344,-84.60528468002198,-84.60528468001432,0.008322638565577944,0.008322638566120037,0.7245139163766087,0.7245139163766626
31.5,0.056987620788758055,0.056987620797125715,-84.4235333587104,-84.42353335870267,0.008476675331447936,0.008476675331994888,0.7294966395936043,0.7294966395936591
31.75,0.05912865517944159,0.059128655187946626,-84.24053501971072,-84.24053501970292,0.008652070918274773,0.008652070918826584,0.7344900558676962,0.7344900558677517
32.0,0.06131426239227013,0.061314262400913755,-84.05628986288139,-84.05628986287351,0.008833256756986783,0.008833256757543453,0.7394711816848777,0.739471181684934
32.25,0.06354375407112205,0.0635437540799055,-83.87079697050592,-83.87079697049798,0.009003148504567205,0.009003148505128733,0.7444719413015544,0.7444719413016114
32.5,0.06581472661117133,0.06581472662009584,-83.68405624612221,-83.6840562461142,0.00916510187484162,0.009165101875408007,0.7494538384993255,0.7494538384993833
32.75,0.06812669021498288,0.06812669022404966,-83.49606928887103,-83.49606928886294,0.009331077593332222,0.00933107759390347,0.7544418038620527,0.7544418038621113
33.0,0.0704800690186579,0.07048006902786816,-83.30683472685995,-83.30683472685179,0.009496423943047727,0.009496423943623836,0.7594346766378901,0.7594346766379495
33.25,0.07287344658362699,0.07287344659298194,-83.11635274707118,-83.11635274706295,0.009651067086468559,0.009651067087049528,0.7644211470926188,0.7644211470926789
33.5,0.07530631906678964,0.0753063190762905,-82.92462476804035,-82.92462476803205,0.00981238282845116,0.009812382829036992,0.7694026699453409,0.7694026699454019
33.75,0.07777918157482022,0.0777791815844682,-82.73164974244666,-82.7316497424383,0.009970988548290663,0.009970988548881357,0.7743975198509382,0.7743975198509999
34.0,0.0802940730957413,0.08029407310553761,-82.53742624586245,-82.53742624585401,0.01014861475598975,0.010148614756585307,0.7793904360763391,0.7793904360764016
34.25,0.08285263689492178,0.08285263690486766,-82.34195651381154,-82.34195651380303,0.010320365277750284,0.010320365278350703,0.7843674041384442,0.7843674041385075
34.5,0.0854517964230356,0.08545179643313225,-82.14524145790004,-82.14524145789146,0.010473381410092252,0.010473381410697534,0.7893530287273383,0.7893530287274023
34.75,0.08809060627588985,0.08809060628613849,-81.9472787847776,-81.94727878476894,0.010637568795355089,0.010637568795965233,0.7943483407727284,0.7943483407727933
35.0,0.09077075405980063,0.09077075407020248,-81.74806771360056,-81.74806771359184,0.01080408454084378,0.01080408454145879,0.7993402129445537,0.7993402129446193
35.25,0.09348982840817194,0.0934898284187282,-81.54761021689447,-81.54761021688567,0.010948980154025678,0.010948980154645552,0.8043197470435579,0.8043197470436243
35.5,0.096245131822084,0.0962451318327959,-81.34590684451044,-81.34590684450157,0.011093917819290653,0.011093917819915393,0.8093072183640968,0.809307218364164
35.75,0.09903839514262147,0.09903839515349024,-81.142956889483,-81.14295688947406,0.01125265919787791,0.011252659198507516,0.8142924068893777,0.8142924068894457
36.0,0.10187267847868448,0.10187267848971131,-80.938760292846,-80.93876029283699,0.01142207820978246,0.01142207821041693,0.8192803502339677,0.8192803502340366
36.25,0.10474778716859379,0.10474778717977991,-80.73331799886033,-80.73331799885125,0.011579261063453318,0.011579261064092655,0.8242579868322999,0.8242579868323696
36.5,0.10766007701305866,0.10766007702440529,-80.52663022647825,-80.5266302264691,0.01171952825879833,0.011719528259442535,0.8292441790001354,0.829244179000206
36.75,0.11060978357743775,0.1106097835889461,-80.3186960538484,-80.31869605383918,0.01187859471711225,0.011878594717761324,0.8342291870419966,0.8342291870420679
37.0,0.11359757089312089,0.11359757090479217,-80.10951742391612,-80.10951742390681,0.012024172921793584,0.012024172922447524,0.8391998386913228,0.839199838691395
37.25,0.11662159308284129,0.1166215930946767,-79.89909423162959,-79.89909423162021,0.012168475147861357,0.012168475148520166,0.8441856859961797,0.8441856859962528
37.5,0.11968212863406776,0.11968212864606854,-79.68742635751265,-79.6874263575032,0.012316278477099958,0.012316278477763638,0.8491572930045376,0.8491572930046115
37.75,0.12277976387411456,0.12277976388628194,-79.47451332345335,-79.47451332344382,0.012465274367575472,0.012465274368244022,0.8541469654226795,0.8541469654227544
38.0,0.12591349978863323,0.12591349980096847,-79.26035486036338,-79.26035486035377,0.012605082378483685,0.012605082379157107,0.8591207261161437,0.8591207261162194
38.25,0.12908080507652578,0.1290808050890301,-79.04495174263035,-79.04495174262067,0.012733830276041767,0.01273383027672006,0.8641042036099118,0.8641042036099884
38.5,0.13228018938950667,0.1322801894021813,-78.8283028262093,-78.82830282619953,0.012861714531015318,0.012861714531698482,0.8690871157017604,0.8690871157018379
38.75,0.13551295867330274,0.1355129586861489,-78.61040914317395,-78.6104091431641,0.013000909322665889,0.013000909323353925,0.8740623354578901,0.8740623354579685
39.0,0.1387820470699353,0.13878204708295422,-78.39127225966995,-78.39127225966003,0.013152266983490642,0.013152266984183552,0.8790327183043095,0.8790327183043887
39.25,0.14208618134648165,0.14208618135967452,-78.17089282284535,-78.17089282283536,0.013281276335807654,0.013281276336505436,0.8840027641295942,0.8840027641296742
39.5,0.14542318321589742,0.14542318322926545,-77.94927096525137,-77.94927096524131,0.01341520766325974,0.013415207663962397,0.8889720839952867,0.8889720839953674
39.75,0.14879320605616944,0.14879320606971386,-77.72640556246375,-77.72640556245362,0.013545445024551198,0.013545445025258729,0.8939511260269863,0.8939511260270679
40.0,0.15219624892768646,0.15219624894140849,-77.50229485637445,-77.50229485636423,0.013679368327868143,0.01367936832858055,0.8989345100613396,0.8989345100614221
40.25,0.15563178401112632,0.15563178402502717,-77.27694040259372,-77.27694040258342,0.013805381142557771,0.013805381143275054,0.903901108304161,0.9039011083042444
40.5,0.15909784561296972,0.15909784562705062,-77.0503423706354,-77.05034237062503,0.013923581934697721,0.01392358193541988,0.9088831362185562,0.9088831362186405
40.75,0.1625931642825695,0.16259316429683168,-76.82250043872327,-76.82250043871282,0.014039436477220184,0.01403943647794722,0.9138523081559055,0.9138523081559906
41.0,0.16611838925909986,0.16611838927354453,-76.59341395037333,-76.59341395036282,0.01416283410205637,0.014162834102788282,0.918839587009763,0.918839587009849
41.25,0.16967212132729356,0.16967212134192192,-76.36308331045451,-76.36308331044391,0.014267491202820401,0.014267491203557192,0.9238055224738854,0.9238055224739723
41.5,0.1732523169588397,0.17325231697365295,-76.13150896131827,-76.1315089613076,0.014374544291546446,0.014374544292288115,0.928789260523181,0.9287892605232688
41.75,0.17685758657006528,0.1768575865850647,-75.89868918490217,-75.89868918489142,0.01446808266180998,0.014468082662556529,0.9337689419870056,0.9337689419870943
42.0,0.18048707239024928,0.18048707240543604,-75.66462618103607,-75.66462618102524,0.014568272690155558,0.014568272690906986,0.9387350794960332,0.9387350794961228
42.25,0.1841371884459518,0.18413718846132715,-75.4293209987008,-75.42932099868989,0.01463312503537511,0.014633125036131418,0.9437063730720227,0.9437063730721131
42.5,0.18780543602925992,0.18780543604482508,-75.1927733976801,-75.1927733976691,0.014713324608514829,0.014713324609276018,0.9486744275325688,0.9486744275326602
42.75,0.1914927404231285,0.19149274043888467,-74.95498291878415,-74.95498291877308,0.014785580174840914,0.014785580175606985,0.9536493968228719,0.9536493968229641
43.0,0.1952004514418121,0.19520045145776055,-74.71594920610283,-74.71594920609168,0.014876577226571406,0.014876577227342359,0.9586202960486605,0.9586202960487538
43.25,0.1989260530980382,0.19892605311418013,-74.47567414009843,-74.4756741400872,0.014928704243954266,0.014928704244730102,0.9635802270721857,0.9635802270722799
43.5,0.2026628709279915,0.2026628709443281,-74.23415718359693,-74.23415718358561,0.014966308057214968,0.014966308057995687,0.9685554213947373,0.9685554213948323
43.75,0.20640976797827063,0.20640976799480312,-73.99139773635193,-73.99139773634052,0.015009337021695544,0.015009337022481146,0.9735201525087809,0.9735201525088769
44.0,0.2101703018235724,0.21017030184030203,-73.74739631426438,-73.7473963142529,0.015075403016782535,0.01507540301757302,0.9784912179630517,0.9784912179631486
44.25,0.21394346639859002,0.21394346641551798,-73.50215272343144,-73.50215272341987,0.015110382410968466,0.015110382411763837,0.983457505402856,0.9834575054029538
44.5,0.21772670600998784,0.21772670602711539,-73.25566918230108,-73.25566918228942,0.015156002086286471,0.015156002087086728,0.9884108193392285,0.9884108193393272
44.75,0.22152001677007013,0.22152001678739847,-73.00794611516545,-73.00794611515373,0.015190952505373436,0.01519095250617858,0.9933737144508026,0.9933737144509023
45.0,0.22532135027553274,0.22532135029306308,-72.75898258624503,-72.75898258623322,0.015220183853055853,0.015220183853865884,0.998334514156892,0.9983345141569926
45.25,0.22912357444656725,0.22912357446430082,-72.50878071581666,-72.50878071580476,0.015198076428844921,0.015198076429659839,1.0032804513546336,1.0032804513547355
45.5,0.23292136344007075,0.23292136345800876,-72.25734174052484,-72.25734174051286,0.015184702900076927,0.015184702900896734,1.0082313522409787,1.008231352241082
45.75,0.23671440941714134,0.23671440943528502,-72.00466335796277,-72.0046633579507,0.015160133565397482,0.015160133566222176,1.0131957105721598,1.0131957105722644
46.0,0.24050273609670478,0.24050273611505535,-71.75074587964984,-71.75074587963769,0.015146947015326236,0.015146947016155819,1.0181441171746874,1.0181441171747934
46.25,0.24428049563208748,0.24428049565064616,-71.49559154067451,-71.49559154066228,0.015075596229013302,0.015075596229847775,1.023090601355213,1.0230906013553203
46.5,0.24804183841483943,0.24804183843360744,-71.2391997214763,-71.23919972146398,0.015015613639581855,0.01501561364042122,1.0280439578859668,1.0280439578860754
46.75,0.251787867230519,0.2517878672494977,-70.98156986569099,-70.98156986567858,0.01495308426181338,0.014953084262657639,1.032994894292055,1.032994894292165
47.0,0.25551916178171485,0.25551916180090545,-70.72270111515017,-70.72270111513768,0.014897740396707259,0.01489774039755641,1.0379551152525668,1.0379551152526783
47.25,0.25922646536875715,0.2592264653881609,-70.46259656086852,-70.46259656085594,0.014761153338798363,0.014761153339652408,1.0428813318784258,1.0428813318785386
47.5,0.2628992801377292,0.2628992801573473,-70.20126024717685,-70.20126024716419,0.014621830001462164,0.014621830002321104,1.0478091907906082,1.0478091907907225
47.75,0.26653631543391104,0.2665363154537448,-69.93869003602998,-69.93869003601723,0.014474919008568206,0.014474919009432041,1.0527525122354229,1.0527525122355386
48.0,0.2701385946471564,0.2701385946672069,-69.67488373974781,-69.67488373973498,0.014343781524430083,0.014343781525298815,1.0576978703858564,1.0576978703859736
48.25,0.2736958112433962,0.2736958112636647,-69.40984300358586,-69.40984300357295,0.01411441663338043,0.01411441663425406,1.062628040534606,1.0626280405347246
48.5,0.27719747038419884,0.2771974704046866,-69.143570827393,-69.14357082738,0.013899321040357281,0.013899321041235809,1.0675493892878218,1.067549389287942
48.75,0.28064578080735636,0.28064578082806463,-68.876068087499,-68.8760680874859,0.013687627054499168,0.013687627055382597,1.0724725498230787,1.0724725498232002
49.0,0.2840430129460847,0.2840430129670147,-68.60733292024229,-68.6073329202291,0.013490695991490704,0.013490695992379034,1.0774088067976262,1.077408806797749
49.25,0.2873760379022981,0.28737603792345096,-68.33736616295123,-68.33736616293794,0.013173967719012388,0.01317396771990562,1.0823252813924304,1.0823252813925546
49.5,0.29062890754065634,0.29062890756203336,-68.06617233124422,-68.06617233123085,0.012849451894042484,0.012849451894940618,1.0872254028594162,1.0872254028595418
49.75,0.29380120688187833,0.2938012069034807,-67.79375206390532,-67.79375206389184,0.012529406388904605,0.012529406389807643,1.0921367660261216,1.0921367660262487
50.0,0.29689374243046224,0.2968937424522912,-67.52010602647863,-67.52010602646506,0.012211339978341135,0.012211339979249078,1.0970315633751235,1.0970315633752519
50.25,0.29988728583678004,0.29988728585883684,-67.24523963792424,-67.24523963791059,0.011737466710953545,0.01173746671186639,1.101899589737216,1.1018995897373458
50.5,0.3027617195443075,0.30276171956659337,-66.96915668496706,-66.9691566849533,0.011258462035488546,0.01125846203640678,1.1067640790813458,1.1067640790814772
50.75,0.30551907683643387,0.3055190768589502,-66.69185542215003,-66.69185542213619,0.010800857018750628,0.010800857019673768,1.1116460665983803,1.111646066598513
51.0,0.30816058665749213,0.3081605866802401,-66.41333429525768,-66.41333429524374,0.010331681771222036,0.010331681772150084,1.1165229927747198,1.116522992774854
51.25,0.3106749548728291,0.31067495489580993,-66.13367570725518,-66.13367570724115,0.009783662478443632,0.009783662479376587,1.120745762913116,1.1207457629132516
51.5,0.31305168042565634,0.3130516804488713,-65.85295974749252,-65.8529597474784,0.009230541715713832,0.009230541716651696,1.1249819673369537,1.1249819673370909
51.75,0.3152926613549222,0.31529266137837236,-65.57118559184957,-65.57118559183535,0.00869770482300367,0.008697704823946445,1.1292113280430462,1.129211328043185
52.0,0.31739848022297507,0.3173984802466618,-65.28835548039599,-65.28835548038168,0.008149244160373647,0.008149244161321333,1.1334296152949543,1.1334296152950945
52.25,0.3193727217910515,0.31937272181497595,-65.00461838765048,-65.00461838763607,0.007644975082417647,0.007644975083370243,1.136467174212174,1.1364671742123154
52.5,0.3212197091337387,0.32121970915790216,-64.72012112912331,-64.72012112910882,0.007131210922318191,0.007131210923275697,1.1395109424433438,1.1395109424434868
52.75,0.32293813820669526,0.3229381382310989,-64.43486328896688,-64.4348632889523,0.006616508632160916,0.006616508633123332,1.142551827334728,1.1425518273348723
53.0,0.3245292913651482,0.32452929138979325,-64.14884683699928,-64.14884683698462,0.0061130023719364185,0.006113002372903746,1.1455798358770861,1.145579835877232
53.25,0.3260012069802447,0.3260012070051324,-63.862213056061655,-63.862213056046926,0.0056625029180535835,0.005662502919025823,1.1474904540973763,1.1474904540975235
53.5,0.32736257308116656,0.3273625731062981,-63.575100540467275,-63.57510054045248,0.005228607055365664,0.005228607056342817,1.1494097115657145,1.1494097115658632
53.75,0.3286128733077217,0.3286128733330984,-63.28750886176919,-63.287508861754326,0.004773975414323309,0.004773975415305377,1.1513237608820268,1.1513237608821771
54.0,0.3297499207965314,0.3297499208221545,-62.99943967703268,-62.999439677017754,0.004322584376265394,0.004322584377252376,1.1532297595675485,1.1532297595677001
54.25,0.3307849466316503,0.33078494665752095,-62.7110204830228,-62.71102048300781,0.00395770676302655,0.0039577067640184475,1.1541238269124696,1.1541238269126226
54.5,0.3317292172100109,0.33172921723613036,-62.42237685830719,-62.422376858292125,0.003596542996928102,0.0035965429979249145,1.1550252048632685,1.155025204863423
54.75,0.3325843146064175,0.332584314632787,-62.133506427211856,-62.13350642719673,0.003244322395672881,0.0032443223966746094,1.1559382771070392,1.1559382771071953
55.0,0.333351762567158,0.3333517625937787,-61.84440785389404,-61.84440785387884,0.0028953474026350355,0.0028953474036416808,1.1568503423371763,1.1568503423373337
55.25,0.334037981622865,0.33403798164973825,-61.55520425817451,-61.55520425815924,0.0025943983745147538,0.002594398375526317,1.1567784517928266,1.1567784517929853
55.5,0.33464761637618484,0.3346476164033118,-61.26601752239576,-61.266017522380416,0.0022826738106260075,0.002282673811642489,1.156715463826911,1.1567154638270714
55.75,0.33518034463763413,0.33518034466501606,-60.976847025474825,-60.97684702545941,0.001979146056187085,0.001979146057208486,1.1566485401574227,1.1566485401575846
56.0,0.3356376403588762,0.33563764038651434,-60.687691913443054,-60.68769191342757,0.0016792144921038796,0.0016792144931302001,1.1565923843746078,1.156592384374771
56.25,0.33602548059575654,0.3360254806236521,-60.39865874614272,-60.39865874612717,0.0014234207824513792,0.0014234207834826203,1.1556729781445347,1.1556729781446995
56.5,0.336351121528459,0.3363511215566132,-60.1098569551284,-60.10985695511278,0.0011816188985887268,0.001181618899624889,1.1547413727673468,1.1547413727675129
56.75,0.3366170448138198,0.33661704484223387,-59.8212853929816,-59.82128539296591,0.0009456816098147769,0.0009456816108558607,1.1538311466514437,1.1538311466516111
57.0,0.33682122642028994,0.3368212264489651,-59.53294344175343,-59.53294344173767,0.0006876839082710273,0.0006876839093170339,1.1529044874981738,1.1529044874983427
57.25,0.3369660975145046,0.33696609754344214,-59.244934335339984,-59.24493433532415,0.00047112118744340066,0.00047112118849433046,1.151168384227196,1.1511683842273666
57.5,0.33705798256620967,0.33705798259541075,-58.95735912872273,-58.95735912870683,0.0002637956546878018,0.0002637956557436556,1.149433288257745,1.149433288257917
57.75,0.3370964555735288,0.33709645560299467,-58.670216162098335,-58.67021616208236,4.382598093585252e-05,4.382598199663126e-05,1.1477104654764074,1.147710465476581
58.0,0.3370800874812939,0.3370800875110258,-58.38350434587511,-58.38350434585906,-0.00017493348594405024,-0.00017493348487834548,1.145984084934292,1.1459840849344671
58.25,0.3370134900028326,0.33701349003283176,-58.097311404713366,-58.097311404697244,-0.0003580749476247738,-0.000358074946554142,1.1435594616264335,1.14355946162661
58.5,0.3369008910686942,0.3369008910989619,-57.81172346695061,-57.81172346693442,-0.0005429442694901067,-0.0005429442684145467,1.1411440579052867,1.1411440579054648
58.75,0.3367438080786301,0.3367438081091675,-57.52674120086667,-57.5267412008504,-0.0007139487755581159,-0.0007139487744776269,1.1387140868887673,1.138714086888947
59.0,0.336544627120384,0.3365446271511924,-57.24236546964554,-57.2423654696292,-0.0008797272992406902,-0.0008797272981552714,1.1362917785100597,1.1362917785102409
59.25,0.33630545004224965,0.3363054500733302,-56.95867955464931,-56.95867955463289,-0.0010339812780590174,-0.0010339812769686672,1.133195556003099,1.1331955560032818
59.5,0.3360282271087983,0.33602822714015224,-56.67576772797681,-56.67576772796031,-0.0011840941725591069,-0.0011840941714638244,1.1300990715297208,1.1300990715299049
59.75,0.33571346945463154,0.33571346948626013,-56.39363100662452,-56.39363100660795,-0.0013342597921133434,-0.0013342597910131278,1.1269947134464247,1.1269947134466103
60.0,0.33535929827235,0.3353592983042545,-56.112267588646574,-56.112267588629926,-0.0014994003022119015,-0.0014994003011067516,1.123912645946801,1.1239126459469881
60.25,0.33497299052882057,0.3349729905610022,-55.831749809843444,-55.831749809826725,-0.001591408948462061,-0.0015914089473514944,1.1202295931529571,1.1202295931531456
60.5,0.3345635501423143,0.33456355017477446,-55.552154299541044,-55.55215429952425,-0.0016844625850810657,-0.0016844625839655633,1.1165344980395238,1.1165344980397138
60.75,0.3341296797447993,0.33412967977753916,-55.27348013023841,-55.27348013022154,-0.0017868472054454914,-0.001786847204325052,1.112858866034521,1.1128588660347127
61.0,0.33366843645609384,0.33366843648911465,-54.99572621252968,-54.995726212512736,-0.0019034467322518733,-0.0019034467311264962,1.1091724866284907,1.1091724866286838
61.25,0.33318159656869145,0.3331815966019944,-54.718963425905,-54.718963425887985,-0.0019916724466823464,-0.0019916724455520296,1.1049298146870095,1.104929814687204
61.5,0.3326740828087619,0.33267408284234834,-54.443263004502086,-54.44326300448499,-0.002068838996003248,-0.002068838994867509,1.1006735638117728,1.100673563811969
61.75,0.3321469467396026,0.33214694677347384,-54.16862516364692,-54.16862516362975,-0.0021486498057133076,-0.002148649804572627,1.0964291705542588,1.0964291705544564
62.0,0.3315969998116911,0.33159699984584834,-53.895050260415175,-53.89505026039792,-0.002251327256753181,-0.0022513272556075577,1.0921700649803314,1.0921700649805306
62.25,0.3310240511246651,0.3310240511591096,-53.62259618006557,-53.62259618004824,-0.002332706155247915,-0.0023327061540973485,1.087462585489072,1.0874625854892728
62.5,0.3304304802153368,0.33043048025006977,-53.351320044535896,-53.35132004451849,-0.0024163058492213474,-0.0024163058480658364,1.0827465066302466,1.082746506630449
62.75,0.32981454410303707,0.3298145441380598,-53.08122198558932,-53.08122198557184,-0.0025116270711381347,-0.0025116270699776784,1.078037973929392,1.0780379739295958
63.0,0.32917607487848716,0.3291760749138008,-52.812301516509955,-52.81230151649238,-0.0025965710953748593,-0.002596571094209457,1.0733257867142685,1.0733257867144739
63.25,0.32852125678981975,0.32852125682542566,-52.54458901054347,-52.54458901052582,-0.0026424405512475886,-0.0026424405500767574,1.068374265342326,1.068374265342533
63.5,0.32785554741356404,0.3278555474494635,-52.278114007159616,-52.27811400714189,-0.0026837011129380584,-0.002683701111762279,1.063425765618682,1.0634257656188906
63.75,0.32717768303168043,0.32717768306787465,-52.01287647229665,-52.01287647227884,-0.002739680857232348,-0.0027396808560516193,1.0584745185629847,1.0584745185631947
64.0,0.3264872384502803,0.3264872384867706,-51.74887654263076,-51.74887654261287,-0.0027843425553781428,-0.002784342554192464,1.0535249229749568,1.0535249229751684
64.25,0.3257929375658935,0.325792937602681,-51.486115220988694,-51.48611522097072,-0.0027705321942370913,-0.0027705321930464612,1.0485656488596728,1.048565648859886
64.5,0.32510140353226347,0.3251014035693496,-51.2245940601352,-51.22459406011714,-0.002762208006976771,-0.0027622080057802256,1.0436036371835742,1.043603637183789
64.75,0.32441098067033713,0.32441098070772323,-50.96431473140172,-50.96431473138358,-0.0027616438229000023,-0.002761643821698504,1.0386309926311854,1.038630992631402
65.0,0.32372062133158563,0.32372062136927293,-50.70527848263629,-50.70527848261806,-0.002761699760337443,-0.002761699759130991,1.0336589974976742,1.0336589974978923
65.25,0.3230396751592994,0.3230396751972891,-50.4474851561031,-50.447485156084795,-0.0026863384326008795,-0.0026863384313894722,1.028687607662825,1.0286876076630447
65.5,0.32237684474920725,0.32237684478750067,-50.190934339484215,-50.19093433946583,-0.002616773405240259,-0.0026167734040238957,1.0237189187297384,1.0237189187299596
65.75,0.32173169734667595,0.3217316973852743,-49.935624903073304,-49.93562490305483,-0.002544873771922055,-0.0025448737707007346,1.0187565657789497,1.0187565657791724
66.0,0.32110445519794373,0.3211044552368482,-49.68155871760355,-49.68155871758499,-0.0024735333803041553,-0.0024735333790778767,1.0137729112532026,1.0137729112534268
66.25,0.3204993021568699,0.32049930219608175,-49.42873740367212,-49.42873740365348,-0.002368160121427481,-0.0023681601201962434,1.0087975902637134,1.0087975902639392
66.5,0.31991806029328024,0.31991806033280074,-49.17715929238252,-49.17715929236379,-0.0022822434830608823,-0.0022822434818246845,1.0038272919529825,1.00382729195321
66.75,0.31935802783517697,0.31935802787500733,-48.92682310365035,-48.926823103631534,-0.002198484382338294,-0.002198484381097135,0.9988622100076237,0.9988622100078525
67.0,0.31881983501547156,0.31881983505561307,-48.67772847300676,-48.67772847298786,-0.0021075265893668407,-0.00210752658812072,0.9938948265656704,0.9938948265659003
67.25,0.3183099913401317,0.3183099913805856,-48.42987826380034,-48.429878263781355,-0.001971693165888502,-0.0019716931646374188,0.9889068342793645,0.9889068342795956
67.5,0.31783403297393525,0.31783403301470275,-48.18327415902748,-48.183274159008405,-0.0018364434367685806,-0.0018364434355125343,0.9839259911522192,0.9839259911524515
67.75,0.3173915592646378,0.31739155930572016,-47.93791574688154,-47.93791574686237,-0.0017038162687418516,-0.0017038162674808419,0.9789412935112823,0.9789412935115158
68.0,0.316982107459501,0.31698210750089945,-47.693801612548036,-47.69380161252879,-0.0015722667676890568,-0.0015722667664230827,0.9739717687542586,0.9739717687544932
68.25,0.3166060189468568,0.3166060189885726,-47.45093138907377,-47.45093138905444,-0.0014369110772391323,-0.0014369110759681935,0.9689900062785562,0.9689900062787921
68.5,0.3162618687819713,0.3162618688240057,-47.20930509026657,-47.20930509024715,-0.0013167588369729466,-0.001316758835697042,0.9640203728511668,0.9640203728514039
68.75,0.31594943254107316,0.3159494325834274,-46.968922361962065,-46.96892236194255,-0.0011832005569247389,-0.0011832005556438676,0.9590414409930512,0.9590414409932895
69.0,0.3156676974584199,0.3156676975010952,-46.729786010164055,-46.72978601014445,-0.0010711508055404862,-0.0010711508042546478,0.9540493628270346,0.954049362827274
69.25,0.31542058683325164,0.31542058687624924,-46.49189601678864,-46.49189601676895,-0.0009062036390821721,-0.0009062036377913659,0.9490705686250998,0.9490705686253404
69.5,0.3152149555006392,0.3152149555439604,-46.25525269678672,-46.25525269676694,-0.0007393179479710212,-0.0007393179466752464,0.9440759756562808,0.9440759756565227
69.75,0.3150499110446141,0.31504991108826014,-46.019857543715716,-46.01985754369584,-0.0005815082567801553,-0.0005815082554789297,0.9390852340334824,0.9390852340337256
70.0,0.3149254244846271,0.3149254245285993,-45.785709804346645,-45.78570980432668,-0.0004148545683219837,-0.00041485456701578825,0.9340966652069976,0.934096665207242
70.25,0.31483986502461947,0.31483986506891903,-45.55281015042353,-45.552810150403474,-0.00027009216195288203,-0.00027009216064171596,0.9291005525297352,0.9291005525299808
70.5,0.3147919533867892,0.3147919534314174,-45.32115883476437,-45.321158834744224,-0.00011367146462268224,-0.00011367146330654496,0.9241099579962366,0.9241099579964834
70.75,0.31478220769524046,0.31478220774019855,-45.0907560114447,-45.09075601142447,3.5234778114095965e-05,3.523477943520531e-05,0.91911261452227,0.919112614522518
71.0,0.3148091391137268,0.31480913915901604,-44.861601984849806,-44.86160198482949,0.00017974582821463233,0.00017974582954071458,0.9141195846123734,0.9141195846126227
71.25,0.3148767669859976,0.31487676703161915,-44.63369624755033,-44.63369624752993,0.00036080639057946935,0.0003608063919105255,0.9091262967130134,0.9091262967132638
71.5,0.31498748423464634,0.3149874842806015,-44.40703898455148,-44.407038984530985,0.0005244607313992996,0.0005244607327353304,0.904131791848525,0.9041317918487767
71.75,0.31513986535224875,0.31513986539853883,-44.181631092458645,-44.18163109243807,0.0006941167871460567,0.0006941167884870631,0.899131328898955,0.8991313288992079
72.0,0.3153338443352331,0.31533384438185924,-43.95747180206277,-43.95747180204211,0.0008572448031271678,0.0008572448044731507,0.8941429788883302,0.8941429788885844
72.25,0.3155665156068635,0.315566515653827,-43.73455904083968,-43.73455904081892,0.001003655523773781,0.0010036555251247416,0.8891590970928379,0.8891590970930934
72.5,0.31583623684898315,0.3158362368962852,-43.512893121746174,-43.51289312172533,0.001153643915479269,0.0011536439168352078,0.8841682415143207,0.8841682415145775
72.75,0.31614453646723484,0.31614453651487673,-43.29247508601137,-43.29247508599043,0.0013122824111109555,0.0013122824124718736,0.879176029407689,0.8791760294079471
73.0,0.31649129793627023,0.31649129798425324,-43.07330402154376,-43.07330402152273,0.001461339543901078,0.001461339545267458,0.8741924722800919,0.8741924722803512
73.25,0.3168759763221518,0.31687597637047726,-42.855380488252045,-42.85538048823092,0.001615616513513941,0.0016156165148853022,0.869195779508455,0.8691957795087155
73.5,0.31729890281812145,0.3172989028667906,-42.6387053875672,-42.63870538754598,0.0017673249893333735,0.0017673249907097165,0.864205011667244,0.8642050116675059
73.75,0.3177602144145811,0.3177602144635951,-42.42327772269219,-42.42327772267088,0.0019226975167449094,0.0019226975181262352,0.8592162926843033,0.8592162926845665
74.0,0.3182585146015849,0.3182585146509451,-42.20909736175149,-42.20909736173008,0.002063233626070811,0.0020632336274576026,0.854226581591629,0.8542265815918934
74.25,0.3187941950740266,0.31879419512373436,-41.996164413087214,-41.99616441306571,0.002221739817759909,0.0022217398191516856,0.8492369927786395,0.8492369927789051
74.5,0.31936842998276616,0.31936843003282267,-41.784480429123064,-41.78448042910147,0.002371667940424587,0.0023716679418213493,0.8442348647993418,0.8442348647996086
74.75,0.31997931729384677,0.31997931734425333,-41.57404423703246,-41.57404423701077,0.0025149611091355387,0.0025149611105372872,0.8392546584158651,0.8392546584161331
75.0,0.3206267689900781,0.3206267690408359,-41.36485295307926,-41.36485295305747,0.002664183135632832,0.0026641831370395673,0.8342755991411356,0.8342755991414049
75.25,0.3213142136767,0.3213142137278103,-41.1569087609309,-41.15690876090902,0.0028349032833537057,0.0028349032847654293,0.8292779219502722,0.8292779219505428
75.5,0.3220457856640546,0.32204578571551873,-40.95021278916589,-40.95021278914392,0.003017202452728939,0.0030172024541456517,0.8242898349826201,0.8242898349828921
75.75,0.3228221679438775,0.3228221679956967,-40.74476379076635,-40.74476379074429,0.003193385666813889,0.003193385668235591,0.8193021356031436,0.8193021356034168
76.0,0.3236417590812335,0.3236417591334089,-40.54056264132758,-40.54056264130542,0.003362872622958927,0.00336287262438562,0.8143070439277834,0.8143070439280579
76.25,0.3245036179130601,0.32450361796559307,-40.33761120534224,-40.33761120531998,0.003531526519958621,0.003531526521390305,0.8093044280542969,0.8093044280545726
76.5,0.3254078336291655,0.3254078336820573,-40.135910541274406,-40.135910541252045,0.0037017276149919733,0.003701727616429131,0.8043008684418739,0.8043008684421509
76.75,0.3263533962385133,0.3263533962917653,-39.9354583589337,-39.93545835891124,0.003862303488954403,0.0038623034903970356,0.7993165751446806,0.7993165751449589
77.0,0.3273386048495089,0.3273386049031224,-39.736253120259704,-39.736253120237144,0.004018894978104392,0.0040188949795520205,0.7943253194838613,0.7943253194841409
77.25,0.32836494724115345,0.3283649472951297,-39.53829563258229,-39.53829563255963,0.004191373788044487,0.004191373789497113,0.7893345656741887,0.7893345656744696
77.5,0.3294316784164538,0.3294316784707941,-39.34158614434007,-39.34158614431731,0.00434200501945216,0.004342005020909783,0.7843413260620969,0.7843413260623792
77.75,0.3305372112571976,0.3305372113119031,-39.14612475217728,-39.14612475215442,0.004501787278995862,0.004501787280458483,0.7793497961759717,0.7793497961762551
78.0,0.33168153530874506,0.33168153536381706,-38.95191207171537,-38.95191207169241,0.004652334086730665,0.004652334088198286,0.7743516333257836,0.7743516333260684
78.25,0.33286409824552937,0.33286409830096914,-38.758947417795014,-38.75894741777196,0.004807699509023205,0.004807699510495826,0.7693655833892502,0.7693655833895363
78.5,0.3340844198944907,0.33408441995029947,-38.567228914540216,-38.56722891451705,0.004954404063166824,0.004954404064644446,0.7643824288178825,0.76438242881817
78.75,0.3353431689168801,0.33534316897305916,-38.37675910862964,-38.37675910860638,0.005115116308601625,0.00511511631008473,0.7593760033147585,0.7593760033150472
79.0,0.3366410934596898,0.33664109351624044,-38.18754010670315,-38.18754010667978,0.005267808838069778,0.005267808839557886,0.7543759977013534,0.7543759977016434
79.25,0.3379779248168019,0.3379779248737254,-37.99957130254572,-37.99957130252225,0.005426370681088228,0.005426370682581339,0.7493744206089431,0.7493744206092344
79.5,0.339353588839418,0.33935358889671574,-37.81285146543305,-37.81285146540947,0.005578471244853759,0.005578471246352356,0.7443842619524104,0.744384261952703
79.75,0.3407670809648056,0.3407670810224789,-37.627379306334475,-37.6273793063108,0.00572899540497874,0.005728995406482342,0.7393929966447611,0.7393929966450551
80.0,0.34221876894432396,0.34221876900237397,-37.4431544516446,-37.44315445162083,0.00588403847008391,0.005884038471592517,0.7344058262567821,0.7344058262570774
80.25,0.3437083263131277,0.34370832637155574,-37.26017597462292,-37.260175974599036,0.006031950838344227,0.006031950839857842,0.7294219759715768,0.7294219759718733
80.5,0.3452346657997193,0.3452346658585266,-37.07844510112027,-37.07844510109629,0.006178294180611532,0.006178294182130155,0.7244249982523575,0.7244249982526554
80.75,0.34679728815586003,0.3467972882150478,-36.897963751946506,-36.89796375192242,0.006322213589453895,0.006322213590977526,0.719425781569119,0.7194257815694182
81.0,0.34839431754881456,0.3483943176083841,-36.71873056745327,-36.718730567429084,0.0064535517173172074,0.006453551718845848,0.7144396819942285,0.714439681994529
81.25,0.35002474238247505,0.35002474244242754,-36.54074574874105,-36.540745748716766,0.006589375731927518,0.00658937573346117,0.7094388548980426,0.7094388548983445
81.5,0.3516891210644589,0.3516891211247956,-36.36401043272054,-36.36401043269615,0.0067251830403886725,0.006725183041927336,0.7044436604622015,0.7044436604625047
81.75,0.3533861594371148,0.3533861594978371,-36.18852477519617,-36.18852477517167,0.006850652614058856,0.006850652615602531,0.6994415879035298,0.6994415879038344
82.0,0.3551131426240436,0.35511314268515265,-36.01428995155014,-36.014289951525534,0.006964741321321055,0.006964741322869743,0.6944369905084956,0.6944369905088015
82.25,0.3568707760357586,0.3568707760972557,-35.8413044434911,-35.841304443466385,0.007095855800208088,0.00709585580176179,0.6894470616023998,0.689447061602707
82.5,0.3586588490382345,0.3586588491001208,-35.66956583182102,-35.6695658317962,0.00720825849431051,0.007208258495869227,0.6844618211609591,0.6844618211612676
82.75,0.3604772640640851,0.36047726412636194,-35.499074563298606,-35.49907456327368,0.007338591212740574,0.007338591214304305,0.6794683147305844,0.6794683147308944
83.0,0.36232827037484455,0.3623282704375132,-35.329833034974975,-35.32983303494994,0.007468987750315968,0.007468987751884717,0.6744638995647074,0.6744638995650187
83.25,0.3642076947407585,0.36420769480382015,-35.16184222581675,-35.16184222579161,0.007565935948924384,0.00756593595049815,0.6694625645609115,0.6694625645612241
83.5,0.3661124663401896,0.3661124664036456,-34.995100606835464,-34.99510060681021,0.007671766484966093,0.007671766486544878,0.6644703773117396,0.6644703773120536
83.75,0.36804395813371427,0.3680439581975658,-34.82960696838074,-34.82960696835538,0.00777969755592645,0.007779697557510254,0.6594787201503919,0.6594787201507072
84.0,0.36999947419670787,0.3699994742609562,-34.66536319016994,-34.665363190144475,0.007863959177048822,0.007863959178637648,0.654471497591879,0.6544714975921956
84.25,0.37197743299201136,0.37197743305665776,-34.502369415712906,-34.50236941568733,0.007959240776962579,0.007959240778556429,0.6494786890813131,0.6494786890816311
84.5,0.37397821064874287,0.3739782107137886,-34.34062326122939,-34.3406232612037,0.008046510511283545,0.008046510512882419,0.6444905385591121,0.6444905385594314
84.75,0.3760016964064631,0.3760016964719095,-34.18012511159287,-34.18012511156707,0.00814090485892617,0.008140904860530552,0.639494649633606,0.6394946496339268
85.0,0.37804668117251206,0.37804668123836044,-34.020875060096245,-34.02087506007034,0.008218503240782677,0.008218503242392086,0.6345057550235013,0.6345057550238234
85.25,0.38011321132737136,0.380113211393623,-33.86287441043297,-33.86287441040695,0.008313266329824558,0.008313266331438994,0.629499433348492,0.6294994333488156
85.5,0.3822032758334696,0.38220327590012565,-33.70612327710848,-33.70612327708235,0.00840677961129277,0.008406779612912234,0.6245096244310904,0.6245096244314154
85.75,0.38431619187170446,0.3843161919387662,-33.55062101782723,-33.55062101780099,0.008496077518217822,0.008496077519842318,0.6195084413999425,0.619508441400269
86.0,0.38645204202819744,0.38645204209566614,-33.39636840025328,-33.396368400226926,0.008590253054299297,0.008590253055928823,0.6145124903128913,0.6145124903132192
86.25,0.3886089165062729,0.38860891657414987,-33.24336651258101,-33.243366512554545,0.008664270780430482,0.008664270782065041,0.6095026040869362,0.6095026040872654
86.5,0.3907867482132409,0.3907867482815274,-33.09161661938703,-33.09161661936046,0.00875791124845333,0.00875791125009292,0.6044965326365334,0.604496532636864
86.75,0.3929860023676136,0.3929860024363108,-32.94111724267651,-32.941117242649824,0.008835651118523302,0.008835651120167928,0.5994984737183845,0.5994984737187166
87.0,0.39520530966443224,0.39520530973354145,-32.79186698003926,-32.79186698001246,0.00891833669337928,0.00891833669502894,0.5945036195841263,0.5945036195844599
87.25,0.397443450695408,0.3974434507649305,-32.64386618719796,-32.64386618717105,0.008986320424519457,0.00898632042617415,0.5895027167368341,0.589502716737169
87.5,0.39969964962096577,0.3996996496909028,-32.497115315528006,-32.49711531550099,0.009062800082548568,0.009062800084208298,0.5845042494123208,0.5845042494126571
87.75,0.40197444286517536,0.4019744429355282,-32.35161355919667,-32.35161355916954,0.00913507535499574,0.009135075356660506,0.5795097944243086,0.5795097944246463
88.0,0.4042678438684798,0.4042678439392497,-32.207362163261195,-32.20736216323395,0.009211660840847574,0.009211660842517377,0.5745013658391223,0.5745013658394614
88.25,0.4065796934627513,0.40657969353393947,-32.06436016292109,-32.064360162893735,0.009282666130907094,0.009282666132581937,0.5695146301874233,0.5695146301877639
88.5,0.4089084701809747,0.4089084702525824,-31.92260609311473,-31.922606093087275,0.009347076894974252,0.009347076896654134,0.5645179221908306,0.5645179221911726
88.75,0.4112528885045287,0.41125288857655723,-31.782100463396304,-31.78210046336875,0.009407799531899654,0.009407799533584576,0.5595271098316679,0.5595271098320113
89.0,0.41360985943220246,0.41360985950465307,-31.642842072793155,-31.642842072765497,0.009447498080079629,0.009447498081769591,0.5545400112507975,0.5545400112511423
89.25,0.4159761428372621,0.415976142910136,-31.5048322654147,-31.504832265386938,0.009482297988410375,0.00948229799010538,0.5495384444959583,0.5495384444963045
89.5,0.4183505067408388,0.4183505068141373,-31.36807247721529,-31.36807247718743,0.009512142350518085,0.009512142352218133,0.5445398582856171,0.5445398582859647
89.75,0.4207343573383312,0.4207343574120556,-31.232563350969635,-31.232563350941675,0.009558190775250485,0.009558190776955577,0.5395331473382015,0.5395331473385505
90.0,0.4231264837667225,0.4231264838408742,-31.098304121492767,-31.098304121464704,0.009578350342550182,0.009578350344261284,0.5345406865761464,0.5345406865764969
90.25,0.42552663208463964,0.42552663215922,-30.96529357395581,-30.965293573927646,0.009622365465062281,0.00962236546677843,0.5295436895697805,0.5295436895701324
90.5,0.4279347383227481,0.4279347383977584,-30.833533669138966,-30.8335336691107,0.009642012654555703,0.009642012656277862,0.5245355471126866,0.52453554711304
90.75,0.43034958151470554,0.43034958159014725,-30.703023119141147,-30.70302311911278,0.009676263118778552,0.009676263120505759,0.5195488496407653,0.5195488496411201
91.0,0.4327726233867296,0.432772623462604,-30.573760176979846,-30.573760176951374,0.00970760139236429,0.009707601394096547,0.5145546846951027,0.5145546846954591
91.25,0.43520080232929803,0.4352008024056063,-30.445745698125826,-30.445745698097248,0.009717359742926117,0.009717359744663425,0.5095611452171037,0.5095611452174617
91.5,0.4376327564733903,0.43763275655013384,-30.31897956087827,-30.318979560849584,0.009737803037696028,0.009737803039439353,0.5045679508360169,0.5045679508363763
91.75,0.44006744810213266,0.4400674481793129,-30.193463594843415,-30.193463594814627,0.009739258208323996,0.009739258210072373,0.49955977730567896,0.49955977730603957
92.0,0.44250225662884196,0.4425022567064602,-30.06919977644894,-30.06919977642005,0.009738738142833273,0.009738738144586702,0.4945507698992002,0.49455076989956204
92.25,0.44494123625212306,0.4449412363301805,-29.94618630686859,-29.946186306839593,0.009772628416616263,0.009772628418374745,0.4895569835484753,0.48955698354883836
92.5,0.44738882804898267,0.44738882812748054,-29.824423376974604,-29.8244233769455,0.009807633954122477,0.009807633955886014,0.48454645230312804,0.48454645230349236
92.75,0.4498419496170047,0.4498419496959443,-29.703912685213403,-29.703912685184196,0.009816866884715164,0.009816866886483757,0.4795390809160364,0.47953908091640196
93.0,0.4522998338914238,0.4522998339708065,-29.584651755112723,-29.584651755083414,0.009845737175610976,0.009845737177384623,0.4745483571675371,0.47454835716790394
93.25,0.4547594873720945,0.4547594874519214,-29.466639536534583,-29.466639536505166,0.009831019758085766,0.00983101975986447,0.46954939284521124,0.4695493928455793
93.5,0.4572156576402533,0.45721565772052575,-29.349878149539027,-29.349878149509504,0.009817870652441201,0.009817870654224962,0.46454170435900505,0.46454170435937436
93.75,0.45966912356070466,0.4596691236414239,-29.23436671851582,-29.23436671848619,0.00980938645891036,0.009809386460699178,0.4595497446266114,0.459549744626982
94.0,0.4621200940232103,0.4621200941043776,-29.1201032879341,-29.120103287904364,0.009797906980577736,0.009797906982371615,0.4545577011094957,0.45455770110986754
94.25,0.4645680316066581,0.4645680316882747,-29.007088737190923,-29.00708873716108,0.009785122770567664,0.009785122772366603,0.4495587060412801,0.4495587060416532
94.5,0.46701261078808554,0.4670126108701528,-28.89532505369542,-28.89532505366547,0.009771038920282308,0.00977103892208679,0.4445507632506353,0.4445507632510097
94.75,0.46945446217126285,0.46945446225378207,-28.78481334910219,-28.784813349072135,0.009763300389200463,0.009763300391010006,0.43954287422483895,0.4395428742252146
95.0,0.47189185485385104,0.4718918549368235,-28.67555228880162,-28.675552288771453,0.009735370316645859,0.009735370318460466,0.43454561081306214,0.43454561081343906
95.25,0.4743247166403314,0.4743247167237583,-28.567540303702554,-28.567540303672278,0.00972705340094928,0.009727053402768953,0.4295502707636361,0.4295502707640143
95.5,0.4767528457856349,0.47675284586951766,-28.460777616261165,-28.46077761623078,0.009697508837716527,0.009697508839541746,0.42455123155301977,0.42455123155339924
95.75,0.4791737277486381,0.479173727832978,-28.355263456421476,-28.355263456390983,0.00966907687075885,0.009669076872589135,0.41956204984512196,0.4195620498455027
96.0,0.4815873606853571,0.48158736077015546,-28.25099897145018,-28.250998971419577,0.009639514831614161,0.009639514833449513,0.41455383271242324,0.41455383271280527
96.25,0.48399286624913107,0.48399286633438915,-28.147985308540555,-28.147985308509842,0.00960405881534735,0.009604058817188251,0.40955547390743674,0.4095554739078201
96.5,0.48639074304330626,0.4863907431290254,-28.04622248275004,-28.046222482719216,0.009578483732659057,0.009578483734505025,0.4045471348279681,0.4045471348283528
96.75,0.4887824981483088,0.4887824982344903,-27.94571160130964,-27.945711601278706,0.009555085406879143,0.00955508540873018,0.39953991890129736,0.39953991890168333
97.0,0.49116605330696345,0.4911660533936086,-27.846450576320244,-27.8464505762892,0.009512885629646207,0.009512885631502313,0.394548284992537,0.39454828499292427
97.25,0.49354051796008064,0.4935405180471906,-27.748439078400732,-27.74843907836958,0.009482360140207674,0.009482360142068852,0.3895437012415607,0.38954370124194926
97.5,0.49590411904691745,0.4959041191344936,-27.651677241138533,-27.65167724110727,0.009425978218160607,0.009425978220026858,0.3845510021718012,0.3845510021721911
97.75,0.49825499865393413,0.49825499874197776,-27.556164779068,-27.55616477903662,0.009380587394101367,0.00938058739597269,0.3795486986720103,0.37954869867240154
98.0,0.5005939142095673,0.5005939142980799,-27.46190364579565,-27.46190364576416,0.009330265237336306,0.009330265239212703,0.3745403722512331,0.3745403722516257
98.25,0.5029190004314645,0.5029190005204472,-27.368892838328414,-27.36889283829681,0.00926995404639277,0.009269954048274243,0.36954609317289683,0.3695460931732907
98.5,0.5052281845857406,0.5052281846751948,-27.277131224229457,-27.27713122419774,0.009203048223536726,0.009203048225423274,0.36454682592673654,0.3645468259271317
98.75,0.507522439731091,0.507522439821018,-27.18661918815785,-27.186619188126016,0.009150522152573946,0.00915052215446557,0.35954946759836465,0.35954946759876116
99.0,0.5098011314887906,0.5098011315791915,-27.097358041603773,-27.097358041571827,0.009078539950982803,0.009078539952879505,0.3545397116208261,0.35453971162122394
99.25,0.5120599611927323,0.5120599612836085,-27.0093463457924,-27.00934634576034,0.008991627973339952,0.008991627975241733,0.34955386306432107,0.34955386306472025
99.5,0.5142980421292596,0.5142980422206123,-26.922583899622538,-26.92258389959036,0.008912547705819769,0.008912547707726629,0.34454571375038656,0.3445457137507871
99.75,0.5165149944887515,0.516514994580582,-26.83707237145656,-26.837072371424266,0.00882260019801867,0.008822600199931092,0.33954652005779584,0.3395465200581977
100.0,0.5187116609581441,0.5187116610504539,-26.75280999158535,-26.75280999155294,0.008750261071979971,0.008750261073897474,0.334552525732114,0.3345525257325172
100.25,0.5208916707169342,0.5208916708097243,-26.669797257648128,-26.6697972576156,0.008689345645048018,0.008689345646970601,0.32954935150888115,0.32954935150928566
100.5,0.5230532170039421,0.523053217097214,-26.588036206994136,-26.58803620696149,0.00860255262392837,0.008602552625856037,0.3245390619060103,0.3245390619064161
100.75,0.52519326541375,0.5251932655075048,-26.507527203913316,-26.507527203880553,0.008517363019842258,0.008517363021775009,0.31953297077233134,0.3195329707727385
101.0,0.5273115856977121,0.5273115857919511,-26.428267733507386,-26.428267733474506,0.00842872911474588,0.008428729116683716,0.3145428008316286,0.3145428008320371
101.25,0.5294067400876498,0.5294067401823744,-26.350257956274223,-26.350257956241226,0.008332034241869074,0.008332034243811995,0.3095354261501717,0.30953542615058155
101.5,0.5314785712086598,0.5314785713038712,-26.27349944714151,-26.273499447108396,0.00824214339365359,0.008242143395601597,0.3045326553865426,0.3045326553869538
101.75,0.5335247901950719,0.5335247902907715,-26.197990873932802,-26.19799087389957,0.008127137731999481,0.008127137733952577,0.29953594112598686,0.29953594112639936
102.0,0.5355447759593195,0.5355447760555084,-26.123730962304577,-26.123730962271228,0.008032278001894643,0.008032278003852828,0.2945433608432859,0.2945433608436998
102.25,0.5375384687361251,0.5375384688328047,-26.050719068354166,-26.0507190683207,0.007916793924526357,0.007916793926489632,0.2895518016479597,0.2895518016483749
102.5,0.539505460062708,0.5395054601598795,-25.978956002145846,-25.97895600211226,0.007818665688249212,0.007818665690217576,0.28455273727025127,0.2845527372706678
102.75,0.5414460055120836,0.5414460056097482,-25.90844400801674,-25.908444007983036,0.007705225917740786,0.0077052259197142375,0.27954322645780455,0.27954322645822244
103.0,0.543357846597213,0.5433578466953721,-25.839181552648053,-25.83918155261423,0.007589032910970053,0.007589032912948593,0.2745564274464853,0.2745564274469045
103.25,0.5452409157338225,0.5452409158324774,-25.771167448343153,-25.771167448309214,0.00747504907946738,0.00747504908145101,0.26955641773922934,0.26955641773964995
103.5,0.5470965013572847,0.5470965014564365,-25.704403025284844,-25.704403025250784,0.0073691650435709355,0.0073691650455596554,0.26455897671010814,0.26455897671053014
103.75,0.5489242220686499,0.5489242221683,-25.638886625451082,-25.638886625416905,0.0072521307867822035,0.007252130788776015,0.25957223299408366,0.25957223299450705
104.0,0.5507230018119365,0.5507230019120861,-25.57461932083051,-25.574619320796213,0.007137635477101349,0.007137635479100252,0.2545662147652205,0.2545662147656453
104.25,0.5524926734558504,0.5524926735565009,-25.511602487637514,-25.511602487603096,0.007019266766411071,0.007019266768415549,0.24956846193866777,0.24956846193909382
104.5,0.5542323924185149,0.5542323925196676,-25.449835928634133,-25.449835928599594,0.006898013391804115,0.006898013393813687,0.24456402152027676,0.24456402152070408
104.75,0.5559423307005487,0.5559423308022049,-25.389319996448535,-25.389319996413874,0.00678102168108016,0.006781021683094827,0.23956344699460805,0.23956344699503665
105.0,0.5576205307533649,0.5576205308555259,-25.330054916401355,-25.330054916366574,0.006644107018776034,0.006644107020795797,0.2345572062912617,0.23455720629169158
105.25,0.5592618203994713,0.5592618205021382,-25.272038837757822,-25.27203883772292,0.0064857403516263646,0.006485740353651224,0.22957143778795777,0.22957143778838893
105.5,0.560864883488087,0.5608648835912614,-25.215271485135315,-25.215271485100292,0.006338292830024441,0.006338292832054399,0.2245673970935976,0.22456739709403004
105.75,0.5624304982189329,0.5624304983226159,-25.159754169460363,-25.159754169425216,0.006186154217567918,0.006186154219603455,0.2195711426497826,0.21957114265021632
106.0,0.5639562515129344,0.5639562516171275,-25.105487319199487,-25.10548731916422,0.006019400271720682,0.006019400273761319,0.21456367515893812,0.21456367515937314
106.25,0.5654436454167997,0.5654436455215042,-25.052470296473896,-25.052470296438504,0.005879280628263132,0.005879280630309832,0.20957251985640232,0.2095725198568386
106.5,0.5668950633680638,0.5668950634732811,-25.00070113774825,-25.00070113771274,0.00573159258852383,0.005731592590575631,0.20458076387290935,0.20458076387334695
106.75,0.5683083614167498,0.5683083615224811,-24.95018068698435,-24.950180686948713,0.0055743208216361174,0.005574320823693502,0.19958285706602222,0.19958285706646112
107.0,0.5696821431967878,0.5696821433030345,-24.90090829323228,-24.90090829319652,0.00541546350382545,0.005415463505887937,0.19459630792774282,0.19459630792818303
107.25,0.5710128234874647,0.5710128235942281,-24.852884726091677,-24.85288472605579,0.0052295072488059945,0.005229507250873585,0.18959224672919125,0.1895922467296328
107.5,0.572296974672473,0.5722969747797543,-24.806110188328024,-24.806110188292013,0.005043232148905594,0.0050432321509782906,0.18460407294220357,0.18460407294264644
107.75,0.5735359857812984,0.5735359858890989,-24.76058204612393,-24.760582046087794,0.004868387120685548,0.004868387122763351,0.17962108117509473,0.17962108117553893
108.0,0.5747310571413943,0.5747310572497154,-24.716300367085328,-24.716300367049065,0.0046917136126030995,0.004691713614686009,0.17463236779065422,0.17463236779109975
108.25,0.5758821692932092,0.5758821694020522,-24.6732674500318,-24.673267449995414,0.004516712252939317,0.004516712255027334,0.16963098513684186,0.16963098513728872
108.5,0.5769884447600937,0.5769884448694597,-24.63148255636216,-24.63148255632565,0.004333021877629572,0.004333021879722698,0.1646481815387514,0.1646481815391996
108.75,0.5780483393533783,0.5780483394632686,-24.59094327166249,-24.59094327162585,0.004145665326090498,0.004145665328188734,0.15966611372277878,0.1596661137232283
109.0,0.5790608843614133,0.5790608844718292,-24.55165174571611,-24.551651745679347,0.003954223497229429,0.003954223499332775,0.15466611189753954,0.1546661118979904
109.25,0.5800253620819995,0.5800253621929423,-24.513608114177238,-24.513608114140347,0.0037611286072997308,0.0037611286094081865,0.14968295861858913,0.14968295861904132
109.5,0.5809405947914595,0.5809405949029306,-24.47681183460829,-24.476811834571276,0.003560262221036847,0.0035602622231513765,0.14468729687082246,0.144687296871276
109.75,0.5818043315063202,0.5818043316183209,-24.44126464831011,-24.441264648272966,0.0033491605082265207,0.0033491605103461615,0.13969021341746568,0.13969021341792054
110.0,0.5826151724810714,0.5826151725936032,-24.406964839765248,-24.406964839727973,0.003137097719575979,0.0031370977217007323,0.13470827493489893,0.13470827493535514
110.25,0.5833738657178257,0.5833738658308898,-24.373912434613942,-24.373912434576535,0.0029319771486222973,0.0029319771507526457,0.12971098561449787,0.12971098561495545
110.5,0.5840820704689906,0.5840820705825884,-24.342107664189246,-24.342107664151712,0.0027331910995930984,0.0027331911017285607,0.12472719652478897,0.12472719652524784
110.75,0.5847398987826254,0.5847398988967581,-24.31155084072404,-24.311550840686376,0.0025289641321173165,0.0025289641342578937,0.11972741045155526,0.11972741045201542
111.0,0.5853450388738076,0.5853450389884766,-24.28224291912239,-24.2822429190846,0.002311686099583714,0.0023116861017294073,0.11473598284678438,0.11473598284724584
111.25,0.5858957760566531,0.5858957761718596,-24.254182085687436,-24.254182085649518,0.002093741436540356,0.002093741438691166,0.10975070518082905,0.10975070518129182
111.5,0.5863913883772941,0.5863913884930394,-24.227368062626926,-24.227368062588877,0.0018706868228710266,0.0018706868250269535,0.10476150033302375,0.10476150033348783
111.75,0.58682968245893,0.5868296825752154,-24.201801137316643,-24.201801137278466,0.0016351956688999494,0.0016351956710614756,0.0997739243515239,0.09977392435198927
112.0,0.5872087290723756,0.5872087291892025,-24.177480322334493,-24.177480322296184,0.001396707658973982,0.001396707661140627,0.09479261799051923,0.09479261799098593
112.25,0.587528253312159,0.5875282534295286,-24.154405108725033,-24.154405108686593,0.0011590164628179614,0.0011590164649902075,0.08980911329488221,0.08980911329535023
112.5,0.5877879131774368,0.5877879132953506,-24.132577792100896,-24.132577792062325,0.0009177911291989134,0.0009177911313762796,0.08480944244113077,0.0848094424416001
112.75,0.5879843068636863,0.5879843069821454,-24.111999471178805,-24.111999471140102,0.0006528877161007236,0.000652887718283211,0.07981714991088872,0.07981714991135937
113.0,0.5881164896302549,0.5881164897492608,-24.092667655200625,-24.09266765516179,0.0004041049441339474,0.0004041049463215567,0.07483740136999677,0.07483740137046874
113.25,0.5881871062423066,0.5881871063618607,-24.074580853732783,-24.074580853693817,0.00016035841171194572,0.0001603584139051591,0.06985703335334857,0.06985703335382187
113.5,0.5881962487322062,0.5881962488523096,-24.057739598808308,-24.05773959876921,-8.76883857144592e-05,-8.76883835161222e-05,0.06487302942849289,0.06487302942896753
113.75,0.5881448204704313,0.5881448205910853,-24.042146169192154,-24.042146169152925,-0.00032420898746570565,-0.0003242089852622442,0.05987442980008391,0.05987442980055985
114.0,0.5880320575936289,0.5880320577148349,-24.027800993640607,-24.027800993601247,-0.0005783642627835621,-0.0005783642605749748,0.054886998574244034,0.054886998574721284
114.25,0.5878571335203064,0.5878571336420657,-24.014703231172405,-24.01470323113291,-0.0008214989884833583,-0.0008214989862696446,0.04989512409431664,0.0498951240947952
114.5,0.5876207815111649,0.5876207816334788,-24.002853135898082,-24.00285313585845,-0.001069787531769243,-0.0010697875295504014,0.04490566150910736,0.04490566150958724
114.75,0.5873231499910208,0.5873231501138905,-23.992250812505663,-23.992250812465898,-0.001311735392765677,-0.0013117353905412249,0.039912948441288815,0.03991294844177001
115.0,0.5869617611792745,0.5869617613027014,-23.982898053309444,-23.982898053269547,-0.001579846919883574,-0.0015798469176539918,0.03490915040620841,0.03490915040669093
115.25,0.5865350955951014,0.5865350957190869,-23.97479479608255,-23.974794796042517,-0.0018339484909491118,-0.0018339484887143988,0.029916931365839852,0.029916931366323687
115.5,0.586043283852207,0.5860432839767523,-23.967938814432106,-23.96793881439194,-0.0021010156122665603,-0.0021010156100267144,0.024930947016991802,0.024930947017476952
115.75,0.5854854230830766,0.585485423208183,-23.96232952032502,-23.96232952028472,-0.002362340855860397,-0.0023623408536154176,0.019943430477628667,0.019943430478115136
116.0,0.584862441683593,0.5848624418092618,-23.95796702212359,-23.957967022083153,-0.0026219806027505,-0.002621980600499423,0.014956579612843857,0.014956579613331637
116.25,0.5841746543182076,0.5841746544444404,-23.954838191653167,-23.954838191612595,-0.0028807787543433335,-0.002880778752086158,0.010074088550229732,0.010074088550718827
116.5,0.583421779241007,0.5834217793678051,-23.952929158422336,-23.95292915838163,-0.0031426816850087867,-0.0031426816827464753,0.005198201988821938,0.0051982019893123494
116.75,0.5826030426164291,0.5826030427437939,-23.952239200268853,-23.95223920022801,-0.0034076712218880276,-0.003407671219620579,0.0003214882224478222,0.0003214882229395506
117.0,0.5817159499616057,0.5817159500895385,-23.95277060037431,-23.95277060033333,-0.00368953158187474,-0.003689531579602153,-0.004572662492099993,-0.0045726624916069426
117.25,0.5807667068517024,0.5807667069802045,-23.95447496500957,-23.95447496496845,-0.0039048367285454866,-0.003904836726267279,-0.009062234290821806,-0.009062234290327428
117.5,0.5797622985908963,0.5797622987199691,-23.957301221525398,-23.95730122148414,-0.004130852419898925,-0.004130852417615576,-0.013547796526865824,-0.013547796526370113
117.75,0.5787004898664946,0.5787004899961394,-23.96125067817272,-23.961250678131325,-0.004364041811290442,-0.004364041809000988,-0.018047834666438643,-0.01804783466594159
118.0,0.577580950781716,0.5775809509119343,-23.966323357854883,-23.966323357813348,-0.004592693964732685,-0.004592693962438088,-0.02253358123334425,-0.02253358123284585
118.25,0.5764035897061206,0.5764035898369136,-23.97246996937448,-23.972469969332806,-0.004826581916795196,-0.004826581914494973,-0.02663928887228009,-0.02663928887178034
118.5,0.5751677710033303,0.5751677711346995,-23.979643398327347,-23.979643398285535,-0.005060355286195877,-0.005060355283890027,-0.030748120710324477,-0.030748120709823377
118.75,0.5738735608840406,0.5738735610159874,-23.987842099612177,-23.987842099570226,-0.0052937117981986005,-0.0052937117958876045,-0.03484146756726887,-0.0348414675667664
119.0,0.5725210264988514,0.572521026631377,-23.997066711655023,-23.997066711612934,-0.0055269513641828145,-0.005526951361866672,-0.03895540678550126,-0.03895540678499741
119.25,0.5711139600860883,0.5711139602191941,-24.007274421361448,-24.00727442131922,-0.005729933794785142,-0.005729933792463369,-0.04270625172854948,-0.042706251728044264
119.5,0.569656249787728,0.5696562499214153,-24.018420950749608,-24.01842095070724,-0.005932103293109174,-0.005932103290782252,-0.0464659643160285,-0.04646596431552191
119.75,0.5681452002708294,0.5681452004050995,-24.030506204638268,-24.030506204595763,-0.006156646643582551,-0.006156646641250479,-0.05021604562313346,-0.050216045622625494
120.0,0.5665800612611482,0.5665800613960025,-24.043530060947642,-24.043530060905,-0.006364820060331979,-0.006364820057994757,-0.053974785225106965,-0.053974785224597616
120.25,0.5649646535133835,0.5649646536488232,-24.057447218656744,-24.05744721861396,-0.006558761571922093,-0.006558761569579718,-0.057362458162726025,-0.057362458162215295
120.5,0.5632985439023788,0.5632985440384052,-24.072213080061402,-24.072213080018475,-0.006770436320881295,-0.006770436318533286,-0.06076441311767763,-0.06076441311716551
120.75,0.5615783574004325,0.561578357537047,-24.087829198898035,-24.087829198854966,-0.0069913765335618905,-0.006991376531208728,-0.06416451674496067,-0.06416451674444713
121.0,0.5598042017232554,0.5598042018604593,-24.104295224453963,-24.104295224410752,-0.00720218964155561,-0.007202189639197292,-0.06756366782683795,-0.067563667826323
121.25,0.5579800224233592,0.5579800225611539,-24.121568067289104,-24.12156806724575,-0.007391533113254517,-0.0073915331108910425,-0.07061905700282675,-0.07061905700231037
121.5,0.5561094340606373,0.5561094341990239,-24.139604961109097,-24.139604961065597,-0.00757346230528548,-0.007573462302916366,-0.07367607640465897,-0.07367607640414117
121.75,0.5541916081621099,0.5541916083010899,-24.158405382120332,-24.158405382076687,-0.007769432858298388,-0.007769432855923635,-0.07672727320894061,-0.07672727320842139
122.0,0.5522241594365342,0.5522241595761092,-24.177967933005963,-24.177967932962172,-0.007970444424728924,-0.007970444422349008,-0.07977311492456522,-0.07977311492404457
122.25,0.550212912303362,0.550212912443533,-24.19825841823028,-24.198258418186345,-0.008119794839671195,-0.008119794837286117,-0.08255075278909134,-0.08255075278856926
122.5,0.548162313424003,0.5481623135647714,-24.219240976801053,-24.219240976756975,-0.008285256638369922,-0.00828525663597968,-0.0853097001772059,-0.08530970017668238
122.75,0.5460693692892797,0.5460693694306468,-24.240915860347062,-24.24091586030284,-0.00845855884137208,-0.00845855883897667,-0.0880893518517902,-0.08808935185126524
123.0,0.5439334175073444,0.5439334176493114,-24.26328332795999,-24.263283327915623,-0.008629316066446733,-0.008629316064046159,-0.09085037295247242,-0.090850372951946
123.25,0.5417520394315493,0.5417520395741175,-24.28630262690565,-24.286302626861136,-0.00882194021827829,-0.008821940215872548,-0.09330400045203505,-0.09330400045150719
123.5,0.5395215602510699,0.5395215603942407,-24.309934853409697,-24.30993485336504,-0.009022124550187978,-0.009022124547777068,-0.09575379270679821,-0.0957537927062689
123.75,0.5372433907293127,0.5372433908730874,-24.334177841196535,-24.33417784115173,-0.009203461684052915,-0.009203461681636835,-0.09819009249128023,-0.09819009249074946
124.0,0.5349175097071683,0.5349175098515482,-24.359029842908594,-24.359029842863645,-0.009403816514724973,-0.00940381651230324,-0.1006259023155709,-0.10062590231503868
124.25,0.5325489436292296,0.5325489437742159,-24.384459578989716,-24.384459578944618,-0.009544918591696016,-0.00954491858926911,-0.10281197303016083,-0.10281197302962715
124.5,0.5301459626767986,0.5301459628223927,-24.410436283148155,-24.41043628310291,-0.00967913585594057,-0.009679135853508493,-0.1050016475832169,-0.10500164758268175
124.75,0.5277085203582461,0.5277085205044494,-24.43695932885039,-24.436959328804996,-0.009820608713724008,-0.009820608711286758,-0.10718270469645394,-0.10718270469591734
125.0,0.5252363461945693,0.525236346341383,-24.464027011639736,-24.464027011594194,-0.009956990149481797,-0.009956990147039373,-0.10935874476014286,-0.10935874475960479
125.25,0.5227268028873301,0.5227268030347556,-24.49160326151464,-24.49160326146895,-0.010119535135336376,-0.010119535132888777,-0.1112512389142086,-0.11125123891366906
125.5,0.5201774823502988,0.5201774824983375,-24.519653222434652,-24.51965322238881,-0.010275208437366753,-0.010275208434913013,-0.11314843376886073,-0.11314843376831972
125.75,0.5175883145805011,0.5175883147291543,-24.548178919664252,-24.548178919618262,-0.010438314088076,-0.010438314085617082,-0.11505712869020022,-0.11505712868965774
126.0,0.5149598696637976,0.5149598698130666,-24.577182010411523,-24.577182010365384,-0.01058942578477784,-0.010589425782313741,-0.11696758304101375,-0.11696758304046978
126.25,0.5122987830717519,0.512298783221638,-24.606632029842636,-24.606632029796348,-0.010699424352482634,-0.010699424350013356,-0.11863256203710845,-0.118632562036563
126.5,0.5096083145654433,0.5096083147159478,-24.63649766090279,-24.63649766085635,-0.010824480625920799,-0.010824480623446339,-0.12029247465368263,-0.1202924746531357
126.75,0.5068887204785629,0.5068887206296873,-24.6667788221715,-24.666778822124908,-0.010932429418252468,-0.010932429415772346,-0.12195680531846984,-0.12195680531792141
127.0,0.5041411312607663,0.5041411314125117,-24.697475595102084,-24.69747559505534,-0.011048441322405839,-0.011048441319920535,-0.1236173671884738,-0.12361736718792388
127.25,0.501367176702805,0.5013671768551727,-24.728556891911325,-24.72855689186443,-0.011143329051584406,-0.011143329049093919,-0.1250329983393194,-0.12503299833876794
127.5,0.49856765466714675,0.49856765482013804,-24.759992319119853,-24.759992319072804,-0.011252981315844474,-0.011252981313348804,-0.12645040899076967,-0.12645040899021665
127.75,0.49574115742194763,0.4957411575755638,-24.791781627978164,-24.791781627930963,-0.011359130376999406,-0.011359130374498067,-0.1278640518678591,-0.1278640518673045
128.0,0.4928882191931421,0.49288821934738447,-24.82392408775203,-24.823924087704675,-0.011464508992977898,-0.01146450899047137,-0.12927561638784474,-0.12927561638728857
128.25,0.4900094830647919,0.4900094832196619,-24.85639483307208,-24.856394833024574,-0.011565495018897915,-0.011565495016385235,-0.13049033665147983,-0.1304903366509221
128.5,0.4871053505005074,0.4871053506560064,-24.889166594611982,-24.889166594564323,-0.01166767847531436,-0.01166767847279649,-0.13168374603377278,-0.1316837460332135
128.75,0.484175559536885,0.4841755596930144,-24.922238190588306,-24.922238190540494,-0.011770763335556666,-0.011770763333033125,-0.13288901205786524,-0.1328890120573044
129.0,0.4812219020352276,0.48122190219198874,-24.95561256884716,-24.955612568799193,-0.01185861188910225,-0.011858611886573518,-0.13410600573049752,-0.1341060057299351
129.25,0.47824415006633597,0.4782441502237302,-24.989266467461004,-24.989266467412882,-0.011963500426129547,-0.011963500423595622,-0.13512517329124307,-0.13512517329067908
129.5,0.4752418723681119,0.4752418725261405,-25.02317492044132,-25.023174920393046,-0.012054817548655429,-0.01205481754611631,-0.13614244194181047,-0.1361424419412449
129.75,0.47221629022311035,0.4722162903817746,-25.05733712346918,-25.057337123420748,-0.012149935576300662,-0.01214993557375635,-0.13715517331320204,-0.13715517331263488
130.0,0.46916563232998504,0.4691656324892862,-25.09175141864345,-25.091751418594864,-0.012255422714913583,-0.012255422712364076,-0.1381591781355394,-0.13815917813497067
130.25,0.4660922421049557,0.4660922422648952,-25.126394270438155,-25.12639427038941,-0.012331777306725165,-0.01233177730416998,-0.13898362902329023,-0.13898362902271988
130.5,0.4630023566732974,0.4630023568338766,-25.161245126653668,-25.161245126604765,-0.012387385797572035,-0.012387385795011651,-0.13982321545794368,-0.13982321545737175
130.75,0.45989753379097015,0.45989753395219024,-25.196305657993836,-25.196305657944777,-0.01245127674734053,-0.012451276744774947,-0.14066102923966797,-0.14066102923909443
131.0,0.45677598035539047,0.4567759805172528,-25.23157537932295,-25.231575379273735,-0.012521230027503365,-0.012521230024932582,-0.14149673479797373,-0.14149673479739858
131.25,0.4536360564685263,0.45363605663103224,-25.26703028704298,-25.26703028699361,-0.012598222454731295,-0.012598222452154828,-0.14214251970332586,-0.1421425197027491
131.5,0.4504780818091444,0.45047808197229533,-25.30264727572434,-25.30264727567481,-0.012665636689363394,-0.012665636686781724,-0.1427933833916359,-0.14279338339105754
131.75,0.4473039956500496,0.4473039958138468,-25.33842543345013,-25.33842543340044,-0.012727113288341278,-0.012727113285754404,-0.143431872618579,-0.14343187261799906
132.0,0.44411308766270335,0.44411308782714815,-25.37436544436738,-25.374365444317533,-0.012800213000595041,-0.012800212998002963,-0.144088207827484,-0.14408820782690243
132.25,0.44090676739268253,0.4409067675577762,-25.41045065142042,-25.41045065137041,-0.012850397306490288,-0.012850397303893006,-0.14459344386536166,-0.1445934438647785
132.5,0.4376851424443281,0.437685142610072,-25.446661795283408,-25.44666179523324,-0.012922650148786682,-0.012922650146183712,-0.14509570022644772,-0.1450957002258629
132.75,0.43444653260857674,0.43444653277497225,-25.48299953275418,-25.482999532703854,-0.01298627718496798,-0.012986277182359802,-0.14560619354090243,-0.145606193540316
133.0,0.43119160256323535,0.4311916027302838,-25.519462664547405,-25.519462664496913,-0.013053210146873231,-0.013053210144259846,-0.146098854494332,-0.14609885449374393
133.25,0.42792091310214275,0.4279209132698454,-25.5560300082693,-25.55603000821865,-0.013112338218139999,-0.013112338215521404,-0.14643988970615365,-0.14643988970556396
133.5,0.42463663782827404,0.4246366379966322,-25.592683204281435,-25.592683204230624,-0.013161897098975181,-0.013161897096351375,-0.146785673718446,-0.14678567371785467
133.75,0.4213400487991579,0.42134004896817284,-25.62942157680678,-25.629421576755806,-0.013210847304589742,-0.013210847301960723,-0.14712130186919603,-0.1471213018686031
134.0,0.41803130947132705,0.41803130964100016,-25.66624634119772,-25.666246341146582,-0.013259101364809863,-0.01325910136217563,-0.14747680870882737,-0.1474768087082328
134.25,0.41470983325286553,0.4147098334231981,-25.703141333925682,-25.70314133387438,-0.01331272836619385,-0.013312728363554403,-0.14768312805883296,-0.14768312805823675
134.5,0.411374154906849,0.4113741550778423,-25.740088581427603,-25.74008858137614,-0.013372718896532963,-0.013372718893888299,-0.14789484630054214,-0.1478948462999443
134.75,0.40802525972155673,0.40802525989321214,-25.77708849049374,-25.77708849044211,-0.013418462880505917,-0.013418462877856035,-0.14810442191572765,-0.14810442191512815
135.0,0.4046632914050904,0.40466329157740916,-25.81414177501543,-25.814141774963634,-0.013477304688231051,-0.013477304685575951,-0.1483218487100879,-0.14832184870948678
135.25,0.4012940731183639,0.40129407329134736,-25.851231230632866,-25.851231230580904,-0.013476448927887626,-0.013476448925227308,-0.14839379631002486,-0.1483937963094221
135.5,0.39792327618596296,0.39792327635961233,-25.88833788114113,-25.888337881089004,-0.013489933256383674,-0.013489933253718136,-0.14845940648472405,-0.14845940648411962
135.75,0.3945487698372478,0.3945487700115644,-25.925461232763073,-25.92546123271078,-0.013506124484165419,-0.01350612448149466,-0.14852740496424005,-0.14852740496363395
136.0,0.3911727664082359,0.3911727665832211,-25.962601425904037,-25.962601425851577,-0.013501909779931638,-0.013501909777255655,-0.14859414056076267,-0.1485941405601549
136.25,0.38779691142936246,0.3877969116050175,-25.999745328359374,-25.999745328306748,-0.01350492709696136,-0.013504927094280155,-0.14855707879740776,-0.14855707879679836
136.5,0.3844182858081857,0.38441828598451194,-26.03687786895501,-26.036877868902216,-0.013524073337445701,-0.01352407333475927,-0.14850324416248845,-0.14850324416187738
136.75,0.3810374849428437,0.3810374851198425,-26.07399673000135,-26.07399672994839,-0.01352232888421189,-0.01352232888151975,-0.1484476443726637,-0.14844764437205096
137.0,0.3776557159620114,0.3776557161396842,-26.111102417252262,-26.111102417199135,-0.013531818809118407,-0.01353181880642104,-0.14839785273985026,-0.14839785273923586
137.25,0.3742730575661881,0.3742730577445361,-26.148180266949506,-26.14818026689621,-0.013529432596833852,-0.013529432594131257,-0.1482249450630089,-0.14822494506239284
137.5,0.3708916985665698,0.37089169874559447,-26.185217879190567,-26.1852178791371,-0.013521425894106365,-0.013521425891397577,-0.14807595362028886,-0.14807595361967113
137.75,0.36751121523188063,0.36751121541158344,-26.222217122433214,-26.222217122379575,-0.013522426431568337,-0.013522426428854319,-0.14791799222649438,-0.14791799222587498
138.0,0.3641324580841259,0.3641324582645082,-26.259178060816865,-26.259178060763055,-0.013507617292644247,-0.013507617289924516,-0.147769516238863,-0.14776951623824192
138.25,0.3607555271959916,0.36075552737705463,-26.29608703947494,-26.296087039420964,-0.013507805160642776,-0.013507805157917812,-0.14750231300798616,-0.14750231300736338
138.5,0.35737987857745285,0.357379878759198,-26.33292763264238,-26.332927632588234,-0.013497357940530481,-0.013497357937800282,-0.147222433316436,-0.14722243331581153
138.75,0.35400640132766115,0.35400640151008983,-26.369697405165283,-26.369697405110966,-0.013490433568635761,-0.013490433565899844,-0.14693574751955046,-0.1469357475189243
139.0,0.3506334374508972,0.3506334376340108,-26.406396722167642,-26.40639672211315,-0.01349325187324701,-0.013493251870505856,-0.1466587882335383,-0.14665878823291045
139.25,0.34726265545072926,0.34726265563452907,-26.443016406034577,-26.443016405979915,-0.013472970716624986,-0.013472970713878112,-0.14629868461399836,-0.1462986846133688
139.5,0.343896596323804,0.34389659650829135,-26.479548686497868,-26.47954868644303,-0.013455470864532349,-0.013455470861780235,-0.1459595607421549,-0.14595956074152366
139.75,0.34053629992792356,0.3405363001130999,-26.515996110245034,-26.515996110190024,-0.013426868810309932,-0.013426868807552577,-0.14561983193172423,-0.1456198319310913
140.0,0.33718379888285255,0.33718379906871915,-26.55235663499498,-26.552356634939798,-0.013393106573411884,-0.013393106570648806,-0.14526436925090394,-0.1452643692502693
140.25,0.33383545917060914,0.3338354593571674,-26.588622824085153,-26.5886228240298,-0.013393574021009843,-0.013393574018241523,-0.1448651434263682,-0.14486514342573187
140.5,0.3304869096883944,0.33048690987564566,-26.62478788381011,-26.624787883754585,-0.013394783735412698,-0.013394783732639134,-0.1444553342591768,-0.14445533425853876
140.75,0.3271379468369833,0.3271379470249288,-26.660851147793863,-26.660851147738164,-0.013396881469838827,-0.013396881467060017,-0.1440507774130048,-0.14405077741236502
141.0,0.3237859737632084,0.32378597395184955,-26.696814361521614,-26.69681436146574,-0.013418866335966576,-0.013418866333182037,-0.1436549303362053,-0.1436549303355638
141.25,0.32043208839813303,0.3204320885874712,-26.732664970848585,-26.732664970792538,-0.013412169510924533,-0.013412169508134748,-0.14314994491088692,-0.14314994491024371
141.5,0.3170817100457679,0.31708171023580445,-26.76839101362509,-26.76839101356887,-0.01339081150083823,-0.013390811498042714,-0.14265839931474997,-0.14265839931410504
141.75,0.31373442156775094,0.3137344217584872,-26.803992309656866,-26.80399230960047,-0.013387449112329591,-0.013387449109528826,-0.142151969256412,-0.14215196925576534
142.0,0.31038884503645514,0.31038884522789245,-26.839469569149628,-26.839469569093055,-0.013377117866000966,-0.01337711786319495,-0.1416661076596443,-0.1416661076589959
142.25,0.3070483928237567,0.30704839301589637,-26.87481725503879,-26.874817254982037,-0.013346448447343881,-0.013346448444532612,-0.1411153823451114,-0.14111538234446125
142.5,0.30371511839906634,0.30371511859190975,-26.910027422369964,-26.910027422313036,-0.013319695683521416,-0.013319695680704895,-0.14056595882649403,-0.14056595882584214
142.75,0.300388429001563,0.3003884291951115,-26.9451014770246,-26.945101476967494,-0.013293769166466,-0.013293769163643741,-0.14002648085489383,-0.1400264808542402
143.0,0.2970702566580657,0.29707025685232064,-26.980039401940786,-26.980039401883502,-0.01325155829972211,-0.013251558296894596,-0.139476922454189,-0.1394769224535336
143.25,0.29376200859254153,0.29376200878750436,-27.01483263662875,-27.01483263657129,-0.013214369434590215,-0.01321436943175648,-0.1388689585556603,-0.13886895855500317
143.5,0.2904621701292118,0.290462170324884,-27.04947269797486,-27.04947269791722,-0.01318428058896387,-0.013184280586124877,-0.13825153504994908,-0.1382515350492902
143.75,0.2871720597603523,0.28717205995673506,-27.083958975768265,-27.083958975710445,-0.013136545109101403,-0.01313654510625715,-0.13763869179775076,-0.13763869179709012
144.0,0.28389335722760756,0.28389335742470223,-27.1182919328959,-27.118291932837902,-0.013093017815327294,-0.01309301781247778,-0.13702496932705116,-0.13702496932638877
144.25,0.2806265557321519,0.2806265559299599,-27.15246530135919,-27.15246530130101,-0.01304133216428491,-0.013041332161429652,-0.1363619832521484,-0.13636198325148424
144.5,0.27737308579960684,0.2773730859981295,-27.186471254423914,-27.186471254365557,-0.012986364051195241,-0.01298636404833472,-0.13568564644802433,-0.13568564644735842
144.75,0.27413057471090396,0.27413057491014264,-27.22030808750189,-27.220308087443353,-0.012953661384604942,-0.012953661381739156,-0.13500902125896955,-0.13500902125830186
145.0,0.2708960519136623,0.2708960521136183,-27.2539777353543,-27.25397773529558,-0.012922459204884239,-0.012922459202013186,-0.1343481645020109,-0.13434816450134143
145.25,0.26767172888612184,0.2676717290867965,-27.287472804837513,-27.287472804778613,-0.012872056162653099,-0.01287205615977678,-0.1336123961156639,-0.13361239611499265
145.5,0.2644609572269756,0.2644609574283702,-27.32078299333729,-27.320782993278208,-0.012814047547479782,-0.012814047544598195,-0.13286911735157456,-0.13286911735090154
145.75,0.2612658218775097,0.26126582207962556,-27.353908177007597,-27.35390817694833,-0.012746966297394477,-0.012746966294507622,-0.13213235833527823,-0.13213235833460343
146.0,0.25808592907307726,0.2580859292759158,-27.38684871402412,-27.386848713964667,-0.012692106840050392,-0.012692106837157784,-0.1313919429690043,-0.13139194296832774
146.25,0.2549171761386224,0.254917176342185,-27.41960178813669,-27.419601788077056,-0.01265784555629861,-0.01265784555340073,-0.13063265316167894,-0.13063265316100056
146.5,0.2517582785319604,0.2517582787362484,-27.452166957641506,-27.45216695758169,-0.012613265662745763,-0.01261326565984261,-0.12988870707980935,-0.12988870707912917
146.75,0.24861036633842531,0.24861036654343996,-27.484545108233938,-27.484545108173936,-0.012569961470839539,-0.012569961467930149,-0.12913650174233293,-0.12913650174165095
147.0,0.2454740935353037,0.24547409374104645,-27.516734247224377,-27.51673424716419,-0.012520149813356956,-0.012520149810442291,-0.1283766148774041,-0.1283766148767203
147.25,0.2423502093510636,0.2423502095575358,-27.54872562108629,-27.54872562102592,-0.012470846639662863,-0.012470846636742921,-0.12755438066618785,-0.1275543806655023
147.5,0.2392411220464811,0.23924112225368407,-27.580513086031715,-27.580513085971155,-0.012401776018133543,-0.012401776015208322,-0.12674534540915336,-0.126745345408466
147.75,0.2361496631469454,0.23614966335488052,-27.61209720647551,-27.612097206414767,-0.012329818577619958,-0.012329818574688976,-0.12592762492535425,-0.12592762492466508
148.0,0.23307405562359,0.23307405583225868,-27.643476892412668,-27.643476892351735,-0.012274965002695407,-0.012274964999758664,-0.1251098677434578,-0.12510986774276683
148.25,0.23001407927919343,0.2300140794885971,-27.67465199890271,-27.67465199884159,-0.012204769037875988,-0.012204769034933963,-0.12429099079493053,-0.12429099079423779
148.5,0.22697078310344526,0.22697078331358522,-27.7056234335544,-27.70562343349309,-0.012141524440772369,-0.01214152443782506,-0.12348049238125856,-0.12348049238056406
148.75,0.2239449304722304,0.22394493068310814,-27.736391109045137,-27.73639110898364,-0.012065219823201221,-0.012065219820247181,-0.12266091873860525,-0.12266091873790899
149.0,0.22093586588954903,0.22093586610116606,-27.766955878335885,-27.7669558782742,-0.012007221548498346,-0.01200722154553902,-0.12185724105544558,-0.12185724105474754
149.25,0.21794360653023265,0.21794360674259028,-27.79731098580095,-27.797310985739077,-0.011930771439846242,-0.01193077143688163,-0.12098362587278617,-0.12098362587208636
149.5,0.21497169877236397,0.21497169898546353,-27.82744886643002,-27.827448866367956,-0.011844409621464002,-0.011844409618494102,-0.12011942730194575,-0.12011942730124416
149.75,0.2120205680568672,0.21202056827071,-27.85736954219573,-27.857369542133476,-0.011764554226170402,-0.011764554223195212,-0.11924598635248508,-0.11924598635178171
150.0,0.20908961735135,0.2090896175659375,-27.88707221187618,-27.887072211813738,-0.0116829698055312,-0.011682969802549757,-0.11837537878288683,-0.11837537878218167
150.25,0.2061787310712401,0.2061787312865737,-27.916555194879866,-27.91655519481723,-0.011604037284953662,-0.011604037281966928,-0.11748849268832684,-0.11748849268761989
150.5,0.2032872754858436,0.20328727570192467,-27.945817502770286,-27.94581750270746,-0.011527525033942864,-0.011527525030950838,-0.11660997764859674,-0.11660997764788801
150.75,0.20041525711125746,0.20041525732808743,-27.97486019982785,-27.974860199764834,-0.011448539608904311,-0.011448539605906027,-0.11573160625866422,-0.1157316062579537
151.0,0.1975627825279867,0.19756278274556716,-28.003684471276078,-28.003684471212868,-0.01137117558066142,-0.011371175577656878,-0.11486257262099678,-0.11486257262028447
151.25,0.19472530245042038,0.19472530266875282,-28.03229015784219,-28.03229015777879,-0.011328582560076052,-0.01132858255706573,-0.11398292392354462,-0.1139829239228305
151.5,0.19189861601774474,0.19189861623683052,-28.06067596398806,-28.060675963924467,-0.01128482644376996,-0.01128482644075434,-0.11310352936871473,-0.11310352936799882
151.75,0.18908326496655314,0.1890832651863936,-28.088839129552277,-28.08883912948849,-0.011237897400610956,-0.01123789739759004,-0.11220179956945367,-0.11220179956873595
152.0,0.18628070013336875,0.18628070035396532,-28.116776626123468,-28.116776626059487,-0.01118253651933017,-0.01118253651630299,-0.11129817821947036,-0.11129817821875082
152.25,0.18349542198743787,0.183495422208792,-28.1444899073549,-28.144489907290723,-0.011099605174733608,-0.011099605171701126,-0.11040807945073397,-0.11040807945001262
152.5,0.18073137929290367,0.1807313795150167,-28.171981452252684,-28.171981452188312,-0.011012653499409955,-0.011012653496372168,-0.10952428792933117,-0.109524287928608
152.75,0.17798839382078627,0.17798839404365951,-28.199252683056635,-28.199252682992068,-0.010931147870011936,-0.010931147866968844,-0.10864556618660172,-0.10864556618587673
153.0,0.17526563419948804,0.17526563442312282,-28.22630497556864,-28.22630497550388,-0.010850847249367617,-0.010850847246319219,-0.1077727814801767,-0.1077727814794499
153.25,0.1725632281782549,0.17256322840265256,-28.25313698181458,-28.253136981749623,-0.010768317489816161,-0.010768317486762454,-0.10688327626822589,-0.10688327626749726
153.5,0.16988073269474252,0.16988073291990438,-28.279744620784903,-28.27974462071975,-0.01069156144268465,-0.010691561439625635,-0.10597784273090571,-0.10597784273017527
153.75,0.16721754280002446,0.16721754302595188,-28.306128056160198,-28.306128056094845,-0.010613874401618945,-0.01061387439855462,-0.1050896475957558,-0.10508964759502352
154.0,0.16457505522913057,0.16457505545582485,-28.332288937231493,-28.33228893716594,-0.010525942467584329,-0.010525942464514692,-0.10419740926480608,-0.10419740926407196
154.25,0.16195284452258024,0.16195284475004285,-28.3582252855908,-28.35822528552505,-0.010451658372405503,-0.010451658369329592,-0.10329338461315789,-0.10329338461242192
154.5,0.15934926573281913,0.15934926596105148,-28.38393416234474,-28.38393416227879,-0.010376886024992312,-0.010376886021911088,-0.1023776364678598,-0.102377636467122
154.75,0.15676422535512996,0.15676422558413342,-28.40941570344914,-28.409415703382994,-0.010303352280689853,-0.010303352277603314,-0.10147469930009573,-0.10147469929935608
155.0,0.15419708899827786,0.15419708922805372,-28.43467126150128,-28.434671261434932,-0.010233653667771223,-0.010233653664679366,-0.10056977168818046,-0.10056977168743896
155.25,0.1516480630082623,0.15164806323881197,-28.459699093849736,-28.45969909378319,-0.010158468216457894,-0.010158468213360238,-0.09965289418793888,-0.09965289418719553
155.5,0.1491183934221472,0.14911839365347207,-28.484497504696552,-28.484497504629804,-0.010078802281057696,-0.010078802277954721,-0.09873440009747385,-0.09873440009672865
155.75,0.14660706084303168,0.14660706107513313,-28.509067607875995,-28.509067607809047,-0.01001177314989166,-0.010011773146782884,-0.09782643165755872,-0.09782643165681167
156.0,0.1441126526812004,0.14411265291407982,-28.53340938274061,-28.53340938267346,-0.009943405932262846,-0.009943405929148748,-0.09690777370501145,-0.09690777370426254
156.25,0.1416391884252924,0.14163918865895125,-28.55752477122141,-28.55752477115406,-0.009844224371920396,-0.009844224368800012,-0.09601534349221802,-0.09601534349146723
156.5,0.13918886142611256,0.13918886166055228,-28.581416612859645,-28.581416612792093,-0.009758307543286488,-0.00975830754016078,-0.09511939771388701,-0.09511939771313437
156.75,0.13675956461952982,0.13675956485475174,-28.605082202348367,-28.605082202280613,-0.009675981118851554,-0.00967598111572052,-0.0942053259576179,-0.09420532595686337
157.0,0.1343503942139402,0.13435039444994573,-28.628519869765746,-28.62851986969779,-0.009597296781518919,-0.009597296778382077,-0.0932960207997664,-0.09329602079901
157.25,0.13196381470412438,0.13196381494091494,-28.651731372201223,-28.651731372133064,-0.009495254825164334,-0.009495254822021683,-0.09239600830456107,-0.0923960083038028
157.5,0.1296015921657788,0.12960159240335578,-28.674719799110335,-28.674719799041974,-0.009402442459657668,-0.009402442456509688,-0.09151141571868623,-0.09151141571792609
157.75,0.12726111250194216,0.12726111274030694,-28.697486478032133,-28.697486477963565,-0.009321311373083431,-0.00932131136993012,-0.09062202330471118,-0.09062202330394915
158.0,0.12494095521401,0.12494095545316387,-28.720032209580413,-28.72003220951164,-0.009239864505666412,-0.009239864502507286,-0.08974383676033226,-0.08974383675956836
158.25,0.12264255120454479,0.12264255144448917,-28.742354241677155,-28.742354241608176,-0.009147282009728384,-0.009147282006563924,-0.08883242874226628,-0.08883242874150048
158.5,0.12036724595903318,0.1203672461997694,-28.76444856894978,-28.764448568880596,-0.009055074501348565,-0.00905507449817877,-0.0879221981320635,-0.0879221981312958
158.75,0.1181137925847067,0.11811379282623609,-28.78631348417511,-28.78631348410572,-0.008972465637999184,-0.008972465634824053,-0.08699713145892245,-0.08699713145815284
159.0,0.11588185368365109,0.11588185392597498,-28.807949437094326,-28.807949437024728,-0.008882960449853025,-0.008882960446672559,-0.08609050033333454,-0.08609050033256303
159.25,0.11367057371862473,0.11367057396174447,-28.82935720145125,-28.82935720138144,-0.008807192991754762,-0.008807192988568956,-0.08517162166537919,-0.08517162166460578
159.5,0.11147767833623992,0.11147767858015685,-28.850535928450363,-28.850535928380346,-0.00873588430036751,-0.008735884297176364,-0.08425820105049604,-0.08425820104972073
159.75,0.10930302776522222,0.10930302800993777,-28.871485695799713,-28.87148569572949,-0.008661234041990963,-0.008661234038793514,-0.08333994478231957,-0.08333994478154236
160.0,0.1071492424975558,0.10714924274307144,-28.892207147697356,-28.892207147626923,-0.008568962812136663,-0.008568962808933872,-0.08243167909814639,-0.08243167909736726
160.25,0.10501703232338896,0.10501703256970617,-28.912703661430527,-28.912703661359885,-0.008488634895661915,-0.008488634892452817,-0.08154043834051401,-0.08154043833973297
160.5,0.1029043788266111,0.10290437907373143,-28.93297798723001,-28.93297798715916,-0.008412509859191576,-0.00841250985597617,-0.08065417523242109,-0.08065417523163813
160.75,0.10081211956018357,0.10081211980810853,-28.953031811771783,-28.953031811700722,-0.008325481852601117,-0.008325481849379883,-0.07977642930675698,-0.0797764293059721
161.0,0.09874101047069625,0.09874101071942724,-28.9728658974878,-28.97286589741653,-0.00824330821220131,-0.008243308208974728,-0.07889626416870536,-0.07889626416791856
161.25,0.09668882659348262,0.0966888268430211,-28.992483566517308,-28.992483566445827,-0.008174082885101483,-0.008174082881868588,-0.07804509459391189,-0.07804509459312316
161.5,0.09465327655192339,0.0946532768022709,-29.0118859380654,-29.01188593799371,-0.008110235634808522,-0.008110235631569795,-0.07717388381033277,-0.07717388380954211
161.75,0.09263471417697632,0.09263471442813423,-29.031072637982625,-29.03107263791072,-0.008038183156903338,-0.00803818315365926,-0.07631972232054106,-0.07631972231974846
162.0,0.09063332984182657,0.09063333009379623,-29.050046048276236,-29.05004604820412,-0.007972811502748043,-0.007972811499498612,-0.07546756619155781,-0.07546756619076328
162.25,0.08865106117309791,0.08865106142588067,-29.068806572556642,-29.068806572484313,-0.007885257938087155,-0.00788525793483237,-0.07461663630622781,-0.07461663630543133
162.5,0.08668928417559735,0.08668928442919452,-29.087355735544786,-29.087355735472244,-0.007808879163749736,-0.0078088791604895985,-0.07377667479989213,-0.07377667479909371
162.75,0.08474900747253342,0.08474900772694646,-29.105695698865393,-29.105695698792637,-0.0077132561757131835,-0.007713256172446729,-0.07294304078029926,-0.0729430407794989
163.0,0.08283096759376059,0.08283096784899098,-29.123827382413758,-29.123827382340785,-0.007630984662840332,-0.007630984659568522,-0.07211043536316093,-0.07211043536235862
163.25,0.08093473334560981,0.08093473360165888,-29.141747686524532,-29.141747686451343,-0.007538808692572204,-0.007538808689295037,-0.07125200621337499,-0.07125200621257072
163.5,0.07905915208809294,0.0790591523449621,-29.15945340236245,-29.159453402289046,-0.007465760748636361,-0.007465760745353355,-0.0703937273769049,-0.07039372737609867
163.75,0.07720395566732376,0.07720395592501444,-29.17694376836818,-29.17694376829456,-0.00737572940707686,-0.007375729403788013,-0.06952920915708272,-0.06952920915627452
164.0,0.07537182829182781,0.07537182855034144,-29.19421782841703,-29.194217828343195,-0.007281208249749289,-0.007281208246455081,-0.06866328014518348,-0.06866328014437333
164.25,0.07355922630248984,0.07355922656182787,-29.211280364451323,-29.21128036437727,-0.007219530054120961,-0.007219530050820429,-0.06783701394415542,-0.0678370139433433
164.5,0.07176136876446623,0.07176136902463011,-29.228133690934243,-29.228133690859973,-0.007163250643358646,-0.007163250640052751,-0.06698960322520078,-0.06698960322438668
164.75,0.06997861387265966,0.0699786141336508,-29.244777165917952,-29.244777165843463,-0.007098710391421073,-0.0070987103881093305,-0.06615820272930234,-0.06615820272848627
165.0,0.06821095322195998,0.06821095348377978,-29.26121322218484,-29.26121322211013,-0.007042497037400935,-0.007042497034083826,-0.06533025270555745,-0.06533025270473941
165.25,0.06646271400539625,0.06646271426804617,-29.277441570140812,-29.277441570065886,-0.006943338371944883,-0.0069433383686214436,-0.0644965402909161,-0.06449654029009608
165.5,0.06473753931494737,0.06473753957842901,-29.293462581208107,-29.29346258113296,-0.0068579816477120185,-0.006857981644382246,-0.06367155629486311,-0.06367155629404109
165.75,0.0630357544326464,0.06303575469696121,-29.30927660144396,-29.30927660136859,-0.006756219341379542,-0.006756219338044399,-0.06284061518610368,-0.06284061518527967
166.0,0.06135798754922921,0.06135798781437857,-29.32488460393989,-29.3248846038643,-0.006665838948140972,-0.0066658389447999756,-0.062023413302412296,-0.062023413301586325
166.25,0.059700284244600166,0.05970028451058547,-29.34029047848513,-29.340290478409322,-0.0065957123462956615,-0.0065957123429492915,-0.061223589671031635,-0.06122358967020369
166.5,0.05805972557616098,0.05805972584298358,-29.355497478831985,-29.355497478755957,-0.006528682671724856,-0.006528682668373112,-0.06043241942334433,-0.06043241942251442
166.75,0.05643589458150302,0.05643589484916425,-29.37050685691726,-29.37050685684101,-0.006461891081815565,-0.006461891078458445,-0.05964261155594016,-0.05964261155510827
167.0,0.05482926109796148,0.0548292613664627,-29.38531745535977,-29.385317455283296,-0.006391101578685379,-0.006391101575322881,-0.0588421826581353,-0.058842182657301435
167.25,0.05324186319440164,0.05324186346374424,-29.39993355332422,-29.399933553247525,-0.006308010667851117,-0.006308010664482759,-0.05808660889128376,-0.05808660889044791
167.5,0.05167587583417152,0.05167587610435696,-29.414358491316626,-29.414358491239707,-0.00621981551914955,-0.0062198155157753305,-0.05731290336298804,-0.057312903362150204
167.75,0.050131015727947245,0.050131015998977006,-29.428591237374217,-29.428591237297073,-0.006138993563433549,-0.006138993560053467,-0.05654907271761792,-0.056549072716778094
168.0,0.048607630184946744,0.04860763045682229,-29.442633642515354,-29.442633642437986,-0.00604801947519022,-0.0060480194718042736,-0.05579017698851159,-0.05579017698766977
168.25,0.0471011607142927,0.04710116098701555,-29.456484021537097,-29.456484021459502,-0.006003663245129338,-0.006003663241737045,-0.05501285936729841,-0.05501285936645459
168.5,0.045607022972255815,0.0456070232458275,-29.470141320400764,-29.470141320322945,-0.005949366586606089,-0.005949366583207929,-0.05424553666109393,-0.05424553666024811
168.75,0.04412538253932441,0.04412538281374634,-29.48360809704212,-29.483608096964073,-0.005903685757103818,-0.00590368575370027,-0.0534886807764919,-0.05348868077564409
169.0,0.042655555844739304,0.042655556120012886,-29.49688566671059,-29.496885666632316,-0.005854856683252008,-0.005854856679842591,-0.05273188117484551,-0.05273188117399569
169.25,0.04120223116934709,0.041202231445473726,-29.509981360396782,-29.50998136031828,-0.0057716751252503955,-0.005771675121835589,-0.052033676157043504,-0.05203367615619168
169.5,0.0397712518876102,0.039771252164591236,-29.5229016801815,-29.522901680102773,-0.005676092910067588,-0.00567609290664739,-0.0513288911321928,-0.05132889113133896
169.75,0.038364500578111936,0.03836450085594884,-29.535646570319006,-29.53564657024005,-0.0055778519216992785,-0.005577851918272724,-0.05063023923001427,-0.05063023922915842
170.0,0.036981495858508136,0.036981496137202384,-29.548217135800936,-29.54821713572175,-0.005486120442230614,-0.0054861204387986655,-0.04993429327384931,-0.04993429327299143
170.25,0.03562059173606057,0.0356205920156135,-29.5606143980394,-29.560614397959984,-0.005401047656188492,-0.005401047652751148,-0.04924381265451661,-0.04924381265365671
170.5,0.03428114299865046,0.03428114327906344,-29.57283945508412,-29.572839455004477,-0.005314477671493596,-0.005314477668050855,-0.048556651865060946,-0.04855665186419902
170.75,0.03296211864948965,0.03296211893076402,-29.584895031354655,-29.58489503127478,-0.005237654288709312,-0.005237654285261173,-0.047887965542103846,-0.047887965541239884
171.0,0.0316631866242107,0.03166318690634781,-29.596782367795875,-29.596782367715768,-0.005153738271566535,-0.005153738268112996,-0.047210733899231666,-0.04721073389836567
171.25,0.030387032034816713,0.030387032317817902,-29.60850093947726,-29.608500939396922,-0.0050554352077818564,-0.005055435204322917,-0.04653784881985501,-0.04653784881898698
171.5,0.02913419914757625,0.02913419943144298,-29.62004872454984,-29.62004872446927,-0.004967162715625239,-0.004967162712159933,-0.045844440083097696,-0.04584444008222763
171.75,0.027905016035686132,0.02790501632041988,-29.631425414511966,-29.631425414431163,-0.004866238703693029,-0.004866238700222319,-0.0451690891290218,-0.04516908912814969
172.0,0.026699911089929123,0.02669991137553136,-29.64263176957963,-29.642631769498593,-0.004774536253404496,-0.004774536249927417,-0.04448176005797579,-0.04448176005710164
172.25,0.02551414955320567,0.025514149839677865,-29.65366823270351,-29.65366823262224,-0.0047114928915536125,-0.004711492888071126,-0.04380995087677459,-0.04380995087589839
172.5,0.02434248079927846,0.024342481086621966,-29.664536109165756,-29.664536109084253,-0.004661793510193938,-0.0046617935067060435,-0.04313306550681216,-0.043133065505933904
172.75,0.023184295366308564,0.023184295654524737,-29.675236518836442,-29.675236518754705,-0.0046036276451734155,-0.004603627641680111,-0.042470217342531855,-0.042470217341651545
173.0,0.02204130318973131,0.02204130347882156,-29.685771755100927,-29.685771755018955,-0.004540247862930735,-0.004540247859431538,-0.041811678748768774,-0.041811678747886404
173.25,0.020915580361832175,0.020915580651797917,-29.6961483292415,-29.696148329159293,-0.004465477357830127,-0.0044654773543255175,-0.04120092142516518,-0.04120092142428075
173.5,0.019808456789872864,0.01980845708071551,-29.70637087152757,-29.70637087144513,-0.0043914527998388225,-0.004391452796328317,-0.04057942384243069,-0.04057942384154419
173.75,0.018720704487493196,0.01872070477921422,-29.716439593856716,-29.716439593774037,-0.004310508370581995,-0.0043105083670655926,-0.03997036242214215,-0.03997036242125358
174.0,0.017652181130680712,0.017652181423281586,-29.726355139965982,-29.726355139883065,-0.004237620545138528,-0.004237620541616228,-0.039354013323831115,-0.03935401332294047
174.25,0.01659846636722378,0.01659846666070592,-29.73611844185717,-29.736118441774014,-0.004192041011240715,-0.004192041007712995,-0.03875240610285877,-0.03875240610196606
174.5,0.015556339417881808,0.015556339712246564,-29.745731039099834,-29.745731039016444,-0.0041449178019607735,-0.0041449177984276345,-0.03814837628121609,-0.03814837628032129
174.75,0.014527822165759485,0.014527822461008331,-29.75519156255857,-29.75519156247494,-0.004083162627163807,-0.004083162623624284,-0.03753581721090491,-0.03753581721000803
175.0,0.013514473747546402,0.013514474043680814,-29.76449802775779,-29.76449802767392,-0.004023566435473341,-0.004023566431928394,-0.03691591000155063,-0.03691591000065166
175.25,0.012513624079424987,0.012513624376446321,-29.773654653341158,-29.773654653257047,-0.003983176498954394,-0.003983176495404023,-0.03633709847332215,-0.036337098472421094
175.5,0.011524182111722252,0.011524182409631866,-29.78266694427341,-29.78266694418906,-0.003932305108128071,-0.003932305104572275,-0.03576123378081382,-0.03576123377991067
175.75,0.01054542522380107,0.01054542552260032,-29.79153373410052,-29.79153373401593,-0.0038976947011340026,-0.0038976946975727805,-0.03517308809908713,-0.035173088098181884
176.0,0.009576017036968814,0.009576017336659175,-29.8002540924885,-29.800254092403673,-0.003857515954274268,-0.0038575159507066555,-0.03458978279280336,-0.03458978279189601
176.25,0.008620394737011691,0.008620395037594642,-29.808832077079483,-29.808832076994413,-0.0037874102082445468,-0.003787410204671506,-0.03403410054461043,-0.03403410054370098
176.5,0.007682697108397112,0.007682697409874187,-29.81727076901196,-29.817270768926647,-0.0037141183000427374,-0.003714118296462822,-0.03347544182514022,-0.03347544182422866
176.75,0.006763934485511352,0.006763934787884089,-29.825570090260918,-29.82557009017536,-0.0036359303811731468,-0.0036359303775878,-0.03291913553806244,-0.032919135537148765
177.0,0.005865188540048311,0.005865188843318128,-29.83372867959779,-29.833728679511992,-0.003553983628960619,-0.0035539836253693576,-0.03234958688284519,-0.03234958688192941
177.25,0.004987421219035831,0.004987421523204147,-29.84175138142786,-29.84175138134182,-0.0034681062845772744,-0.0034681062809805785,-0.03183203585421536,-0.03183203585329746
177.5,0.0041296554288331325,0.004129655733901367,-29.84964347218861,-29.849643472102326,-0.0033939704565014743,-0.003393970452898861,-0.031304697221304904,-0.03130469722038488
177.75,0.0032895489903527766,0.003289549296322467,-29.857404397723524,-29.857404397636994,-0.003326831972826616,-0.0033268319692176017,-0.03078271338780622,-0.03078271338688409
178.0,0.002468467072086045,0.002468467378958731,-29.865034484932277,-29.865034484845502,-0.003241774033678957,-0.0032417740300640222,-0.030257992301468667,-0.030257992300544424
178.25,0.001664291682410048,0.0016642919901872096,-29.872530087684563,-29.872530087597543,-0.003191577248922867,-0.00319157724530201,-0.02970683444934248,-0.02970683444841612
178.5,0.0008739954069690534,0.0008739957156521708,-29.87988783400733,-29.879887833920066,-0.0031307410671638663,-0.003130741063537086,-0.029155141868407865,-0.029155141867479386
178.75,9.664363546482927e-05,9.664394505532286e-05,-29.88710716693271,-29.8871071668452,-0.003088020845426709,-0.0030880208417944856,-0.028599525562277454,-0.02859952556134685
179.0,-0.0006706336631704034,-0.000670633352671112,-29.894190422489245,-29.89419042240149,-0.0030501474145855877,-0.0030501474109474376,-0.028066522460677885,-0.028066522459745155
179.25,-0.0014246475820146739,-0.001424647270605283,-29.901141915498147,-29.901141915410147,-0.0029819149277343486,-0.002981914924091715,-0.02754542804349195,-0.02754542804255709
179.5,-0.0021609979609524934,-0.0021609976486318206,-29.907963640826605,-29.90796364073836,-0.002908839474141218,-0.002908839470493618,-0.02702838147371528,-0.027028381472778286
179.75,-0.0028785164874046173,-0.0028785161741714214,-29.91465768114459,-29.914657681056095,-0.0028312612940417188,-0.0028312612903891514,-0.026523948384226607,-0.026523948383287477
180.0,-0.00357954175523019,-0.0035795414410832284,-29.921223080214308,-29.921223080125564,-0.0027768914918007226,-0.002776891488143186,-0.025999249299482618,-0.02599924929854135
180.25,-0.0042669441463665395,-0.004266943831304568,-29.927663307189544,-29.927663307100552,-0.002722282805836001,-0.0027222828021734938,-0.025522571650887352,-0.025522571649943943
180.5,-0.004939730491915174,-0.004939730175936951,-29.933982998048204,-29.93398299795896,-0.0026599620939998805,-0.002659962090332401,-0.02503496109395995,-0.025034961093014396
180.75,-0.005598035738661661,-0.005598035421765942,-29.94018117968223,-29.940181179592734,-0.002606434309754556,-0.0026064343060821027,-0.02455049702481383,-0.02455049702386613
181.0,-0.006243017566339328,-0.00624301724852493,-29.946260308667153,-29.946260308577404,-0.002553376295597469,-0.0025533762919205216,-0.024082539856845022,-0.02408253985589517
181.25,-0.006871311163653774,-0.006871310844919574,-29.952223474102816,-29.952223474012815,-0.002472929238082986,-0.0024729292344015438,-0.023622791212990175,-0.023622791212038172
181.5,-0.0074798658583531165,-0.007479865538697929,-29.9580713204214,-29.958071320331147,-0.0023954647834037255,-0.002395464779717305,-0.023159986639028587,-0.02315998663807443
181.75,-0.008068735616917117,-0.008068735296339693,-29.96380214056844,-29.963802140477934,-0.0023154487464783933,-0.0023154487427869933,-0.022686582081201445,-0.022686582080245127
182.0,-0.008638698624863751,-0.008638698303362906,-29.96941589758573,-29.96941589749497,-0.0022442117468359393,-0.00224421174314004,-0.02222348077331431,-0.02222348077235583
182.25,-0.00919557475450991,-0.009195574432084519,-29.974917338323397,-29.974917338232384,-0.002210756326612174,-0.002210756322911773,-0.021788048282166694,-0.02178804828120605
182.5,-0.009744795853571454,-0.009744795530220333,-29.980307880537083,-29.980307880445817,-0.002182969961922669,-0.002182969958217284,-0.021336292046984756,-0.021336292046021943
182.75,-0.010286952698912085,-0.010286952374633987,-29.9855860852575,-29.985586085165977,-0.0021542427494504837,-0.0021542427457401127,-0.020889348424691485,-0.0208893484237265
183.0,-0.010822687478445399,-0.010822687153239079,-29.99075151034871,-29.99075151025693,-0.002131592647159936,-0.002131592643444578,-0.020434054440390786,-0.02043405443942363
183.25,-0.011349184904072745,-0.011349184577936955,-29.99580688408017,-29.995806883988138,-0.002080346762091876,-0.002080346758371529,-0.02000894024273639,-0.020008940241767057
183.5,-0.0118612703771002,-0.011861270050033693,-30.000754813209166,-30.000754813116878,-0.0020162961446797724,-0.0020162961409544346,-0.019574498827895387,-0.019574498826923872
183.75,-0.012359116639082493,-0.01235911631108402,-30.005594936105098,-30.005594936012553,-0.001966433677829808,-0.0019664336740994786,-0.019146489040570154,-0.019146489039596457
184.0,-0.01284245595655033,-0.01284245562761864,-30.010327215546834,-30.01032721545403,-0.00190023995206313,-0.0019002399483278077,-0.01871175273404421,-0.018711752733068326
184.25,-0.01331613215527951,-0.013316131825413297,-30.014952782345876,-30.014952782252813,-0.0018891302128279954,-0.0018891302090871976,-0.018292782705669166,-0.018292782704691094
184.5,-0.01378843055624382,-0.013788430225441775,-30.01947426361409,-30.019474263520767,-0.0018892180651449546,-0.0018892180613991612,-0.017879067431702297,-0.017879067430722033
184.75,-0.01426029944790562,-0.014260299116166495,-30.023893089611423,-30.02389308951784,-0.0018856947218153593,-0.0018856947180645686,-0.017471540879091686,-0.01747154087810923
185.0,-0.014731225425796782,-0.014731225093119329,-30.028208497585748,-30.028208497491907,-0.001881673596023755,-0.0018816735922679655,-0.017051723294565762,-0.01705172329358111
185.25,-0.01519901762796795,-0.015199017294350978,-30.032420698640884,-30.032420698546783,-0.0018606258337301937,-0.0018606258299698854,-0.016645887130858662,-0.01664588712987181
185.5,-0.01565992358522667,-0.01565992325066892,-30.036532521801945,-30.03653252170758,-0.0018265844511868973,-0.0018265844474211058,-0.016248701367011387,-0.01624870136602233
185.75,-0.016113561294008313,-0.016113560958508417,-30.04054636596978,-30.040546365875155,-0.0018024808383400599,-0.0018024808345687834,-0.015862054248123845,-0.015862054247132582
186.0,-0.016559775077114633,-0.01655977474067134,-30.044462982052053,-30.044462981957164,-0.0017671926175629256,-0.0017671926137871258,-0.015470877736985737,-0.015470877735992272
186.25,-0.01699771607027522,-0.016997715732887338,-30.048285675756002,-30.04828567566085,-0.0017363014376570395,-0.0017363014338762333,-0.015110674806992555,-0.015110674805996885
186.5,-0.017427135796585815,-0.017427135458252092,-30.05201917228458,-30.052019172189166,-0.0016990231252471519,-0.0016990231214613375,-0.01475730093619114,-0.01475730093519326
186.75,-0.01784713474859099,-0.017847134409310232,-30.055663600260328,-30.055663600164646,-0.001660934694822183,-0.0016609346910318409,-0.014398126460714157,-0.014398126459714066
187.0,-0.018256097810143472,-0.01825609746991449,-30.059218636886907,-30.05921863679096,-0.0016107363033773003,-0.001610736299581947,-0.014042171284590605,-0.0140421712835883
187.25,-0.018650443996159158,-0.018650443654980697,-30.062685849771263,-30.062685849675052,-0.001544000567070005,-0.0015440005632696388,-0.013695538082087868,-0.013695538081083345
187.5,-0.019028480190602975,-0.019028479848473785,-30.066066978057258,-30.06606697796078,-0.0014802568008780038,-0.0014802567970726235,-0.013353494215612837,-0.013353494214606094
187.75,-0.019389322423121615,-0.01938932208004038,-30.06936012105871,-30.069360120961967,-0.0014064470027665798,-0.001406446998955702,-0.012991656754786947,-0.012991656753777982
188.0,-0.01973285703450898,-0.019732856690474383,-30.072564435334627,-30.072564435237616,-0.0013417970588781194,-0.0013417970550622241,-0.012642863547719858,-0.012642863546708665
188.25,-0.020060479987404522,-0.02006047964241531,-30.075688462133044,-30.075688462035767,-0.0012791589447191196,-0.0012791589408982053,-0.012349356745119975,-0.012349356744106551
188.5,-0.020372550600890087,-0.020372550254945006,-30.078737691534414,-30.07873769143687,-0.0012173772695500064,-0.0012173772657240716,-0.01204448429059153,-0.012044484289575873
188.75,-0.02067103934117598,-0.02067103899427377,-30.081710236244145,-30.081710236146336,-0.001170503604902318,-0.001170503601071361,-0.011735877806478922,-0.01173587780546103
189.0,-0.020955946110147967,-0.020955945762287317,-30.084606320040223,-30.084606319942147,-0.0011087220179604425,-0.0011087220141239801,-0.011432798386895843,-0.01143279838587571
189.25,-0.021232895266779822,-0.021232894917959412,-30.087426649617896,-30.08742664951955,-0.0011068427161693747,-0.0011068427123278872,-0.01112983841160633,-0.011129838410583957
189.5,-0.02150868317933447,-0.02150868282955305,-30.09017163268132,-30.090171632582702,-0.0010994323619860137,-0.0010994323581394994,-0.010830026794374949,-0.01083002679335033
189.75,-0.021783099800610533,-0.02178309944986678,-30.092841643509637,-30.09284164341075,-0.0010958723711069465,-0.0010958723672549223,-0.010530060167742281,-0.010530060166715413
190.0,-0.022056529207966653,-0.02205652885625925,-30.095436040269732,-30.095436040170576,-0.0010915341810250364,-0.0010915341771679822,-0.010225114321969875,-0.010225114320940755
190.25,-0.02232294639824317,-0.022322946045570863,-30.097952724194023,-30.097952724094597,-0.001039773520222626,-0.0010397735163605402,-0.00990836195232859,-0.009908361951297216
190.5,-0.02257749842432074,-0.022577498070682267,-30.100390532288145,-30.100390532188445,-0.0009966131009807003,-0.0009966130971135814,-0.009594106869768741,-0.00959410686873511
190.75,-0.02282104478725602,-0.022821044432650123,-30.102750471426862,-30.10275047132689,-0.0009517287373993174,-0.0009517287335271642,-0.009285410471622166,-0.009285410470586274
191.0,-0.023052378461882315,-0.023052378106307798,-30.105034205897315,-30.105034205797068,-0.0008989123238135309,-0.0008989123199368234,-0.00898447027150297,-0.008984470270464815
191.25,-0.023274017638081165,-0.023274017281536767,-30.107250246391402,-30.10725024629088,-0.0008741784359919084,-0.0008741784321096819,-0.008743856013059626,-0.008743856012019205
191.5,-0.02348933326085415,-0.02348933290333855,-30.10940651188997,-30.109406511789174,-0.0008483241809384811,-0.0008483241770512156,-0.008506270412978632,-0.008506270411935942
191.75,-0.023697472807781925,-0.023697472449293808,-30.111501363715632,-30.11150136361456,-0.000816768306615961,-0.0008167683027231732,-0.008252547167377906,-0.008252547166332943
192.0,-0.023897887586202708,-0.02389788722674075,-30.113533021050408,-30.113533020949063,-0.0007865262098783771,-0.0007865262059805471,-0.008000714362016506,-0.008000714360969267
192.25,-0.024090602845154806,-0.024090602484717748,-30.115499941253876,-30.115499941152258,-0.0007551708078964934,-0.0007551708039936195,-0.007734650221890629,-0.0077346502208411145
192.5,-0.024276885429720715,-0.024276885068307292,-30.117400659044666,-30.11740065894277,-0.0007350650502075921,-0.0007350650462996728,-0.007471093999959117,-0.007471093998907324
192.75,-0.024456215910786526,-0.02445621554839554,-30.119236047464042,-30.11923604736187,-0.0006995544010589612,-0.0006995543971464764,-0.0072120167029548245,-0.007212016701900749
193.0,-0.024629440329119998,-0.024629439965750247,-30.121005786193464,-30.12100578609101,-0.0006862158831639481,-0.0006862158792464146,-0.006945894389915912,-0.006945894388859553
193.25,-0.02479700592797576,-0.02479700556362598,-30.12271041144425,-30.12271041134152,-0.0006542849133366915,-0.0006542849094141077,-0.006691110626777045,-0.006691110625718399
193.5,-0.024959259159531053,-0.02495925879420004,-30.124351355839934,-30.124351355736927,-0.0006437169550986662,-0.0006437169511715121,-0.006436445535012306,-0.006436445533951369
193.75,-0.025118024895203147,-0.025118024528889702,-30.125928559484468,-30.125928559381183,-0.0006263848895985057,-0.0006263848856662981,-0.006181185255285671,-0.0061811852542224405
194.0,-0.025270429519401873,-0.02527042915210467,-30.127442794012413,-30.127442793908852,-0.0005928287004938102,-0.0005928286965560659,-0.005932694131932241,-0.005932694130866714
194.25,-0.025415478300757226,-0.025415477932475002,-30.12889849029064,-30.1288984901868,-0.0005675408492138096,-0.0005675408452714901,-0.005712878477983937,-0.005712878476916112
194.5,-0.02555364864414862,-0.02555364827488011,-30.13029913689528,-30.13029913679116,-0.0005378011234946759,-0.0005378011195468165,-0.0054922971629639775,-0.00549229716189385
194.75,-0.02568378927631458,-0.02568378890605852,-30.131644767853643,-30.13164476774924,-0.0005033032559802096,-0.0005033032520277718,-0.005272753756364137,-0.005272753755291705
195.0,-0.025804292190601933,-0.025804291819357054,-30.13293499667565,-30.132934996570963,-0.0004606989895910223,-0.0004606989856330415,-0.0050490808363830705,-0.00504908083530833
195.25,-0.025913247083777537,-0.025913246711542517,-30.134169020423425,-30.134169020318453,-0.00041091886895171486,-0.000410918864988671,-0.004823113839047521,-0.0048231138379704695
195.5,-0.02601083401368629,-0.026010833640459866,-30.135345973028052,-30.135345972922796,-0.00036975484455625655,-0.00036975484058814805,-0.00459251087888644,-0.004592510877807075
195.75,-0.026099744100796154,-0.026099743726577113,-30.136465237667093,-30.136465237561552,-0.00034150409698036895,-0.00034150409300767585,-0.00436160889687668,-0.004361608895794997
196.0,-0.026179683693106737,-0.026179683317893818,-30.13752742275359,-30.137527422647764,-0.0002979913720613584,-0.0002979913680831158,-0.004135875897451958,-0.0041358758963679545
196.25,-0.026252559984912025,-0.026252559608703898,-30.1385356970319,-30.13853569692579,-0.00028499959407420934,-0.0002849995900908973,-0.003930319553851813,-0.003930319552765486
196.5,-0.026322669435006475,-0.02632266905780187,-30.13949206814203,-30.139492068035633,-0.0002758562501540897,-0.0002758562461657065,-0.0037206501891617603,-0.003720650188073108
196.75,-0.02639156628597617,-0.026391565907773824,-30.140396270929177,-30.140396270822492,-0.0002752989886264809,-0.00027529898463302495,-0.0035129721604954087,-0.003512972159404429
197.0,-0.02645814924066916,-0.026458148861467856,-30.14125004394888,-30.141250043841907,-0.0002573462033527347,-0.00025734619935468596,-0.0033172136896622317,-0.003317213688568921
197.25,-0.0265186177580642,-0.02651861737786274,-30.1420583201224,-30.14205832001514,-0.000226386086071558,-0.0002263860820684333,-0.0031489986173749893,-0.003148998616279345
197.5,-0.026571299134610368,-0.026571298753407538,-30.1428257671858,-30.142825767078254,-0.0001950499990106371,-0.00019504999500291639,-0.0029905808441814076,-0.0029905808430834265
197.75,-0.02661483134210461,-0.0266148309598992,-30.14355194705574,-30.143551946947905,-0.0001531914781657973,-0.00015319147415299733,-0.0028188620617301615,-0.002818862060629841
198.0,-0.026648312095243154,-0.026648311712033895,-30.144237855427257,-30.144237855319133,-0.0001146403674578873,-0.00011464036344000651,-0.0026684085449585524,-0.0026684085438558893
198.25,-0.026674897957450865,-0.026674897573236486,-30.14488611543551,-30.1448861153271,-9.803232303439292e-05,-9.803231901142967e-05,-0.002517673086851047,-0.0025176730857460385
198.5,-0.026698827936765472,-0.026698827551544763,-30.145496323363897,-30.1454963232552,-9.339302605739644e-05,-9.339302202983072e-05,-0.0023639907775852877,-0.002363990776477931
198.75,-0.026722345280251296,-0.026722344894023104,-30.146068731932328,-30.146068731823338,-9.473170483471991e-05,-9.473170080255009e-05,-0.002215277643586335,-0.002215277642476627
199.0,-0.026744664468652448,-0.026744664081415567,-30.146605438474914,-30.146605438365633,-8.380889875648305e-05,-8.380889471922584e-05,-0.002078375726862041,-0.0020783757257499783
199.25,-0.026763843129135743,-0.026763842740888895,-30.147108473787554,-30.147108473677978,-6.960789905791766e-05,-6.960789501557141e-05,-0.0019459081130660208,-0.0019459081119516017
199.5,-0.026778843689436026,-0.02677884330017794,-30.147579077916404,-30.147579077806533,-5.0384613868803985e-05,-5.038460982136704e-05,-0.0018189267300459566,-0.001818926728929178
199.75,-0.026789507960124064,-0.02678950756985347,-30.14801589862572,-30.148015898515553,-3.491604422701776e-05,-3.491604017448847e-05,-0.0016756404027959402,-0.001675640401676799
200.0,-0.026794602610029087,-0.02679460221874471,-30.14841829421003,-30.148418294099567,-5.828700104382932e-06,-5.828696046759642e-06,-0.0015435270139878324,-0.0015435270128663255
200.25,-0.026792829617429705,-0.026792829225130273,-30.148787807426043,-30.148787807315287,2.0024986831971313e-05,2.002499089469027e-05,-0.001412581151578237,-0.0014125811504543612
200.5,-0.02678570123440662,-0.026785700841090797,-30.149125364492352,-30.1491253643813,3.7013835671944424e-05,3.701383974024234e-05,-0.0012878769805661845,-0.0012878769794399368
200.75,-0.026772560249423136,-0.026772559855089587,-30.149430588258976,-30.14943058814763,6.812667620621281e-05,6.81266802796098e-05,-0.0011539160857095307,-0.0011539160845809077
201.0,-0.026752655884062133,-0.026752655488709583,-30.149701098740064,-30.14970109862842,9.112180233392494e-05,9.112180641242263e-05,-0.0010101699309124597,-0.0010101699297814584
201.25,-0.0267280414080231,-0.026728041011650272,-30.149940157118333,-30.14994015700639,0.00010580418009713734,0.00010580418418073741,-0.0009022984794567495,-0.0009022984783233674
201.5,-0.02669995367944172,-0.0266999532820474,-30.150151270730532,-30.15015127061829,0.00011890856006621902,0.00011890856415444153,-0.000786611653554841,-0.0007866116524190752
201.75,-0.02666838502830069,-0.026668384629883666,-30.15033391990086,-30.15033391978832,0.00013365121622739486,0.00013365122032072316,-0.0006745830989357554,-0.000674583097797603
202.0,-0.026635032643977794,-0.026635032244536783,-30.150489228059985,-30.150489227947144,0.00013317792351887918,0.0001331779276173149,-0.0005678821293818872,-0.0005678821282413451
202.25,-0.026598500457929074,-0.026598500057462744,-30.150615303882663,-30.150615303769523,0.00015909155898212956,0.00015909156308615606,-0.0004407268951452254,-0.0004407268940022905
202.5,-0.026555413710602438,-0.026555413309109446,-30.150708150620005,-30.150708150506567,0.0001856155011062408,0.00018561550521537814,-0.0003020495042386469,-0.0003020495030933159
202.75,-0.026503634691835413,-0.026503634289314487,-30.150767616815628,-30.150767616701888,0.00022862875967462226,0.00022862876378887216,-0.00017368411598844786,-0.0001736841148407178
203.0,-0.026443617123023552,-0.02644361671947347,-30.15079432294349,-30.150794322829448,0.00025152440734077535,0.00025152441145965794,-3.9967065459757656e-05,-3.996706430962569e-05
203.25,-0.02638139845739319,-0.026381398052812734,-30.150789094984614,-30.15078909487027,0.00024623640709718777,0.0002462364112211863,8.179123507581141e-05,8.179123622834814e-05
203.5,-0.026319732123687087,-0.026319731718074977,-30.15075340891504,-30.150753408800394,0.0002471057657839231,0.0002471057699130393,0.00020369723958871402,0.00020369724074365868
203.75,-0.02625781229051158,-0.026257811883866538,-30.150686555705615,-30.150686555590667,0.00024826492380080066,0.00024826492793503626,0.00033112832657251727,0.00033112832772987317
204.0,-0.026194104007185765,-0.02619410359950651,-30.150588967180312,-30.15058896706506,0.0002614125205598489,0.00026141252469920556,0.00044957863634169517,0.00044957863750146526
204.25,-0.026125123930533223,-0.026125123521818536,-30.150466288342308,-30.150466288226752,0.00029043586022393247,0.00029043586436793033,0.0005318493314159601,0.0005318493325781476
204.5,-0.026048664731065443,-0.026048664321314162,-30.150321470426828,-30.150321470310967,0.00032124668948502476,0.00032124669363366555,0.0006266910876235436,0.0006266910887881513
204.75,-0.025966465167151582,-0.025966464756362485,-30.150155371462766,-30.1501553713466,0.00033635694449632854,0.00033635694865009555,0.0007020992003368127,0.0007020992015038435
205.0,-0.0258782042120037,-0.025878203800175508,-30.149968310863407,-30.149968310746935,0.0003697394113239846,0.00036973941548287955,0.0007943824472617881,0.0007943824484312452
205.25,-0.02578376818200048,-0.025783767769131907,-30.14975982886452,-30.149759828747744,0.0003857563004214353,0.00038575630458545984,0.0008734720338012196,0.0008734720349731059
205.5,-0.02568561089849981,-0.025685610484589574,-30.149530260820598,-30.149530260703514,0.0003995104307310529,0.00039951043490020873,0.000963071020893149,0.0009630710220674678
205.75,-0.02558423072452216,-0.02558423030956904,-30.14928003709874,-30.14928003698135,0.0004115381093140625,0.00041153811348786974,0.0010387176200434502,0.0010387176212202048
206.0,-0.02547910637040264,-0.02547910595440541,-30.149011122709073,-30.14901112259137,0.0004294637057382111,0.00042946370991715305,0.0011125958073304975,0.001112595808509691
206.25,-0.02537160229148572,-0.0253716018744431,-30.148719757726845,-30.14871975760883,0.00043057891090501216,0.0004305789150890906,0.0012183239454237739,0.0012183239466054092
206.5,-0.02526334391538444,-0.025263343497295143,-30.148402934477932,-30.14840293435961,0.00043549734884098563,0.0004354973530302022,0.0013162615822136677,0.001316261583397748
206.75,-0.02515259956071853,-0.025152599141581272,-30.14806083798023,-30.148060837861596,0.0004504673347083064,0.00045046733890266285,0.0014205089880978351,0.0014205089892843636
207.0,-0.025039313377475253,-0.02503931295728869,-30.1476932972811,-30.14769329716216,0.0004558315120928543,0.00045583151629283397,0.0015198160992241194,0.0015198161004130993
207.25,-0.024925989409827227,-0.024925988988590015,-30.147299270346387,-30.147299270227137,0.00045077086168181186,0.0004507708658869348,0.0016323998556546984,0.001632399856846133
207.5,-0.024814618217563228,-0.02481461779527414,-30.146877548624623,-30.14687754850506,0.00044020896847815833,0.0004402089726879447,0.0017413749143007896,0.0017413749154946818
207.75,-0.024704385675731477,-0.024704385252389282,-30.146429682777583,-30.146429682657708,0.0004416608285379553,0.0004416608327528884,0.0018415517251859023,0.001841551726382255
208.0,-0.024593700407030575,-0.024593699982633988,-30.14595803845238,-30.145958038332193,0.000443829828831702,0.00044382983305178367,0.0019316026719995757,0.001931602673198392
208.25,-0.024479189616253116,-0.024479189190800853,-30.145469865959363,-30.14546986583886,0.000472260491701245,0.00047226049592647687,0.0019737745917493533,0.0019737745929506367
208.5,-0.02435726500120304,-0.024357264574693872,-30.14496933090694,-30.144969330786118,0.0005031417965847422,0.0005031418008146447,0.0020305029162081658,0.00203050291741192
208.75,-0.024228826014710863,-0.0242288255871435,-30.14445602326838,-30.144456023147242,0.0005243744012623699,0.0005243744054979079,0.0020759561905134114,0.002075956191719639
209.0,-0.024094637679111464,-0.024094637250484555,-30.143929738986596,-30.143929738865143,0.0005491378071721564,0.0005491378114128501,0.002134315729111176,0.0021343157303198804
209.25,-0.023958264001836184,-0.023958263572148385,-30.143390936766558,-30.14339093664479,0.0005418555725498544,0.000541855576796187,0.0021761027178364336,0.0021761027190476184
209.5,-0.023821686835404785,-0.023821686404654742,-30.14284183478137,-30.142841834659283,0.0005507656094493516,0.0005507656137008433,0.0022167123236938643,0.0022167123249075328
209.75,-0.02368507965670893,-0.023685079224895354,-30.142280103047412,-30.142280102925007,0.0005420975393519621,0.0005420975436086148,0.002277142365256546,0.002277142366472701
210.0,-0.023550750577442603,-0.023550750144564203,-30.141705009530142,-30.141705009407417,0.0005325394969516124,0.0005325395012134277,0.002323606674097833,0.0023236066753164774
210.25,-0.023416952342327015,-0.02341695190838244,-30.141117650782338,-30.141117650659293,0.0005378512755492002,0.0005378512798166615,0.0023752628076036016,0.002375262808824739
210.5,-0.02328278607611749,-0.023282785641105332,-30.140517982174604,-30.14051798205124,0.0005354832901357748,0.0005354832944088838,0.0024220862775728045,0.0024220862787964386
210.75,-0.023147177700273806,-0.02314717726419271,-30.13990547793132,-30.139905477807634,0.0005493890048298478,0.0005493890091081248,0.002477946357722762,0.0024779463589488957
211.0,-0.02301026013094314,-0.023010259693791876,-30.139278429781537,-30.13927842965753,0.0005459572750170837,0.0005459572793000487,0.0025384391641349543,0.002538439165363591
211.25,-0.02287198278881489,-0.022871982350592228,-30.138638975432116,-30.13863897530779,0.0005602651379867482,0.0005602651422748847,0.0025771942823397407,0.0025771942835708826
211.5,-0.02273174315137636,-0.022731742712081,-30.1379897591476,-30.137989759022954,0.0005616556931052828,0.0005616556973985924,0.0026165358627228625,0.0026165358639565132
211.75,-0.02258942458973351,-0.0225894241493641,-30.137328701060945,-30.137328700935974,0.0005768980451521654,0.0005768980494511315,0.002671927393516592,0.0026719273947527545
212.0,-0.022445575062826826,-0.022445574621382015,-30.136656070013444,-30.13665606988815,0.0005739016997758493,0.000573901704079992,0.002709121269048493,0.0027091212702871708
212.25,-0.02230058371119727,-0.02230058326867576,-30.13597675565273,-30.135976755527114,0.0005860306705167692,0.0005860306748260905,0.002725392473175683,0.0027253924744168796
212.5,-0.022154121588019902,-0.0221541211444204,-30.135291729593657,-30.135291729467717,0.0005856691124050831,0.0005856691167195846,0.0027548160335460472,0.002754816034789765
212.75,-0.02200547072302282,-0.022005470278344093,-30.13459919649048,-30.134599196364213,0.0006035407192696934,0.0006035407235888952,0.002785447106987469,0.0027854471082337114
213.0,-0.021852530931697756,-0.021852530485938566,-30.13390057875977,-30.133900578633178,0.000619979337195175,0.0006199793415195607,0.002803493188907347,0.0028034931901561168
213.25,-0.02169701112029695,-0.021697010673456005,-30.133196101002593,-30.133196100875672,0.0006241818975003061,0.0006241819018298774,0.0028323284723659786,0.002832328473617279
213.5,-0.021540974526783645,-0.021540974078859645,-30.13248299896154,-30.13248299883429,0.0006241146618209282,0.0006241146661556869,0.0028724878624690193,0.0028724878637228536
213.75,-0.02138629132248715,-0.0213862908734788,-30.13176064030297,-30.131760640175397,0.0006133541928974541,0.000613354197237402,0.0029063824206187897,0.002906382421875161
214.0,-0.021234558648084555,-0.021234558197990493,-30.13103028597238,-30.131030285844478,0.0006005100617118231,0.0006005100660574435,0.0029364534351269864,0.002936453436385898
214.25,-0.021083918518622326,-0.021083918067441258,-30.130295121204842,-30.13029512107661,0.000604611791070531,0.0006046117954208625,0.0029448643185174352,0.00294486431977889
214.5,-0.020931787814198275,-0.0209317873619289,-30.129556244089596,-30.129556243961037,0.0006124358756639037,0.0006124358800199114,0.002966151865838718,0.0029661518671027197
214.75,-0.020779004680943045,-0.020779004227584004,-30.12881336620677,-30.128813366077882,0.0006098302254702273,0.0006098302298314312,0.0029768714424917666,0.002976871443758318
215.0,-0.02062553738174687,-0.020625536927296864,-30.128068267366036,-30.128068267236813,0.0006179088570558216,0.0006179088614222236,0.002983918521796205,0.0029839185230653097
215.25,-0.020466100375671415,-0.020466099920129086,-30.12731375189813,-30.127313751768575,0.0006575936548122376,0.0006575936591843211,0.003052201479999143,0.0030522014812708036
215.5,-0.020299647808913048,-0.020299647352277093,-30.12654230748682,-30.126542307356935,0.0006740332368992476,0.0006740332412760512,0.0031193522605915142,0.0031193522618657345
215.75,-0.020127285952633293,-0.020127285494902475,-30.125753578366528,-30.12575357823631,0.0007048683466707652,0.0007048683510527723,0.003190477794642085,0.003190477795918868
216.0,-0.019948064860718085,-0.0199480644018911,-30.12494996971852,-30.12494996958797,0.0007289049344321809,0.0007289049388193933,0.0032383891232746816,0.0032383891245540302
216.25,-0.019765160146842216,-0.019765159686917704,-30.124139574014386,-30.1241395738835,0.0007343334079968867,0.0007343334123897878,0.0032447759980652217,0.0032447759993471394
216.5,-0.01958149327161119,-0.01958149281058779,-30.123325821211754,-30.123325821080535,0.0007350035531943345,0.0007350035575924445,0.0032652463598627415,0.0032652463611472313
216.75,-0.019395259715703113,-0.01939525925357958,-30.122507422403288,-30.122507422271735,0.0007548664979633053,0.0007548665023661444,0.0032819422352331914,0.0032819422365202564
217.0,-0.01920471983380742,-0.01920471937058251,-30.12168506381139,-30.121685063679504,0.0007694540002829924,0.000769454004691044,0.0032969251246728407,0.003296925125962484
217.25,-0.019016675274464902,-0.019016674810137253,-30.120858343359775,-30.12085834322755,0.0007349043822936086,0.0007349043867073563,0.0033168417456651516,0.0033168417469573762
217.5,-0.01883485960476336,-0.018834859139331608,-30.12002861349963,-30.12002861336707,0.0007196213963167853,0.0007196214007357492,0.0033209985764259026,0.003320998577720712
217.75,-0.018656595721322153,-0.018656595254784993,-30.119197259766786,-30.119197259633882,0.0007064905326038625,0.0007064905370280444,0.003329832524390119,0.003329832525687516
218.0,-0.018482105749027814,-0.018482105281383943,-30.118363372861207,-30.118363372727966,0.0006894303514653441,0.0006894303558947457,0.0033412643287375737,0.003341264330037562
218.25,-0.018308729059770306,-0.01830872859101836,-30.11752721816104,-30.117527218027462,0.0006975838227847188,0.0006975838272198237,0.003347972503928796,0.003347972505231379
218.5,-0.018134015535823306,-0.018134015065961975,-30.11668918878526,-30.11668918865134,0.0007001251783077617,0.0007001251827476084,0.0033562622627861228,0.003356262264091303
218.75,-0.017958086261862308,-0.017958085790890286,-30.115850406856957,-30.115850406722696,0.0007073088275323924,0.000707308831977946,0.0033539924864069643,0.0033539924877147454
219.0,-0.017779823200494052,-0.017779822728409975,-30.115010871921893,-30.11501087178729,0.0007187964738436672,0.0007187964782944478,0.0033622859111032927,0.003362285912413678
219.25,-0.017600449868205113,-0.017600449395007677,-30.11416636596678,-30.11416636583184,0.0007161931807475975,0.0007161931852036072,0.003393761975271307,0.0033937619765843
219.5,-0.017419355473657194,-0.017419354999345087,-30.113312669056075,-30.11331266892079,0.0007325659690877507,0.0007325659735489911,0.0034358117667959297,0.0034358117681115327
219.75,-0.017235683195573476,-0.01723568272014539,-30.11244930535836,-30.112449305222732,0.000736815611719205,0.0007368156161856779,0.0034710974143289594,0.003471097415647176
220.0,-0.01705001523394143,-0.017050014757396058,-30.111577026730522,-30.11157702659455,0.0007485315082629156,0.000748531512734623,0.0035071305038620773,0.003507130505182911
220.25,-0.01686495367160056,-0.01686495319393659,-30.110697972455664,-30.110697972319347,0.0007319627335989371,0.0007319627380758809,0.003525305257169212,0.0035253052584926655
220.5,-0.016683299456279586,-0.016683298977495715,-30.10981505713882,-30.10981505700216,0.0007212722166240852,0.0007212722211062671,0.0035380182855405213,0.0035380182868665977
220.75,-0.01650562192667599,-0.016505621446770907,-30.10892656956581,-30.1089265694288,0.0007001510529768682,0.00070015105746429,0.0035698842899292292,0.003569884291257932
221.0,-0.016332664996299148,-0.016332664515271537,-30.108031970146094,-30.10803197000874,0.0006835060231522189,0.0006835060276448825,0.003586912637156054,0.003586912638487386
221.25,-0.016164305033955852,-0.016164304551804405,-30.10713573035825,-30.10713573022055,0.000663373334358482,0.0006633733388563893,0.0035830075637675184,0.003583007565101483
221.5,-0.01600174436268084,-0.016001743879404246,-30.10623796798646,-30.106237967848408,0.0006371135784779818,0.0006371135829811346,0.003599093886420631,0.0035990938877572317
221.75,-0.015845293925534965,-0.015845293441131853,-30.105338669682975,-30.105338669544576,0.000614489585528514,0.0006144895900373958,0.0035952946744999647,0.0035952946758392047
222.0,-0.015694714942286452,-0.01569471445675545,-30.10443952605457,-30.10443952591582,0.000590142546095766,0.000590142550609897,0.003597856648264444,0.003597856649606326
222.25,-0.015545881941669885,-0.015545881455009689,-30.103542136137293,-30.10354213599819,0.0006005199180694369,0.0006005199225888189,0.0035812617116335933,0.0035812617129781215
222.5,-0.015393506754784963,-0.015393506266994258,-30.102648809706416,-30.10264880956696,0.000618480101039592,0.000618480105564227,0.0035653480421378187,0.003565348043484996
222.75,-0.015236721240018772,-0.015236720751096305,-30.10175772805272,-30.101757727912915,0.0006358038494193647,0.0006358038539487729,0.0035633035541833024,0.0035633035555331315
223.0,-0.015076330175955886,-0.015076329685900404,-30.100867777723494,-30.100867777583336,0.0006473240282573599,0.0006473240327920247,0.0035562979935717144,0.0035562979949241985
223.25,-0.01491390620201712,-0.014913905710827307,-30.099980842537864,-30.09998084239735,0.0006520661756329148,0.0006520661801728382,0.0035391830444401586,0.003539183045795301
223.5,-0.014751917788559206,-0.014751917296233747,-30.099098960944577,-30.099098960803712,0.0006438389600260198,0.0006438389645712036,0.00351587047757436,0.0035158704789321643
223.75,-0.01459026230363026,-0.01459026181016784,-30.098220893913666,-30.098220893772446,0.0006494042659563288,0.0006494042705067749,0.0035086652450670415,0.00350866524642751
224.0,-0.014426746349668378,-0.014426745855067742,-30.09734538544306,-30.097345385301484,0.0006587221414005675,0.0006587221459557961,0.0034954016413484817,0.0034954016427116183
224.25,-0.014263756977824955,-0.014263756482084847,-30.096470403526528,-30.096470403384597,0.0006451937129768314,0.000645193717537326,0.0035044549664306275,0.0035044549677964347
224.5,-0.014104086085205116,-0.014104085588324218,-30.09559080201656,-30.09559080187427,0.0006321760842740472,0.0006321760888398096,0.0035323583406924306,0.003532358342060912
224.75,-0.013946089318044596,-0.01394608882002153,-30.09470445004256,-30.09470444989991,0.0006318005389307766,0.0006318005435022903,0.0035584574867748675,0.0035584574881460263
225.0,-0.013787719545306923,-0.013787719046140253,-30.09381360284822,-30.09381360270521,0.0006351585981287547,0.0006351586027060216,0.003568319751424292,0.003568319752798132
225.25,-0.013629879222455676,-0.013629878722143962,-30.09291929071665,-30.092919290573285,0.0006275656936220699,0.0006275656982050919,0.0035861780170328454,0.0035861780184093697
225.5,-0.013475017664106633,-0.013475017162648437,-30.09202125433279,-30.092021254189063,0.0006113279233335709,0.0006113279279223499,0.003598114584839623,0.003598114586218835
225.75,-0.013325829452625861,-0.013325828950019804,-30.091119615169347,-30.091119615025264,0.0005821793844869102,0.0005821793890809666,0.003615001470895081,0.0036150014722769845
226.0,-0.013183876573120479,-0.01318387606936518,-30.090213658752134,-30.09021365860769,0.0005534453384238056,0.0005534453430236228,0.0036326525759318184,0.0036326525773164166
226.25,-0.013047336658657632,-0.01304733615375165,-30.089303763174012,-30.089303763029207,0.0005388753059329046,0.0005388753105384844,0.0036465134227746756,0.003646513424161972
226.5,-0.012913047787095849,-0.012913047281037744,-30.088389490458553,-30.088389490313386,0.0005354376825710052,0.0005354376871823496,0.003667668625061462,0.00366766862645146
226.75,-0.01278118065325049,-0.012781180146038941,-30.087470068691704,-30.087470068546175,0.0005195012985200874,0.000519501303136235,0.003687707012280282,0.0036877070136729843
227.0,-0.012652869437458325,-0.012652868929092072,-30.08654679083316,-30.086546790687265,0.0005069894675212483,0.0005069894721426827,0.003698517035759097,0.0036985170371545075
227.25,-0.012528050764832195,-0.012528050255309914,-30.08562435234117,-30.085624352194912,0.0004915582812213948,0.000491558285848118,0.00368099235508613,0.003680992356484251
227.5,-0.012406798769659196,-0.012406798258979506,-30.084705656280406,-30.08470565613378,0.0004784565290701208,0.00047845653370261594,0.0036685773663427744,0.00366857736774361
227.75,-0.0122889791851746,-0.012288978673335997,-30.083789205428417,-30.08378920528143,0.00046409964272396887,0.0004640996473627195,0.003663030803191583,0.0036630308045951365
228.0,-0.01217402582223313,-0.012174025309234112,-30.082876138153143,-30.08287613800579,0.0004555252500373007,0.00045552525468182714,0.00364150820746101,0.0036415082088672853
228.25,-0.012062714145723963,-0.012062713631563084,-30.081969347963266,-30.081969347815548,0.0004349654746572121,0.00043496547930751625,0.0036128152499946818,0.0036128152514036823
228.5,-0.01195449944033303,-0.011954498925008787,-30.081069756726137,-30.081069756578053,0.00043074946105645855,0.00043074946571302394,0.0035839150445789183,0.003583915045990648
228.75,-0.011847754289298887,-0.011847753772809893,-30.08017871326405,-30.0801787131156,0.00042320804194037067,0.0004232080466017544,0.003544433363176357,0.003544433364590819
229.0,-0.011742789849798239,-0.011742789332143169,-30.079296586438446,-30.079296586289626,0.0004165044878823141,0.0004165044925494813,0.0035125818737312153,0.003512581875148413
229.25,-0.011640995414278855,-0.011640994895456324,-30.078419296053152,-30.078419295903963,0.00039785036778326586,0.0003978503724557369,0.0035057429673891875,0.0035057429688091237
229.5,-0.011543648973495597,-0.011543648453504278,-30.07754441556825,-30.077544415418693,0.00038092000116411533,0.0003809200058418921,0.003493302508065643,0.003493302509488321
229.75,-0.011449485900945366,-0.011449485379783932,-30.07667140424487,-30.07667140409494,0.0003723843573172318,0.0003723843620003162,0.0034907888837764564,0.0034907888852018796
230.0,-0.011357700336757816,-0.01135769981442488,-30.07579935057466,-30.07579935042436,0.00036189968556679707,0.00036189969025567266,0.0034856414664666074,0.003485641467894779
230.25,-0.011269513925793211,-0.011269513402287447,-30.074930754754032,-30.074930754603365,0.00034358949356627904,0.00034358949825998453,0.0034631268248973704,0.003463126826328294
230.5,-0.011184154969972583,-0.011184154445292721,-30.07406667947268,-30.074066679321643,0.0003392808796323273,0.0003392808843313462,0.0034494758321897546,0.0034494758336234333
230.75,-0.011101369921213333,-0.011101369395357984,-30.073204974134107,-30.073204973982698,0.0003229990233000362,0.00032299902800485205,0.003444168411491847,0.003444168412928284
231.0,-0.011022543056203465,-0.0110225425291713,-30.07234653163107,-30.072346531479283,0.0003076139487935768,0.0003076139535032284,0.0034233730633901525,0.003423373064829351
231.25,-0.01094385282276864,-0.01094385229455833,-30.071493273294724,-30.07149327314256,0.00032190598147906327,0.00032190598619451574,0.003402692279976914,0.003402692281418878
231.5,-0.010863063746882418,-0.010863063217492632,-30.070644682691956,-30.070644682539417,0.00032440506782477373,0.00032440507254506576,0.0033860323066215643,0.003386032308066296
231.75,-0.010781943239801058,-0.010781942709230528,-30.069800345666003,-30.06980034551309,0.0003245573643004554,0.00032455736902607056,0.00336866388668505,0.0033686638881325532
232.0,-0.010699099120190588,-0.01069909858843792,-30.068961288691035,-30.068961288537746,0.00033819326077302663,0.0003381932655044485,0.0033437906275031134,0.0033437906289533912
232.25,-0.010614109587128221,-0.010614109054191965,-30.06813109447357,-30.068131094319906,0.0003417186777925756,0.0003417186825298061,0.0032977627798915577,0.0032977627813446137
232.5,-0.0105298515781185,-0.010529851043997203,-30.06731226284387,-30.067312262689825,0.00033234117724290665,0.00033234118198594774,0.003252891141898629,0.003252891143354467
232.75,-0.010447054627177347,-0.010447054091869617,-30.066502410808305,-30.06650241065388,0.0003300319011843557,0.00033003190593272776,0.0032259253604088726,0.0032259253618674958
233.0,-0.010364446802056669,-0.010364446265561171,-30.065700627319657,-30.065700627164855,0.00033082716966229784,0.0003308271744160028,0.0031883424738391596,0.0031883424753005713
233.25,-0.010278261035476141,-0.010278260497791543,-30.064904699342016,-30.064904699186833,0.00035865810337948036,0.00035865810813852025,0.0031790787234225234,0.0031790787248867267
233.5,-0.010186449356712096,-0.010186448817837064,-30.06411233888716,-30.064112338731597,0.00037583352412413646,0.0003758335288885132,0.0031598032961796013,0.0031598032976465993
233.75,-0.010092055067443678,-0.010092054527376878,-30.063325512240436,-30.063325512084493,0.000379318448701311,0.0003793184534710265,0.0031348095491003864,0.0031348095505701824
234.0,-0.009996795950799381,-0.009996795409539478,-30.062544173669497,-30.06254417351317,0.00038275271676803586,0.0003827527215430921,0.003115898694679547,0.003115898696152145
234.25,-0.009905023101274071,-0.00990502255881979,-30.06176653885488,-30.06176653869817,0.0003514290838146641,0.00035142908859458143,0.003105182775527156,0.0031051827770025584
234.5,-0.009821025998528384,-0.009821025454878389,-30.06099189301618,-30.06099189285909,0.0003205465074701688,0.0003205465122559125,0.003091986845741364,0.0030919868472195737
234.75,-0.009744156914780266,-0.009744156369933159,-30.06021863521825,-30.060218635060775,0.00029440637196861914,0.00029440637675970946,0.0030940780022689638,0.003094078003749985
235.0,-0.009673280807737338,-0.009673280261691784,-30.05944727525616,-30.059447275098304,0.0002726008670883176,0.00027260087188475657,0.003076803750308057,0.0030768037517918925
235.25,-0.009604045074019348,-0.009604044526773948,-30.05868023114246,-30.058680230984216,0.0002812833868831463,0.0002812833916854175,0.00305954834077214,0.003059548342258794
235.5,-0.009531890619596134,-0.00953189007114949,-30.057916122533626,-30.057916122374994,0.0002959516727548406,0.0002959516775624644,0.003053319147036479,0.003053319148525954
235.75,-0.009456470455110423,-0.009456469905461137,-30.05715466009156,-30.05715465993254,0.00030740824666129817,0.0003074082514747582,0.0030383793094334107,0.0030383793109257104
236.0,-0.009378377711514233,-0.009378377160660905,-30.056396620156566,-30.05639661999716,0.0003173325417453333,0.0003173325465641499,0.0030259392348929858,0.003025939236388114
236.25,-0.00929640990478604,-0.00929640935272733,-30.055645041788747,-30.05564504162895,0.00033840622435139247,0.00033840622917556765,0.0029866857208812963,0.002986685722379256
236.5,-0.009209584209129307,-0.009209583655863817,-30.054904382933426,-30.054904382773238,0.0003561948196847003,0.0003561948245147177,0.002938583444636734,0.0029385834461375286
236.75,-0.009118911375324449,-0.009118910820850716,-30.05417569836257,-30.05417569820199,0.00036918336887573354,0.000369183373711595,0.002890891897704377,0.00289089189920801
237.0,-0.009025282983015559,-0.009025282427332122,-30.053456803436426,-30.053456803275456,0.00037984089719649597,0.0003798409020382036,0.002860266506715328,0.0028602665082218034
237.25,-0.008931033238885578,-0.008931032681991037,-30.052741103088884,-30.052741102927524,0.00037415754895367415,0.00037415755380074833,0.002865336809505767,0.002865336811015088
237.5,-0.008839862483386276,-0.00883986192527929,-30.052024034543035,-30.052024034381283,0.0003552090636703808,0.0003552090685228236,0.0028712133438145468,0.0028712133453267165
237.75,-0.008752650425328457,-0.008752649866007623,-30.05130669054435,-30.05130669038221,0.00034248706840601473,0.00034248707326430965,0.002867539845135153,0.0028675398466501746
238.0,-0.00866850407689656,-0.008668503516360474,-30.050589282714842,-30.050589282552306,0.0003306841269873589,0.0003306841318510264,0.0028717239037902307,0.0028717239053081076
238.25,-0.008587679904992002,-0.00858767934323926,-30.04987199697443,-30.0498719968115,0.00031590877464642795,0.00031590877951595157,0.002866563412573975,0.0028665634140947107
238.5,-0.00851033631640883,-0.00851033575343803,-30.049155744597492,-30.049155744434167,0.0003028396535035053,0.00030283965837840546,0.0028634568351622956,0.0028634568366858936
238.75,-0.008437129110518502,-0.008437128546328238,-30.048439427385237,-30.048439427221517,0.00028281834718501175,0.0002828183520657721,0.0028670827505459695,0.0028670827520724334
239.0,-0.008369544899831187,-0.008369544334419993,-30.04772333316246,-30.04772333299834,0.00025785483912847673,0.00025785484401509925,0.002861673385306811,0.0028616733868361446
239.25,-0.008306109399340815,-0.008306108832707286,-30.047009550503724,-30.047009550339208,0.0002496279413084916,0.0002496279462004967,0.002848588660280575,0.0028485886618127816
239.5,-0.008245473178163522,-0.008245472610306193,-30.046299895682406,-30.046299895517492,0.0002354599581006297,0.00023545996299898251,0.002828651246092226,0.002828651247627309
239.75,-0.008186110782782103,-0.008186110213699567,-30.045596223826273,-30.045596223660958,0.00023943658137913468,0.00023943658628239241,0.002800723228123755,0.0028007232296617173
240.0,-0.008127416365077139,-0.008127415794768047,-30.04489892107769,-30.044898920911976,0.0002301165989744203,0.00023011660388354816,0.0027776996392971627,0.0027776996408380083
240.25,-0.008066198530219596,-0.008066197958682542,-30.04420770990684,-30.044207709740725,0.000259623665473224,0.00025962367038774256,0.002751986945620054,0.0027519869471637863
240.5,-0.007997796607763534,-0.007997796034997109,-30.043522937356922,-30.043522937190406,0.00028758929304574613,0.000287589297966139,0.002726190817162902,0.0027261908187095236
240.75,-0.007924105287325239,-0.007924104713328033,-30.042845025584544,-30.042845025417627,0.0003019385397417279,0.0003019385446675155,0.0026971020090534687,0.0026971020106029836
241.0,-0.007845396776313178,-0.007845396201083843,-30.042174333204002,-30.04217433303668,0.0003277268581687338,0.00032772686309991817,0.0026684346040140206,0.002668434605566432
241.25,-0.007766547949038325,-0.007766547372575516,-30.04151140257229,-30.041511402404563,0.00030306062161680676,0.00030306062655338997,0.0026350127752935927,0.002635012776848904
241.5,-0.007694773710286504,-0.007694773132588751,-30.04085754782674,-30.04085754765861,0.0002711296055375747,0.00027112961048052204,0.0025958281996382214,0.0025958282011964364
241.75,-0.007630222269926942,-0.007630221690992712,-30.040213938921827,-30.040213938753293,0.00024527789408782495,0.00024527789903665677,0.0025530454770343997,0.002553045478595522
242.0,-0.0075701884189633235,-0.007570187838791147,-30.039578836545054,-30.039578836376116,0.00023499054066496836,0.0002349905456196866,0.002527774507095589,0.0025277745086596222
242.25,-0.007512191406719029,-0.007512190825307493,-30.038950249977475,-30.03895024980813,0.0002289830345785968,0.0002289830395387219,0.0025009185999808775,0.002500918601547825
242.5,-0.007454283867201303,-0.007454283284549116,-30.038326663873683,-30.038326663703934,0.000234276051145298,0.00023427605611035037,0.002487769731374865,0.0024877697329447304
242.75,-0.007395500015556017,-0.007395499431661827,-30.037707592701686,-30.03770759253153,0.00023599260577413962,0.00023599261074508452,0.0024647994828168383,0.0024647994843896245
243.0,-0.007335731368894633,-0.007335730783756967,-30.03709473368859,-30.03709473351803,0.00024215405720139394,0.00024215406217823347,0.002438072041090487,0.0024380720426661977
243.25,-0.007274309095020253,-0.007274308508637756,-30.03648945668028,-30.036489456509308,0.000249220944805777,0.00024922094978755007,0.0024041433591816047,0.0024041433607602434
243.5,-0.007213141601690352,-0.007213141014061792,-30.035893412950653,-30.035893412779274,0.0002401152464293678,0.00024011525141607638,0.0023642073363762633,0.002364207337957833
243.75,-0.007151663952656778,-0.0071516633637808,-30.035305346577307,-30.03530534640552,0.00025170370380500813,0.0002517037087976176,0.002340322557872105,0.002340322559456609
244.0,-0.00708834305578459,-0.007088342465659718,-30.03472506073785,-30.03472506056565,0.00025485986482408595,0.00025485986982259836,0.0023019638602982833,0.002301963861885725
244.25,-0.007024553475162704,-0.007024552883787462,-30.034152594699954,-30.034152594527345,0.00025545450881709155,0.00025545451382150895,0.0022777643868402693,0.002277764388430652
244.5,-0.006960725694449695,-0.006960725101822607,-30.03358650895614,-30.03358650878312,0.0002551652163452834,0.00025516522135560785,0.002250921590989613,0.002250921592582941
244.75,-0.0068989217055009855,-0.0068989211116205745,-30.033025545311983,-30.03302554513855,0.00023926537270984227,0.0002392653777260758,0.0022367890613738885,0.002236789062970165
245.0,-0.006840098262177105,-0.006840097667041894,-30.03246914925794,-30.032469149084093,0.00023132007056509237,0.000231320075587237,0.0022143801201210517,0.0022143801217202803
245.25,-0.006779250874608732,-0.006779250278217363,-30.03192101237638,-30.031921012202123,0.0002554549227243765,0.0002554549277514712,0.002170712656946309,0.002170712658548493
245.5,-0.006713084062095688,-0.006713083464446863,-30.03138146255924,-30.031381462384566,0.00027387722826407833,0.0002738772332966068,0.002145684143371788,0.0021456841449769308
245.75,-0.006642502225880915,-0.006642501626973275,-30.03084937188188,-30.030849371706793,0.0002907742064477648,0.00029077421148572915,0.002111039682477634,0.0021110396840857393
246.0,-0.006566775322840075,-0.006566774722672261,-30.03032477049455,-30.03032477031904,0.00031503864747297873,0.000315038652516381,0.002085769128592276,0.0020857691302033463
246.25,-0.006487473186767102,-0.006487472585337753,-30.02980778311451,-30.029807782938583,0.00031937509367503176,0.000319375098723874,0.0020501295029406526,0.002050129504554692
246.5,-0.006406975358346339,-0.006406974755654096,-30.029299933086243,-30.029299932909897,0.0003246040148892819,0.0003246040199435662,0.0020126702302631187,0.00201267023188013
246.75,-0.006325192812377329,-0.00632519220842077,-30.028801249576247,-30.028801249399482,0.00032965298383476685,0.0003296529888949769,0.001976797373740389,0.001976797375360376
247.0,-0.006241708134936921,-0.0062417075297146254,-30.028312095552778,-30.02831209537559,0.0003382206435649453,0.0003382206486306016,0.0019364340063214786,0.0019364340079444436
247.25,-0.006155310855846249,-0.006155310249356734,-30.02783410863074,-30.027834108453128,0.00035295298568531496,0.0003529529907573829,0.001887459981082667,0.0018874599827086139
247.5,-0.0060661698793083585,-0.006066169271550082,-30.027366671374875,-30.027366671196845,0.00036017150121796514,0.0003601715062959651,0.001852037385307967,0.0018520373869368994
247.75,-0.005976741213176879,-0.005976740604148357,-30.026908365602953,-30.026908365424504,0.00035525429454092496,0.00035525429962485905,0.0018144092537097877,0.0018144092553417093
248.0,-0.00588635077150539,-0.005886350161205139,-30.026459775138306,-30.026459774959434,0.0003678654730218884,0.0003678654781117588,0.0017743132745419651,0.0017743132761768796
248.25,-0.0057970502657632835,-0.005797049654189819,-30.0260170009919,-30.0260170008126,0.0003465379808497934,0.00034653798594560213,0.0017678819075520257,0.0017678819091899367
248.5,-0.005712204544513775,-0.005712203931665612,-30.025575870684992,-30.02557587050527,0.00033222716915487017,0.00033222717425661943,0.001761161896979438,0.001761161898620349
248.75,-0.005629734194624984,-0.005629733580500637,-30.025134290903797,-30.02513429072365,0.0003275366156446146,0.00032753662075230645,0.0017714767948802223,0.0017714767965241371
249.0,-0.00554876083424164,-0.005548760218839684,-30.024689482682792,-30.024689482502218,0.00032025174293900396,0.00032025174805215887,0.0017869896600329086,0.0017869896616798308
249.25,-0.005471413018740716,-0.005471412402059725,-30.02424519162048,-30.02424519143948,0.0002985289409463836,0.00029852894606548534,0.0017673408865611516,0.0017673408882110846
249.5,-0.0053969652525088395,-0.005396964634547386,-30.023808252978345,-30.023808252796915,0.00029704950761519556,0.00029704951273976457,0.001728168390073276,0.0017281683917262233
249.75,-0.005325488265775309,-0.005325487646532026,-30.02338049639129,-30.02338049620943,0.00027476316556467327,0.0002747631706947117,0.001693886407595688,0.001693886409251653
250.0,-0.0052574926319234605,-0.005257492011396921,-30.022961733935407,-30.022961733753117,0.0002691983643313337,0.0002691983694673253,0.001656213764186078,0.0016562137658450641
250.25,-0.005193629916739057,-0.005193629294927831,-30.022549662943682,-30.022549662760962,0.00024170187235462352,0.00024170187749608866,0.0016403567620700977,0.0016403567637321085
250.5,-0.005137442749976076,-0.005137442126878676,-30.022141026773028,-30.02214102658988,0.0002077943751080838,0.00020779438025598788,0.0016287358000488244,0.0016287358017138633
250.75,-0.00508846864720482,-0.005088468022819695,-30.02173629532724,-30.02173629514366,0.00018399660532136472,0.00018399661047522822,0.001609118009978017,0.001609118011646088
251.0,-0.005045084486030326,-0.0050450838603559875,-30.021334872139526,-30.021334871955517,0.00016307604533103052,0.00016307605049085556,0.0016022694641822572,0.001602269465853364
251.25,-0.005004981520559133,-0.0050049808935940885,-30.020939009714745,-30.020939009530302,0.0001577441362263078,0.0001577441413920965,0.0015646304368230547,0.001564630438497201
251.5,-0.004967135534788911,-0.004967134906531731,-30.020552709844694,-30.020552709659817,0.00014502009218089054,0.00014502009735216343,0.0015257697232862796,0.0015257697249634688
251.75,-0.004930588061134057,-0.004930587431583369,-30.020176320518082,-30.020176320332773,0.00014735589160875056,0.00014735589678550976,0.0014853446694440137,0.0014853446711242493
252.0,-0.004894782260008431,-0.0048947816291627436,-30.01981049156467,-30.019810491378923,0.00013908636941292434,0.00013908637459613524,0.0014412877375815745,0.0014412877392648601
252.25,-0.0048588928525018,-0.00485889222035956,-30.019452815718925,-30.01945281553274,0.00014802690050503731,0.00014802690569422044,0.0014201181855221531,0.0014201181872084926
252.5,-0.004821998739953577,-0.0048219981065132905,-30.01910213157846,-30.01910213139184,0.00014712272829333557,0.00014712273348849303,0.0013853550235078532,0.0013853550251972501
252.75,-0.004785284657475755,-0.0047852840227359285,-30.0187584779116,-30.018758477724543,0.0001465879121945264,0.00014658791739566036,0.0013638743618456654,0.0013638743635381232
253.0,-0.004748230696813225,-0.0047482300607723646,-30.018421643032337,-30.018421642844842,0.0001498406611764973,0.00014984066638360993,0.0013308043656513348,0.0013308043673468572
253.25,-0.004713683570916762,-0.004713682933573432,-30.018091744185558,-30.018091743997626,0.00012653423815222963,0.0001265342433648415,0.0013083886059686684,0.0013083886076672591
253.5,-0.004683683612198651,-0.004683682973551477,-30.017766253043934,-30.017766252855562,0.00011346422518457713,0.0001134642304026903,0.0012955417593339977,0.00129554176103566
253.75,-0.004658140072467112,-0.004658139432514779,-30.01744559946753,-30.017445599278716,9.088165934018442e-05,9.088166456331945e-05,0.0012696889810664186,0.0012696889827711558
254.0,-0.004636861050488182,-0.004636860409229373,-30.017129895367436,-30.017129895178183,7.934922409673915e-05,7.93492293253798e-05,0.0012559449070106417,0.001255944908718457
254.25,-0.004615427648765001,-0.00461542700619822,-30.016819919266904,-30.01681991907721,9.211496838896123e-05,9.211497362407289e-05,0.0012238626937255853,0.0012238626954364823
254.5,-0.0045896773092982315,-0.00458967666542186,-30.016518379290016,-30.016518379099878,0.00011388441321452528,0.00011388441845611013,0.0011884550690067638,0.0011884550707207467
254.75,-0.00455790905060698,-0.00455790840541958,-30.016224081567398,-30.016224081376816,0.00014025953717773768,0.0001402595424243531,0.001165924225342773,0.0011659242270598451
255.0,-0.004522106513644774,-0.004522105867144967,-30.01593562163759,-30.015935621446562,0.00014615848552778168,0.00014615849078039307,0.001141754657038811,0.001141754658758976
255.25,-0.004487270034994937,-0.004487269387181224,-30.015653093589286,-30.015653093397816,0.00013253115404976767,0.0001325311593083772,0.0011184710142360186,0.0011184710159592801
255.5,-0.004457889752146909,-0.004457889103017849,-30.015377759739994,-30.015377759548077,0.0001025078825910107,0.00010250788785513888,0.0010842026107708662,0.0010842026124972277
255.75,-0.004435527074038578,-0.0044355264235927325,-30.015109649912713,-30.01510964972035,7.639132798440635e-05,7.639133325453696e-05,0.0010606784698136806,0.0010606784715431455
256.0,-0.004419446485571887,-0.004419445833807815,-30.014846651456395,-30.014846651263586,5.2251744950197623e-05,5.225175022585121e-05,0.0010433114566811574,0.0010433114584137292
256.25,-0.004404956008203004,-0.0044049553551192035,-30.014590222436023,-30.014590222242767,6.366875841421788e-05,6.366876369635984e-05,0.001008119629937631,0.0010081196316733135
256.5,-0.004389597313453699,-0.004389596659048668,-30.014341385959945,-30.014341385766237,5.9198393449304886e-05,5.919839873697417e-05,0.000982572600225215,0.000982572601964012
256.75,-0.0043729160898169535,-0.00437291543408931,-30.014099783901777,-30.014099783707618,7.424835020863156e-05,7.424835550183038e-05,0.0009502424462576208,0.0009502424479995353
257.0,-0.004353594736162754,-0.004353594079110996,-30.013865016311016,-30.013865016116405,8.032037544183687e-05,8.032038074153063e-05,0.0009278977074300794,0.0009278977091751148
257.25,-0.004333345076888094,-0.004333344418510658,-30.013632913806266,-30.013632913611204,8.167699858519757e-05,8.167700389090685e-05,0.0009289222027291426,0.0009289222044773028
257.5,-0.004311748572313731,-0.004311747912609052,-30.013401328383612,-30.0134013281881,9.1094554797034e-05,9.109456010924262e-05,0.0009237602906626008,0.0009237602924138897
257.75,-0.004286811720444364,-0.004286811059410938,-30.013170692995985,-30.01317069280002,0.00010840003418680186,0.00010840003950454881,0.0009213211788303633,0.0009213211805847844
258.0,-0.004259341425658004,-0.004259340763294446,-30.01294066630407,-30.012940666107653,0.00011136209948209659,0.00011136210480538404,0.0009188920772886821,0.000918892079046239
258.25,-0.004230715005750203,-0.004230714342055066,-30.01271110195803,-30.01271110176116,0.00011764914462604294,0.0001176491499553547,0.0009176220983298147,0.0009176221000905108
258.5,-0.004200067387182546,-0.004200066722154385,-30.01248135533433,-30.012481355137005,0.00012753206600291347,0.00012753207133777022,0.0009203499595375856,0.0009203499613014246
258.75,-0.00416682491683885,-0.004166824250476218,-30.012251840534123,-30.012251840336344,0.00013840727002059205,0.00013840727536147758,0.00091576741686054,0.0009157674186275255
259.0,-0.00412998496716814,-0.004129984299469529,-30.012024016430598,-30.01202401623236,0.0001563114900229124,0.00015631149536982894,0.0009068237233952027,0.0009068237251653385
259.25,-0.004090400048778657,-0.004090399379742559,-30.011795950467405,-30.011795950268713,0.0001603688891871133,0.00016036889454006302,0.0009177035996515046,0.0009177036014247944
259.5,-0.0040515629746046946,-0.004051562304229722,-30.011566317344684,-30.011566317145533,0.0001503278668042307,0.00015032787216225261,0.0009193623288513245,0.0009193623306277715
259.75,-0.004013546893572491,-0.004013546221857315,-30.011336177656595,-30.011336177456986,0.00015380101310385048,0.0001538010184674284,0.00092175484845865,0.0009217548502382577
260.0,-0.003974197131969131,-0.003974196458912303,-30.011105148090426,-30.011105147890355,0.00016099753160320912,0.00016099753697282687,0.0009264810024671442,0.0009264810042499161
260.25,-0.003937426024167585,-0.003937425349767595,-30.010871973097935,-30.010871972897405,0.0001331725095950837,0.00013317251497074354,0.0009389215608651935,0.0009389215626511334
260.5,-0.003908302876588591,-0.003908302200843927,-30.010636509611444,-30.010636509410453,9.981322892669951e-05,9.981323430840365e-05,0.0009447894762421927,0.0009447894780313042
260.75,-0.0038869900619556597,-0.003886989384864812,-30.010398681737936,-30.010398681536483,7.069052160440026e-05,7.069052699215089e-05,0.0009578362575942643,0.0009578362593865511
261.0,-0.0038722477091197188,-0.0038722470306811153,-30.01016017491773,-30.010160174715814,4.7247585425227315e-05,4.724759081950826e-05,0.0009502205143333751,0.0009502205161288412
261.25,-0.0038597196177344788,-0.0038597189379466074,-30.009922549725243,-30.009922549522866,5.297720045539611e-05,5.297720585524634e-05,0.0009507804854236692,0.0009507804872223181
261.5,-0.003845630765247999,-0.0038456300841094066,-30.00968440600931,-30.00968440580647,5.97339599803892e-05,5.9733965386292566e-05,0.0009543686050549417,0.0009543686068567771
261.75,-0.003830975125445495,-0.003830974442954728,-30.009443017498267,-30.009443017294966,5.751326994291587e-05,5.751327535439299e-05,0.0009767396926986724,0.0009767396945036984
262.0,-0.0038163960119962812,-0.003816395328151886,-30.00919874488561,-30.009198744681843,5.911970610830059e-05,5.9119711525835315e-05,0.0009774410571755264,0.0009774410589837464
262.25,-0.0038027519572463014,-0.003802751272046763,-30.008956192822463,-30.00895619261823,5.003137032954027e-05,5.003137575313486e-05,0.0009629763049120313,0.0009629763067234488
262.5,-0.0037907621878859876,-0.0037907615013298515,-30.008717452120244,-30.00871745191554,4.5885275474316805e-05,4.588528090349188e-05,0.0009469497038054144,0.0009469497056200329
262.75,-0.0037810820848007336,-0.003781081396886544,-30.008480556093446,-30.008480555888273,3.1555670507546816e-05,3.155567594278624e-05,0.0009482198616556771,0.0009482198634735001
263.0,-0.0037732935320920298,-0.003773292842818331,-30.00824351812953,-30.008243517923887,3.075273959193921e-05,3.075274503276361e-05,0.0009480839254482504,0.0009480839272692816
263.25,-0.0037660188172451,-0.0037660181266104954,-30.008006624538265,-30.008006624332154,2.7444884293416555e-05,2.7444889739828174e-05,0.0009470651165783769,0.0009470651184026197
263.5,-0.0037605090412687935,-0.0037605083492717652,-30.0077717346881,-30.00777173448152,1.6631909208435483e-05,1.663191466139981e-05,0.0009320547042486923,0.0009320547060761504
263.75,-0.00375863255253979,-0.0037586318591787595,-30.007540402158256,-30.007540401951207,-1.6212669092573072e-06,-1.6212614502196248e-06,0.0009186072554585236,0.0009186072572892009
264.0,-0.0037597032133937294,-0.0037597025186672387,-30.007310992157777,-30.007310991950256,-6.944202432797921e-06,-6.944196968166256e-06,0.0009166732502898695,0.0009166732521237697
264.25,-0.003761514057308585,-0.003761513361215235,-30.00708296761686,-30.007082967408866,-7.543411854011187e-06,-7.543406383783286e-06,0.0009075231335907129,0.0009075231354278393
264.5,-0.003764635257472198,-0.0037646345600105898,-30.00685612027797,-30.0068561200695,-1.7426215091917935e-05,-1.7426209616091505e-05,0.0009072565093546752,0.0009072565111950315
264.75,-0.003768158317225892,-0.0037681576183946253,-30.006629578721462,-30.006629578512516,-1.0758469145767178e-05,-1.0758463664339968e-05,0.0009050753141238738,0.0009050753159674632
265.0,-0.0037708843040653237,-0.003770883603863058,-30.006405021569684,-30.006405021360262,-1.1050717026057421e-05,-1.1050711539508782e-05,0.0008913819277166496,0.0008913819295634757
265.25,-0.003772239403579348,-0.003772238702004683,-30.006184769589012,-30.006184769379114,2.0796446293219994e-07,2.0796995556777208e-07,0.0008706328562378131,0.0008706328580878792
265.5,-0.0037704997125925298,-0.0037704990096439433,-30.00596972322538,-30.005969723015006,1.3707593616170567e-05,1.3707599114895355e-05,0.0008497367801207377,0.0008497367819740476
265.75,-0.0037668382180389096,-0.0037668375137148787,-30.005760336803444,-30.005760336592594,1.558206461592722e-05,1.5582070120743492e-05,0.0008253544186974564,0.000825354420554014
266.0,-0.0037605561929974986,-0.0037605554872965,-30.00555740889837,-30.00555740868704,3.4671564049467005e-05,3.4671569560377086e-05,0.0007980670222030765,0.0007980670240628853
266.25,-0.0037500264876890108,-0.0037500257806095815,-30.005361361436798,-30.00536136122499,4.956346327499381e-05,4.956346879151836e-05,0.0007703112664059214,0.0007703112682689851
266.5,-0.0037371365452401484,-0.0037371358367808243,-30.0051718157251,-30.005171815512806,5.3553791394433866e-05,5.3553796917056766e-05,0.0007460540510383773,0.0007460540529046996
266.75,-0.0037229542814714825,-0.003722953571630678,-30.004987784019455,-30.00498778380668,5.99024490782798e-05,5.9902454607484954e-05,0.0007261989956184328,0.0007261989974880175
267.0,-0.0037065536245344355,-0.0037065529133106256,-30.004808861428018,-30.00480886121476,7.130082742184511e-05,7.130083295667161e-05,0.0007051806613031798,0.0007051806631760307
267.25,-0.0036881975216764493,-0.003688196809068168,-30.004636317260626,-30.004636317046884,7.554516917183696e-05,7.554517471276872e-05,0.0006751722777284927,0.0006751722796046135
267.5,-0.0036677348148103552,-0.0036677341008160154,-30.004472460787724,-30.0044724605735,8.815276551828448e-05,8.815277106580541e-05,0.0006356783168902248,0.0006356783187696193
267.75,-0.003642681310638455,-0.0036426805952564697,-30.004318544409916,-30.004318544195204,0.00011227149801413164,0.00011227150356776244,0.0005956504317181401,0.0005956504336008124
268.0,-0.0036116828785992526,-0.0036116821618280936,-30.004174804616063,-30.00417480440087,0.00013571206148451094,0.00013571206704425396,0.0005542657091549721,0.000554265711040926
268.25,-0.0035753867902762813,-0.003575386072114481,-30.0040332263288,-30.00403322611312,0.00015465892241671683,0.00015465892798209276,0.000578358802695802,0.000578358804585041
268.5,-0.0035356332890685567,-0.003535632569514646,-30.00388720520834,-30.00388720499217,0.00016337017316848086,0.00016337017873997362,0.0005898093397434138,0.0005898093416359415
268.75,-0.0034910309873856646,-0.003491030266438054,-30.003738324209756,-30.0037383239931,0.0001934493247251169,0.00019344933030321043,0.0006012358130974003,0.0006012358149932206
269.0,-0.003438639208995299,-0.003438638486652338,-30.00358655632688,-30.003586556109738,0.0002256860108833216,0.0002256860164680182,0.0006129042106684969,0.0006129042125676138
269.25,-0.0033835097377970602,-0.0033835090140570978,-30.0034350313173,-30.003435031099666,0.00021534848461275005,0.00021534849020405202,0.0005992968406639908,0.0005992968425664084
269.5,-0.0033307272603984007,-0.0033307265352599054,-30.003288915851353,-30.00328891563323,0.0002069085457968958,0.0002069085513938422,0.0005696276826862611,0.0005696276845919831
269.75,-0.003279096979634377,-0.0032790962530958173,-30.003149164006913,-30.003149163788297,0.00020613170600641787,0.00020613171160997426,0.0005483871461444725,0.0005483871480535027
270.0,-0.003228626222261394,-0.0032286254943212373,-30.00301524045344,-30.003015240234333,0.00019763196773479516,0.00019763197334400065,0.0005230020830563443,0.0005230020849686866
270.25,-0.0031781143695833966,-0.0031781136402401705,-30.002886077106048,-30.002886076886448,0.00020646166457576764,0.00020646167019110613,0.0005103038636690366,0.0005103038655846946
270.5,-0.0031251064988972762,-0.003125105768149507,-30.002757439416342,-30.002757439196248,0.00021760211009454888,0.0002176021157155411,0.0005187966037128481,0.0005187966056318254
270.75,-0.0030705022737091115,-0.0030705015415553854,-30.00262930036601,-30.002629300145422,0.0002192305234356316,0.00021923052906227985,0.0005063156454627961,0.0005063156473850962
271.0,-0.003012688048532119,-0.0030126873149709616,-30.00250399856234,-30.002503998341258,0.00024328232376527104,0.00024328232939805933,0.0004960965163280272,0.0004960965182536539
271.25,-0.0029557345481689965,-0.0029557338131988723,-30.00238156941899,-30.002381569197414,0.00021234448551801322,0.00021234449115694392,0.00048333954734758187,0.00048333954927653853
271.5,-0.002906312874387535,-0.0029063121380069686,-30.00226171304418,-30.002261712822108,0.00018302817486435082,0.00018302818050894463,0.0004755142151421925,0.00047551421707448286
271.75,-0.0028627990626877396,-0.002862798324895255,-30.002143182041863,-30.002143181819292,0.00016508206371685638,0.0001650820693675972,0.00047273549542786335,0.0004727354973634911
272.0,-0.0028232072710843506,-0.0028232065318784705,-30.002026592738186,-30.002026592515115,0.00015165107286852365,0.00015165107852493223,0.0004599802003347811,0.0004599802022737499
272.25,-0.002785282972272873,-0.00278528223165212,-30.001911478122718,-30.001911477899146,0.0001517434138717778,0.00015174341953433807,0.0004609367147626876,0.00046093671670500107
272.5,-0.002749287906042665,-0.0027492871640055006,-30.001795223296146,-30.001795223072072,0.00013621789168497513,0.00013621789735368946,0.00046910336162588756,0.0004691033635715495
272.75,-0.0027151676326118757,-0.0027151668891567614,-30.00167713899629,-30.001677138771715,0.0001367449109918279,0.0001367449166666986,0.00047557098758762163,0.0004755709895366358
273.0,-0.0026830321237611646,-0.0026830313788865612,-30.00155740038478,-30.001557400159705,0.00012033980308993167,0.0001203398087709611,0.0004823394512166356,0.0004823394531690059
273.25,-0.0026535122756532175,-0.002653511529357585,-30.00143674554424,-30.00143674531866,0.00011581903931721516,0.00011581904500440565,0.0004828996993828382,0.0004828997013385684
273.5,-0.0026260321889862975,-0.002626031441268035,-30.001317323151397,-30.001317322925317,0.0001040206760922086,0.00010402068178604412,0.00047248055575948797,0.000472480557718582
273.75,-0.0026024029215224093,-0.0026024021723799157,-30.001199389150248,-30.001199388923663,8.501332717504112e-05,8.501333287504244e-05,0.00047099324552248473,0.00047099324748494655
274.0,-0.0025837794251501378,-0.0025837786745818714,-30.001083725307826,-30.001083725080736,6.397307477070569e-05,6.397308047687516e-05,0.000454319477596695,0.0004543194795625285
274.25,-0.0025671853921051214,-0.0025671846401096,-30.000970300652558,-30.000970300424964,6.877907513226858e-05,6.877908084412694e-05,0.0004530773114901489,0.0004530773134593576
274.5,-0.002547647315588912,-0.0025476465621646527,-30.00085533796738,-30.00085533773928,8.752681716208807e-05,8.752682288011931e-05,0.0004666224024292188,0.00046662240440180645
274.75,-0.002523966632768351,-0.0025239658779137504,-30.000739695195,-30.000739694966395,0.00010191788514323289,0.000101917890867921,0.0004585184198491881,0.00045851842182515867
275.0,-0.002497029405809548,-0.002497028649522941,-30.000623850372605,-30.00062385014349,0.00011358085130436619,0.00011358085703571354,0.0004682390597807231,0.0004682390617600806
275.25,-0.0024684966589839283,-0.0024684959012637106,-30.0005095200455,-30.00050951981588,0.00011467906919265726,0.00011467907493018459,0.00044640345355728814,0.00044640345554003663
275.5,-0.0024389172451236385,-0.0024389164859682042,-30.00040341605732,-30.000403415827186,0.00012195210037007452,0.00012195210611426583,0.0004024277662418007,0.00040242776822794416
275.75,-0.002408944056320927,-0.0024089432957287303,-30.000307426627405,-30.00030742639676,0.00011782993215140823,0.00011782993790130268,0.00036548806179007097,0.00036548806377961323
276.0,-0.002377771147904473,-0.002377770385874027,-30.000218676190876,-30.000218675959715,0.00013155136273452377,0.00013155136849060542,0.0003445141368445907,0.0003445141388375354
276.25,-0.002346240360323922,-0.0023462395968536203,-30.000135227781474,-30.0001352275498,0.00012069292158201635,0.00012069292734476913,0.00032307416216464127,0.0003230741641609924
276.5,-0.002318420819337499,-0.0023184200544256735,-30.000058291119597,-30.00005829088741,0.00010186052075465164,0.00010186052652407798,0.0002924209084507579,0.0002924209104505196
276.75,-0.0022940984984765674,-0.002294097732121609,-29.999988309361633,-29.99998830912893,9.271569424636521e-05,9.271570002198585e-05,0.0002674340174920202,0.00026743401949519635
277.0,-0.0022732761618353397,-0.0022732753940357003,-29.999924564812716,-29.999924564579498,7.386065369899218e-05,7.386065948080954e-05,0.0002425241515635279,0.0002425241535701223
277.25,-0.0022520777681043747,-0.002252076998858504,-29.99986667746295,-29.999866677229214,9.572442993456982e-05,9.57244357225863e-05,0.00022057258529104397,0.0002205725873010604
277.5,-0.0022267031259662427,-0.0022267023552725914,-29.999812703769585,-29.99981270353533,0.00010727182907434239,0.00010727183486856039,0.00021121587299479134,0.00021121587500823362
277.75,-0.002197480335544725,-0.002197479563401682,-29.999762073892043,-29.99976207365727,0.00012650885900657182,0.00012650886480747542,0.00019382133372438664,0.0001938213357412588
278.0,-0.002163629249899467,-0.0021636284763054806,-29.99971400242846,-29.999714002193166,0.00014429954188177138,0.00014429954768839975,0.0001907486976878498,0.00019074869970815562
278.25,-0.0021254420049294743,-0.002125441229882993,-29.99966327064382,-29.999663270408007,0.00016120072021814642,0.0001612007260314652,0.00021510398603694653,0.0002151039880606899
278.5,-0.002083010304444427,-0.0020830095279438378,-29.99960684670355,-29.99960684646722,0.0001782548874964838,0.00017825489331601378,0.00023628592828140767,0.0002362859303085926
278.75,-0.0020347930279139663,-0.002034792249957716,-29.999544571137708,-29.999544570900856,0.0002074857488644096,0.0002074857546901532,0.00026191584261745106,0.0002619158446480815
279.0,-0.0019789374360002854,-0.0019789366565867604,-29.999475622177986,-29.99947562194061,0.0002393616123259832,0.00023936161815842451,0.0002896728299501439,0.0002896728319842238
279.25,-0.0019188564168380491,-0.0019188556359655753,-29.999402836361558,-29.99940283612366,0.0002412868278346424,0.00024128683367378374,0.00029261352002272486,0.0002926135220602583
279.5,-0.0018571387306058574,-0.0018571379482728197,-29.99932979733184,-29.999329797093417,0.0002524545855502708,0.00025245459139563314,0.0002916976648909918,0.0002916976669319828
279.75,-0.0017925222319144926,-0.0017925214481193355,-29.99925441343469,-29.999254413195743,0.0002644792692620866,0.0002644792751136723,0.0003113723786596089,0.0003113723807040613
280.0,-0.0017262764182692774,-0.0017262756330104448,-29.999175382885085,-29.99917538264561,0.00026548814612115557,0.0002654881519789671,0.0003208719231326043,0.00032087192518052195
280.25,-0.001661578591518948,-0.001661577804794883,-29.999097060632643,-29.99909706039264,0.00025209304850952176,0.00025209305437356153,0.0003057073593676434,0.0003057073614190302
280.5,-0.001599332475956527,-0.0015993316877656123,-29.999024432120798,-29.99902443188027,0.00024587302113663625,0.0002458730270073883,0.00027532132187321995,0.00027532132392807986
280.75,-0.0015383256053516836,-0.0015383248156922407,-29.998958371280292,-29.998958371039237,0.00024217986462353133,0.00024217987050099803,0.0002531657504199181,0.00025316575247825534
281.0,-0.0014798581720303248,-0.001479857380900735,-29.99889883809184,-29.998898837850255,0.00022555677681126868,0.00022555678269497087,0.0002231013244796344,0.0002231013265414528
281.25,-0.0014268380246838708,-0.001426837232082575,-29.998844368910195,-29.998844368668077,0.00019860342552710373,0.00019860343141704385,0.00021265466992676047,0.00021265467199206394
281.5,-0.0013804558165061295,-0.0013804550224315677,-29.998793532269218,-29.99879353202657,0.00017245249240155247,0.00017245249829773296,0.00019404092345856011,0.00019404092552735252
281.75,-0.001340752856314376,-0.0013407520607650481,-29.99874524016542,-29.99874523992224,0.00014517103120625084,0.00014517103710819253,0.00019229847910341884,0.00019229848117570386
282.0,-0.0013078594822031498,-0.0013078586851774949,-29.998696473636937,-29.998696473393224,0.0001179764890564539,0.00011797649496512242,0.0001978363127293266,0.00019783631480510812
282.25,-0.001274257512972715,-0.0012742567144691714,-29.998646128347715,-29.998646128103466,0.00015083993829090187,0.00015083994420533653,0.0002049229027220352,0.0002049229048013171
282.5,-0.0012334799068854743,-0.0012334791069026,-29.998593296498598,-29.998593296253816,0.00017538212435165755,0.00017538213027186079,0.00021772957641533468,0.00021772957849812058
282.75,-0.00118621124929919,-0.0011862104478354825,-29.998539571268186,-29.99853957102287,0.00020276661028381944,0.0002027666162102753,0.00021206968510482436,0.00021206968719111798
283.0,-0.0011329907408283064,-0.0011329899378822623,-29.998486965462565,-29.998486965216713,0.00022299715535979434,0.0002229971612920237,0.00020877485256132224,0.00020877485465112732
283.25,-0.00107644953260165,-0.0010764487281717655,-29.998436356440124,-29.998436356193736,0.00022933132419950962,0.00022933133013799652,0.00019609672983386355,0.00019609673192718386
283.5,-0.0010179462848451373,-0.001017945478929908,-29.998390203777245,-29.99839020353032,0.00023869250130214022,0.0002386925072464055,0.00017312369067249176,0.00017312369276933107
283.75,-0.0009559592933644728,-0.0009559584859624541,-29.998350335893655,-29.998350335646194,0.0002572008660307442,0.0002572008719807905,0.00014581763311363006,0.00014581763521399196
284.0,-0.0008901912596737502,-0.0008901904507834965,-29.998317130115264,-29.998317129867264,0.00026894096365245293,0.00026894096960828267,0.00011982748720739299,0.00011982748931128107
284.25,-0.0008208591727355166,-0.0008208583623555215,-29.998287426776766,-29.998287426528226,0.0002857155515712641,0.0002857155575333614,0.00011779763932033083,0.0001177976414277488
284.5,-0.0007457690749690436,-0.0007457682630977399,-29.99825747180923,-29.998257471560144,0.00031500562362856744,0.0003150056295969348,0.00012183933956194521,0.00012183934167289696
284.75,-0.0006631504515764248,-0.0006631496382122449,-29.998228848602693,-29.998228848353065,0.00034594199118954494,0.00034594199716418483,0.0001071433960883001,0.00010714339820278955
285.0,-0.0005751706452780853,-0.0005751698304194003,-29.998201399926213,-29.99820139967604,0.00035789697310148065,0.00035789697908287707,0.0001124448886792353,0.00011244489079726646
285.25,-0.00048803921119286876,-0.00048803839483804983,-29.998174598633412,-29.998174598382697,0.0003391535256808334,0.00033915353166850726,0.00010196722093200534,0.00010196722305358225
285.5,-0.00040420461797406344,-0.00040420380012148063,-29.998147517924455,-29.998147517673196,0.00033152443197264004,0.00033152443796707545,0.0001146791700577013,0.000114679172182828
285.75,-0.00032100402255534567,-0.0003210032032033685,-29.998119427170007,-29.9981194269182,0.00033407990793012977,0.0003340799139308476,0.00011004662465270385,0.00011004662678138439
286.0,-0.00023932285225414598,-0.00023932203140120367,-29.998091314943323,-29.99809131469097,0.0003193699206560736,0.00031936992666307636,0.00011485257574995077,0.00011485257788218903
286.25,-0.0001584320233822769,-0.00015843120102685808,-29.9980618489557,-29.9980618487028,0.0003277572910149079,0.00032775729702771647,0.00012087453451821239,0.00012087453665401214
286.5,-7.49768247252008e-05,-7.497600086573336e-05,-29.99803054012317,-29.99803053986972,0.0003398851337630712,0.0003398851397826513,0.00012959498236449576,0.000129594984503861
286.75,1.2401279426547481e-05,1.240210479166639e-05,-29.997998224499828,-29.997998224245826,0.0003591396505656483,0.00035913965659128,0.0001289281891177469,0.00012892819126068155
287.0,0.00010340270578795882,0.00010340353266039297,-29.99796417086788,-29.99796417061333,0.0003688731487193255,0.0003688731547522153,0.00014349994882389264,0.00014349995097040087
287.25,0.00019467627132437125,0.00019467709970593554,-29.99793080828033,-29.997930808025224,0.0003613134952793535,0.0003613135013195039,0.0001234014643822115,0.0001234014665322978
287.5,0.000283307306671042,0.0002833081365636122,-29.99790235394837,-29.997902353692712,0.00034773299460015745,0.00034773300064805266,0.00010423447173268027,0.00010423447388634914
287.75,0.00037019599103451365,0.00037019682244002623,-29.997878285351703,-29.997878285095492,0.00034737499325040354,0.00034737499930604596,8.831433540267594e-05,8.831433755993214e-05
288.0,0.0004560347452646163,0.0004560355781850085,-29.99785925688376,-29.997859256626995,0.00033933275386304195,0.00033933275992643414,6.391416643404833e-05,6.39141685948966e-05
288.25,0.0005385131422951216,0.0005385139767323312,-29.997841350473454,-29.997841350216135,0.00032049588982911736,0.00032049589590026187,7.93388920196593e-05,7.933889418410437e-05
288.5,0.000618941468342976,0.0006189423042989414,-29.997822100402164,-29.997822100144287,0.0003229302904302063,0.0003229302965091056,7.466144884595503e-05,7.466145101400161e-05
288.75,0.0006972387996267831,0.0006972396371034435,-29.997804406968367,-29.997804406709935,0.0003034476394693027,0.0003034476455559594,6.68878584141227e-05,6.688786058577556e-05
289.0,0.0007724842262193455,0.0007724850652185803,-29.997787607755637,-29.997787607496647,0.0002985158436181789,0.00029851584971211394,6.750630846118841e-05,6.750631063645214e-05
289.25,0.000846021558231286,0.0008460223987548549,-29.99777184396168,-29.997771843702132,0.0002897819850103545,0.00028978199111108873,5.860486668679633e-05,5.8604868865675246e-05
289.5,0.0009156927595693082,0.0009156936016190317,-29.99775892030675,-29.997758920046643,0.0002675863340345908,0.00026758634014309,4.4786465421035466e-05,4.478646760353406e-05
289.75,0.0009803558073622068,0.0009803566509399668,-29.997747916292344,-29.997747916031678,0.00024971791354449075,0.0002497179196602759,4.324733453045648e-05,4.324733671657934e-05
290.0,0.0010421599058848133,0.0010421607509924315,-29.997737972150556,-29.99773797188933,0.0002447142301176751,0.0002447142362407487,3.6306271575409846e-05,3.630627376516147e-05
290.25,0.0011045165936218394,0.0011045174402611383,-29.99772553567496,-29.99772553541317,0.0002541418158634225,0.00025414182199378705,6.318464440584938e-05,6.31846465992343e-05
290.5,0.0011695964073486953,0.0011695972555214977,-29.99770861544323,-29.99770861518088,0.00026649755207830303,0.00026649755821596106,7.217604457492982e-05,7.217604677195249e-05
290.75,0.0012382543859995661,0.0012382552357076957,-29.9976902581403,-29.997690257877384,0.0002827665242678299,0.000282766530412784,7.468084508671207e-05,7.468084728737697e-05
291.0,0.0013097071965923403,0.0013097080478376216,-29.997669406166068,-29.997669405902588,0.0002888576174351528,0.00028885762358740557,9.213437453612468e-05,9.213437674043634e-05
291.25,0.0013843611058780166,0.0013843619586622745,-29.997645563622328,-29.99764556335828,0.00030837427876742466,0.0003083742849269786,9.860413540980063e-05,9.86041376177635e-05
291.5,0.0014639788490223985,0.0014639797033474586,-29.99762113609458,-29.997621135829963,0.0003285675103686368,0.0003285675165354945,9.68141828072687e-05,9.681418501888728e-05
291.75,0.0015464175349474783,0.001546418390815167,-29.99759846460158,-29.997598464336395,0.00033094083465876344,0.0003309408408329274,8.455753749256311e-05,8.455753970784192e-05
292.0,0.0016289361629686912,0.0016289370203807752,-29.997577802235895,-29.99757780197014,0.00032920784294052796,0.00032920784912151917,8.074155142443249e-05,8.074155364337586e-05
292.25,0.0017068510522467316,0.001706851911204918,-29.99756077928433,-29.99756077901801,0.00029410889881209003,0.0002941089049999111,5.54453702866639e-05,5.544537250927607e-05
292.5,0.0017772839606644624,0.0017772848211704592,-29.997547260160477,-29.997547259893587,0.0002693541219024152,0.00026935412809706873,5.270995449145263e-05,5.27099567177378e-05
292.75,0.0018409277764358366,0.0018409286384914723,-29.99753513165726,-29.997535131389796,0.00023979562352284813,0.00023979562972529974,4.432085810336142e-05,4.4320860333324095e-05
293.0,0.001897963141602255,0.0018979640052094796,-29.99752527081591,-29.997525270547875,0.00021648638743584854,0.00021648639364610085,3.456807034867497e-05,3.4568072582319934e-05
293.25,0.0019541522428549664,0.001954153108015731,-29.997514737837236,-29.99751473756863,0.00023302785767588375,0.00023302786389393934,4.969419956726316e-05,4.969420180459519e-05
293.5,0.0020127469123921706,0.0020127477791083664,-29.997499043312224,-29.997499043043046,0.0002357319750875797,0.0002357319813129595,7.586174562275368e-05,7.586174786377747e-05
293.75,0.0020737800494937363,0.0020737809177671946,-29.997479542793354,-29.9974795425236,0.0002525335349237998,0.0002525335411565066,8.014082133959467e-05,8.014082358431471e-05
294.0,0.0021372543724868095,0.0021372552423194226,-29.997458968373348,-29.997458968103018,0.0002552614658520174,0.0002552614720925353,8.445428158102385e-05,8.445428382944478e-05
294.25,0.002200941986441461,0.002200942857835122,-29.997441168818074,-29.99744116854717,0.0002542369564067773,0.0002542369626546273,5.7942257248126875e-05,5.794225950025335e-05
294.5,0.0022652264630119026,0.0022652273359684443,-29.997430503944564,-29.99743050367308,0.0002600359846558712,0.0002600359909110559,2.7376184170328907e-05,2.737618642616547e-05
294.75,0.002331751344981951,0.0023317522195032076,-29.99742719746515,-29.997427197193087,0.00027216041345070447,0.0002721604197132265,-9.25491908813686e-07,-9.254896492625647e-07
295.0,0.0024000579324021886,0.002400058808489995,-29.997431456424614,-29.997431456151972,0.00027428925903656226,0.00027428926530642417,-3.314638444850409e-05,-3.3146382185233836e-05
295.25,0.002465468878367482,0.002465469756023673,-29.99744071755931,-29.997440717286086,0.0002489975843359828,0.00024899759061318725,-4.09403085491138e-05,-4.0940306282119944e-05
295.5,0.0025243126932380003,0.0025243135724645326,-29.99745270825927,-29.997452707985463,0.00022175162011656447,0.0002217516264020772,-5.498272229910726e-05,-5.498272002838499e-05
295.75,0.0025751473459518846,0.0025751482267506553,-29.997468764155332,-29.997468763880942,0.00018492386758819682,0.00018492387388057563,-7.346097398546767e-05,-7.346097171101228e-05
296.0,0.0026186066610721813,0.002618607543444967,-29.997487875370272,-29.9974878750953,0.00016275009787992918,0.00016275010417965828,-7.942665491163768e-05,-7.94266526334448e-05
296.25,0.00265642199994316,0.0026564228838918593,-29.997508078570043,-29.997508078294484,0.00013977235796970084,0.00013977236427726444,-8.219677683627093e-05,-8.21967745543359e-05
296.5,0.002689151574780731,0.0026891524603073025,-29.99752883213938,-29.997528831863235,0.0001220640919761903,0.00012206409829159097,-8.383010826015415e-05,-8.383010597447216e-05
296.75,0.0027170108917474872,0.00271701177885377,-29.99754852152351,-29.997548521246777,0.00010081140489400935,0.00010081141121628651,-7.368296099971518e-05,-7.368295871028167e-05
297.0,0.0027409011757445288,0.002740902064432363,-29.997566405906998,-29.997566405629676,9.031127554220149e-05,9.031128187232097e-05,-6.939111688741079e-05,-6.939111459422124e-05
297.25,0.0027594540779775486,0.0027594549682487747,-29.9975827603823,-29.997582760104393,5.811269477058553e-05,5.8112701107586763e-05,-6.144164978767832e-05,-6.144164749072819e-05
297.5,0.002769039097102364,0.002769039988958823,-29.997595823335992,-29.997595823057495,1.856919295853247e-05,1.8569199303381305e-05,-4.3058251492719445e-05,-4.3058249192004196e-05
297.75,0.002771805891527263,0.002771806784970857,-29.997606269818313,-29.997606269539226,3.565402927217126e-06,3.5654092794345297e-06,-4.051219246056981e-05,-4.051219015608479e-05
298.0,0.0027705297147435945,0.002770530609776166,-29.997615475165773,-29.997615474886093,-1.3774121304768897e-05,-1.3774114945180263e-05,-3.3128952378541676e-05,-3.312895007028233e-05
298.25,0.0027677990378474847,0.0027677999344708766,-29.99762420125077,-29.997624200970495,-8.071629120739607e-06,-8.07162275377712e-06,-3.668026515761682e-05,-3.66802628455786e-05
298.5,0.0027672475922890538,0.0027672484905050497,-29.997633281885157,-29.99763328160429,3.660131914310736e-06,3.6601382881681173e-06,-3.596591596821048e-05,-3.596591365238898e-05
298.75,0.002769539444820806,0.002769540344631311,-29.997643363474808,-29.997643363193347,1.4673866398623797e-05,1.4673872780823565e-05,-4.468783955368059e-05,-4.468783723407111e-05
299.0,0.0027744408145696535,0.0027744417159766928,-29.99765358850818,-29.997653588226125,2.453780650276559e-05,2.4537812892828797e-05,-3.711335733979871e-05,-3.711335501639628e-05
299.25,0.002781893153535074,0.0027818940565404937,-29.997662703536523,-29.997662703253873,3.508102949567394e-05,3.508103589264003e-05,-3.580786336827885e-05,-3.5807861041078936e-05
299.5,0.0027941723701827154,0.002794173274788422,-29.997672592189794,-29.997672591906547,6.31519989093363e-05,6.315200531465283e-05,-4.3304009285488066e-05,-4.330400695448595e-05
299.75,0.0028134920150227416,0.0028134929212307027,-29.997682418173042,-29.997682417889195,9.140591690969271e-05,9.140592332239913e-05,-3.530652042713923e-05,-3.5306518092330075e-05
300.0,0.0028397199709004855,0.002839720878712549,-29.997692088813313,-29.99769208852887,0.00011841709747865145,0.00011841710389875042,-4.2061148316910656e-05,-4.20611459782899e-05
