time_s,x_m,y_m,vx_mps,vy_mps
0.0,0.0,-97.5,0.0,0.12
0.25,8.407356644312874e-06,-97.46999875856761,6.725979024528258e-05,0.12000992511782037
0.5,3.33406650792138e-05,-97.43999524062689,0.00013220746254190117,0.12001821228456365
0.75,7.496305614119882e-05,-97.4099911722061,0.0002007713064592162,0.1200143286173793
1.0,0.0001350182945410925,-97.37998886967421,0.00027966964449927634,0.12000408419923793
1.25,0.00019699824333718332,-97.34936306895399,0.0002166411929370042,0.12500232750474902
1.5,0.00024394860669239805,-97.31748632171104,0.0001594340036695811,0.1300116558323417
1.75,0.0002762852241979789,-97.28435888944499,9.972998153901874e-05,0.13500780792504294
2.0,0.0002940489055138995,-97.24998345849289,4.284972788129332e-05,0.13999564505442796
2.25,0.0002961442172808393,-97.21435949882834,-2.5615793522853618e-05,0.1449960387168054
2.5,0.00028233430650946784,-97.17748600517372,-8.439248077093753e-05,0.14999191606162687
2.75,0.0002543359177084832,-97.13936420301579,-0.00013912411849538637,0.15498250636194338
3.0,0.00021217665059964069,-97.0999945952925,-0.0001976793903022511,0.1599743609449598
3.25,0.00015633319373995375,-97.05937664411523,-0.00024859735229123403,0.16496925327380446
3.5,8.847731866448584e-05,-97.01751049632855,-0.00029377913509064384,0.16995993327939754
3.75,1.050161131775956e-05,-96.97439539138914,-0.0003295550413373355,0.17496090960888108
4.0,-7.81549466275563e-05,-96.93003130220612,-0.0003792268916911472,0.17995180853833762
4.25,-0.0001786927583054318,-96.88441991278849,-0.0004246053933120178,0.1849393110811259
4.5,-0.0002912737690043363,-96.83756046311478,-0.00047557159224328126,0.1899362911137301
4.75,-0.00041473942567116164,-96.78945126279018,-0.0005116821815507438,0.19493731488761573
5.0,-0.0005455466210948365,-96.7400923802378,-0.0005343043363144673,0.19993374766440458
5.25,-0.0006828998098308072,-96.68948557388508,-0.0005640510223556224,0.2049207059619081
5.5,-0.0008280681885644978,-96.63762999191322,-0.0005968243218443123,0.2099239529028426
5.75,-0.0009814598098692017,-96.58452319579582,-0.000629836660721581,0.21493041914872185
6.0,-0.001140950938754181,-96.53016712600973,-0.0006456221507293968,0.2199181406282462
6.25,-0.0013050137317338686,-96.47456418120646,-0.0006664100159157189,0.2249054197577196
6.5,-0.0014727328581887202,-96.41771322187134,-0.0006748719180921163,0.22990225572108866
6.75,-0.0016422399427473008,-96.3596132049409,-0.0006807137952441495,0.23489788027317612
7.0,-0.0018153344908661707,-96.30026411640463,-0.0007035715021939846,0.23989483017211058
7.25,-0.0019927107702784694,-96.23966600422668,-0.0007149678076609275,0.2448900683259793
7.5,-0.0021714694595772123,-96.17781974671468,-0.0007146312825834974,0.24987999173835346
7.75,-0.0023493139683022483,-96.11472371248439,-0.0007076526313404957,0.25488828144601106
8.0,-0.002526710645698248,-96.0503777190246,-0.0007110502256547214,0.25987966655257766
8.25,-0.002706013892611768,-95.98478278123633,-0.000722904359511043,0.2648798368712179
8.5,-0.0028865095828283045,-95.91793948696443,-0.0007205910441241143,0.26986651708599696
8.75,-0.00306654891906472,-95.84984685423868,-0.0007192515149624422,0.27487454459372634
9.0,-0.003244531044441782,-95.78050276153073,-0.0007041337695349227,0.27987819564456035
9.25,-0.003418678478108355,-95.70990754295852,-0.0006885738199382575,0.28488355146606115
9.5,-0.0035877898577794175,-95.63806331978338,-0.0006638470975188957,0.2898702316037956
9.75,-0.0037504710758860193,-95.56497175320568,-0.0006371320185272555,0.2948622984991816
10.0,-0.003907296242073886,-95.49063153477651,-0.0006169982021320833,0.2998594470359856
10.25,-0.004060203852423081,-95.41504332613543,-0.0006057925493081358,0.3048462210361596
10.5,-0.004208675738111461,-95.338205715718,-0.0005815103615497579,0.3098546600139846
10.75,-0.0043504629067186475,-95.26011769227944,-0.0005523160913768169,0.31484952474214906
11.0,-0.004484853308732881,-95.18077974574592,-0.0005223353173223031,0.31985404469944484
11.25,-0.004610926090716766,-95.10019227178194,-0.0004857763385828089,0.3248457435655861
11.5,-0.004729815339292307,-95.01835638856946,-0.000464866683311548,0.32984132016289
11.75,-0.00484307660175435,-94.93527042957984,-0.0004407515575666574,0.33484634948041786
12.0,-0.004950051401338564,-94.85093364561027,-0.00041457530539856097,0.33984791980816653
12.25,-0.005049223363059254,-94.76534700467022,-0.0003783292574814704,0.3448452042950078
12.5,-0.005139606738345839,-94.67851102353869,-0.0003442665981169091,0.34984264154571887
12.75,-0.005221546586938485,-94.59042704202783,-0.0003107820675417744,0.35482920738417084
13.0,-0.0052941201446162515,-94.50109376765955,-0.0002693342695680132,0.3598369836542918
13.25,-0.0053551322922637725,-94.41051022935208,-0.00021829205276271835,0.36483131799320345
13.5,-0.005404465083318776,-94.31867619117912,-0.00017589796953823735,0.36984098339345434
13.75,-0.005440695448762636,-94.22559065166043,-0.00011347333609215294,0.37484332687071886
14.0,-0.005460663782839219,-94.13125357869734,-4.5801001341534405e-05,0.3798532504537596
14.25,-0.00546566662433371,-94.03566616756191,6.248990960694645e-06,0.38484603372246057
14.5,-0.005455816198333209,-93.93882856116416,7.302664893436852e-05,0.38985481116376614
14.75,-0.005430732867661429,-93.84074079301449,0.0001281106977885397,0.3948473288402866
15.0,-0.005390427127038413,-93.74140504217766,0.00019480582020484506,0.3998386715663363
15.25,-0.005333227594872593,-93.64081919184919,0.00026326274028449907,0.4048481246073895
15.5,-0.005258681248418168,-93.53898235251762,0.0003335793007467863,0.40984658341563485
15.75,-0.005167669493483245,-93.43589601286507,0.0003949859245708403,0.4148441280154103
16.0,-0.005060019844382208,-93.33155982108866,0.00046668280810451197,0.419845399436301
16.25,-0.004933188799920057,-93.22597250708823,0.0005484376971300321,0.4248531048592304
16.5,-0.004785882918806504,-93.11913573087058,0.0006304796460263545,0.4298410971469638
16.75,-0.004618233313176171,-93.01105130849517,0.0007111879853462345,0.4348342742471573
17.0,-0.004430936115023288,-92.90171954572939,0.0007876596699257973,0.439819820669344
17.25,-0.0042245315390058635,-92.79114123453888,0.0008640471333716794,0.44480666165284743
17.5,-0.003996354792841317,-92.67931592648057,0.0009618372505790514,0.44979579359393523
17.75,-0.003744604386251431,-92.56624165979632,0.0010526376844509234,0.4547983313192714
18.0,-0.003470438382765703,-92.45191622374595,0.0011411624328240724,0.45980514873749556
18.25,-0.0031725727633080255,-92.33634166663484,0.0012422326674719425,0.46479129862253765
18.5,-0.0028516509636555354,-92.2195202470841,0.0013256121233343483,0.4697800499222114
18.75,-0.002508276590078329,-92.10145187477644,0.0014218530850490074,0.4747669194653311
19.0,-0.002139773156699681,-91.98213419806603,0.001526646556933635,0.4797744843378862
19.25,-0.001744672520488793,-91.8615658795395,0.0016346297695795835,0.484772053693643
19.5,-0.0013239103327741073,-91.73974950008744,0.0017319379689535652,0.4897589727485972
19.75,-0.0008779737314535463,-91.61668449678429,0.0018360265109990403,0.49476104386309216
20.0,-0.0004053419325238057,-91.49236901703365,0.0019454995228765535,0.4997627838207837
20.25,9.561936961977095e-05,-91.36680256108177,0.0020626629493800622,0.5047688527479849
20.5,0.0006250937476177327,-91.23998483081697,0.002173603951108795,0.509772978910864
20.75,0.001183489139681976,-91.1119163692529,0.002294030839997874,0.5147747022477276
21.0,0.0017715149549677816,-90.9825969857961,0.002410647712034144,0.5197803544119349
21.25,0.002389363739399263,-90.85202775010889,0.0025326134206546404,0.524773519586817
21.5,0.0030373124796440457,-90.72020874469045,0.002651448478487599,0.529778512556862
21.75,0.0037141839677681367,-90.58713873752572,0.002763995222454207,0.534781534150013
22.0,0.004419593909147746,-90.45281939601804,0.002879755037246226,0.539773186997576
22.25,0.005155616239922987,-90.31725095240401,0.003008895239115292,0.5447743497393184
22.5,0.00592266441160597,-90.18043287752357,0.003127961272198683,0.5497702380786321
22.75,0.006721791624682684,-90.04236568069983,0.003265527688263223,0.5547673235415255
23.0,0.007553371320511992,-89.90305005134002,0.003387580506867084,0.5597576998297874
23.25,0.008414492679230015,-89.76248564990905,0.0035018618846679394,0.5647575008435146
23.5,0.009306078297118135,-89.62067095929203,0.003631294840605448,0.5697600118897101
23.75,0.010231016663775173,-89.477606561658,0.0037686831856185163,0.5747551562294126
24.0,0.011189016505261225,-89.33329233996919,0.0038957874275017635,0.5797586052976741
24.25,0.012178479482126447,-89.18772894548056,0.004020386999436937,0.5847485388641557
24.5,0.013200753041018785,-89.04091906066938,0.004158271339833423,0.5897305266255257
24.75,0.014257153630711646,-88.89286168209459,0.0042934047574187065,0.5947284892323801
25.0,0.015348760033103453,-88.7435560127904,0.004439916941922006,0.5997168513878384
25.25,0.01647604635500966,-88.59300237197363,0.004578844783779609,0.6047122620481902
25.5,0.01763922867575739,-88.4412012127928,0.0047270839319255775,0.6096969974222833
25.75,0.018838677271873445,-88.28815320094171,0.004868975497044052,0.6146870840088093
26.0,0.020073192318290686,-88.13385661034349,0.005007616337286739,0.6196856277058879
26.25,0.021342285279485597,-87.97830993069505,0.005145599162571424,0.6246877964725306
26.5,0.022647424877791585,-87.82151365931968,0.005295988722949734,0.6296823603516082
26.75,0.023990555433233293,-87.6634691724062,0.005449526504828237,0.6346735204805828
27.0,0.025372374033347404,-87.50417632520778,0.005605493516607324,0.6396692424020557
27.25,0.02679167999891803,-87.3436362592794,0.005749424143507077,0.6446512714551399
27.5,0.028248251029439734,-87.1818507323865,0.0059036140071665275,0.6496329291510285
27.75,0.02974338519762031,-87.0188182974208,0.006057930377523282,0.6546265360255656
28.0,0.03127856062104231,-86.85453629071577,0.006223944937882146,0.6596295019625672
28.25,0.03285373111718266,-86.6890040212767,0.0063778906046817905,0.6646286390360368
28.5,0.03446685020376576,-86.52222371277716,0.0065275323512208544,0.6696138148518622
28.75,0.03611858716145776,-86.3541955379214,0.006686834765621504,0.6746115689750665
29.0,0.03781041547291643,-86.18491964767756,0.0068482618880791974,0.6795955377562755
29.25,0.03954342841722124,-86.01439652779202,0.00701631276825818,0.6845894054840369
29.5,0.0413176104846442,-85.84262502376362,0.007177614817228217,0.689582611535483
29.75,0.043133759437947214,-85.6696057793721,0.007352047438652533,0.6945713271510544
30.0,0.04499179130455755,-85.4953377784851,0.007512679320400333,0.6995726648005132
30.25,0.04688977130750963,-85.31981988586509,0.007671632201904665,0.7045704611734054
30.5,0.048828272170714955,-85.1430550048451,0.007836844352889644,0.7095485714102261
30.75,0.05080710757821529,-84.96504484251034,0.007994309131303124,0.7145327124219703
31.0,0.05282636778183031,-84.78578857036632,0.008160242784433442,0.7195174490858384
31.25,0.05488666157732855,-84.60528464737662,0.008322578979201165,0.7245139195266364
31.5,0.05698650213745796,-84.4235333252709,0.008476615611719392,0.7294966427964554
31.75,0.059127521581769045,-84.24053498546385,0.008652011067390454,0.7344900591234695
32.0,0.06131311381571171,-84.05628982781393,0.008833196777152552,0.7394711849936709
32.25,0.0635425904868511,-83.87079693460434,0.009003088423071522,0.7444719446655791
32.5,0.0658135479940508,-83.6840562093727,0.009165041693912407,0.7494538419186634
32.75,0.06812549654043389,-83.49606925125973,0.009331017315207133,0.7544418073367849
33.0,0.07047886026266219,-83.30683468837302,0.009496363569974221,0.7594346801680967
33.25,0.07287222272607859,-83.11635270769443,0.009651006647497462,0.7644211506808678
33.5,0.07530508009149754,-82.92462472775924,0.009812322325851172,0.7694026735916956
33.75,0.07777792746616166,-82.73164970124665,0.009970927984339005,0.7743975235554604
34.0,0.08029280383866404,-82.537426203729,0.01014855413297333,0.7793904398390901
34.25,0.08285135247847879,-82.34195647072976,0.010320304626224207,0.7843674079620228
34.5,0.08545049684038764,-82.14524141385472,0.010473320732363596,0.7893530326117876
34.75,0.08808929152077562,-81.94727873975351,0.010637508093739858,0.7943483447180907
35.0,0.0907694241265387,-81.74806766758249,0.0108040238176653,0.7993402169508701
35.25,0.09348848329552306,-81.54761016986674,0.010948919442498373,0.8043197511143061
35.5,0.09624377153325385,-81.34590679645693,0.011093857121758888,0.8093072224992983
35.75,0.09903701968140297,-81.14295684038761,0.01125259851669535,0.8142924110890533
36.0,0.10187128784945985,-80.9387602426926,0.011422017547310155,0.8192803544981369
36.25,0.10474638138066107,-80.7333179476323,0.011579200456656651,0.824257991164985
36.5,0.10765865608063413,-80.52663017415846,0.011719467710057675,0.8292441834013343
36.75,0.11060834751533385,-80.31869600041972,0.01187853422881641,0.834229191511706
37.0,0.11359611971674828,-80.10951736936141,0.01202411249633955,0.8391998432295384
37.25,0.11662012681270327,-79.89909417593125,0.012168414823593626,0.8441856906067806
37.5,0.11968064729576257,-79.68742630065259,0.012316218256433102,0.8491572976874967
37.75,0.12277826749384504,-79.47451326541348,0.012465214252931794,0.8541469701779688
38.0,0.1259119883932088,-79.26035480112562,0.012605022372293308,0.8591207309437336
38.25,0.1290792786983237,-79.04495168217596,0.012733770420417949,0.864104208514996
38.5,0.13227864806647455,-78.82830276451892,0.012861654828406833,0.8690871206842845
38.75,0.1355114024440011,-78.61040908022824,0.0130008497755275,0.8740623405177987
39.0,0.1387804759735392,-78.39127219544956,0.013152207594283781,0.8790327234415458
39.25,0.14208459542812066,-78.1708927573303,0.013281217149707562,0.8840027693494827
39.5,0.145421582526658,-77.94927089842099,0.01341514868274578,0.8889720892977441
39.75,0.14879159064775896,-77.72640549429742,0.01354538625211084,0.893951131411928
40.0,0.15219461885243468,-77.50229478685155,0.013679309765993757,0.8989345155286796
40.25,0.1556301393278802,-77.27694033169296,0.013805322840894538,0.9039011138594698
40.5,0.15909618638709563,-77.0503422983348,0.013923523895755362,0.9088831418617186
40.75,0.16259149058006192,-76.82250036500088,0.014039378703513657,0.9138523138868051
41.0,0.1661167011465828,-76.59341387520723,0.01416277659610758,0.9188395928282819
41.25,0.16967041887881665,-76.36308323382161,0.01426743402151249,0.923805528389488
41.5,0.1732506002558804,-76.13150888319433,0.0143744874374183,0.928789266535716
41.75,0.17685585569473652,-75.89868910526296,0.014468026137406397,0.93376894809632
42.0,0.18048532742530093,-75.66462609985741,0.014568216498027675,0.9387350857019728
42.25,0.18413542948201164,-75.42932091595722,0.014633069235995368,0.9437063793853445
42.5,0.18780366316483577,-75.19277331334476,0.014713269204450591,0.9486744339530829
42.75,0.19149095375737077,-74.95498283283028,0.014785525168665622,0.9536494033503867
43.0,0.19519865107451528,-74.7159491185037,0.01487652262086341,0.9586203026829831
43.25,0.19892423913778676,-74.47567405082583,0.014928650106456706,0.9635802338253838
43.5,0.2026610434921623,-74.23415709262116,0.014966254390522953,0.9685554282665777
43.75,0.20640792718489007,-73.99139764364335,0.015009283828409997,0.9735201594990289
44.0,0.21016844779131763,-73.74739621979344,0.015075350299508329,0.978491225071471
44.25,0.21394159925622727,-73.50215262716706,0.015110330247815006,0.9834575126417164
44.5,0.21772482589637482,-73.25566908421067,0.015155950479874386,0.9884108267082478
44.75,0.22151812382472028,-73.00794601521653,0.015190901458328228,0.9933737219496968
45.0,0.2253194446386163,-72.75898248440515,0.01522013336800638,0.9983345217853752
45.25,0.2291216562695904,-72.50878061205071,0.01519802659385214,1.0032804591343605
45.5,0.23291943288587888,-72.25734163479507,0.015184653717790908,1.008231360171612
45.75,0.2367124666492427,-72.00466325023147,0.015160085038471221,1.0131957186533596
46.0,0.24050078127927133,-71.75074576987943,0.01514689914641658,1.0181441254061125
46.25,0.2442785289427851,-71.49559142882437,0.01507554912341707,1.0230906097612718
46.5,0.24803986004483106,-71.23919960750281,0.015015567299976405,1.028043966466256
46.75,0.2517858773716375,-70.98156974955066,0.014953038690879779,1.0329949030461694
47.0,0.25551716062646357,-70.7227009967996,0.014897695597129286,1.0379551241800993
47.25,0.2592244531255881,-70.46259644025949,0.014761109435485215,1.0428813410182383
47.5,0.26289725703104755,-70.20126012425635,0.014621786997125394,1.0478092001422203
47.75,0.26653428168880006,-69.93868991074513,0.014474876905921502,1.0527525217983518
48.0,0.27013655048937807,-69.67488361204583,0.014343740326190181,1.0576978801596173
48.25,0.27369375691722886,-69.40984287340844,0.014114376484964806,1.0626280505640622
48.5,0.2771954061524418,-69.14357069467627,0.013899281944511947,1.0675493995724032
48.75,0.28064370693349583,-68.87606795217926,0.013687589013973551,1.0724725603622125
49.0,0.2840409296942943,-68.60733278225598,0.013490659009034574,1.0774088175907373
49.25,0.2873739455602715,-68.33736602222646,0.013173931980043662,1.0823252925067224
49.5,0.2906268064196146,-68.06617218770079,0.012849417401354127,1.0872254142942057
49.75,0.29379909729374043,-67.79375191746317,0.012529373145288814,1.0921367777807225
50.0,0.2968916246878458,-67.52010587705789,0.012211307986593707,1.097031575448847
50.25,0.299885160283471,-67.24523948543155,0.011737436217635481,1.1018996022386853
50.5,0.30275958655527035,-66.96915652929559,0.011258433043457507,1.1067640920097288
50.75,0.3055169367873478,-66.69185526319315,0.010800829530865929,1.1116460799528418
51.0,0.3081584399247512,-66.41333413290899,0.010331655790343192,1.1165230065544214
51.25,0.31067280187062213,-66.13367554150517,0.009783638303996778,1.1207457763435873
51.5,0.31304952160589405,-65.85295957842862,0.00923051935012041,1.1249819804171828
51.75,0.31529049717012025,-65.57118541955948,0.00869768426868232,1.1292113407720183
52.0,0.3173963111262538,-65.28835530496765,0.008149225419742712,1.1334296276716516
52.25,0.31937054821950966,-65.00461820916958,0.0076449580248875906,1.1364671862556601
52.5,0.3212175315084546,-64.72012094767327,0.007131195550312153,1.1395109541526713
52.75,0.3229359569493523,-64.43486310463135,0.006616494948097468,1.1425518387089457
53.0,0.32452710689803377,-64.14884664986215,0.00611299037822936,1.1455798469152407
53.25,0.325999019710384,-63.862212866204636,0.0056624924901923675,1.147490464818047
53.5,0.3273603834003228,-63.57510034796986,0.005228598195762662,1.1494097219680146
53.75,0.32861068160826024,-63.28750866671107,0.004773968125384047,1.151323770965067
54.0,0.32974772747141795,-62.999439479493795,0.004322578660386536,1.1532297693304365
54.25,0.33078275205880264,-62.71102028308088,0.003957702497430344,1.154123836373607
54.5,0.3317270217522988,-62.42237665603777,0.0035965401840054364,1.1550252140218298
54.75,0.332582118627307,-62.13350622269069,0.0032443210378038856,1.1559382859621958
55.0,0.3333495664307091,-61.84440764719708,0.002895347502190694,1.156850350888098
55.25,0.3340357856788506,-61.55520404937559,0.0025943998148279307,1.1567784600573672
55.5,0.33464542096008953,-61.26601731156656,0.002282676594056556,1.1567154718043031
55.75,0.3351781500855308,-60.976846812687235,0.001979150185082056,1.156648547846897
56.0,0.33563544700742326,-60.68769169876915,0.0016792199687986503,1.1565923917753933
56.25,0.3360232887680209,-60.398658529652515,0.0014234274958813556,1.1556729852739895
56.5,0.33634893153391465,-60.10985673688981,0.0011816268510738393,1.1547413796247599
56.75,0.3366148569625191,-59.82128517306272,0.0009456908036603164,1.153831153236102
57.0,0.3368190410228596,-59.53294322022254,0.0006876943457677885,1.152904493809363
57.25,0.33696391486864485,-59.24493411226334,0.00047113276289053013,1.1511683902818044
57.5,0.3370558029566925,-58.95735890416455,0.0002638083703580407,1.149433294055115
57.75,0.3370942792856924,-58.670215936123014,4.3839839085228435e-05,1.1477104710158805
58.0,0.33707791480103855,-58.38350411854721,-0.0001749184830741016,1.1459840902152074
58.25,0.337011321203754,-58.0973111760955,-0.0003580589007108248,1.1435594666650966
58.5,0.336898726412081,-57.811723237103415,-0.0005429271763133087,1.1411440627010918
58.75,0.3367416478263237,-57.52674096985093,-0.0007139306339158195,1.1387140914411076
59.0,0.33654247153477435,-57.2423652375222,-0.0008797081069474581,1.136291782818326
59.25,0.3363032993741113,-56.9586793214774,-0.0010339611302208852,1.1331955600831212
59.5,0.3360260815972879,-56.675767493813474,-0.0011840730670154066,1.130099075380942
59.75,0.33571132933944386,-56.39363077152702,-0.0013342377267203719,1.1269947170682866
60.0,0.33535716379371344,-56.112267352672326,-0.0014993772748440105,1.123912649338744
60.25,0.3349708619157196,-55.83174957304801,-0.0015913850511947913,1.120229596330355
60.5,0.33456142761248653,-55.552154061978115,-0.0016844378158156251,1.1165345010018672
60.75,0.3341275635165046,-55.27347989196181,-0.0017868215621021646,1.1128588687812997
61.0,0.3336663267481097,-54.99572597359337,-0.0019034202127690596,1.1091724891591928
61.25,0.3331794935889657,-54.71896318636115,-0.001991645139758321,1.104929817016492
61.5,0.3326719867544094,-54.44326276440105,-0.0020688108996047144,1.100673565939573
61.75,0.33214485780824426,-54.16862492303918,-0.002148620917826101,1.0964291724799127
62.0,0.33159491820144876,-53.89505001935132,-0.002251297575382321,1.0921700667033736
62.25,0.3310219770235407,-53.622595938594465,-0.0023326757633472107,1.08746258702383
62.5,0.330428413801209,-53.351319802704666,-0.002416274744824314,1.0827465079763008
62.75,0.32981248555427356,-53.0812217434452,-0.0025115952522995104,1.0780379750863214
63.0,0.32917402437393956,-52.812301274100264,-0.002596538560167792,1.0733257876816513
63.25,0.32851921449564314,-52.54458876790728,-0.0026424074031652102,1.0683742661868212
63.5,0.3278535134832183,-52.278113764327685,-0.0026836673500549198,1.063425766339925
63.75,0.32717565761910455,-52.012876229299835,-0.002739646477641291,1.0584745191606098
64.0,0.3264852217098876,-51.74887629950002,-0.0027843075571926165,1.0535249234485975
64.25,0.3257909296376356,-51.486114977751996,-0.0027704966950327465,1.0485656492334738
64.5,0.3250994045416286,-51.224593816817546,-0.002762172004888741,1.0436036374572344
64.75,0.3244089907432771,-50.96431448802819,-0.002761607316084713,1.0386309928044029
65.0,0.3237186405945109,-50.705278239232015,-0.002761662746968361,1.0336589975701458
65.25,0.32303770372626855,-50.447484912690484,-0.0026863010133174343,1.0286876076569738
65.5,0.3223748827219247,-50.19093409608286,-0.0026167355782392957,1.0237189186453173
65.75,0.32172974482729444,-49.93562465970289,-0.00254483553541998,1.0187565656157112
66.0,0.32110251228905956,-49.681558474283804,-0.002473494732535774,1.0137729110108986
66.25,0.32049736895169023,-49.428737160421484,-0.002368121139269671,1.0087975899530195
66.5,0.31991613687561987,-49.1771590492181,-0.002282204164777659,1.0038272915736934
66.75,0.31935611428928246,-48.92682286058933,-0.002198444726210676,0.9988622095595333
67.0,0.318817931426017,-48.67772823006637,-0.0021074865936941915,0.9938948260485719
67.25,0.3183080977835552,-48.42987802099654,-0.0019716528982577503,0.9889068337035957
67.5,0.3178321495184356,-48.18327391637496,-0.0018364028955082934,0.9839259905176112
67.75,0.3173896859788296,-47.93791550439503,-0.001703775452196763,0.9789412928176656
68.0,0.3169802444124106,-47.69380137024232,-0.001572225674220989,0.973971768001463
68.25,0.3166041662005198,-47.45093114696293,-0.0014368697644115596,0.9689900054722109
68.5,0.31626002639142886,-47.209304848364,-0.0013167173031786964,0.9640203719911339
68.75,0.31594760056176624,-46.968922120281206,-0.0011831588005721937,0.9590414400791922
69.0,0.3156658759461851,-46.72978576871839,-0.0010711088250558755,0.9540493618592104
69.25,0.31541877583787825,-46.49189577559071,-0.0009061614844179875,0.949070567610914
69.5,0.3152131550658657,-46.25525245584813,-0.0007392756175807593,0.9440759745956223
69.75,0.3150481212145637,-46.0198573030481,-0.0005814657491330764,0.9390852329262397
70.0,0.3149236453038035,-45.78570956396166,-0.00041481188190449654,0.9340966640530585
70.25,0.3148380965324476,-45.55280991033247,-0.00027004933890829023,0.9291005513321465
70.5,0.3147901956176118,-45.32115859497816,-0.00011362850346708682,0.9241099567549098
70.75,0.3147804606837691,-45.09075577197428,3.5277878849569136e-05,0.919112613237116
71.0,0.3148074028950384,-44.86160174570615,0.0001797890699826311,0.9141195832833027
71.25,0.314875041590776,-44.63369600874386,0.000360849736784007,0.9091262953445581
71.5,0.3149857696891791,-44.407038746092034,0.0005245041834647487,0.9041317904406161
71.75,0.31513816168317765,-44.18163085435611,0.0006941603464827586,0.8991313274515229
72.0,0.3153321515695506,-43.95747156432702,0.0008572884711298454,0.8941429774013049
72.25,0.3155648337676468,-43.734558803480375,0.001003699267725971,0.889159095568139
72.5,0.31583456595539083,-43.51289288477275,0.0011536877367477414,0.8841682399518963
72.75,0.31614287653876527,-43.292474849433255,0.0013123263110472315,0.8791760278074869
73.0,0.3164896489927578,-43.07330378537041,0.001461383523842176,0.8741924706420594
73.25,0.3168743383800959,-42.855380252492616,0.0016156605454431426,0.8691957778349865
73.5,0.3172972758906831,-42.638705152230564,0.001767369074560386,0.8642050099583025
73.75,0.31775859851524685,-42.423277487787225,0.0019227416565645186,0.8592162909398513
74.0,0.31825690974416343,-42.20909712728706,0.002063277821764824,0.8542265798116284
74.25,0.31879260126916936,-41.99616417907193,0.0022217840427893884,0.8492369909653267
74.5,0.31936684723796405,-41.784480195565266,0.002371712196043758,0.8442348629526936
74.75,0.31997774561690273,-41.57404400394048,0.0025150053965856583,0.8392546565358577
75.0,0.32062520838910347,-41.364852720461435,0.0026642274561407384,0.8342755972277448
75.25,0.32131266415713267,-41.15690852879529,0.002834947614305298,0.8292779200058208
75.5,0.3220442472286561,-40.950212557520274,0.003017246795325538,0.8242898330070965
75.75,0.3228206405957078,-40.74476355961849,0.0031934300222434013,0.8193021335965358
76.0,0.32364024282364795,-40.54056241068524,0.0033629169923970917,0.8143070418900791
76.25,0.3245021127468307,-40.337610975213025,0.0035315708815612233,0.8093044259868233
76.5,0.32540633955247744,-40.135910311665754,0.0037017719699097952,0.8043008663446308
76.75,0.32635191324983787,-39.93545812985307,0.0038623478383245083,0.7993165730176676
77.0,0.32733713294759986,-39.736252891714535,0.004018939323050301,0.7943253173270773
77.25,0.32836348642251667,-39.53829540457985,0.004191418109459019,0.7893345634890098
77.5,0.32943022867534405,-39.34158591688745,0.00434204931843494,0.7843413238485328
77.75,0.330535772588143,-39.146124525281586,0.004501831556634077,0.7793497939340315
78.0,0.3316801077065442,-38.95191184538369,0.004652378344099516,0.7743516310554763
78.25,0.3328626817029861,-38.7589471920343,0.004807743729090236,0.7693655810917406
78.5,0.3340830144024112,-38.56722868935726,0.004954448246983801,0.764382426493189
78.75,0.3353417744663321,-38.37675888403124,0.005115160457207869,0.7593760009628989
79.0,0.3366397100419994,-38.18753988269609,0.005267852952492917,0.7543759953223453
79.25,0.3379765524214566,-37.999571079136665,0.005426414745592744,0.749374418203763
79.5,0.33935222745406396,-37.81285124262854,0.005578515260444587,0.7443842595210846
79.75,0.3407657305773386,-37.627379084141054,0.005729039372647486,0.7393929941873155
80.0,0.34221742954288636,-37.443154230068785,0.005884082390812248,0.7344058237732422
80.25,0.3437069978841269,-37.26017575367112,0.00603199469726956,0.7294219734628354
80.5,0.34523334832782454,-37.0784448807988,0.006178337978692823,0.7244249957184485
80.75,0.346795981625979,-36.897963532261635,0.006322257327638742,0.7194257790100758
81.0,0.3483930219460904,-36.718730348411285,0.006453595396541164,0.7144396794100841
81.25,0.3500234576906045,-36.54074553034813,0.006589419339684891,0.709438852289593
81.5,0.3516878472656899,-36.36401021498275,0.0067252265775948564,0.7044436578294868
81.75,0.3533848965139229,-36.188524558119575,0.006850696081617708,0.6994415852465894
82.0,0.35511189055912884,-36.014289735140785,0.006964784720125728,0.6944369878273686
82.25,0.3568695348102799,-35.84130422775493,0.007095899117036866,0.6894470588979164
82.5,0.35865761863180706,-35.66956561676388,0.007208301730035847,0.6844618184331658
82.75,0.3604760444565411,-35.49907434892632,0.007338634368224369,0.6794683119795273
83.0,0.3623270615462303,-35.329832821293344,0.007469030826409967,0.674463896790432
83.25,0.3642064966697138,-35.161842012831485,0.007565978933524979,0.6694625617641544
83.5,0.36611127900394524,-34.995100394552175,0.007671809378905008,0.6644703744925534
83.75,0.36804278150970776,-34.82960675680503,0.007779740360025082,0.6594787173088283
84.0,0.3699983082625806,-34.665362979307396,0.007864001892117983,0.6544714947279897
84.25,0.3719762777241272,-34.502369205569025,0.007959283391969923,0.6494786861958146
84.5,0.3739770660221856,-34.34062305180956,0.008046553027021418,0.6444905356520618
84.75,0.37600056239651336,-34.18012490290248,0.008140947276176416,0.6394946467050612
85.0,0.37804555775464455,-34.02087485214066,0.00821854556031703,0.6345057520735188
85.25,0.38011209847582705,-33.86287420321746,0.008313308541000698,0.6294994303777105
85.5,0.38220217352125324,-33.70612307063824,0.008406821714864074,0.6245096214395723
85.75,0.38431510007200803,-33.55062081210745,0.008496119514928032,0.6195084383877503
86.0,0.38645096071439766,-33.3963681952891,0.008590294944882806,0.6145124872800867
86.25,0.3886078456505366,-33.243366308377524,0.008664312554473719,0.6095026010341403
86.5,0.39078568778652273,-33.091616415949225,0.008757952906672625,0.6044965295638137
86.75,0.3929849523410462,-32.941117040009345,0.008835692661626007,0.5994984706258084
87.0,0.39520427000932395,-32.79186677814769,0.008918378122064337,0.5945036164717606
87.25,0.3974424213820137,-32.64386598608687,0.008986361729659297,0.5895027136052589
87.5,0.3996986306184845,-32.4971151152022,0.009062841264824343,0.5845042462616078
87.75,0.40197343414297526,-32.35161335966092,0.009135116415079705,0.5795097912545293
88.0,0.4042668453960959,-32.207361964520246,0.009211701779401558,0.5745013626503477
88.25,0.4065787052086484,-32.064359964979616,0.0092827069387081,0.5695146269802887
88.5,0.40890749211254557,-31.92260589597732,0.00934711757266923,0.5645179189654119
88.75,0.4112519205893265,-31.78210026706752,0.009407840080125624,0.5595271065880412
89.0,0.413608901637939,-31.642841877277537,0.009447538499466446,0.5545400079890381
89.25,0.41597519513057746,-31.504832070716695,0.009482338269756049,0.5495384412167721
89.5,0.41834956908729953,-31.368072283339245,0.009512182494435646,0.5445398549890843
89.75,0.42073342970365607,-31.232563157919877,0.009558230782345002,0.5395331440244021
90.0,0.42312556611678065,-31.0983039292736,0.009578390213419061,0.5345406832451604
90.25,0.4255257243843281,-30.96529338257147,0.009622405191332567,0.5295436862221289
90.5,0.4279338405359901,-30.833533478593605,0.009642052236808965,0.5245355437484537
90.75,0.43034869360556854,-30.703022929438898,0.00967630255758724,0.5195488462600351
91.0,0.43277174531942336,-30.573759988124824,0.00970764068829415,0.5145546812979587
91.25,0.43519993406706275,-30.445745510122055,0.00971739888765554,0.5095611418041873
91.5,0.4376318979784949,-30.31897937372968,0.009737842031775688,0.504567947407416
91.75,0.44006659933698256,-30.19346340855392,0.00973929705229532,0.499559773861481
92.0,0.44250141755597716,-30.069199591022432,0.009738776837231582,0.4945507664394927
92.25,0.44494040683320707,-29.946186122308923,0.00977266695389501,0.4895569800733882
92.5,0.44738800824480074,-29.824423193285615,0.009807672334801041,0.4845464488127527
92.75,0.449841139388471,-29.703912502398904,0.009816905109305926,0.479539077410464
93.0,0.45229903319957965,-29.584651573176505,0.009845775244618563,0.4745483536468584
93.25,0.4547586961770777,-29.466639355480307,0.009831057663778614,0.46954938931028795
93.5,0.45721487590129667,-29.349877969370244,0.009817908395309773,0.4645417008099322
93.75,0.4596683512371628,-29.234366539236056,0.009809424039438805,0.4595497410634837
94.0,0.4621193310745581,-29.120103109546857,0.00979794439924414,0.45455769753240743
94.25,0.4645672779914369,-29.00708855969964,0.009785160019426097,0.4495587024506569
94.5,0.4670118664639015,-28.895324877103466,0.009771075999796972,0.44455075964657564
94.75,0.46945372709583716,-28.784813173412914,0.009763337299827,0.43954287060744124
95.0,0.47189112898501806,-28.67555211401834,0.009735407058834494,0.43454560718242446
95.25,0.4743239999349969,-28.567540129828522,0.009727089966820557,0.4295502671202696
95.5,0.47675213819977424,-28.46077744329955,0.009697545227707301,0.42455122789702665
95.75,0.4791730292383349,-28.355263284375418,0.009669113085298069,0.4195620461766042
96.0,0.4815866712068016,-28.250998800322797,0.009639550871125512,0.4145538290314826
96.25,0.48399218575770514,-28.147985138334892,0.009604094672940872,0.40955547021457156
96.5,0.4863900714935819,-28.046222313469066,0.009578519408744494,0.4045471311232838
96.75,0.4887818354949596,-27.945711432956298,0.009555120901861192,0.399539915184899
97.0,0.4911653995047635,-27.846450408897446,0.009512920943922448,0.3945482812645295
97.25,0.493539872962988,-27.748438911911318,0.009482395266853329,0.3895436975024694
97.5,0.4959034828080727,-27.651677075585262,0.009426013157560524,0.38455099842173474
97.75,0.4982543711265735,-27.5561646144536,0.009380622146635303,0.3795486949110769
98.0,0.500593295347021,-27.46190348212283,0.009330299803376076,0.3745403684795408
98.25,0.5029183901862181,-27.36889267559978,0.009269988418810852,0.36954608939102623
98.5,0.5052275829094338,-27.27713106244755,0.009203082402693094,0.36454682213479955
98.75,0.507521846575453,-27.186619027325165,0.009150556138823736,0.3595494637964728
99.0,0.5098005468056382,-27.09735788172279,0.009078573744675135,0.3545397078090907
99.25,0.5120593849331154,-27.009346186865493,0.008991661567985821,0.3495538592434215
99.5,0.5142974742434588,-26.922583741651977,0.008912581101756915,0.34454570992043765
99.75,0.5165144349271313,-26.837072214444596,0.008822633395578742,0.3395465162189121
100.0,0.5187111096711511,-26.752809835534205,0.00875029407148867,0.33455252188440965
100.25,0.5208911276542881,-26.669797102559993,0.008689378440366217,0.3295493476524309
100.5,0.5230526821146348,-26.588036052871185,0.008602585215370715,0.32453905804093164
100.75,0.5251927386468512,-26.507527050757695,0.00851739540771771,0.3195329668987416
101.0,0.5273110670023682,-26.428267581321208,0.00842876129935734,0.3145427969496449
101.25,0.5294062294122099,-26.35025780505947,0.008332066216537398,0.3095354222607284
101.5,0.5314780685006749,-26.27349929690003,0.008242175158671186,0.3045326514897604
101.75,0.5335242954021655,-26.197990724666415,0.008127169287654284,0.2995359372219862
102.0,0.535544289029186,-26.123730814015076,0.008032309348468143,0.29454335693218703
102.25,0.5375379896157871,-26.05071892104329,0.007916825056359583,0.28955179773001355
102.5,0.5395049886985144,-25.978955855815293,0.00781869660561296,0.2845527333455811
102.75,0.5414455418504504,-25.908443862668175,0.007705256620901311,0.2795432225265334
103.0,0.5433573905846221,-25.83918140828311,0.007589063400187681,0.27455642350873594
103.25,0.5452404673160886,-25.771167304963406,0.00747507934914453,0.26955641379536543
103.5,0.5470960604795538,-25.70440288289181,0.0073691950939577845,0.2645589727602555
103.75,0.5489237886761301,-25.638886484046242,0.007252160618123548,0.25957222903836785
104.0,0.5507225758498967,-25.57461918041531,0.007137665089637644,0.25456621080376696
104.25,0.5524922548687757,-25.511602348213355,0.007019296153632438,0.24956845797177166
104.5,0.5542319811501053,-25.449835790202357,0.0068980425539393155,0.24456401754806692
104.75,0.5559419266945608,-25.389319859010456,0.006781050618354168,0.2395634430172132
105.0,0.5576201339536111,-25.330054779958253,0.00664413573140838,0.23455720230881033
105.25,0.5592614307489397,-25.27203870231078,0.006485768832806563,0.22957143380187195
105.5,0.5608645009289412,-25.215271350685228,0.006338321079962487,0.22456739310400944
105.75,0.562430122693388,-25.159754036008092,0.006186182236469615,0.2195711386568241
106.0,0.5639558829632568,-25.105487186745858,0.006019428059787222,0.214563671162741
106.25,0.5654432837842783,-25.052470165019713,0.00587930817747616,0.2095725158570054
106.5,0.566894708593009,-25.000701007294296,0.005731619899073202,0.20458075987044871
106.75,0.5683080134395191,-24.95018055753137,0.005574347893708335,0.19958285306063378
107.0,0.5696818019577846,-24.900908164780994,0.005415490337602215,0.19459630391956237
107.25,0.5710124889262654,-24.852884598642643,0.005229533837486674,0.18959224271933378
107.5,0.572296646727825,-24.806110061881643,0.005043258492661919,0.18460406893080844
107.75,0.5735356643919918,-24.76058192068057,0.004868413219686301,0.1796210771623011
108.0,0.5747307422462608,-24.716300242645318,0.0046917394670113795,0.17463236377660116
108.25,0.5758818608302976,-24.673267326595422,0.004516737856329952,0.1696309811218236
108.5,0.5769881426666689,-24.631482433929637,0.004333047230157157,0.1646481775229104
108.75,0.5780480435667434,-24.590943150234008,0.004145690427904752,0.15966610970625728
109.0,0.579060594818908,-24.55165162529182,0.003954248348474215,0.1546661078804797
109.25,0.5800250787202326,-24.51360799475718,0.003761153201984325,0.14968295460175005
109.5,0.5809403175463083,-24.476811716192394,0.003560286559298431,0.14468729285434942
109.75,0.5818040603136954,-24.441264530898263,0.0033491845901961596,0.13969020940150378
110.0,0.582614907276916,-24.406964723357305,0.0031371215453809176,0.13470827091959317
110.25,0.5833736064374183,-24.373912319209722,0.0029320007128204174,0.12971098159995292
110.5,0.5840818170469444,-24.342107549788548,0.002733214402302702,0.12472719251115261
110.75,0.5847396511535827,-24.311550727326612,0.0025289871734518444,0.11972740643897513
111.0,0.5853447969724385,-24.28224280672795,0.002311708879652893,0.11473597883540802
111.25,0.5858955398166837,-24.25418197429558,0.0020937639476842733,0.10975070117150118
111.5,0.586391157731506,-24.227367952237124,0.0018707090651906236,0.10476149632589599
111.75,0.586829457340129,-24.20180102792833,0.0016352176424922183,0.09977392034674772
112.0,0.5872085094133914,-24.177480213947057,0.0013967293639294662,0.09479261398824596
112.25,0.5875280390448837,-24.154405001337686,0.0011590378915470045,0.08980910929638457
112.5,0.5877877042328247,-24.132577685712675,0.0009178122817859726,0.0848094384465641
112.75,0.5879841031727117,-24.111999365788716,0.0006529085926257485,0.07981714592040824
113.0,0.588116291123912,-24.09266755080762,0.00040412554467285627,0.07483739738375753
113.25,0.5881869128506448,-24.074580750335844,0.00016037872863172763,0.06985702937100843
113.5,0.5881960603843293,-24.05773949640644,-8.766835234711725e-05,0.06487302545021095
113.75,0.5881446370954589,-24.042146067784326,-0.0003241892375886878,0.05987442582601911
114.0,0.5880318791206958,-24.027800893225745,-0.0005783447963388637,0.054886994604555206
114.25,0.5878569598773964,-24.01470313174934,-0.0008214798147373887,0.049895120129614466
114.5,0.5876206126251095,-24.002853037465545,-0.001069768650672224,0.04490565754955567
114.75,0.5873229857886635,-23.992250715062344,-0.0013117168042719777,0.0399129444870513
115.0,0.5869616015874698,-23.982897956854,-0.0015798286239515997,0.03490914645744864
115.25,0.5865349405398402,-23.974794700613508,-0.001833930494530425,0.029916927423319972
115.5,0.5860431332586152,-23.96793871994789,-0.0021009979153270193,0.024930943080879057
115.75,0.585485276876288,-23.96232942682401,-0.0023623234583709705,0.019943426548090167
116.0,0.5848622997887485,-23.95796692960412,-0.002621963504685961,0.014956575690046566
116.25,0.5841745166599035,-23.95483810011326,-0.0028807619600826114,0.010074084636492649
116.5,0.5834216457432948,-23.952929067859706,-0.0031426651945348975,0.005198198084314266
116.75,0.5826029132033639,-23.952239110681177,-0.003407655035187573,0.0003214843273386331
117.0,0.5817158245572451,-23.952770511759212,-0.0036895156989385476,-0.004572666377641756
117.25,0.5807665853819796,-23.954474877364447,-0.0039048211343818157,-0.009062238165117052
117.5,0.5797621809836183,-23.95730113484742,-0.004130837114505445,-0.013547800389754325
117.75,0.5787003760494688,-23.961250592459017,-0.0043640267946688,-0.018047838517760262
118.0,0.5775808406827488,-23.96632327310254,-0.004592679236888707,-0.022533585072938962
118.25,0.5764034832546381,-23.97246988558034,-0.004826567464764381,-0.026639292698362856
118.5,0.5751676681303779,-23.979643315488016,-0.0050603411099903765,-0.030748124522742816
118.75,0.5738734615206602,-23.98784201772422,-0.0052936978978334525,-0.03484147136587041
119.0,0.5725209305760806,-23.99706663071497,-0.005526937739676915,-0.03895541057013374
119.25,0.5711138675365803,-24.00727434136561,-0.00572992043319331,-0.04270625549765101
119.5,0.5696561605457514,-24.01842087169408,-0.005932090194456443,-0.04646596806945435
119.75,0.568145114270646,-24.030506126519114,-0.006156633807896908,-0.05021604936073898
120.0,0.5665799784370126,-24.043529983760887,-0.006364807487643509,-0.05397478894674761
120.25,0.5649645738011306,-24.057447142398225,-0.006558749249556176,-0.05736246186703526
120.5,0.5632984672394236,-24.072213004726773,-0.00677042424887414,-0.06076441680451827
120.75,0.5615782837241805,-24.087829124482912,-0.006991364711952443,-0.06416452041419564
121.0,0.5598041309711019,-24.104295150953927,-0.007202178070386004,-0.06756367147833027
121.25,0.557979954534068,-24.12156799469956,-0.007391521781534783,-0.07061906063529583
121.5,0.5561093689743402,-24.13960488942527,-0.007573451213062913,-0.07367608001797425
121.75,0.5541915458189263,-24.15840531133742,-0.007769422005623008,-0.07672727680297162
122.0,0.5522240997765709,-24.17796786311913,-0.007970433811652945,-0.07977311849918159
122.25,0.5502128552682047,-24.19825834923455,-0.00811978445431053,-0.08255075634332384
122.5,0.5481622589567159,-24.21924090869131,-0.008285246480780887,-0.08530970371093106
122.75,0.5460693173329124,-24.24091579311817,-0.00845854891161482,-0.0880893553648846
123.0,0.5439333680049314,-24.26328326160677,-0.008629306364582562,-0.09085037644481271
123.25,0.5417519923276248,-24.28630256142279,-0.008821930732246762,-0.09330400392259092
123.5,0.5395215154916676,-24.309934788791733,-0.009022115280055455,-0.09575379615545332
123.75,0.5372433482604493,-24.334177777437976,-0.009203452629887681,-0.09819009591791837
124.0,0.5349174694748433,-24.359029780003926,-0.009403807676596656,-0.10062590572007594
124.25,0.5325489055808323,-24.384459516933344,-0.0095449099584157,-0.10281197641205225
124.5,0.5301459267611078,-24.410436221934408,-0.009679127427583046,-0.1050016509423851
124.75,0.5277084865240218,-24.436959268473572,-0.009820600490364814,-0.10718270803278937
125.0,0.5252363143905522,-24.46402695209413,-0.009956982131199514,-0.10935874807353603
125.25,0.5227267730635594,-24.491603202794423,-0.010119527311663159,-0.1112512422039387
125.5,0.5201774544581121,-24.519653164533896,-0.010275200808383662,-0.11314843703482436
125.75,0.5175882885712154,-24.548178862577,-0.010438306653866209,-0.11505713193229407
126.0,0.5149598454887089,-24.57718195413179,-0.010589418545427122,-0.11696758625913456
126.25,0.5122987606835131,-24.60663197436439,-0.010699417297050783,-0.11863256523091087
126.5,0.5096082939180637,-24.636497606219933,-0.010824473754495537,-0.12029247782306975
126.75,0.5068887015260298,-24.666778768277922,-0.010932422730923904,-0.1219568084633448
127.0,0.5041411139570441,-24.697475541991643,-0.011048434819264718,-0.1236173703087398
127.25,0.5013671610032064,-24.72855683957786,-0.011143322721752957,-0.1250330014348816
127.5,0.4985676405283327,-24.759992267557173,-0.011252975159417167,-0.12645041206153756
127.75,0.4957411448005551,-24.79178157718006,-0.011359124394072198,-0.12786405491374217
128.0,0.4928882080457838,-24.823924037712267,-0.011464503183648087,-0.12927561940875254
128.25,0.4900094733492435,-24.856394783784378,-0.01156548937376686,-0.13049033964710272
128.5,0.48710534217570667,-24.88916654607001,-0.011667672994481387,-0.1316837490040257
128.75,0.4841755525617449,-24.922238142785712,-0.011770758019122935,-0.13288901500266329
129.0,0.4812218963686355,-24.955612521777564,-0.01185860673716985,-0.13410600864975575
129.25,0.4782441456684196,-24.989266421117996,-0.011963495428674411,-0.13512517618474595
129.5,0.4752418692002389,-25.023174874818455,-0.01205481270578236,-0.13614244480947887
129.75,0.4722162882466222,-25.057337078559986,-0.012149930888113865,-0.1371551761549569
130.0,0.4691656315061968,-25.091751374441444,-0.012255418181520317,-0.13815918095130167
130.25,0.4660922423960926,-25.126394226936828,-0.012331772920736539,-0.13898363181301565
130.5,0.4630023580424946,-25.1612450838465,-0.012387381559097535,-0.13982321822155755
130.75,0.4598975362013356,-25.19630561587429,-0.012451272656488356,-0.14066103197709554
131.0,0.4567759837700049,-25.231575337884475,-0.012521226084383538,-0.14149673750914024
131.25,0.4536360608515219,-25.26703024627902,-0.012598218650821178,-0.14214252238834657
131.5,0.45047808712570486,-25.302647235628353,-0.012665633024774626,-0.14279338605044103
131.75,0.4473040018653305,-25.33842539401555,-0.012727109763186438,-0.14343187525109882
132.0,0.4441130947418321,-25.37436540558763,-0.012800209614987394,-0.1440882104336487
132.25,0.44090677530207206,-25.410450613288944,-0.012850394050031824,-0.14459344644544891
132.5,0.43768515115167694,-25.446661757793677,-0.012922647021591337,-0.14509570278039374
132.75,0.4344465420815545,-25.48299949589966,-0.012986274187152716,-0.14560619606864347
133.0,0.4311916127694825,-25.519462628321524,-0.013053207278553584,-0.14609885699580433
133.25,0.42792092401052423,-25.556029972665577,-0.013112335469405436,-0.14643989218198208
133.5,0.4246366494088788,-25.592683169293455,-0.013161894469943878,-0.14678567616857247
133.75,0.4213400610220453,-25.629421542428105,-0.013210844795379947,-0.14712130429356252
134.0,0.418031322306527,-25.6662463074219,-0.013259098975540428,-0.14747681110737584
134.25,0.41470984667152866,-25.70314130074633,-0.013312726087779071,-0.14768313043207804
134.5,0.4113741688812466,-25.74008854883839,-0.013372716729092958,-0.14789484864843103
134.75,0.4080252742239302,-25.77708845848832,-0.013418460824160637,-0.14810442423820758
135.0,0.4046633064076508,-25.814141743587438,-0.013477302743101813,-0.14832185100710613
135.25,0.4012940885940367,-25.85123119977596,-0.0134764470881392,-0.14839379858171917
135.5,0.3979232921083876,-25.88833785084897,-0.013489931522138407,-0.148459408731045
135.75,0.39454878618003336,-25.925461203029307,-0.013506122855544837,-0.14852740718513815
136.0,0.391172783144961,-25.962601396722306,-0.013501908257057407,-0.14859414275618854
136.25,0.38779692853454184,-25.999745299723344,-0.013504925672222775,-0.14855708096762005
136.5,0.3844183032572702,-26.036877840858367,-0.013524072010965095,-0.148503246307442
136.75,0.3810375027112534,-26.073996702437782,-0.01352232765611197,-0.14844764649231335
137.0,0.3776557340251359,-26.111102390215432,-0.013531817679521687,-0.1483978548341508
137.25,0.3742730759003852,-26.148180240433142,-0.01352943155787129,-0.14822494713249232
137.5,0.37089171714916563,-26.18521785318846,-0.013521424945900456,-0.14807595566491444
137.75,0.3675112340401706,-26.222217096939143,-0.013522425574242677,-0.14791799424622135
138.0,0.36413247709537455,-26.2591780358246,-0.013507616526322127,-0.1477695182336505
138.25,0.36075554638814733,-26.296087014978305,-0.013507804479729473,-0.14750231497824823
138.5,0.35737989792914804,-26.332927608635234,-0.013497357345149624,-0.14722243526213497
138.75,0.3540064208174972,-26.369697381641476,-0.013490433058910994,-0.14693574944064863
139.0,0.35063345705744475,-26.40639669912102,-0.01349325144930176,-0.14665879012999794
139.25,0.3472626751534927,-26.443016383459085,-0.01347297037086524,-0.1462986864866188
139.5,0.3438966161032213,-26.479548664387536,-0.013455470597082159,-0.14595956259090273
139.75,0.340536319764402,-26.515996088593894,-0.013426868621292854,-0.14561983375656593
140.0,0.3371838187567684,-26.552356613797052,-0.013393106462951295,-0.14526437105180595
140.25,0.3338354790631776,-26.588622803334545,-0.013393573982270455,-0.14486514520404498
140.5,0.3304869295816698,-26.62478786350101,-0.013394783768518635,-0.1444553360135986
140.75,0.3271379667129889,-26.660851127920452,-0.013396881574912886,-0.14405077914414188
141.0,0.3237859936039368,-26.696814342078067,-0.013418866513131948,-0.1436549320440279
141.25,0.32043210818637846,-26.73266495182912,-0.01341216975364481,-0.14314994659575206
141.5,0.3170817297651262,-26.76839099502396,-0.01339081180923573,-0.1426584009766316
141.75,0.31373444120178745,-26.803992291468322,-0.01338744948652768,-0.142151970895284
142.0,0.31038886456870446,-26.839469551367916,-0.013377118306121798,-0.14166610927548054
142.25,0.30704841223845125,-26.8748172376582,-0.01334644894768162,-0.14111538393832984
142.5,0.3037151376811367,-26.91002740538484,-0.013319696244198228,-0.14056596039707175
142.75,0.3003884481359093,-26.94510146042928,-0.013293769787602959,-0.14002648240280785
143.0,0.29707027562955757,-26.980039385729604,-0.013251558981441695,-0.13947692397941625
143.25,0.293762027386514,-27.014832620796064,-0.013214370173046863,-0.13886896005844282
143.5,0.29046218873146556,-27.049472682515056,-0.013184281384278755,-0.13825153653026592
143.75,0.28717207815665763,-27.083958960675723,-0.013136545961394882,-0.13763869325558092
144.0,0.28389337540370485,-27.118291918164996,-0.013093018724719106,-0.13702497076237358
144.25,0.28062657367436333,-27.152465286984324,-0.013041333126000854,-0.13636198466516705
144.5,0.2773731034948365,-27.18647124039951,-0.01298636506535408,-0.13568564783872078
144.75,0.2741305921460264,-27.220308073822363,-0.012953662451325051,-0.13500902262732523
145.0,0.2708960690755223,-27.25397772201406,-0.012922460324284112,-0.13434816584800724
145.25,0.2676717457621887,-27.287472791831043,-0.01287205732961952,-0.1336123974398874
145.5,0.26446097380534295,-27.320782980659143,-0.012814048762130157,-0.13286911865400944
145.75,0.2612658381462418,-27.353908164652328,-0.01274696755984603,-0.13213235961590863
146.0,0.2580859450202095,-27.386848701986274,-0.012692108150418675,-0.13139194422781428
146.25,0.2549171917528418,-27.419601776410914,-0.012657846909253768,-0.13063265439945862
146.5,0.2517582938026058,-27.452166946222537,-0.012613267058403049,-0.12988870829654575
146.75,0.24861038125480675,-27.484545097116516,-0.012569962909313078,-0.12913650293801296
147.0,0.24547410808670278,-27.516734236403238,-0.012520151294761793,-0.12837661605201459
147.25,0.24235022352725957,-27.548725610556314,-0.01247084815990251,-0.12755438182091772
147.5,0.23924113583775095,-27.580513075787923,-0.01240177757732231,-0.12674534654399164
147.75,0.23614967654353777,-27.612097196512938,-0.012329820175870242,-0.12592762604028993
148.0,0.2330740686157254,-27.643476882726333,-0.012274966640119749,-0.12510986883847974
148.25,0.2300140918575648,-27.674651989487757,-0.012204770710583356,-0.12429099187102287
148.5,0.22697079525921784,-27.705623424406095,-0.012141526148874461,-0.12348049343841226
148.75,0.2239449421965417,-27.736391100158745,-0.012065221566808238,-0.12266091977681119
149.0,0.22093587717350893,-27.766955869706667,-0.012007223327721679,-0.1218572420746945
149.25,0.21794361736551002,-27.79731097742426,-0.011930773250102023,-0.12098362687381248
149.5,0.21497170915118707,-27.827448858301302,-0.011844411462861474,-0.12011942828474265
149.75,0.21202057797143697,-27.857369534310426,-0.011764556098818116,-0.11924598731704569
150.0,0.20908962679384047,-27.887072204229728,-0.011682971709536605,-0.11837537972920413
150.25,0.2061787400342866,-27.916555187467786,-0.011604039216518125,-0.11748849361706049
150.5,0.20328728396254314,-27.945817495588187,-0.011527526993172403,-0.11660997855974173
150.75,0.20041526509468055,-27.974860192871333,-0.01144854159590462,-0.11573160715221543
151.0,0.1975627900111774,-28.00368446454074,-0.011371177595538275,-0.11486257349694902
151.25,0.19472530942676577,-28.032290151323757,-0.011328584599980063,-0.11398292478286039
151.5,0.19189862248097492,-28.060675957682367,-0.01128482850880549,-0.1131035302113903
151.75,0.1890832709103722,-28.088839123455166,-0.011237899490882,-0.11220180039548523
152.0,0.186280705551455,-28.116776620230777,-0.011182538634938967,-0.11129817902885403
152.25,0.18349542687375572,-28.144489901662503,-0.011099607313289595,-0.11040808024379778
152.5,0.18073138364170352,-28.171981446756504,-0.011012655661015473,-0.10952428870607245
152.75,0.17798839762629318,-28.199252677752593,-0.010931150054766949,-0.10864556694701767
153.0,0.1752656374559022,-28.226304970452656,-0.01085084945737155,-0.10777278222426444
153.25,0.172563230880377,-28.25313697688271,-0.010768319716165905,-0.10688327699714538
153.5,0.16988073483797367,-28.279744616033362,-0.010691563687479356,-0.10597784344465667
153.75,0.16721754437974112,-28.30612805158519,-0.010613876664957127,-0.10508964829433783
154.0,0.16457505624068472,-28.332288932829226,-0.010525944749562853,-0.10419740994821866
154.25,0.16195284496163084,-28.35822528135751,-0.010451660670471902,-0.1032933852815974
154.5,0.1593492655953322,-28.383934158276677,-0.010376888339242774,-0.10237763712132701
154.75,0.1567642246370475,-28.409415699542567,-0.010303354611219976,-0.1014746999385913
155.0,0.15419708769551818,-28.434671257752452,-0.010233656014675189,-0.10056977231170497
155.25,0.15164806111692042,-28.45969909025491,-0.010158470578227649,-0.09965289479647409
155.5,0.149118390938495,-28.48449750125198,-0.010078804657786399,-0.09873440069102102
155.75,0.14660705776331798,-28.50906760457793,-0.010011775541670563,-0.097826432236119
156.0,0.14411264900165127,-28.533409379585304,-0.00994340833918305,-0.09690777426858589
156.25,0.1416391841423093,-28.55752476820519,-0.009844226792487625,-0.09601534404141197
156.5,0.13918885653627233,-28.58141660997892,-0.009758309977591612,-0.09511939824870223
156.75,0.1367595591193869,-28.605082199599543,-0.009675983566982939,-0.09420532647805598
157.0,0.13435038810002703,-28.62851986714523,-0.0095972992435646,-0.09329602130582884
157.25,0.13196380797320653,-28.651731369705427,-0.009495257299170713,-0.09239600879634155
157.5,0.12960158481485543,-28.67471979673569,-0.009402444945710034,-0.09151141619618716
157.75,0.12726110452799097,-28.69748647577507,-0.009321313871268276,-0.09062202376793485
158.0,0.12494094661398733,-28.720032207437367,-0.009239867016067703,-0.08974383720928084
158.25,0.12264254197558003,-28.74235423964463,-0.009147284530878068,-0.08883242917754697
158.5,0.12036723609842885,-28.764448567024363,-0.009055077033329651,-0.08792219855367911
158.75,0.11811378208974455,-28.786313482353382,-0.00897246818089467,-0.08699713186687569
159.0,0.11588184255159226,-28.80794943537287,-0.008882963003744658,-0.08609050072762799
159.25,0.1136705619471236,-28.829357199826756,-0.008807195553415335,-0.08517162204685254
159.5,0.11147766592334421,-28.85053592691963,-0.008735886869877285,-0.08425820141915354
159.75,0.1093030147089598,-28.871485694359535,-0.008661236619428258,-0.08333994513816533
160.0,0.10714922879593483,-28.892207146344532,-0.008568965397581094,-0.08243167944118442
160.25,0.10501701797442337,-28.9127036601619,-0.008488637488987842,-0.0815404386711041
160.5,0.10290436382832084,-28.932977986042467,-0.008412512460476005,-0.08065417555056711
160.75,0.10081210391056944,-28.953031810662214,-0.008325484461920534,-0.07977642961246276
161.0,0.09874099416773995,-28.972865896453094,-0.008243310829631922,-0.07889626446197456
161.25,0.09668880963541017,-28.99248356555446,-0.008174085508612684,-0.07804509487552158
161.5,0.09465325893720532,-29.011885937171492,-0.008110238264474996,-0.07717388408028761
161.75,0.09263469590406456,-29.03107263715474,-0.008038185792798781,-0.0763197225788456
162.0,0.09063331090915477,-29.05004604751146,-0.007972814144945323,-0.07546756643821655
162.25,0.08865104157937823,-29.06880657185207,-0.007885260584285294,-0.07461663654123889
162.5,0.08668926391982068,-29.0873557348975,-0.0078088818140195524,-0.07377667502326116
162.75,0.08474898655367315,-29.10569569827249,-0.007713258830124015,-0.07294304099203172
163.0,0.08283094601077272,-29.123827381872328,-0.007630987321462058,-0.0721104355632622
163.25,0.08093471109778606,-29.141747686031817,-0.007538811352649183,-0.0712520064030342
163.5,0.07905912917506104,-29.15945340191584,-0.0074657634102361075,-0.07039372755612877
163.75,0.07720393208869454,-29.176943767965067,-0.00737573207026716,-0.06952920932587789
164.0,0.07537180404719525,-29.19421782805481,-0.007281210914596912,-0.06866328030355645
164.25,0.07355920139168666,-29.21128036412747,-0.007219532718649468,-0.06783701409276546
164.5,0.07176134318756393,-29.228133690646317,-0.007163253307634207,-0.06698960336405534
164.75,0.06997858762971342,-29.24477716566351,-0.007098713055508016,-0.06615820285840876
165.0,0.068210926313009,-29.261213221961448,-0.007042499701362726,-0.06533025282492302
165.25,0.06646268643083666,-29.277441569946134,-0.006943341032862616,-0.06449654040128706
165.5,0.06473751107553236,-29.29346258103989,-0.00685798430564837,-0.0636715563962482
165.75,0.06303572552911355,-29.30927660129996,-0.00675622199639645,-0.06284061527851154
166.0,0.06135795798230076,-29.324884603817868,-0.006665841600299036,-0.06202341338585145
166.25,0.05970025401518939,-29.340290478382958,-0.006595714994006333,-0.06122358974645475
166.5,0.05805969468537225,-29.355497478747658,-0.006528685315047955,-0.06043241949076062
166.75,0.056435863030425804,-29.370506856848777,-0.006461893720810274,-0.05964261161535875
167.0,0.05482922888767069,-29.38531745530513,-0.006391104213409081,-0.05884218270956522
167.25,0.05324183032610757,-29.399933553281475,-0.006308013297163277,-0.058086608935038156
167.5,0.051675842309219934,-29.414358491283853,-0.006219818143107024,-0.057312903399076416
167.75,0.050130981547669796,-29.4285912373495,-0.006138996182092405,-0.05654907274604966
168.0,0.048607595350661253,-29.442633642496784,-0.006048022088605006,-0.055790177009295956
168.25,0.04710112522748787,-29.456484021522805,-0.0060036658518784446,-0.055012859380795906
168.5,0.045606986834591315,-29.47014132038893,-0.0059493691867433945,-0.05424553666731447
168.75,0.044125345752446456,-29.48360809703092,-0.005903688350683137,-0.05348868077544534
169.0,0.04265551841028086,-29.496885666698216,-0.005854859270325392,-0.0527318811665416
169.25,0.04120219308915806,-29.50998136038151,-0.00577167770403045,-0.05203367614222286
169.5,0.03977121316375747,-29.522901680161702,-0.005676095480605756,-0.05132889111086604
169.75,0.038364461212649706,-29.53564657029306,-0.0055778544840456015,-0.0506302392021919
170.0,0.036981455853478076,-29.548217135767214,-0.005486122996435334,-0.04993429323954171
170.25,0.03562055109340946,-29.560614397996254,-0.0054010502029604385,-0.04924381261346416
170.5,0.03428110172023043,-29.572839455029865,-0.0053144802108811735,-0.048556651817273415
170.75,0.03296207673714079,-29.584895031287605,-0.005237656820760347,-0.0478879654875909
171.0,0.03166314407976123,-29.596782367714347,-0.005153740796328301,-0.04721073383800288
171.25,0.030386988860271507,-29.60850093937966,-0.005055437723793766,-0.04653784875257682
171.5,0.02913415534511704,-29.620048724434657,-0.004967165222933044,-0.04584444000978029
171.75,0.027904971607483228,-29.63142541437769,-0.004866241202342341,-0.04516908904967524
172.0,0.026699866038141565,-29.642631769424757,-0.004774538743439847,-0.04448175997261003
172.25,0.025514103880297692,-29.65366823252659,-0.00471149537048902,-0.043809950785826654
172.5,0.024342434508019622,-29.664536108965393,-0.004661795978072636,-0.04313306541029323
172.75,0.023184248459457716,-29.675236518611246,-0.004603630102037991,-0.04247021724045302
173.0,0.022041255670036723,-29.68577175484951,-0.004540250308823086,-0.041811678641141055
173.25,0.020915532232238833,-29.69614832896252,-0.004465479791134817,-0.041200921312299126
173.5,0.019808408053522537,-29.70637087121971,-0.004391455220596852,-0.040579423724338065
173.75,0.018720655147517522,-29.716439593518675,-0.004310510778833491,-0.039970362298834626
174.0,0.017652131190201335,-29.726355139596457,-0.004237622940923278,-0.03935401319532026
174.25,0.016598415829478467,-29.73611844145489,-0.0041920433935899734,-0.03875240596944887
174.5,0.015556288286224523,-29.745731038663585,-0.0041449201709137145,-0.03814837614291911
174.75,0.014527770443534644,-29.75519156208713,-0.004083164982757634,-0.03753581706773277
175.0,0.013514421438088961,-29.764498027249942,-0.004023568777746513,-0.03691590985351516
175.25,0.01251357118602006,-29.773654652795763,-0.003983178828267261,-0.036337098321035995
175.5,0.011524128637605317,-29.782666943689403,-0.003932307424517357,-0.03576123362428847
175.75,0.010545371172198552,-29.791533733476843,-0.003897697004635354,-0.035173087938334034
176.0,0.009575962411098286,-29.8002540918241,-0.0038575182449228575,-0.03458978262783388
176.25,0.008620339540197447,-29.8088320763734,-0.003787412485151519,-0.034034100376136064
176.5,0.0076826413440703135,-29.81727076826331,-0.003714120563241929,-0.033475441653172705
176.75,0.006763878157094664,-29.825570089468833,-0.0036359326306986896,-0.03291913536261343
177.0,0.005865131650955926,-29.8337286787614,-0.0035539858648461742,-0.03234958670392624
177.25,0.0049873637727041705,-29.841751380546324,-0.0034681085066113797,-0.031832035672040196
177.5,0.004129597428721066,-29.849643471261118,-0.0033939726647159853,-0.031304697035884996
177.75,0.0032894904399112224,-29.857404396749267,-0.0033268341672532693,-0.030782713199152968
178.0,0.002468407974758038,-29.865034483910446,-0.0032417762143491006,-0.03025799210959337
178.25,0.0016642320416213078,-29.872530086614336,-0.0031915794159436536,-0.029706834254125743
178.5,0.0008739352261282011,-29.879887832887874,-0.003130743220564945,-0.02915514166986077
178.75,9.658291797303751e-05,-29.8871071657632,-0.0030880229852380155,-0.028599525360411004
179.0,-0.0006706949139192987,-29.89419042126885,-0.0030501495408358868,-0.028066522255503025
179.25,-0.0014247093623578541,-29.901141914226145,-0.0029819170382430955,-0.027545427835874485
179.5,-0.0021610602669581342,-29.907963639502388,-0.002908841568936838,-0.027028381263667262
179.75,-0.0028785793151478592,-29.91465767976755,-0.0028312633731514955,-0.026523948171759997
180.0,-0.0035796051007929994,-29.921223078783846,-0.0027768935552519884,-0.025999249084609283
180.25,-0.004267008005615934,-29.92766330570511,-0.002722284851881877,-0.025522571434028522
180.5,-0.004939794860503136,-29.9339829965093,-0.0026599641226669186,-0.02503496087512835
180.75,-0.005598100612246708,-29.940181178088363,-0.0026064363210684957,-0.024550496804022104
181.0,-0.006243082940586393,-29.946260307017834,-0.002553378289583881,-0.024082539634105744
181.25,-0.00687137703430121,-29.95222347239756,-0.00247293121530366,-0.023622790988304367
181.5,-0.007479932221212496,-29.958071318659727,-0.002395466743882653,-0.023159986412408354
181.75,-0.008068802467805997,-29.963802138749866,-0.002315450690239446,-0.02268658185265879
182.0,-0.008638765959605626,-29.96941589570977,-0.00224421367390273,-0.02222348054286115
182.25,-0.009195642568977834,-29.97491733638961,-0.002210758237357625,-0.02178804805004791
182.5,-0.00974486414368789,-29.98030787854505,-0.002182971856369066,-0.021336291813211925
182.75,-0.010287021460605035,-29.985586083206808,-0.002154244627619884,-0.020889348189276142
183.0,-0.010822756707648358,-29.99075150823895,-0.0021315945090742043,-0.02043405420334443
183.25,-0.01134925459652796,-29.995806881911026,-0.0020803486061992276,-0.02000894000474732
183.5,-0.011861340528358601,-30.000754810980396,-0.002016297971001417,-0.019574498588975878
183.75,-0.012359187244700285,-30.005594933816475,-0.0019664354863867277,-0.019146488800732414
184.0,-0.012842527012088847,-30.01032721319813,-0.0019002417428753812,-0.018711752493300374
184.25,-0.013316203656372488,-30.014952779936813,-0.0018891319864547,-0.018292782463592772
184.5,-0.01378850249859726,-30.019474261144335,-0.001889219821605141,-0.017879067188305075
184.75,-0.014260371827230289,-30.023893087080648,-0.0018856964611281089,-0.017471540634385354
185.0,-0.01473129823780811,-30.028208494993628,-0.0018816753182073049,-0.017051723048562027
185.25,-0.015199090868526341,-30.032420695987124,-0.001860627539926125,-0.016645886883815467
185.5,-0.01565999725033738,-30.03653251908629,-0.0018265861414124634,-0.01624870111893975
185.75,-0.016113635379680927,-30.04054636319197,-0.0018024825126125887,-0.01586205399903475
186.0,-0.016559849579363038,-30.04446297921184,-0.0017671942758995147,-0.01547087748689013
186.25,-0.016997790985469174,-30.04828567285305,-0.0017363030828875274,-0.015110674555264976
186.5,-0.01742721112145073,-30.052019169318484,-0.001699024757386974,-0.01475730068284085
186.75,-0.017847210479856164,-30.055663597230684,-0.0016609363138869826,-0.014398126205750372
187.0,-0.018256173944542,-30.05921863379331,-0.0016107379093818078,-0.014042171028022488
187.25,-0.01865052053041521,-30.062685846613338,-0.0015440021599281224,-0.013695537824070413
187.5,-0.0190285571214317,-30.06606697483464,-0.0014802583806036163,-0.013353493956155128
187.75,-0.019389399747241586,-30.069360117771044,-0.001406448569373232,-0.01299165649389799
188.0,-0.01973293474864219,-30.072564431981554,-0.0013417986123796528,-0.01264286328540857
188.25,-0.020060558088559693,-30.075688458714236,-0.001279160487395473,-0.012349356481616747
188.5,-0.02037262908636251,-30.078737688049575,-0.0012173788014138377,-0.012044484025903848
188.75,-0.020671118208264117,-30.081710232692977,-0.0011705051259663344,-0.011735877540614203
189.0,-0.020956025356153377,-30.084606316422434,-0.0011087235282366702,-0.011432798119861443
189.25,-0.02123297488877494,-30.087426645933256,-0.0011068442138128772,-0.011129838143903753
189.5,-0.021508763174162657,-30.090171628929664,-0.0010994338470090518,-0.01083002652601252
189.75,-0.021783180165118085,-30.092841639690803,-0.0010958738435207576,-0.010530059898728314
190.0,-0.02205660993900266,-30.095436036383557,-0.0010915356408407355,-0.010225114052312672
190.25,-0.022323027492751935,-30.09795272024038,-0.0010397749681907839,-0.009908361682279125
190.5,-0.022577579879341714,-30.10039052826693,-0.0009966145371120214,-0.009594106599334825
190.75,-0.02282112659983127,-30.10275046733798,-0.0009517301617039561,-0.00928541020081156
191.0,-0.023052460629056446,-30.10503420174068,-0.0008989137363016502,-0.008984470000323378
191.25,-0.023274100156863826,-30.10725024216698,-0.0008741798363737499,-0.008743855742008571
191.5,-0.023489416128219996,-30.109406507597797,-0.0008483255692237537,-0.008506270142063895
191.75,-0.023697556020708027,-30.111501359355742,-0.000816769682814315,-0.008252546896607234
192.0,-0.023897971141668545,-30.113533016622835,-0.0007865275739994568,-0.008000714091397609
192.25,-0.024090686740041466,-30.115499936758727,-0.0007551721591435418,-0.007734649951951526
192.5,-0.02427696966081083,-30.117400654482115,-0.0007350663885897116,-0.0074710937307078985
192.75,-0.024456300474865002,-30.11923604283426,-0.0006995557265851958,-0.007212016434399549
193.0,-0.024629525222973916,-30.121005781496624,-0.0006862171958426808,-0.006945894122064604
193.25,-0.024797091148204796,-30.122710406680547,-0.0006542862116602818,-0.006691110359791959
193.5,-0.024959344702547494,-30.12435135100959,-0.0006437182390756442,-0.006436445268902263
193.75,-0.025118110757421267,-30.1259285545877,-0.0006263861592362492,-0.006181184990059474
194.0,-0.025270515697237764,-30.12744278904944,-0.0005928299557995089,-0.005932693867598667
194.25,-0.025415564790721695,-30.12889848526173,-0.0005675420909379618,-0.005712878214893131
194.5,-0.025553735442847093,-30.130299131800747,-0.0005378023516437602,-0.005492296901124227
194.75,-0.025683876380354197,-30.131644762693803,-0.0005033044705614351,-0.005272753495783695
195.0,-0.025804379596591494,-30.132934991450817,-0.00046070019061045974,-0.005049080577070147
195.25,-0.025913334788386515,-30.134169015133924,-0.00041092005688871347,-0.0048231135810969175
195.5,-0.026010922013644855,-30.13534596767423,-0.0003697560194169861,-0.004592510622305996
195.75,-0.02609983239283604,-30.136465232249293,-0.00034150525877126915,-0.004361608641674189
196.0,-0.026179772273961167,-30.137527417272157,-0.0002979925207877562,-0.0041358756436351745
196.25,-0.026252648851276587,-30.13853569148721,-0.00028500072942983597,-0.003930319301660791
196.5,-0.026322758583539125,-30.13949206253449,-0.00027585737214409084,-0.0037206499386043673
196.75,-0.026391655713336168,-30.140396265259195,-0.0002753000972561242,-0.0035129719115795013
197.0,-0.026458238943517044,-30.141250038216867,-0.0002573472986271112,-0.0033172134423956573
197.25,-0.026518707733085123,-30.142058314328697,-0.00022638716818223413,-0.0031489983711827287
197.5,-0.026571389378513943,-30.14282576133068,-0.00019505106796187692,-0.0029905805990711482
197.75,-0.02661492185160145,-30.14355194113947,-0.00015319253396137367,-0.002818861817709552
198.0,-0.026648402867044816,-30.14423784945011,-0.0001146414101015876,-0.002668408302035198
198.25,-0.02667498898827138,-30.144886109397767,-9.803335254218772e-05,-0.002517672845035575
198.5,-0.026698919223321325,-30.14549631726583,-9.339404243292467e-05,-0.0023639905368852336
198.75,-0.026722436819259857,-30.14606872577422,-9.473270808147782e-05,-0.0022152774040092274
199.0,-0.02674475625683189,-30.146605432257047,-8.380988887732869e-05,-0.002078375488415403
199.25,-0.026763935163351526,-30.14710846751019,-6.960887722835338e-05,-0.0019459078756195961
199.5,-0.026778935966700928,-30.147579071579795,-5.0385580091858175e-05,-0.0018189264936065766
199.75,-0.026789600477451558,-30.14801589223012,-3.491699850518293e-05,-0.0016756401673704156
200.0,-0.026794695364433307,-30.148418287755693,-5.829642440474108e-06,-0.0015435267795829532
200.25,-0.026792922605841336,-30.14878780091325,2.0024057108291705e-05,-0.0014125809183819758
200.5,-0.026785794453672847,-30.149125357921402,3.7012918558420384e-05,-0.0012878767485856536
200.75,-0.02677265369639173,-30.149430581630174,6.812577170037842e-05,-0.001153915854951819
201.0,-0.02675274955558149,-30.149701092053714,9.11209104332749e-05,-0.0010101697013846253
201.25,-0.026728135300935072,-30.149940150374764,0.0001058033008564615,-0.0009022982512690075
201.5,-0.026700047790581605,-30.150151263930073,0.00011890769348326043,-0.0007866114267142377
201.75,-0.026668479354504254,-30.150333913043852,0.00013365036230060499,-0.0006745828734493214
202.0,-0.026635127182081206,-30.15048922114677,0.0001331770822465429,-0.000567881905256639
202.25,-0.02659859520476326,-30.15061529691354,0.0001590907304080282,-0.00044072667204397674
202.5,-0.02655550866299304,-30.150708143595228,0.00018561468522878904,-0.00030204928216840787
202.75,-0.0265037298466084,-30.15076760973545,0.0002286279564927651,-0.00017368389495619674
203.0,-0.02644371247700523,-30.150794315808177,0.0002515236168528845,-3.996684547243249e-05
203.25,-0.026381494007425343,-30.150789087794493,0.00024623562918108655,8.179145353315036e-05
203.5,-0.026319827866626896,-30.150753401670492,0.0002471050004385905,0.00020369745650922248
203.75,-0.026257908223216418,-30.150686548407027,0.0002482641710257109,0.0003311285419493515
204.0,-0.02619420012651321,-30.150588959828063,0.0002614117803539293,0.000449578850168015
204.25,-0.026125220233497996,-30.15046628093674,0.0002904351313311397,0.0005318495440599045
204.5,-0.02604876121483931,-30.15032146296824,0.00032124597190499616,0.0006266912990790265
204.75,-0.025966561828906352,-30.150155363951455,0.00033635623822904435,0.0007020994105977783
205.0,-0.02587830104891119,-30.149968303299673,0.00036973871636949,0.0007943826563222029
205.25,-0.025783865191457245,-30.149759821248633,0.00038575561498166173,0.0008734722418898307
205.5,-0.025685708078127128,-30.149530253152804,0.0003995097548064462,0.0009630712280049893
205.75,-0.025584328071941234,-30.149280029379284,0.0004115374429046008,0.001038717826173567
206.0,-0.025479203883234647,-30.149011114938197,0.0004294630488442386,0.0011125960124739524
206.25,-0.025371699967344778,-30.14871974990485,0.00043057826358259513,0.0012183241491881146
206.5,-0.025263441751877596,-30.14840292660516,0.000435496711090656,0.001316261784593944
206.75,-0.025152697555452738,-30.14806083005703,0.0004504667065302838,0.0014205091890891032
207.0,-0.025039411528057314,-30.14769328930782,0.0004558308934880907,0.0015198162988214476
207.25,-0.02492608771377895,-30.147299262323415,0.00045077025332936163,0.001632400053544514
207.5,-0.024814716672321498,-30.146877540552385,0.00044020837037829513,0.0017413751104777776
207.75,-0.024704484278733053,-30.14642967465651,0.00044166024069144716,0.0018415519196447393
208.0,-0.024593799155712033,-30.145958030282898,0.0004438292512392597,0.0019316028647349372
208.25,-0.024479288508226154,-30.145469857741883,0.0004722599229611962,0.001973774782928942
208.5,-0.02435736403425445,-30.14496932264185,0.0005031412366979624,0.002030503105827483
208.75,-0.0242289251866271,-30.14445601495607,0.0005243738502306712,0.0020759563785679885
209.0,-0.024094736987678674,-30.143929730627463,0.000549137264996237,0.002134315915596568
209.25,-0.023958363444790173,-30.143390928360986,0.0005418550396317031,0.002176102902772748
209.5,-0.023821786410430958,-30.142841826329747,0.0005507650857902042,0.0022167125070764503
209.75,-0.023685179361492417,-30.14228009455013,0.0005420970249527721,0.002277142547080755
210.0,-0.023550850409668242,-30.14170500098759,0.0005325389918137623,0.0023236068543590095
210.25,-0.023417052299787574,-30.141117642194896,0.000537850778807917,0.002375262986393715
210.5,-0.023282886156713634,-30.140517973542643,0.000535482801792639,0.002422086454887683
210.75,-0.02314727790190579,-30.139905469255208,0.0005493885248864694,0.0024779465335582336
211.0,-0.023010360451510867,-30.139278421061647,0.0005459568034747693,0.0025384393384868553
211.25,-0.022872083226189593,-30.13863896666889,0.0005602646750734683,0.0025771944546300564
211.5,-0.022731843703400555,-30.137989750341553,0.0005616552388228198,0.0026165360329473116
211.75,-0.02258952525424929,-30.137328692212595,0.0005768975995021203,0.0026719275616708987
212.0,-0.02244567583767592,-30.136656061123308,0.0005739012627596326,0.0027091214351283917
212.25,-0.022300684594394556,-30.135976746721298,0.000586030240747694,0.0027253926374225593
212.5,-0.022154222577753357,-30.135291720621385,0.0005856686898850513,0.002754816195956429
212.75,-0.022005571817479978,-30.134599187477825,0.0006035403040003471,0.0027854472675578877
213.0,-0.021852632129065706,-30.133900569707198,0.0006199789291784107,0.0028034933476343495
213.25,-0.021697112418817634,-30.13319609191055,0.0006241814962954761,0.002832328629321924
213.5,-0.021541075924753784,-30.13248298983047,0.0006241142674303949,0.002872488017650724
213.75,-0.02138639281820295,-30.131760631133325,0.0006133538053229715,0.0029063825740230677
214.0,-0.021234660239841694,-30.131030276764598,0.0006005096809558812,0.0029364535867506406
214.25,-0.021084020204660298,-30.130295111959406,0.0006046114175800809,0.0029448644681021405
214.5,-0.020931889592700394,-30.129556234807012,0.0006124355094414329,0.0029661520133810156
214.75,-0.02077910655009214,-30.128813356887548,0.00060982986651715,0.002976871587988201
215.0,-0.0206256393397253,-30.128068258010686,0.0006179085053745043,0.0029839186652433213
215.25,-0.020466202420670813,-30.12731374250718,0.0006575933103260866,0.003052201621280015
215.5,-0.02029974993913445,-30.126542298060816,0.0006740328996096662,0.0031193523997027745
215.75,-0.020127388166277283,-30.12575356890601,0.000704868016579977,0.003190477931580388
216.0,-0.019948167155984645,-30.124949960224036,0.0007289046115427056,0.003238389258036711
216.25,-0.019765262521999484,-30.12413956448638,0.000734333091761074,0.0032447761314014743
216.5,-0.01958159572499545,-30.123325811650588,0.0007350032436146152,0.0032652464917702407
216.75,-0.019395362245650045,-30.122507412809316,0.0007548661950420212,0.0032819423657089643
217.0,-0.01920482243865208,-30.121685054184976,0.0007694537040228501,0.0032969252537139292
217.25,-0.01901677795262491,-30.120858333701293,0.000734904092031322,0.003316841873117058
217.5,-0.018834962354738954,-30.120028603809477,0.0007196211120547675,0.0033209987022860257
217.75,-0.018656698541612924,-30.119197250045357,0.0007064902543448466,0.003329832648655837
218.0,-0.018482208638132724,-30.118363363108905,0.000689430079211666,0.0033412644514062484
218.25,-0.01830883201613386,-30.11752720837826,0.0006975835569696717,0.0033479726250691772
218.5,-0.01813411855783557,-30.116689178972376,0.0007001249189335278,0.003356262382395315
218.75,-0.017958189347912656,-30.11585039701436,0.0007073085746023409,0.003353992604482076
219.0,-0.017779926348971166,-30.115010862049964,0.000718796227359991,0.003362286027641438
219.25,-0.017600553077598256,-30.114166356065926,0.0007161929399034485,0.003393762090100908
219.5,-0.01741945874255618,-30.11331265912672,0.0007325657338855687,0.0034358118799145665
219.75,-0.017235786522567437,-30.112449295400932,0.0007368153821619386,0.003471097525734224
220.0,-0.01705011861761886,-30.111577016745446,0.0007485312843528604,0.0035071306135515683
220.25,-0.016865057110379455,-30.110697962443396,0.0007319625166976385,0.0035253053649472892
220.5,-0.01668340294840742,-30.10981504709984,0.0007212720067342802,0.003538018391404006
220.75,-0.016505725470399538,-30.108926559500595,0.0007001508501013488,0.0035698843938749268
221.0,-0.016332768589864516,-30.108031960055126,0.0006835058272935588,0.003586912739180748
221.25,-0.016164408675672655,-30.107135720242,0.0006633731450060651,0.003583007663978655
221.5,-0.01600184805092217,-30.106237957845373,0.0006371133956345526,0.003599093984815241
221.75,-0.0158453976586732,-30.10533865951751,0.0006144894091970855,0.00359529477107505
222.0,-0.01569481871869326,-30.10443951586518,0.0005901423762790326,0.0035978567430169795
222.25,-0.015545985759938128,-30.10354212592438,0.0006005197529951676,0.003581261804991619
222.5,-0.015393610613728632,-30.102648799470334,0.000618479940710952,0.003565348134099297
222.75,-0.015236825138451118,-30.101757717793816,0.000635803693839075,0.0035633036447462125
223.0,-0.015076434112689436,-30.100867767442114,0.0006473238774284876,0.003556298082734051
223.25,-0.014914010175676376,-30.09998083223445,0.0006520660310565197,0.0035391831314773867
223.5,-0.014752021797580736,-30.099098950619666,0.0006438388217046207,0.00351587056248364
223.75,-0.014590366346450046,-30.098220883567787,0.0006494041338920599,0.003508665327845527
224.0,-0.014426850424721839,-30.09734537507675,0.0006587220155958492,0.0034954017219933305
224.25,-0.014263861083823971,-30.09647039314022,0.0006451935912175973,0.003504455045706204
224.5,-0.014104190221137982,-30.095590791610594,0.0006321759665629475,0.003532358418597138
224.75,-0.013946193482898874,-30.09470443961728,0.0006318004252710477,0.0035584575633070964
225.0,-0.013787823738069409,-30.09381359240397,0.0006351584885233024,0.0035683198265824287
225.25,-0.01362998344218212,-30.092919280253817,0.0006275655875162883,0.0035861780905018306
225.5,-0.013475121909921773,-30.09202124385179,0.0006113278207302376,0.0035981146566181482
225.75,-0.01332593372365376,-30.091119604670606,0.0005821792853886272,0.0036150015409818184
226.0,-0.013183980868484494,-30.090213648236077,0.0005534452428336158,0.00363265264432541
226.25,-0.013047440977685917,-30.089303752641033,0.0005388752122094157,0.003646513489675591
226.5,-0.012913152129321323,-30.08838947990903,0.0005354375907174593,0.003667668690469225
226.75,-0.012781285018205342,-30.08747005812601,0.0005195012085390921,0.0036877070761944073
227.0,-0.012652973824673982,-30.086546780251666,0.0005069893794162996,0.003698517098179083
227.25,-0.012528155173903315,-30.085624341744282,0.0004915581944831105,0.0036809924157759277
227.5,-0.01240690320024372,-30.08470564566855,0.0004784564437016428,0.0036685774253021387
227.75,-0.012289083636929658,-30.08378919480203,0.0004640995587286268,0.0036630308604202527
228.0,-0.012174130294815155,-30.082876127512655,0.0004555251674173666,0.003641508262958708
228.25,-0.012062818639065704,-30.08196933730905,0.0004349653911999287,0.003612815304262026
228.5,-0.011954603954643452,-30.081069746058503,0.0004307493767648042,0.0035839150976168526
228.75,-0.011847858824786233,-30.080178702583304,0.00042320795681710877,0.0035444334149858157
229.0,-0.011742894406669998,-30.07929657574489,0.000416504401930768,0.0035125819243131233
229.25,-0.011641099992606097,-30.078419285347078,0.00039785028209144823,0.0035057430169300133
229.5,-0.011543753573213009,-30.077544404849917,0.0003809199157350798,0.0034933025565656675
229.75,-0.011449590521986856,-30.076671393514538,0.0003723842721541451,0.003490788931235941
230.0,-0.011357804979056455,-30.07579933983258,0.00036189960067318925,0.003485641512885802
230.25,-0.011269618589276262,-30.074930744000433,0.0003435894089851131,0.0034631268705827643
230.5,-0.011184259654561482,-30.074066668707744,0.0003392807953672259,0.0034494758771415426
230.75,-0.011101474626828627,-30.07320496335802,0.00032299893935448543,0.003444168455710214
231.0,-0.011022647782764914,-30.07234652084401,0.00030761386517040633,0.003423373106875265
231.25,-0.010943957570408613,-30.071493262496805,0.0003219058964745981,0.0034026923232905663
231.5,-0.010863168515945872,-30.070644671883223,0.0003244049814419454,0.003386032349764881
231.75,-0.010782048030632093,-30.0698003348465,0.0003245572765431935,0.0033686639296591596
232.0,-0.010699203933132416,-30.068961277860808,0.0003381931716445013,0.0033437906703091447
232.25,-0.010614214422448056,-30.06813108363269,0.00034171858789756345,0.003297762822261119
232.5,-0.010529956436007563,-30.06731225199244,0.00033234108658460325,0.0032528911838325195
232.75,-0.010447159507826126,-30.066502399946437,0.00033003180976543374,0.0032259254019078826
233.0,-0.010364551705654895,-30.065700616447465,0.00033082707748613677,0.0031883425149040745
233.25,-0.010278365962104194,-30.06490468845968,0.0003586580113174644,0.003179078763479256
233.5,-0.0101865543063411,-30.064112327994927,0.00037583343217897534,0.003159803335228471
233.75,-0.010092160040044082,-30.06332550133856,0.0003793183568757355,0.0031348095871417277
234.0,-0.009996900946340948,-30.062544162758233,0.0003827526250647422,0.0031158987317137002
234.25,-0.00990512811959101,-30.06176652793444,0.0003514289933154411,0.0031051828118121064
234.5,-0.009821131039319232,-30.060991882086757,0.0003205464181785739,0.0030919868812768073
234.75,-0.009744261977742785,-30.06021862428003,0.0002944062838873046,0.0030940780370545626
235.0,-0.009673385892568633,-30.059447264309334,0.00027260078021986854,0.0030768037843434447
235.25,-0.00960415018039775,-30.058680220187266,0.00028128330137514826,0.003059548373625438
235.5,-0.009531995747181216,-30.05791611157036,0.00029595158860979456,0.0030533191787072214
235.75,-0.009456575603561099,-30.057154649120516,0.0003074081638819835,0.0030383793399211445
236.0,-0.009378482880488804,-30.05639660917804,0.00031733246033388785,0.003025939264197269
236.25,-0.00929651509404648,-30.055645030803042,0.000338406143476259,0.002986685748981163
236.5,-0.009209689418541162,-30.05490437194084,0.00035619473934890713,0.0029385834715322436
236.75,-0.009119016604752596,-30.0541756873634,0.000369183289081563,0.002890891923395606
237.0,-0.009025388232324285,-30.053456792430975,0.00037984081794638325,0.002860266531202366
237.25,-0.00893113850807625,-30.052741092077405,0.0003741574691486456,0.002865336833183025
237.5,-0.008839967772597332,-30.05202402352573,0.0003552089833127423,0.0028712133666827385
237.75,-0.008752755734697675,-30.051306679521424,0.0003424869874987707,0.002867539867194973
238.0,-0.008668609406561058,-30.050589271686494,0.0003306840455327624,0.0028717239250423583
238.25,-0.008587785255106584,-30.049871985940847,0.00031590869250077195,0.002866563433160391
238.5,-0.008510441687145945,-30.049155733558838,0.00030283957066930907,0.002863456855083731
238.75,-0.008437234502049924,-30.048439416341676,0.00028281826366517715,0.0028670827698031387
239.0,-0.008369650312328001,-30.04772332211416,0.000257854754925581,0.002861673403900405
239.25,-0.00830621483310315,-30.04700953945079,0.0002496278553876834,0.0028485886786877605
239.5,-0.008245578633620455,-30.046299884624887,0.0002354598704651164,0.0028286512643142425
239.75,-0.00818621626036202,-30.04559621276421,0.00023943649203122817,0.002800723246161829
240.0,-0.008127521865207713,-30.04489891001113,0.00023011650791752064,0.002777699657152519
240.25,-0.00806630405321697,-30.044207698835834,0.0002596235735961688,0.002751986963296452
240.5,-0.007997902153832344,-30.043522926281515,0.00028758920035175503,0.0027261908346610836
240.75,-0.007924210856669457,-30.04284501450478,0.0003019384462328889,0.002697102026374204
241.0,-0.007845502369136143,-30.042174322119923,0.0003277267638480359,0.0026684346211580962
241.25,-0.0077666535656964195,-30.041511391483883,0.0003030605252569547,0.00263501279267333
241.5,-0.007694879351289076,-30.040857536733956,0.00027112950714207996,0.0025958282172550977
241.75,-0.0076303279357825896,-30.040213927824603,0.000245277793659165,0.00255304549488986
242.0,-0.0075702941101799745,-30.03957882544333,0.00023499043820606003,0.00252777452519105
242.25,-0.007512297123800004,-30.038950238871177,0.00022898293012336312,0.002500918618396543
242.5,-0.007454389610645368,-30.038326652762734,0.00023427594469626508,0.0024877697501121134
242.75,-0.007395605785861239,-30.037707581586005,0.00023599249733436832,0.0024647995018770483
243.0,-0.007335837166558346,-30.0370947225681,0.0002421539467736989,0.00243807206047504
243.25,-0.007274414920459696,-30.036489445554952,0.0002492208330280277,0.002404143378445681
243.5,-0.007213247455242714,-30.035893401820516,0.0002401151333041668,0.002364207355520892
243.75,-0.007151769834658569,-30.035305335442395,0.00025170358933516713,0.00234032257689831
244.0,-0.00708844896657167,-30.034725049598183,0.00025485974901201243,0.002301963879207095
244.25,-0.007024659415295337,-30.034152583555468,0.0002554543898651989,0.002277764406458863
244.5,-0.006960831664712522,-30.033586497806652,0.00025516509425608017,0.00225092161132004
244.75,-0.006899027706677973,-30.033025534157318,0.00023926524748620607,0.0022367890824181954
245.0,-0.006840204295051522,-30.032469138097916,0.00023131994220974188,0.0022143801418812704
245.25,-0.006779356939948571,-30.031921001210847,0.0002554547913567728,0.002170712679196601
245.5,-0.00671319016065364,-30.031381451388075,0.0002738770938871912,0.002145684166114131
245.75,-0.0066426083584090025,-30.030849360704963,0.0002907740690639791,0.0021110397057140244
246.0,-0.006566881490089727,-30.03032475931175,0.0003150385070846542,0.002085769152324728
246.25,-0.006487579389413622,-30.029807771925693,0.00031937495088881304,0.0020501295272981833
246.5,-0.0064070815969888935,-30.02929992189125,0.0003246038697076294,0.002012670255247427
246.75,-0.006325299087614412,-30.028801238374925,0.00032965283626057863,0.0019767973993531783
247.0,-0.006241814447366412,-30.028312084344964,0.00033822049360025764,0.0019364340325644558
247.25,-0.006155417206079305,-30.027834097416214,0.0003529528332219009,0.0018874600084852115
247.5,-0.006066276267969351,-30.027366660153348,0.00036017134625831873,0.0018520374138718695
247.75,-0.005976847640889553,-30.026908354374132,0.0003552541370875411,0.001814409283436844
248.0,-0.0058864572388928485,-30.026459763901904,0.00036786531307740535,0.00177431330543397
248.25,-0.005797156773408088,-30.026016989747646,0.00034653781873589576,0.0017678819394182541
248.5,-0.005712311092957979,-30.025575859432646,0.00033222700487395724,0.0017611619298214898
248.75,-0.005629840784410028,-30.025134279643108,0.00032753644919919115,0.0017714768286996815
249.0,-0.005548867465908371,-30.02468947141352,0.00032025157433132313,0.0017869896948313506
249.25,-0.005471519692636742,-30.02424518034244,0.0002985287717200543,0.0017673409218592843
249.5,-0.005397071968788583,-30.023808241691412,0.00029704933777211493,0.0017281684258717736
249.75,-0.005325595024592708,-30.02338048509534,0.00027476299510684763,0.0016938864438952148
250.0,-0.0052575994334319335,-30.022961722630313,0.00026919819326089026,0.0016562138009872797
250.25,-0.005193736761018123,-30.022549651629344,0.00024170170126062504,0.001640356799163459
250.5,-0.005137549637031328,-30.02214101544937,0.00020779420399288473,0.0016287358374346176
250.75,-0.0050885755770413675,-30.02173628399419,0.0001839964341864846,0.0016091180476564802
251.0,-0.005045191458652851,-30.021334860797015,0.00016307587417839465,0.0016022695021536012
251.25,-0.005005088535857837,-30.02093899836274,0.00015774396596977074,0.0015646304747680647
251.5,-0.004967242592539583,-30.020552698483197,0.00014501992282194197,0.0015257697612046186
251.75,-0.004930695161112123,-30.020176309147104,0.00014735572314877762,0.001485344707335334
252.0,-0.004894889401988889,-30.019810480184212,0.00013908620185401543,0.0014412877754455254
252.25,-0.0048590000363051625,-30.019452804329017,0.0001480267334809327,0.0014201182231774066
252.5,-0.00482210596544598,-30.01910212017916,0.00014712256180531786,0.0013853550609542657
252.75,-0.00478539192452301,-30.01875846650296,0.00014658774624393015,0.0013638743990830936
253.0,-0.004748338005280824,-30.018421631614405,0.00014984049576454662,0.0013308044026796345
253.25,-0.004713790920664074,-30.018091732758375,0.00012653407332667585,0.0013083886429039668
253.5,-0.004683791003078951,-30.01776624160752,0.00011346406094643255,0.0012955417961761024
253.75,-0.0046582475043333935,-30.01744558802191,9.08814956906786e-05,0.0012696890178151192
254.0,-0.004636968523193069,-30.017129883912634,7.934906103760021e-05,0.0012559449436657067
254.25,-0.004615535162147464,-30.016819907802905,9.211480602770231e-05,0.001223862730606803
254.5,-0.004589784863183672,-30.016518367816758,0.0001138842515521824,0.0011884551061138427
254.75,-0.004558016644820561,-30.016224070084824,0.00014025937621515945,0.0011659242626754426
255.0,-0.004522214148011329,-30.015935610145647,0.00014615832526677257,0.001141754694596824
255.25,-0.004487377709205432,-30.015653082087983,0.00013253099555940706,0.0011184710514733005
255.5,-0.0044579974657586,-30.01537774822941,0.00010250772587194306,0.0010842026476865563
255.75,-0.004435634826608473,-30.015109638392936,7.639117303798518e-05,0.0010606785064068897
256.0,-0.004419554276656738,-30.014846639927505,5.225159177709803e-05,0.0010433114929509677
256.25,-0.004405063837189918,-30.01459021089816,6.36686083708994e-05,0.001008119665393684
256.5,-0.004389705179560245,-30.014341374413313,5.919824653565079e-05,0.0009825726348658087
256.75,-0.004373023992260624,-30.01409977234658,7.424820642536512e-05,0.0009502424800810545
257.0,-0.004353702674160833,-30.01386500474746,8.032023478990038e-05,0.0009278977404346627
257.25,-0.004333453049486657,-30.013632902234594,8.167686243330768e-05,0.0009289222345947204
257.5,-0.004311856578387672,-30.013401316804107,9.109442314594503e-05,0.0009237603213867194
257.75,-0.004286919758868522,-30.013170681408937,0.00010839990703619201,0.0009213212084105785
258.0,-0.004259449495307189,-30.012940654709762,0.00011136197683253849,0.0009188921057225641
258.25,-0.004230823105572755,-30.01271109035677,0.00011764902588867777,0.0009176221254758661
258.5,-0.004200175516200421,-30.012481343726442,0.0001275319511777166,0.0009203499853937227
258.75,-0.0041669330740739564,-30.012251828919926,0.0001384071591079679,0.0009157674414246889
259.0,-0.004130093151642271,-30.012024004810414,0.00015631138302335645,0.000906823746665302
259.25,-0.00409050825955944,-30.01179593884149,0.00016036878573352022,0.0009177036221707917
259.5,-0.004051671210805645,-30.011566305713227,0.0001503277668965585,0.000919362350617965
259.75,-0.004013655154307062,-30.011336166019785,0.00015380091674264105,0.0009217548694708032
260.0,-0.003974305416350577,-30.01110513644845,0.00016099743878949347,0.0009264810227229712
260.25,-0.003937534331506674,-30.01087196145095,0.00013317241874776086,0.0009389215806429087
260.5,-0.0039084112063936,-30.01063649795957,9.98131400467715e-05,0.0009447894955408275
260.75,-0.0038870984137346796,-30.010398670081287,7.069043469235114e-05,0.0009578362764128161
261.0,-0.00387235608238065,-30.01016016325643,4.724750048209679e-05,0.0009502205326708104
261.25,-0.003859828011990929,-30.009922538059367,5.297711743451699e-05,0.0009507805036085555
261.5,-0.0038457391800192932,-30.0096843943389,5.973387888266099e-05,0.0009543686230862515
261.75,-0.0038310835602507307,-30.009443005823368,5.751319076925871e-05,0.000976739710575383
262.0,-0.0038165044663543146,-30.00919873320625,5.9119628859724644e-05,0.0009774410748966144
262.25,-0.0038028604307564647,-30.008956181138608,5.003129436128589e-05,0.0009629763230997551
262.5,-0.0037908706802281074,-30.008717440431774,4.5885200787125755e-05,0.0009469497224591072
262.75,-0.0037811905956543486,-30.008480544400246,3.1555597102974986e-05,0.0009482198807746642
263.0,-0.0037734020611363646,-30.008243506431484,3.075266747095853e-05,0.0009480839450318455
263.25,-0.0037661273642969153,-30.008006612835224,2.7444812354789475e-05,0.0009470651369197469
263.5,-0.0037606176062822635,-30.007771722979875,1.663183745405469e-05,0.000932054725347765
263.75,-0.0037587411354686987,-30.007540390444657,-1.6213384781577066e-06,0.0009186072773152147
264.0,-0.00375981181419156,-30.007310980438607,-6.94427381504498e-06,0.0009166732729040779
264.25,-0.0037616226761000666,-30.007082955891864,-7.543484420687603e-06,0.0009075231575580343
264.5,-0.0037647438945532462,-30.006856108546803,-1.742628884148852e-05,0.0009072565346757729
264.75,-0.0037682669728919937,-30.00662956698379,-1.0758544076347507e-05,0.0009050753407994042
265.0,-0.0037709929786115576,-30.006405009825162,-1.1050793136254701e-05,0.000891381955747271
265.25,-0.0037723480975476588,-30.006184757837218,2.078851968612591e-07,0.0008706328863488292
265.5,-0.0037706084267716054,-30.00596971146579,1.3707511196462472e-05,0.0008497368123139373
265.75,-0.003766946953216907,-30.00576032503554,1.558197904459902e-05,0.0008253544529746392
266.0,-0.0037606649499620816,-30.005557397121624,3.4671475328442324e-05,0.000798067058566048
266.25,-0.003750135267300401,-30.005361349650702,4.956337082188362e-05,0.0007703113048038864
266.5,-0.0037372453484311365,-30.00517180392914,5.355369521108114e-05,0.0007460540914735009
266.75,-0.0037230631091743718,-30.004987772213127,5.990234916673511e-05,0.0007261990380928857
267.0,-0.0037066624776810587,-30.004808849610807,7.130072378383079e-05,0.0007051807058191386
267.25,-0.0036883064010760397,-30.00463630543209,7.554506278637494e-05,0.0006751723237768915
267.5,-0.003667843721149568,-30.004472448947478,8.815265638701868e-05,0.000635678364472703
267.75,-0.003642790244603573,-30.004318532557576,0.00011227138613840564,0.0005956504808363501
268.0,-0.003611791840876189,-30.004174792751247,0.00013571194686592334,0.0005542657598105888
268.25,-0.003575495781576358,-30.00403321445114,0.00015465880485040186,0.0005783588547342902
268.5,-0.0035357423101285233,-30.00388719331749,0.0001633700526558981,0.0005898093931666068
268.75,-0.003491140038941881,-30.00373831230537,0.000193449201267924,0.0006012358679071452
269.0,-0.003438748291783749,-30.00358654440861,0.00022568588448287796,0.0006129042668666691
269.25,-0.003383618852461465,-30.003435019384824,0.00021534835600576388,0.0005992968980519697
269.5,-0.003330836407490293,-30.003288903904377,0.00020690841498418388,0.0005696277412655275
269.75,-0.0032792061597049556,-30.003149152045133,0.00020613157298983935,0.0005483872059164986
270.0,-0.0032287354358615187,-30.003015228476563,0.0001976318325151962,0.0005230021440225977
270.25,-0.0031782236173497204,-30.002886065113756,0.0002064615264659812,0.0005103039259670082
270.5,-0.0031252157815522433,-30.0027574274083,0.00021760196909539442,0.0005187966673443959
270.75,-0.0030706115919749088,-30.002629288341886,0.0002192303795483469,0.0005063157104297871
271.0,-0.003012797403130605,-30.002503986521802,0.0002432821769912475,0.0004960965826323353
271.25,-0.0029558439398538775,-30.002381557361677,0.00021234433560109688,0.00048333961521701774
271.5,-0.0029064223039444127,-30.002261700969697,0.00018302802180551246,0.0004755142845787631
271.75,-0.002862908530901898,-30.002143169949814,0.00016508190751767288,0.0004727355664335456
272.0,-0.002823316778740722,-30.00202658062818,0.00015165091353022304,0.0004599802729115308
272.25,-0.0027853925200748415,-30.001911465994365,0.0001517432520455143,0.00046093678888809835
272.5,-0.00274939749461205,-30.00179521114906,0.0001362177273721212,0.0004691034373015285
272.75,-0.0027152772625701344,-30.00167712683008,0.0001367447441939121,0.0004755710648150502
273.0,-0.0026831417957293912,-30.001557388199064,0.00012033963380831937,0.0004823395299974031
273.25,-0.002653621990249203,-30.001436733338654,0.00011581886757695606,0.0004828997794936018
273.5,-0.002626141946824509,-30.001317310925614,0.00010402050189486186,0.0004724806372017636
273.75,-0.002602512723217017,-30.001199376903926,8.501315052141321e-05,0.0004709933282977751
274.0,-0.002583889271315063,-30.001083713040636,6.397289566198814e-05,0.000454319561706483
274.25,-0.00256729528341336,-30.00097028836418,6.877889309466319e-05,0.00045307739684243464
274.5,-0.0025477572527725337,-30.000855325657504,8.752663219681362e-05,0.0004666224890257379
274.75,-0.0025240766165591073,-30.000739682863312,0.00010191769725161741,0.0004585185076916924
275.0,-0.002497139436938861,-30.000623838018793,0.00011358066048770767,0.00046823914887097925
275.25,-0.0024686067382612684,-30.000509507669154,0.00011467887482536237,0.0004464035446801765
275.5,-0.002439027373436465,-30.00040340365793,0.00012195190245373396,0.00040242785939945613
275.75,-0.0024090542345563703,-30.00030741420446,0.00011782973068706451,0.0003654881569846321
276.0,-0.0023778813769493247,-30.00021866374387,0.0001315511577238377,0.0003445142340781959
276.25,-0.0023463506409634356,-30.00013521530988,0.00012069271383566272,0.000323074261601737
276.5,-0.0023185311522553815,-30.000058278622856,0.00010186031027430655,0.000292421010093022
276.75,-0.00229420888435615,-29.9999882968392,9.271548103335145e-05,0.0002674341213411126
277.0,-0.002273386601359643,-29.999924552264037,7.38604377544817e-05,0.00024252425762109453
277.25,-0.002252188262027135,-29.999866664887485,9.572421069165464e-05,0.00022057269349822192
277.5,-0.0022268136751118733,-29.999812691166788,0.00010727160653451915,0.00021121598335354955
277.75,-0.0021975909407372864,-29.99976206126138,0.00012650863317117294,0.0001938214462367089
278.0,-0.0021637399119627068,-29.99971398976939,0.000144299312751962,0.00019074881235573785
278.25,-0.0021255527248277115,-29.999663257955817,0.00016120048666819507,0.000215104102775601
278.5,-0.0020831210832825847,-29.999606833986096,0.00017825464952729046,0.00023628604709350381
278.75,-0.0020349038667966655,-29.999544558390284,0.00020748550647749553,0.0002619159635056836
279.0,-0.001979048336031753,-29.999475609400072,0.00023936136552298008,0.0002896729529172361
279.25,-0.0019189673791047736,-29.99940282355265,0.00024128657675581656,0.0002926136449712923
279.5,-0.0018572497561766433,-29.999329784491437,0.0002524543301968289,0.0002916977918237147
279.75,-0.001792633321857789,-29.9992544005623,0.0002644790096356726,0.0003113725075791769
280.0,-0.0017263875736531745,-29.99917536998021,0.0002654878822229945,0.00032087205404171694
280.25,-0.0016616898132418901,-29.99909704769485,0.00025209278169550215,0.00030570749175941136
280.5,-0.001599443764747299,-29.999024419149713,0.00024587275140819365,0.00027532145574956523
280.75,-0.0015384369619387708,-29.998958358275544,0.00024217959198162458,0.00025316588578275473
281.0,-0.0014799695971419598,-29.998898825053057,0.0002255565012569627,0.00022310146133086887
281.25,-0.0014269495187804093,-29.998844355837,0.0001986031492023519,0.00021265480831079831
281.5,-0.0013805673797800601,-29.998793519161232,0.0001724522153073343,0.0001940410633760517
281.75,-0.0013408644889579362,-29.998745227022255,0.0001451707533435962,0.00019229862055498566
282.0,-0.0013079711844083063,-29.99869646045821,0.00011797621042650151,0.00019783645571556097
282.25,-0.00127436928486089,-29.99864611513313,0.00015083965945680714,0.0002049230465297058
282.5,-0.001233591748507633,-29.998593283247953,0.00017538184531398359,0.000217729721044719
282.75,-0.0011863231607061318,-29.998539557981275,0.00020276633104333102,0.0002120698305562277
283.0,-0.0011331027220706576,-29.998486952139185,0.00022299687591710712,0.00020877499883507683
283.25,-0.0010765615836972574,-29.998436343080044,0.00022933104481626197,0.00019609687711049417
283.5,-0.001018058405779056,-29.998390190380217,0.00023869222197900902,0.0001731238389522123
283.75,-0.000956071484121633,-29.998350322459427,0.0002572005867680539,0.00014581778239666502
284.0,-0.0008903035202389157,-29.998317116643584,0.00026894068445120574,0.0001198276374939833
284.25,-0.0008209715030031816,-29.99828741326746,0.0002857152731525584,0.000117797789986591
284.5,-0.0007458814747435135,-29.998257458262202,0.00031500534599287827,0.00012183949060774185
284.75,-0.0006632629206619106,-29.99822883501785,0.00034594171433715063,0.00010714354751352882
285.0,-0.0005752831834787068,-29.99820138630346,0.00035789669703283045,0.00011244504048382079
285.25,-0.0004881518182711341,-29.998174584972684,0.0003391532507283523,0.00010196737286248173
285.5,-0.00040431729365083776,-29.99814750422572,0.0003315241581370687,0.00011467932211380307
285.75,-0.00032111676655143125,-29.998119413433233,0.0003340796352112308,0.00011004677683415704
286.0,-0.00023943566429037458,-29.99809130116848,0.00031936964905384866,0.00011485272805647922
286.25,-0.0001585449031067657,-29.998061835142817,0.00032775702111102626,0.00012087468646005252
286.5,-7.508977171329914e-05,-29.99803052627234,0.0003398848655580531,0.00012959513394103926
286.75,1.2288265599511402e-05,-29.99799821061114,0.00035913938405914193,0.00012892834032839892
287.0,0.0001032896255466286,-29.997964156941432,0.00036887288391145717,0.00014350009966807603
287.25,0.0001945631251829477,-29.997930794316314,0.00036131323288637245,0.00012340161400474796
287.5,0.0002831940952332028,-29.997902339947093,0.0003477327346217063,0.0001042346201325909
287.75,0.0003700827149038137,-29.99787827131347,0.00034737473568585865,8.831448257897133e-05
288.0,0.0004559214050444943,-29.997859242808882,0.0003393324987120966,6.391431238573521e-05
288.25,0.0005383997385213467,-29.997841336362313,0.0003204956365506666,7.933903612128966e-05
288.5,0.0006188280014835515,-29.997822086255223,0.00032293003902328815,7.466159109681861e-05
288.75,0.0006971252701494557,-29.997804392786087,0.0003034473899328232,6.688799881350483e-05
289.0,0.0007723706345916006,-29.99778759353848,0.00029851559595114315,6.75064470083606e-05
289.25,0.0008459079049992062,-29.997771829710068,0.0002897817398425662,5.8605003695424594e-05
289.5,0.000915579045357641,-29.997758906021073,0.0002675860913655309,4.4786600890015894e-05
289.75,0.0009802420327955368,-29.997747901972986,0.00024971767337337626,4.324746845866521e-05
290.0,0.001042046071587521,-29.997737957797902,0.00024471399244365994,3.63064039617059e-05
290.25,0.001104402700163241,-29.997725521289382,0.0002541415802468454,6.318477535575078e-05
290.5,0.0011694824552430628,-29.99770860102509,0.00026649731851847243,7.217617408754764e-05
290.75,0.001238140375760978,-29.997690243689952,0.0002827662927638805,7.468097316117115e-05
291.0,0.0013095931287346516,-29.99766939168388,0.00028885738798616306,9.213450117156518e-05
291.25,0.0013842469808082007,-29.99764554910864,0.00030837405051927397,9.860426069757576e-05
291.5,0.0014638646670406018,-29.99762112154973,0.00032856728332081775,9.681430674703127e-05
291.75,0.0015463032963536742,-29.997598450025908,0.00033094060881039955,8.455766008398454e-05
292.0,0.0016288218680626724,-29.997577787629737,0.00032920761829104877,8.074167266718936e-05
292.25,0.0017067367013201171,-29.99756076464811,0.00029410867529661416,5.544548951813337e-05
292.5,0.0017771695540006055,-29.99754724549469,0.00026935389951975475,5.271007171131179e-05
292.75,0.0018408133143178829,-29.99753511696241,0.00023979540227254004,4.432097331125915e-05
293.0,0.001897848624313129,-29.99752525609251,0.00021648616731658105,3.4568183544231475e-05
293.25,0.0019540376707362756,-29.997514723085796,0.0002330276391584244,4.9694310608386385e-05
293.5,0.0020126322858442383,-29.997499028533287,0.00023573175817089985,7.586185450878734e-05
293.75,0.0020736653689166083,-29.99747952798746,0.0002525333196067096,8.014092806989076e-05
294.0,0.002137139638280196,-29.99745895354103,0.0002552612521330222,8.445438615494812e-05
294.25,0.0022008271990018044,-29.997441153959844,0.00025423674426124234,5.794235993374395e-05
294.5,0.0022651116227324236,-29.99743048906089,0.00026003577408264384,2.7376284967024624e-05
294.75,0.0023316364522555926,-29.997427182556507,0.00027216020444870197,-9.253930016468291e-07
295.0,0.0023999429876216333,-29.99743144149147,0.0002742890516047918,-3.314628743146295e-05
295.25,0.002465353882067335,-29.9974407026023,0.0002489973796106999,-4.0940214698933244e-05
295.5,0.002524197646094655,-29.997452693279183,0.0002217514180959371,-5.498263161704903e-05
295.75,0.0025750322486411672,-29.99746874915296,0.00018492366826952208,-7.346088647282263e-05
296.0,0.0026184915142694193,-29.99748786034641,0.00016274990126192065,-7.942657056973071e-05
296.25,0.0026563068040786463,-29.99750806352543,0.00013977216209340733,-8.219669523087031e-05
296.5,0.0026890363300396537,-29.9975288170747,0.00012206389683968512,-8.38300293915249e-05
296.75,0.0027168955983145364,-29.997548506439447,0.00010081121049523766,-7.368288486814182e-05
297.0,0.0027407858338040075,-29.997566390804234,9.03110818801259e-05,-6.939104349319701e-05
297.25,0.0027593386879164305,-29.997582745261614,5.811250346753245e-05,-6.144157984486368e-05
297.5,0.0027689236595101682,-29.99759580819824,1.856900401261569e-05,-4.305818500257308e-05
297.75,0.002771690406992974,-29.997606254664365,3.56521633603746e-06,-4.051212942439589e-05
298.0,0.0027704141838556275,-29.997615459996492,-1.3774305543360372e-05,-3.312889279766389e-05
298.25,0.0027676834612974017,-29.997624186067068,-8.071810179460312e-06,-3.6680209414163935e-05
298.5,0.0027671319708715645,-29.997633266687995,3.659954033394741e-06,-3.596586406398399e-05
298.75,0.0027694237793301573,-29.99764334826514,1.4673691693876932e-05,-4.468779149046939e-05
299.0,0.002774325105799583,-29.997653573286968,2.4537634971755384e-05,-3.711331311937866e-05
299.25,0.002781777402321643,-29.997662688304715,3.5080861479426325e-05,-3.5807822881981865e-05
299.5,0.002794056577404413,-29.997672576948325,6.31518344062365e-05,-4.330397253525704e-05
299.75,0.0028133761815574867,-29.997682402922845,9.140575591679969e-05,-3.530648741488891e-05
300.0,0.002839604097625568,-29.99769207355532,0.00011841693999386855,-4.206111904452487e-05
