time_s,x_m,y_m,vx_mps,vy_mps
0.0,0.0,-97.5,0.0,0.12
0.25,-8.802879691959207e-06,-97.46937524297493,-6.995181881186363e-05,0.12499806279559009
0.5,-3.47402998136831e-05,-97.4375009653713,-0.00013707632252428205,0.1299961643620755
0.75,-7.710543091435814e-05,-97.40437715769627,-0.00020137350576733488,0.13499430310008972
1.0,-0.00013519144222896374,-97.3700038108569,-0.0002628433633972856,0.13999247741026322
1.25,-0.00020837514757791816,-97.33438091846313,-0.0003221550589858845,0.1449906673318651
1.5,-0.0002960333613227965,-97.29750847446164,-0.00037863942979270897,0.14998889000541926
1.75,-0.0003974592516986035,-97.25938647086436,-0.0004322964712990429,0.1549871438315539
2.0,-0.0005119459858389379,-97.22001490008307,-0.00048312617921235487,0.15998542721089473
2.25,-0.0006388817888923583,-97.17939375756232,-0.0005318890239391599,0.16498371755251057
2.5,-0.0007776548870108796,-97.13752303907478,-0.000577824539101845,0.1699820346787682
2.75,-0.0009275584473394081,-97.09440273812419,-0.000620932721025596,0.17498037699029345
3.0,-0.0010878856361324193,-97.05003284861417,-0.0006612135662617842,0.17997874288770999
3.25,-0.0012580368940885611,-97.00441336783844,-0.0006995252760773711,0.18497710693013122
3.5,-0.0014374126633912377,-96.95754429340971,-0.0007350096565420924,0.18997549184516152
3.75,-0.0016253061113431794,-96.90942562030975,-0.0007676667048172189,0.194973896033427
4.0,-0.0018210104045657074,-96.86005734392016,-0.0007974964182902058,0.19997231789555223
4.25,-0.0020239390534716032,-96.80943946340128,-0.0008254615524644632,0.20497072889209592
4.5,-0.002233505570461302,-96.75757197822247,-0.0008505993626066125,0.20996915490836482
4.75,-0.0024490031242706883,-96.70445488482872,-0.0008729098467056441,0.21496759434498827
5.0,-0.002669724883161167,-96.65008818006488,-0.0008923930029767323,0.21996604560259458
5.25,-0.0028950983362315223,-96.59447186498443,-0.0009101234027884314,0.22496447671272785
5.5,-0.0031245509751002725,-96.53760594093936,-0.0009250264891463385,0.22996291705297067
5.75,-0.0033573759712502275,-96.47949040582206,-0.0009371022608582159,0.23496136502395865
6.0,-0.003592866495894411,-96.42012525792477,-0.0009463507169580087,0.23995981902632674
6.25,-0.003830464986800813,-96.35951050021018,-0.0009539659940858494,0.24495824340835715
6.5,-0.004069613884811103,-96.29764613592825,-0.0009587539737064249,0.24995667129854535
6.75,-0.004309606365495874,-96.23453216440184,-0.0009607146554366994,0.25495510109753616
7.0,-0.004549735604358229,-96.1701685853537,-0.0009598480391198197,0.25995353120597425
7.25,-0.004789460024706113,-96.10455540367575,-0.0009574761109633062,0.26495192199394496
7.5,-0.005028238053500645,-96.03769262453517,-0.0009522769067434888,0.26995031064048397
7.75,-0.00526536287177328,-95.96958024866724,-0.000944250426876301,0.2749486955462485
8.0,-0.005500127660687728,-95.90021827720706,-0.0009333966720038563,0.279947075111896
8.25,-0.005732007939806314,-95.82960671700346,-0.0009211743526971344,0.284945405364545
8.5,-0.005960479232956019,-95.75774557516758,-0.0009061247844346237,0.2899437279035679
8.75,-0.006184834728043679,-95.68463485382775,-0.0008882479684202806,0.29494204112963746
9.0,-0.006404367613305391,-95.6102745555121,-0.0008675439060842397,0.2999403434434271
9.25,-0.006618571697206002,-95.53466468905631,-0.000845617562300037,0.304938586135666
9.5,-0.006826940793121015,-95.45780526354453,-0.0008208640025106458,0.30993681562488323
9.75,-0.0070287680972919535,-95.3796962824774,-0.0007932832286963359,0.3149350303117704
10.0,-0.007223346806483682,-95.30033774975544,-0.000762875243063553,0.3199332285970202
10.25,-0.007410190301459258,-95.2197296762378,-0.000731401520357936,0.32493135657669314
10.5,-0.0075888119685788335,-95.1378720730174,-0.0006971006206540375,0.3299294659525623
10.75,-0.007758505013931131,-95.0547649449451,-0.0006599725466959092,0.3349275551253416
11.0,-0.00791856264431916,-94.97040829727159,-0.000620017301453775,0.33992562249574654
11.25,-0.008068519197095524,-94.88480214292184,-0.000579163931862336,0.34492360845049
11.5,-0.008207909015941938,-94.7979464950388,-0.0005354834305777309,0.3499215704955327
11.75,-0.0083360253183672,-94.70984135979981,-0.0004889758010943737,0.35491950703161423
12.0,-0.008452161322781981,-94.620486743782,-0.00043964104713284705,0.3599174164594765
12.25,-0.008555873819930362,-94.52988266201938,-0.0003895877497401909,0.36491523292234834
12.5,-0.00864671960766475,-94.43802912974697,-0.00033670737250712383,0.36991302027128825
12.75,-0.00872399191654913,-94.34492615444316,-0.00028099991966404477,0.3749107769070655
13.0,-0.008786983978233359,-94.25057374398614,-0.00022246539566751671,0.3799085012304517
13.25,-0.008835276658877733,-94.15497191557388,-0.00016340487889792568,0.3849061204992736
13.5,-0.008868450832587249,-94.05812068658724,-0.00010151734099496617,0.38990370555894627
13.75,-0.008885799744692724,-93.96002006577842,-3.680278690960447e-05,0.39490125481027244
14.0,-0.008886616641790985,-93.86067006229939,3.073877818103357e-05,0.3998987666540576
14.25,-0.00887050822772914,-93.76007069557461,9.8599693977594e-05,0.4048961607462498
14.5,-0.008837081215199289,-93.65822198519189,0.0001692875650014377,0.4098935156510724
14.75,-0.008785628866096773,-93.55512394114795,0.00024280238559757703,0.41489082976936564
15.0,-0.008715444443758947,-93.45077657383935,0.0003191441498848701,0.4198881015019728
15.25,-0.008626162409246147,-93.3451799049883,0.0003955832736894945,0.42488524209976597
15.5,-0.008517417233435843,-93.23833395645947,0.0004748492792268769,0.42988233865766107
15.75,-0.008388502196682787,-93.13023873946273,0.0005569421601557841,0.43487938957654004
16.0,-0.00823871058095531,-93.02089426560771,0.0006418619099088343,0.4398763932572884
16.25,-0.008067706700793709,-92.9103005589981,0.000726640265322675,0.44487325162652813
16.5,-0.007875154881610048,-92.79845764385753,0.0008142454209361107,0.4498700612385286
16.75,-0.007660348424225757,-92.68536553257518,0.0009046773697407814,0.4548668204942179
17.0,-0.0074225806312426335,-92.57102423794001,0.0009979361045021845,0.4598635277945284
17.25,-0.007161547966297389,-92.455433786533,0.0010907963340386069,0.4648600747066017
17.5,-0.00687694690504627,-92.33859420503079,0.0011864832736922192,0.4698565682896797
17.75,-0.006568070770912128,-92.2205055069655,0.0012849969158081232,0.47485300694474175
18.0,-0.006234212889259809,-92.101167706269,0.001386337252505286,0.47984938907277164
18.25,-0.005875104393824489,-91.98058083211164,0.0014870018134711736,0.48484559469537736
18.5,-0.005490476431615649,-91.85874491373329,0.0015904929853324192,0.48984174257423563
18.75,-0.005079622350939642,-91.73565996576976,0.0016968107598097902,0.4948378311103821
19.0,-0.004641835502200896,-91.61132600325658,0.0018059551283979279,0.49983385870485725
19.25,-0.004176884465967374,-91.48574305808421,0.0019141242458404466,0.5048296924758261
19.5,-0.0036845378374589623,-91.35891116218441,0.002025119865135959,0.5098254642578759
19.75,-0.0031640889923176493,-91.23083033125427,0.0021389419774048815,0.514821172452104
20.0,-0.0026148313084335853,-91.1015005813906,0.002255590573541513,0.5198168154596132
20.25,-0.0020365738810825635,-90.97092194735677,0.0023709399097428894,0.5248122459357691
20.5,-0.0014291258217113494,-90.83909446392694,0.0024891156281462313,0.5298076103613097
20.75,-0.0007917805359464888,-90.7060181478136,0.0026101177192975515,0.5348029071374004
21.0,-0.0001238314318062887,-90.57169301612895,0.0027339461735167553,0.5397981346652119
21.25,0.0005748684809667983,-90.43611910670947,0.0028561241713113516,0.5447931291716201
21.5,0.0013044661747610097,-90.29929645736927,0.0029811284200378825,0.5497880537645901
21.75,0.0020656682110640067,-90.16122508578653,0.003108958909696082,0.5547829068453616
22.0,0.002859181148835121,-90.02190501003916,0.0032396156300595865,0.5597776868151801
22.25,0.0036851042811137874,-89.8813362712291,0.0033682404468773097,0.5647722115385061
22.5,0.004543536881195987,-89.73951891039994,0.0034996913707540252,0.5697666627015765
22.75,0.005435185474536677,-89.59645294614157,0.003633968391173738,0.5747610387057127
23.0,0.006360756583933559,-89.45213839744356,0.003771071497394366,0.579755337952242
23.25,0.007320297583536189,-89.30657530891925,0.0039057274918891166,0.5847493575467291
23.5,0.00831385582565766,-89.15976372508452,0.004043209435730856,0.5897433001692683
23.75,0.00934213779626462,-89.01170366538216,0.004183517317921109,0.5947371642212708
24.0,0.01040584997854584,-88.86239514965463,0.00432665112723533,0.5997309481041531
24.25,0.01150498309780672,-88.71183822632207,0.004466884790514357,0.6047244253350424
24.5,0.01263952785516409,-88.56003294366438,0.0046099442301186675,0.6097178224388388
24.75,0.0138101906932734,-88.40697932191313,0.004755829434603591,0.6147111378170508
25.0,0.015017678051900673,-88.25267738169953,0.004904540392298397,0.6197043698711937
25.25,0.01626191868657323,-88.0971271756004,0.005049855617101716,0.6246972652213307
25.5,0.017542841325974154,-87.94032875600564,0.005197996428169,0.6296900775698737
25.75,0.018861152365192754,-87.78228214386544,0.005348962813649072,0.6346828053184392
26.0,0.020217558196327284,-87.6229873605296,0.005502754761464711,0.6396754468686502
26.25,0.021611919593809353,-87.46244446314802,0.00565260731558421,0.6446677180559929
26.5,0.023044097302213257,-87.30065350863232,0.005805285246822563,0.6496599036751092
26.75,0.024514797664296657,-87.13761451857435,0.005960788542965626,0.654652002127734
27.0,0.026024727019735412,-86.97332751496552,0.006119117191573229,0.6596440118156089
27.25,0.027573671339891838,-86.80779256003119,0.00627290822845042,0.6646356131594745
27.5,0.029161416562831298,-86.64100971570211,0.006429524411768148,0.669627126707245
27.75,0.03078866897360249,-86.47297900412707,0.006588965728997212,0.6746185508607857
28.0,0.03245613485409355,-86.3037004478544,0.006751232167382401,0.6796098840219691
28.25,0.034163517592722986,-86.13317411478715,0.006908300557925566,0.6846007657074918
28.5,0.035910520540666166,-85.96140007247148,0.0070681938397792075,0.6895915577430474
28.75,0.037697849919156486,-85.78837834351961,0.0072309120001519565,0.6945822585306453
29.0,0.039526211946201255,-85.6141089509433,0.007396455026026457,0.6995728664723027
29.25,0.0413952185097963,-85.43859196907191,0.007556068251826113,0.7045629734504323
29.5,0.04330448145612555,-85.26182747180887,0.007718506085753122,0.7095529893391038
29.75,0.04525470693560119,-85.0838154821263,0.007883768514812551,0.7145429125404874
30.0,0.04724660109535842,-84.90455602339573,0.008051855525783507,0.7195327414567602
30.25,0.04927967404106875,-84.72404917723804,0.00821319875643813,0.7245220125931634
30.5,0.05135343583130637,-84.54229502477148,0.00837736627983174,0.7295111916615629
30.75,0.05346859253761906,-84.35929358921273,0.008544358082831034,0.7345002770643071
31.0,0.05562585022824305,-84.17504489417792,0.008714174152076764,0.7394892672037517
31.25,0.05782460530307728,-83.9895490296634,0.008876337104347811,0.7444776336235629
31.5,0.060064254108748986,-83.8028060850771,0.009041323996595635,0.7494659075117672
31.75,0.06234550262860722,-83.61481608375159,0.00920913481562138,0.7544540872709127
32.0,0.06466905684267307,-83.42557904941883,0.009379769548000282,0.7594421713035548
32.25,0.06703418552621174,-83.23509508178925,0.009541730511977159,0.7644295544633644
32.5,0.06944015739395298,-83.04336427988859,0.009706515019442585,0.7694168452059407
32.75,0.07188767833012581,-82.85038666702081,0.009874123057213899,0.774404041934056
33.0,0.07437745421563534,-82.6561622668892,0.010044554611882556,0.77939114305049
33.25,0.07690860983666152,-82.46069119057685,0.010205160873310847,0.7843774523062984
33.5,0.07948026991024454,-82.26397354837363,0.010368590230176973,0.7893636699113329
33.75,0.08209314020861427,-82.06600936339184,0.01053484266940668,0.7943497942686192
34.0,0.0847479265007038,-81.86679865914306,0.010703918177699875,0.7993358237811903
34.25,0.08744359019529849,-81.66634156017855,0.01086186181111218,0.8043209530438722
34.5,0.0901790926217579,-81.46463819013316,0.011022628030492969,0.8093059921621286
34.75,0.09295513942497122,-81.26168857174258,0.011186216822981045,0.8142909395392733
35.0,0.09577243624658409,-81.05749272814168,0.011352628175489399,0.8192757935786276
35.25,0.0986297579480576,-80.85205079997043,0.011506415771130495,0.8242596172922096
35.5,0.1015258792990498,-80.64536292681169,0.011663025369569502,0.8292433532125325
35.75,0.10446150579869877,-80.4374291308133,0.011822456958277746,0.8342269997432398
36.0,0.10743734294298221,-80.22824943452224,0.011984710524500794,0.839210555287982
36.25,0.11045195110042144,-80.01782399805361,0.012132624957692087,0.8441929225155607
36.5,0.11350389053267199,-79.80615298030368,0.012283360721000256,0.8491752052724204
36.75,0.1165938665707604,-79.59323640258961,0.01243691780236653,0.8541574019625853
37.0,0.11972258454267037,-79.37907428662758,0.012593296189506433,0.859139510990086
37.25,0.12288835626164535,-79.16366681634582,0.012733347654523431,0.8641202380598522
37.5,0.1260894934155775,-78.94701417426622,0.012876219667277845,0.8691008851070708
37.75,0.1293267011399772,-78.72911638059382,0.013021912216340002,0.8740814505362082
38.0,0.13260068456746918,-78.5099734559326,0.01317042529005458,0.8790619327517373
38.25,0.1359094649584847,-78.28958561371111,0.013300287777154796,0.8840407927767123
38.5,0.13925106342515356,-78.06795306573247,0.013432969893531193,0.8890195785431345
38.75,0.14262618487347273,-77.84507583076068,0.013568471628569284,0.8939982884559896
39.0,0.14603553420675733,-77.62095392795852,0.01370679297142901,0.8989769209202693
39.25,0.14947678966267722,-77.39558760765023,0.013823720433468255,0.9039536305220998
39.5,0.15294762930186792,-77.16897711827589,0.013943466436017696,0.9089302731828135
39.75,0.15644875775826425,-76.9411224767701,0.014066030969497722,0.9139068473080117
40.0,0.15998087966337787,-76.71202370046603,0.014191414024103245,0.9188833513033012
40.25,0.16354126373097322,-76.48168108666448,0.014292128056491882,0.9238575496137891
40.5,0.16712717846120162,-76.25009493047324,0.01439565932380624,0.9288316901551963
40.75,0.17073932816176393,-76.01726524653378,0.014502007817763885,0.9338057713338622
41.0,0.1743784171382622,-75.78319204988601,0.014611173529856993,0.9387797915561312
41.25,0.17804121895350847,-75.5478756995808,0.014691710266756565,0.9437510032926065
41.5,0.181724506908691,-75.31131655210261,0.014775062648254152,0.9487221686744107
41.75,0.1854289849141304,-75.07351461923922,0.014861230667681613,0.9536932861087823
42.0,0.1891553568784522,-74.83446991317658,0.014950214318145558,0.958664354002964
42.25,0.19289978859854956,-74.59418287386482,0.015005708389939417,0.9636319552589638
42.5,0.19665844554688716,-74.35265393822941,0.015064016143308536,0.9685995243270659
42.75,0.2004320311432804,-74.10988311451625,0.015125137573588332,0.9735670596156187
43.0,0.2042212488063504,-73.86587041136919,0.015189072675889122,0.9785345595329736
43.25,0.2080214905080183,-73.62069483011535,0.01521327030153689,0.9828700882163016
43.5,0.21182808863907718,-73.3744353684596,0.015239924110678028,0.9872056025167251
43.75,0.21564165724513795,-73.12709203017134,0.015269034101180249,0.9915411010448226
44.0,0.21946281037125387,-72.87866481936733,0.015300600270714768,0.995876582411174
44.25,0.22328619917434478,-72.62931921594915,0.015286794707085653,0.9988882462358388
44.5,0.22710635000137772,-72.37922069563885,0.015274696462423569,1.0018999173871799
44.75,0.23092368968221824,-72.12836925672548,0.015264305537696372,1.004911594899395
45.0,0.23473864504695685,-71.87676489773955,0.015255621933735329,1.0079232778066816
45.25,0.23854539900018873,-71.62455418800309,0.015198583695170987,1.0097624054626124
45.5,0.2423380238962572,-71.37188369234406,0.015142589477181752,1.0116015650888313
45.75,0.24611678074086774,-71.11875340284371,0.015087639284247127,1.0134407560947523
46.0,0.24988193054083524,-70.86516331173094,0.015033733120763093,1.0152799778897863
46.25,0.25362726093063054,-70.61124290981591,0.014928986329533557,1.0160832473059926
46.5,0.25734646187191806,-70.35712168315095,0.014824697534093935,1.0168865758461723
46.75,0.2610396478646888,-70.10279961698743,0.014720866742787274,1.0176899632512426
47.0,0.2647069334110152,-69.8482766966415,0.014617493963919974,1.0184934092621156
47.25,0.2683417980525209,-69.59366699833551,0.014461413452626078,1.0183841919012935
47.5,0.27193763528009895,-69.33908459333182,0.014305274654580289,1.0182750628491006
47.75,0.27549443052362266,-69.08452945954916,0.01414907758227362,1.0181660221385056
48.0,0.2790121692160887,-68.83000157489802,0.01399282224820174,1.0180570698024693
48.25,0.2824841255683927,-68.57560111188542,0.013782743291242181,1.017146654104746
48.5,0.28590349822291666,-68.32142823793042,0.013572152668765252,1.0162363573899071
48.75,0.28927015926538613,-68.06748292325112,0.013361050397618073,1.0153261799473885
49.0,0.2925839807857438,-67.81376513799326,0.013149436494688702,1.0144161220666164
49.25,0.295838150864082,-67.56036252251235,0.012883772738870621,1.0128048268275933
49.5,0.299025791459493,-67.30736271203459,0.012617200634819949,1.0111936821270473
49.75,0.3021466754875829,-67.05476566886114,0.012349720203862293,1.0095826884788095
50.0,0.3052005758692982,-66.80257135516469,0.01208133146739593,1.0079718463966993
50.25,0.3081807303563327,-66.55085612391747,0.011759695431987044,1.0057500339050625
50.5,0.3110803190879188,-66.29969632302058,0.011436805428105502,1.0035284037122438
50.75,0.3138990285751651,-66.04909190681067,0.011112661481582313,1.0013069565275854
51.0,0.3166365453356505,-65.79904282944702,0.010787263618348801,0.9990856930604141
51.25,0.3192863085400224,-65.54961528588557,0.01041058307458064,0.996334690944844
51.5,0.3218417074031748,-65.30087546618115,0.010032348893625323,0.9935839023506118
51.75,0.3243023535195907,-65.05282331684357,0.009652561105741364,0.9908333281565757
52.0,0.326667858491333,-64.80545878416294,0.009271219741311558,0.9880829692415763
52.25,0.3289320290138992,-64.55883892942062,0.008841842438080805,0.9848759091788111
52.5,0.3310886287112381,-64.31302080928984,0.008410653145231184,0.9816690925201349
52.75,0.3331372045902541,-64.06800436279144,0.007977651897257581,0.9784625202905505
53.0,0.3350773036664929,-63.82378952869004,0.007542838728799843,0.9752561935150408
53.25,0.33690327803165965,-63.58042516335859,0.007064617318001332,0.9716587742235281
53.5,0.3386094428898237,-63.337960118986864,0.006584362679168294,0.9680616260289774
53.75,0.34019528993877557,-63.096394327656846,0.0061020748507208174,0.9644647500815411
54.0,0.34166031088593113,-62.85572772116299,0.005617753871241639,0.9608681475313496
54.25,0.34300168166033324,-62.61600179316234,0.005112842126938716,0.9569393240772742
54.5,0.3442165468525676,-62.37725803527033,0.004605709220646187,0.9530107868715931
54.75,0.34530435117720426,-62.13949637576781,0.004096355192934383,0.9490825371707692
55.0,0.34626453935897833,-61.902716742621514,0.003584780084551323,0.9451545762312423
55.25,0.3471038354558878,-61.666954027581646,0.003129192150024325,0.9409471870408073
55.5,0.3478289371651616,-61.4322431275685,0.002671224989556297,0.9367400562418167
55.75,0.34843924968489015,-61.198583977815964,0.0022108786397843404,0.9325331851801485
56.0,0.3489341782223469,-60.965976513221484,0.0017481531375358897,0.9283265752016602
56.25,0.3493200401662327,-60.73444969973109,0.0013383240012556866,0.9238879713603962
56.5,0.34960313101819623,-60.504032508162645,0.0009259844076394204,0.919449600062705
56.75,0.3497828231680228,-60.274724880202754,0.0005111343896740137,0.915011462728701
57.0,0.34985848901376926,-60.046526757182974,9.377398054722123e-05,0.9105735607784802
57.25,0.34983606187328037,-59.819461807100204,-0.00027362739001769883,0.9059460745225245
57.5,0.3497214571772083,-59.59355370254062,-0.0006436464592016816,0.901318796839794
57.75,0.3495140205045942,-59.36880239117581,-0.0010162831974034213,0.8966917292110689
58.0,0.3492130974419055,-59.14520782030719,-0.0013915375748122004,0.8920648731171122
58.25,0.3488242585110153,-58.92278892844548,-0.0017196244617347519,0.8872862927088194
58.5,0.3483530599174221,-58.70156465842295,-0.0020504148720432535,0.8825078986584786
58.75,0.34779882578358284,-58.48153496345896,-0.0023839087792746692,0.8777296924954203
59.0,0.34716088023859726,-58.26269979639052,-0.0027201061567496848,0.8729516757489603
59.25,0.34644445105566646,-58.04507388335043,-0.003011789020775487,0.8680556560717944
59.5,0.34565475487214553,-57.828671954539324,-0.0033062421575631227,0.863159802178311
59.75,0.34479109912278394,-57.61349396831539,-0.003603465543556516,0.8582641156356007
60.0,0.3438527912482478,-57.399539882645044,-0.003903459154977972,0.8533685980107404
60.25,0.34289009471385506,-57.186820682232295,-0.003798583131011633,0.8483849954034355
60.5,0.3419532646769712,-56.97534738982073,-0.0036965271762868976,0.843401334267145
60.75,0.3410415961192605,-56.765120019843195,-0.0035972912989681812,0.8384176161971376
61.0,0.3401543840203744,-56.556138586333695,-0.0035008755069942956,0.8334338427886862
61.25,0.3393270280585477,-56.34840479044265,-0.00311844347334965,0.8284364882837907
61.5,0.33859492663956253,-56.1419203601531,-0.0027388391693418572,0.8234389182432684
61.75,0.33795737282720906,-55.93668534914901,-0.002362062625339036,0.8184411342667275
62.0,0.3374136596777135,-55.73269981071443,-0.0019881138714830855,0.8134431379537931
62.25,0.3369624752889732,-55.529963786684924,-0.0016218325359844245,0.8084450197490095
62.5,0.3366025077597306,-55.328477318039866,-0.0012583790003668537,0.8034466951447997
62.75,0.3363330501363762,-55.128240456179164,-0.0008977532937064405,0.7984481657408113
63.0,0.33615339545805967,-54.929253252102804,-0.0005399554448530269,0.793449433136708
63.25,0.33606221195959934,-54.7315157443848,-0.00018998385059292624,0.7884505956117553
63.5,0.33605816787771775,-54.535027970728024,0.00015715988312933423,0.7834515609135423
63.75,0.33614055624380434,-54.339789980225824,0.000501475728542462,0.7784523306417505
64.0,0.3363086700823339,-54.14580182157163,0.0008429636581013941,0.7734529063960769
64.25,0.3365611579066972,-53.95306352999875,0.0011764676204719037,0.7684533947439607
64.5,0.3368966682332942,-53.76157513985445,0.0015071436715428002,0.7634536952340635
64.75,0.33731449408098857,-53.57133669790321,0.001834991784860196,0.758453809466095
65.0,0.33781392846205865,-53.382348250509594,0.0021600119341964367,0.7534537390397799
65.25,0.3383936002450808,-53.19460982948442,0.0024768910067784447,0.7484535992860802
65.5,0.3390521383027934,-53.00812146573767,0.002790942127513508,0.7434532810790341
65.75,0.33978883564408946,-52.822883203682714,0.0031021652712777234,0.7384527860183736
66.0,0.34060298527160937,-52.638895087332976,0.0034105604131734243,0.7334521157038454
66.25,0.34149319642106324,-52.456157144992126,0.003710657454143164,0.7284513947296217
66.5,0.3424580783335265,-52.27466940404816,0.004007926513266057,0.7234505047953755
66.75,0.34349692401056,-52.094431906541125,0.004302367566760753,0.7184494475008557
67.0,0.3446090264478076,-51.91544469411111,0.004593980591072145,0.7134482244458246
67.25,0.3457929751950523,-51.73770779146653,0.004877138055274153,0.708446970014498
67.5,0.34704735980869816,-51.56122122238532,0.0051574675185251054,0.7034455562055905
67.75,0.34837147328569945,-51.38598502651189,0.005434968958398812,0.6984439846188614
68.0,0.3497646086174322,-51.21199924309073,0.005709642352695322,0.6934422568540827
68.25,0.3512253355485983,-51.0392638931431,0.005975701763601096,0.6884405176427171
68.5,0.35275222383183263,-50.86777899674483,0.006238933165712832,0.6834386287258565
68.75,0.3543445664622997,-50.69754459112232,0.006499336537972174,0.6784365917032643
69.0,0.3560016564299278,-50.52856071310204,0.006756911859547007,0.6734344081747158
69.25,0.3576373294255248,-50.360819347230915,0.006328006823797291,0.6684965592316764
69.5,0.3591654272025434,-50.19431241320169,0.005896310116657939,0.663558953702667
69.75,0.36058525184744866,-50.02903984996347,0.0054618217726644285,0.65862159316688
70.0,0.36189610545536716,-49.86500159607054,0.00502454182657557,0.6536844792034878
70.25,0.3631001190305292,-49.7021880450827,0.0046071087156747586,0.648823968055042
70.5,0.36419943078507583,-49.54058959230032,0.004186927267235822,0.643963693818893
70.75,0.3651933536388196,-49.380206178300995,0.003763997514873026,0.63910365804972
71.0,0.36608120052000437,-49.22103774327365,0.0033383194924205013,0.6342438623021832
71.25,0.36686793866270956,-49.063073910676486,0.002955135394276557,0.6294668346019175
71.5,0.36755854309095093,-48.90630430784561,0.002569249781837169,0.6246900244266096
71.75,0.3681523384300089,-48.750728880208754,0.0021806626859729567,0.619913433304452
72.0,0.3686486493129087,-48.59634757281161,0.0017893741377706576,0.6151370627636205
72.25,0.36905220078756057,-48.44314936111987,0.0014385956991613774,0.6104486638418962
72.5,0.36936772618352,-48.29112322429237,0.0010851655129255969,0.6057604640997122
72.75,0.3695945625674102,-48.140269112346715,0.0007290836073375205,0.6010724650371096
73.0,0.3697320470129495,-47.99058697492551,0.0003703500108834896,0.5963846681541142
73.25,0.369784670471407,-47.842065253482104,5.0204395647178305e-05,0.5917891335766351
73.5,0.36975693258127845,-47.694692392984166,-0.00027254077351883567,0.587193780835456
73.75,0.36964818345730455,-47.548468347788805,-0.0005978854707951304,0.582598611401094
74.0,0.3694577732207068,-47.4033930718855,-0.0009258296701543235,0.5780036267440515
74.25,0.36918996669733195,-47.259454574549615,-0.001217046751228268,0.573504379399161
74.5,0.3688490377288742,-47.11664086839787,-0.0015108092269182111,0.5690052975108625
74.75,0.3684343499696128,-46.974951911886144,-0.001807117073723329,0.5645063825190366
75.0,0.3679452670797278,-46.83438766311033,-0.0021059702679391704,0.5600076358635507
75.25,0.3673858356097892,-46.69493579246458,-0.0023698964420748184,0.5556073541855561
75.5,0.36676011138432,-46.55658397351731,-0.0026363123086490183,0.5512072225103873
75.75,0.36606747198287043,-46.41933216859179,-0.0029052178463486594,0.5468072422464161
76.0,0.3653072949903441,-46.28318033965915,-0.0031766130336614586,0.5424074148020016
76.25,0.3644834164077983,-46.14811589624413,-0.0034148210951253956,0.5381081549765566
76.5,0.36359968170936774,-46.01412625088434,-0.003655461957547075,0.5338090305895387
76.75,0.36265548269721537,-45.88121136954815,-0.00389853560167537,0.5295100430171372
77.0,0.3616502111783412,-45.74937121785988,-0.004144042008064534,0.5252111936355309
77.25,0.36058750020668806,-45.618593016306264,-0.004358041607550204,0.5210144389693848
77.5,0.35947099245408687,-45.4888639882312,-0.0045744162527805825,0.5168178060310068
77.75,0.3583000941612611,-45.36018410303482,-0.0047931659264458274,0.5126212961639157
78.0,0.35707421157328545,-45.23255332978135,-0.005014290611046094,0.5084249107116207
78.25,0.35579678227025296,-45.105958763744916,-0.005205529933847906,0.5043316356099651
78.5,0.3544712535466844,-44.98038750290669,-0.00539908597276938,0.5002384693444704
78.75,0.35309704622548155,-44.8558395198938,-0.005594958712326151,0.49614541322565997
79.0,0.3516735811334403,-44.73231478700576,-0.005793148136848512,0.4920524685640482
79.25,0.3502041077175492,-44.60980033077312,-0.0059630155361007795,0.4880631973123333
79.5,0.34869188519304845,-44.48828318028878,-0.006135141003445508,0.4840740227904502
79.75,0.3471363490446325,-44.36776331121063,-0.0063095245251127636,0.4800849462757466
80.0,0.34553693476046066,-44.248240698877204,-0.006486166087151967,0.4760959690455622
80.25,0.3438967108593419,-44.12970235090176,-0.0066359916774016625,0.47221082888362104
80.5,0.34221875564446,-44.01213527732074,-0.0067880165952442315,0.4683257740975803
80.75,0.34050251928543346,-43.89553945663464,-0.0069422408285177714,0.46444080593155945
81.0,0.338747451954943,-43.77991486703295,-0.007098664364884435,0.46055592562967107
81.25,0.33695644830945504,-43.66524854104347,-0.007229721582132704,0.45677469464235915
81.5,0.33513241277275924,-43.551527513483244,-0.007362919492785248,0.45299353839740764
81.75,0.333274810172833,-43.43875176551533,-0.007498258086186315,0.4492124581057681
82.0,0.33138310534033893,-43.326921278000015,-0.007635737351508897,0.44543145497838604
82.25,0.3294600259929777,-43.21602314680543,-0.007749244484780993,0.4417536052797821
82.5,0.3275083095696291,-43.10604446996029,-0.007864833957880549,0.43807582037924375
82.75,0.32552743548648866,-42.99698523111781,-0.007982505761560475,0.4343981014547134
83.0,0.3235168831620845,-42.888845413636766,-0.008102259886407098,0.43072044968412804
83.25,0.3214792201536435,-42.781612210279654,-0.008199381584956771,0.427145186329399
83.5,0.31941702366801417,-42.675272815846,-0.0082985277026053,0.4235699784873859
83.75,0.31732978760140984,-42.569827216314465,-0.008399698231421053,0.41999482730326676
84.0,0.3152170058520471,-42.46527539737744,-0.00850289316331045,0.4164197339222148
84.25,0.3130810924468518,-42.36160467785899,-0.008584741922733532,0.4129460299421288
84.5,0.3109244709687145,-42.25880237850165,-0.008668557745741913,0.40947237281888915
84.75,0.3087466496525738,-42.156868487452094,-0.008754340625630375,0.4059987636652291
85.0,0.3065471367350642,-42.05580299257885,-0.008842090555536341,0.4025252035938779
85.25,0.30432819919225634,-41.95559336398781,-0.008909728185344622,0.3991518315113289
85.5,0.30209211344341025,-41.85622707358969,-0.008979276202928396,0.39577849823059685
85.75,0.2998384018922742,-41.75770411154897,-0.009050734602723862,0.39240520483235475
86.0,0.2975665869440067,-41.660024467759925,-0.009124103379014389,0.3890319523972723
86.25,0.29527879485018654,-41.563175785282745,-0.009178542453595341,0.3857575125527385
86.5,0.29297716117636813,-41.46714570887358,-0.00923483601826282,0.38248310402800884
86.75,0.29066122230058955,-41.37193423057134,-0.00929298406851337,0.37920872787213605
87.0,0.28833051460203346,-41.27754134215269,-0.009352986599695183,0.37593438513417055
87.25,0.28598702977898716,-41.18395487811863,-0.009395191894044924,0.3727573311174878
87.5,0.2836327687004688,-41.091162674561964,-0.00943919664289681,0.3695803014845973
87.75,0.2812672815032899,-40.99916472525952,-0.009485000842730492,0.3664032972534194
88.0,0.2788901183251601,-40.90796102373362,-0.009532604489881656,0.3632263194418725
88.25,0.2765031423253226,-40.81753961155483,-0.009563494401038479,0.36014498090080227
88.5,0.2741082256786357,-40.72788853178593,-0.009596129664253331,0.35706366032729814
88.75,0.2717049320474083,-40.639007779811614,-0.009630510276915413,0.35398235870867595
89.0,0.2692928250946196,-40.550897350769745,-0.009666636236274293,0.35090107703225
89.25,0.2668736452962748,-40.46354550636872,-0.009687084190989861,0.34791368010382623
89.5,0.2644491419789421,-40.376940509714025,-0.009709224387893293,0.3449262952211062
89.75,0.26201889208229306,-40.29108235767459,-0.009733056825213384,0.34193892334136256
90.0,0.2595824725464592,-40.205971046879995,-0.009758581501043554,0.338951565421867
90.25,0.2571415068603912,-40.12159506995369,-0.009769417349900618,0.3360562510102031
90.5,0.2546976271903466,-40.03794292082544,-0.009781893372700598,0.3331609431921078
90.75,0.25225042349296173,-39.95501459773086,-0.009796009568445417,0.33026564289539995
91.0,0.24979948572513888,-39.87281009867364,-0.009811765936005789,0.32737035104789763
91.25,0.24734632592446507,-39.791318155922376,-0.009813777333918437,0.324565191151826
91.5,0.24489246462592132,-39.71052750296545,-0.009817377918927613,0.32176003284305704
91.75,0.2424375045327669,-39.63043813929365,-0.009822567690745267,0.31895487702056724
92.0,0.23998104834834896,-39.551050064173054,-0.009829346648956225,0.31614972458333296
92.25,0.23752450203352812,-39.47235225642131,-0.009823280421764568,0.3134327368587627
92.5,0.235069279861371,-39.39433369599336,-0.009818753507716929,0.3107157461380108
92.75,0.2326149970035438,-39.316994383529426,-0.009815765907175457,0.307998753291841
93.0,0.23016126863163752,-39.240334319452,-0.009814317620379159,0.30528175919101747
93.25,0.2277093998431167,-39.16434273440527,-0.009800881117069693,0.3026509199160616
93.5,0.22526070385841843,-39.089008860092235,-0.009788935189967733,0.3000200734618968
93.75,0.22281480803336895,-39.01433269820232,-0.009778479840028945,0.2973892206717175
94.0,0.22037133972357037,-38.94031425021411,-0.009769515068089752,0.29475836238871866
94.25,0.21793150821516105,-38.86694300243015,-0.009749377498029845,0.2922116179843199
94.5,0.21549653072506728,-38.79420844213722,-0.009730682921824274,0.2896648625965722
94.75,0.21306604650463612,-38.722110571979115,-0.009713431340968592,0.28711809704175356
95.0,0.21063969480485517,-38.65064939439557,-0.009697622756842916,0.2845713221361428
95.25,0.20821859399168635,-38.57981465389708,-0.009671416511309195,0.2821065993809814
95.5,0.20580387016771387,-38.509596095907526,-0.009646606843612425,0.27964186219639425
95.75,0.20339517418822806,-38.439993723935494,-0.009623193755737367,0.27717711137240264
96.0,0.20099215690803704,-38.371007541292094,-0.009601177249557055,0.27471234769902897
96.25,0.19859585050377937,-38.302627552110785,-0.009569499206756782,0.2723275627647941
96.5,0.19620729469342826,-38.23484376137115,-0.009539172498718003,0.2699427602930322
96.75,0.1938261516429878,-38.16765617336202,-0.009510197127866835,0.2675579410481716
97.0,0.1914520835178691,-38.10106479218111,-0.00948257309652129,0.2651731057946418
97.25,0.18908604087683997,-38.03505988199858,-0.009445985909252969,0.2628661722161942
97.5,0.18672898162435136,-37.969631707766936,-0.009410705988676155,0.2605592183107341
97.75,0.18438057894337545,-37.904780274475506,-0.009376733337613222,0.2582522448177613
98.0,0.18204050601619184,-37.84050558692872,-0.009344067958781961,0.2559452524767772
98.25,0.1797096361969064,-37.776798168866186,-0.009303101323847112,0.2537140881612157
98.5,0.1773888499899603,-37.7136485447495,-0.00926339906060516,0.2514829010291288
98.75,0.17507783130203114,-37.6510567201934,-0.009224961172232265,0.2492516917957512
99.0,0.17277626403901522,-37.589022700633805,-0.009187787661803438,0.24702046117631968
99.25,0.1704849486067258,-37.52753726814005,-0.009142939570270287,0.2448629945453898
99.5,0.16820469236685276,-37.466591205446434,-0.009099314123062497,0.24270550289045684
99.75,0.1659351896578764,-37.40618451872251,-0.00905691132367008,0.24054798690315138
100.0,0.16367613481741686,-37.346317213964916,-0.009015731175485235,0.23839044727510583
100.25,0.161428259404163,-37.28698032965842,-0.008967469142907629,0.23630462262667945
100.5,0.15919230173962234,-37.2281649048988,-0.008920389186415374,0.2342187710115661
100.75,0.15696796630430074,-37.16987094634413,-0.008874491309774836,0.23213289309844762
101.0,0.15475495757777435,-37.11209846048535,-0.00882977551665782,0.23004698955600789
101.25,0.15255394221943286,-37.05483873972171,-0.008778537792369707,0.22803077172244005
101.5,0.1503655934602722,-36.998083077012566,-0.00872844272388658,0.22601452522773635
101.75,0.14818962563583832,-36.94183147944241,-0.008679490315216013,0.22399825071827928
102.0,0.1460257530806866,-36.88608395393413,-0.00863168057027417,0.22198194884045355
102.25,0.1438745813514528,-36.8308320437932,-0.008577877324908783,0.22003332721440988
102.5,0.14173672238739773,-36.7760672928372,-0.008525178449554431,0.21808467546512902
102.75,0.13961190009548982,-36.72178970851885,-0.008473583948426991,0.2161359942173359
103.0,0.1374998383816545,-36.66799929813469,-0.008423093825653998,0.21418728409575774
103.25,0.135401085347293,-36.614687852451986,-0.008367108316075348,0.21230427608754773
103.5,0.13331619529001265,-36.56184716270494,-0.008312190009744324,0.21042123671111773
103.75,0.13124490140845058,-36.50947723666014,-0.008258338911054363,0.2085381665701681
104.0,0.1291869369001562,-36.457578081933256,-0.008205555024313513,0.2066550662684016
104.25,0.12714279591221916,-36.4061417329368,-0.008147744735194222,0.20483572025288613
104.5,0.12511297860436166,-36.355160224507706,-0.008090965584441036,0.20301634182670264
104.75,0.12309722719142269,-36.30463356467573,-0.008035217576596252,0.20119693157315025
105.0,0.12109528388711595,-36.2545617613248,-0.007980500716119679,0.19937749007553054
105.25,0.11910759224113675,-36.20493708838132,-0.007921198477451923,0.19761988788124407
105.5,0.11713460163532434,-36.15575182015622,-0.007862892395569247,0.19586225242242436
105.75,0.11517606302989777,-36.10700596489519,-0.007805582475136104,0.194104584262582
106.0,0.11323172738391989,-36.058699530703045,-0.00774926872073725,0.19234688396523025
106.25,0.11130199086534001,-36.01082502662539,-0.007688783800621475,0.190649142953424
106.5,0.10938725529704867,-35.96337496205492,-0.007629261119229177,0.1889513679984679
106.75,0.10748728011876814,-35.916349345409394,-0.0075707006813221355,0.18725355964468568
107.0,0.1056018247690399,-35.86974818497046,-0.007513102491585152,0.1855557184364038
107.25,0.1037312411113193,-35.823564220290876,-0.007451721663674259,0.18391599321322835
107.5,0.10187588649025181,-35.77779019123544,-0.007391270199172473,0.1822762335308044
107.75,0.10003552856437908,-35.73242610635326,-0.007331748102915875,0.18063643991485875
108.0,0.0982099349910431,-35.687471974061985,-0.007273155379666197,0.17899661289112087
108.25,0.09639941627103246,-35.64292075963327,-0.007211143964885196,0.17741309669210523
108.5,0.09460428821616156,-35.59876542861801,-0.007150030059369254,0.17582954566811895
108.75,0.09282432644850147,-35.55500598965897,-0.0070898136680074475,0.17424596032686945
109.0,0.09105930658891002,-35.51164245127203,-0.007030494795617051,0.1726623411760669
109.25,0.08930950058502715,-35.468667999519894,-0.006968097677378153,0.17113326695817827
109.5,0.08757518552904776,-35.426075820713926,-0.006906567213215377,0.16960415768840584
109.75,0.08585614475683609,-35.38386592355582,-0.006845903408051122,0.1680750138570028
110.0,0.0841521616030344,-35.342038316624695,-0.006786106266738458,0.16654583595422504
110.25,0.08246347214250659,-35.30058640173969,-0.006723548879592021,0.165069477227842
110.5,0.08079031743197683,-35.25950358094002,-0.0066618282675824595,0.16359308335046271
110.75,0.0791324882770423,-35.21878986295426,-0.006600944435647385,0.16211665479543833
111.0,0.0774897754820742,-35.178445256392656,-0.0065408973886574686,0.16064019203612276
111.25,0.07586238180365229,-35.13846337371824,-0.0064783866798669276,0.15921486346569824
111.5,0.0742505148213586,-35.098837827587545,-0.0064166838204598765,0.15778949976250126
111.75,0.07265397257222887,-35.059568626726644,-0.006355788815372508,0.1563641013835201
112.0,0.07107255309207289,-35.02065577974736,-0.006295701669476383,0.1549386687857459
112.25,0.06950642825112265,-34.982093104592046,-0.006233427033297417,0.15356272658541653
112.5,0.06795577458763145,-34.9438744193719,-0.006171932250629089,0.1521867493779386
112.75,0.06642039713760542,-34.90599973278357,-0.006111217326390946,0.15081073760446367
113.0,0.06490010093582854,-34.868469053413406,-0.006051282265440144,0.149434691706146
113.25,0.06339502927894418,-34.83127639948929,-0.005989416449903309,0.14810653385401013
113.5,0.06190532998053713,-34.79441578938503,-0.005928303398441444,0.14677834121832672
113.75,0.0604308148489763,-34.75788723174327,-0.0058679431159435564,0.14545011422492324
114.0,0.05897129569141581,-34.72169073510022,-0.005808335607238432,0.1441218532996299
114.25,0.05752688942791313,-34.68582051276636,-0.005747035593307225,0.14283991959182232
114.5,0.056097717348296494,-34.65027077817689,-0.0056864621369626155,0.14155795141311944
114.75,0.0546835978125623,-34.61504153989814,-0.005626615243050446,0.14027594917452418
115.0,0.053284349179502775,-34.580132806393706,-0.00556749491635843,0.13899391328704214
115.25,0.051900064077285486,-34.545538980862325,-0.005506902769409215,0.13775668525130125
115.5,0.050530839360582225,-34.51125446660785,-0.005447011833049435,0.13651942313792442
115.75,0.04917649972614556,-34.477279272100105,-0.005387822112070327,0.13528212734357617
116.0,0.04783686986953726,-34.44361340570975,-0.005329333611207035,0.1340447982649237
116.25,0.046512020102906,-34.41025145535354,-0.005269577304734997,0.13285079895093468
116.5,0.04520202482552531,-34.377188009035265,-0.005210497697994653,0.1316567660251981
116.75,0.04390671486187035,-34.344423075110015,-0.005152094795712336,0.130462699870513
117.0,0.042625921035241474,-34.311956661837186,-0.005094368602560244,0.1292686008696812
117.25,0.04135969321228752,-34.27978353671901,-0.005035562814318986,0.1281163945314999
117.5,0.04010808521126287,-34.24789846732817,-0.004977410027905477,0.12696415511256054
117.75,0.038870933781127985,-34.21630146188868,-0.004919910247971906,0.1258118829822567
118.0,0.03764807566968679,-34.18499252853221,-0.00486306347911822,0.12465957850998463
118.25,0.036439542066749105,-34.153966609263456,-0.00480531035965175,0.12354777019511749
118.5,0.03524536798203481,-34.123218646142305,-0.004748187334096963,0.1224359293884902
118.75,0.034065395891493704,-34.092748647247156,-0.004691694407023666,0.12132405644653767
119.0,0.03289946826993944,-34.06255662056728,-0.004635831582951263,0.12021215172569737
119.25,0.0317475993006239,-34.03263767758649,-0.0045792214967444,0.11913938678330764
119.5,0.030609806858793456,-34.0029869298299,-0.004523219363821316,0.11806658998949031
119.75,0.029485938955566122,-33.973604385217364,-0.00446782518866215,0.1169937616881557
120.0,0.028375843600945968,-33.94449005158278,-0.004413038975698402,0.11592090222321663
120.25,0.027279519546994153,-33.915639204934266,-0.004357651215140028,0.11488586574290921
120.5,0.026196969113579948,-33.8870471213085,-0.004302850012132156,0.11385079809657182
120.75,0.02512804566076673,-33.8587138084555,-0.004248635371058852,0.11281569961601157
121.0,0.024072602547527747,-33.830639274042355,-0.004195007296257254,0.11178057063303795
121.25,0.02303062457863053,-33.802818953722635,-0.004140910768671049,0.11078198682446934
121.5,0.022002100006137216,-33.77524828316691,-0.004087380125743499,0.1097833725744526
121.75,0.0209868873583469,-33.74792726994552,-0.004034415371757023,0.10878472820310045
122.0,0.019984845162493728,-33.7208559215488,-0.003982016510948772,0.10778605403052804
122.25,0.018995945671893506,-33.69402982847924,-0.003929270398990114,0.10682268555303001
122.5,0.01802016447025486,-33.66744458124589,-0.0038770701999557657,0.10585928739234261
122.75,0.01705736507882381,-33.64110018723094,-0.0038254159180217124,0.10489585985728088
123.0,0.016107411017807834,-33.61499665373938,-0.003774307557320265,0.10393240325666217
123.25,0.015170263300237321,-33.589129721413805,-0.0037229619530790062,0.10300305050711087
123.5,0.014245886156180125,-33.56349513089387,-0.0036721429698948122,0.10207366886115751
123.75,0.01333414792986292,-33.53809288936644,-0.0036218506118331707,0.10114425861670402
124.0,0.012434916964501268,-33.512923003943904,-0.0035720848829174415,0.10021482007165458
124.25,0.011548144262669216,-33.487981360792084,-0.0035221813961042207,0.09931832043794947
124.5,0.010673783934100704,-33.463263846065416,-0.0034727858974711043,0.09842179271835394
124.75,0.009811708981255909,-33.43877046674945,-0.003423898390969703,0.09752523720022957
125.0,0.008961792405612184,-33.4145012297579,-0.0033755188805109884,0.09662865417094015
125.25,0.00812397635107078,-33.390452162258605,-0.0033270912211397,0.09576388125767157
125.5,0.0072982059622216855,-33.36661929140041,-0.003279153555614926,0.09489908108827404
125.75,0.006484358740123084,-33.34300262396271,-0.0032317058877716505,0.09403425393992997
126.0,0.0056823121848793125,-33.31960216665559,-0.0031847482214056584,0.09316940008982395
126.25,0.004892000658696991,-33.2964140832261,-0.0031378227574166096,0.09233526292199712
126.5,0.004113361421333214,-33.27343453739554,-0.0030913699114798097,0.09150109934289359
126.75,0.00334627631780961,-33.25066353573332,-0.0030453896873114585,0.09066690961986659
127.0,0.002590627192223477,-33.22810108474199,-0.0029998820885899467,0.08983269402027141
127.25,0.0018463416304437597,-33.20574348042558,-0.0029544783788872406,0.08902813623031111
127.5,0.0011133500160092453,-33.183587018756434,-0.0029095305104306626,0.08822355288515998
127.75,0.0003915383881581666,-33.161631706091114,-0.0028650384868160153,0.08741894424268083
128.0,-0.0003192072147656357,-33.139877548721714,-0.0028210023116026343,0.0866143105607385
128.25,-0.0010189650463710387,-33.118320970689204,-0.0027771336150054053,0.08583830956341706
128.5,-0.0017078106592965337,-33.09695839599763,-0.0027337045627453533,0.08506228387465496
128.75,-0.0023858539650614356,-33.07578983078877,-0.002690715158296777,0.08428623374315267
129.0,-0.0030532048760492365,-33.05481528114223,-0.0026481654050988027,0.08351015941761257
129.25,-0.0037099466139233093,-33.03403129501909,-0.0026058391657292476,0.08276172557701796
129.5,-0.004356159792972256,-33.01343442033901,-0.0025639369350593092,0.08201326791310261
129.75,-0.004991950415790706,-32.99302466302783,-0.002522458716441141,0.08126478666572214
130.0,-0.005617424485807088,-32.97280202895145,-0.0024814045131929755,0.08051628207473402
130.25,-0.006232638904917763,-32.95260154691908,-0.002440257076754825,0.0810875703048233
130.5,-0.006837526142853188,-32.93225824574634,-0.0023987870643417605,0.08165883516725578
130.75,-0.007432005556033794,-32.91177213129796,-0.0023569944792713577,0.08223007647955653
131.0,-0.008015996501712634,-32.89114320948428,-0.002314879324886999,0.08280129405925253
131.25,-0.008589427780945274,-32.870385172806955,-0.0022725274712671515,0.0832629953663523
131.5,-0.00915223851863416,-32.849511713803714,-0.0022299149931033946,0.083724672641999
131.75,-0.009704363559069002,-32.82852283850085,-0.002187041893804701,0.0841863257387626
132.0,-0.010245737747394358,-32.807418552961515,-0.002143908176800893,0.08464795450921506
132.25,-0.010776326891145964,-32.786211601678325,-0.002100771145655959,0.08500765168930075
132.5,-0.011296106406588334,-32.76491472915513,-0.002057431150903525,0.08536732441008042
132.75,-0.011805025553252654,-32.743527941521116,-0.0020138881960107668,0.08572697255674193
133.0,-0.01230303359153893,-32.722051244934164,-0.0019701422844610925,0.08608659601447509
133.25,-0.012790129411878544,-32.70049647494629,-0.0019265993752595027,0.08635155978326903
133.5,-0.013266320827815816,-32.67887546709868,-0.001882907049823913,0.08661649887830392
133.75,-0.013731570485728917,-32.65718822757032,-0.0018390653116496835,0.08688141321505849
134.0,-0.01418584103287135,-32.635434762561374,-0.0017950741642441272,0.08714630270901343
134.25,-0.014629160752101054,-32.61362603730645,-0.0017514669547160095,0.08732349521906392
134.5,-0.015061566192936067,-32.59177301700985,-0.0017077599376687008,0.08750066303301317
134.75,-0.015483032403933493,-32.56987570785266,-0.0016639531165987369,0.0876778060944027
135.0,-0.01589353443452557,-32.54793411603006,-0.0016200464950106373,0.08785492434677605
135.25,-0.01629312649673272,-32.5259583745566,-0.0015766810081988807,0.08795100335240684
135.5,-0.016681870441545777,-32.5039586163994,-0.001533261556436443,0.08804705781164107
135.75,-0.01705975277816117,-32.48193484769887,-0.0014897881431968545,0.08814308769395267
136.0,-0.01742676001664425,-32.45988707460305,-0.0014462607719579626,0.0882390929688175
136.25,-0.017782969055797366,-32.43782463540529,-0.0014034095878587116,0.08826041657329461
136.5,-0.018128463834012343,-32.41575686833671,-0.0013605466850242721,0.08828171593425663
136.75,-0.01846324142203399,-32.39368377945901,-0.0013176720668836514,0.08830299104507544
137.0,-0.01878729889146448,-32.371605374835575,-0.001274785736866793,0.08832424189912487
137.25,-0.019100732799722766,-32.34953023487434,-0.00123269004523711,0.08827687382193633
137.5,-0.019403646172242148,-32.32746693990836,-0.0011906214515166888,0.08822948193958115
137.75,-0.01969604578392068,-32.305415495887026,-0.0011485799590709924,0.08818206626738914
138.0,-0.019977938410497494,-32.28337590875588,-0.001106565571263315,0.08813462682069198
138.25,-0.02024943744710287,-32.2613560371528,-0.0010654371627213553,0.08802434212637658
138.5,-0.02051066221256604,-32.23936373963002,-0.0010243714026736022,0.08791403418412566
138.75,-0.020761628369421307,-32.217399021995114,-0.0009833682944052921,0.08780370302937936
139.0,-0.02100235158102367,-32.19546189004676,-0.0009424278411966494,0.08769334869757966
139.25,-0.021232959459382767,-32.17355951599706,-0.0009024510342486685,0.08752563993093015
139.5,-0.02145358502256742,-32.15169907196357,-0.0008625693203334539,0.08735790857696361
139.75,-0.02166425204423479,-32.129880563586376,-0.000822782702641519,0.0871901546894735
140.0,-0.021864984298838718,-32.10810399649215,-0.0007830911843557694,0.08702237832225504
140.25,-0.02205592118714239,-32.08637589099643,-0.0007444246864562966,0.0868024619979852
140.5,-0.02223720702438698,-32.064702767312966,-0.0007058827763977958,0.0865825238359607
140.75,-0.022408872957918345,-32.04308463089239,-0.0006674654572635971,0.08636256390665965
141.0,-0.022570950135851947,-32.0215214871677,-0.0006291727321270631,0.08614258228056193
141.25,-0.02272358750478451,-32.00001923823413,-0.0005919514333134206,0.08587540567874447
141.5,-0.022866938459622572,-31.978583786079383,-0.0005548814198663498,0.08560820806424853
141.75,-0.023001040822078732,-31.957215135945933,-0.0005179626947514297,0.08534098952265455
142.0,-0.023125932414605456,-31.935913293054853,-0.00048119526092213656,0.08507375013954468
142.25,-0.02324176966432868,-31.914683574071972,-0.00044553195896691866,0.0847639983611432
142.5,-0.02334871300525926,-31.89353129555133,-0.0004100439910553094,0.08445422645819807
142.75,-0.023446806271263262,-31.87245646251166,-0.0003747313600263251,0.08414443452989363
143.0,-0.023536093296914765,-31.851459079946903,-0.00033959406870495533,0.08383462267541585
143.25,-0.023616736094539938,-31.83054391097223,-0.00030558112509867125,0.08348672591520537
143.5,-0.023688900265978405,-31.80971571858804,-0.000271765059663482,0.08313880997012502
143.75,-0.02375263503111142,-31.788974507576626,-0.00023814587510465266,0.08279087495154626
144.0,-0.023807989610494597,-31.768320282692443,-0.00020472357411169807,0.08244292097084209
144.25,-0.023855129868646668,-31.747757284444578,-0.00017243450052581246,0.08206106196784442
144.5,-0.023894224865575405,-31.727289753225545,-0.00014036148475409795,0.08167918476056622
144.75,-0.02392532861605544,-31.706917693571132,-0.00010850452936237676,0.08129728947122852
145.0,-0.02394849513550069,-31.68664110998658,-7.686363689918638e-05,0.08091537622205379
145.25,-0.023963892562301012,-31.66646375036798,-4.635461208822648e-05,0.0805034978503413
145.5,-0.02397169185893871,-31.646389362494126,-1.6078596003481412e-05,0.08009160228608662
145.75,-0.023971951277898498,-31.626417950646672,1.3964408932985534e-05,0.0796796896610996
146.0,-0.02396472907226825,-31.606549519074324,4.377440031775181e-05,0.07926776010719143
146.25,-0.02395019422308768,-31.586787352088763,7.246308293571067e-05,0.0788295730725221
146.5,-0.023928518185991322,-31.567134733884615,0.00010090390326325245,0.07839136987924901
146.75,-0.023899762926836588,-31.547591668484003,0.00012909685902512844,0.07795315066758438
147.0,-0.02386399041204724,-31.528158159874003,0.0001570419479659189,0.07751491557774169
147.25,-0.023821369173681595,-31.508837056836942,0.0001838845015576914,0.07705390618801251
147.5,-0.023772069890058412,-31.489631208039217,0.00021046630967006102,0.0765928816876479
147.75,-0.02371615774781379,-31.470540617240047,0.00023678737017649888,0.07613184222414783
148.0,-0.023653697934112858,-31.451565288161778,0.0002628476809713358,0.07567078794501347
148.25,-0.023584857372581043,-31.432707661133602,0.00028783151464378663,0.07519022592489624
148.5,-0.023509804825193648,-31.41397017637067,0.00031254356748468775,0.07470964984871171
148.75,-0.023428608237406133,-31.39535283736777,0.00033698383751708965,0.07422905987020234
149.0,-0.023341335555165474,-31.37685564758128,0.0003611523227857853,0.07374845614311167
149.25,-0.023248151059103786,-31.35848066498268,0.0003842767981207531,0.07325140246554124
149.5,-0.023149220579975385,-31.340229947431986,0.00040712018701302016,0.07275433578634354
149.75,-0.02304461438961985,-31.32210349815973,0.000429682487635129,0.072257256264525
150.0,-0.022934402760330812,-31.304101320356693,0.000451963698182109,0.07176016405909309
150.25,-0.022818746412929466,-31.286225114752515,0.00047323895184112367,0.07124947876846098
150.5,-0.02269780734907465,-31.268476581968574,0.0004942254295280993,0.0707387815244504
150.75,-0.022571657762969728,-31.25085572497279,0.0005149231295641303,0.07022807249041758
151.0,-0.022440369849234882,-31.233362546692252,0.0005353320502934126,0.06971735182971968
151.25,-0.022304099962814676,-31.215998414755155,0.0005547778814203502,0.06919570183371092
151.5,-0.02216300548841319,-31.198764696685128,0.0005739287538863435,0.06867404092094623
151.75,-0.02201716016588766,-31.181661395190506,0.0005927846661593336,0.06815236925827926
152.0,-0.02186663773547538,-31.164688512937907,0.0006113456167308591,0.0676306870125645
152.25,-0.021711589484111248,-31.147847107625694,0.0006289904377384768,0.06710055382155942
152.5,-0.021552167494886518,-31.131138236851843,0.0006463355193823829,0.06657041073395202
152.75,-0.021388446702816068,-31.114561903069305,0.0006633808602749808,0.06604025791930022
153.0,-0.021220502043258673,-31.09811810868865,0.0006801264590526537,0.06551009554716279
153.25,-0.02104847913030439,-31.081807623690356,0.0006960063082552027,0.06497378294201124
153.5,-0.020872524157346892,-31.065631217959073,0.0007115829388686868,0.06443746143965656
153.75,-0.020692712929189713,-31.049588893697667,0.0007268563496469849,0.0639011312116248
154.0,-0.020509121250944888,-31.03368065306611,0.000741826539368233,0.0633647924294427
154.25,-0.02032188854988043,-31.017906999590558,0.0007559841538158457,0.06282443404020703
154.5,-0.020131154631749654,-31.002268436706203,0.0007698362757120008,0.06228406772865088
154.75,-0.019936995869829464,-30.98676496637203,0.0007833829039485368,0.06174369366758662
155.0,-0.019739488637670735,-30.971396590503804,0.0007966240374417315,0.06120331202982722
155.25,-0.019538765746364112,-30.95616356650173,0.000809107984221874,0.060660878809786184
155.5,-0.019334960199995803,-30.94106615168018,0.0008212852777708148,0.06011843861451887
155.75,-0.019128148661995886,-30.926104347761278,0.0008331559171143774,0.05957599161749416
156.0,-0.01891840779603493,-30.911278156423784,0.0008447199013029179,0.05903353799218151
156.25,-0.018705863446267786,-30.896587608350103,0.0008555837654988471,0.05849084557299298
156.5,-0.01849064147898912,-30.882032734142175,0.000866140841252259,0.057948147095070124
156.75,-0.018272818591415652,-30.867613535292993,0.0008763911277185936,0.057405442731958294
157.0,-0.01805247148097216,-30.853330013252158,0.0008863346240778343,0.05686273265720329
157.25,-0.017829718746907943,-30.839181990488807,0.0008956362515123921,0.05632144857263688
157.5,-0.017604678853708422,-30.825169289397106,0.0009046318970383012,0.055780159312839306
157.75,-0.01737742829694122,-30.81129191124923,0.0009133215599359154,0.05523886505089965
158.0,-0.017148043572350818,-30.797549857274078,0.0009217052395100667,0.054697565959907386
158.25,-0.01691663582351282,-30.78394275934628,0.0009295060323546544,0.05415921672699053
158.5,-0.01668331591561883,-30.77047024927114,0.0009370025118560014,0.053620863167367694
158.75,-0.016448159927080135,-30.75713232810881,0.000944194677414394,0.05308250545318403
159.0,-0.016211243936454896,-30.743928996876416,0.0009510825284544631,0.05254414375658502
159.25,-0.015972671482715486,-30.730859713606293,0.0009574467917463259,0.05201012180435207
159.5,-0.01573254569545991,-30.717923936267134,0.000963509196500975,0.051476096337339634
159.75,-0.015490942039383589,-30.705121665716288,0.0009692697422334217,0.050942067526304195
160.0,-0.015247935979300188,-30.692452902768416,0.000974728428482826,0.050408035542002495
160.25,-0.015003623357351007,-30.679916947519395,0.0009797227655681303,0.04987960597930364
160.5,-0.014758099487303725,-30.66751310000716,0.0009844184132030125,0.04935117367587337
160.75,-0.014511439041568406,-30.655241360895776,0.0009888153710118236,0.04882273880067544
161.0,-0.014263716692646032,-30.64310173080706,0.0009929136386428094,0.0482943015226738
161.25,-0.014015020545410544,-30.631093366980995,0.0009966063935470822,0.04777260873768299
161.5,-0.01376543806873151,-30.619215426605347,0.0010000042741439238,0.04725091394716503
161.75,-0.013515042981220254,-30.60746791016064,0.001003107280161506,0.046729217317925474
162.0,-0.013263909001553114,-30.595850818085708,0.0010059154113515897,0.046207519016770025
162.25,-0.01301211650400827,-30.58436317904187,0.001008376156073411,0.04569359310195884
162.5,-0.012759745129991206,-30.573004021643886,0.0010105464230984586,0.04517966587730458
162.75,-0.012506867498948306,-30.56177334619868,0.0010124262122531127,0.04466573750712568
163.0,-0.012253556230366449,-30.550671152972093,0.0010140155233869911,0.044151808155740685
163.25,-0.011999884017249366,-30.539696355543175,0.001015314588112116,0.04364657115311052
163.5,-0.011745922733033213,-30.528847867450043,0.0010163280921641317,0.043141333496389545
163.75,-0.011491743767896878,-30.518125688836022,0.0010170560354619577,0.042636095347114704
164.0,-0.011237418512036666,-30.507529819804063,0.0010174984179473594,0.04213085686682297
164.25,-0.010983012064918226,-30.497059071589614,0.0010177064621905813,0.041635128829168144
164.5,-0.010728588629346584,-30.486712255392685,0.0010176343255720631,0.04113940075307298
164.75,-0.010474218250536923,-30.476489371203076,0.0010172820080975762,0.04064367279703112
165.0,-0.010219970973700178,-30.46639041897096,0.0010166495097953057,0.04014794511953619
165.25,-0.009965904426901496,-30.45641411959254,0.001015837132493915,0.0396624499844142
165.5,-0.009712075273500362,-30.44655919393399,0.0010147503626275697,0.039176955386450156
165.75,-0.009458552111627607,-30.436825641841615,0.001013389200283211,0.03869146148086334
166.0,-0.009205403539389579,-30.42721346312292,0.0010117536455697305,0.038205968422872966
166.25,-0.008952679866193441,-30.417721299628734,0.001009991032175344,0.037731339696798656
166.5,-0.008700430377207781,-30.408347793185108,0.0010079601719112014,0.037256712043676754
166.75,-0.008448722134130175,-30.399092943504836,0.0010056610649397703,0.036782085615249996
167.0,-0.008197622198614902,-30.38995675026278,0.0010030937114449783,0.036307460563261014
167.25,-0.007947173741175949,-30.380937786871723,0.0010004503160889635,0.0358442468144215
167.5,-0.007697418856550188,-30.37203462672479,0.0009975451289764444,0.03538103463495229
167.75,-0.0074484229926481274,-30.36324726941113,0.000994378150339834,0.034917824172944555
168.0,-0.007200251597319558,-30.35457571448286,0.0009909493804324888,0.03445461557648932
168.25,-0.006952940905598992,-30.346018476859648,0.000987493641273701,0.03400328573499712
168.5,-0.006706526032700106,-30.337574071446443,0.0009837828299068235,0.033551957920504
168.75,-0.00646107074663824,-30.329242497718457,0.0009798169466287193,0.03310063227729998
169.0,-0.0062166388153519665,-30.32102375511483,0.0009755959917566566,0.03264930894967489
169.25,-0.0059732597622899,-30.31291630936875,0.0009713950776580578,0.032210257415041736
169.5,-0.0057309619540495986,-30.304918626203428,0.0009669460332402103,0.03177120832697725
169.75,-0.005489807423166796,-30.29703070498968,0.0009622488588590346,0.03133216182584453
170.0,-0.005249858202085767,-30.28925254506323,0.0009573035548903022,0.030893118052006438
170.25,-0.00501113734407279,-30.281582571663233,0.0009524231416127711,0.030466669608131786
170.5,-0.004773666715063242,-30.274019210023425,0.00094730172292955,0.03004022399319194
170.75,-0.0045375065663577335,-30.266562459419532,0.0009419392992503495,0.029613781343519528
171.0,-0.004302717149152036,-30.259212319093198,0.0009363358710041603,0.029187341795446936
171.25,-0.004069315302667323,-30.251967181891786,0.0009308399451508889,0.02877375633397527
171.5,-0.0038373166544193697,-30.244825440661614,0.0009251102851849162,0.028360174047566987
171.75,-0.003606779637879445,-30.23778709459239,0.0009191468915646116,0.027946595068441455
172.0,-0.003377762686401888,-30.230852142840767,0.0009129497647670429,0.027533019528817766
172.25,-0.0031502766934450167,-30.22401895339818,0.0009069004537598866,0.02713249658223105
172.5,-0.0029243313220655757,-30.21728589425915,0.000900624792229765,0.026731977121660096
172.75,-0.0026999831598319276,-30.210652964536173,0.0008941227806787273,0.026331461275147468
173.0,-0.0024772887941846592,-30.20412016330973,0.0008873944196269305,0.025930949170735462
173.25,-0.00225625345083948,-30.19768584070837,0.0008808518460464698,0.025543632257012585
173.5,-0.002036881111683416,-30.19134834686765,0.0008740903862027014,0.025156319106224678
173.75,-0.0018192264982150445,-30.18510768083136,0.000867110040636538,0.024769009842191894
174.0,-0.0016033443317955269,-30.17896384161234,0.000859910809906403,0.024381704588734086
174.25,-0.0013892344559244772,-30.172915167949753,0.0008529329685799334,0.024007685369831586
174.5,-0.0011768954617231197,-30.166959998593505,0.0008457437566433117,0.023633670157962017
174.75,-0.0009663801917724531,-30.16109833252689,0.0008383431746716706,0.023259659072694058
175.0,-0.0007577414885075795,-30.155330168703312,0.0008307312232570525,0.02288565223359604
175.25,-0.0005509741041819622,-30.14965384044952,0.0008233738795327632,0.022524974490384778
175.5,-0.00034607153462403156,-30.14406768110649,0.0008158127052150153,0.022164300966752
175.75,-0.00014308473740688073,-30.138571689604905,0.000808047700908698,0.021803631778001105
176.0,5.793533004965768e-05,-30.13316586484664,0.0008000788672350074,0.021442967039435146
176.25,0.0002569987122253892,-30.127848540249,0.0007923954749359829,0.021095630466069253
176.5,0.0004541167099260252,-30.122618049246782,0.0007845157915379954,0.020748298294589608
176.75,0.0006492402504552939,-30.11747439072563,0.0007764398176714149,0.020400970636034636
177.0,0.0008423202612764791,-30.112417563543435,0.0007681675539823146,0.0200536476014424
177.25,0.0010333712872915908,-30.107445906259237,0.0007602091915903059,0.01971961142244116
177.5,0.001222409125824212,-30.1025577574526,0.0007520620542297599,0.019385579798746288
177.75,0.0014093865832133646,-30.097753115971354,0.0007437261425524426,0.019051552837144454
178.0,0.0015942564659628996,-30.09303198063662,0.0007352014572252223,0.018717530644421956
178.25,0.0017770375228834527,-30.08839269977027,0.0007270167809011066,0.018396717058014895
178.5,0.0019577497478218686,-30.08383362171751,0.0007186508014784628,0.018075908152822864
178.75,0.002136347815086873,-30.07935474529521,0.0007101035196265642,0.01775510403140582
179.0,0.0023127863991563207,-30.07495606929461,0.0007013749360291882,0.017434304796323328
179.25,0.002487088157486623,-30.07063595601267,0.0006930101481343836,0.017126602247845513
179.5,0.002659276982012146,-30.066392767772268,0.000684471465703644,0.016818904480373393
179.75,0.002829309399184003,-30.062226503365864,0.0006757588894200589,0.016511211592276014
180.0,0.0029971419356258173,-30.058137161561316,0.000666872419980629,0.016203523681922037
180.25,0.0031628008647451053,-30.054123122454854,0.000658371251821202,0.01590878997125225
180.5,0.003326313680988689,-30.050182766171012,0.0006497035170894587,0.015614061116663542
180.75,0.0034876387427998897,-30.04631609148399,0.000640869216478813,0.015319337212379658
181.0,0.0036467344087970457,-30.04252309714444,0.0006318683506960037,0.015024618352623937
181.25,0.0038036302794005653,-30.03880218450419,0.000623272058268567,0.014742683579835264
181.5,0.003958357160028351,-30.03515175494553,0.000614516431005809,0.014460753714892452
181.75,0.004110875217058862,-30.03157180723024,0.0006056014696081748,0.014178828847928364
182.0,0.004261144617047263,-30.028062340097556,0.0005965271747888561,0.013896909069075461
182.25,0.004409198003310713,-30.024621779263065,0.0005878745463643968,0.013627578422617512
182.5,0.004555069205781281,-30.02124855047477,0.000579069704562167,0.013358252713859512
182.75,0.004698720171202315,-30.01794265248748,0.0005701126500865488,0.013088932028905835
183.0,0.004840112846494786,-30.014704084034484,0.0005610033836541015,0.01281961645386045
183.25,0.00497928263952796,-30.011531297974244,0.0005523307580924019,0.012562672845716502
183.5,0.005116266124310606,-30.008422747199372,0.0005435129177664948,0.012305734184605052
183.75,0.00525102699723961,-30.005378430462844,0.0005345498633818023,0.012048800552671473
184.0,0.005383528954889664,-30.002398346497095,0.0005254415956553634,0.011791872032060734
184.25,0.005513809897948551,-29.99948097777208,0.0005167828903985195,0.011547078584423944
184.5,0.005641908870909321,-29.996624806793452,0.0005079858349868041,0.01130229007400357
184.75,0.005767791286320997,-29.993829832317125,0.0004990504301239763,0.01105750657906179
185.0,0.005891422556909923,-29.99109605307945,0.0004899766765248634,0.01081272817786038
185.25,0.0060128428117958216,-29.98842198333798,0.00048136342427341025,0.010579830565951458
185.5,0.006132093299931012,-29.98580613738734,0.0004726185426349101,0.010346937863646032
185.75,0.00624914111405596,-29.98324851399082,0.00046374203230894817,0.010114050145404455
186.0,0.006363953347087344,-29.980749111893097,0.00045473389400564,0.009881167485686678
186.25,0.006476572100175674,-29.97830647904034,0.0004461952871348148,0.009659896141393655
186.5,0.006587040568900244,-29.975919163416943,0.00043753161921023344,0.009438629662620681
186.75,0.006695327488084042,-29.973587163797678,0.0004287428909249841,0.009217368120112514
187.0,0.006801401592724578,-29.97131047893964,0.0004198291029821599,0.008996111584613517
187.25,0.006905306708134256,-29.969087692120283,0.0004113920448087602,0.008786183765673269
187.5,0.0070070877274139515,-29.966917386656277,0.0004028363340555861,0.008576260752996083
187.75,0.00710671498750408,-29.964799561337667,0.00039416197140708934,0.00836634261370155
188.0,0.007204158825517356,-29.962734214937715,0.0003853689575572138,0.008156429414908874
188.25,0.007299464552052518,-29.96071996746575,0.00037705811961923465,0.007957551144371524
188.5,0.007392678517802369,-29.958755438971107,0.0003686348713862972,0.007758677606930971
188.75,0.007483772620277216,-29.95684062826256,0.0003600992135322564,0.0075598088661756584
189.0,0.007572718757156952,-29.954975534133,0.00035145114673995967,0.007360944985693641
189.25,0.007659563494825334,-29.953158814497673,0.00034328903130160924,0.007172812866416437
189.5,0.007744354411182326,-29.951389127312513,0.00033502057635837693,0.006984685394389121
189.75,0.007827064921434214,-29.94966647140819,0.0003266457825717341,0.006796562629765993
190.0,0.007907668440953716,-29.94799084560033,0.0003181646506116594,0.006608444632700972
190.25,0.007986212572088768,-29.94636094667274,0.00031017165765540836,0.006430747541608608
190.5,0.008062745899401503,-29.944775471450367,0.00030207822014036774,0.006253055000429027
190.75,0.008137243311832989,-29.943234418788627,0.0002938843387140076,0.006075367065981858
191.0,0.008209679698487168,-29.94173778752874,0.0002855900140318337,0.005897683795086362
191.25,0.008280103487772585,-29.940284314088604,0.00027778451204674615,0.00573010446191176
191.5,0.008348564060434284,-29.938872734927596,0.0002698842811467815,0.005562529570972803
191.75,0.008415037734322386,-29.937503048928463,0.00026188932196395356,0.005394959175855878
192.0,0.008479500827445969,-29.936175254960546,0.0002537996351378544,0.005227393330147016
192.25,0.0085420023944604,-29.934888129658194,0.00024619803505956093,0.005069609805330866
192.5,0.00860259241204215,-29.93364044969743,0.0002385072397783446,0.004911830605841287
192.75,0.008661248581467246,-29.93243221399062,0.00023072724990946448,0.004754055782134343
193.0,0.008717948604166423,-29.931263421437507,0.0002228580660753151,0.004596285384665749
193.25,0.008772741971430966,-29.930132889301305,0.0002154748977775385,0.004447972401046411
193.5,0.008825679065948151,-29.929039434886967,0.00020800788419546458,0.004299663617677247
193.75,0.008876738926471438,-29.927983057138494,0.0002004570259264499,0.0041513590819879645
194.0,0.008925900591904457,-29.926963754988044,0.0001928223235745586,0.004003058841407937
194.25,0.008973213810824759,-29.92598038658287,0.00018567031435508355,0.003863889074276156
194.5,0.009018729192389536,-29.925031810111903,0.0001784396248262272,0.0037247233751708407
194.75,0.009062427066593614,-29.924118024552573,0.0001711302555664404,0.0035855617885999667
195.0,0.009104287763577225,-29.923239028871183,0.00016374220716046836,0.003446404359071181
195.25,0.00914436112012405,-29.922393722209094,0.00015683236170581724,0.003316049589097755
195.5,0.009182697802699083,-29.92158100374916,0.00014984881547873392,0.0031856987487543695
195.75,0.009219279386178924,-29.92080087250377,0.00014279156903789796,0.0030553518797321643
196.0,0.009254087445580586,-29.920053327474875,0.00013566062294788488,0.0029250090237219616
196.25,0.009287171747045644,-29.91933730877448,0.00012900230430070675,0.002803141207192019
196.5,0.009318582855517262,-29.91865175655578,0.00012227507908958674,0.002681277176651592
196.75,0.009348303544421609,-29.917996669867406,0.00011547894785269891,0.002559416971079823
197.0,0.00937631658732009,-29.91737204774825,0.00010861391113372969,0.0024375606294555485
197.25,0.009402671531016548,-29.916776871134957,0.00010221492222502374,0.002323852880161106
197.5,0.009427418690347546,-29.916210121005,9.575163629578655e-05,0.0022101487688538975
197.75,0.009450541991122474,-29.915671796444336,8.922405386307718e-05,0.0020964483319055307
198.0,0.009472025359280633,-29.91516189652982,8.263217544909832e-05,0.0019827516056873176
198.25,0.009491917983628058,-29.9146794427648,7.649884079386925e-05,0.0018768790927413258
198.5,0.00951026979042985,-29.914223456692913,7.030563516620717e-05,0.001771010066254515
198.75,0.009527065812004734,-29.913793937438314,6.405255906156488e-05,0.001665144560094756
199.0,0.009542291080795892,-29.913390884116684,5.773961298018473e-05,0.0015592826081296382
199.25,0.009555994298835996,-29.91301335843803,5.187686016996589e-05,0.0014609233738707187
199.5,0.009568224875315149,-29.91266042215207,4.5958480571131225e-05,0.0013625674718069087
199.75,0.009578968903595289,-29.91233207442182,3.998447465714757e-05,0.0012642149334052214
200.0,0.009588212477157276,-29.912028314402438,3.395484290593187e-05,0.0011658657901324008
200.25,0.009596003692187872,-29.91174824355801,2.8366283564834515e-05,0.0010747014921902306
200.5,0.009602391322071385,-29.911490963391678,2.2726161804130508e-05,0.0009835403701869221
200.75,0.00960736247625923,-29.91125647310582,1.703447807502623e-05,0.0008923824532903492
201.0,0.009610904264316133,-29.911044771895508,1.1291232832853001e-05,0.0008012277706681291
201.25,0.009613064067004901,-29.91085500044276,5.979242735404885e-06,0.0007169443521562107
201.5,0.009613889912730655,-29.910686299467898,6.195771998873042e-07,0.0006326639520331431
201.75,0.009613369882687395,-29.91053866821296,-4.787763344929683e-06,0.0005483865972680052
202.0,0.00961149205817679,-29.910412105913235,-1.0242778466462045e-05,0.000464112314829633
202.25,0.009608303004221708,-29.910305791857393,-1.527698038740563e-05,0.00038640060652524053
202.5,0.009603849904393313,-29.910218905371618,-2.035514538555092e-05,0.0003086917584195475
202.75,0.009598121767973014,-29.910151445737757,-2.5477273054647723e-05,0.00023098579538161887
203.0,0.009591107604344219,-29.910103412231432,-3.064336298492887e-05,0.00015328274228028894
203.25,0.00958285307148271,-29.910074022069633,-3.539963698346437e-05,8.183900054144743e-05
203.5,0.009573404417330228,-29.910062492505997,-4.019633324901039e-05,1.0397960780623872e-05
203.75,0.009562751536367924,-29.910068822862172,-4.5033451397834077e-05,-6.104035413608765e-05
204.0,0.009550884323173279,-29.91009301245409,-4.991099104296884e-05,-0.00013247592134281103
204.25,0.009537847446105375,-29.910134315689206,-5.4390200474964984e-05,-0.00019794953728562576
204.5,0.00952368613546341,-29.910191987010705,-5.8906459575493744e-05,-0.00026342060893514075
204.75,0.009508391128875351,-29.9102660257799,-6.345976798325708e-05,-0.0003288891153330782
205.0,0.00949195316405986,-29.910356431352852,-6.805012533399304e-05,-0.0003943550355213658
205.25,0.00947441584564062,-29.910462494537256,-7.22540623323929e-05,-0.00045415004337534434
205.5,0.009455823312751487,-29.910583506175563,-7.64918410368553e-05,-0.0005139426635603956
205.75,0.009436167105008265,-29.910719465668464,-8.076346110836046e-05,-0.0005737328769329264
206.0,0.009415438762111854,-29.910870372411864,-8.506892220518131e-05,-0.0006335206643495364
206.25,0.009393680758983256,-29.91103555277777,-8.900023528279495e-05,-0.0006879218922633613
206.5,0.009370936078253995,-29.91121433317194,-9.296234295786329e-05,-0.0007423208875889156
206.75,0.009347197021314277,-29.911406713034058,-9.695524491342007e-05,-0.0007967176329062987
207.0,0.009322455889633856,-29.91161269179944,-0.00010097894083003551,-0.0008511121107957896
207.25,0.009296753970305174,-29.911831630529107,-0.0001046410645543311,-0.0009003973812655401
207.5,0.009270133031991472,-29.912062890316783,-0.00010833109266119213,-0.0009496805722404233
207.75,0.009242586098633961,-29.91230647064062,-0.00011204902485541854,-0.0009989616679354784
208.0,0.009214106194247932,-29.912562370974825,-0.00011579486083957799,-0.0010482406525659125
208.25,0.00918473336749442,-29.912829986160627,-0.00011919194770287991,-0.001092680513568157
208.5,0.009154508123150664,-29.913108711070876,-0.00012261420151608282,-0.001137118445776728
208.75,0.009123424169513367,-29.913398545221597,-0.0001260616220054085,-0.0011815544349551793
209.0,0.00909147521494793,-29.91369948812525,-0.0001295342088950653,-0.00122598846686722
209.25,0.009058700026279471,-29.914010967466474,-0.00013267106348382278,-0.0012658459671613378
209.5,0.009025137801700885,-29.91433241096043,-0.0001358304961341182,-0.0013057016866030878
209.75,0.008990782896728344,-29.91466381816031,-0.00013901250659319883,-0.0013455556124205084
210.0,0.00895562966694143,-29.91500518861611,-0.00014221709460650577,-0.0013854077318417816
210.25,0.008919715560794008,-29.91535598189624,-0.0001450991101548659,-0.0014209382375001414
210.5,0.008883078434082628,-29.915715657598522,-0.00014800125907960787,-0.0014564671071557894
210.75,0.008845713253492182,-29.916084215312534,-0.0001509235411485615,-0.0014919943294196757
211.0,0.008807614985765808,-29.916461654625,-0.00015386595612794593,-0.0015275198929028825
211.25,0.008768819730988048,-29.916847466010424,-0.00015649905352370434,-0.0015589709422435085
211.5,0.008729363973297969,-29.917241139971576,-0.00015914997939129276,-0.0015904204970421953
211.75,0.008689243255604088,-29.91764267613356,-0.00016181873351863872,-0.0016218685472137336
212.0,0.008648453120868127,-29.91805207411896,-0.00016450531569224344,-0.0016533150826730345
212.25,0.00860702829701151,-29.91846885431708,-0.00016689588498731392,-0.0016809262768843758
212.5,0.008565003873469142,-29.918892537144345,-0.00016930211314628802,-0.0017085361143615372
212.75,0.008522375935549081,-29.919323122260465,-0.0001717239999766689,-0.0017361445862466149
213.0,0.008479140568607667,-29.919760609322932,-0.00017416154528470702,-0.001763751683681814
213.25,0.008435331110480981,-29.92020454763511,-0.00017631638974749386,-0.001787754610543249
213.5,0.008390981238731757,-29.920654486526306,-0.00017848485423619385,-0.00181175631459278
213.75,0.008346087548375179,-29.92111042568986,-0.0001806669385773311,-0.0018357567881258354
214.0,0.008300646634469933,-29.921572364817184,-0.00018286264259634012,-0.0018597560234379408
214.25,0.008254690432385064,-29.922039881119275,-0.00018478892532978309,-0.001880374211651876
214.5,0.008208251196187897,-29.922512551831932,-0.0001867269154689475,-0.0019009913068884364
214.75,0.008161325999046367,-29.92299037668109,-0.0001886766128587953,-0.0019216073025249822
215.0,0.008113911914167275,-29.923473355391014,-0.00019063801734335185,-0.0019422221919389606
215.25,0.00806603946728333,-29.923961092071817,-0.00019234321047987903,-0.00195967109370126
215.5,0.008017739482557195,-29.92445319085725,-0.00019405832005807286,-0.0019771190280594435
215.75,0.007969009480895586,-29.92494965150476,-0.00019578334594072558,-0.0019945659894039843
216.0,0.007919846983239625,-29.925450473770397,-0.00019751828798983618,-0.0020120119721254337
216.25,0.007870281103404627,-29.925955287655952,-0.00019901012446297273,-0.002026498971669761
216.5,0.0078203412341267,-29.92646372318571,-0.00020051020351331567,-0.0020409851249757194
216.75,0.007770025314776534,-29.92697578014753,-0.0002020185250208596,-0.0020554704273806537
217.0,0.007719331284754893,-29.927491458328102,-0.00020353508886493965,-0.0020699548742219784
217.25,0.0076682868482477115,-29.928010412617564,-0.00020482151674682837,-0.0020816793201804133
217.5,0.007616919969608615,-29.928532297927394,-0.00020611462590306153,-0.002093403036538297
217.75,0.007565228978531939,-29.929057114074716,-0.00020741441623019116,-0.0021051260195161727
218.0,0.007513212204737944,-29.92958486087572,-0.0002087208876242348,-0.002116848265334643
218.25,0.0074608959493269325,-29.930115217112334,-0.0002098100270087792,-0.002126001524861649
218.5,0.007408306755564729,-29.93064786158669,-0.0002109043944192216,-0.0021351541668019574
218.75,0.007355443316455792,-29.93118279414402,-0.0002120039897680133,-0.0021443061881981852
219.0,0.007302304325026522,-29.931720014628826,-0.00021310881296718732,-0.0021534575860929998
219.25,0.0072489146897844435,-29.932259224727545,-0.00021400891536989036,-0.0021602231188020595
219.5,0.007195299544144353,-29.9328001261457,-0.00021491289613925795,-0.0021669881412412304
219.75,0.007141457918523618,-29.933342718755455,-0.00021582075520297218,-0.002173752651216606
220.0,0.007087388843357723,-29.933887002428417,-0.00021673249248840485,-0.0021805166465343195
220.25,0.007033115848704072,-29.934432700779762,-0.00021745190272619654,-0.0021850700963963678
220.5,0.006978662673004329,-29.93497953744264,-0.00021817394084753177,-0.0021896231385567615
220.75,0.006924028659294824,-29.93552751231494,-0.00021889860679464795,-0.0021941757715289675
221.0,0.006869213150626354,-29.936076625294184,-0.0002196259005095722,-0.002198727993826485
221.25,0.006814238316107343,-29.93662662096202,-0.00022017302101695483,-0.002201237297276545
221.5,0.006759126517432489,-29.937177243916995,-0.00022072161374900643,-0.0022037462908132475
221.75,0.006703877386551109,-29.93772849408153,-0.00022127167866183988,-0.0022062549736037926
222.0,0.006648490555423507,-29.93828037137783,-0.00022182321571145028,-0.002208763344815404
222.25,0.006592986852785917,-29.938832640407124,-0.0002222064732430934,-0.002209388853408533
222.5,0.006537387284876327,-29.939385065786457,-0.00022259013788234207,-0.0022100141450841185
222.75,0.00648169174992167,-29.93993764746157,-0.00022297420959850337,-0.0022106392196118746
223.0,0.00642590014615656,-29.940490385378148,-0.0002233586883608518,-0.0022112640767615334
223.25,0.006370031985323619,-29.941043063227028,-0.00022358650302530875,-0.002210158692810901
223.5,0.006314106942283351,-29.941595464713828,-0.00022381374601642678,-0.002209053180151004
223.75,0.0062581251599563665,-29.942147589806407,-0.00022404041731602657,-0.0022079475391052327
224.0,0.006202086781267811,-29.94269943847271,-0.00022426651690597455,-0.0022068417699969887
224.25,0.006146010026882483,-29.943250812581624,-0.0002243472734704084,-0.0022041510937162497
224.5,0.006089913266885993,-29.943801514015796,-0.00022442656179420662,-0.002201460372168148
224.75,0.006033796868339295,-29.944351542764004,-0.0002245043818710262,-0.002198769606183245
225.0,0.005977661198304914,-29.94490089881525,-0.00022458073369464155,-0.0021960787965921045
225.25,0.005921523214567915,-29.94544940132456,-0.00022452275509631843,-0.0021919412833503915
225.5,0.005865400011309076,-29.945996869459712,-0.0002244624898701543,-0.002187803803552959
225.75,0.005809292160184758,-29.94654330322923,-0.00022439993802097027,-0.0021836663584933126
226.0,0.005753200232850094,-29.94708870264196,-0.00022433509955377051,-0.002179528949464955
226.25,0.005697139954445758,-29.947632903267902,-0.00022414662255055187,-0.0021740760758462907
226.5,0.005641127174139373,-29.94817574068884,-0.00022395511477269148,-0.0021686233097031548
226.75,0.005585162649622691,-29.948717214931854,-0.0002237605762355098,-0.0021631706527500015
227.0,0.0055292471385836005,-29.94925732602446,-0.0002235630069545698,-0.0021577181067012766
227.25,0.005473395165556006,-29.949795925102148,-0.00022325215984367276,-0.0021510745441408966
227.5,0.005417621367371982,-29.950332863311267,-0.0002229376082101843,-0.0021444311584693392
227.75,0.005361926670159035,-29.950868140696297,-0.00022261935207926835,-0.002137787951782184
228.0,0.0053063120000383475,-29.951401757302246,-0.00022229739147638518,-0.0021311449261749954
228.25,0.005250790714552173,-29.951933579003136,-0.00022187217380825478,-0.002123428721022655
228.5,0.005195376272435179,-29.952463471682904,-0.00022144264452862825,-0.0021157127576283646
228.75,0.005140069751585954,-29.9529914354023,-0.00022100880367186766,-0.0021079970384311215
229.0,0.00508487222989445,-29.953517470222675,-0.00022057065127268003,-0.0021002815658699033
229.25,0.005029795932889385,-29.95404145595274,-0.00022003891548488073,-0.002091604324805123
229.5,0.004974853176791711,-29.954563272410255,-0.0002195023240206753,-0.002082927385907802
229.75,0.004920045175515172,-29.9550829196711,-0.00021896087692299082,-0.0020742507519247023
230.0,0.004865373142962732,-29.95560039781185,-0.00021841457423514267,-0.0020655744256025638
230.25,0.004810848208786492,-29.95611559979579,-0.00021778400912969887,-0.0020560415053987894
230.5,0.004756481583418314,-29.956628418594395,-0.00021714810377908216,-0.002046508943405628
230.75,0.004702274601913144,-29.95713885429759,-0.00021650685823416458,-0.0020369767426439526
231.0,0.00464822859931315,-29.957646906996064,-0.0002158602725462454,-0.0020274449061346077
231.25,0.004594353646495654,-29.95815248205168,-0.00021513838853281437,-0.0020171556068382295
231.5,0.004540659885774789,-29.958655484833653,-0.00021441073578285,-0.0020068667175312436
231.75,0.004487148759327424,-29.959155915444885,-0.00021367731435456403,-0.0019965782414769115
232.0,0.004433821709315813,-29.959653773989103,-0.00021293812430662977,-0.001986290181938461
232.25,0.004380687785725602,-29.96014897749517,-0.00021213224033322906,-0.0019753379425950447
232.5,0.004327756101187424,-29.960641442998533,-0.00021132021190114594,-0.0019643861608646673
232.75,0.0042750281918078415,-29.961131170614024,-0.00021050203907534214,-0.001953434840223128
233.0,0.0042225055936771115,-29.961618160457352,-0.000209677721921271,-0.0019424839841461897
233.25,0.004170196374380128,-29.962102340517504,-0.0002087949540139878,-0.0019309565802697354
233.5,0.0041181086558874785,-29.962583638789255,-0.0002079057154984051,-0.0019194296775905287
233.75,0.004066244055842358,-29.96306205539837,-0.00020701000644566143,-0.0019079032797688646
234.0,0.004014604191870109,-29.963537590471518,-0.000206107826927413,-0.0018963773904649979
234.25,0.0039631961880901906,-29.96401018227566,-0.00020515507826056504,-0.0018843571325065837
234.5,0.003912027215262327,-29.964479769082843,-0.0002041955793237233,-0.0018723374154114663
234.75,0.0038610989609444337,-29.964946351028757,-0.00020322933019364714,-0.0018603182429981389
235.0,0.003810413112675167,-29.96540992825005,-0.00020225633094763594,-0.0018482996190850515
235.25,0.0037599758903347543,-29.965870448634362,-0.00020124028336618554,-0.0018358635512155021
235.5,0.003709793553193421,-29.96632786007372,-0.00020021724936859938,-0.0018234280600831821
235.75,0.0036598678478449815,-29.966782162712793,-0.0001991872290367195,-0.0018109931496401678
236.0,0.0036102005208627215,-29.967233356697257,-0.00019815022245294695,-0.0017985588238384883
236.25,0.0035607969272609444,-29.967681398902894,-0.00019707732936959639,-0.001785778922414751
236.5,0.003511662454670179,-29.96812624620921,-0.0001959972543792014,-0.001772999629940089
236.75,0.003462798898556399,-29.968567898768946,-0.00019490999756816737,-0.0017602209504771627
237.0,0.0034142080543639024,-29.969006356735868,-0.00019381555902347415,-0.0017474428880885843
237.25,0.0033658944516272403,-29.96944158536604,-0.00019269203961373298,-0.0017343862592263607
237.5,0.0033178626461813293,-29.96987354991862,-0.00019156118071249302,-0.0017213302679962527
237.75,0.0032701144728877482,-29.970302250553527,-0.00019042298241022233,-0.0017082749185500627
238.0,0.003222651766585385,-29.970727687431726,-0.00018927744479797613,-0.0016952202150395418
238.25,0.00317547827060314,-29.971149833606184,-0.00018810927941758827,-0.001681949290764781
238.5,0.0031285977486938885,-29.97156866213235,-0.00018693365222965282,-0.0016686790294122133
238.75,0.003082012066297774,-29.971984173176484,-0.0001857505633282193,-0.0016554094352028324
239.0,0.003035723088831352,-29.972396366905897,-0.00018456001280793408,-0.001642140512357578
239.25,0.0029897338124640674,-29.972805223611324,-0.00018335293955834897,-0.001628713244857105
239.5,0.0029440472483341458,-29.97321072358541,-0.00018213831492517533,-0.001615286662313694
239.75,0.00289866528427535,-29.973612866999922,-0.00018091613900558242,-0.001601860768999009
240.0,0.002853589808097077,-29.974011654027702,-0.0001796864118973436,-0.00158843556918466
240.25,0.00280882310752058,-29.974407071662068,-0.00017844592426639587,-0.0015749056227212632
240.5,0.002764367480183855,-29.974799106897716,-0.0001771978259957556,-0.001561376380133647
240.75,0.002720224828734358,-29.97518775991115,-0.0001759421171852699,-0.0015478478457269951
241.0,0.002676397055794505,-29.975573030879954,-0.0001746787979353947,-0.001534320023806435
241.25,0.0026328857789152484,-29.975954912988467,-0.00017341014344199107,-0.0015207369639067116
241.5,0.0025896926208976074,-29.97633339942189,-0.0001721338470594388,-0.001507154623825132
241.75,0.0025468194922011185,-29.97670849036072,-0.00017084990888984082,-0.001493573007884557
242.0,0.002504268303259717,-29.977080185986534,-0.0001695583290359115,-0.0014799921204077886
242.25,0.0024620400392083987,-29.977448485186358,-0.00016826650880930573,-0.001466401599971298
242.5,0.002420135686133417,-29.9778133868476,-0.00016696704124249362,-0.001452811812458962
242.75,0.0023785571558568416,-29.97817489115403,-0.00016565992643943176,-0.0014392227621967241
243.0,0.002337306360174677,-29.978532998290497,-0.00016434516450468856,-0.001425634453510469
243.25,0.002296383688954602,-29.978887712381187,-0.00016303493373082215,-0.0014120783955271147
243.5,0.0022557895290674338,-29.979239037550208,-0.00016171707385896085,-0.0013985230808772951
243.75,0.002215525787774505,-29.97958697398393,-0.00016039158499453268,-0.001384968513876634
244.0,0.0021755943723107143,-29.97993152186981,-0.00015905846724357592,-0.0013714146988406954
244.25,0.002135995113744904,-29.980272690125986,-0.00015773433641296504,-0.0013579314754392391
244.5,0.002096727836534784,-29.980610487670127,-0.0001564026164157566,-0.0013444490032230537
244.75,0.0020577944379587,-29.980944914690557,-0.00015506330735848745,-0.001330967286485174
245.0,0.002019196815268286,-29.981275971376682,-0.0001537164093483015,-0.0013174863295185746
245.25,0.001980934276454811,-29.98160367101929,-0.0001523826462420452,-0.0013041109371030282
245.5,0.0019430061196015374,-29.98192802690828,-0.0001510413536845253,-0.0012907363013046804
245.75,0.0019054142270578805,-29.982249039233345,-0.00014969253178304435,-0.001277362426382786
246.0,0.0018681604811463552,-29.98256670818523,-0.00014833618064550728,-0.001263989316596539
246.25,0.001831243701694764,-29.982881051027377,-0.00014699681299815172,-0.0012507535468591466
246.5,0.0017946626956273424,-29.983192085021972,-0.00014564999359005732,-0.0012375185368873744
246.75,0.0017584193258708197,-29.983499810359486,-0.0001442957225289688,-0.0012242842908965284
247.0,0.0017225154553249143,-29.98380422723144,-0.0001429339999232271,-0.001211050813101854
247.25,0.0016869494497077587,-29.984105356494734,-0.0001415928187034434,-0.0011979834197312082
247.5,0.0016517196591240028,-29.984403219004697,-0.0001402442796739622,-0.001184916787125517
247.75,0.0016168279230125977,-29.98469781495204,-0.0001388883829426658,-0.00117185091944694
248.0,0.0015822760807854505,-29.98498914452851,-0.00013752512861802513,-0.0011587858208575758
248.25,0.0015480620771978456,-29.985277231825556,-0.0001361856918703246,-0.001145912681788463
248.5,0.0015141838389520618,-29.985562100932718,-0.00013483900590136256,-0.0011330403024667724
248.75,0.00148064317833996,-29.985843752040445,-0.00013348507081887306,-0.0011201686869932374
249.0,0.0014474419076263949,-29.986122185340214,-0.00013212388673117015,-0.00110729783946853
249.25,0.0014145775828031625,-29.986397427818737,-0.0001307895239241794,-0.0010946421145461623
249.5,0.0013820477396251063,-29.98666950646055,-0.00012944803358759836,-0.0010819871464665537
249.75,0.001349854159961221,-29.986938421455374,-0.0001280994158287455,-0.0010693329392615985
250.0,0.0013179986256536007,-29.987204172993923,-0.0001267436707555094,-0.0010566794969631304
250.25,0.0012864783351478383,-29.98746679063803,-0.00012541748758464525,-0.0010442617809189815
250.5,0.0012552904647098243,-29.987726303947067,-0.00012408431023125253,-0.0010318448170527918
250.75,0.0012244367628718705,-29.987982713109574,-0.00012274413880198465,-0.0010194286093210237
251.0,0.0011939189781395557,-29.988236018315074,-0.00012139697340405455,-0.001007013161680079
251.25,0.0011637339816184312,-29.98848625139883,-0.00012008185699877345,-0.0009948516323390216
251.5,0.0011338786205188623,-29.9887334441934,-0.00011875989004919296,-0.0009826908488750118
251.75,0.001104354607463715,-29.988977596885743,-0.00011743107266106967,-0.0009705308151632583
252.0,0.0010751636550493488,-29.989218709663778,-0.00011609540494070818,-0.0009583715350789102
252.25,0.001046302336212524,-29.989456816352416,-0.0001147940294288275,-0.0009464820967387482
252.5,0.0010177671984931225,-29.98969195077365,-0.0001134859560187172,-0.0009345933964594647
252.75,0.0009895599163526325,-29.989924113112465,-0.00011217118481502236,-0.0009227054380299196
253.0,0.0009616821642263134,-29.9901533035548,-0.00011084971592292391,-0.0009108182252389133
253.25,0.0009341302449996548,-29.99037955764871,-0.00010956454830684494,-0.0008992146471825944
253.5,0.0009069004348603506,-29.99060291093913,-0.00010827284324126796,-0.0008876117979732358
253.75,0.0008799943681578693,-29.99082336360874,-0.00010697460082952861,-0.0008760096813089348
254.0,0.0008534136792157799,-29.99104091584114,-0.00010566982117548551,-0.0008644083008877297
254.25,0.0008271544279179415,-29.9912556046577,-0.00010440312747744541,-0.0008531023510068853
254.5,0.0008012126463377166,-29.991467467076507,-0.00010313006345151056,-0.0008417971194753451
254.75,0.0007755899270443586,-29.991676503277603,-0.00010185062919952535,-0.0008304926098966685
255.0,0.0007502878625815967,-29.991882713441917,-0.00010056482482384376,-0.0008191888258743572
255.25,0.0007253022958036542,-29.99208613583039,-9.93186764596113e-05,-0.0008081903993992906
255.5,0.0007006290408176747,-29.992286808700506,-9.806633050479518e-05,-0.000797192679602518
255.75,0.0006762696470087912,-29.992484732229368,-9.680778705958234e-05,-0.0007861956699898845
256.0,0.0006522256637370279,-29.99267990659497,-9.554304622465548e-05,-0.0007751993740671789
256.25,0.0006284927417156559,-29.992872371079482,-9.431932656733818e-05,-0.0007645166174137014
256.5,0.0006050665021387652,-29.9930621649615,-9.30895866851625e-05,-0.0007538345547008057
256.75,0.0005819484500502828,-29.99324928841494,-9.185382667650691e-05,-0.0007431531893340049
257.0,0.0005591400904694815,-29.99343374161456,-9.061204664023149e-05,-0.0007324725247187563
257.25,0.0005366369057722148,-29.99361556466032,-8.941245773807614e-05,-0.0007221119544763414
257.5,0.0005144343481963518,-29.99379479764848,-8.820702968503658e-05,-0.0007117520644729273
257.75,0.0004925338775175689,-29.993971440749515,-8.699576257754633e-05,-0.0007013928580115968
258.0,0.00047093695348737595,-29.99414549413472,-8.577865651250602e-05,-0.0006910343383953783
258.25,0.0004496389128643135,-29.99431699853262,-8.46047259267503e-05,-0.0006810009554938616
258.5,0.00042863506179270373,-29.99448599466794,-8.342514011657536e-05,-0.0006709682382648416
258.75,0.00040792681406686494,-29.994652482707494,-8.223989917634734e-05,-0.0006609361899073578
259.0,0.0003875155834574676,-29.9948164628189,-8.104900320088482e-05,-0.0006509048136203962
259.25,0.000367396582747429,-29.994977976183677,-7.990209093184705e-05,-0.000641202212724023
259.5,0.00034756499376150426,-29.995137063979456,-7.874970942330202e-05,-0.0006315002621637307
259.75,0.0003280221837980557,-29.99529372636921,-7.759185876743959e-05,-0.0006217989650333511
260.0,0.00030876952013234325,-29.995447963516682,-7.642853905688712e-05,-0.0006120983244266633
260.25,0.00028980211214299674,-29.99559981689388,-7.530984452855815e-05,-0.000602728798614851
260.5,0.0002711150380289936,-29.99574932796885,-7.418586806909184e-05,-0.0005933599071238355
260.75,0.0002527096182618871,-29.99589649690055,-7.305660976840562e-05,-0.0005839916529414918
261.0,0.00023458717329069863,-29.996041323848676,-7.192206971683951e-05,-0.0005746240390556441
261.25,0.0002167427286016121,-29.9961838504257,-7.083263879226675e-05,-0.000565588679859228
261.5,0.00019917127839272174,-29.996324118240082,-6.973811388982955e-05,-0.0005565539383765149
261.75,0.000181874096147557,-29.99646212744661,-6.863849509708922e-05,-0.0005475198174890585
262.0,0.0001648524553277061,-29.996597878200788,-6.753378250201465e-05,-0.0005384863200783627
262.25,0.00014810131599267868,-29.996731412117434,-6.647451450373346e-05,-0.000529785112948632
262.5,0.00013161560690953933,-29.996862770807315,-6.541034050106618e-05,-0.000521084506416773
262.75,0.00011539655456875109,-29.996991954420924,-6.434126057914612e-05,-0.0005123845032580065
263.0,9.944538543944462e-05,-29.997118963109454,-6.326727482349902e-05,-0.0005036851062475051
263.25,8.375701158991734e-05,-29.99724383836331,-6.223892953517361e-05,-0.0004953170215428863
263.5,6.832631388719813e-05,-29.997366621668817,-6.120586566277712e-05,-0.00048694951989066733
263.75,5.3154471966982064e-05,-29.99748731317207,-6.0168083288954e-05,-0.0004785826039600492
264.0,3.8242665444255916e-05,-29.997605913019832,-5.912558249672625e-05,-0.00047021627642018603
264.25,2.3585774819135252e-05,-29.997722462462136,-5.812878712400995e-05,-0.00046217935600201764
264.5,9.178649569038358e-06,-29.997837002744927,-5.7127459509856805e-05,-0.0004541430007362823
264.75,-4.977577255681203e-06,-29.997949534009813,-5.612159973437243e-05,-0.00044610721318677076
265.0,-1.8881772624741594e-05,-29.99806005639904,-5.5111207878024996e-05,-0.00043807199591722846
265.25,-3.253907217582352e-05,-29.99816861081659,-5.4146463948426335e-05,-0.0004303634354520556
265.5,-4.5954642311072874e-05,-29.998275238162346,-5.31773725642566e-05,-0.0004226554219560833
265.75,-5.91273961765305e-05,-29.998379938573354,-5.220393380304253e-05,-0.00041494795788857226
266.0,-7.205624693766235e-05,-29.99848271218728,-5.122614774265865e-05,-0.0004072410457087391
266.25,-8.474633191071081e-05,-29.998583599466105,-5.0293837925920775e-05,-0.0003998572727794536
266.5,-9.720281884583048e-05,-29.99868264086772,-4.935736345168674e-05,-0.000392474028420229
266.75,-0.00010942466658800504,-29.99877983652456,-4.841672439487394e-05,-0.0003850913149869214
267.0,-0.00012141083400098918,-29.998875186569652,-4.747192083073294e-05,-0.0003777091348353446
267.25,-0.00013316644656849295,-29.998968730936273,-4.6572315662878046e-05,-0.0003706458829680092
267.5,-0.00014469665981222126,-29.999060509553633,-4.566872625255018e-05,-0.0003635831411192311
267.75,-0.000156000477680585,-29.99915052254952,-4.4761152672035964e-05,-0.0003565209115428095
268.0,-0.00016707690414010664,-29.99923877005228,-4.384959499394074e-05,-0.00034945919649250243
268.25,-0.00017793104025466732,-29.999325291388526,-4.298285948971682e-05,-0.00034271157520924665
268.5,-0.00018856801667144405,-29.99941012588083,-4.2112317423250654e-05,-0.000335964445300472
268.75,-0.00019898688175857524,-29.9994932736523,-4.123796886418509e-05,-0.0003292178089194677
269.0,-0.0002091866839016481,-29.99957473482659,-4.03598138824675e-05,-0.00032247166821948323
269.25,-0.00021917248805571288,-29.999654548053947,-3.952601402244957e-05,-0.00031603422923086956
269.5,-0.00022894938825185522,-29.9997327519806,-3.8688582230229496e-05,-0.00030959726293619945
269.75,-0.00023851647651539282,-29.999809346724977,-3.7847518572801323e-05,-0.0003031607713899775
270.0,-0.00024787284488842816,-29.999884332406026,-3.700282311744966e-05,-0.0002967247566466703
270.25,-0.0002570235113999752,-29.999957746935703,-3.62019321974923e-05,-0.00029059155629944773
270.5,-0.0002659735226011302,-30.00002962822201,-3.5397580645014797e-05,-0.0002844588099816793
270.75,-0.00027472201334180084,-30.000099976378692,-3.458976852436478e-05,-0.00027832651965096887
271.0,-0.0002832681184880162,-30.000168791519997,-3.3778495900166756e-05,-0.0002721946872648839
271.25,-0.0002916167991700093,-30.000236110765023,-3.3010400732286144e-05,-0.0002663593453628623
271.5,-0.0002997730444449771,-30.000301971228964,-3.2239012654226836e-05,-0.0002605244388908457
271.75,-0.0003077360310930831,-30.00036637302091,-3.1464331727699416e-05,-0.00025468996971156094
272.0,-0.0003155049359099516,-30.000429316250415,-3.06863580146779e-05,-0.0002488559396877001
272.25,-0.0003230846539707227,-30.000490837196057,-2.995086496975419e-05,-0.00024331169480481808
272.5,-0.00033048010764641524,-30.00055097213256,-2.9212242943877093e-05,-0.00023776786686309756
272.75,-0.00033769051469917193,-30.00060972116438,-2.847049199613593e-05,-0.00023222445763253414
273.0,-0.0003447150929059389,-30.000667084396415,-2.772561218587034e-05,-0.00022668146888308997
273.25,-0.0003515586629183046,-30.000723097225524,-2.7022453069805624e-05,-0.00022142123028870737
273.5,-0.00035822607202156423,-30.000777795044776,-2.6316324922417267e-05,-0.00021616139029948122
273.75,-0.00036471657796494317,-30.00083117795403,-2.5607227800195103e-05,-0.0002109019505949271
274.0,-0.00037102943851181897,-30.00088324605357,-2.489516175986648e-05,-0.00020564291285452853
274.25,-0.00037716939228062086,-30.000934033823413,-2.4223999516014787e-05,-0.00020065930917136286
274.5,-0.0003831412038347995,-30.00098357573986,-2.355002405184781e-05,-0.00019567608594918656
274.75,-0.00038894416987601105,-30.00103187189822,-2.2873235421283192e-05,-0.00019069324477937624
275.0,-0.00039457758711941923,-30.001078922394218,-2.219363367846362e-05,-0.0001857107872532779
275.25,-0.0004000461052702371,-30.00112476076158,-2.1554067910263442e-05,-0.00018099621196849706
275.5,-0.00040535439926777745,-30.00116942053041,-2.0911840460788107e-05,-0.00017628199922824445
275.75,-0.0004105018036981392,-30.00121290179153,-2.0266951381415426e-05,-0.0001715681505381743
276.0,-0.00041548765316029243,-30.001255204636138,-1.9619400723736145e-05,-0.00016685466740391168
276.25,-0.00042031650226624114,-30.00129636162756,-1.9010973032527997e-05,-0.00016240132135354575
276.5,-0.00042499293013292447,-30.001336405325553,-1.8400030817741872e-05,-0.00015794832019179464
276.75,-0.000429516308135553,-30.001375335816515,-1.778657412825278e-05,-0.00015349566534106858
277.0,-0.00043388600766158147,-30.0014131531872,-1.7170603013136894e-05,-0.00014904335822375016
277.25,-0.00043810648272031187,-30.001449889011315,-1.6592802147137487e-05,-0.00014484328916990603
277.5,-0.0004421822110822943,-30.00148557485908,-1.601262944687238e-05,-0.00014064354763923374
277.75,-0.0004461125997947599,-30.001520210812537,-1.543008495875504e-05,-0.0001364441349734273
278.0,-0.0004498970559165672,-30.001553796954077,-1.4845168729388684e-05,-0.00013224505251415434
278.25,-0.0004535399279857799,-30.001586363853182,-1.4297435540719132e-05,-0.0001282901919336193
278.5,-0.000457045587546958,-30.00161794207592,-1.3747468672429524e-05,-0.00012433564182839633
278.75,-0.0004604134761856924,-30.001648531700074,-1.3195268168516881e-05,-0.00012038140346202838
279.0,-0.0004636430354985955,-30.001678132803736,-1.2640834073156917e-05,-0.00011642747809803336
279.25,-0.00046673850429548164,-30.001706774941805,-1.2122566280693463e-05,-0.00011270967529948172
279.5,-0.00046970414363005277,-30.00173448766587,-1.160219838156108e-05,-0.00010899216627037871
279.75,-0.0004725394284808418,-30.001761271049524,-1.1079730417388887e-05,-0.0001052749521987079
280.0,-0.0004752438338368099,-30.00178712516665,-1.0555162429974014e-05,-0.00010155803427242925
280.25,-0.00047782148510480275,-30.00181207855116,-1.0065719186596054e-05,-9.806908795807821e-05
280.5,-0.00048027652916805526,-30.00183615973375,-9.574304798590672e-06,-9.458041907113305e-05
280.75,-0.00048260847324532144,-30.00185936878391,-9.08091930527073e-06,-9.10920287266263e-05
281.0,-0.0004848168245652033,-30.001881705771417,-8.585562746106773e-06,-8.760391803956821e-05
281.25,-0.00048690559201019167,-30.001903198206417,-8.124269009673992e-06,-8.433560542526241e-05
281.5,-0.0004888788051695171,-30.001923873595924,-7.661128466966618e-06,-8.106755427948757e-05
281.75,-0.0004907360023462394,-30.001943732005437,-7.196141155035621e-06,-7.779976564694074e-05
282.0,-0.0004924767218526992,-30.001962773500715,-6.7293071110797085e-06,-7.453224057229795e-05
282.25,-0.0004941048534503685,-30.001981024568696,-6.295457819167269e-06,-7.147634417812841e-05
282.5,-0.0004956243068381768,-30.001998511693298,-5.859881437987812e-06,-6.842069369376409e-05
282.75,-0.0004970346502481602,-30.002015234936117,-5.4225780023871915e-06,-6.536529009618076e-05
283.0,-0.0004983354519210835,-30.002031194359002,-4.98354754734942e-06,-6.23101343623344e-05
283.25,-0.0004995304803972562,-30.002046415429323,-4.576411596414985e-06,-5.9458466583819106e-05
283.5,-0.0005006235233878416,-30.002060923611527,-4.167663668090293e-06,-5.6607029571258916e-05
283.75,-0.000501614177902577,-30.002074718963417,-3.757303795074935e-06,-5.37558242365133e-05
284.0,-0.0005025020409593904,-30.002087801543027,-3.345332010197457e-06,-5.0904851491423214e-05
284.25,-0.0005032907582460764,-30.002100195804605,-2.9641560404524127e-06,-4.824927705886362e-05
284.5,-0.0005039839938594707,-30.002111926199564,-2.5814786289577014e-06,-4.559391867586641e-05
284.75,-0.0005045813724429604,-30.00212299278202,-2.197299806327289e-06,-4.293877719176351e-05
285.0,-0.0005050825186476007,-30.002133395606304,-1.8116196032952532e-06,-4.028385345586945e-05
285.25,-0.0005054909541189027,-30.00214315812253,-1.4556315910945598e-06,-3.7816309887212535e-05
285.5,-0.0005058102181563225,-30.002152303778065,-1.0982481369920755e-06,-3.534896808972912e-05
285.75,-0.0005060399619029558,-30.002160832623456,-7.394692695782645e-07,-3.288182885278934e-05
286.0,-0.0005061798365090605,-30.00216874470944,-3.7929501755522294e-07,-3.041489296574713e-05
286.25,-0.0005062332388030453,-30.002176062493294,-4.7707677621370015e-08,-2.8127409115651736e-05
286.5,-0.0005062035825206269,-30.002182808429662,2.851735892403493e-07,-2.584011320496362e-05
286.75,-0.0005060905441834,-30.002188982565624,6.193487563996314e-07,-2.3553005965628144e-05
287.0,-0.0005058938003196298,-30.002194584948434,9.548177971226614e-07,-2.1266088129575573e-05
287.25,-0.00050561662255473,-30.002199637055938,1.2628037968739396e-06,-1.915080093477323e-05
287.5,-0.0005052622986848216,-30.00220416036345,1.5719866330760966e-06,-1.7035688301032217e-05
287.75,-0.0005048305295038819,-30.002208154914694,1.8823662809946895e-06,-1.4920750905375958e-05
288.0,-0.0005043210158120834,-30.002211620753563,2.1939427157995304e-06,-1.2805989424813875e-05
288.25,-0.0005037369040095063,-30.002214578393748,2.479135723653566e-06,-1.0855158943096559e-05
288.5,-0.0005030813559417899,-30.002217048346505,2.765432833105347e-06,-8.904490102595717e-06
288.75,-0.0005023540955863956,-30.002219030652324,3.0528340212512747e-06,-6.953983527876742e-06
289.0,-0.000501554846926522,-30.002220525351845,3.3413392650994244e-06,-5.003639843492041e-06
289.25,-0.0005006866314534429,-30.002221552011555,3.6045537956103037e-06,-3.209662680850907e-06
289.5,-0.0004997524853915578,-30.002222130195612,3.868783972029385e-06,-1.4158347015490282e-06
289.75,-0.0004987521548320304,-30.002222259941384,4.134029773218412e-06,3.778435198856134e-07
290.0,-0.0004976853858713192,-30.002221941286376,4.400291177957877e-06,2.171371408937017e-06
290.25,-0.0004965550757233036,-30.002221192868323,4.6423452388151426e-06,3.815950191317341e-06
290.5,-0.0004953641356363954,-30.00222003332271,4.885330685864403e-06,5.460391784315517e-06
290.75,-0.0004941123327664752,-30.002218462683906,5.129247499666966e-06,7.104695661067402e-06
291.0,-0.0004927994342742919,-30.002216480986398,5.374095660709632e-06,8.748861294719866e-06
291.25,-0.0004914282140193865,-30.002214105958913,5.595808252235983e-06,1.0251337704903649e-05
291.5,-0.0004900014592120625,-30.00221135532802,5.8183720770983866e-06,1.1753688455205973e-05
291.75,-0.0004885189570462097,-30.002208229125195,6.041787117491867e-06,1.3255913064103364e-05
292.0,-0.00048698049472017826,-30.002204727382036,6.266053355543355e-06,1.4758011050082441e-05
292.25,-0.0004853887239313758,-30.00220086693914,6.468242138403267e-06,1.6125513035365955e-05
292.5,-0.0004837463090598879,-30.00219666463507,6.6712060143264225e-06,1.7492900426596766e-05
292.75,-0.00048205305633447693,-30.002192120498517,6.8749449670758325e-06,1.886017278532224e-05
293.0,-0.00048030877198797255,-30.0021872345583,7.0794589803525025e-06,2.0227329673098938e-05
293.25,-0.00047851598699528346,-30.002182022788773,7.262938106826569e-06,2.1466809252724728e-05
293.5,-0.0004766772443623389,-30.002176501162342,7.44712009994509e-06,2.2706184842467188e-05
293.75,-0.00047479236837431833,-30.002170669705055,7.632004944973614e-06,2.3945456044730545e-05
294.0,-0.000472861183320092,-30.002164528443053,7.817592627121464e-06,2.5184622461927374e-05
294.25,-0.0004708861011181918,-30.002158092507162,7.98317073111365e-06,2.630284904261684e-05
294.5,-0.00046886954508357134,-30.00215137702635,8.149383286671437e-06,2.7420981779083627e-05
294.75,-0.0004668113566050003,-30.002144382024124,8.31623028049792e-06,2.8539020312432826e-05
295.0,-0.00046471137707457884,-30.002137107524078,8.483711699245437e-06,2.965696428377706e-05
295.25,-0.0004625719012269214,-30.00212956783691,8.632190040030876e-06,3.066051908114137e-05
295.5,-0.0004603952345760507,-30.00212177727155,8.781238122967612e-06,3.166398972563654e-05
295.75,-0.00045818123468791856,-30.002113735849086,8.930855936131887e-06,3.266737589497229e-05
296.0,-0.0004559297591314632,-30.002105443590672,9.081043467554363e-06,3.3670677266865116e-05
296.25,-0.00045364298751682274,-30.00209691401086,9.213214222143466e-06,3.456594875874902e-05
296.5,-0.0004513231096345459,-30.002088160622534,9.345893606879383e-06,3.546114533997846e-05
296.75,-0.000448969998328422,-30.002079183444454,9.479081611147844e-06,3.6356266722832855e-05
297.0,-0.00044658352644489887,-30.00206998249546,9.612778224293888e-06,3.7251312619597614e-05
297.25,-0.0004441657606975042,-30.00206057051839,9.729422923186012e-06,3.804449296028722e-05
297.5,-0.0004417187773995342,-30.00205096025449,9.846518627338148e-06,3.883760718945198e-05
297.75,-0.00043924246380084404,-30.002041151720327,9.964065327382707e-06,3.963065505196839e-05
298.0,-0.00043673670715363536,-30.00203114493252,1.0082063013916026e-05,4.042363629271825e-05
298.25,-0.0004342034636533571,-30.00202095188696,1.018395111493447e-05,4.112071861994722e-05
298.5,-0.0004316446985331961,-30.002010584578027,1.0286235971617774e-05,4.1817743198556824e-05
298.75,-0.00042906031260525813,-30.002000043020193,1.038891757578321e-05,4.251470980411132e-05
299.0,-0.00042645020668369884,-30.001989327227978,1.0491995919216314e-05,4.3211618212179586e-05
299.25,-0.0004238162289581219,-30.00197844847532,1.0579883514063881e-05,4.381839478162874e-05
299.5,-0.00042116023611262783,-30.00196741803474,1.0668116877379652e-05,4.442512153673279e-05
299.75,-0.0004184821417059813,-30.00195623591872,1.075669600210501e-05,4.5031798281898276e-05
300.0,-0.0004157818592987151,-30.001944902139783,1.0845620881153679e-05,4.563842482153574e-05
