time_s,x_m,y_m,vx_mps,vy_mps
0.0,0.0,-97.5,0.0,0.12
0.25,8.407356644312874e-06,-97.46999875856761,6.725979024528258e-05,0.12000992511782037
0.5,3.33406650792138e-05,-97.43999524062689,0.00013220746254190117,0.12001821228456365
0.75,7.496305614119882e-05,-97.4099911722061,0.0002007713064592162,0.1200143286173793
1.0,0.0001350182945410925,-97.37998886967421,0.00027966964449927634,0.12000408419923793
1.25,0.00019807838739858787,-97.34940240698643,0.00022525267503240522,0.12468762243343141
1.5,0.00024823951251365416,-97.31764367464845,0.00017647894514352512,0.12938224086868688
1.75,0.00028587300371368845,-97.2847129353526,0.00012503035899997608,0.13406367834873595
2.0,0.00031097516472793134,-97.25061287660343,7.622751727730422e-05,0.13873679624585888
2.25,0.00032246702070326956,-97.21534497943105,1.6147583951016766e-05,0.14340638679750195
2.5,0.00032012666103401773,-97.17891024963482,-3.4430636335716075e-05,0.14807145634092736
2.75,0.000305624049867451,-97.14130991386092,-8.115092887119474e-05,0.1527312342550375
3.0,0.0002789400064018045,-97.1025444761803,-0.000131881977902373,0.1573922719728892
3.25,0.0002405246846073805,-97.06261339924708,-0.00017500087096657807,0.16205634755819345
3.5,0.00019202332170438371,-97.0215168304374,-0.00021257070593583884,0.16671620646136848
3.75,0.00013528172328724887,-96.97925401028444,-0.00024092178605596162,0.17138635743540775
4.0,6.969209052819011e-05,-96.93582491274732,-0.0002833559325807664,0.17604642686224564
4.25,-5.961546698066064e-06,-96.8912312219701,-0.0003214341433300796,0.1807031029455542
4.5,-9.185670014208558e-05,-96.84547217806347,-0.00036528717080286366,0.18536925244195093
4.75,-0.0001868815966754727,-96.79854609163857,-0.0003944717086339744,0.19003944170875198
5.0,-0.0002875399091522599,-96.75045303209798,-0.0004103549324575536,0.19470503611342985
5.25,-0.00039310384081272246,-96.7011947594209,-0.0004337175569519359,0.19936114750573866
5.5,-0.0005049103376129026,-96.650770423298,-0.00046029391920725195,0.20403354398304785
5.75,-0.0006234142332667242,-96.59917758607925,-0.0004872964456602971,0.20870915631272438
6.0,-0.0007465385740461462,-96.5464181890914,-0.0004972592485338211,0.2133660205293221
6.25,-0.0008727717626311572,-96.49249463093552,-0.0005121672699560028,0.21802244612331778
6.5,-0.0010012147140213007,-96.437405772043,-0.0005149364506134404,0.22268842527800545
6.75,-0.0011300458334636758,-96.38115057015544,-0.0005152727289471086,0.22735318985405992
7.0,-0.001261111407145359,-96.32372901204096,-0.0005328119602196186,0.23201927671546213
7.25,-0.0013951336107733898,-96.26514114586146,-0.0005389259302370828,0.23668365329697172
7.5,-0.0015292410305998668,-96.2053878501101,-0.0005334941911743311,0.24134271220178335
7.75,-0.0016611838565819413,-96.14446749412322,-0.0005216074478177792,0.24602013457252675
8.0,-0.00179147521848162,-96.08237989608372,-0.0005202840722828702,0.25068064961867914
8.25,-0.001922498700747045,-96.01912607103898,-0.0005274635824411061,0.25534995141608163
8.5,-0.0020535693604635907,-95.95470660696705,-0.0005206627639981791,0.26000576051819174
8.75,-0.002183085180553828,-95.88912052253235,-0.0005150228527815938,0.26468291442767206
9.0,-0.0023094920844321126,-95.82236569681469,-0.0004957918466442738,0.2693556895005283
9.25,-0.0024310398994469426,-95.75444246392956,-0.00047614998014496696,0.2740301717286523
9.5,-0.002546554571151526,-95.68535294512407,-0.0004475284601635379,0.27868597601686274
9.75,-0.002654688771851316,-95.61509880214936,-0.00041710570326198703,0.283347164912428
10.0,-0.0027560633911424656,-95.54367872708092,-0.00039345132890567224,0.28801343340496494
10.25,-0.0028526656834273927,-95.47109338212066,-0.0003789280647969876,0.29266932490772196
10.5,-0.0029440262383236267,-95.3973413562386,-0.0003515153865432973,0.2973468795643381
10.75,-0.003027942843639759,-95.32242163863263,-0.0003193777469149058,0.30201085825335305
11.0,-0.003103750230153742,-95.24633471964523,-0.00028664072468027164,0.30668449055941005
11.25,-0.0031705362936728368,-95.16908099416676,-0.00024720836955882664,0.3113453095505673
11.5,-0.0032294438692367245,-95.09066157960731,-0.0002236124543316806,0.3160100047003903
11.75,-0.0032820752832739435,-95.01107480981814,-0.00019699818527186988,0.32068415110378923
12.0,-0.0033278188382057055,-94.93031993594985,-0.0001685099066297482,0.3253548371566097
12.25,-0.0033651744791611806,-94.84839792538699,-0.00012989527559350693,0.3300212437056776
12.5,-0.0033931727770091765,-94.76530929428017,-9.365114599142122e-05,0.33468780173167056
12.75,-0.00341220556973239,-94.68105538275005,-5.817225823490473e-05,0.33934348716430646
13.0,-0.0034213968713941705,-94.59563489860057,-1.4917216295451743e-05,0.34402038195336015
13.25,-0.003418595432673496,-94.50904687092681,3.776839939860927e-05,0.34868383446939905
13.5,-0.003403727176777155,-94.4212910639551,8.161876837886218e-05,0.3533626171700571
13.75,-0.0033754158129846432,-94.33236647641111,0.0001453125743312221,0.3580340771768557
14.0,-0.0033305485138652043,-94.24227307637567,0.00021406696823708681,0.3627131166244042
14.25,-0.0032704302862350924,-94.15101205804174,0.00026731838973226247,0.36737502502644725
14.5,-0.0031951818223005463,-94.0585835632427,0.0003351103689737562,0.3720529269743884
14.75,-0.0031044702618770147,-93.9649876256324,0.0003910216310894753,0.3767145686366818
15.0,-0.002998352876694693,-93.87022642439258,0.00045835685869488016,0.38137503493348557
15.25,-0.0028751407506676656,-93.77429784067188,0.0005277812696112034,0.3860536282868212
15.5,-0.0027343633249505895,-93.67720098293402,0.0005988782224367213,0.3907212269129747
15.75,-0.0025769487799780473,-93.57893733997147,0.0006608781400881363,0.39538791094212267
16.0,-0.0024027714047046337,-93.47950656006525,0.0007329812188658363,0.4000583215096887
16.25,-0.002209337022365722,-93.37890737328611,0.0008149348061924355,0.40473516499672146
16.5,-0.0019954015161933805,-93.27714143978338,0.0008969883542425022,0.40939229528907745
16.75,-0.0017611427731094927,-93.17421057561812,0.0009775211935678643,0.4140546104402515
17.0,-0.00150730369989391,-93.07011508653294,0.001053630279018687,0.4187092950656155
17.25,-0.001234406901299668,-92.96485576223384,0.0011299831233836878,0.4233652921285172
17.5,-0.0009397699734604525,-92.85843215204024,0.001227551532456459,0.4280235802215032
17.75,-0.0006216381983595713,-92.75084229416264,0.0013179431691577464,0.4326952742770708
18.0,-0.00028121641178174183,-92.64208397780304,0.0014058720313570312,0.4373712483096927
18.25,8.276716005097127e-05,-92.53215924998274,0.0015064355073594448,0.44202656477155305
18.5,0.0004696568369841428,-92.42107036803839,0.0015891211211204784,0.446684482987625
18.75,0.0008788022418903243,-92.30881724155454,0.0016844811573333565,0.45134051989255275
19.0,0.001312833089804636,-92.19539751876079,0.0017882066203862678,0.4560172526781557
19.25,0.0017732513576836115,-92.08080985916482,0.0018955795811543207,0.46068401396638553
19.5,0.0022591552303611365,-91.96505684061265,0.0019920904587735996,0.4653401253519332
19.75,0.0027700108024777486,-91.84813790006595,0.0020951946092513493,0.4700113893009644
20.0,0.0033072920905930286,-91.73005118478912,0.0022034961598268663,0.47468232270295724
20.25,0.0038726554618373206,-91.61079619226497,0.0023198516889361047,0.47935760652012827
20.5,0.004466306552365782,-91.49037262164387,0.002429797735509405,0.48403094808289915
20.75,0.0050886065359596585,-91.36878101579877,0.002549042611561485,0.4887018874353918
21.0,0.005740218057365345,-91.24602118396903,0.0026642904131737506,0.4933767563367807
21.25,0.006421320342577169,-91.12209419438881,0.0027849675504555793,0.49803914892754364
21.5,0.007132177059295466,-90.99700012812787,0.0029023269851910162,0.502713370095299
21.75,0.007871564236660977,-90.87073775296244,0.0030132110544192976,0.5073856207738016
22.0,0.008639050817156022,-90.74330873606077,0.0031271211429651988,0.5120465037001696
22.25,0.009436759984411106,-90.61471330557852,0.0032549926529107796,0.5167169281020035
22.5,0.01026515444035426,-90.48495092832073,0.0033726029601784287,0.5213820788719877
22.75,0.011125240627012652,-90.35402211340462,0.003508526616651427,0.5260484276419323
23.0,0.01201734522731731,-90.22192755000512,0.003628749642019367,0.530708068219428
23.25,0.012938592709308644,-90.08866689496708,0.0037416705660079557,0.5353771614386552
23.5,0.013889940959751103,-89.95423862759101,0.0038695560500253664,0.5400489655128333
23.75,0.014874231713731716,-89.81864332982711,0.004005209905134302,0.544713403808794
24.0,0.015891126942831606,-89.6818808843923,0.004130392639268139,0.5493861478673819
24.25,0.016939076102614477,-89.54395193825034,0.0042536400844501296,0.5540454096484903
24.5,0.01801947443781966,-89.40485916963216,0.0043899852987807,0.5586967264422538
24.75,0.01913359164740747,-89.26460157487902,0.004523392591110462,0.5633640190050507
25.0,0.020282459763495873,-89.12317835678105,0.004667991651306725,0.5680217121457829
25.25,0.021466549344768878,-88.98058983253608,0.0048051649841823005,0.5726864688812388
25.5,0.022686072923783707,-88.83683645327983,0.004951462632537381,0.5773405513758213
25.75,0.023941354029384056,-88.69191888443149,0.005091225707211428,0.5819999862339995
26.0,0.025231146088860373,-88.54583539961317,0.0052275510665264245,0.5866678794596704
26.25,0.02655507081778859,-88.39858448100928,0.005364287415597985,0.5913394564798365
26.5,0.027914707195078808,-88.25016661852253,0.005513243542214668,0.5960034293704278
26.75,0.029311952801382563,-88.10058318813904,0.0056651609328977155,0.6006639993746651
27.0,0.030747457984893974,-87.94983404488282,0.005819320596177148,0.6053291321409084
27.25,0.03222006935720135,-87.79792032572344,0.005962009161591514,0.6099806076813746
27.5,0.03372961191191301,-87.64484378388545,0.00611477002637986,0.6146317126201324
27.75,0.0352773369874043,-87.4906029720585,0.0062674704605941095,0.6192947675987732
28.0,0.03686467596695578,-87.33519522634754,0.006431682147668341,0.6239671826068601
28.25,0.03849165425824555,-87.17861984981798,0.006584584604235762,0.6286358152139548
28.5,0.04015629697353229,-87.0208790602664,0.006732996229455875,0.6332904872063985
28.75,0.04185922666572243,-86.86197303022306,0.0068908816115492546,0.6379577382549462
29.0,0.04360187008974054,-86.70190191045566,0.0070507047908247205,0.6426112048159563
29.25,0.045385449549025854,-86.54066617749496,0.007218370840372513,0.6472746430620506
29.5,0.04721007856503484,-86.37826466773018,0.007379101188824274,0.6519374199023762
29.75,0.04907650818306304,-86.21469802486024,0.007552775239888966,0.6565957066830834
30.0,0.05098460771308465,-86.04996523264549,0.007712461681496477,0.6612666159796432
30.25,0.05293255584524886,-85.88406514724616,0.007871563735963419,0.6659340522146913
30.5,0.05492103877700003,-85.71700066348747,0.008036738228654763,0.6705818022821269
30.75,0.05694982348456594,-85.5487734884493,0.00819397851752137,0.6752355831986323
31.0,0.05901895351195487,-85.3793827936054,0.008359500849869543,0.6798899599470952
31.25,0.06112919975114924,-85.20882702616197,0.008522909333646555,0.6845561641940423
31.5,0.06327923747995803,-85.03710642622241,0.008677831477008392,0.6892086207162632
31.75,0.06547065212338114,-84.86422137532665,0.008853925665286541,0.6938717698475889
32.0,0.06770679089230207,-84.69017207343191,0.009035623329363309,0.6985226281796693
32.25,0.06998714530731086,-84.51495758954424,0.009207652702180007,0.7031932267027086
32.5,0.07230949165037055,-84.33857781406847,0.009371556982020805,0.7078449616504592
32.75,0.07467329344510996,-84.16103434642129,0.009539296894261537,0.7125027637124054
33.0,0.07707892814865952,-83.98232581495972,0.009706220721779592,0.7171654722423236
33.25,0.07952520239780139,-83.80245238999633,0.00986441267453108,0.7218219125503712
33.5,0.08201183543751758,-83.62141547357407,0.010029090586184357,0.7264734033017257
33.75,0.08453927571453454,-83.43921401884766,0.010190871835774093,0.7311382192568484
34.0,0.08710951555686391,-83.25584660183847,0.010371486933058617,0.7358010997882471
34.25,0.08972440917054507,-83.07131544176924,0.010548100522572311,0.7404481641143467
34.5,0.09238109095949665,-82.88562143411289,0.010705793157795943,0.745103882269075
34.75,0.09507856887826195,-82.69876228618041,0.010874470480703747,0.749769285287676
35.0,0.09781848389180359,-82.51073721776314,0.011045289598248834,0.7544312459456262
35.25,0.10059875327817452,-82.32154817555677,0.011197304326244129,0.7590810773731991
35.5,0.10341700820298647,-82.13119568383932,0.011349174659805481,0.7637388420479059
35.75,0.10627493289562634,-81.93967903662575,0.01151466225962679,0.7683943200584239
36.0,0.10917554085316183,-81.74699817590393,0.01169064104517076,0.7730525491247908
36.25,0.11211901426875066,-81.55315401505084,0.011857584982804698,0.777700721960391
36.5,0.1151020858218318,-81.35814674242782,0.01200742695755329,0.7823574448965366
36.75,0.11812494450152906,-81.16197543753762,0.012175881889953747,0.78701297834314
37.0,0.12118820776280984,-80.96464204465325,0.01233066226266169,0.7916541501390307
37.25,0.12429036320655953,-80.76614643039737,0.012487020810415934,0.7963107491664058
37.5,0.12743202282058855,-80.56648844722856,0.012646694287995773,0.8009531011299101
37.75,0.13061372638875682,-80.36566761871356,0.012807374152525426,0.8056135118411425
38.0,0.1338344283530279,-80.16368367741639,0.012958679962273801,0.810258004270957
38.25,0.13709209135012268,-79.96053735358083,0.013103063371008989,0.8149125728009298
38.5,0.14038571900390356,-79.7562274593994,0.013246397167381935,0.8195665671368667
38.75,0.143716570767499,-79.55075502913071,0.013400855529424239,0.8242128604501688
39.0,0.14708753429002627,-79.34412163107899,0.01356729078841867,0.8288543082720459
39.25,0.15049781182137417,-79.13632786834035,0.013715367608502898,0.833495779676307
39.5,0.15394570059187876,-78.92737382978147,0.01386818063823401,0.8381365143874017
39.75,0.1574313075379667,-78.71725839364836,0.014017113934813901,0.8427869606360144
40.0,0.16095458527809245,-78.50597980447694,0.014169547404937942,0.8474417383638775
40.25,0.16451547559338234,-78.29353957364974,0.014318012993885252,0.852080094256365
40.5,0.16811248242576407,-78.07993782681581,0.01445848100097664,0.8567338671717828
40.75,0.17174428993454158,-77.86517424534794,0.014596417197368192,0.8613747715664796
41.0,0.1754115009683982,-77.64924817588496,0.014741710913231568,0.8660337704389788
41.25,0.17911366357428718,-77.43215992372612,0.014876027843154747,0.8706722341684371
41.5,0.18284968156318077,-77.2139098323764,0.015012555659545727,0.875328483757385
41.75,0.18661811907573814,-76.9944961879417,0.015135383653627961,0.8799806601398878
42.0,0.19041807206498423,-76.77392119439406,0.015264678199609213,0.8846192760513306
42.25,0.19424701814939074,-76.55218577963201,0.015367328998471165,0.8892640323671321
42.5,0.19810352230687653,-76.32928958316796,0.015485142481255777,0.8939055282377649
42.75,0.20198846368402132,-76.1052321511315,0.015594827410226265,0.8985539177128232
43.0,0.20590314595795567,-75.88001313290576,0.015723069274611288,0.9031982160024319
43.25,0.2098462014612603,-75.65363426980281,0.01582181232249969,0.907832679511638
43.5,0.21381210415823174,-75.42609488637322,0.01590584826415257,0.9124823800020069
43.75,0.21779967111947643,-75.19739438893707,0.01599512545120327,0.9171215910700353
44.0,0.22181241394277346,-74.9675332999358,0.016107255759342486,0.9217671103684919
44.25,0.22585037722913356,-74.7365112965944,0.016196888808854247,0.9264089079120392
44.5,0.22991205605280324,-74.50433046928991,0.01629697883555469,0.9310377010873707
44.75,0.23399740069955657,-74.27099125001772,0.01638621629772803,0.9356760446768131
45.0,0.23810431693847256,-74.03649271067559,0.016469551375861216,0.9403122622033753
45.25,0.24222782581296845,-73.80083666231715,0.016518956219740262,0.944936120006165
45.5,0.24636475484122553,-73.5640240339964,0.016576913072268183,0.9495649010957363
45.75,0.2505147507119301,-73.32605253339409,0.016623492226387166,0.9542070993312133
46.0,0.2546777916701724,-73.08692248209151,0.016681272266928934,0.9588333056420011
46.25,0.25885028984762276,-72.8466357674605,0.016699150066207202,0.9634604097205303
46.5,0.26302865588273505,-72.60519142393724,0.01672821577233791,0.9680943357251869
46.75,0.2672139474876701,-72.3625889077508,0.016754554392982506,0.9727257912830659
47.0,0.2714066992898406,-72.11882737330056,0.016787898222033762,0.977366481175249
47.25,0.2756014499147704,-71.87390923702554,0.016770542282685208,0.9819786106612726
47.5,0.2797914973504589,-71.62783787155217,0.016750272855832173,0.9865923150367124
47.75,0.2839755066389763,-71.38061115567196,0.01672223855582216,0.9912214146481229
48.0,0.28815445686458785,-71.13222691851644,0.016709800537461822,0.9958524837687418
48.25,0.2923221676439844,-70.88268600168438,0.01663232216456314,1.000474858192464
48.5,0.2964722709061967,-70.63199060448852,0.016568939557389386,1.005088325350088
48.75,0.30060693200442457,-70.38014162471401,0.01650878501294565,1.0097035185173546
49.0,0.30472837798425956,-70.12713722013012,0.016463219834793902,1.0143317224496875
49.25,0.30882963221596976,-69.87297687414791,0.016347250188444896,1.01895105634177
49.5,0.3129008998672598,-69.6176637531172,0.01622332563414969,1.023553923587582
49.75,0.3169417241179786,-69.36119852418985,0.01610370402818405,1.0281679191093347
50.0,0.3209528696277446,-69.10358188125404,0.015985894129260263,1.0327652354842878
50.25,0.3249249286356165,-68.84481673585879,0.015791011383977593,1.0373559460514015
50.5,0.32884760608292807,-68.58490437473331,0.015590841288529842,1.041942961824388
50.75,0.3327228962647585,-68.32384309185362,0.015411914887416667,1.0465473180823335
51.0,0.33655198913155554,-68.0616313724152,0.015221262268826509,1.0511464553998693
51.25,0.34031991529281713,-67.79827340558091,0.014922578566594801,1.0557173074345079
51.5,0.34401255745214404,-67.5337710641477,0.014618991494592563,1.0603014526535803
51.75,0.34763186317103445,-67.26812355928467,0.014335886372825624,1.0648786129418422
52.0,0.35117846452939383,-67.0013331663788,0.014037355541375937,1.0694445584508072
52.25,0.35463062916843785,-66.73340481789192,0.013580389941517999,1.073982272527234
52.5,0.3579674717057305,-66.46434126819847,0.01311477929178595,1.0785261689184027
52.75,0.361187900604517,-66.19414210826075,0.01264908054040874,1.083067154489727
53.0,0.36429341072663834,-65.92280931482698,0.012195427843452076,1.08759523575112
53.25,0.3672452115776138,-65.65097834465212,0.011418928276529112,1.0870525988564692
53.5,0.3700047895944625,-65.37928193051498,0.010657645971618541,1.0865187860148076
53.75,0.3725712818379673,-65.10771959766932,0.009874241585355013,1.0859799506102756
54.0,0.3749421548722843,-64.8362929566851,0.00909269152537029,1.0854332509483084
54.25,0.3771344957249364,-64.56541278013934,0.008445675020807345,1.0816082224188015
54.5,0.3791652130489075,-64.29548792684342,0.0077997039744291015,1.077790664851167
54.75,0.38103522182460525,-64.02651598084564,0.0071600077267121595,1.0739849634419547
55.0,0.38274537870964115,-63.75849556564821,0.006520888744019521,1.0701784183940022
55.25,0.38431086890881977,-63.491481755030165,0.0060026327560857625,1.065932115411805
55.5,0.3857451529977719,-63.22552839204086,0.0054712406922076875,1.0616948386026184
55.75,0.3870473186541614,-62.96063482453177,0.004945684915164157,1.057453751019747
56.0,0.3882182497012128,-62.69680016713486,0.00442136482361161,1.05322355758874
56.25,0.38927082802675933,-62.433993283347405,0.003998885580722113,1.0492315525424667
56.5,0.39021931848071295,-62.17218591372266,0.0035886606930085516,1.0452274431317243
56.75,0.391065768353936,-61.911376887023614,0.0031825629432289796,1.0412448087477666
57.0,0.3918077192522878,-61.65156556123715,0.0027526673371232333,1.0372458380747882
57.25,0.39245218928724707,-61.392785671170905,0.002402692115473558,1.0329933154510047
57.5,0.39301014227813186,-61.135068776271865,0.0020605310728069254,1.0287418760004494
57.75,0.3934807964721375,-60.878413197668145,0.001704302890825096,1.0245027864146778
58.0,0.39386236706587463,-60.62281782649827,0.001347861928282566,1.0202602165497616
58.25,0.39416365788255736,-60.36821980201862,0.0010621124014045156,1.0165240062280063
58.5,0.3943932025291839,-60.114554670418514,0.0007738934310729657,1.0127970737463714
58.75,0.39455233301071846,-59.86182308536196,0.0004987977015216447,1.0090556326422708
59.0,0.39464325002218814,-59.610025895312305,0.0002281863876487716,1.0053219132683828
59.25,0.39467146050676244,-59.35922552039116,-2.9023320239918984e-06,1.0010811078879254
59.5,0.3946423355495042,-59.109485374063865,-0.00023049717676895025,0.9968400841882247
59.75,0.39455622448343874,-58.86080646236932,-0.00045879194977686637,0.992591230891894
60.0,0.3944110867011428,-58.61318697231258,-0.0007027088103056069,0.9883647125586338
60.25,0.3942172102347676,-58.36660213113407,-0.0008486848522550376,0.9843140306321995
60.5,0.3939866833048307,-58.12103146191848,-0.0009959136571354012,0.9802513369733821
60.75,0.39371815660069875,-57.87647402950335,-0.0011526812140082992,0.976208137127734
61.0,0.3934086353006695,-57.63292873679195,-0.001323871441237709,0.9721542207033264
61.25,0.39306256459261396,-57.39045236778582,-0.0014451183032911984,0.9676567427769421
61.5,0.39268754672495865,-57.14910206315933,-0.0015554500011314846,0.9631457046370279
61.75,0.39228459726110604,-56.90887803354827,-0.0016685699576231747,0.9586465429165196
62.0,0.39185049165229846,-56.669780631317664,-0.0018047005510613318,0.9541326877627381
62.25,0.3913831740720375,-56.43173461144428,-0.0019342075963828685,0.9502354834343544
62.5,0.3908832595407555,-56.19466396420775,-0.0020654769726434177,0.946329706834005
62.75,0.3903491196943932,-55.958568814629764,-0.002208009408515254,0.9424315032278798
63.0,0.38978070124122527,-55.72344866931778,-0.0023397061746164463,0.9385296716843902
63.25,0.38918389459535674,-55.4893443906779,-0.0024351454330865763,0.9343045664327461
63.5,0.38856385558381146,-55.256296007095166,-0.0025255648162318947,0.9300825107539515
63.75,0.38791942323432554,-55.024303477555755,-0.002630292396924046,0.9258577354351685
64.0,0.38725027509976023,-54.7933669318419,-0.0027232909425314753,0.9216346390436313
64.25,0.38655910670357,-54.56344832187437,-0.00280642595416806,0.9177142485346497
64.5,0.3858465422757721,-54.334510144952645,-0.0028944594517607775,0.913791175138995
64.75,0.3851110730602563,-54.106554058781185,-0.0029896652569251433,0.9098575232087445
65.0,0.3843517983333534,-53.87958129766415,-0.0030849034803472728,0.905924574706614
65.25,0.38357953672891637,-53.6536703621103,-0.003093619554937202,0.9013629105459444
65.5,0.3828044004975171,-53.428899499112525,-0.0031079002373842635,0.8968039947826734
65.75,0.38202601480848847,-53.205267567106965,-0.0031196146146668536,0.89225146236627
66.0,0.3812446598337046,-52.982776425002044,-0.0031316565277721533,0.887677675608408
66.25,0.3804572983874972,-52.76134249125387,-0.003167601342020962,0.8837937977658785
66.5,0.37965859575571825,-52.54087888938267,-0.003222385533098405,0.8799150223687879
66.75,0.378846004478696,-52.321384319406036,-0.0032787100068994122,0.8760415427545821
67.0,0.37802030910447176,-52.10285839704437,-0.0033272185223428216,0.8721658407121211
67.25,0.3771884754388733,-51.88534036193495,-0.0033278457259781676,0.8679784402223772
67.5,0.3763564684978468,-51.66886827367143,-0.003328604044501785,0.8637982659572732
67.75,0.37552400077537434,-51.4534417012128,-0.0033315323337840307,0.8596143139878372
68.0,0.37469072266765535,-51.23905921057423,-0.003335085688878357,0.8554456114557485
68.25,0.3738535973932912,-51.02574214046863,-0.003362327199686165,0.8510909519574446
68.5,0.3730078054545052,-50.81351220779677,-0.0034044178534445146,0.8467485133857537
68.75,0.3721532110059552,-50.602369035449776,-0.003432748147223848,0.8423968680612078
69.0,0.37128888986356534,-50.39231540653703,-0.0034822326365369803,0.8380321679061957
69.25,0.37041704039549167,-50.18333839883431,-0.003492963777098655,0.8337838947272702
69.5,0.369542802224477,-49.975425421836775,-0.0035013437406055167,0.8295199220430228
69.75,0.36866538609940464,-49.768577944315645,-0.003518387037625289,0.8252598997329242
70.0,0.3677848662080742,-49.56279518831407,-0.0035261736569993807,0.8210021490138254
70.25,0.3668968126980611,-49.35808749416101,-0.00357866400111485,0.8166594091594214
70.5,0.36599713992741456,-49.15446478112706,-0.0036191272131622467,0.8123222989270397
70.75,0.3650864582324829,-48.951927175444276,-0.0036667360229605084,0.8079785510237968
71.0,0.36416337099319424,-48.75047495370663,-0.0037183711528475825,0.8036392277455707
71.25,0.363231715906633,-48.55010334884035,-0.003735275624473578,0.799333612778426
71.5,0.36229370744451733,-48.35080828605259,-0.003769198262487421,0.795026892721905
71.75,0.36134801711518694,-48.15259063400726,-0.0037967311146251603,0.7907143262365338
72.0,0.36039467593477786,-47.955449595608684,-0.003830403919819981,0.7864139841268101
72.25,0.3594255884274371,-47.75932075114258,-0.003922654296442418,0.7826167802994095
72.5,0.35843396938351835,-47.56414206245402,-0.004010656860829979,0.7788127375060362
72.75,0.35742151474633754,-47.36991453711523,-0.004089339161091449,0.7750074726225078
73.0,0.35638827553296887,-47.176637229472604,-0.0041769326450235645,0.7712109967768696
73.25,0.3553361823401714,-46.984366636847945,-0.004240214441259981,0.766953750186662
73.5,0.35426799968102535,-46.79315959991096,-0.004305647808188486,0.7627025514783173
73.75,0.35318396877887814,-46.60301509115623,-0.004367000183067246,0.7584535243438285
74.0,0.35208279736106485,-46.41393294805881,-0.004442772018249107,0.7542036275793307
74.25,0.35096505011755474,-46.22591452296495,-0.004499607729601261,0.7499437785300196
74.5,0.34983207323724996,-46.03896261241308,-0.004564610285768858,0.7456715120134076
74.75,0.34868206749439434,-45.85307601318093,-0.004635836554499844,0.7414212885589967
75.0,0.3475150476842893,-45.668251811194864,-0.00470072270690714,0.7371723334470759
75.25,0.34633735339694516,-45.48450414721595,-0.004721243159629266,0.7328089803188912
75.5,0.3451560208905146,-45.301846109090434,-0.004729827545818056,0.7284553254945452
75.75,0.34397182241986085,-45.120276422805524,-0.004744170827160996,0.7241021661370236
76.0,0.34278324581698694,-44.9397959370121,-0.004764853291077873,0.7197417221602803
76.25,0.3415887809494479,-44.76040177665449,-0.004791274090136729,0.7154115631915983
76.5,0.34038795159591817,-44.582090260203294,-0.004815769258604131,0.7110805707274427
76.75,0.3391798423754467,-44.40485906993402,-0.004849511200022796,0.7067689546079028
77.0,0.3379628470104109,-44.228706640305674,-0.0048868590626024765,0.7024504859400368
77.25,0.336739976614566,-44.05364369685955,-0.00489651889133166,0.6980530625396757
77.5,0.3355120020281913,-43.879680407375055,-0.004927692812315599,0.69365325627536
77.75,0.3342774195064607,-43.70681684278539,-0.004949382204353977,0.6892552624868239
78.0,0.3330363019717508,-43.53505359304814,-0.0049799735328860855,0.6848507382953783
78.25,0.3317882029309569,-43.364359132855945,-0.005005209860792181,0.6807049456214914
78.5,0.3305327712887875,-43.19470074625437,-0.005038634062467434,0.6765621503423849
78.75,0.3292707939568891,-43.026080954448126,-0.0050575775640739964,0.6723961858935676
79.0,0.328003137336244,-42.85850183867,-0.005084067758509043,0.668236742828938
79.25,0.32673098539144335,-42.69196807625196,-0.005093544300947618,0.6640333574087975
79.5,0.32545571264385803,-42.52648372108914,-0.0051090330957992485,0.659841485354043
79.75,0.3241764267891404,-42.362047460450256,-0.005125649254057851,0.6556486013236699
80.0,0.32289360784037896,-42.19865889709276,-0.005137297453741495,0.6514599066344464
80.25,0.3216091077933356,-42.03636377591396,-0.005139132938432903,0.6469010629690195
80.5,0.320323982620972,-41.87520999601613,-0.005142299686084714,0.6423291765121927
80.75,0.31903779251730185,-41.71519945706526,-0.005147652592179509,0.6377551355994587
81.0,0.3177487210948269,-41.5563307783028,-0.005165348992341751,0.6331942961686765
81.25,0.3164568928512216,-41.398592962772256,-0.005169700112141216,0.6287082284858444
81.5,0.3151640107211036,-41.24197595017504,-0.0051737795460927456,0.6242278726765246
81.75,0.313868852646219,-41.086479876532685,-0.005187908311658842,0.6197407177943999
82.0,0.31256877585235765,-40.93210589748527,-0.0052131295292994415,0.6152511169627906
82.25,0.311267255289623,-40.77886187969578,-0.0051994641661012465,0.6107010240647482
82.5,0.3099668427731192,-40.62675479099416,-0.005204264710987498,0.6061556860008243
82.75,0.3086675022058063,-40.47578506156414,-0.005190889345480318,0.6016021481783385
83.0,0.3073715443219035,-40.32595507191662,-0.005177204265415657,0.5970377677116262
83.25,0.30607472412490705,-40.17727677244809,-0.005197795841329691,0.5923886299779376
83.5,0.30477389074116223,-40.02975960553232,-0.005209308891326094,0.5877487064336748
83.75,0.3034704661795388,-39.88340234492409,-0.0052185252085424315,0.5831093793010547
84.0,0.3021618035660481,-39.73820685377369,-0.005251214768374208,0.5784545529840994
84.25,0.30084823186049153,-39.594174465352374,-0.005257797490636625,0.5738045550070145
84.5,0.2995320367815525,-39.45130398707284,-0.005272201311268304,0.5691592725872877
84.75,0.2982131552616133,-39.3095957894298,-0.00527928974323148,0.5645063092253332
85.0,0.29689042590286446,-39.16904995136437,-0.005302983357525491,0.5598603975319365
85.25,0.2955674301459057,-39.02966802149582,-0.00528142276237606,0.5551950393836929
85.5,0.29424969181998384,-38.89145036191265,-0.005260922347658349,0.5505462353488543
85.75,0.2929365755135113,-38.75439631999379,-0.005244447674510511,0.5458860984487967
86.0,0.29162821122158034,-38.61850665310455,-0.005222905733416503,0.5412312346340891
86.25,0.2903250757329693,-38.48378258889913,-0.005202618670158798,0.536561277096601
86.5,0.28902948842910203,-38.35022553320502,-0.005162519891738707,0.5318951646757578
86.75,0.28774196177234307,-38.217834000455476,-0.005138132733726451,0.5272370950213612
87.0,0.28646117370265256,-38.08660658069512,-0.005108610889123378,0.522582260278145
87.25,0.2851874804094027,-37.95654371035588,-0.005081375155165833,0.5179206998679636
87.5,0.28392168158528824,-37.82764592270185,-0.005045454902987068,0.5132615979776846
87.75,0.28266436080261664,-37.69991240616435,-0.005013550441822135,0.5086065313143462
88.0,0.28141557865087585,-37.573344400091344,-0.0049771471694652234,0.5039375138375876
88.25,0.2801760781921174,-37.44794098023625,-0.004939294884053171,0.4992898414344136
88.5,0.27894524015548483,-37.32370072276295,-0.004907848729506701,0.49463221538716423
88.75,0.27772182612146734,-37.20062413256375,-0.004879902304347994,0.48998050357159056
89.0,0.2765027941886198,-37.078710004030754,-0.004872791567565821,0.4853325240219809
89.25,0.27528521045813953,-36.957959689034226,-0.004868318056860173,0.4806699955284529
89.5,0.2740681491704235,-36.83837463151146,-0.004868611742749179,0.47601046468128977
89.75,0.2728530636085779,-36.719955469975034,-0.004852513013982063,0.4713428260923723
90.0,0.27163878999789287,-36.60270143500445,-0.004862114788227933,0.46668945457758726
90.25,0.2704268737516429,-36.48661140422355,-0.004833654597252669,0.46203078898631644
90.5,0.269219050182935,-36.37168743221353,-0.004829374417210762,0.45736098669033337
90.75,0.2680141453061012,-36.25792822890007,-0.0048103030391338855,0.45271263801923417
91.0,0.26681366782833665,-36.145332045154035,-0.004793955927180973,0.4480568304077993
91.25,0.26561520914562065,-36.033899767410546,-0.004794152643655881,0.44340139155867847
91.5,0.26441806036981397,-35.92363130541679,-0.004783476638634585,0.43874630338477655
91.75,0.2632212307284619,-35.81452848739773,-0.004791600979694996,0.43407624153370755
92.0,0.2620221465794915,-35.70659328842628,-0.004801512778053621,0.4294053511723588
92.25,0.2608292332559861,-35.599819836581126,-0.004742229868642521,0.4247822579996815
92.5,0.25965130604099135,-35.494204252928206,-0.004681625487649018,0.42014240550986964
92.75,0.25848533408379937,-35.38974823953415,-0.004646587507764772,0.41550569833915346
93.0,0.25733060187083723,-35.28644932357607,-0.0045917059638452854,0.41088562415122304
93.25,0.25618304280957566,-35.184298905352186,-0.00458919737425962,0.406317721403356
93.5,0.2550363370852646,-35.083291554540985,-0.004584880091549007,0.40174108467915637
93.75,0.2538913236578444,-34.98342639800236,-0.004575657516883994,0.3971801667603379
94.0,0.2527482715118595,-34.88470148270955,-0.004569189848602695,0.39261915497238736
94.25,0.2516087962754372,-34.78711048736547,-0.004547037463322337,0.38810880569177214
94.5,0.2504747309076189,-34.690648200298966,-0.004525911744371468,0.3835894888484723
94.75,0.24934677425530868,-34.59531573814402,-0.004498167735096604,0.37907020577534967
95.0,0.24822326365859257,-34.50111177130899,-0.004490342299018035,0.3745615281671608
95.25,0.2471057881700513,-34.408022695849695,-0.00444987760838948,0.37015107169219663
95.5,0.24599581637312962,-34.31603670061154,-0.004430313116229767,0.365736888368487
95.75,0.24489091558847934,-34.2251530224836,-0.004409308582664267,0.3613325346747094
96.0,0.24379116583290483,-34.13537281572392,-0.004389106680115226,0.35690911749811505
96.25,0.24269702146679342,-34.046685824562815,-0.004364455933436237,0.3525868094666413
96.5,0.24161032240554664,-33.95908066208655,-0.00432954518416854,0.34825448705207757
96.75,0.24053267049623825,-33.872558444080084,-0.00429207861382617,0.3439232534672722
97.0,0.23946208224712567,-33.78711709125188,-0.004273034435646812,0.33960756736290887
97.25,0.23839877381966978,-33.70274610783065,-0.0042338335891987985,0.3353602963110186
97.5,0.23734208654708655,-33.61943546183236,-0.004220064078841985,0.3311248703770867
97.75,0.23629026878926407,-33.537184877712235,-0.0041948783795971905,0.32687980020939644
98.0,0.2352441842466581,-33.45599631905779,-0.004174198927812102,0.3226286670765278
98.25,0.23420319538609838,-33.375852439420385,-0.004154099267364911,0.3185223681276924
98.5,0.2331664695560598,-33.296735763816535,-0.004140095157550157,0.31441103538279613
98.75,0.23213510458474898,-33.21864668834766,-0.004111212221039665,0.3103015656451313
99.0,0.23110859086132723,-33.14158653601687,-0.004101286346873769,0.3061796520654263
99.25,0.23008295096654705,-33.0655450211654,-0.0041042126607084345,0.302152467022237
99.5,0.22905762611342817,-32.99051309602847,-0.00409876812055412,0.2981029335598382
99.75,0.22803237127747134,-32.91649244092204,-0.004103651683582449,0.29406230775202025
100.0,0.22700816392903664,-32.8434812981668,-0.004090387734561134,0.29002683303936927
100.25,0.22599152786210402,-32.771466411563544,-0.004043071917729626,0.2860922553257829
100.5,0.22498356131131692,-32.700436066783354,-0.004021032280639997,0.28215050083784526
100.75,0.2239813802237807,-32.630390643507376,-0.003996787820783266,0.2782128830841784
101.0,0.2229849047011891,-32.56132764231359,-0.003975386264963976,0.2742911244483639
101.25,0.22199259507866304,-32.493228944159455,-0.003963448448552592,0.2704984596592028
101.5,0.22100420588135358,-32.42607784433029,-0.003944022434355852,0.2667103371426573
101.75,0.22001761928577895,-32.35987302610931,-0.003949027069223476,0.26292820909695
102.0,0.2190323852443664,-32.29461323070946,-0.003933201616974046,0.2591501526098446
102.25,0.21805040727020633,-32.23028397197573,-0.003922967988215138,0.25548391629513134
102.5,0.2170732506290234,-32.1668722191711,-0.0038946316667030838,0.25181010347038624
102.75,0.21610135760548438,-32.1043802345174,-0.0038808600378819605,0.24812577246077444
103.0,0.2151326564216641,-32.04280650268619,-0.003869094813965572,0.24446408107968876
103.25,0.21416838145676315,-31.98213833355535,-0.0038454428489651947,0.24088126973708443
103.5,0.21321113179641898,-31.92236555583106,-0.0038128921415726963,0.2373009489883653
103.75,0.21226072577699473,-31.863486531068826,-0.003790692719366691,0.2337312470165455
104.0,0.21131628707504385,-31.80550235094783,-0.0037651554254899814,0.23014219154374818
104.25,0.2103794376945533,-31.748397588564732,-0.00372996468621089,0.2266959042032219
104.5,0.20945113487481085,-31.69215524487862,-0.003696783576861073,0.2232428421573416
104.75,0.20853176937338874,-31.63677569435792,-0.0036584657819993273,0.2197935583956792
105.0,0.20761960239555502,-31.582259184287256,-0.0036391959295189527,0.21633852035285314
105.25,0.2067083705929091,-31.52858868617085,-0.0036509709940754937,0.21302546568854577
105.5,0.2057956781049482,-31.47574874600352,-0.0036508831428284892,0.20969405564181987
105.75,0.20488253907248244,-31.423740695576374,-0.0036545426239872393,0.20637034812040503
106.0,0.20396677635456592,-31.372564984353964,-0.0036718736919707285,0.2030353432928615
106.25,0.20305250907602396,-31.322204905663185,-0.0036425654432559727,0.19984528347018335
106.5,0.20214474988539474,-31.272642429106664,-0.0036198090533232654,0.1966545268364956
106.75,0.20124160896537294,-31.22387842275059,-0.003605619866678088,0.1934575226743267
107.0,0.2003419440791405,-31.175912259893202,-0.0035919997208165807,0.19027177890065178
107.25,0.19944214284555115,-31.128730592491525,-0.0036067016392570773,0.18718156169886713
107.5,0.19853876115093602,-31.082319505602538,-0.003620641920884091,0.18410713472731843
107.75,0.1976334581434827,-31.03667638978058,-0.0036220716629259716,0.18103779198311398
108.0,0.19672770426588776,-30.99180133715613,-0.0036242494308042997,0.1779626292178444
108.25,0.1958231599357059,-30.94768105117575,-0.0036123847059928446,0.17499965750659185
108.5,0.19492063933131568,-30.90429919908413,-0.003608057882500531,0.17205515881844963
108.75,0.19401888604075063,-30.86165339305689,-0.0036062461359568864,0.16911128922865154
109.0,0.19311721912529067,-30.819745809629705,-0.003607368582593805,0.16614937829465976
109.25,0.19221569046336448,-30.77856188540098,-0.003605127422408169,0.1633220153238368
109.5,0.19131390301511544,-30.738086379406145,-0.0036094400629736673,0.16048203304143535
109.75,0.1904099102190015,-30.69832106074283,-0.003622770350234877,0.1576405175218558
110.0,0.18950261674749952,-30.65926424186259,-0.0036358440493100093,0.15481403475266148
110.25,0.1885941454294371,-30.620905482532738,-0.003632186665861846,0.15205603954134592
110.5,0.18768753825506235,-30.583234549194817,-0.003620929637869726,0.14931142610068437
110.75,0.1867832235509904,-30.546251783786175,-0.003613848422512919,0.1465506965008058
111.0,0.18587920580664016,-30.50995817109426,-0.003618553183310927,0.14379820547805328
111.25,0.18497463440808168,-30.474335633854945,-0.003618264798478496,0.14118209240927346
111.5,0.18406966375854902,-30.439367631303686,-0.0036217475730996014,0.1385619283291799
111.75,0.18316243517684086,-30.405054481868298,-0.003636328114419607,0.13594326852860106
112.0,0.1822513541249651,-30.371395229368044,-0.003652566755770843,0.13333075300440966
112.25,0.1813366262249953,-30.33837577156737,-0.0036654928425526195,0.13082491061965326
112.5,0.18041840027554618,-30.305984811100544,-0.003680552688344043,0.1283027745348205
112.75,0.1794936245644482,-30.274223478668794,-0.0037178902532588624,0.12578788843936947
113.0,0.17856170443886407,-30.24308931569654,-0.0037377068348957094,0.12328541720698542
113.25,0.17762688124952442,-30.21256846093941,-0.003741105479471867,0.12088142117050574
113.5,0.17669085296488135,-30.18264907676003,-0.00374734795316835,0.1184736528530828
113.75,0.17575488706196749,-30.153333476119524,-0.003740607814654393,0.11605115163549465
114.0,0.17481858377913304,-30.124622122176316,-0.0037500459526366133,0.11363968079999857
114.25,0.17388225100714186,-30.09649601578343,-0.0037408304381719762,0.11136916947425839
114.5,0.17294777019588756,-30.06893725367593,-0.003735230052549991,0.10910092685770496
114.75,0.17201567443983568,-30.041945976447032,-0.003721750316210253,0.10682928970260598
115.0,0.17108387062294153,-30.015524012533813,-0.0037328955980017917,0.10454642265391546
115.25,0.17015156252700336,-29.989658628594697,-0.0037257738862119887,0.10237664818755657
115.5,0.16921961360774188,-29.96433492759736,-0.0037300216106948463,0.1002129601916118
115.75,0.16828752002351105,-29.939552358676842,-0.003726931364505373,0.09804759088115633
116.0,0.16735660919078893,-29.915311067589304,-0.0037205595498203577,0.09588273721840623
116.25,0.16642729307193938,-29.89159693984964,-0.003714163056084171,0.0938302840958167
116.5,0.16549938798589908,-29.868395118654316,-0.0037092706786308583,0.0917842850055065
116.75,0.1645725202601376,-29.845704919571503,-0.0037058642659486634,0.08973730733584064
117.0,0.1636445955694655,-29.823528663739566,-0.003717728056407037,0.08767274043816149
117.25,0.16271966880703392,-29.801855730429683,-0.0036818711711571724,0.08571072266030619
117.5,0.16180254612815423,-29.780672818288625,-0.003655295022152566,0.08375257196254142
117.75,0.1608913496697189,-29.75998127128907,-0.0036344627849598018,0.08177980206984742
118.0,0.15998610697946497,-29.73978114825831,-0.003607663541917309,0.07982117964961848
118.25,0.15908461281021702,-29.720058787964415,-0.0036044656459730123,0.07795770240003716
118.5,0.15818409105712872,-29.700802704300795,-0.003599884519714091,0.0760909664770052
118.75,0.15728492509042716,-29.682011385874432,-0.0035936179074755456,0.07423958034308359
119.0,0.15638749921546283,-29.663685504999084,-0.003585965739810412,0.0723674659382476
119.25,0.15549353419640488,-29.6458158032523,-0.0035659221223822437,0.0705901461462946
119.5,0.1546048214133643,-29.628391555696066,-0.0035439486988020257,0.06880383223189065
119.75,0.1537189447496285,-29.61141269884763,-0.003543232271431674,0.0670270224880487
120.0,0.15283543314268713,-29.594879142483627,-0.0035250290724206596,0.0652414267077443
120.25,0.1519560825669945,-29.578777133448384,-0.0035099328189992954,0.06357464415092948
120.5,0.1510784113418116,-29.563093620317606,-0.0035115956257651426,0.06189346105206066
120.75,0.1501992879816337,-29.547830186527776,-0.003521549735874095,0.06021401020506779
121.0,0.1493190637401575,-29.532986511204047,-0.0035204025977998523,0.058535392276626415
121.25,0.14843971013169494,-29.518549114925502,-0.003514574583318273,0.05696377740227612
121.5,0.14756284536296901,-29.50450483987686,-0.0035004920436384553,0.05539042165916472
121.75,0.14668785102042356,-29.490853189984655,-0.003499610635093852,0.05382277739537763
122.0,0.14581255186831027,-29.477592795771013,-0.0035029300258704005,0.05226037662672164
122.25,0.1449408525981613,-29.464717203060776,-0.0034708072054895037,0.05074436202663463
122.5,0.14407525923669257,-29.45221829072978,-0.0034540810030006075,0.049246935044404104
122.75,0.14321295696437145,-29.440096336171983,-0.0034444804535294655,0.047728700512821645
123.0,0.14235346207534358,-29.42835162434533,-0.003431620189478444,0.04622899288794022
123.25,0.1414924936155987,-29.416969344403235,-0.0034562595948672992,0.044829248971844475
123.5,0.1406244949162041,-29.405936533016014,-0.0034878617551871976,0.04343324510539484
123.75,0.139751026095168,-29.395251047749102,-0.00350001930580367,0.04205063817612321
124.0,0.13887221534460478,-29.38491116517045,-0.003530597155104214,0.040668425335997654
124.25,0.1379912868978275,-29.37490981711059,-0.003516955582438817,0.03934235785674003
124.5,0.13711469047814134,-29.365240447272704,-0.0034959412857200663,0.038012598865105204
124.75,0.13624250157019718,-29.355902451076247,-0.0034816946836325295,0.03669136936337845
125.0,0.1353745716681623,-29.346894146086516,-0.003461868773072201,0.035375068685296024
125.25,0.134506523622066,-29.338202011755957,-0.0034826301026267856,0.03416200791657654
125.5,0.1336341924997629,-29.329813740158844,-0.0034961338341684477,0.03294416613346042
125.75,0.1327576047754045,-29.321731376665404,-0.0035166840115758674,0.031714743751544566
126.0,0.13187742700912936,-29.31395659864403,-0.003524854343569738,0.03048348118974663
126.25,0.13099861905501387,-29.306479896770306,-0.0035057181683641227,0.029330131995880734
126.5,0.13012274926334744,-29.2992909082131,-0.003501348572740894,0.028181776049814127
126.75,0.12925014674806493,-29.29238956985544,-0.00347958038021658,0.027028928759130884
127.0,0.12838201473647368,-29.285775981495334,-0.00346558419409731,0.025879776802150763
127.25,0.12751837314276995,-29.279438484163652,-0.0034436485912230238,0.02482019978320457
127.5,0.12665839530995077,-29.2733661119637,-0.00343627428044314,0.023758777121149023
127.75,0.12580072431574887,-29.26755863269597,-0.003425193532934581,0.022701055975981023
128.0,0.12494594519333244,-29.262015332204975,-0.0034131391160057106,0.0216453468154802
128.25,0.12409315805263225,-29.256729313606687,-0.0034092526665592455,0.020642801604407814
128.5,0.12324120784057356,-29.251691274883562,-0.0034064416831345147,0.01966150791556186
128.75,0.12238986308382159,-29.246900049100574,-0.003404410147462289,0.01866829815680971
129.0,0.12154094613164644,-29.24235859896948,-0.0033870203574301767,0.01766330125242484
129.25,0.12069275382135443,-29.238060236074105,-0.0033986068558878044,0.016723603002952503
129.5,0.11984336716589962,-29.23399656681592,-0.0033965749448708065,0.01578575087094996
129.75,0.11899401919564692,-29.23016680007749,-0.0033982969514672326,0.01485238319883262
130.0,0.11814295035519227,-29.226569291165838,-0.0034103410890001123,0.013927689229900845
130.25,0.11729109710281992,-29.22319574731964,-0.0034045668101771033,0.013060660995279992
130.5,0.11644327811710842,-29.220040858037812,-0.003378068386435062,0.01217845076102482
130.75,0.11560104566418536,-29.217106305635845,-0.0033598743842275566,0.011297966739389128
131.0,0.11476260114999302,-29.214391616586546,-0.003347764681595877,0.010419544513287934
131.25,0.1139249662479578,-29.211886762307003,-0.003353390117122045,0.009619290253418029
131.5,0.11308711167475692,-29.2095826113718,-0.003349522533590595,0.008813916863554299
131.75,0.11225095540909756,-29.20747826194478,-0.0033398024936465943,0.008020877636204335
132.0,0.1114157658269186,-29.205574408241656,-0.0033417907519165233,0.007209952176225403
132.25,0.11058168256617297,-29.20386716214885,-0.0033309473033092266,0.006448015543903608
132.5,0.10974753369876046,-29.202350032326535,-0.0033423153275873763,0.005689024106409103
132.75,0.10891160328088716,-29.201023684182932,-0.0033452004871085124,0.004921761314439671
133.0,0.10807452025441298,-29.199886927022867,-0.0033515345185695846,0.004172296563249968
133.25,0.10723564377525238,-29.198930201598507,-0.003359542576902327,0.003481507586648467
133.5,0.10639593704694354,-29.19814677051569,-0.0033581769623291036,0.0027859409471279574
133.75,0.10555662324712407,-29.197535965199176,-0.003356398194134886,0.0021005014173035236
134.0,0.10471781695141927,-29.19709900817548,-0.0033541188062047598,0.0013951545573559375
134.25,0.10387779772527395,-29.196830272074617,-0.003366095516435279,0.0007547353787433392
134.5,0.10303395854659968,-29.19672231864424,-0.0033846789382728512,0.00010889381632398073
134.75,0.10218722390759838,-29.19677556053044,-0.003389258999708574,-0.0005348284741096556
135.0,0.10133767671946835,-29.196990717445992,-0.003407180074155249,-0.0011864251606889076
135.25,0.10049007341592926,-29.1973600914851,-0.0033737013747404394,-0.0017685703085455295
135.5,0.09964901142766866,-29.19787421210205,-0.0033548489551171335,-0.002344396404480708
135.75,0.09881228843598507,-29.19853259009279,-0.0033389896283176623,-0.0029226290166548823
136.0,0.09798204522819046,-29.199335370395275,-0.0033030105656049777,-0.0034996167953622818
136.25,0.0971589268566449,-29.200277953261566,-0.003281987584902728,-0.004041048117006916
136.5,0.09633900731797157,-29.201353799231644,-0.003277418322033215,-0.004565720074427826
136.75,0.09552280081147622,-29.202560593969796,-0.0032522831617212804,-0.005088640200552752
137.0,0.09471143326653056,-29.203898846537815,-0.0032387071776964595,-0.005617381623566115
137.25,0.09390404811700667,-29.20536150572962,-0.0032204181306864843,-0.006083893635168596
137.5,0.09310189316769775,-29.206943783503384,-0.0031968678308142975,-0.006574330775264112
137.75,0.09230445487777664,-29.208647550515067,-0.003182684009956883,-0.007055806655441876
138.0,0.09151249395938982,-29.210472873051472,-0.0031530497527531556,-0.007546776429723693
138.25,0.09072523923812716,-29.212412841339216,-0.00314502832513352,-0.007972970628489113
138.5,0.08994127039065862,-29.214457774065032,-0.0031267615671580337,-0.008386492900213855
138.75,0.08916137907661804,-29.216605237180865,-0.0031124074157806744,-0.008793213379756245
139.0,0.08838380986061613,-29.218855596861438,-0.0031081856998840043,-0.009209664462845091
139.25,0.08760942268910263,-29.221205603900703,-0.0030869476915031504,-0.00959039385362616
139.5,0.08683994553070627,-29.223653415846748,-0.0030689075721833754,-0.009992103415562163
139.75,0.08607631409709034,-29.226201579463496,-0.0030401818353082435,-0.010393208226714466
140.0,0.08532045686187384,-29.228848052487347,-0.0030067125003416266,-0.010778579119625733
140.25,0.0845679924859822,-29.231590559066493,-0.0030130387266246346,-0.011161472917081623
140.5,0.0838137986529497,-29.234427465761268,-0.003020547159617498,-0.011533779933245994
140.75,0.08305756177863748,-29.237358105304928,-0.0030293835520333805,-0.011911335582927356
141.0,0.0822965750250948,-29.240384222229686,-0.0030585470150119383,-0.012297597065612684
141.25,0.08153124867552353,-29.243497702990865,-0.003064093380960305,-0.01261024850088714
141.5,0.0807663110361215,-29.246691025540166,-0.0030554386000450078,-0.012936332709467058
141.75,0.08000122995910766,-29.24996400788682,-0.0030652394778727756,-0.013247525139734387
142.0,0.07923451250769467,-29.25331735837499,-0.003068531533991696,-0.013579278455225371
142.25,0.07846894142055744,-29.25674930601368,-0.0030560652893137736,-0.013876303829655637
142.5,0.07770593769215745,-29.260255671468233,-0.0030479927854333315,-0.014174620567840747
142.75,0.076944789290369,-29.263837857978313,-0.0030412236127872957,-0.01448287215100316
143.0,0.07618730897108487,-29.267495845772768,-0.003018647173388982,-0.014781032333142818
143.25,0.07543433059834427,-29.271224209890608,-0.003005204899173421,-0.015045881876921607
143.5,0.07468376376976052,-29.27501760233646,-0.0029993539266117224,-0.015301258241523341
143.75,0.07393680415731388,-29.278875409471738,-0.0029763476000223845,-0.015561201009733927
144.0,0.07319500868284341,-29.28279809068616,-0.00295804073775096,-0.015820250431630687
144.25,0.07245835164943434,-29.286781925250537,-0.0029352373486768338,-0.016050428233302095
144.5,0.07172774276115003,-29.29082163333137,-0.0029096543155170108,-0.016267238825331373
144.75,0.07100068359472476,-29.29491550618481,-0.0029068395444669776,-0.016483744267574
145.0,0.07027407789417292,-29.299065474345273,-0.0029060280735060625,-0.01671600109262312
145.25,0.06954967083065382,-29.303266144279018,-0.00288924489492125,-0.016889359959654425
145.5,0.06883034618493519,-29.307509212653333,-0.002865368020399758,-0.01705518928597798
145.75,0.06811806092939222,-29.31179455079525,-0.0028329303852410786,-0.01722751890756959
146.0,0.06741229333115521,-29.316122511981117,-0.0028132264143252827,-0.017396172437100666
146.25,0.06670852508023872,-29.320491770840423,-0.002816934953192848,-0.017557898087703177
146.5,0.0660050548719813,-29.32490337625937,-0.0028108435175810205,-0.017734945838185176
146.75,0.06530288313327064,-29.329358208490262,-0.002806546415857311,-0.017903712414101578
147.0,0.06460253418372215,-29.33385426932708,-0.0027962604776791164,-0.01806477525022603
147.25,0.0639043903321579,-29.33838382467028,-0.002788900524462724,-0.01817166818925264
147.5,0.06321049214737591,-29.34294174990639,-0.002762296384895541,-0.01829173620789125
147.75,0.06252354033981831,-29.34752860344464,-0.002733328684429322,-0.018403094829196123
148.0,0.061841627066526274,-29.352143289200374,-0.0027219881041983638,-0.018514392285837126
148.25,0.06116421194111515,-29.356786245855496,-0.0026973438375771535,-0.018629263278629307
148.5,0.06049202332013989,-29.361458964424223,-0.002680176855364729,-0.018752486889700243
148.75,0.05982569310077221,-29.36616135106762,-0.0026504757656900814,-0.018866609057711987
149.0,0.059164434309225994,-29.37089425215595,-0.0026396069281619506,-0.018996600673640302
149.25,0.05850798865756797,-29.375651093925484,-0.002611964191725865,-0.019058136088804734
149.5,0.05785962691985978,-29.380424493044874,-0.002574936500456176,-0.019129060357293847
149.75,0.057219642848794015,-29.385214464509886,-0.0025449419832242726,-0.019190714190693032
150.0,0.05658730772473896,-29.390020200047253,-0.00251374518760597,-0.019255173049511774
150.25,0.05596227321148162,-29.394839831635483,-0.002486535422224261,-0.01930188222165275
150.5,0.055343672963687744,-29.399672183257387,-0.002462271849323831,-0.0193569330411809
150.75,0.054731382017247324,-29.404518311804335,-0.0024360610211299986,-0.019412097805559206
151.0,0.054125375473508625,-29.409379395036407,-0.002411997504244328,-0.01947657031975286
151.25,0.05352091198811465,-29.414254747882335,-0.002423715159575387,-0.019526251342909955
151.5,0.05291359903346852,-29.419142548885503,-0.002434793279767642,-0.019576155637971
151.75,0.05230384745656565,-29.4240400301298,-0.0024432220293018384,-0.019603693521714264
152.0,0.05169297720543341,-29.42894415537511,-0.0024437424924787583,-0.0196293083916829
152.25,0.05108533536940635,-29.433855543518803,-0.002417395356215093,-0.019661799241887604
152.5,0.050484717957486706,-29.438775838720243,-0.002387547690114687,-0.019700565183671453
152.75,0.04989081679104244,-29.443706455143545,-0.0023636658662596005,-0.019744368454332754
153.0,0.04930267054997147,-29.448648760441397,-0.002341508842867498,-0.01979407601746373
153.25,0.048720290279428355,-29.45360029086045,-0.0023175356862134887,-0.01981816959514563
153.5,0.04814311704951471,-29.4585558495486,-0.0022998510121305764,-0.019826301577375686
153.75,0.04757041721935623,-29.46351559183251,-0.00228175010953831,-0.019851638400497904
154.0,0.04700345883322176,-29.468481158576502,-0.0022539190746334696,-0.019872898175349298
154.25,0.04644173441620816,-29.47344920106279,-0.002239876214159519,-0.019871443038952104
154.5,0.0458835180336865,-29.478415410050854,-0.002225853689612795,-0.019858230187602716
154.75,0.04532858903450587,-29.483379912905235,-0.002213578351477861,-0.019857793804786507
155.0,0.044776185882217996,-29.48834405356,-0.0022056467231257562,-0.01985533218112251
155.25,0.04422646563214413,-29.493304489613024,-0.002192112803377592,-0.019828157519060724
155.5,0.043680626231929934,-29.498257925502735,-0.0021745997679130007,-0.019799331249733612
155.75,0.04313752294320285,-29.50320546627368,-0.0021702249000789143,-0.01978099533030014
156.0,0.04259561783602417,-29.508147082417793,-0.0021650133041659376,-0.019751934313966726
156.25,0.042058911896665975,-29.51308291040027,-0.0021286326710490207,-0.019734692975851627
156.5,0.041529581329866956,-29.518013984306553,-0.0021060099877004946,-0.019713900407268142
156.75,0.04100539576761356,-29.522937589878577,-0.002087470921544798,-0.019674945916811844
157.0,0.040485328115690424,-29.52785204817366,-0.002073067150381972,-0.019640721801837496
157.25,0.03997185325047375,-29.532757127501483,-0.00203472800635423,-0.01959991643536852
157.5,0.03946674912372425,-29.53765392856926,-0.002006102691692511,-0.019574494805657358
157.75,0.03896728057949204,-29.542543769838655,-0.0019896428893476036,-0.019544236901349026
158.0,0.038471906061472695,-29.547427442777607,-0.0019733515343681074,-0.01952514814621852
158.25,0.037982093869582685,-29.55230004433224,-0.0019451395283957306,-0.01945566695068479
158.5,0.037499228503392226,-29.557155418205543,-0.001917777035221206,-0.019387326615494527
158.75,0.037021944439470544,-29.5619918480039,-0.0019004877071291848,-0.019304113401416613
159.0,0.03654978565054296,-29.566809774230954,-0.0018767765690656814,-0.019239298650515806
159.25,0.03608195918471652,-29.57160767733394,-0.001865826240724915,-0.019143927205785873
159.5,0.03561625499797246,-29.57638241529074,-0.0018597988471859448,-0.01905397701688089
159.75,0.03515241727766593,-29.581134056577266,-0.0018508940495240557,-0.018959154114864575
160.0,0.03469295047572103,-29.585863236093793,-0.0018248324379924903,-0.018874284474465774
160.25,0.034238650370329304,-29.590570914184784,-0.00180956026195913,-0.018787141693362222
160.5,0.03378758635066839,-29.595257424225426,-0.0017989442174420776,-0.018704939632660175
160.75,0.03334048265747606,-29.59992444362735,-0.0017778784490755997,-0.018631217568853567
161.0,0.03289798192643343,-29.60457272549409,-0.001762120287893252,-0.018555038850733653
161.25,0.032457966845783254,-29.60920306889181,-0.0017579940797880034,-0.018487708720026447
161.5,0.032018255589091875,-29.613814070055533,-0.0017596878031942843,-0.018400300430080358
161.75,0.03157909152429565,-29.618405345566956,-0.0017536181484487775,-0.018329904233520003
162.0,0.03114055456287386,-29.622979268101982,-0.0017546711616341808,-0.01826147594742102
162.25,0.030704709959386425,-29.627533628466345,-0.0017320774330085004,-0.01817340909762682
162.5,0.030273063311532577,-29.632067338693858,-0.0017210885465227003,-0.018096273758501858
162.75,0.02984651573022012,-29.636582551161755,-0.0016912854929215498,-0.018025428794522878
163.0,0.02942569623431501,-29.641080176457024,-0.001675263955802867,-0.017955575078132835
163.25,0.0290103195944316,-29.64555442770209,-0.0016477381859262394,-0.017838437477554304
163.5,0.02859938115595884,-29.64999940898031,-0.0016397583545200512,-0.01772141350055556
163.75,0.028192508287625907,-29.654414349530366,-0.001615213032423217,-0.017598113214064123
164.0,0.0277922807218794,-29.658798283966487,-0.0015865957962514685,-0.017473364972953462
164.25,0.027395317514199675,-29.663153246901544,-0.001589099838163238,-0.01736633827139801
164.5,0.026997002510805942,-29.667478805612184,-0.0015974081652290791,-0.017238130630408993
164.75,0.026597592532174304,-29.671774309016524,-0.0015978611462388985,-0.01712589656158585
165.0,0.026196977800064178,-29.67604218070555,-0.0016070465150851063,-0.017017076084645526
165.25,0.025799663441079083,-29.68027933693725,-0.0015714555134556112,-0.016880177124478223
165.5,0.025409472582596668,-29.68448335513973,-0.001550059329443349,-0.01675197051261671
165.75,0.0250266322881905,-29.688654572324882,-0.0015126504346079787,-0.016617770495523942
166.0,0.024651672531420348,-29.692793952483314,-0.001487016318993442,-0.01649727318873505
166.25,0.02428083056842464,-29.696902556785716,-0.001479707592178334,-0.016371561919578424
166.5,0.023911381260719726,-29.700980810529458,-0.0014758758889296642,-0.01625446839159004
166.75,0.023542812622455406,-29.70502995671383,-0.0014726623615780052,-0.016138701386346904
167.0,0.023175499468793367,-29.709048828966385,-0.0014658310071529387,-0.016012277278155303
167.25,0.022811683868085277,-29.713038854800228,-0.001444684018933289,-0.015907931386332425
167.5,0.022453746928487388,-29.717000523242046,-0.0014188000045448226,-0.0157854185885646
167.75,0.022101313558373793,-29.72093279351698,-0.0014006563898547701,-0.0156727453214974
168.0,0.02175463926591056,-29.72483750777937,-0.0013727278443344856,-0.01556497141074763
168.25,0.021409380520670353,-29.728710116709102,-0.0013893281181478914,-0.01541589846201081
168.5,0.02106117009417724,-29.732546702330268,-0.0013963422338956863,-0.015276785846008294
168.75,0.020710084999932866,-29.73634981390801,-0.001412326444156325,-0.015148105268930323
169.0,0.020355353101421367,-29.74012075797104,-0.00142551667062436,-0.015019445991729335
169.25,0.0200018872961595,-29.743863998663855,-0.0014022010633043549,-0.014926481748996384
169.5,0.01965575773223075,-29.747583171407772,-0.0013668261152169684,-0.014826903537511808
169.75,0.019318761659716646,-29.751278211942495,-0.0013291337055399467,-0.01473342429392075
170.0,0.018990332368978943,-29.754950216696827,-0.0012982921115147856,-0.014642616648491591
170.25,0.018669056892812546,-29.75859734645205,-0.0012719015487460228,-0.014534423881423059
170.5,0.018354525196993016,-29.76221783881941,-0.0012443421775177722,-0.01442951765579921
170.75,0.018045624187773498,-29.765814409873137,-0.0012268577936720292,-0.01434305242247797
171.0,0.017741939705011492,-29.769388292166337,-0.0012026091561920498,-0.014248008209284777
171.25,0.01744639710652404,-29.772936114543295,-0.001161720984416248,-0.014134574661348518
171.5,0.017159783045995573,-29.77645300912704,-0.0011311789130392538,-0.01400058488814483
171.75,0.01688234671500703,-29.77993865925164,-0.0010883008460388722,-0.013884620151247636
172.0,0.01661443762388318,-29.783393816924185,-0.0010549598601896533,-0.013756644372519871
172.25,0.016351567349868135,-29.786816100748585,-0.001047989644465544,-0.013621626879797354
172.5,0.016088733726281678,-29.79020399186137,-0.001054666175170592,-0.013481501393039635
172.75,0.01582525160036372,-29.7935586021599,-0.0010531789836420546,-0.013355381135421649
173.0,0.015562755217759138,-29.796882217013987,-0.0010467806317836703,-0.013233538300512625
173.25,0.01530357201902646,-29.800178552029507,-0.0010266759114121635,-0.013137143719121027
173.5,0.015049285363408937,-29.803449442003803,-0.0010076072705581807,-0.013029977873018482
173.75,0.014800594731993518,-29.80669509106253,-0.0009819088864495796,-0.012935217019659946
174.0,0.01455728526931703,-29.809916135129804,-0.000964557229745254,-0.012833137154457556
174.25,0.014315191967662658,-29.813110745347615,-0.0009721789085647954,-0.012723743869477416
174.5,0.014071351469858042,-29.816277700632487,-0.0009785345679778337,-0.012611897810259442
174.75,0.013827716245548533,-29.819415624285973,-0.0009705359135692229,-0.01249149217174129
175.0,0.01358577601903682,-29.822522524230205,-0.0009649738896632525,-0.012363707906486568
175.25,0.013343119085386719,-29.825599898600647,-0.0009762713962841261,-0.012255285991910073
175.5,0.013098914821075286,-29.82865053206229,-0.0009773528102670905,-0.012149781599277579
175.75,0.012852374265567238,-29.831673250813903,-0.0009949605655945031,-0.01203196675354104
176.0,0.012602094701313694,-29.834667117136764,-0.0010072653343905472,-0.011918962669254551
176.25,0.01235277382107299,-29.837633513473435,-0.000987291682716546,-0.011812209907248308
176.5,0.012108812929513678,-29.840572845972314,-0.0009643851407779951,-0.011702452243442813
176.75,0.011871159043548542,-29.843485029482853,-0.000936835856048697,-0.011595018438237143
177.0,0.011640830518408246,-29.846368695615126,-0.0009057810018019624,-0.011474313547831065
177.25,0.011419051083470869,-29.849226063294992,-0.0008684460578999322,-0.011384631411053475
177.5,0.011205107403311482,-29.852059783690358,-0.0008430940369481884,-0.011285134142092283
177.75,0.010996596947669414,-29.854869295745665,-0.0008249807631373331,-0.011190964008081204
178.0,0.01079482453484085,-29.8576549194274,-0.0007891894326712463,-0.01109402882021312
178.25,0.010597934431631297,-29.86041043674351,-0.0007859178557627968,-0.010950110017104742
178.5,0.01040316341767874,-29.863129904068835,-0.0007722366653528985,-0.01080562987539109
178.75,0.010209519437280714,-29.86581275776682,-0.0007769012146942197,-0.010657199268701113
179.0,0.010014075014910698,-29.868461327164805,-0.0007866423308690281,-0.010531354996779914
179.25,0.009820281044921912,-29.871077412253992,-0.0007636968238971838,-0.010397327880024494
179.5,0.009632801567553312,-29.873660493280433,-0.0007361267681094112,-0.010267322930814195
179.75,0.00945275029135748,-29.876212646478688,-0.0007042724000996867,-0.010149905658473323
180.0,0.009277734019361033,-29.878732909144667,-0.0006958448205750507,-0.010012196463906203
180.25,0.009105143388976002,-29.881222295593282,-0.0006848699452261899,-0.009902896159726308
180.5,0.008936234436039088,-29.88368298717117,-0.0006663903673077654,-0.00978263820565818
180.75,0.008770820383377426,-29.88611400457023,-0.0006569110367738934,-0.00966550188053683
181.0,0.008607691721749407,-29.888517798136625,-0.0006481087925979959,-0.009564847480481873
181.25,0.00845047266611175,-29.890895064656124,-0.0006096331597970133,-0.009453288303008987
181.5,0.008302475092954365,-29.89324405645269,-0.0005743366409219003,-0.009338649397315142
181.75,0.008163595908446194,-29.89556306050844,-0.0005366850475178314,-0.009213386598479345
182.0,0.008033007800563327,-29.897852033873942,-0.0005080089957243667,-0.009098403029146896
182.25,0.007905148085827951,-29.900113395745183,-0.0005148587571990173,-0.008992491294982972
182.5,0.0077748438573160645,-29.90234623642731,-0.0005275635651613791,-0.008870232964211662
182.75,0.00764145784083023,-29.904549111224735,-0.0005395135130550115,-0.008752764288544861
183.0,0.007504301351934847,-29.90672157224893,-0.0005577265555898893,-0.00862692218787722
183.25,0.00736644410005,-29.90886408653782,-0.000545120759124377,-0.00851319331173067
183.5,0.007233316807191582,-29.910976999818224,-0.0005198860011809731,-0.008390115310630386
183.75,0.007104702789476218,-29.913059944970172,-0.0005090151615603845,-0.008273446929848915
184.0,0.006980825838822771,-29.9151128792583,-0.00048198882766352564,-0.008150029923241705
184.25,0.0068570932747878096,-29.917134740100586,-0.0005078599027932095,-0.008024854375931513
184.5,0.0067254725727104855,-29.919125961413474,-0.0005450944267089563,-0.007904912616689939
184.75,0.006584973980191127,-29.9210879682036,-0.000578883609240458,-0.007791138518643229
185.0,0.006436069438505237,-29.92301999244206,-0.0006123408605864343,-0.0076650522346996645
185.25,0.006281197214680077,-29.924920120770103,-0.0006266247851364415,-0.007535973042932043
185.5,0.006124358782121736,-29.926789057945054,-0.000628071344442455,-0.0074155242202845134
185.75,0.005965897080998005,-29.92862919784903,-0.000639611925611728,-0.007305593923466901
186.0,0.005805928725821645,-29.930441286348863,-0.0006401241481657586,-0.007191114026880447
186.25,0.005645545822923647,-29.93222657441302,-0.0006429296798075495,-0.007091190221861979
186.5,0.005485241637960721,-29.933987732696874,-0.0006394950467190063,-0.006998076372800503
186.75,0.005325878936783045,-29.93572488503677,-0.0006353972606817817,-0.006899142732692191
187.0,0.00516903609461106,-29.93743770382938,-0.000619336475970898,-0.0068034091224310825
187.25,0.0050185327938344,-29.93912577218255,-0.0005846803124246346,-0.006701140970334616
187.5,0.0048763023416511925,-29.940788844928345,-0.0005531541168702081,-0.006603443968356394
187.75,0.004743194209267597,-29.942425016824355,-0.0005116998846951737,-0.006485935108055412
188.0,0.0046192875573883,-29.944033439853833,-0.00047954349945378717,-0.006381452159480346
188.25,0.004503420231608838,-29.945620741264758,-0.0004473890451675782,-0.0063169621594567175
188.5,0.004395468161908391,-29.947190497320715,-0.0004162203763660357,-0.006241089226823073
188.75,0.004293428545758863,-29.948740816397805,-0.0004000890621317238,-0.006161464910755285
189.0,0.004197269145570324,-29.9502719179264,-0.0003691791671889795,-0.006087350232199912
189.25,0.004101594215757245,-29.951782665124323,-0.00039621192154081126,-0.005998624802511963
189.5,0.003999837389219513,-29.95327162239716,-0.00041783463724304594,-0.005913031341587386
189.75,0.003892178460013096,-29.954739159918176,-0.00044342872766861736,-0.005827266413511958
190.0,0.003778203098215936,-29.95618463173126,-0.00046836562797795636,-0.005736505740093742
190.25,0.0036641594535575363,-29.957604165920976,-0.00044397254163307904,-0.005619770077447156
190.5,0.003555124954593853,-29.958994826519433,-0.0004282926956017726,-0.005505516188541697
190.75,0.0034502118508546397,-29.960357616515076,-0.00041100190178511477,-0.005396805406788264
191.0,0.0033505989186438066,-29.96169419629274,-0.00038589205231069737,-0.005295835181881273
191.25,0.0032539854109033934,-29.963011373334936,-0.0003870109099610313,-0.005241581050183633
191.5,0.0031572191077068605,-29.964315363582756,-0.00038711470014608275,-0.005190340922598957
191.75,0.0030611262067913292,-29.965604524687812,-0.0003816221687518756,-0.005122948435679396
192.0,0.002966229076656585,-29.966877072146215,-0.00037754871054738017,-0.005057431615619418
192.25,0.0028727140021415536,-29.968129829474723,-0.0003705631509278124,-0.004964627671048807
192.5,0.0027795269021058497,-29.96935969771393,-0.00037492514980588066,-0.004874317831365561
192.75,0.002687162727356734,-29.970567546444855,-0.00036398016947140747,-0.004788473047914629
193.0,0.002594750959310228,-29.971753051874853,-0.00037530523067183915,-0.004695569324347373
193.25,0.0025020498051096796,-29.972915185002993,-0.00036629514853130655,-0.004601496550237747
193.5,0.0024089194414062274,-29.974053813400406,-0.000378738916727286,-0.004507529455845884
193.75,0.002313512287325888,-29.975168873916697,-0.00038450941456633314,-0.004412954130450301
194.0,0.0022186792494634272,-29.976261134919252,-0.0003741466238576677,-0.004325134867001676
194.25,0.0021256142801933655,-29.977333529809027,-0.0003703664408784196,-0.004254024607589278
194.5,0.0020340403231008724,-29.978388049851052,-0.0003622184528622981,-0.004182136496798063
194.75,0.0019450876343125422,-29.979424726019115,-0.000349396390726507,-0.0041112740565636035
195.0,0.00186034320377939,-29.980443168757724,-0.00032855199565646684,-0.004036269817529326
195.25,0.0017819102085601742,-29.981441144391624,-0.00029890361296609443,-0.003947538048933192
195.5,0.0017098025418896075,-29.98241635626421,-0.00027794892809832836,-0.003854158907374435
195.75,0.0016413096831069738,-29.98336818469502,-0.00026998512001242403,-0.0037604692899324012
196.0,0.0015767058844249613,-29.9842972352281,-0.0002468369329216308,-0.003671937157144228
196.25,0.0015142703860634267,-29.985205311461883,-0.00025263959081293165,-0.0035926721660385834
196.5,0.0014498941916441593,-29.98609305603496,-0.00026236211291182755,-0.003509283501940833
196.75,0.0013820052012344542,-29.986960201124507,-0.0002807421460346627,-0.0034278754815581635
197.0,0.001311686855017689,-29.98780848260793,-0.00028179808252763895,-0.0033583762862944852
197.25,0.0012429196212789824,-29.98864153260867,-0.0002683348626753417,-0.003306024988927446
197.5,0.001177557110318333,-29.989462718204262,-0.0002545612225183118,-0.0032634610744109735
197.75,0.001116944963145616,-29.99027159882767,-0.00023033069664689696,-0.0032075861973138602
198.0,0.0010619690782233896,-29.991069167680962,-0.0002094731275717302,-0.0031729665954943133
198.25,0.0010096462673314982,-29.991856810112928,-0.00020910514476005614,-0.0031281728948983727
198.5,0.0009559118297094478,-29.992632884754645,-0.00022076586294037022,-0.0030804231394547825
198.75,0.0008985075300694652,-29.993397642020867,-0.00023846450911635926,-0.0030376333216742455
199.0,0.0008382038997706745,-29.994153176932066,-0.00024396162136871598,-0.0030066454496509966
199.25,0.0007771101112311515,-29.99490034409048,-0.0002447853069867136,-0.002970691739972158
199.5,0.000716431422027272,-29.99563920747744,-0.0002406413430592658,-0.0029402157464019953
199.75,0.000656312362752759,-29.996368412724674,-0.00024030672941737478,-0.002893426263028279
200.0,0.0005979726060450383,-29.997087315986455,-0.00022640797482247857,-0.0028578011416172315
200.25,0.0005428703946014934,-29.997796343929203,-0.00021440563587707214,-0.002814423531939297
200.5,0.0004896545378174151,-29.998495306804823,-0.00021131772497500164,-0.002777279764156116
200.75,0.00043896984988166157,-29.999183825497457,-0.0001941554112137328,-0.0027308713949736304
201.0,0.0003915547121419926,-29.99985951804835,-0.00018516039957812164,-0.0026746698602447333
201.25,0.00034550951229116086,-30.000524588103435,-0.00018319849328668627,-0.0026458907653955435
201.5,0.0002997518460244809,-30.00118148558107,-0.00018285939334145067,-0.002609289087667647
201.75,0.00025427818134890354,-30.001829689000186,-0.0001809268247342657,-0.002576338447442888
202.0,0.00020738012713211976,-30.002470319979835,-0.00019425501150228318,-0.0025487081331570646
202.25,0.00016060087849178472,-30.003100486610865,-0.00017997369767506306,-0.002492626261544503
202.5,0.00011746307513473895,-30.003715191673738,-0.00016512236171656119,-0.0024250156416572633
202.75,8.00943562077809e-05,-30.004314282061323,-0.00013382199290903527,-0.0023677104100335877
203.0,4.803092953354087e-05,-30.00489837659113,-0.000122679517662532,-0.002305046878951073
203.25,1.5375986333750258e-05,-30.00546735597111,-0.00013855454035518593,-0.0022467866641820633
203.5,-2.0482545728043435e-05,-30.006021751012373,-0.00014830821457991687,-0.0021883727463480737
203.75,-5.8747837767545344e-05,-30.006560851183444,-0.00015780809908657296,-0.0021244277265852593
204.0,-9.789394140040859e-05,-30.00708508680089,-0.0001553555536109546,-0.002069457444209347
204.25,-0.00013430328769720222,-30.007599211229955,-0.00013591677906095808,-0.0020435398210153955
204.5,-0.00016563364982102768,-30.008105284171037,-0.00011472249369593636,-0.0020050457058141636
204.75,-0.0001936317807403862,-30.00860416229304,-0.00010926076059302488,-0.0019859797851436082
205.0,-0.0002179846480739812,-30.009096163644752,-8.555879291414107e-05,-0.0019500332632084764
205.25,-0.0002384506839555255,-30.009579988758386,-7.816671944371594e-05,-0.0019205683427825273
205.5,-0.00025735519298638633,-30.01005513338298,-7.306558656598017e-05,-0.0018805891349182471
205.75,-0.0002752035835518186,-30.010522026661928,-6.971908652794093e-05,-0.0018545574121679653
206.0,-0.00029148161117839637,-30.010982632377647,-6.050284906699531e-05,-0.0018302891825119042
206.25,-0.0003074320986231902,-30.011432401117236,-6.709516719608823e-05,-0.0017678601126904971
206.5,-0.0003245582461912644,-30.011867535811632,-6.990886432240512e-05,-0.0017132171771933266
206.75,-0.0003411345253667098,-30.012288220385237,-6.269562466551645e-05,-0.001652260091700439
207.0,-0.0003571112388462072,-30.012694282788452,-6.511280401827411e-05,-0.0015962389061420375
207.25,-0.0003748769491671049,-30.01308393998383,-7.700578947886718e-05,-0.001521017535595955
207.5,-0.00039630617625194075,-30.013455242505007,-9.442127858101117e-05,-0.001449400991882375
207.75,-0.0004205901102926091,-30.013809740044522,-9.984427471986565e-05,-0.0013865788129510444
208.0,-0.00044614268899404667,-30.014149797277238,-0.0001045713903750034,-0.0013338786030859821
208.25,-0.0004694816757105612,-30.014481970259386,-8.21395292856184e-05,-0.001323507368973077
208.5,-0.0004869088037608078,-30.01480973042893,-5.7275147392644256e-05,-0.0012985763316030238
208.75,-0.0004993280562176362,-30.015132666908222,-4.2077586433617186e-05,-0.0012849169355876634
209.0,-0.0005075089855377658,-30.0154505747867,-2.336734448882213e-05,-0.0012583478562304274
209.25,-0.0005149120771614505,-30.0157632635293,-3.5855957851155856e-05,-0.0012431609071156446
209.5,-0.0005234151724493242,-30.01607230214815,-3.216748470456719e-05,-0.0012291483914114824
209.75,-0.0005331955444941154,-30.016375359921188,-4.607230315030133e-05,-0.0011953124819550688
210.0,-0.0005465651010862694,-30.016671704073293,-6.088227807506542e-05,-0.001175439338583502
210.25,-0.00056167885627928,-30.016961825201882,-6.0024945996577e-05,-0.0011455297709327603
210.5,-0.0005775397475709772,-30.017245072796737,-6.68598223723959e-05,-0.0011204503434920562
210.75,-0.0005930768074873058,-30.017520920450522,-5.743344272663163e-05,-0.0010863317755045554
211.0,-0.0006084260631521918,-30.017787659258822,-6.535695131557838e-05,-0.001047577943849458
211.25,-0.0006234448598660774,-30.01804686253904,-5.479139506545293e-05,-0.001026049294047579
211.5,-0.0006374381744228454,-30.018300610236416,-5.7153038402730065e-05,-0.0010039320623084396
211.75,-0.0006502918508250424,-30.01854682195326,-4.567277624793914e-05,-0.0009657627548042559
212.0,-0.0006625563208346483,-30.01878576599883,-5.244110265185153e-05,-0.0009457889716121178
212.25,-0.0006745341630882532,-30.01902180749309,-4.338133134030176e-05,-0.0009425438366294102
212.5,-0.000685809473555704,-30.019255393589077,-4.681960807488464e-05,-0.000926144607081204
212.75,-0.0006956661617327538,-30.019484728505926,-3.203223878082154e-05,-0.0009085361218861976
213.0,-0.000702005922817188,-30.01971123422404,-1.8685377126545095e-05,-0.0009035108813837033
213.25,-0.0007064564666760208,-30.019934648993637,-1.6917116805017092e-05,-0.000883807442111537
213.5,-0.0007109994683225012,-30.02015172226815,-1.942397166949536e-05,-0.000852778517646877
213.75,-0.0007175064288620044,-30.02036182136893,-3.2629378785006754e-05,-0.0008280130435784754
214.0,-0.0007275758186988233,-30.020566206895698,-4.792376697328185e-05,-0.0008070697285858275
214.25,-0.0007392736696589218,-30.020767614246918,-4.565877101024747e-05,-0.0008041892947373877
214.5,-0.0007499405395403254,-30.020966691732866,-3.967470406170487e-05,-0.0007884311570190757
214.75,-0.0007604153955177043,-30.021163150673445,-4.412365600324017e-05,-0.0007832399481721505
215.0,-0.0007706673214885069,-30.02135877061765,-3.789161012011771e-05,-0.0007817201930192663
215.25,-0.000775339850341154,-30.02154594093681,5.176080646446111e-07,-0.0007156459815385826
215.5,-0.00077331588927361,-30.021716734409022,1.5680203638576395e-05,-0.0006507032256957204
215.75,-0.0007657020611698849,-30.02187079508811,4.5236920058569884e-05,-0.0005817849936260358
216.0,-0.0007515487716127042,-30.022010527974548,6.799370773258345e-05,-0.0005360802434098771
216.25,-0.0007339656056471538,-30.022143643849244,7.267230474089354e-05,-0.0005288471952902582
216.5,-0.000715807707467804,-30.0222731910291,7.259289337388579e-05,-0.000507530236060711
216.75,-0.0006952704777472867,-30.02239788050077,9.170660163021675e-05,-0.0004899873393363111
217.0,-0.0006706141911545488,-30.022518398380697,0.0001055451875493833,-0.000474157004801838
217.25,-0.0006485792030495134,-30.02263399259353,7.073694240467948e-05,-0.0004505934161420346
217.5,-0.0006328375234154037,-30.02274566563768,5.5197232947035326e-05,-0.0004427894719503665
217.75,-0.0006207115729503394,-30.022854803012656,4.1811549448648834e-05,-0.00043030826586871036
218.0,-0.0006124230006145159,-30.0229604953824,2.4498452240012777e-05,-0.000415229059794203
218.25,-0.0006052544564593725,-30.023062688273477,3.285111970635777e-05,-0.00040231485633236615
218.5,-0.0005966988596922615,-30.023161454996036,3.559502245955293e-05,-0.0003878191828334431
218.75,-0.0005868764572197521,-30.023257917701816,4.2984569982501404e-05,-0.0003838831600956661
219.0,-0.0005746683738837468,-30.02335207596569,5.46814656426123e-05,-0.0003693840537026937
219.25,-0.0005612458107673098,-30.023439420561658,5.2702813745357574e-05,-0.0003293725275152563
219.5,-0.0005459454414617179,-30.02351544038081,6.970491231973723e-05,-0.0002787876286401503
219.75,-0.0005279092774375202,-30.023579659680717,7.458853417099468e-05,-0.00023496723106674572
220.0,-0.0005077183514422092,-30.02363283040793,8.694307886871421e-05,-0.00019039975144450667
220.25,-0.00048792667096808444,-30.023676827799967,7.139308542929291e-05,-0.0001615779188208652
220.5,-0.00047128690918347033,-30.023714302452372,6.172721385937941e-05,-0.00013821838909845312
220.75,-0.00045836693875097646,-30.023743543295858,4.163655971556633e-05,-9.570646464130678e-05
221.0,-0.00044990920716568697,-30.02376401088563,2.602790341012891e-05,-6.803278194592765e-05
221.25,-0.00044574608228965535,-30.02377993838849,7.2779115372842304e-06,-5.938547319437031e-05
221.5,-0.0004470357063751345,-30.023791205309802,-1.759220442841315e-05,-3.0747552532820606e-05
221.75,-0.00045408728674835373,-30.02379779849835,-3.881961458006888e-05,-2.1995954504237038e-05
222.0,-0.00046666030747077885,-30.023801408758402,-6.176312844403958e-05,-6.883962777161565e-06
222.25,-0.000480589204798925,-30.023803421154398,-4.966827230807448e-05,-9.216345514636983e-06
222.5,-0.0004905455558435411,-30.023805931519956,-2.9982693401762856e-05,-1.086843490633025e-05
222.75,-0.0004956592410655433,-30.023807121389858,-1.0925637450445962e-05,1.3476789784385746e-06
223.0,-0.0004967330611579345,-30.02380587755652,2.3357604561643382e-06,8.601737465916374e-06
223.25,-0.0004953033058717277,-30.023803892854755,9.102156999209784e-06,7.275238700139702e-06
223.5,-0.0004938019516920571,-30.023803014776085,2.9079671923000635e-06,-2.500253655901547e-07
223.75,-0.0004921241725292776,-30.023802004578055,1.0515075392064357e-05,8.330892396696048e-06
224.0,-0.0004880743767244882,-30.023799606547346,2.1883529412171925e-05,1.0852281452625626e-05
224.25,-0.00048400684547471773,-30.023793619368742,1.0659190814488014e-05,3.7046205598433065e-05
224.5,-0.0004826805780508646,-30.023778727610086,-4.480456381296074e-08,8.208887284008462e-05
224.75,-0.00048244883483710603,-30.023752800727973,1.9028267313279094e-06,0.00012532600041999925
225.0,-0.00048126209899174486,-30.023718094294644,7.593605695462483e-06,0.00015232492968608806
225.25,-0.00047999347267260544,-30.023675489690213,2.558816833558019e-06,0.00018851238043946094
225.5,-0.00048106280467670096,-30.023624578718326,-1.1110619702144974e-05,0.00021877668341824556
225.75,-0.0004871621228687842,-30.02356548321492,-3.768060689363462e-05,0.00025398984889272514
226.0,-0.0004998508579060906,-30.023497489070458,-6.382588360503402e-05,0.00028996577181543057
226.25,-0.000517280546048035,-30.02342084465331,-7.560849185683293e-05,0.00032319067625621097
226.5,-0.0005362630702757045,-30.023334982281778,-7.62478849723609e-05,0.00036370835628568506
226.75,-0.0005569664239306859,-30.02323913043754,-8.937523299412885e-05,0.0004031076352792344
227.0,-0.0005805220859320164,-30.023134582477542,-9.906722240487244e-05,0.0004332769584522189
227.25,-0.0006068436825411341,-30.023025922129534,-0.00011150529728982524,0.0004360069982771196
227.5,-0.0006359822646761154,-30.02291594074454,-0.0001216026254778387,0.00044384503367926684
227.75,-0.0006678007374651426,-30.022803141524996,-0.0001329437755525345,0.0004585497919219468
228.0,-0.0007017300837161622,-30.022688663265328,-0.00013849111990186545,0.0004572768084344839
228.25,-0.0007385257120314889,-30.022575304595655,-0.00015587463682973176,0.00044959418787320554
228.5,-0.0007776227789852155,-30.022463892519376,-0.0001569026490864549,0.0004417025192851244
228.75,-0.0008173909321248281,-30.02235577630963,-0.00016124432422195753,0.0004232275679901834
229.0,-0.0008581383929998049,-30.02225132528038,-0.00016473639191829167,0.0004123809952900507
229.25,-0.0009012371867564341,-30.022146380109742,-0.00018005256960111957,0.00042718181380762687
229.5,-0.000947947976888927,-30.022038435144598,-0.00019363289179898322,0.0004363791877027804
229.75,-0.000997003111426384,-30.021926950119838,-0.00019880638948740177,0.00045550149814554177
230.0,-0.0010475937050977214,-30.021811014002587,-0.0002059168136107998,0.0004719881102352054
230.25,-0.0011009267750663545,-30.021693062559724,-0.0002207477889216674,0.00047162483093057226
230.5,-0.001156215946667826,-30.02157409406188,-0.00022156479150263827,0.00048012322884732103
230.75,-0.0012132045731886166,-30.021451958406345,-0.00023434264209808145,0.0004969632201221542
231.0,-0.001273273832755866,-30.021327548981414,-0.0002462113167648007,0.0004983132983303445
231.25,-0.0013325900384965033,-30.021202736370437,-0.00022831816210065785,0.0005001859025183798
231.5,-0.0013889055431039455,-30.021076953401074,-0.00022220532832732437,0.0005060772760989706
231.75,-0.0014439846015082026,-30.020949786427618,-0.00021842665926315256,0.0005112581552911443
232.0,-0.0014964318761214225,-30.020822262437086,-0.0002011517653320913,0.000508932140288885
232.25,-0.0015458157805673196,-30.020697926097494,-0.00019392166301717052,0.000485757894781041
232.5,-0.0015950034378909301,-30.0205792392074,-0.0001995816795122363,0.00046373775959345127
232.75,-0.001644721182455586,-30.020463819298907,-0.00019816067305487213,0.00045962137437069374
233.0,-0.00169369388243506,-30.02035075585234,-0.00019362232389741668,0.00044488577028984445
233.25,-0.001738146894914921,-30.02023780957136,-0.0001620004823852039,0.0004586814962547828
233.5,-0.0017760246534061137,-30.020122666212423,-0.00014102123504500653,0.0004624633972864969
233.75,-0.0018103672299256694,-30.020007292598827,-0.00013371956537606243,0.0004605248230671336
234.0,-0.0018428891780161744,-30.01989164353799,-0.00012645563402671165,0.00046466697878367604
234.25,-0.0018779360904570142,-30.01977391933759,-0.00015391849616106234,0.0004771292135967947
234.5,-0.0019197919332664538,-30.019653389847925,-0.00018092731208796018,0.00048710925012919497
234.75,-0.001967805731301624,-30.01952845468167,-0.0002031806978841398,0.0005123741779797271
235.0,-0.0020208391949870577,-30.019399624183567,-0.00022108646408230324,0.0005182714949987288
235.25,-0.0020745361611899608,-30.019269311030868,-0.00020848871212185123,0.00052423253885297
235.5,-0.0021243339717656375,-30.019136129546844,-0.00018989217909205108,0.0005412175800450177
235.75,-0.0021698823836479204,-30.018999790948932,-0.00017449434334898398,0.0005494897515449479
236.0,-0.002211771274158671,-30.018861072134815,-0.00016061577206577564,0.0005602594529207265
236.25,-0.0022487964133983394,-30.018723016055976,-0.00013558686311247658,0.0005441868180616197
236.5,-0.002279973232284829,-30.018590084549828,-0.00011383004278212435,0.0005192631798878309
236.75,-0.0023063092319758564,-30.018463332949526,-9.686027026244379e-05,0.0004947480225914274
237.0,-0.002328692742572385,-30.01834057717835,-8.220852059977367e-05,0.00048729676545067666
237.25,-0.002349457914604579,-30.018215234516152,-8.39102051780015e-05,0.0005154446925621267
237.5,-0.0023723050413375136,-30.018082754531417,-9.886408273955563e-05,0.0005443965951704354
237.75,-0.0023981105956075435,-30.01794423053454,-0.00010757852654390481,0.0005637962014469249
238.0,-0.002425978353704686,-30.017799874714274,-0.00011536097308561947,0.0005910510943922596
238.25,-0.0024561662959676667,-30.017649893056948,-0.00012614089617172917,0.0006088031805567783
238.5,-0.002488834357414773,-30.01749521690157,-0.00013520173352474314,0.0006286069167426877
238.75,-0.0025246351238237042,-30.017334748616207,-0.00015120190183851828,0.0006551408746692442
239.0,-0.0025650519941911552,-30.017168776594325,-0.0001721314179975386,0.0006726372736469169
239.25,-0.0026086136509688683,-30.016999416499946,-0.00017636093747778987,0.0006822438801422366
239.5,-0.0026539736508137206,-30.01682851169306,-0.00018651880911125276,0.0006849955326239301
239.75,-0.002699603356940033,-30.01665791786855,-0.00017851934134538574,0.0006797543092710893
240.0,-0.0027448937380402157,-30.01648802173769,-0.00018380374667051216,0.0006794152358030082
240.25,-0.002786657708794186,-30.01631857922204,-0.00015030833655685764,0.0006761217313997371
240.5,-0.0028202389331463394,-30.01614997081232,-0.00011834178222606959,0.0006727425325181654
240.75,-0.0028475289549672374,-30.015982619230954,-9.99790259496102e-05,0.0006660683871680999
241.0,-0.0028687968359997957,-30.015816883659824,-7.016461544009242e-05,0.0006598133709540241
241.25,-0.0028889249952285733,-30.015653345642942,-9.086172892829089e-05,0.0006484927154232143
241.5,-0.0029151339113212696,-30.015493358499878,-0.00011881121485134854,0.0006314070641817895
241.75,-0.0029475686924139216,-30.015338092748177,-0.00014066898937203226,0.0006107210101978163
242.0,-0.0029835210278568564,-30.015185809640162,-0.00014694999941200466,0.0006075444460665155
242.25,-0.0030205168431607426,-30.01503456278759,-0.00014901701107749893,0.0006024305693861821
242.5,-0.003056615481609868,-30.01488288117012,-0.00013977129233366247,0.0006110214986899268
242.75,-0.003090848106450479,-30.014730279814753,-0.0001340898280871068,0.0006097888086114043
243.0,-0.003123103182973552,-30.014578456509316,-0.00012395125991899647,0.0006047966790288519
243.25,-0.003152719587800372,-30.01442883001514,-0.00011298116971346988,0.0005922142401253729
243.5,-0.0031816134740569094,-30.01428310051518,-0.00011817167782505011,0.0005736222489584423
243.75,-0.0032092169086181946,-30.014140012640713,-0.00010265604283389926,0.0005710792839445667
244.0,-0.003233993802550919,-30.013999370124736,-9.556071716320561e-05,0.0005540601749319512
244.25,-0.0032573273669527685,-30.013861265208025,-9.110811116053314e-05,0.0005507787389683854
244.5,-0.0032796567721052505,-30.013724311349094,-8.752769242757196e-05,0.0005448517949044925
244.75,-0.003303041072603643,-30.013587250900777,-9.954607597234716e-05,0.0005516329247216064
245.0,-0.003328434085125816,-30.013449529902452,-0.00010359816945120824,0.0005501354439016097
245.25,-0.0033508408138033167,-30.0133148964717,-7.565785143556392e-05,0.0005269293678695098
245.5,-0.003366975314241635,-30.013183735027937,-5.34185854469579e-05,0.0005223600854981563
245.75,-0.003377739114073801,-30.013054918186327,-3.269315252776302e-05,0.000508172693365502
246.0,-0.003382399296642093,-30.012928476638535,-4.588762786735723e-06,0.0005033570392979551
246.25,-0.0033825359503869665,-30.012804594733133,3.4940564103532714e-06,0.0004876974418728468
246.5,-0.003380538915284,-30.012684855437616,1.2480576579940921e-05,0.0004702160749862485
246.75,-0.0033763163596801614,-30.012569288449892,2.129837014089661e-05,0.00045431899546862696
247.0,-0.003369448063275046,-30.0124582572712,3.364607984431345e-05,0.0004339292699189193
247.25,-0.0033587344888565984,-30.01235346180695,5.2059736265215175e-05,0.00040443270801821587
247.5,-0.00334435552025029,-30.01225434690361,6.297051137331572e-05,0.0003884854900280877
247.75,-0.0033287644290279235,-30.012159494901102,6.175650925126613e-05,0.00037033064446947473
248.0,-0.00331128439303519,-30.012069490146473,7.808183697064947e-05,0.0003497058534049042
248.25,-0.0032939786564281717,-30.011980498191527,6.0365239575200765e-05,0.00036223145648348135
248.5,-0.00328022364881547,-30.011888411089146,4.96759770416626e-05,0.000374466370343296
248.75,-0.003267937293505205,-30.0117911360377,4.86176267879144e-05,0.00040373414101342814
249.0,-0.003256238545154661,-30.011685894585337,4.4975611143107626e-05,0.0004381978212456385
249.25,-0.00324726801692285,-30.011576498739547,2.6788500449189703e-05,0.00043697065976116287
249.5,-0.0032403123207523665,-30.01146985016119,2.8855113433839694e-05,0.00041621777225043344
249.75,-0.0032354395981536543,-30.011367778986656,1.0125172432718581e-05,0.000400353389882267
250.0,-0.0032331578338621915,-30.011270097794984,8.127126697954163e-06,0.0003810963318569168
250.25,-0.0032341311061813674,-30.01117457183985,-1.5913115220206516e-05,0.0003831135757454825
250.5,-0.003241914608303471,-30.011078012388914,-4.635431362349175e-05,0.0003893649017437552
250.75,-0.003256043343637379,-30.010980889836187,-6.66757360603881e-05,0.00038761743602310975
251.0,-0.0032748916776961833,-30.010882608206494,-8.410990047203134e-05,0.000398637245223907
251.25,-0.003296163764818166,-30.010785489105533,-8.60687158294487e-05,0.00037831574712365114
251.5,-0.003318848341050609,-30.01069360341573,-9.540992894311775e-05,0.0003567706519890058
251.75,-0.0033419845045456202,-30.010607299604203,-8.968156166979361e-05,0.00033365930018395705
252.0,-0.003365012981522454,-30.010527227980482,-9.454877937714192e-05,0.0003069141484858871
252.25,-0.0033871217180917877,-30.010451051252122,-8.232153302226872e-05,0.0003024985256135464
252.5,-0.003407402893097047,-30.010377677979367,-7.992956836076842e-05,0.00028448743088162605
252.75,-0.0034270388862805545,-30.010307147396695,-7.715882623957063e-05,0.0002797569692675439
253.0,-0.0034455074340835534,-30.01023924828557,-7.059109795534094e-05,0.0002634353005576215
253.25,-0.0034656687395474453,-30.01017416845102,-9.069993635215602e-05,0.00025720527168248086
253.5,-0.00348957667810856,-30.01010945011524,-0.0001005632613409297,0.0002605423444603467
253.75,-0.003517138225769286,-30.01004552359179,-0.00011993003611133321,0.00025087166906075586
254.0,-0.0035481592055539627,-30.00998250124654,-0.00012823757744244164,0.0002533078761790018
254.25,-0.003578234419175791,-30.009921232486523,-0.00011236568887797079,0.00023684070757733937
254.5,-0.0036032150610308955,-30.009864496308815,-8.748131618105199e-05,0.00021704636796361046
254.75,-0.0036213979537697643,-30.00981109928457,-5.798248099675855e-05,0.0002101270448577676
255.0,-0.0036347645425395952,-30.009759637394076,-4.89510383248464e-05,0.0002015672275965084
255.25,-0.003648329019625187,-30.00971027569085,-5.956555738579889e-05,0.00019332739896223857
255.5,-0.003666595431471978,-30.00966434744633,-8.656755297698067e-05,0.00017410110297417112
255.75,-0.00369112307118534,-30.009621882910782,-0.00010965436850648733,0.00016561735801504012
256.0,-0.003721174307895202,-30.009580769861632,-0.0001307557494971314,0.00016328902461408519
256.25,-0.0037520711261020126,-30.009542537186633,-0.00011642075440541012,0.00014257102387417236
256.5,-0.003781369213527341,-30.009508278805946,-0.0001179649938285041,0.0001314961672084347
256.75,-0.003808612222714782,-30.00947763700701,-9.998076784648857e-05,0.00011363652872377404
257.0,-0.003832480516643405,-30.00945021225428,-9.096632994424506e-05,0.00010576064320875434
257.25,-0.003854699944184881,-30.00942190564291,-8.678768621983072e-05,0.00012069185377470062
257.5,-0.003874866043037258,-30.009390639634553,-7.454028351155673e-05,0.0001294350583916378
257.75,-0.0038909833547548078,-30.009356847582335,-5.4397131937429245e-05,0.00014089946023255939
258.0,-0.003903856827321814,-30.00932018854825,-4.858956899597006e-05,0.0001523722649269344
258.25,-0.0039148778218572305,-30.009280586126504,-3.9577250707813495e-05,0.00016444625935268793
258.5,-0.0039231953606554855,-30.009237465626637,-2.69615458930885e-05,0.00018051655017939616
258.75,-0.003928233913054246,-30.009191241536268,-1.3346048362102877e-05,0.00018927488910722804
259.0,-0.00392898897401105,-30.009143373116125,7.305975009846535e-06,0.0001936705249844587
259.25,-0.0039263270762285385,-30.00909199705204,1.3991438998237541e-05,0.0002173373573674802
259.5,-0.00392375510672396,-30.009035857275396,6.585679256780047e-06,0.00023178155400588573
259.75,-0.00392134441499551,-30.008976014753035,1.270128580482463e-05,0.0002469580482920312
260.0,-0.003916938527954878,-30.00891208654594,2.254746194870192e-05,0.00026446668014807527
260.25,-0.003914463744149097,-30.008842885493113,-2.7468645030984824e-06,0.00028914412725757516
260.5,-0.0039190033855251065,-30.008768336903216,-3.356856043549275e-05,0.00030724749782533106
260.75,-0.003930718102536928,-30.008688365242094,-6.014679404566023e-05,0.0003325282969503952
261.0,-0.003948366301816819,-30.008604656309917,-8.103836773956015e-05,0.00033714513014778254
261.25,-0.0039676056548526685,-30.008518838075368,-7.287530423178322e-05,0.0003493999766102987
261.5,-0.003984675061538431,-30.00842957777076,-6.367851122611425e-05,0.0003646815931901005
261.75,-0.004000566849432942,-30.008334149469494,-6.345258297502442e-05,0.00039874479563370207
262.0,-0.004015922686027989,-30.008232914211064,-5.939294390882707e-05,0.00041113688903690745
262.25,-0.0040316148521133705,-30.008130542924317,-6.614469867925819e-05,0.0004078340414826048
262.5,-0.004048376372601465,-30.00802919268769,-6.794792667837626e-05,0.00040296802154241143
262.75,-0.004066861056939037,-30.007926897147005,-7.992837912787844e-05,0.0004153974334605749
263.0,-0.004086649217835842,-30.007821670021944,-7.837587205357044e-05,0.000426419420666875
263.25,-0.004106376739046845,-30.00771386267352,-7.944339380749191e-05,0.0004360394673701635
263.5,-0.00412730836671195,-30.007605399510858,-8.801004313482334e-05,0.00043166664159948376
263.75,-0.004151310951177111,-30.007497834430858,-0.00010401090146218135,0.00042885550696450744
264.0,-0.0041776968567923175,-30.007389532961085,-0.00010707552734294726,0.00043755654015767523
264.25,-0.004204272534869359,-30.007280021759264,-0.00010552980947100829,0.0004385329286879119
264.5,-0.004231621624301289,-30.00716915628496,-0.0001132619808797457,0.0004483915947181658
264.75,-0.004258834202316877,-30.007056065422685,-0.00010443789874010861,0.0004563344715636359
265.0,-0.004284709910342319,-30.006942428099727,-0.00010256810623559288,0.00045276393581585115
265.25,-0.0043086881495502044,-30.00683062740116,-8.925885999729842e-05,0.0004416403979075982
265.5,-0.0043290582791659,-30.006721626081365,-7.370324288997183e-05,0.00043036869385690556
265.75,-0.004346991930342829,-30.006615878755756,-6.97673608960411e-05,0.0004156095399280481
266.0,-0.004361789020420598,-30.006514184291028,-4.8611027593246724e-05,0.00039794418328846336
266.25,-0.004371835391136637,-30.006417025449988,-3.1761695173498786e-05,0.00037932495649661596
266.5,-0.004379031522841531,-30.006324084365097,-2.580878530825288e-05,0.00036420316139088027
266.75,-0.004384444044237545,-30.00623437357009,-1.7492397483814432e-05,0.00035348241457684623
267.0,-0.004387145596397116,-30.0061474884514,-4.121140762615739e-06,0.00034159727429929645
267.25,-0.004387411874604227,-30.00606475760925,1.9889023253154414e-06,0.00032024888684799763
267.5,-0.004385104513357609,-30.005988549594598,1.6467080873875823e-05,0.0002894138653565451
267.75,-0.0043777380991622565,-30.005920117072584,4.246127628606338e-05,0.00025804385999373574
268.0,-0.00436395728129683,-30.00585969679731,6.778218323722948e-05,0.00022531595494143018
268.25,-0.004344421818929713,-30.005799331382608,8.850456309298716e-05,0.00025760540894057877
268.5,-0.004320984486395993,-30.00573247417025,9.899595315229643e-05,0.00027725130075837996
268.75,-0.004292252741027026,-30.005660708367067,0.00013085986425825891,0.0002968721205808077
269.0,-0.004255284751547938,-30.005584007219284,0.000164885930064493,0.0003167338537050729
269.25,-0.004215144513402569,-30.005505556532576,0.0001562354289049862,0.00031087245553666526
269.5,-0.0041769289668624225,-30.005430579015936,0.0001494868825103928,0.00028894831383802596
269.75,-0.004139442222951782,-30.005360028986434,0.00015040580231710367,0.0002754518355478352
270.0,-0.004102690516650148,-30.005293371353346,0.00014360619068192474,0.00025780987021340867
270.25,-0.0040654851515871905,-30.005229592401317,0.00015403622768650358,0.0002524207626628908
270.5,-0.004025383168246963,-30.005164511942272,0.00016678113517348838,0.00026822170809214353
270.75,-0.00398328319970038,-30.005098103184807,0.00017001813215943397,0.0002630480464445938
271.0,-0.003937570570057554,-30.005032704963696,0.00019568263768206316,0.0002601353027978685
271.25,-0.003892327625329375,-30.00496840535626,0.00016626037386367268,0.00025426433064212954
271.5,-0.003854237128074238,-30.004904957125415,0.00013846352162986638,0.00025332413682793085
271.75,-0.0038216741428095126,-30.004841113089995,0.00012204075277226686,0.0002574296948741725
272.0,-0.0037926518565976996,-30.004777489791586,0.00011013698796165231,0.0002515578147140149
272.25,-0.0037649270521540883,-30.004713671157713,0.00011166215283861023,0.000258991112486772
272.5,-0.00373877281757592,-30.004647093218303,9.757310848559252e-05,0.00027363373113691155
272.75,-0.003714133799605662,-30.004577066914322,9.954025947154993e-05,0.0002865765152607114
273.0,-0.0036911190565770595,-30.004503767611066,8.457893697870497e-05,0.00029981932136002534
273.25,-0.0036703704752769593,-30.00442798259042,8.141034293643205e-05,0.0003064611425428714
273.5,-0.0036513231840116667,-30.00435190971991,7.096758121268715e-05,0.0003021228060657657
273.75,-0.003635787382614126,-30.004275805135247,5.3319265458399195e-05,0.00030671553516333107
274.0,-0.0036249171650710533,-30.004200450795654,3.36414777702242e-05,0.0002961210368192114
274.25,-0.0036157468879107965,-30.00412586318348,3.9721161305402766e-05,0.00030057928739740317
274.5,-0.0036033137443021307,-30.004048312527363,5.9745803962328844e-05,0.0003198240736099203
274.75,-0.0035864183670612755,-30.00396865695059,7.54169899220289e-05,0.0003174190630720324
275.0,-0.0035659460140292764,-30.003887374671386,8.836329131072708e-05,0.0003328379499944482
275.25,-0.0035435680419019654,-30.0038062279428,9.065893344337363e-05,0.00031633566225916363
275.5,-0.0035198436703002263,-30.003731974308252,9.9132399878502e-05,0.0002776926152173787
275.75,-0.0034954250385750376,-30.003666502156857,9.621367783431984e-05,0.0002460848711216552
276.0,-0.003469505449337836,-30.003606936093927,0.00011114156541303555,0.00023044222491128724
276.25,-0.0034429367392148505,-30.003551383119593,0.00010140656798864915,0.00021398248757623623
276.5,-0.0034197980631984408,-30.003501096912952,8.37004233185801e-05,0.0001883088348985201
276.75,-0.003399874691723978,-30.003456520789673,7.56846653063106e-05,0.0001683009070762826
277.0,-0.003383168685812299,-30.003416937214556,5.7961505503199923e-05,0.00014836936479374274
277.25,-0.0033658136614744395,-30.00338200841228,8.087705993557319e-05,0.00013105889293550852
277.5,-0.0033440191164711653,-30.003349833067237,9.347885893048937e-05,0.00012634267933870155
277.75,-0.0033181124955222307,-30.003319841487954,0.00011377291029169456,0.00011358804156994952
278.0,-0.0032873129963044098,-30.00329124842206,0.00013262323608497336,0.00011515470835433435
278.25,-0.0032519220712997786,-30.00325887565132,0.00015050687273831446,0.00014382577148069323
278.5,-0.0032120407713694824,-30.003219731850788,0.00016854593697145778,0.0001693229320525503
278.75,-0.0031661273663334696,-30.003173657689796,0.00019876413385385916,0.00019926750688666897
279.0,-0.003112328507223871,-30.003119831539674,0.00023162977131070174,0.00023133859550871557
279.25,-0.0030540660570852938,-30.00306112875474,0.0002344704938813806,0.00023828341612364004
279.5,-0.0029939377801987826,-30.00300117178867,0.0002465560219465967,0.00024137117300727627
279.75,-0.002930680965362347,-30.00293786911712,0.00025950073922258404,0.0002650489789840152
280.0,-0.002865564544286913,-30.002869919085164,0.000261431912786387,0.0002785510945776539
280.25,-0.0028017744523429647,-30.002801713781825,0.00024888775265028654,0.00026709251482228704
280.5,-0.0027402230752780533,-30.002738275783297,0.0002435207582614743,0.00024041197938388812
280.75,-0.0026796974229932997,-30.002680479140967,0.00024068273017226343,0.00022196142684765928
281.0,-0.00262149716396319,-30.002628283956472,0.0002249168661554117,0.00019560153550015396
281.25,-0.002568538440280904,-30.00258026207123,0.00019875226940607407,0.00018857601324009712
281.5,-0.0025220202252339155,-30.002535017499405,0.00017339202600248353,0.00017338295233228486
281.75,-0.0024819833438506148,-30.00249146234932,0.0001469031896530717,0.00017506074571038916
282.0,-0.0024485576504524667,-30.002446577771217,0.00012050320740979277,0.00018401836814772196
282.25,-0.002414232919474037,-30.00239929329124,0.00015409561095932096,0.00019425430453294984
282.5,-0.002372550090284118,-30.00234873496636,0.0001793685335327312,0.00021020991175754627
282.75,-0.002324193302698358,-30.002296496078518,0.0002074855381168651,0.00020769854010899578
283.0,-0.0022697013118037125,-30.002244589537387,0.00022845038392537928,0.00020755181235003378
283.25,-0.0022117128893188094,-30.002193924969674,0.00023545608243803794,0.00019776406883976233
283.5,-0.002151594340334451,-30.00214699421424,0.00024549042561555247,0.00017768102855984083
283.75,-0.002087823551562629,-30.002105625786015,0.0002646735927667756,0.00015326458862103347
284.0,-0.0020201028154371637,-30.002070197106338,0.0002770901291055326,0.000130163678147832
284.25,-0.0019486564099322518,-30.002037579217607,0.00029448118426410796,0.00013077779208772234
284.5,-0.001871297689581818,-30.002004048753,0.0003243892212116772,0.0001374631050077593
284.75,-0.001786255765181532,-30.001971189189963,0.0003559450512637889,0.00012541042421685414
285.0,-0.0016956976050577725,-30.001938843385147,0.00036852099321834134,0.00013335482864772213
285.25,-0.00160583972612006,-30.001906513374234,0.00035034129201857637,0.00012528697267569938
285.5,-0.0015191375807693632,-30.00187330153411,0.00034327731031714276,0.00014040841428882762
285.75,-0.0014329279844986595,-30.001838477315367,0.00034639926402108294,0.00013818504131089004
286.0,-0.0013480960231960898,-30.001803029371366,0.00033225712018808916,0.0001453998440022587
286.25,-0.0012639192524815986,-30.001765653106766,0.0003411578330006885,0.00015360943363275308
286.5,-0.0011770496212874743,-30.001725887125872,0.00035380025884364306,0.00016451722160144784
286.75,-0.001086128283749248,-30.001684567555547,0.0003735705993399992,0.00016603747703550442
287.0,-0.0009914545130072783,-30.001640963250953,0.0003838211617456563,0.00018279599327909268
287.25,-0.000896385814336252,-30.001597529508125,0.00037672673434014183,0.00016467461821916959
287.5,-0.0008038431990902156,-30.001558509776466,0.00036361258173828984,0.00014748447146381037
287.75,-0.0007129262075565995,-30.00152338160163,0.0003637220504711929,0.00013354091690567085
288.0,-0.0006229421383888785,-30.001492799443152,0.0003561484031347209,0.00011111706495190754
288.25,-0.0005362074298551362,-30.00146287006222,0.0003377309008884236,0.00012831971890705008
288.5,-0.0004514178256297106,-30.00143115256789,0.00034058567309096146,0.00012541996659163593
288.75,-0.0003686539970447609,-30.001400547318088,0.0003215244035115669,0.00011942382893562196
289.0,-0.00028883660158666937,-30.001370391955977,0.0003170149987884013,0.00012181949310481363
289.25,-0.0002106275353082198,-30.00134085114135,0.0003086568546031959,0.00011450781191903246
289.5,-0.000136190558125999,-30.00131375305219,0.0002868378218213115,0.00010227895845118212
289.75,-6.666746697219482e-05,-30.001288177243257,0.00026934692326595805,0.00010232916205655322
290.0,9.116835945929066e-08,-30.001263264000038,0.0002647216654844917,9.697721978425608e-05
290.25,6.749147826457754e-05,-30.001235483249626,0.0002744834917979734,0.00012526786318414344
290.5,0.00013769857476783544,-30.00120286569909,0.00028717427230714126,0.00013567134462130152
290.75,0.00021156769773168603,-30.001168458080738,0.00030377909249053157,0.00013958803664515745
291.0,0.0002883157150955476,-30.001131202841982,0.0003102068373243703,0.00015845326739602277
291.25,0.00036834377664389284,-30.001090624931667,0.00033001839522994053,0.00016616814727830534
291.5,0.0004534094848810997,-30.00104915077846,0.00035050723289516676,0.00016562314666596268
291.75,0.0005413701260988387,-30.001009121442927,0.0003531768727160058,0.00015461128592170697
292.0,0.000629484876976296,-30.000970790059533,0.0003517409059717821,0.00015203991660296472
292.25,0.0007130652236503492,-30.00093580651835,0.00031689959842909625,0.00012783169770250318
292.5,0.0007892280762197846,-30.000904054832553,0.0002924030789757601,0.00012618409822858726
292.75,0.0008586664781137103,-30.000873421831585,0.0002631034589031828,0.00011888267189454043
293.0,0.0009215612265834965,-30.000844784593294,0.0002400537219522654,0.00011021740757541952
293.25,0.00098366995166561,-30.000815221720636,0.000256817603408566,0.0001262839931912804
293.5,0.0010482399150459833,-30.000780262203282,0.0002597446697111668,0.00015339186967789877
293.75,0.0011153041504208961,-30.000741261625237,0.00027676971609493433,0.00015861114955558194
294.0,0.0011848655105293833,-30.00070095211083,0.0002797216712091586,0.0001638646873834424
294.25,0.0012546918122123333,-30.00066319966998,0.00027888632949526305,0.00013815491815459915
294.5,0.0013251623259077033,-30.000632381360504,0.00028487498518352814,0.00010839099304207369
294.75,0.0013979207093243807,-30.000608720921555,0.0002971895011102592,8.08913575293836e-05
295.0,0.0014725083774342414,-30.00059242542479,0.00029950889350562456,4.9472397897299524e-05
295.25,0.0015442439557802035,-30.000580947735713,0.00027437507337599976,4.235148436122358e-05
295.5,0.0016094519150214115,-30.000572031370424,0.00024728735050368294,2.898199177093679e-05
295.75,0.0016666903207883524,-30.00056701198215,0.00021061822608503376,1.1176571620636546e-05
296.0,0.0017165930943333178,-30.000564879716094,0.00018860347123782816,5.88363238806309e-06
296.25,0.0017608878215092387,-30.000563686294875,0.00016575414416681347,3.6658916188867188e-06
296.5,0.0018001289276977077,-30.000562905157018,0.0001481746097000206,2.5848686194737055e-06
296.75,0.0018345319987318905,-30.00056092176596,0.0001270509728216348,1.3284251393102341e-05
297.0,0.001864998339180994,-30.000556995324516,0.00011668021234139315,1.812825792702811e-05
297.25,0.001890156069432549,-30.00055141495225,8.458242466188157e-05,2.6517746427097395e-05
297.5,0.0019063711467552729,-30.000542433060147,4.513997119136774e-05,4.534110903329064e-05
297.75,0.0019157932933687384,-30.000530724712753,3.02374847424299e-05,4.832707514314808e-05
298.0,0.0019211978265735227,-30.000517665260894,1.2999519325805851e-05,5.615016492495334e-05
298.25,0.0019251699225083171,-30.00050402961653,1.8776945608250195e-05,5.2934445290859895e-05
298.5,0.0019313400078394202,-30.000490664628575,3.05838370129252e-05,5.398434518076061e-05
298.75,0.0019403721983864424,-30.000478216713525,4.1672898132492866e-05,4.559792974028333e-05
299.0,0.0019520327623418498,-30.00046582837049,5.16123611306965e-05,5.3507877432646113e-05
299.25,0.0019662600843011893,-30.000452258244437,6.220636241356637e-05,5.5052132189929685e-05
299.5,0.001985326996211004,-30.000439402056706,9.032825168262673e-05,4.7794718294056284e-05
299.75,0.0020114470839721426,-30.000426423519553,0.00011863323109841807,5.603091032926021e-05
300.0,0.0020444882658195427,-30.00041322996724,0.00014569561463960844,4.951495669181542e-05
