time_s,x_m_lo,x_m_hi,y_m_lo,y_m_hi,vx_mps_lo,vx_mps_hi,vy_mps_lo,vy_mps_hi
0.0,0.0,0.0,-99.99905000000001,-99.99905,0.0,0.0,-0.001,-0.0009999999999999998
0.25,1.77661213996941e-08,1.7766121821105365e-08,-99.99883124999923,-99.99883124999916,4.956810494575343e-07,4.956810528288259e-07,0.0027499999597895538,0.0027499999597895616
0.5,4.2461655949127896e-07,4.2461656135753077e-07,-99.99767500009354,-99.99767500009341,3.112674510571178e-06,3.112674518758609e-06,0.006499999039185059,0.006499999039185079
0.75,1.750879392956873e-06,1.7508793974720042e-06,-99.99558125065305,-99.99558125065286,7.850980161201786e-06,7.850980174205377e-06,0.0102499960381955,0.010249996038195538
1.0,4.526882623596482e-06,4.52688263196454e-06,-99.99255000234785,-99.99255000234761,1.4710597608431684e-05,1.4710597626251453e-05,0.013999989756830027,0.013999989756830086
1.25,8.268922138899209e-06,8.268922152324242e-06,-99.98865467765323,-99.98865467765293,1.5523892479400764e-05,1.552389250203673e-05,0.017162607723695874,0.017162607723695964
1.5,1.2437915841029258e-05,1.2437915860715324e-05,-99.98396869856657,-99.98396869856622,1.812623107841386e-05,1.812623110586605e-05,0.020325224724478206,0.020325224724478327
1.75,1.7481124637549756e-05,1.7481124664700916e-05,-99.9784920654559,-99.97849206545548,2.251761318603445e-05,2.2517613218302896e-05,0.02348783974714486,0.023487839747145016
2.0,2.3845809363253487e-05,2.3845809399073812e-05,-99.97222477894223,-99.97222477894177,2.869803843953642e-05,2.8698038476621146e-05,0.026650451779663832,0.026650451779664026
2.25,3.0992924426904583e-05,3.099292447259816e-05,-99.965171707509,-99.96517170750847,2.8773384338506164e-05,2.877338438040719e-05,0.02977411967934706,0.029774119679347295
2.5,3.837975266449478e-05,3.8379752721265695e-05,-99.95733771914782,-99.95733771914723,3.0615743816423206e-05,3.061574386314059e-05,0.032897787036623195,0.03289778703662349
2.75,4.644804745380488e-05,4.6448047522857224e-05,-99.94872281411924,-99.9487228141186,3.422511671407975e-05,3.4225116765613534e-05,0.03602145285192216,0.03602145285192251
3.0,5.563956211532261e-05,5.563956219786049e-05,-99.9393269929337,-99.939326992933,3.960150273233913e-05,3.960150278868936e-05,0.039145116125673986,0.039145116125674395
3.25,6.543606272956192e-05,6.543606282678948e-05,-99.92915505420319,-99.92915505420244,3.906138541234315e-05,3.906138547350986e-05,0.04223039376950135,0.04223039376950182
3.5,7.531569643652407e-05,7.531569654964544e-05,-99.91821179606468,-99.91821179606387,4.02665674678714e-05,4.026656753385463e-05,0.04531567122522055,0.045315671225221094
3.75,8.571478806953428e-05,8.571478819975359e-05,-99.9064972186886,-99.90649721868773,4.321704879120719e-05,4.321704886200699e-05,0.04840094750554486,0.04840094750554548
4.0,9.706966241760708e-05,9.706966256612848e-05,-99.89401132249219,-99.89401132249127,4.7912829135581805e-05,4.7912829211198245e-05,0.05148622162318764,0.05148622162318833
4.25,0.00010888063187350025,0.00010888063204152791,-99.88075884604933,-99.88075884604835,4.686223595246097e-05,4.686223603289409e-05,0.05453359001896055,0.05453359001896132
4.5,0.00012064443511562545,0.00012064443530436355,-99.86674452747387,-99.86674452747283,4.753549942616182e-05,4.753549951141169e-05,0.05758095852145786,0.057580958521458704
4.75,0.00013279203630298488,0.0001327920365136377,-99.85196836686103,-99.85196836685994,4.993261949207498e-05,4.9932619582141644e-05,0.060628326155522605,0.060628326155523535
5.0,0.00014575439956114844,0.00014575439979492012,-99.8364303645498,-99.83643036454865,5.405359594735071e-05,5.4053596042234245e-05,0.06367569194599788,0.06367569194599894
5.25,0.0001590484233549548,0.00015904842361304963,-99.82013520759244,-99.82013520759124,5.258236888425993e-05,5.2582368983960396e-05,0.06668556385176047,0.06668556385176165
5.5,0.00017218747124658602,0.0001721874715302082,-99.80308758259476,-99.80308758259349,5.281378873644836e-05,5.2813788840965846e-05,0.06969543610819201,0.06969543610819331
5.75,0.00018559720496417808,0.0001855972052745319,-99.78528748958945,-99.78528748958813,5.474785547574467e-05,5.474785558507927e-05,0.07270530775213353,0.07270530775213496
6.0,0.00019970328621157839,0.0001997032865498681,-99.76673492885006,-99.76673492884868,5.838456893601139e-05,5.838456905016319e-05,0.07571517782042612,0.07571517782042768
6.25,0.00021403750907369665,0.0002140375094411266,-99.7474345432785,-99.74743454327707,5.656948675742854e-05,5.656948687639762e-05,0.07868790692338809,0.07868790692338978
6.5,0.00022812816599253376,0.0002281281663903083,-99.7273909753425,-99.727390975341,5.643604140101153e-05,5.643604152479798e-05,0.08166063657747463,0.08166063657747646
6.75,0.0002423956661763638,0.00024239566660568722,-99.70660422502317,-99.70660422502161,5.7984232866200626e-05,5.798423299480453e-05,0.08463336583141183,0.0846333658314138
7.0,0.0002572604188165849,0.00025726041927866174,-99.68507429253947,-99.68507429253785,6.121406101854906e-05,6.121406115197055e-05,0.0876060937339258,0.08760609373392791
7.25,0.0002722676537906193,0.00027226765428665396,-99.66280578301861,-99.66280578301694,5.912061835586363e-05,5.9120618494102765e-05,0.09054198263047039,0.09054198263047264
7.5,0.0002869591277904256,0.00028695912832162247,-99.63980330116475,-99.63980330116301,5.868797323984968e-05,5.868797338290655e-05,0.09347787224149764,0.09347787224150003
7.75,0.0003017500402085985,0.000301750040776162,-99.61606684691668,-99.61606684691488,5.991612569577986e-05,5.991612584365456e-05,0.09641376162752208,0.0964137616275246
8.0,0.0003170555904272178,0.00031705559103235246,-99.59159642044808,-99.59159642044622,6.280507561426186e-05,6.28050757669545e-05,0.09934964984905821,0.09934964984906088
8.25,0.0003324331845475665,0.0003324331851914768,-99.56639659462179,-99.56639659461987,6.048902803392398e-05,6.048902819143463e-05,0.10224895697990438,0.1022489569799072
8.5,0.0003474367797925512,0.0003474367804764417,-99.54047194188767,-99.5404719418857,5.981308462960808e-05,5.981308479193685e-05,0.10514826495701006,0.10514826495701303
8.75,0.00036247640221440586,0.0003624764029394811,-99.51382246215015,-99.51382246214811,6.077724544527558e-05,6.077724561242257e-05,0.10804757285259564,0.10804757285259876
9.0,0.0003779620778599017,0.0003779620786273662,-99.48644815554555,-99.48644815554346,6.33815103932628e-05,6.338151056522818e-05,0.11094687973888154,0.11094687973888481
9.25,0.00039346230519059504,0.0003934623060016534,-99.45835356743088,-99.45835356742873,6.089023077231234e-05,6.089023094909619e-05,0.113809825413542,0.11380982541354544
9.5,0.00040854215451223213,0.000408542155368089,-99.42954324275956,-99.42954324275736,6.0018486341571745e-05,6.0018486523174186e-05,0.11667277203940557,0.11667277203940918
9.75,0.0004236065096326761,0.0004236065105345362,-99.40001718140832,-99.40001718140606,6.07662771619341e-05,6.076627734835522e-05,0.11953571870032818,0.11953571870033196
10.0,0.0004390602543586957,0.00043906025530776366,-99.36977538348289,-99.36977538348057,6.313360316375103e-05,6.313360335499099e-05,0.12239866448016577,0.12239866448016971
10.25,0.0004544820476112924,0.00045448204860877296,-99.33882237094036,-99.33882237093799,6.050725484866417e-05,6.050725504472305e-05,0.12522543610783343,0.1252254361078376
10.5,0.0004694471377855924,0.0004694471388326903,-99.3071626653429,-99.30716266534047,5.9479978560100556e-05,5.947997876097849e-05,0.12805220876889817,0.12805220876890255
10.75,0.0004843552928999543,0.00048435529399787434,-99.27479626654522,-99.27479626654274,6.0051774370563384e-05,6.005177457626053e-05,0.13087898155879155,0.13087898155879615
11.0,0.0004996062809749178,0.000499606282124865,-99.2417231746282,-99.24172317462566,6.222264222499907e-05,6.222264243551561e-05,0.13370575357294517,0.13370575357295
11.25,0.0005147881200617457,0.0005147881212649249,-99.2079478916884,-99.2079478916858,5.9495186902395753e-05,5.949518711773179e-05,0.13649651020285525,0.13649651020286033
11.5,0.0005294854326496718,0.000529485433907288,-99.17347491943548,-99.17347491943282,5.834643025802003e-05,5.8346430478175716e-05,0.13928726792911938,0.1392872679291247
11.75,0.0005440928934211,0.000544092894734358,-99.13830425770696,-99.13830425770425,5.877637237359937e-05,5.877637259857487e-05,0.14207802585869403,0.14207802585869955
12.0,0.0005590051770631713,0.0005590051784332761,-99.10243590656367,-99.1024359065609,6.078501320530444e-05,6.0785013435099904e-05,0.1448687830985356,0.14486878309854137
12.25,0.0005738189710364742,0.0005738189724646309,-99.06587435128951,-99.06587435128668,5.798507212746865e-05,5.7985072362084235e-05,0.1476236593589958,0.14762365935900182
12.5,0.0005881275799074516,0.0005881275813948651,-99.02862407678897,-99.02862407678609,5.674353241206453e-05,5.67435326515004e-05,0.15037853676255494,0.15037853676256122
12.75,0.0006023206040305397,0.0006023206055784152,-98.99068508288649,-98.99068508288354,5.7060394148942e-05,5.706039439319831e-05,0.15313341442765135,0.1531334144276579
13.0,0.0006167876437670699,0.0006167876453766124,-98.95205736962687,-98.95205736962387,5.8935657303412536e-05,5.893565755248948e-05,0.15588829147272334,0.15588829147273014
13.25,0.0006311334660558648,0.0006311334677282796,-98.91274540810315,-98.9127454081001,5.608728236335317e-05,5.608728261725092e-05,0.15860740098583334,0.15860740098584042
13.5,0.0006449594656345852,0.0006449594673710776,-98.87275366903599,-98.87275366903287,5.477707564899083e-05,5.4777075907709555e-05,0.16132651167516332,0.16132651167517068
13.75,0.0006586501845739834,0.0006586501863757586,-98.8320821522401,-98.83208215223694,5.500503725444162e-05,5.500503751798149e-05,0.16404562267059714,0.16404562267060474
14.0,0.0006725901649533199,0.0006725901668215832,-98.79073085774775,-98.79073085774452,5.6771167153657495e-05,5.6771167422018675e-05,0.16676473310201861,0.16676473310202647
14.25,0.0006863917476092407,0.0006863917495451973,-98.74870424471357,-98.74870424471028,5.3894492258954196e-05,5.389449253213686e-05,0.16944817144285218,0.1694481714428603
14.5,0.0006996639101731882,0.0006996639121780437,-98.70600677192655,-98.7060067719232,5.253580644458552e-05,5.253580672258984e-05,0.17213161098162205,0.17213161098163043
14.75,0.0007127861499300706,0.0007127861520050303,-98.66263843919455,-98.66263843919114,5.2695109808909107e-05,5.2695110091735244e-05,0.17481505085962706,0.17481505085963572
15.0,0.0007261379641744283,0.0007261379663206977,-98.61859924654009,-98.61859924653662,5.437240233062691e-05,5.4372402618275064e-05,0.17749849021816608,0.17749849021817501
15.25,0.0007393388344542552,0.0007393388366730399,-98.57389364311213,-98.57389364310859,5.1484202424208984e-05,5.148420271667934e-05,0.18014633747807063,0.18014633747807984
15.5,0.0007520048866524049,0.0007520048889449104,-98.52852607770026,-98.52852607769667,5.009385770424046e-05,5.00938580015332e-05,0.1827941859481257,0.18279418594813518
15.75,0.0007645105845807282,0.00076451058694816,-98.48249655010788,-98.48249655010423,5.020136827265859e-05,5.0201368574773894e-05,0.18544203478101953,0.18544203478102933
16.0,0.000777230392061665,0.000777230394505229,-98.43580506035019,-98.43580506034647,5.180673411224256e-05,5.1806734419180633e-05,0.18808988312944042,0.1880898831294505
16.25,0.0007897905639891029,0.0007897905665100048,-98.38845604922648,-98.38845604922268,4.8920934468398236e-05,4.892093478015928e-05,0.19070220613261996,0.1907022061326303
16.5,0.0008018140058841227,0.0008018140084835682,-98.34045395718273,-98.34045395717888,4.7512893880060305e-05,4.751289419664447e-05,0.19331453035027626,0.1933145303502869
16.75,0.0008136701575261358,0.0008136701602053307,-98.29179878401985,-98.29179878401594,4.758261245180561e-05,4.75826127732131e-05,0.19592685494646564,0.19592685494647658
17.0,0.000825728458705864,0.0008257284614660142,-98.24249052974767,-98.2424905297437,4.913009016954146e-05,4.9130090495772455e-05,0.19853917908524438,0.19853917908525562
17.25,0.0008376216204613656,0.0008376216233036771,-98.19253362823225,-98.19253362822823,4.62581529068697e-05,4.6258153237924415e-05,0.20111603330904707,0.2011160333090586
17.5,0.0008489790096832276,0.0008489790126089061,-98.14193251299217,-98.14193251298809,4.484390992756449e-05,4.484391026344312e-05,0.20369288874515998,0.20369288874517183
17.75,0.0008601650499578384,0.0008601650529680901,-98.09068718382741,-98.09068718382328,4.488736133656793e-05,4.488736167727069e-05,0.20626974456898972,0.20626974456900188
18.0,0.000871544164883169,0.0008715441679791999,-98.03879764074414,-98.03879764073994,4.638850712159683e-05,4.638850746712393e-05,0.20884659995594287,0.20884659995595534
18.25,0.0008827552557963505,0.0008827552589793667,-97.98626831188491,-97.98626831188066,4.353982940197441e-05,4.353982975232604e-05,0.2113880311866069,0.21138803118661967
18.5,0.0008934338842009865,0.0008934338874721942,-97.93310362505048,-97.93310362504617,4.2128807080226436e-05,4.21288074354028e-05,0.21392946362209145,0.21392946362210452
18.75,0.0009039394639618223,0.0009039394673224276,-97.8793035800413,-97.87930358003692,4.2155440259400854e-05,4.2155440619402156e-05,0.21647089644913878,0.21647089644915218
19.0,0.0009146314089553132,0.0009146314124065225,-97.82486817686112,-97.82486817685668,4.361972893012954e-05,4.3619729294956054e-05,0.21901232885449118,0.2190123288545049
19.25,0.0009251545827905855,0.000925154586333605,-97.76980183896008,-97.76980183895559,4.0801934693205e-05,4.080193506285698e-05,0.22151837461970905,0.2215183746197231
19.5,0.0009351505127801163,0.0009351505164161524,-97.7141089894519,-97.71410898944735,3.940177819094301e-05,3.9401778565420675e-05,0.22402442157793903,0.22402442157795338
19.75,0.0009449736083729505,0.0009449736121032098,-97.65778962813857,-97.65778962813397,3.9419259527480334e-05,3.941925990678389e-05,0.22653046892724704,0.22653046892726172
20.0,0.0009549782790299336,0.0009549782828556225,-97.60084375502257,-97.6008437550179,4.085437869308094e-05,4.085437907721056e-05,0.22903651586569898,0.229036515865714
20.25,0.0009648151586443214,0.0009648151625666464,-97.54327578973849,-97.54327578973377,3.807359776251639e-05,3.807359815147232e-05,0.23150720666933128,0.23150720666934663
20.5,0.0009741315476889733,0.0009741315517091411,-97.48509015158982,-97.48509015158504,3.669045416161054e-05,3.669045455539302e-05,0.23397789865069482,0.2339778986507105
20.75,0.0009832768555114214,0.000983276859630639,-97.42628684038094,-97.42628684037611,3.670494799267015e-05,3.670494839127941e-05,0.23644859101916943,0.23644859101918547
21.0,0.0009926004914708995,0.0009926004956903737,-97.36686585611392,-97.36686585610902,3.811707924700282e-05,3.81170796504391e-05,0.23891928298413492,0.23891928298415133
21.25,0.0010017586968663716,0.0010017587011873091,-97.30683161535192,-97.30683161534695,3.5378172371984605e-05,3.537817278024815e-05,0.24135464337029894,0.2413546433703157
21.5,0.0010104043818918859,0.0010104043863154936,-97.24618853433219,-97.24618853432716,3.401691631336129e-05,3.4016916726452346e-05,0.2437900049161598,0.2437900049161769
21.75,0.001018881959266491,0.001018881963793976,-97.1849366128622,-97.18493661285711,3.4033311172367385e-05,3.403331159028616e-05,0.24622536684240331,0.24622536684242077
22.0,0.0010275358417207274,0.0010275358463532963,-97.12307585094429,-97.12307585093914,3.5427356939700376e-05,3.54273573624471e-05,0.24866072836971537,0.24866072836973319
22.25,0.0010360277410069966,0.0010360277457458565,-97.06061066269991,-97.0606106626947,3.273411656104764e-05,3.273411698862256e-05,0.2510607778394656,0.2510607778394839
22.5,0.0010440160396137839,0.001044016044460142,-96.99754546192966,-96.99754546192437,3.1398551529423016e-05,3.139855196182646e-05,0.2534608284487298,0.25346082844874857
22.75,0.0010518401563925754,0.0010518401613476389,-96.93388024844465,-96.93388024843931,3.142066194455833e-05,3.142066238179056e-05,0.2558608794294936,0.25586087942951286
23.0,0.001059839510206211,0.001059839515271187,-96.86961502224801,-96.86961502224261,3.280044779755278e-05,3.28004482396141e-05,0.2582609300137426,0.2582609300137624
23.25,0.0010676811699861825,0.0010676811751622784,-96.80475419555087,-96.80475419554541,3.015578184828216e-05,3.0155782295172914e-05,0.2606256838129384,0.26062568381295864
23.5,0.0010750288768405214,0.0010750288821289446,-96.73930218024846,-96.73930218024294,2.8848824417585393e-05,2.884882486930588e-05,0.2629904387298178,0.26299043872983857
23.75,0.0010822170579132316,0.0010822170633151894,-96.67325897615594,-96.67325897615036,2.887957560251069e-05,2.8879576059061237e-05,0.2653551940076615,0.2653551940076827
24.0,0.0010895801403592372,0.0010895801458759373,-96.60662458327766,-96.60662458327202,3.024803539337606e-05,3.024803585475694e-05,0.2677199488897499,0.26771994888977163
24.25,0.0010967904533792493,0.0010967904590118995,-96.53940341236124,-96.53940341235553,2.76540934714719e-05,2.7654093937683468e-05,0.2700494186864844,0.2700494186865066
24.5,0.0011035169994543436,0.0011035170052041516,-96.47159987384326,-96.47159987383749,2.637789985861506e-05,2.637790032965767e-05,0.2723788895778544,0.2723788895778771
24.75,0.0011100892156758896,0.001110089221544063,-96.40321396754327,-96.40321396753743,2.6419454650098086e-05,2.6419455125972007e-05,0.27470836081843164,0.27470836081845484
25.0,0.0011168365391458553,0.0011168365451336018,-96.33424569346712,-96.33424569346121,2.7778757835420737e-05,2.7778758316126327e-05,0.2770378316627878,0.2770378316628115
25.25,0.001123436479936158,0.0011234364860446858,-96.2646994612732,-96.26469946126723,2.5237067311465567e-05,2.5237067797003155e-05,0.2793320261284568,0.279332026128481
25.5,0.0011295632222207016,0.0011295632284512185,-96.19457968031372,-96.19457968030768,2.3993169813394743e-05,2.3993170303764623e-05,0.2816262216648478,0.2816262216648725
25.75,0.001135541214269645,0.0011355412206233595,-96.12388635041279,-96.12388635040668,2.4047065433414487e-05,2.404706592861699e-05,0.2839204175378209,0.2839204175378461
26.0,0.0011416949043632732,0.0011416949108413934,-96.05261947157801,-96.05261947157183,2.539875416031944e-05,2.5398754660354915e-05,0.2862146130132361,0.2862146130132618
26.25,0.0011477069186863345,0.0011477069252900686,-95.98078345269084,-95.98078345268459,2.2910333953886252e-05,2.2910334458755005e-05,0.28847353831898964,0.28847353831901584
26.5,0.0011532565581118736,0.00115325656484243,-95.9083827023314,-95.90838270232507,2.169975500364484e-05,2.1699755513347223e-05,0.29073246467097424,0.29073246467100095
26.75,0.0011586632829671773,0.0011586632898257644,-95.83541722032847,-95.83541722032209,2.1767017398470048e-05,2.176701791300633e-05,0.29299139134633634,0.29299139134636354
27.0,0.0011642465535891822,0.0011642465605770083,-95.76188700669157,-95.76188700668513,2.311212112668701e-05,2.311212164605755e-05,0.2952503176222224,0.2952503176222501
27.25,0.0011696940581354927,0.0011696940652538268,-95.68779646978433,-95.68779646977782,2.067756386893932e-05,2.0677564393626075e-05,0.2974739778654496,0.29747397786547786
27.5,0.0011746901598428381,0.0011746901670929492,-95.61315001767379,-95.61315001766721,1.950089843791544e-05,1.9500898967437162e-05,0.299697639130081,0.29969763913010977
27.75,0.0011795493316808512,0.001179549339063948,-95.53794765019353,-95.5379476501869,1.958212492046102e-05,1.9582125454818033e-05,0.30192130070454815,0.30192130070457746
28.0,0.0011845860466284243,0.0011845860541457155,-95.46218936735505,-95.46218936734834,2.0921243303806954e-05,2.0921243842999586e-05,0.3041449618772825,0.3041449618773124
28.25,0.0011894930092293107,0.0011894930168820054,-95.38587957721775,-95.38587957721099,1.8540781452934844e-05,1.8540781996963507e-05,0.3063333594457585,0.3063333594457889
28.5,0.0011939595993361819,0.0011939596071254893,-95.30902268754919,-95.30902268754235,1.7398263374078696e-05,1.7398263922943685e-05,0.30852175801068,0.30852175801071086
28.75,0.0011982953029046396,0.0011982953108317688,-95.23161869818779,-95.23161869818088,1.749368915151726e-05,1.74936897052189e-05,0.31071015687176273,0.31071015687179415
29.0,0.0012028096058990805,0.0012028096139652406,-95.15366760914704,-95.15366760914007,1.8827058771330767e-05,1.8827059329869445e-05,0.31289855532872257,0.31289855532875455
29.25,0.0012072001955098404,0.0012072002037162408,-95.07517382835734,-95.0751738283503,1.6500657485864785e-05,1.6500658049240856e-05,0.315051691208469,0.3150516912085015
29.5,0.0012111614343339034,0.0012111614426817535,-94.9961417634619,-94.9961417634548,1.5392252499593304e-05,1.539225306780712e-05,0.3172048280597217,0.31720482805975475
29.75,0.0012149978214582528,0.001214997829948762,-94.91657141430399,-94.91657141429683,1.550184389375486e-05,1.550184446680677e-05,0.31935796519348053,0.3193579651935141
30.0,0.0012190138559782639,0.0012190138646126418,-94.8364627808991,-94.83646278089186,1.6829431654250495e-05,1.6829432232140854e-05,0.32151110192074517,0.3215111019207793
30.25,0.001222912177425722,0.0012229121862051783,-94.75582027119071,-94.75582027118341,1.4556814707750255e-05,1.4556815290479416e-05,0.3236289759608192,0.32362897596085394
30.5,0.00122639210072947,0.0012263921096552146,-94.67464829283985,-94.67464829283249,1.3482246525855144e-05,1.3482247113423458e-05,0.32574685094761663,0.32574685094765193
30.75,0.0012297531380925594,0.0012297531471658018,-94.59294684569454,-94.59294684568711,1.3605727187793115e-05,1.3605727780200934e-05,0.3278647262034212,0.32786472620345714
31.0,0.0012332948017260475,0.0012332948109479978,-94.51071592977226,-94.51071592976476,1.4927256678388882e-05,1.4927257275636672e-05,0.32998260105051674,0.3299826010505532
31.25,0.0012367246618243172,0.0012367246711961852,-94.42795995314395,-94.42795995313638,1.2707974204804584e-05,1.2707974806892672e-05,0.3320652121854409,0.3320652121854779
31.5,0.001239746963882891,0.001239746973405887,-94.34468332360275,-94.3446833235951,1.1666792381561087e-05,1.1666792988489855e-05,0.3341478242425602,0.33414782424259776
31.75,0.001242656233076043,0.0012426562427513773,-94.26088604100141,-94.26088604099371,1.180371128646531e-05,1.1803711898235108e-05,0.3362304365554427,0.33623043655548085
32.0,0.0012457469945856353,0.0012457470044145182,-94.17656810535931,-94.17656810535154,1.3118730902410783e-05,1.3118731519021995e-05,0.33831304845765653,0.3383130484576952
32.25,0.0012487317325103793,0.001248731742494021,-94.09173392496564,-94.09173392495781,1.0952197742258341e-05,1.0952198363711297e-05,0.3403603948961454,0.3403603948961847
32.5,0.0012513196060859506,0.0012513196162255618,-94.00638790783646,-94.00638790782855,9.943816129230502e-06,9.943816755525635e-06,0.34240774223263243,0.34240774223267234
32.75,0.0012538001532103856,0.0012538001635071766,-93.92053005382914,-93.92053005382118,1.0093586137927306e-05,1.0093586769064994e-05,0.3444550898119706,0.3444550898120111
33.0,0.0012564629117888635,0.001256462922244045,-93.83416036296488,-93.83416036295685,1.1401507750896717e-05,1.140150838687737e-05,0.34650243697901284,0.346502436979054
33.25,0.0012590252653152678,0.001259025275930051,-93.74728324382188,-93.74728324381378,9.287020638327037e-06,9.28702127915104e-06,0.34851451636452907,0.3485145163645708
33.5,0.0012612012722025866,0.001261201282978182,-93.65990310470983,-93.65990310470166,8.310734657882924e-06,8.310735303550656e-06,0.35052659662424474,0.3505265966242871
33.75,0.0012632754827450543,0.0012632754936826732,-93.57201994549062,-93.5720199454824,8.472649884016112e-06,8.472650534528006e-06,0.35253867711429837,0.35253867711434134
34.0,0.001265532447243647,0.0012655324583445004,-93.48363376618718,-93.4836337661789,9.772766296208644e-06,9.772766951565112e-06,0.35455075719082857,0.35455075719087215
34.25,0.0012676944411600184,0.0012676944524253172,-93.394748975721,-93.39474897571264,7.709559884633813e-06,7.709560544835263e-06,0.35652756673340935,0.35652756673345354
34.5,0.0012694804146163349,0.0012694804260472907,-93.30536998274964,-93.30536998274121,6.7646026349217375e-06,6.7646032999685455e-06,0.35850437712682415,0.35850437712686894
34.75,0.0012711699299138752,0.0012711699415116993,-93.21549678713946,-93.21549678713096,6.937894618670161e-06,6.937895288562761e-06,0.3604811877384981,0.3604811877385435
35.0,0.0012730425493603643,0.0012730425611262681,-93.12512938891497,-93.1251293889064,8.229435815850763e-06,8.22943649058954e-06,0.36245799793585615,0.36245799793590217
35.25,0.001274825432282881,0.0012748254442180762,-93.0342721973809,-93.03427219737227,6.216676796459894e-06,6.2166774760452825e-06,0.36439953452664187,0.3643995345266885
35.5,0.0012762424123800007,0.0012762424244856991,-92.9429296215827,-92.94292962157401,5.302213231320064e-06,5.3022139157524156e-06,0.36634107194536814,0.3663410719454154
35.75,0.0012775680635257343,0.0012775680758031476,-92.85110166139106,-92.85110166138229,5.486045189375313e-06,5.486045878655062e-06,0.3682826095707475,0.36828260957079534
36.0,0.001279076959600173,0.001279076972050513,-92.75878831683194,-92.7587883168231,6.768172650324439e-06,6.768173344451942e-06,0.37022414678149246,0.3702241467815409
36.25,0.0012805011401328538,0.0012805011527573928,-92.66599399762187,-92.66599399761296,4.804994914471385e-06,4.804995613928682e-06,0.3721304070844224,0.3721304070844715
36.5,0.001281569318714365,0.0012815693315143752,-92.57272311322266,-92.57272311321368,3.9201570591173695e-06,3.920157763423263e-06,0.37403666819288983,0.3740366681929395
36.75,0.0012825510803248202,0.001282551093301574,-92.47897566350919,-92.47897566350014,4.1136591497976976e-06,4.113659859434198e-06,0.37594292949689584,0.37594292949694613
37.0,0.0012837160099499793,0.001283716023104749,-92.38475164850881,-92.38475164849969,5.385501166146709e-06,5.385501880632597e-06,0.3778491903864415,0.37784919038649245
37.25,0.0012848010252284445,0.0012848010385624429,-92.2900554783685,-92.2900554783593,3.4710181108097776e-06,3.4710188301454883e-06,0.3797201709167836,0.37972017091683524
37.5,0.0012855397175350347,0.001285539731049474,-92.19489156298518,-92.19489156297591,2.614917408810933e-06,2.6149181329968996e-06,0.3815911522307623,0.3815911522308146
37.75,0.0012861966824679414,0.0012861966961640345,-92.09925990223776,-92.09925990222843,2.8171991248978466e-06,2.817199853934476e-06,0.38346213372966825,0.38346213372972116
38.0,0.001287036515630742,0.0012870365295097016,-92.00316049615488,-92.00316049614547,4.077863237409272e-06,4.077863971297029e-06,0.3853331148147922,0.3853331148148458
38.25,0.0012878010134133734,0.001287801027476412,-91.90659775532481,-91.90659775531533,2.211189485231749e-06,2.2111902239710436e-06,0.38716881200191966,0.3871688120019739
38.5,0.0012882286456091594,0.0012882286598574902,-91.80957609009045,-91.8095760900809,1.382938559838157e-06,1.3829393034294214e-06,0.3890045099512841,0.389004509951339
38.75,0.0012885790179341869,0.0012885790323690228,-91.71209550033466,-91.71209550032503,1.5931105225116523e-06,1.5931112709553204e-06,0.3908402080754671,0.3908402080755226
39.0,0.0012891117361095404,0.0012891117507320947,-91.61415598608716,-91.61415598607746,2.8417053519534883e-06,2.841706105249998e-06,0.3926759057870501,0.39267590578710626
39.25,0.0012895734743706803,0.0012895734891821662,-91.5157619583817,-91.51576195837194,1.021944274419811e-06,1.0219450325695979e-06,0.3944763160283169,0.39447631602837374
39.5,0.001289707580020229,0.0012897075950218599,-91.41691782801126,-91.41691782800143,2.2064447595444115e-07,2.2064523895791188e-07,0.396276727010929,0.3962767270109865
39.75,0.0012897686683871457,0.001289768683580135,-91.31762359486252,-91.31762359485262,4.378060165179054e-07,4.378067843754939e-07,0.3980771381587597,0.3980771381588179
40.0,0.0012900113548051139,0.0012900113701907355,-91.21787925896619,-91.21787925895622,1.6734288739451123e-06,1.6734296471389128e-06,0.39987754889568256,0.3998775488957414
40.25,0.0012901871941774325,0.0012901872097569602,-91.11768923180054,-91.1176892317905,-1.0029761850578622e-07,-1.0029684045691272e-07,0.4016426685970101,0.4016426685970696
40.5,0.0012900444141390672,0.001290044429913715,-91.01705792460767,-91.01705792459755,-8.755263952438706e-07,-8.755256123395442e-07,0.4034077890192884,0.4034077890193486
40.75,0.0012898326391277855,0.0012898326550987674,-90.91598533727795,-90.91598533726776,-6.522573988649958e-07,-6.522566111047282e-07,0.40517290959768404,0.4051729095977449
41.0,0.0012898014935857985,0.0012898015097543283,-90.81447146984294,-90.81447146983268,5.695093487742056e-07,5.695101413908781e-07,0.4069380297673634,0.4069380297674249
41.25,0.001289707415742596,0.0012897074321098878,-90.71252073421995,-90.71252073420962,-1.159043409784314e-06,-1.1590426123108533e-06,0.40866785537977296,0.40866785537983513
41.5,0.001289303516227836,0.0012893035327951041,-90.61013754209469,-90.61013754208429,-1.909064007839888e-06,-1.9090632055092043e-06,0.41039768169322643,0.4103976816932893
41.75,0.0012888344280902171,0.001288834444858676,-90.5073218933611,-90.50732189335062,-1.6805523898562142e-06,-1.68055158266782e-06,0.4121275081541844,0.4121275081542479
42.0,0.0012885447843826517,0.0012885448013535156,-90.40407378805149,-90.40407378804095,-4.735085776557007e-07,-4.7350776560915984e-07,0.41385733420910753,0.41385733420917176
42.25,0.0012881959091755276,0.0012881959263500112,-90.30039763851353,-90.30039763850291,-2.157732312467188e-06,-2.1577314955620615e-06,0.41555186225355295,0.41555186225361784
42.5,0.0012875457986143636,0.0012875458159936819,-90.19629785686797,-90.19629785685727,-2.883391394556846e-06,-2.8833905727926465e-06,0.4172463909796137,0.41724639097967925
42.75,0.0012868340938706714,0.001286834111456039,-90.09177444301217,-90.0917744430014,-2.6504857700531324e-06,-2.6504849434294258e-06,0.41894091984504567,0.41894091984511195
43.0,0.001286300436119878,0.00128630045391251,-89.98682739697908,-89.98682739696822,-1.4590154615039977e-06,-1.459014630020321e-06,0.42063544830760485,0.4206354483076718
43.25,0.0012857110406370293,0.0012857110586381405,-89.88146113153542,-89.88146113152449,-3.0997158691164497e-06,-3.0997150327723382e-06,0.4222946753966512,0.4222946753967189
43.5,0.001284828794455772,0.0012848288126665777,-89.77568005922559,-89.7756800592146,-3.8018210337708967e-06,-3.8018201925658626e-06,0.4239539031483407,0.42395390314840903
43.75,0.0012838883463950198,0.0012838883648167354,-89.66948417995033,-89.66948417993925,-3.565330902585274e-06,-3.5653300565188832e-06,0.42561313103172554,0.42561313103179454
44.0,0.0012831243452774118,0.0012831243639112525,-89.56287349374307,-89.5628734937319,-2.3902454986389636e-06,-2.3902446477107795e-06,0.42727235851585804,0.42727235851592776
44.25,0.001282307901440019,0.0012823079202872005,-89.45585241377627,-89.45585241376503,-3.9882012100010505e-06,-3.988200354210607e-06,0.42889628136941954,0.42889628136949
44.5,0.0012812067966719212,0.001281206815733659,-89.34842535300474,-89.34842535299343,-4.667532929684855e-06,-4.667532069031664e-06,0.43052020486709286,0.430520204867164
44.75,0.0012800506869788976,0.0012800507062564075,-89.2405923113324,-89.24059231132102,-4.4282406070555355e-06,-4.428239741539109e-06,0.4321441284892277,0.43214412848929956
45.0,0.00127906922837031,0.001279069247864808,-89.13235328879311,-89.13235328878166,-3.2703242640916284e-06,-3.2703233937113144e-06,0.4337680517161738,0.4337680517162464
45.25,0.001278038429804799,0.001278038449517501,-89.02371269895013,-89.02371269893861,-4.82628910691011e-06,-4.8262882316654156e-06,0.43535666717451965,0.435356667174593
45.5,0.0012767309713975273,0.0012767309913296495,-88.91467495515374,-88.91467495514213,-5.4836029839764365e-06,-5.483602103866874e-06,0.43694528325887305,0.4369452832589471
45.75,0.0012753715158975016,0.0012753715360502601,-88.80524005731095,-88.80524005729927,-5.24226584672176e-06,-5.242264961746894e-06,0.43853389946088206,0.43853389946095683
46.0,0.0012741847260571522,0.0012741847464317634,-88.69540800545592,-88.69540800544415,-4.1022777163234376e-06,-4.102276826482778e-06,0.44012251527219476,0.4401225152722703
46.25,0.0012729515148090717,0.0012729515354067522,-88.58518321352696,-88.58518321351512,-5.616966236552159e-06,-5.6169653418452696e-06,0.4416758203024828,0.44167582030255914
46.5,0.0012714494659587967,0.0012714494867807633,-88.47457009525404,-88.47457009524213,-6.252978520064667e-06,-6.252977620490949e-06,0.44322912594107877,0.4432291259411558
46.75,0.0012698982485729253,0.0012698982696203946,-88.36356865054721,-88.36356865053521,-6.010314519223046e-06,-6.010313614781959e-06,0.44478243169093007,0.44478243169100784
47.0,0.0012685175317212437,0.0012685175529954325,-88.25217887944078,-88.25217887942871,-4.888974256157981e-06,-4.888973346849033e-06,0.4463357370549842,0.4463357370550627
47.25,0.0012670931367940032,0.0012670931582961888,-88.14040519623163,-88.14040519621948,-6.363068522787655e-06,-6.363067608128754e-06,0.44785372875745355,0.44785372875753277
47.5,0.0012654075557833786,0.0012654075775148383,-88.02825201501287,-88.02825201500063,-6.978462909794284e-06,-6.978461990266597e-06,0.44937172105091744,0.4493717210509974
47.75,0.0012636754636663244,0.0012636754856282756,-87.91571933569746,-87.91571933568515,-6.735157372233583e-06,-6.735156447836676e-06,0.4508897134496236,0.4508897134497043
48.0,0.0012621115354227292,0.001262111557616389,-87.80280715831982,-87.80280715830743,-5.633151931580386e-06,-5.63315100231366e-06,0.45240770546781983,0.45240770546790127
48.25,0.0012605065058568633,0.0012605065282834495,-87.68951989751838,-87.68951989750592,-7.067297607877951e-06,-7.067296673741023e-06,0.45389038107911533,0.4538903810791975
48.5,0.0012586477801162952,0.0012586478027770255,-87.57586196773248,-87.57586196771994,-7.662721316131057e-06,-7.662720377123436e-06,0.4553730572644577,0.4553730572645406
48.75,0.0012567450387000352,0.0012567450615961274,-87.4618333688779,-87.4618333688653,-7.419423011525777e-06,-7.4194220676469224e-06,0.45685573354939585,0.4568557335494795
49.0,0.0012550079621099922,0.001255007985242724,-87.34743410098908,-87.34743410097639,-6.337402715688557e-06,-6.3374017664563216e-06,0.45833840945947874,0.45833840945956317
49.25,0.0012532322021645726,0.0012532322255352224,-87.23266857902884,-87.23266857901608,-7.732219757538442e-06,-7.73221880343388e-06,0.45978576635410734,0.45978576635419255
49.5,0.0012512100807799936,0.0012512101043897794,-87.11754121776562,-87.11754121775279,-8.308294216257542e-06,-8.308293257280166e-06,0.46123312380618625,0.46123312380627224
49.75,0.0012491462836087654,0.0012491463074589056,-87.00205201711795,-87.00205201710503,-8.065626048939682e-06,-8.065625085088948e-06,0.46268048135256645,0.4626804813526532
50.0,0.0012472454963060578,0.0012472455203977708,-86.88620097712014,-86.88620097710714,-7.004215277213571e-06,-7.004214308489046e-06,0.46412783853009887,0.4641278385301864
50.25,0.0012453082934056985,0.0012453083177402027,-86.76999251304261,-86.76999251302952,-8.360280966005598e-06,-8.360279992406735e-06,0.4655398742182273,0.4655398742183156
50.5,0.001243131919306474,0.0012431319438849881,-86.65343103996598,-86.65343103995282,-8.917584855782371e-06,-8.917583877308679e-06,0.4669519104475364,0.4669519104476255
50.75,0.0012409160644647917,0.0012409160892885346,-86.53651655781145,-86.53651655779821,-8.676126903961884e-06,-8.676125920612766e-06,0.46836394676618,0.4683639467662699
51.0,0.0012388604193396353,0.0012388604444098258,-86.41924906661316,-86.41924906659983,-7.635907132517727e-06,-7.635906144292693e-06,0.4697759827223118,0.4697759827224025
51.25,0.0012367704856778886,0.0012367705109957458,-86.30163298193223,-86.30163298191881,-8.953765552725229e-06,-8.95376455962379e-06,0.4711526948496384,0.47115269484972994
51.5,0.0012344484348711722,0.0012344484604379152,-86.18367271914464,-86.18367271913114,-9.492844280270719e-06,-9.492843282292384e-06,0.4725294075021843,0.4725294075022766
51.75,0.001232088961849067,0.001232088987665915,-86.06536827817415,-86.06536827816056,-9.253143274210317e-06,-9.25314227135449e-06,0.47390612023940676,0.47390612023949985
52.0,0.001229886761543619,0.0012298867876117917,-85.94671965905465,-85.94671965904098,-8.234662555768217e-06,-8.234661548034353e-06,0.47528283262076304,0.47528283262085697
52.25,0.0012276522664325395,0.0012276522927532562,-85.8277312776215,-85.82773127760774,-9.514832283119209e-06,-9.51483127050671e-06,0.47662421896541274,0.47662421896550744
52.5,0.0012251925784303945,0.001225192605004875,-85.70840754952954,-85.7084075495157,-1.0036205672625613e-05,-1.0036204655133989e-05,0.47796560581961395,0.4779656058197095
52.75,0.001222697396627778,0.0012226974234572422,-85.58874847470506,-85.58874847469113,-9.798782685338658e-06,-9.798781662967367e-06,0.47930699275412825,0.4793069927542246
53.0,0.001220356420117609,0.001220356447203277,-85.46875405318161,-85.4687540531676,-8.802563341608145e-06,-8.802562314356641e-06,0.48064837933971716,0.48064837933981436
53.25,0.0012179850171702509,0.0012179850445133424,-85.34842870105281,-85.34842870103871,-1.0045524942524766e-05,-1.0045523910392506e-05,0.48195443780816705,0.4819544378082651
53.5,0.0012153952252970622,0.0012153952528987978,-85.22777683423641,-85.22777683422224,-1.0549674736919942e-05,-1.0549673699906382e-05,0.48326049677077293,0.4832604967708718
53.75,0.0012127717474557187,0.0012127717753173187,-85.10679845266112,-85.10679845264687,-1.0315012686279585e-05,-1.0315011644384183e-05,0.48456655580960123,0.4845665558097009
54.0,0.0012102992866061095,0.0012102993147287944,-84.98549355636014,-84.9854935563458,-9.341538811408301e-06,-9.3415377646304e-06,0.4858726145067184,0.48587261450681896
54.25,0.0012077981498985996,0.00120779817828359,-84.86386656166984,-84.86386656165543,-1.0547750493363582e-05,-1.054774944170264e-05,0.4871433431296096,0.48714334312971097
54.5,0.001205085313540262,0.001205085342188779,-84.74192188475547,-84.74192188474098,-1.1035136007024733e-05,-1.1035134950480207e-05,0.4884140722315207,0.4884140722316229
54.75,0.0012023404840791417,0.0012023405129924065,-84.6196595255481,-84.61965952553352,-1.0803695314202328e-05,-1.0803694252773622e-05,0.48968480140582377,0.4896848014059268
55.0,0.0011997433680654137,0.0011997433972446472,-84.49707948408047,-84.49707948406581,-9.853428436045088e-06,-9.853427369731657e-06,0.4909555302458908,0.49095553024599464
55.25,0.0011971192150873869,0.00119711924453381,-84.37418617691668,-84.37418617690193,-1.1023322145353703e-05,-1.1023321074155055e-05,0.49219092717495605,0.4921909271750608
55.5,0.0011942899436172573,0.001194289973332152,-84.25098402045437,-84.25098402043953,-1.1494376362183979e-05,-1.1494375285617861e-05,0.4934263245681499,0.49342632456825547
55.75,0.0011914302635338747,0.0011914302935185225,-84.12747301462693,-84.12747301461201,-1.1266591050012273e-05,-1.1266589968559744e-05,0.49466172203015035,0.49466172203025677
56.0,0.0011887148847182208,0.0011887149149738434,-84.00365315946657,-84.00365315945156,-1.0339966228301005e-05,-1.033996514196152e-05,0.4958971191656356,0.49589711916574286
56.25,0.001185974002799058,0.0011859740333268773,-83.8795288717509,-83.87952887173581,-1.147394715704966e-05,-1.1473946065822674e-05,0.4970971826667448,0.49709718266685293
56.5,0.0011830344821267297,0.0011830345129279676,-83.75510456809579,-83.75510456808061,-1.1929076243261029e-05,-1.1929075147145944e-05,0.4982972466173206,0.4982972466174296
56.75,0.0011800660356673105,0.0011800660667431891,-83.63038024843685,-83.63038024842159,-1.1705353452461293e-05,-1.1705352351457514e-05,0.49949731063334785,0.49949731063345765
57.0,0.001177238376388854,0.0011772384077405956,-83.50535591280573,-83.50535591279038,-1.0802778803292226e-05,-1.0802777697399261e-05,0.5006973743308112,0.5006973743309221
57.25,0.0011743866502025308,0.0011743866818313578,-83.3800359781798,-83.38003597816437,-1.1901220146228341e-05,-1.190121903544543e-05,0.5018621027803575,0.5018621027804695
57.5,0.0011713426715892045,0.0011713427034963394,-83.25442486137935,-83.25442486136383,-1.2340798209265526e-05,-1.2340797093591908e-05,0.5030268316649199,0.5030268316650329
57.75,0.0011682711563741322,0.0011682711885607979,-83.1285225623422,-83.1285225623266,-1.2121512958926838e-05,-1.2121511838361863e-05,0.5041915606117904,0.5041915606119045
58.0,0.0011653368203845393,0.0011653368528519584,-83.00232908109938,-83.00232908108369,-1.124336441294349e-05,-1.1243363287486449e-05,0.5053562892482609,0.5053562892483762
58.25,0.0011623797633594567,0.0011623797961088525,-82.87584883481512,-82.87584883479934,-1.230661281584533e-05,-1.230661168549557e-05,0.5064856811263204,0.5064856811264368
58.5,0.0011592367534654377,0.0011592367864980337,-82.74908624050121,-82.74908624048535,-1.2730987354688962e-05,-1.273098621944567e-05,0.5076150734251418,0.5076150734252592
58.75,0.001156067509173572,0.0011560675424905915,-82.62204129809766,-82.62204129808171,-1.2516487997392573e-05,-1.2516486857255098e-05,0.5087444657833247,0.5087444657834432
59.0,0.0011530317489568066,0.001153031782559473,-82.49471400763478,-82.49471400761875,-1.1663114761174908e-05,-1.1663113616142541e-05,0.5098738578394687,0.5098738578395884
59.25,0.0011499745293930752,0.0011499745632826126,-82.36710878645115,-82.36710878643504,-1.2691494478867721e-05,-1.2691493328939702e-05,0.5109679117267698,0.5109679117268906
59.5,0.0011467375753550402,0.0011467376095326727,-82.23923005173756,-82.23923005172136,-1.3100990546164052e-05,-1.310098939133962e-05,0.5120619660207623,0.5120619660208842
59.75,0.001143475607760298,0.0011434756422272496,-82.11107780343612,-82.11107780341982,-1.2891602931336303e-05,-1.2891601771614697e-05,0.5131560203713538,0.5131560203714768
60.0,0.0011403433475282718,0.001140343382285767,-81.98265204157642,-81.98265204156002,-1.2063331651493989e-05,-1.2063330486874612e-05,0.5142500744284522,0.5142500744285763
60.25,0.0011371908100208513,0.0011371908450701145,-81.85395718365967,-81.85395718364319,-1.3057152964222207e-05,-1.3057151794704241e-05,0.5153087889993851,0.5153087889995104
60.5,0.0011338646787707007,0.0011338647141129568,-81.72499764704405,-81.72499764702746,-1.3452081584194906e-05,-1.3452080409777702e-05,0.5163675039631145,0.5163675039632408
60.75,0.0011305146769558176,0.0011305147125922914,-81.59577343167368,-81.59577343165701,-1.3248117480927185e-05,-1.3248116301609982e-05,0.5174262189808566,0.5174262189809841
61.0,0.0011272905277559541,0.0011272905636878709,-81.46628453757741,-81.46628453756065,-1.2445260670863331e-05,-1.2445259486645423e-05,0.518484933713828,0.5184849337139565
61.25,0.0011240472090497692,0.001124047245278354,-81.336535382408,-81.33653538239115,-1.3404805476847589e-05,-1.3404804287728212e-05,0.519508307732147,0.5195083077322766
61.5,0.0011206363667710612,0.0011206364032975394,-81.2065303836798,-81.20653038366287,-1.3785449242207715e-05,-1.3785448048186164e-05,0.5205316821295272,0.5205316821296581
61.75,0.001117202726184614,0.0011172027630102115,-81.07626954133899,-81.07626954132196,-1.358719193763372e-05,-1.3587190738709236e-05,0.521555056578494,0.521555056578626
62.0,0.0011138910125569122,0.0011138910496828547,-80.9457528554136,-80.94575285539648,-1.2810033578836502e-05,-1.2810032375008267e-05,0.5225784307515727,0.5225784307517058
62.25,0.0011105611684945596,0.0011105612059220732,-80.81498474369741,-80.8149847436802,-1.3735567467904552e-05,-1.3735566259171861e-05,0.5235664630654518,0.5235664630655861
62.5,0.0011070698045515196,0.0011070698422818907,-80.68396962385047,-80.68396962383318,-1.4102192615787405e-05,-1.4102191401668005e-05,0.5245544957448075,0.5245544957449428
62.75,0.001103556647917605,0.00110355668595212,-80.55270749582095,-80.55270749580356,-1.3909908993804555e-05,-1.3909907774779288e-05,0.5255425284734743,0.5255425284736107
63.0,0.0011001614257842287,0.0011001614641241745,-80.42119835963604,-80.42119835961854,-1.315871661783278e-05,-1.3158715393419334e-05,0.5265305609352868,0.5265305609354244
63.25,0.0010967490476238024,0.0010967490862704658,-80.28944663322069,-80.28944663320311,-1.4050489363606755e-05,-1.405048813428592e-05,0.5274832504717314,0.5274832504718702
63.5,0.0010931810907558893,0.001093181129710497,-80.15745673437088,-80.15745673435322,-1.4403346269470693e-05,-1.4403345035241708e-05,0.5284359403602091,0.5284359403603491
63.75,0.0010895922841447582,0.0010895923234085377,-80.02522866303671,-80.02522866301895,-1.4217287308276802e-05,-1.4217286069138905e-05,0.5293886302958645,0.5293886302960056
64.0,0.001086117356756194,0.0010861173963303725,-79.89276241924449,-79.89276241922663,-1.3492312495044338e-05,-1.3492311250996768e-05,0.5303413199738415,0.5303413199739838
64.25,0.001082626188454689,0.0010826262283404942,-79.76006242104114,-79.76006242102319,-1.4350546858593272e-05,-1.4350545609635214e-05,0.531258665734075,0.5312586657342185
64.5,0.001078985326858398,0.0010789853670570575,-79.62713308634928,-79.62713308633124,-1.4689858845366218e-05,-1.4689857591496967e-05,0.5321760118330247,0.5321760118331693
64.75,0.0010753245025658287,0.0010753245430785703,-79.49397441512092,-79.49397441510278,-1.4510248427768057e-05,-1.4510247168986851e-05,0.5330933579771446,0.5330933579772905
65.0,0.0010717734461771146,0.0010717734870051665,-79.36058640738146,-79.36058640736323,-1.38117156203885e-05,-1.3811714356694634e-05,0.5340107038728892,0.5340107038730363
65.25,0.0010682070096399432,0.0010682070507845338,-79.22697348129108,-79.22697348127276,-1.4636621949054241e-05,-1.4636620680446843e-05,0.534892704928115,0.5348927049282634
65.5,0.0010644967125688584,0.001064496754031216,-79.09314005489033,-79.09314005487192,-1.496259988401407e-05,-1.4962598610492382e-05,0.5357747063088589,0.5357747063090085
65.75,0.0010607672870662683,0.0010607673288476217,-78.9590861281331,-78.9590861281146,-1.4789649400064781e-05,-1.4789648121627988e-05,0.5366567077328855,0.5366567077330362
66.0,0.0010571434652361484,0.0010571435073377263,-78.82481170104386,-78.82481170102527,-1.4117770509870864e-05,-1.4117769226518151e-05,0.5375387089179593,0.5375387089181111
66.25,0.0010535050722000117,0.0010535051146230432,-78.69032119188769,-78.690321191869,-1.4909551462398225e-05,-1.490955017412883e-05,0.5383853644062732,0.5383853644064261
66.5,0.0010497286006655765,0.0010497286434112908,-78.55561901881474,-78.55561901879597,-1.5222398488861494e-05,-1.5222397195674711e-05,0.539232020207022,0.5392320202071762
66.75,0.0010459337841181948,0.0010459338271878815,-78.42070518178078,-78.4207051817619,-1.5056311564955543e-05,-1.5056310266369064e-05,0.5400786760492807,0.5400786760494362
67.0,0.0010422403560447397,0.0010422403994396888,-78.28557968080928,-78.2855796807903,-1.4411290702815979e-05,-1.4411289399310536e-05,0.5409253316621245,0.5409253316622812
67.25,0.0010385331184907575,0.0010385331622121989,-78.15024693426287,-78.1502469342438,-1.5170119898392215e-05,-1.5170118589966994e-05,0.5417366407809597,0.5417366407811175
67.5,0.0010346935410129707,0.0010346935850621343,-78.0147113603939,-78.01471136037473,-1.5470010086135116e-05,-1.547000877278935e-05,0.542547950199245,0.5425479501994039
67.75,0.001030836358367154,0.0010308364027452701,-77.87897295915998,-77.87897295914071,-1.5310961241632997e-05,-1.531095992336587e-05,0.5433592596573661,0.5433592596575262
68.0,0.001027076305310567,0.0010270763500188661,-77.7430317305836,-77.74303173056423,-1.4692973377413588e-05,-1.4692972054224401e-05,0.5441705688957089,0.5441705688958702
68.25,0.0010233031605934974,0.00102330320563321,-77.6068920931175,-77.60689209309803,-1.5419027084178253e-05,-1.5419025756066184e-05,0.5449465309017858,0.5449465309019483
68.5,0.001019403370408004,0.001019403415780361,-77.47055846510888,-77.47055846508931,-1.5706137117965787e-05,-1.5706135784930075e-05,0.5457224931944277,0.5457224931945914
68.75,0.0010154866706758921,0.0010154867163821844,-77.33403084651715,-77.33403084649748,-1.5554303456141804e-05,-1.5554302117700087e-05,0.5464984555253314,0.5464984555254964
69.0,0.0010116627973204867,0.001011662843362006,-77.19730923736378,-77.19730923734402,-1.4963526109175958e-05,-1.4963524765808975e-05,0.5472744176461939,0.5472744176463601
69.25,0.001007826508464702,0.00100782655484274,-77.06039805618502,-77.06039805616516,-1.5656960082340276e-05,-1.5656958733565655e-05,0.5480150318494744,0.5480150318496418
69.5,0.0010038692296085703,0.0010038692763244788,-76.92330172141628,-76.92330172139631,-1.593144610539267e-05,-1.59314447512096e-05,0.5487556463265231,0.5487556463266917
69.75,0.0009998956977432306,0.0009998957447983016,-76.78602023301875,-76.78602023299868,-1.5786984155030783e-05,-1.578698279591999e-05,0.5494962608403481,0.549496260840518
70.0,0.000996010649861266,0.0009960106972568522,-76.64855359101284,-76.64855359099268,-1.5223574242999505e-05,-1.5223572877997037e-05,0.5502368751539575,0.5502368751541286
70.25,0.0009921138249104871,0.0009921138726479409,-76.51090621401211,-76.51090621399184,-1.588453338850069e-05,-1.588453201856893e-05,0.5509421409144745,0.5509421409146468
70.5,0.0009881016291562272,0.0009881016772368414,-76.37308252053391,-76.37308252051355,-1.6146540664563566e-05,-1.6146539289220093e-05,0.551647406936045,0.5516474069362185
70.75,0.0009840738005692106,0.000984073848994278,-76.2350825105412,-76.23508251052074,-1.600959604959067e-05,-1.600959466931633e-05,0.5523526729929884,0.5523526729931633
71.0,0.000980130077121659,0.0009801301258924122,-76.09690618405334,-76.09690618403278,-1.547369955319644e-05,-1.5473698167990417e-05,0.5530579388596245,0.5530579388598006
71.25,0.0009761751790382927,0.0009761752281559645,-75.95855795975527,-75.9585579597346,-1.610232587445386e-05,-1.610232448431528e-05,0.5537278555843962,0.5537278555845735
71.5,0.0009721104938058666,0.0009721105432716902,-75.8200422562405,-75.82004225621972,-1.6351996739667443e-05,-1.6351995344595495e-05,0.554397772557587,0.5543977725577656
71.75,0.0009680307602915139,0.0009680308101067829,-75.6813590734737,-75.68135907345282,-1.6222712128910685e-05,-1.6222710728423005e-05,0.5550676895648282,0.555067689565008
72.0,0.0009640307173638671,0.0009640307675298754,-75.54250841147316,-75.54250841145219,-1.571447205011478e-05,-1.5714470644692102e-05,0.5557376063917508,0.5557376063919319
72.25,0.0009600200696445821,0.0009600201201625635,-75.40349468898988,-75.4034946889688,-1.6310883251712144e-05,-1.6310881841353654e-05,0.5563721735309498,0.5563721735311321
72.5,0.0009559051889658475,0.000955905239837036,-75.2643223246881,-75.2643223246669,-1.6548335719978196e-05,-1.6548334304683076e-05,0.5570067409060002,0.5570067409061837
72.75,0.0009517758150142409,0.0009517758662398707,-75.12499131853421,-75.12499131851293,-1.6426829433739568e-05,-1.6426828013507004e-05,0.5576413083138451,0.5576413083140299
73.0,0.0009477216874777273,0.000947721739059033,-74.98550167054542,-74.98550167052403,-1.5946364403068616e-05,-1.5946362977897687e-05,0.5582758755514274,0.5582758755516136
73.25,0.0009436574944731301,0.0009436575464113464,-74.84585779953362,-74.84585779951212,-1.651068601559184e-05,-1.6510684585481784e-05,0.5588750925964536,0.5588750925966411
73.5,0.0009394945912805935,0.0009394946435769553,-74.70606412422865,-74.70606412420703,-1.673604590112244e-05,-1.6736044466072385e-05,0.5594743098648347,0.5594743098650236
73.75,0.0009353177183347554,0.0009353177709904976,-74.56612064459863,-74.56612064457691,-1.66224440410628e-05,-1.6622442601071774e-05,0.5600735271648257,0.5600735271650159
74.0,0.0009312116160717171,0.0009312116690880752,-74.42602736065963,-74.42602736063782,-1.616988044229841e-05,-1.6169878997365648e-05,0.5606727443046816,0.5606727443048731
74.25,0.0009270959592341065,0.000927096012612316,-74.28578869127985,-74.28578869125792,-1.6702213518840098e-05,-1.6702212068964623e-05,0.561236610784029,0.5612366107842218
74.5,0.000922887089683597,0.0009228871434248937,-74.1454090552501,-74.14540905522807,-1.691558214030055e-05,-1.691558068548155e-05,0.561800477474292,0.561800477474486
74.75,0.0009186647485369777,0.0009186648026425976,-74.00488845254021,-74.00488845251809,-1.6809986286780648e-05,-1.6809984827017362e-05,0.5623643441950377,0.562364344195233
75.0,0.0009145086769124639,0.0009145087313836432,-73.86422688316513,-73.8642268831429,-1.6385425966770987e-05,-1.6385424502062597e-05,0.5629282107658332,0.5629282107660297
75.25,0.0009103435355061306,0.0009103435903441057,-73.72342876604486,-73.72342876602254,-1.688587746320438e-05,-1.6885875993550015e-05,0.5634567262437017,0.5634567262438995
75.5,0.0009060906520925957,0.0009060907072986032,-73.58249852002679,-73.58249852000435,-1.7087362019466783e-05,-1.7087360544865577e-05,0.563985241920107,0.5639852419203062
75.75,0.0009018247684096919,0.0009018248239849685,-73.44143614508242,-73.44143614505987,-1.6989879617221634e-05,-1.6989878137672718e-05,0.5645137576259286,0.564513757626129
76.0,0.0008976206261966467,0.0008976206821424297,-73.30024164122553,-73.30024164120287,-1.6593430263649167e-05,-1.659342877915173e-05,0.5650422731920457,0.5650422731922474
76.25,0.0008934078744589705,0.0008934079307764969,-73.15891942742408,-73.15891942740133,-1.7062088773881546e-05,-1.7062087284434712e-05,0.5655354372639116,0.5655354372641147
76.5,0.0008891128292429647,0.0008891128859334719,-73.0174739225781,-73.01747392255525,-1.7251778085638703e-05,-1.7251776591241605e-05,0.5660286015219859,0.5660286015221903
76.75,0.0008848052328508122,0.000884805289915538,-72.87590512666078,-72.87590512663782,-1.716249818212521e-05,-1.7162496682777036e-05,0.5665217658084601,0.5665217658086659
77.0,0.0008805548275861848,0.000880554885026367,-72.73421303968472,-72.73421303966165,-1.6794249068226434e-05,-1.6794247563926257e-05,0.5670149299655263,0.5670149299657333
77.25,0.0008762962514646311,0.0008762963092815079,-72.59240208066187,-72.5924020806387,-1.7231198031912732e-05,-1.7231196522659628e-05,0.5674727422586373,0.5674727422588456
77.5,0.0008719608095075405,0.0008719608677023503,-72.45047666854096,-72.45047666851768,-1.740917574814261e-05,-1.7409174233935875e-05,0.5679305547256752,0.5679305547258848
77.75,0.0008676132445292985,0.0008676133031032797,-72.3084368032968,-72.30843680327342,-1.732818220019713e-05,-1.7328180681035838e-05,0.5683883672201444,0.5683883672203554
78.0,0.0008633182993457582,0.0008633183583001496,-72.16628248494087,-72.16628248491737,-1.6988217393054564e-05,-1.6988215868937794e-05,0.5688461795955492,0.5688461795957614
78.25,0.0008590156017269598,0.0008590156610630003,-72.02401813252558,-72.02401813250198,-1.7393534708782976e-05,-1.739353317970986e-05,0.5692686397651369,0.5692686397653505
78.5,0.0008546414464167608,0.0008546415061356897,-71.88164816504488,-71.88164816502116,-1.7559878920148903e-05,-1.7559877386118517e-05,0.5696911000964143,0.5696911000966293
78.75,0.0008502555766936124,0.0008502556367966692,-71.73917258247522,-71.7391725824514,-1.7487250011454173e-05,-1.748724847246565e-05,0.5701135604541985,0.5701135604544147
79.0,0.0008459177358374168,0.000845917796325841,-71.5965913848269,-71.59659138480296,-1.7175647986787953e-05,-1.717564644284042e-05,0.5705360207033061,0.5705360207035237
79.25,0.000841572541249155,0.0008415726021241865,-71.45390899118966,-71.45390899116562,-1.7549412924266643e-05,-1.754941137535923e-05,0.5709231284300292,0.5709231284302482
79.5,0.0008371612772739273,0.0008371613385368062,-71.31112982059948,-71.31112982057533,-1.7704203078674572e-05,-1.7704201524806522e-05,0.5713102363062499,0.5713102363064702
79.75,0.000832738687609643,0.0008327387492616095,-71.16825387303446,-71.1682538730102,-1.7640018435797015e-05,-1.7640016876967455e-05,0.5716973442080976,0.5716973442083192
80.0,0.0008283595159554703,0.0008283595779977649,-71.02528114850368,-71.02528114847931,-1.735685899977836e-05,-1.735685743598626e-05,0.572084452011702,0.5720844520119249
80.25,0.0008239733711308361,0.0008239734335646995,-70.88221606613116,-70.88221606610668,-1.7699136883223995e-05,-1.769913531446854e-05,0.5724362070009076,0.5724362070011318
80.5,0.0008195265288719034,0.0008195265916985766,-70.73906304499184,-70.73906304496724,-1.78424384705932e-05,-1.784243689687352e-05,0.5727879621274553,0.5727879621276809
80.75,0.0008150687332547968,0.0008150687964755209,-70.59582208506544,-70.59582208504072,-1.77867637476941e-05,-1.7786762169009277e-05,0.5731397172787877,0.5731397172790146
81.0,0.000810649728356952,0.0008106497919729685,-70.45249318635982,-70.45249318633499,-1.7532112718228825e-05,-1.753211113457793e-05,0.573491472342347,0.5734914723425754
81.25,0.0008062241147440466,0.0008062241787565972,-70.30908076803055,-70.3090807680056,-1.7842966577308687e-05,-1.7842964988690798e-05,0.5738078743213418,0.5738078743215715
81.5,0.0008017431598730512,0.000801743224283498,-70.16558924918877,-70.1655892491637,-1.7974842779644406e-05,-1.7974841185095447e-05,0.5741242764255593,0.5741242764257903
81.75,0.0007972516081601625,0.0007972516729698681,-70.02201862981583,-70.02201862979065,-1.7927741311533334e-05,-1.7927739712015643e-05,0.5744406785537546,0.5744406785539871
82.0,0.0007927942040229452,0.0007927942692332723,-69.8783689099184,-69.8783689098931,-1.7701662175738597e-05,-1.7701660570288046e-05,0.5747570806046831,0.5747570806049169
82.25,0.0007883305403849734,0.000788330605997345,-69.7346445086808,-69.73464450865538,-1.798115045004314e-05,-1.7981148839140407e-05,0.5750381293226736,0.5750381293229088
82.5,0.0007838168770378462,0.0007838169430535654,-69.59084984524769,-69.59084984522215,-1.810165984594263e-05,-1.8101658230068502e-05,0.5753191781538002,0.5753191781540367
82.75,0.0007792929587028424,0.0007792930251231521,-69.44698491960202,-69.44698491957637,-1.8063190352136227e-05,-1.8063188731289724e-05,0.5756002270081311,0.575600227008369
83.0,0.0007747985301024872,0.0007747985969286307,-69.30304973174924,-69.30304973172346,-1.7865741969952196e-05,-1.7865740344132397e-05,0.5758812757957347,0.575881275795974
83.25,0.0007702981784043318,0.0007702982456375524,-69.15904870090036,-69.15904870087446,-1.811390828876549e-05,-1.8113906657971472e-05,0.576126971018916,0.5761269710191567
83.5,0.0007657531576222171,0.0007657532252637585,-69.01498624623142,-69.0149862462054,-1.8223094638854538e-05,-1.8223093003085432e-05,0.5763726663431715,0.5763726663434137
83.75,0.0007611982127497899,0.0007611982808008959,-68.87086236772696,-68.87086236770082,-1.819330101034647e-05,-1.8193299369601296e-05,0.5766183616898828,0.5766183616901263
84.0,0.0007566680887820661,0.0007566681572440411,-68.7266770653912,-68.72667706536495,-1.8024527402161022e-05,-1.802452575595742e-05,0.576864056980431,0.5768640569806759
84.25,0.0007521323665651916,0.0007521324354393402,-68.58243475845954,-68.58243475843318,-1.824142017779348e-05,-1.8241418526611964e-05,0.577074398493526,0.5770743984937724
84.5,0.0007475572937713068,0.0007475573630588735,-68.43813986613708,-68.43813986611059,-1.8339332015738956e-05,-1.8339330359578606e-05,0.5772847400956611,0.5772847400959088
84.75,0.0007429726156363897,0.0007429726853386194,-68.29379238840995,-68.29379238838335,-1.8318262905132885e-05,-1.8318261243992777e-05,0.5774950817195306,0.5774950817197796
85.0,0.0007384080773979129,0.0007384081475160507,-68.14939232528117,-68.14939232525444,-1.8178212844883043e-05,-1.8178211178762307e-05,0.5777054232978288,0.5777054232980793
85.25,0.0007338382533297643,0.0007338383238650553,-68.00494409600816,-68.00494409598132,-1.8363882735041496e-05,-1.836388106393926e-05,0.5778804109039617,0.5778804109042136
85.5,0.0007292343845137387,0.0007292344554674286,-67.86045211982282,-67.86045211979587,-1.8450570825660253e-05,-1.8450569149575543e-05,0.5780553985871288,0.5780553985873822
85.75,0.0007246212164009482,0.0007246212877742826,-67.7159163967129,-67.71591639668583,-1.843827710824228e-05,-1.843827542717406e-05,0.5782303862913379,0.5782303862915926
86.0,0.0007200234944437666,0.0007200235662379916,-67.57133692668012,-67.57133692665293,-1.8327001581189318e-05,-1.8326999895136724e-05,0.5784053739605965,0.5784053739608527
86.25,0.0007154207874116315,0.0007154208596279932,-67.42671812900227,-67.42671812897497,-1.8481490917379872e-05,-1.8481489226342032e-05,0.5785450074769566,0.5785450074772142
86.5,0.0007107893308648781,0.0007107894035046229,-67.28206442293627,-67.28206442290885,-1.855699769616397e-05,-1.855699600013985e-05,0.5786846410583691,0.5786846410586282
86.75,0.0007061488704439979,0.0007061489435083725,-67.13737580847145,-67.13737580844389,-1.8553521909475232e-05,-1.855352020846391e-05,0.5788242746601552,0.5788242746604156
87.0,0.0007015191517908754,0.0007015192252811268,-66.99265228560827,-66.9926522855806,-1.8471063554236187e-05,-1.847106184823674e-05,0.5789639082376355,0.5789639082378975
87.25,0.0006968847385256204,0.0006968848124429957,-66.84789827364311,-66.84789827361533,-1.859441203170295e-05,-1.8594410320714348e-05,0.5790681874954826,0.579068187495746
87.5,0.0006922268610436713,0.0006922269353894179,-66.70311819185616,-66.70311819182825,-1.865877728608346e-05,-1.865877557010483e-05,0.579172466806423,0.5791724668066878
87.75,0.0006875602651516128,0.0006875603399270386,-66.55831204023832,-66.55831204021028,-1.866415931165913e-05,-1.866415759020784e-05,0.5792767461370909,0.5792767461373571
88.0,0.0006828996966573755,0.0006828997718637885,-66.41347981878882,-66.41347981876065,-1.8610558103381963e-05,-1.8610556376938695e-05,0.5793810254541205,0.5793810254543882
88.25,0.0006782347146376885,0.0006782347902763369,-66.26862594682095,-66.26862594679267,-1.8702800754864012e-05,-1.8702799023427787e-05,0.5794499502977154,0.5794499502979845
88.5,0.0006735515449298393,0.0006735516210020918,-66.12375484363658,-66.12375484360818,-1.875605960724162e-05,-1.8756057869848255e-05,0.5795188751824643,0.5795188751827348
88.75,0.0006688599334847535,0.0006688600099919791,-65.97886650922817,-65.97886650919966,-1.877033465183775e-05,-1.8770332909449473e-05,0.5795878000863146,0.5795878000865866
89.0,0.000664169626254778,0.0006641697031982255,-65.83396094359371,-65.83396094356509,-1.8745625885960058e-05,-1.8745624138575943e-05,0.579656724987214,0.5796567249874874
89.25,0.0006594751785296598,0.0006594752559105783,-65.68904256606194,-65.6890425660332,-1.8806791865898024e-05,-1.8806790113517093e-05,0.5796902952728792,0.5796902952731541
89.5,0.0006547678123467273,0.0006547678901663662,-65.54411579595488,-65.54411579592602,-1.8848973547302226e-05,-1.8848971789923502e-05,0.5797238655877756,0.5797238655880519
89.75,0.0006500522737813184,0.0006500523520409271,-65.39918063326657,-65.39918063323758,-1.8872170924791012e-05,-1.887216916241357e-05,0.5797574359211639,0.5797574359214417
90.0,0.0006453333089100885,0.0006453333876109169,-65.25423707799371,-65.25423707796459,-1.8876383993204398e-05,-1.887638222582737e-05,0.5797910062623052,0.5797910062625844
90.25,0.0006406104682852331,0.0006406105474285312,-65.10928954947916,-65.10928954944991,-1.8906510219007155e-05,-1.890650844662951e-05,0.5797892218572118,0.5797892218574925
90.5,0.0006358799691941496,0.0006358800487811678,-64.96434246706372,-64.96434246703434,-1.8937651722124095e-05,-1.893764994474491e-05,0.5797874374694476,0.5797874374697297
90.75,0.0006311415578180707,0.0006311416378500594,-64.81939583074299,-64.81939583071349,-1.8969808498052206e-05,-1.8969806715670506e-05,0.5797856530995869,0.5797856530998704
91.0,0.0006263949803396259,0.000626395060817836,-64.67444964051244,-64.6744496404828,-1.900298054011834e-05,-1.9002978752733146e-05,0.5797838687482039,0.5797838687484889
91.25,0.0006216447843304798,0.0006216448652561622,-64.52950831572761,-64.52950831569785,-1.9002090020143705e-05,-1.9002088227754037e-05,0.5797467295304983,0.5797467295307848
91.5,0.0006168921840861478,0.0006168922654605537,-64.38457627574678,-64.3845762757169,-1.9022214420967132e-05,-1.9022212623572014e-05,0.579709590318233,0.579709590318521
91.75,0.0006121319258770297,0.0006121320077014106,-64.2396535205671,-64.23965352053709,-1.906335373751375e-05,-1.9063351935112204e-05,0.5796724511232957,0.5796724511235851
92.0,0.0006073587559748827,0.0006073588382504904,-64.09474005018275,-64.09474005015261,-1.9125507963999677e-05,-1.912550615659078e-05,0.5796353119575741,0.5796353119578651
92.25,0.000602582218393285,0.0006025823011213713,-63.949840283960974,-63.949840283930726,-1.9093628460084132e-05,-1.909362664766685e-05,0.5795628178137694,0.5795628178140618
92.5,0.0005978085238592808,0.0005978086070410981,-63.804958641276436,-63.80495864124608,-1.9102763582879344e-05,-1.9102761765452645e-05,0.5794903236635316,0.5794903236638256
92.75,0.0005930274187165901,0.0005930275023533908,-63.66009512212784,-63.66009512209739,-1.9152913328658372e-05,-1.9152911506221334e-05,0.5794178295300622,0.5794178295303576
93.0,0.0005882286493103725,0.0005882287334034093,-63.5152497265081,-63.51524972647755,-1.9244077689630358e-05,-1.9244075862181894e-05,0.5793453354365623,0.5793453354368592
93.25,0.0005834267563002463,0.0005834268408507722,-63.37042687379485,-63.370426873764195,-1.9181235456391683e-05,-1.918123362393087e-05,0.5792374862636543,0.5792374862639527
93.5,0.0005786329470497153,0.0005786330320589835,-63.225630983377826,-63.225630983347074,-1.9179407612765613e-05,-1.9179405775291478e-05,0.579129637072455,0.5791296370727549
93.75,0.0005738319679616328,0.0005738320534308967,-63.0808620552573,-63.08086205522644,-1.923859415588546e-05,-1.9238592313396967e-05,0.5790217878974792,0.5790217878977806
94.0,0.0005690085654400752,0.0005690086513705885,-62.93612008942489,-62.936120089393924,-1.9358795078836397e-05,-1.9358793231332514e-05,0.5789139387732417,0.5789139387735446
94.25,0.000564182277497517,0.0005641823638905338,-62.791409505267616,-62.791409505236544,-1.9265010829106945e-05,-1.9265008976586692e-05,0.5787707344762293,0.5787707344765337
94.5,0.000559369308841668,0.0005593693956984425,-62.646734722189315,-62.646734722158136,-1.9252240785325894e-05,-1.9252238927788295e-05,0.578627530149079,0.578627530149385
94.75,0.0005545494059212179,0.0005545494932430045,-62.5020957401918,-62.50209574016051,-1.9320484944999892e-05,-1.9320483082443918e-05,0.5784843258376191,0.5784843258379266
95.0,0.0005497023151862844,0.0005497024029743378,-62.35749255926541,-62.35749255923402,-1.946974329919581e-05,-1.9469741431620427e-05,0.5783411215876781,0.5783411215879871
95.25,0.000544852572151214,0.0005448526604067891,-62.21292959880592,-62.21292959877442,-1.9345036659598224e-05,-1.9345034787002403e-05,0.5781625620765707,0.5781625620768811
95.5,0.0005400213790171661,0.0005400214677415183,-62.06841127823065,-62.068411278199044,-1.932134409144604e-05,-1.932134221382891e-05,0.5779840025234898,0.5779840025238018
95.75,0.0005351834822662562,0.0005351835714606409,-61.92393759754294,-61.92393759751123,-1.939866559357795e-05,-1.9398663710938476e-05,0.5778054429855775,0.577805442985891
96.0,0.0005303136283820544,0.0005303137180477273,-61.77950855673186,-61.779508556700044,-1.957700115551929e-05,-1.9576999267856443e-05,0.5776268835199757,0.5776268835202907
96.25,0.0005254413498435272,0.0005254414399818043,-61.635128575200746,-61.63512857516882,-1.9421396149066424e-05,-1.9421394255897622e-05,0.5774129687144048,0.5774129687147214
96.5,0.0005205928458090568,0.0005205929364212547,-61.490802072379175,-61.49080207234714,-1.938680512376213e-05,-1.9386803225567893e-05,0.5771990538550387,0.5771990538553567
96.75,0.0005157378627831941,0.0005157379538706898,-61.34652904827204,-61.34652904823989,-1.9473228079289624e-05,-1.9473226175105606e-05,0.5769851390103329,0.5769851390106524
97.0,0.0005108461472719722,0.0005108462388361428,-61.20230950286712,-61.20230950283485,-1.968066500410846e-05,-1.9680663094896996e-05,0.5767712242487429,0.576771224249064
97.25,0.0005059522309473235,0.000505952322989426,-61.058147855574745,-61.05814785554237,-1.949416791455852e-05,-1.949416600031863e-05,0.5765219540727624,0.576521954073085
97.5,0.0005010873121536126,0.0005010874046749042,-60.91404852583623,-60.91404852580375,-1.9448684757572443e-05,-1.94486828383031e-05,0.5762726838311683,0.5762726838314924
97.75,0.0004962161374073978,0.000496216230409136,-60.770011513658005,-60.77001151362542,-1.9544215533676452e-05,-1.954421360937662e-05,0.5760234136037298,0.5760234136040555
98.0,0.0004913034532266874,0.0004913035467101299,-60.62603681902657,-60.62603681899387,-1.9780760230744558e-05,-1.978075830141321e-05,0.575774143470216,0.5757741434705433
98.25,0.0004863887887971396,0.00048638888276354415,-60.482128861358404,-60.4821288613256,-1.956339085856204e-05,-1.9563388924198083e-05,0.5754895178546777,0.5754895178550066
98.5,0.0004815083399705006,0.0004815084344211857,-60.33829206010571,-60.33829206007279,-1.9507035408708956e-05,-1.950703346882976e-05,0.5752048921617187,0.5752048921620491
98.75,0.00047662185326586957,0.000476621948202154,-60.194526415276435,-60.19452641524341,-1.9611693881586608e-05,-1.9611691936672743e-05,0.5749202664824218,0.5749202664827537
99.0,0.00047168907520376473,0.00047168917062690726,-60.05083192685579,-60.05083192682265,-1.9877366265441902e-05,-1.9877364315492334e-05,0.57463564090787,0.5746356409082035
99.25,0.00046675453343843627,0.00046675462934969594,-59.90721301426566,-59.90721301423241,-1.962913684730556e-05,-1.9629134892319202e-05,0.5743156597898932,0.5743156597902283
99.5,0.0004618594222845869,0.0004618595186852231,-59.76367409696831,-59.76367409693495,-1.9561921375112214e-05,-1.956191941508809e-05,0.5739956785826954,0.5739956785830321
99.75,0.0004569584882552145,0.0004569585851464868,-59.62021517497325,-59.62021517493977,-1.9675719850580234e-05,-1.9675717885517207e-05,0.5736756973886733,0.5736756973890117
100.0,0.0004520064778646455,0.0004520065752478137,-59.47683624826438,-59.47683624823079,-1.9970532261363118e-05,-1.9970530291260153e-05,0.5733557163102235,0.5733557163105635
100.25,0.000447052915525645,0.0004470530134019693,-59.33354173626833,-59.33354173623463,-1.9691468783238642e-05,-1.96914668080946e-05,0.5730003796319241,0.5730003796322656
100.5,0.00044214399230614376,0.0004421440906768845,-59.19033605845686,-59.19033605842304,-1.961341930714106e-05,-1.9613417326954962e-05,0.5726450428526183,0.5726450428529614
100.75,0.00043722945470504193,0.00043722955357145975,-59.04721921484099,-59.047219214807065,-1.9736383835136152e-05,-1.973638184990702e-05,0.5722897060860164,0.5722897060863611
101.0,0.0004322590492225394,0.00043225914858595544,-58.90419120540334,-58.9041912053693,-2.0060362354759643e-05,-2.0060360364004677e-05,0.5719343694458286,0.5719343694461749
101.25,0.0004272872992846167,0.00042728739914647275,-58.76125644957479,-58.76125644954063,-1.975047282859156e-05,-1.9750470831828128e-05,0.571543677153506,0.5715436771538539
101.5,0.00042236539496764394,0.00042236549532932184,-58.618419366836015,-58.618419366801746,-1.96615973892015e-05,-1.9661595387391777e-05,0.571152984748396,0.5711529847487455
101.75,0.0004174380827491365,0.00041743818361189794,-58.475679957199596,-58.47567995716521,-1.9793736039964114e-05,-1.9793734033107014e-05,0.5707622923555228,0.570762292355874
102.0,0.0004124501091078814,0.0004124502104729884,-58.33303822064684,-58.333038220612345,-2.0146888767331876e-05,-2.0146886755426256e-05,0.5703716000999103,0.570371600100263
102.25,0.00040746099568958087,0.00040746109755829566,-58.19049857661236,-58.19049857657775,-1.980618761093207e-05,-1.98061855939769e-05,0.5699455521438913,0.5699455521442456
102.5,0.00040252693078568816,0.0004025270331593937,-58.048065444585305,-58.04806544455057,-1.9706500654379432e-05,-1.970649863141042e-05,0.5695195040633123,0.5695195040636681
102.75,0.0003975876608454356,0.00039758776372551504,-57.90573882457976,-57.905738824544905,-1.984782790090899e-05,-1.9847825872888362e-05,0.5690934559945109,0.5690934559948684
103.0,0.0003925829323194201,0.00039258303570725687,-57.76351871657573,-57.763518716540766,-2.0230169336368306e-05,-2.023016730233172e-05,0.5686674080738249,0.568667408074184
103.25,0.000387577266130676,0.0003875773700276538,-57.621409540011314,-57.62140953997623,-1.985866256165127e-05,-1.985866052256084e-05,0.5682060044066019,0.5682060044069627
103.5,0.0003826318498437329,0.0003826319542511154,-57.47941571438382,-57.47941571434861,-1.9748170124540064e-05,-1.9748168080394707e-05,0.5677446006030494,0.5677446006034119
103.75,0.00037768142987312694,0.000377681534792178,-57.33753723970887,-57.337537239673544,-1.989869203005525e-05,-1.9898689980853934e-05,0.5672831968108191,0.5672831968111832
104.0,0.00037266075263479214,0.0003726608580667758,-57.195774115965186,-57.195774115929744,-2.0310228261993102e-05,-2.0310226207734632e-05,0.5668217931775622,0.566821793177928
104.25,0.00036763933911525227,0.00036763944506143303,-57.05413076259374,-57.05413076255818,-1.9907915642489805e-05,-1.9907913583172987e-05,0.5663250337561857,0.5663250337565532
104.5,0.00036268337693845884,0.0003626834834002218,-56.91261159909946,-56.91261159906378,-1.9786617522872054e-05,-1.978661545753265e-05,0.5658282741867103,0.5658282741870795
104.75,0.00035772261247842246,0.000357722719457153,-56.771216625499505,-56.7712166254637,-1.9946333907537875e-05,-1.994633183713806e-05,0.5653315146281014,0.5653315146284721
105.0,0.0003526867921105849,0.00035268689960754834,-56.62994584177129,-56.62994584173536,-2.0387064780640372e-05,-2.0387062705179058e-05,0.5648347552393239,0.5648347552396963
105.25,0.00034765043584415316,0.00034765054386061493,-56.48880366735828,-56.48880366732224,-1.9953954462671635e-05,-1.995395238214768e-05,0.5643026400239797,0.5643026400243537
105.5,0.0003426847303222906,0.00034268483885957675,-56.34779452177265,-56.34779452173648,-1.9821858827207585e-05,-1.9821856741138305e-05,0.5637705246487718,0.5637705246491475
105.75,0.00033771442187309687,0.0003377145309325938,-56.20691840503306,-56.20691840499677,-1.9990777880429883e-05,-1.9990775788814082e-05,0.5632384092839791,0.5632384092843564
106.0,0.00033266425682601595,0.0003326643664090503,-56.06617531711563,-56.066175317079214,-2.0460711605401585e-05,-2.046070950871978e-05,0.5627062940998806,0.5627062941002596
106.25,0.0003276137528785533,0.00032761386298651204,-55.92556967746566,-55.925569677429124,-1.999682245293525e-05,-1.9996820350223146e-05,0.5621388230562329,0.5621388230566136
106.5,0.00032263909435915477,0.0003226392049934854,-55.78510590560184,-55.78510590556518,-1.9853948184280492e-05,-1.9853946076018607e-05,0.5615713518409672,0.5615713518413495
106.75,0.00031766002754551805,0.000317660138707548,-55.64478400154437,-55.64478400150759,-2.0032088805953186e-05,-2.003208669262198e-05,0.5610038806356764,0.5610038806360604
107.0,0.0003125962987165998,0.00031259641040765675,-55.50460396526807,-55.504603965231155,-2.0531244301366694e-05,-2.0531242182483483e-05,0.5604364096219533,0.560436409622339
107.25,0.0003075324244541954,0.0003075325366756675,-55.364570216219775,-55.364570216182734,-2.0036585646162495e-05,-2.0036583521726136e-05,0.5598335827178648,0.5598335827182521
107.5,0.0003025495879682288,0.0003025497007214443,-55.224687173924444,-55.224687173887276,-1.988294209352682e-05,-1.9882939964017832e-05,0.5592307556304095,0.5592307556307985
107.75,0.00029756253548145315,0.0002975626487676803,-55.0849548384038,-55.08495483836651,-2.0070313651752397e-05,-2.0070311517169695e-05,0.5586279285524939,0.5586279285528846
108.0,0.00029248601321791575,0.00029248612703842313,-54.945373209631356,-54.94537320959393,-2.059870030219261e-05,-2.0598698162535e-05,0.5580251016770246,0.558025101677417
108.25,0.0002874095374616805,0.00028740965181773696,-54.8059467070554,-54.805946707017846,-2.0073274968446703e-05,-2.007327282371304e-05,0.5573869188812008,0.557386918881595
108.5,0.0002824192911220857,0.00028241940601496043,-54.66667975020704,-54.666679750169365,-1.9908864973002623e-05,-1.9908862823191878e-05,0.556748735890263,0.5567487358906589
108.75,0.0002774250203628163,0.0002774251357937787,-54.52757233910953,-54.52757233907173,-2.0105470324966034e-05,-2.0105468170076903e-05,0.5561105529084314,0.5561105529088289
109.0,0.0002723364713488267,0.0002723365873191465,-54.38862447373507,-54.38862447369714,-2.0663091005074382e-05,-2.066308884510583e-05,0.5554723701399263,0.5554723701403257
109.25,0.00026724816023845005,0.0002672482767493973,-54.249840573533184,-54.24984057349513,-2.0106900473799536e-05,-2.010689830875032e-05,0.5547988314228349,0.554798831423236
109.5,0.0002622512698126659,0.0002622513868655109,-54.11122505804092,-54.11122505800273,-1.993172553254037e-05,-1.9931723362409346e-05,0.554125292498883,0.5541252924992858
109.75,0.00025725054617209577,0.00025725066376816927,-53.972777927283055,-53.97277792724473,-2.0137566191214932e-05,-2.0137564015519355e-05,0.5534517535836047,0.5534517535840091
110.0,0.00025215073541872665,0.0002521508535594199,-53.83449918123047,-53.83449918119201,-2.0724422428981308e-05,-2.0724420247720094e-05,0.5527782148925341,0.5527782148929402
110.25,0.00024705135261895316,0.00024705147130559755,-53.69639323933338,-53.69639323929479,-2.013747594240966e-05,-2.013747375606327e-05,0.5520693202289293,0.5520693202293371
110.5,0.00024204857945959212,0.00024204869869345896,-53.55846452113425,-53.55846452109553,-1.995154531016039e-05,-1.9951543118727685e-05,0.5513604253467227,0.5513604253471321
110.75,0.0002370421619749935,0.0002370422817573545,-53.420713026659364,-53.42071302662051,-2.0166630543443308e-05,-2.016662834692326e-05,0.5506515304727623,0.5506515304731734
111.0,0.00023193184620066824,0.0002319319665328556,-53.283138755878305,-53.283138755839325,-2.0782731621761436e-05,-2.0782729419671353e-05,0.549942635833896,0.5499426358343089
111.25,0.0002268221464294991,0.00022682226731284526,-53.14574612824164,-53.145746128202525,-2.016503590011792e-05,-2.0165033692938157e-05,0.5491983852013045,0.5491983852017192
111.5,0.0002218142435728266,0.00022181436500860415,-53.00853956329688,-53.00853956325763,-1.9968356310538846e-05,-1.9968354098268152e-05,0.5484541343383738,0.5484541343387901
111.75,0.00021680288359561146,0.0002168030055850933,-52.87151906107183,-52.87151906103245,-2.0192692863598014e-05,-2.0192690646235303e-05,0.5477098834832657,0.5477098834836837
112.0,0.00021168281246413233,0.00021168293500859156,-52.734684621534775,-52.73468462149526,-2.083804553817821e-05,-2.083804331572245e-05,0.5469656328741419,0.5469656328745617
112.25,0.00020656354376835334,0.00020656366686912356,-52.59804066413651,-52.598040664096864,-2.0189606761806197e-05,-2.0189604533774537e-05,0.5461860262509334,0.5461860262513548
112.5,0.0002015512577148106,0.00020155138137322573,-52.46159160842951,-52.461591608389725,-1.998218440531176e-05,-1.998218217218472e-05,0.5454064193856517,0.5454064193860748
112.75,0.0001965357001961967,0.00019653582441353073,-52.325337454443094,-52.32533745440318,-2.021577848152085e-05,-2.0215776243297232e-05,0.5446268125277725,0.5446268125281973
113.0,0.00019140661710655908,0.0001914067418840863,-52.18927820214424,-52.18927820210419,-2.0890388966768305e-05,-2.0890386723447026e-05,0.5438472059267714,0.543847205927198
113.25,0.00018627852088583103,0.00018627864622482605,-52.05341827098375,-52.05341827094357,-2.021121691576346e-05,-2.0211214667343214e-05,0.5430322432932003,0.5430322432936286
113.5,0.00018126259058868827,0.00018126271649042592,-51.91776208051881,-51.9177620804785,-1.9993061583382738e-05,-1.9993059329862495e-05,0.5422172804058277,0.5422172804062578
113.75,0.00017624357203306303,0.00017624369849881846,-51.78230963078028,-51.782309630739825,-2.0235922982775263e-05,-2.023592072415383e-05,0.5414023175254431,0.5414023175258749
114.0,0.0001711062110380392,0.00017110633806920826,-51.64706092173381,-51.64706092169321,-2.093980109157847e-05,-2.0939798826891442e-05,0.5405873549128358,0.5405873549132694
114.25,0.0001659700205310749,0.00016597014812917414,-51.512020372830236,-51.5120203727895,-2.0229892465550323e-05,-2.0229890194796616e-05,0.5397370362489415,0.5397370362493769
114.5,0.00016095118005288072,0.00016095130821930655,-51.3771924036315,-51.37719240359062,-2.0001000866987848e-05,-2.0000998591129472e-05,0.5388867173195154,0.5388867173199525
114.75,0.0001559294353439241,0.00015592956408007322,-51.24257701416996,-51.24257701412895,-2.025312631080891e-05,-2.0253124028881465e-05,0.5380363983966608,0.5380363983970997
115.0,0.00015078453214598187,0.00015078466145325133,-51.10817420440997,-51.10817420436882,-2.0986268771619807e-05,-2.0986266484585248e-05,0.5371860797524811,0.5371860797529218
115.25,0.00014564098278492573,0.00014564111266459243,-50.97398839380198,-50.9739883937607,-2.0245629004383315e-05,-2.0245626712240446e-05,0.5363004050417043,0.5363004050421467
115.5,0.00014061996619822923,0.00014062009665157042,-50.84002400191225,-50.84002400187083,-2.0006006582586826e-05,-2.000600428533451e-05,0.5354147300536686,0.5354147300541127
115.75,0.00013559622804685273,0.00013559635907514593,-50.70628102877466,-50.7062810287331,-2.026740152098945e-05,-2.026739921862649e-05,0.534529055071791,0.5345290550722369
116.0,0.00013044451399298342,0.00013044464559750638,-50.57275947435225,-50.57275947431055,-2.1029813795017645e-05,-2.102981148754296e-05,0.5336433803794889,0.5336433803799365
116.25,0.00012529433524285854,0.00012529446742488937,-50.43946375809491,-50.439463758053066,-2.0258452480980244e-05,-2.025845016839258e-05,0.5327223496066452,0.5327223496070946
116.5,0.00012027186961309662,0.00012027200237391366,-50.30639829957304,-50.306398299531054,-2.0008108838232588e-05,-2.0008106520530754e-05,0.5318013185448208,0.5318013185452721
116.75,0.00011524686268306199,0.00011524699602394395,-50.17356309882205,-50.17356309877992,-2.0278782882335787e-05,-2.027878055951848e-05,0.5308802874887468,0.5308802874891999
117.0,0.00011008906003332388,0.00011008919395554975,-50.04095815580366,-50.04095815576139,-2.1070474588089547e-05,-2.1070472260155627e-05,0.5299592567331541,0.529959256733609
117.25,0.00010493297396189119,0.0001049331084668005,-49.908587889967286,-49.908587889924874,-2.0268383647194206e-05,-2.026838131366082e-05,0.5290028698823154,0.529002869882772
117.5,9.990978337592207e-05,9.990991846485462e-05,-49.77645672088759,-49.77645672084503,-2.0007310710774194e-05,-2.00073083721218e-05,0.5280464827307696,0.528046482731228
117.75,9.488423377129045e-05,9.488436944552614e-05,-49.64456464860149,-49.644564648558784,-2.028725579567611e-05,-2.0287253451903576e-05,0.5270900955845617,0.527090095585022
118.0,8.972107064499253e-05,8.972120690581157e-05,-49.51291167306939,-49.512911673026544,-2.110821887607512e-05,-2.1108216527181085e-05,0.5261337087497365,0.5261337087501986
118.25,8.455980501502201e-05,8.455994186370491e-05,-49.381502213739815,-49.38150221369682,-2.0275409217382512e-05,-2.027540686336578e-05,0.5251419658084849,0.5251419658089488
118.5,7.953661450744129e-05,7.953675194526887e-05,-49.250340690191216,-49.25034069014807,-2.0003617903624773e-05,-2.0003615544484204e-05,0.5241502225548061,0.5241502225552719
118.75,7.451124453275551e-05,7.45113825611293e-05,-49.11942710246203,-49.11942710241874,-2.0292844953413157e-05,-2.0292842588184244e-05,0.523158479306059,0.5231584793065266
119.0,6.934344050269078e-05,6.934357912301261e-05,-48.98876145051136,-48.98876145046792,-2.1143090338368775e-05,-2.1143087968013527e-05,0.5221667363796021,0.5221667363800716
119.25,6.417771356013541e-05,6.417785277368703e-05,-48.85834815378679,-48.85834815374321,-2.027956164667905e-05,-2.027955927119622e-05,0.5211396373356334,0.5211396373361047
119.5,5.915524145497505e-05,5.915538126303847e-05,-48.72819163187059,-48.72819163182685,-1.9997051646152217e-05,-1.9997049265540552e-05,0.5201125379675172,0.5201125379679904
119.75,5.4130769511024344e-05,5.413090991494214e-05,-48.59829188480269,-48.59829188475881,-2.0295560356200756e-05,-2.029555796997741e-05,0.5190854386039262,0.5190854386044013
120.0,4.895904305329715e-05,4.895918405441219e-05,-48.468648912540885,-48.46864891249686,-2.117508774781845e-05,-2.117508535646383e-05,0.518058339573533,0.5180583395740098
120.25,4.378957275716042e-05,4.378971435675568e-05,-48.33926713453167,-48.33926713448749,-2.0280844457693305e-05,-2.028084206120616e-05,0.5169958844160317,0.5169958844165105
120.5,3.876853590404735e-05,3.8768678103406114e-05,-48.210150970360885,-48.21015097031657,-1.9987620210848225e-05,-1.9987617809227253e-05,0.5159334289226652,0.5159334289231458
120.75,3.374567772973032e-05,3.374582053013619e-05,-48.081300420070015,-48.08130042002555,-2.0295415026532785e-05,-2.0295412619776903e-05,0.5148709734334199,0.5148709734339023
121.0,2.857074347115946e-05,2.8570886873896322e-05,-47.95271548361553,-47.95271548357091,-2.1204228876075677e-05,-2.1204226464183525e-05,0.5138085182882823,0.5138085182887665
121.25,2.3398243356666706e-05,2.3398387363018765e-05,-47.824400580442756,-47.82440058039799,-2.0279275268965073e-05,-2.027927285193551e-05,0.5127107070068123,0.5127107070072984
121.5,1.8379354219754282e-05,1.8379498831066255e-05,-47.696360130141116,-47.6963601300962,-1.9975341062927908e-05,-1.997533864027803e-05,0.5116128953777617,0.5116128953782496
121.75,1.3358821206733406e-05,1.3358966424350319e-05,-47.568594132753596,-47.568594132708526,-2.029242627704987e-05,-2.0292423849260033e-05,0.5105150837524307,0.5105150837529205
122.0,8.181389465131994e-06,8.181535290338993e-06,-47.441102588235346,-47.44110258819013,-2.1230530882511642e-05,-2.1230528449580595e-05,0.5094172724821198,0.5094172724826115
122.25,3.006568345488206e-06,3.00671477957075e-06,-47.31388991603036,-47.31388991598499,-2.027487469714438e-05,-2.0274872259070815e-05,0.5082841050677696,0.5082841050682632
122.5,-2.0094661970618055e-06,-2.0093191528179234e-06,-47.18696053573143,-47.186960535685905,-1.9960238273532427e-05,-1.9960235830315046e-05,0.5071509372941277,0.5071509372946231
122.75,-7.026969106660796e-06,-7.026821451029685e-06,-47.06031444738305,-47.06031444733737,-2.0286621632762886e-05,-2.028661918488221e-05,0.5060177695238085,0.5060177695243057
123.0,-1.2206195326255575e-05,-1.2206047058071252e-05,-46.93395165093906,-46.93395165089323,-2.1254024744181086e-05,-2.125402229163586e-05,0.504884602119426,0.504884602119925
123.25,-1.7382634964790535e-05,-1.73824860828867e-05,-46.807876565842236,-46.80787656579625,-2.0267662380834594e-05,-2.0267659923623567e-05,0.5037160785622788,0.5037160785627798
123.5,-2.2395111527490945e-05,-2.2394962030700988e-05,-46.68209361168886,-46.68209361164273,-1.9942320145552192e-05,-1.9942317683674065e-05,0.502547554634127,0.5025475546346299
123.75,-2.740888005023996e-05,-2.7408729937396953e-05,-46.556602788524955,-46.55660278847866,-2.027799806046e-05,-2.0277995593913584e-05,0.5013790307088986,0.5013790307094033
124.0,-3.258919556783608e-05,-3.2589044837622265e-05,-46.43140409630304,-46.43140409625659,-2.1274696094754625e-05,-2.1274693622334553e-05,0.5002105071605216,0.5002105071610282
124.25,-3.7766548017021184e-05,-3.776639666811849e-05,-46.30650195446449,-46.30650195441788,-2.0257626910379396e-05,-2.025762443328837e-05,0.4990066274521167,0.499006627452625
124.5,-4.2774760731378506e-05,-4.277460876261905e-05,-46.1819007826089,-46.18190078256214,-1.99215782244567e-05,-1.9921575742693637e-05,0.4978027473609937,0.49780274736150365
124.75,-4.778408883949134e-05,-4.778393624967688e-05,-46.057600580783806,-46.05760058073689,-2.026655005967034e-05,-2.0266547572993298e-05,0.4965988672723946,0.4965988672729062
125.0,-5.2964787468879346e-05,-5.296463425669093e-05,-45.933601348940414,-45.93360134889334,-2.129254238482728e-05,-2.129253989251271e-05,0.4953949875715613,0.49539498757207456
125.25,-5.814234684940623e-05,-5.814219301355476e-05,-45.80990750651848,-45.80990750647125,-2.0244769466472843e-05,-2.024476696948287e-05,0.49415575170527837,0.4941557517057933
125.5,-6.314559060828436e-05,-6.314543614760079e-05,-45.68652347312067,-45.68652347307329,-1.9898017420238563e-05,-1.9898014918571988e-05,0.4929165154445657,0.4929165154450823
125.75,-6.814977396767706e-05,-6.814961888096201e-05,-45.56344924879605,-45.5634492487485,-2.0252286269846758e-05,-2.0252283763261642e-05,0.49167727918597914,0.4916772791864974
126.0,-7.333015214861454e-05,-7.332999643463823e-05,-45.440684833494494,-45.44068483344678,-2.1307575982509976e-05,-2.1307573471005178e-05,0.4904380433260745,0.4904380433265944
126.25,-7.850721488023604e-05,-7.85070585377684e-05,-45.318234646654254,-45.31823464660638,-2.0229096073589265e-05,-2.0229093557163643e-05,0.4891634512942939,0.4891634512948155
126.5,-8.350478528963133e-05,-8.35046283174721e-05,-45.19610310788122,-45.19610310783319,-1.9871637413579282e-05,-1.9871634892472444e-05,0.48788885885637007,0.4878888588568933
126.75,-8.850311869338484e-05,-8.850296109036359e-05,-45.07429021722595,-45.07429021717776,-2.0235200027723167e-05,-2.0235197501934026e-05,0.48661426642017275,0.48661426642069766
127.0,-9.368247040702906e-05,-9.368231217185465e-05,-44.95279597463703,-44.95279597458868,-2.131978388236237e-05,-2.1319781350926526e-05,0.4853396743935716,0.4853396743940982
127.25,-9.885833111001128e-05,-9.885817224133213e-05,-44.831624799550866,-44.83162479950236,-2.0210605341032883e-05,-2.0210602804430854e-05,0.48402972619125706,0.48402972619178536
127.5,-0.00010384952488005718,-0.00010384936537664177,-44.710781111576246,-44.71078111152758,-1.9842448428028418e-05,-1.9842445886740613e-05,0.4827197775710905,0.48271977757162055
127.75,-0.00010884130712870755,-0.00010884114698935421,-44.590264910765235,-44.59026491071641,-2.0215313169147826e-05,-2.0215310622932305e-05,0.4814098289522556,0.48140982895278733
128.0,-0.00011401893326647177,-0.00011401877248991832,-44.470076197065104,-44.47007619701611,-2.1329199530341e-05,-2.132919697895582e-05,0.4800998807539359,0.4800998807544693
128.25,-0.00011919289337646577,-0.00011919273196147985,-44.35021938991062,-44.350219389861465,-2.0189318346065725e-05,-2.018931578999124e-05,0.47875457637459884,0.47875457637513397
128.5,-0.00012417701094054987,-0.00012417684888595896,-44.23069890891363,-44.23069890886431,-1.9810459172496187e-05,-1.9810456611731202e-05,0.4774092715656988,0.4774092715662356
128.75,-0.00012916154146602312,-0.00012916137877065444,-44.11151475412772,-44.111514754078236,-2.019262203646935e-05,-2.0192619471012778e-05,0.47606396675773316,0.4760639667582717
129.0,-0.000134336740459204,-0.0001343365771218544,-43.99266692549884,-43.99266692544919,-2.133580690330382e-05,-2.1335804332913663e-05,0.4747186623811995,0.4747186623817397
129.25,-0.00013950809820731808,-0.00013950793422666375,-43.874159842460024,-43.874159842410215,-2.0165225475420098e-05,-2.016522289937276e-05,0.4733380018190739,0.47333800181961583
129.5,-0.0001444844383967025,-0.00014448427377144934,-43.7559979246261,-43.75599792457613,-1.9775666443179064e-05,-1.9775663862436614e-05,0.4719573408156756,0.4719573408162192
129.75,-0.00014946101663102342,-0.00014946085136002766,-43.638181172052164,-43.63818117200203,-2.016712983421456e-05,-2.0167127249016654e-05,0.4705766798128159,0.47057667981336126
130.0,-0.00015463308851295708,-0.0001546329225951348,-43.520709584682855,-43.520709584632556,-2.1339615612972386e-05,-2.1339613023558636e-05,0.4691960192523063,0.46919601925285337
130.25,-0.0001598011452397328,-0.0001598009786740299,-43.40358758194924,-43.403587581898776,-2.0138341992669545e-05,-2.0138339399038753e-05,0.4677800025034602,0.467780002504009
130.5,-0.00016476901140803665,-0.00016476884419345888,-43.2868195834689,-43.28681958341827,-1.973809115518834e-05,-1.9738088557820917e-05,0.46636398530163625,0.46636398530218676
130.75,-0.00016973694271840201,-0.0001697367748539549,-43.17040558929843,-43.17040558924764,-2.0138863128475874e-05,-2.0138860526889024e-05,0.46494796809995975,0.464947968100512
131.0,-0.00017490519487030215,-0.00017490502635499088,-43.05434559938117,-43.05434559933021,-2.1340657876103084e-05,-2.1340655270777267e-05,0.46353195135155595,0.4635319513521099
131.25,-0.0001800692584423546,-0.0001800690892752142,-42.938644033146396,-42.93864403309527,-2.0108687889783988e-05,-2.010868528047721e-05,0.4620805784106105,0.4620805784111662
131.5,-0.00018502795741305608,-0.00018502778759312122,-42.82330531021462,-42.82330531016333,-1.9697741075565088e-05,-1.9697738462517062e-05,0.4606292050049798,0.46062920500553717
131.75,-0.00018998654758036238,-0.0001899863771066976,-42.70832943064396,-42.7083294305925,-2.0107817461948673e-05,-2.01078148451581e-05,0.4591778315991029,0.459177831599662
132.0,-0.0001951502847412196,-0.00019515011361285903,-42.593716394376415,-42.59371639432479,-2.133891701235435e-05,-2.1338914391579288e-05,0.457726458657419,0.45772645865797984
132.25,-0.00020030965995589898,-0.00020030948817184637,-42.47947062083924,-42.47947062078744,-2.007625529278964e-05,-2.007625266802884e-05,0.45623972952108716,0.45623972952164976
132.5,-0.00020525849768474565,-0.0002052583252439141,-42.3655965296556,-42.365596529603636,-1.9654617136241305e-05,-1.9654614506771167e-05,0.45475299990836515,0.45475299990892953
132.75,-0.0002102070538234868,-0.00021020688072469882,-42.25209412088513,-42.252094120833,-2.0074002571283858e-05,-2.0073999937103136e-05,0.45326627029500605,0.45326627029557215
133.0,-0.00021536558426676973,-0.0002153654105089077,-42.13896339446853,-42.13896339441623,-2.133441156070299e-05,-2.1334408922292145e-05,0.45177954115676283,0.45177954115733066
133.25,-0.00022051957899815082,-0.00022051940458015713,-42.026208769831335,-42.02620876977886,-2.0041050276766515e-05,-2.004104763412446e-05,0.4502574558190108,0.4502574558195803
133.5,-0.00022545786140162427,-0.00022545768632244094,-41.91383466659973,-41.91383466654709,-1.960871294826976e-05,-1.960871030139519e-05,0.44873536999315927,0.4487353699937306
133.75,-0.00023039568747136675,-0.0002303955117298753,-41.80184108483487,-41.801841084782055,-2.0037399606269415e-05,-2.0037396954679486e-05,0.44721328416627526,0.4472132841668483
134.0,-0.00023554831320058578,-0.0002355481367956674,-41.69022802447612,-41.690228024423135,-2.1327110211955723e-05,-2.1327107556130893e-05,0.44569119882542557,0.4456911988260004
134.25,-0.0002406962287529855,-0.00024069605168358134,-41.578999904946954,-41.5789999048938,-2.000305159256559e-05,-2.0003048932504666e-05,0.444133757283179,0.4441337572837556
134.5,-0.00024562325769291203,-0.00024562307995790254,-41.46816114587621,-41.46816114582288,-1.956001732327681e-05,-1.9560014658497e-05,0.44257631524112495,0.4425763152417033
134.75,-0.00025054965611327995,-0.00025054947771154554,-41.35771174732654,-41.35771174727304,-1.999800743546066e-05,-1.9998004766442263e-05,0.4410188731976442,0.44101887319822436
135.0,-0.00025569568010605536,-0.000255695501036476,-41.247651709236,-41.24765170918233,-2.1317021890156347e-05,-2.131701921641651e-05,0.4394614316511176,0.43946143165169954
135.25,-0.00026083682080507475,-0.0002608366410664699,-41.137985451025855,-41.137985450972,-1.9962274486308075e-05,-1.9962271807845602e-05,0.4378686339024583,0.437868633903042
135.5,-0.00026575190274479157,-0.0002657517223359804,-41.02871739232743,-41.0287173922734,-1.9508551827122446e-05,-1.950854914393614e-05,0.43627583564228833,0.4362758356428738
135.75,-0.0002706661821169536,-0.0002706660010367551,-40.919847533204894,-40.91984753315069,-1.995585394524628e-05,-1.9955851257334897e-05,0.4346830373803024,0.43468303738088965
136.0,-0.0002758049151124401,-0.00027580473335961256,-40.81137587359498,-40.811375873540605,-2.1304180801083975e-05,-2.130417810796466e-05,0.4330902396261952,0.4330902396267842
136.25,-0.00028093859176203835,-0.00028093840933540005,-40.70330683291702,-40.70330683286247,-1.9918736579292e-05,-1.9918733881926767e-05,0.4314620856669869,0.4314620856675777
136.5,-0.00028584103549739826,-0.0002858408523958876,-40.59564483080512,-40.59564483075039,-1.9454317498843934e-05,-1.9454314797231777e-05,0.42983393118456026,0.42983393118515284
136.75,-0.00029074250260957085,-0.00029074231883212593,-40.488389867324955,-40.488389867270044,-1.991092359318263e-05,-1.99109208873223e-05,0.42820577669992377,0.4282057767005182
137.0,-0.00029587324938869865,-0.0002958730649342573,-40.38154194241195,-40.38154194235687,-2.1288554821598038e-05,-2.1288552111488316e-05,0.42657762273408606,0.42657762273468225
137.25,-0.0003009987665465951,-0.0003009985814140948,-40.275105475483166,-40.2751054754279,-1.9872420024491017e-05,-1.987241731013068e-05,0.4249141125628141,0.42491411256341205
137.5,-0.00030588787819611416,-0.00030588769238443193,-40.16908488617515,-40.169084886119705,-1.9397310766525636e-05,-1.9397308047431832e-05,0.4232506018566195,0.4232506018572193
137.75,-0.00031077584072770827,-0.0003107756542357208,-40.063480174555096,-40.063480174499475,-1.9863227080494168e-05,-1.986322435714728e-05,0.42158709114782483,0.4215870911484264
138.0,-0.0003158979105308211,-0.0003158977233574649,-39.95829134055712,-39.95829134050132,-2.1270168925533878e-05,-2.127016619793266e-05,0.4199235809687525,0.41992358096935584
138.25,-0.0003210145785394366,-0.0003210143906835878,-39.85352280359613,-39.85352280354015,-1.982334612578058e-05,-1.9823343393442228e-05,0.4182247145828793,0.4182247145834844
138.5,-0.00032588966908861405,-0.0003258894805490279,-39.74917898331126,-39.749178983255106,-1.933754926225522e-05,-1.9337546524696858e-05,0.41652584765038075,0.4165258476509877
138.75,-0.00033076343866833026,-0.0003307632494437619,-39.64525987977122,-39.64525987971488,-1.9812778369507096e-05,-1.9812775627209083e-05,0.41482698071489327,0.414826980715502
139.0,-0.00033587614376763347,-0.000335875953856958,-39.54176549290879,-39.54176549285227,-2.124903340555679e-05,-2.124903065899953e-05,0.41312811432005314,0.4131281143206637
139.25,-0.00034098327482012477,-0.00034098308422227726,-39.43870024213685,-39.43870024208016,-1.9771519396459318e-05,-1.9771516645641536e-05,0.41139389171622703,0.4113938917168394
139.5,-0.00034584365566071244,-0.00034584346437456737,-39.33606854709723,-39.336068547040355,-1.9275031722834084e-05,-1.9275028967272955e-05,0.409659668554071,0.40965966855468516
139.75,-0.0003507025428793171,-0.0003507023509037487,-39.233870407860124,-39.233870407803074,-1.9759570420025032e-05,-1.9759567660200884e-05,0.4079254453885353,0.4079254453891513
140.0,-0.000355805193065011,-0.00035580500039889316,-39.13210582435702,-39.13210582429979,-2.122513544590009e-05,-2.1225132681330096e-05,0.40619122277457026,0.4061912227751881
140.25,-0.0003609020970185782,-0.00036090190366072427,-39.0307792159984,-39.03077921594099,-1.971693396436948e-05,-1.9716931195052395e-05,0.40442164395231767,0.40442164395293734
140.5,-0.00036574707894194964,-0.0003657468848911727,-38.929895002428395,-38.9298950023708,-1.9209759217121187e-05,-1.9209756443055708e-05,0.4026520645600327,0.4026520645606542
140.75,-0.0003705903955248811,-0.0003705902007800541,-38.82945318371873,-38.829453183660945,-1.9703611240292706e-05,-1.9703608461959214e-05,0.40088248516397956,0.4008824851646029
141.0,-0.0003756823034562996,-0.0003756821080162952,-38.729453759799554,-38.729453759741595,-2.1198489991116945e-05,-2.1198487208032533e-05,0.39911290633042235,0.3991129063310475
141.25,-0.0003807682925769166,-0.0003807680964406071,-38.62990115007956,-38.62990115002142,-1.965959415559338e-05,-1.9659591368238456e-05,0.39730797128457074,0.39730797128519774
141.5,-0.00038559718612887376,-0.0003855969892951913,-38.53079977420578,-38.53079977414745,-1.9141725454905507e-05,-1.9141722663278796e-05,0.3955030356569804,0.39550303565760925
141.75,-0.0003904242409023785,-0.0003904240433702551,-38.43214963225145,-38.43214963219293,-1.964488392743096e-05,-1.9644881131531213e-05,0.3936981000252295,0.39369810002586014
142.0,-0.00039550471368689,-0.00039550451545525717,-38.33395072414541,-38.333950724086705,-2.1169069528805897e-05,-2.1169066728631843e-05,0.3918931649668959,0.39189316496752846
142.25,-0.0004005790947560336,-0.00040057889582382263,-38.236207469293944,-38.23620746923505,-1.9599483606109873e-05,-1.9599480801660204e-05,0.3900528736969897,0.3900528736976241
142.5,-0.00040539120778482305,-0.0004053910081509649,-38.1389242873464,-38.13892428728732,-1.9070925219320543e-05,-1.9070922410594014e-05,0.3882125818336409,0.38821258183427715
142.75,-0.0004102013096638662,-0.0004102011093272914,-38.04210117837753,-38.04210117831826,-1.9583394407609835e-05,-1.958339159460517e-05,0.3863722899657414,0.3863722899663795
143.0,-0.00041526965728298223,-0.0004152694562426212,-37.94573814231486,-37.94573814225541,-2.1136891125497722e-05,-2.1136888308213648e-05,0.3845319986821832,0.3845319986828231
143.25,-0.0004203317406368084,-0.0004203315388915911,-37.849839598562404,-37.84983959850276,-1.953661368692187e-05,-1.9536610865357105e-05,0.38265635118671076,0.38265635118735253
143.5,-0.0004251263831214284,-0.0004251261806702243,-37.754409966771966,-37.75440996671213,-1.8997364185476885e-05,-1.899736135914855e-05,0.38078070308609097,0.3807807030867346
143.75,-0.0004299188417278888,-0.0004299186385695068,-37.6594492470198,-37.65944924695978,-1.951914266112921e-05,-1.951913983003604e-05,0.3789050549805297,0.3789050549811752
144.0,-0.0004349743734464073,-0.00043497416957971624,-37.564957439232124,-37.56495743917191,-2.1101949067283045e-05,-2.1101946231905384e-05,0.3770294074702327,0.3770294074708801
144.25,-0.0004400234685441011,-0.00044002326396796955,-37.47093896281067,-37.47093896275027,-1.947098309616429e-05,-1.947098025601921e-05,0.3751184037477642,0.37511840374841343
144.5,-0.00044479995068958425,-0.0004447997454028804,-37.37739823740968,-37.377398237349084,-1.89210454635069e-05,-1.892104261907475e-05,0.3732073994084453,0.37320739940909636
144.75,-0.0004495740769744287,-0.0004495738709760805,-37.284335263106925,-37.28433526304614,-1.945213621055281e-05,-1.945213336183232e-05,0.3712963950637957,0.37129639506444867
145.0,-0.0004546161044895178,-0.0004546158977783929,-37.1917500398273,-37.19175003976632,-2.1064255290552912e-05,-2.106425243706115e-05,0.36938539132533516,0.36938539132599
145.25,-0.00045965152450906817,-0.00045965131708397355,-37.09964698696987,-37.0996469869087,-1.9402609647588087e-05,-1.9402606789323775e-05,0.36743903137750705,0.3674390313781638
145.5,-0.00046440916170843434,-0.00046440895356823693,-37.00803052419095,-37.00803052412959,-1.884199274326942e-05,-1.8841989880712858e-05,0.36549267080113057,0.36549267080178915
145.75,-0.00046916427327930657,-0.00046916406442287296,-36.91690065156981,-36.91690065150826,-1.9382404619148935e-05,-1.938240175181727e-05,0.36354631021903927,0.36354631021969974
146.0,-0.00047419211641258553,-0.000474191906838782,-36.82625736903003,-36.826257368968285,-2.1023845227358893e-05,-2.1023842355732403e-05,0.36159995025406677,0.36159995025472913
146.25,-0.00047921318112016496,-0.00047921297082791764,-36.73610509596868,-36.736105095906744,-1.933151061510491e-05,-1.9331507739182314e-05,0.35961823407729443,0.3596182340779587
146.5,-0.0004839512908154523,-0.00048395107980362675,-36.64644825204477,-36.64644825198263,-1.8760205143492508e-05,-1.87602022627909e-05,0.35763651726027035,0.3576365172609365
146.75,-0.0004886867027906488,-0.0004886864910580499,-36.557286837339085,-36.557286837276756,-1.930992885390445e-05,-1.9309925968422534e-05,0.3556548004371421,0.3556548004378101
147.0,-0.0004936996743372463,-0.0004936994618826788,-36.46862085177389,-36.468620851711364,-2.0980681699282946e-05,-2.098067880901939e-05,0.3536730842420571,0.35367308424272703
147.25,-0.0004987056955519288,-0.0004987054823741971,-36.38045471474409,-36.38045471468136,-1.9257659600223143e-05,-1.925765670517667e-05,0.3516560118340192,0.351656011834691
147.5,-0.0005034235899328483,-0.0005034233760307566,-36.29279284591124,-36.29279284584832,-1.8675667043930054e-05,-1.867566414409936e-05,0.3496389387740271,0.34963893877470076
147.75,-0.0005081386148729902,-0.000508138400245282,-36.20563524535764,-36.20563524529453,-1.923470407354321e-05,-1.923470116844539e-05,0.34762186570754217,0.3476218657082178
148.0,-0.0005131360277645902,-0.000513135812410069,-36.11898191300425,-36.11898191294094,-2.093477063992486e-05,-2.0934767730521788e-05,0.3456047932800259,0.3456047932807035
148.25,-0.0005181263185254505,-0.0005181261024430398,-36.03283726824351,-36.03283726818,-1.918106042914059e-05,-1.918105751543091e-05,0.34355236464063127,0.3435523646413108
148.5,-0.0005228233104748262,-0.000522823093663389,-35.94720573073926,-35.947205730675556,-1.8588380163079865e-05,-1.85883772445807e-05,0.34149993533757966,0.3414999353382611
148.75,-0.0005275172611062643,-0.0005275170435646632,-35.862087300575325,-35.86208730051142,-1.915672988519441e-05,-1.9156726962386007e-05,0.3394475060276464,0.33944750602832974
149.0,-0.0005324984279125818,-0.0005324982096396792,-35.777481977671314,-35.77748197760721,-2.0886109546192914e-05,-2.0886106618592393e-05,0.33739507736760677,0.337395077368292
149.25,-0.000537472300463068,-0.0005374720814577259,-35.693394181417226,-35.69339418135292,-1.9101709239914854e-05,-1.9101706308002515e-05,0.33530729249697605,0.3353072924976632
149.5,-0.0005421477017283096,-0.0005421474819893293,-35.609828331479136,-35.60982833141463,-1.8498339279547417e-05,-1.849833634235867e-05,0.33321950695098446,0.33321950695167357
149.75,-0.0005468198893022826,-0.0005468196688284052,-35.52678442794237,-35.526784427877665,-1.9075999709336404e-05,-1.9075996767351522e-05,0.3311317213977212,0.3311317213984122
150.0,-0.0005517841207783137,-0.0005517838995683401,-35.444262470725235,-35.44426247066033,-2.083469047983753e-05,-2.0834687533055235e-05,0.32904393650527536,0.3290439365059683
150.25,-0.0005567408854908374,-0.0005567406635436282,-35.36226687921584,-35.362266879150724,-1.9019599002937745e-05,-1.901959605183831e-05,0.3269207953989128,0.32692079539960767
150.5,-0.0005613940061758042,-0.0005613937834902799,-35.280802073083066,-35.280802073017746,-1.8405538274976462e-05,-1.8405535319558532e-05,0.32479765360548474,0.32479765360618157
150.75,-0.0005660437405281405,-0.0005660435171032213,-35.19986805241376,-35.19986805234824,-1.8992508341475532e-05,-1.8992505381737805e-05,0.3226745118043944,0.32267451180509316
151.0,-0.0005709903462421424,-0.0005709901220767482,-35.11946481712492,-35.119464817059196,-2.0780509151874722e-05,-2.0780506187815843e-05,0.32055137067504474,0.32055137067574546
151.25,-0.000575929313738049,-0.0005759290888310994,-35.03959678660201,-35.03959678653608,-1.893473599811205e-05,-1.8934733029730687e-05,0.3183928733343192,0.31839287333502186
151.5,-0.000580559466837402,-0.000580559241187756,-34.96026838051602,-34.96026838044988,-1.8309993995320254e-05,-1.8309991022133474e-05,0.31623437529482906,0.31623437529553367
151.75,-0.0005851860633357079,-0.0005851858369421639,-34.881479598955295,-34.88147959888895,-1.8906283189331738e-05,-1.890628021133821e-05,0.31407587724729125,0.31407587724799785
152.0,-0.0005901143610278025,-0.0005901141338891587,-34.80323044183551,-34.80323044176896,-2.0723603528949688e-05,-2.0723600546148033e-05,0.3119173798824228,0.3119173798831314
152.25,-0.00059503484982199,-0.0005950346219370443,-34.725525328539966,-34.72552532847321,-1.8847145407551567e-05,-1.8847142419940395e-05,0.3097235263051265,0.3097235263058371
152.5,-0.0005996413530278824,-0.0005996411243954923,-34.64836867874218,-34.64836867867522,-1.8211718838742663e-05,-1.8211715846802275e-05,0.3075296720173646,0.3075296720180772
152.75,-0.0006042441285417035,-0.0006042438991607265,-34.571760492532015,-34.57176049246485,-1.8817323870593172e-05,-1.8817320873840505e-05,0.3053358177211679,0.3053358177218825
153.0,-0.0006091534342591472,-0.0006091532041283799,-34.49570076982383,-34.495700769756446,-2.066396045078869e-05,-2.0663957449222382e-05,0.30314196411856736,0.3031419641192839
153.25,-0.0006140547595928686,-0.0006140545287111676,-34.420193929998455,-34.42019392993087,-1.8756814202158763e-05,-1.8756811196259116e-05,0.3009127543047035,0.30091275430542197
153.5,-0.000618636927356807,-0.0006186366957230287,-34.34524439273168,-34.345244392663886,-1.8110699908960268e-05,-1.8110696898244324e-05,0.2986835437686712,0.2986835437693916
153.75,-0.0006232151955479092,-0.0006232149631608493,-34.27085215811488,-34.27085215804688,-1.872561761909374e-05,-1.8725614603560168e-05,0.29645433322381515,0.29645433322453757
154.0,-0.000628104822162491,-0.0006281045890209449,-34.197017226061085,-34.19701722599288,-2.0601567279609712e-05,-2.0601564259257155e-05,0.2942251233834802,0.29422512338420465
154.25,-0.0006329862968634824,-0.0006329860629662452,-34.123744015948596,-34.123744015880185,-1.8663735711508168e-05,-1.866373268633527e-05,0.2919605573338305,0.29196055733455684
154.5,-0.0006375434427148797,-0.0006375432080608063,-34.05103694745535,-34.05103694738673,-1.800693649957288e-05,-1.8006933470059883e-05,0.28969599055031103,0.2896959905510394
154.75,-0.0006420965178140061,-0.0006420962824019511,-33.978896020674235,-33.978896020605404,-1.8631169692979003e-05,-1.8631166658642922e-05,0.2874314237575806,0.28743142375831093
155.0,-0.0006469657802576333,-0.000646965544086391,-33.90732123551697,-33.907321235447924,-2.053643523814121e-05,-2.0536432198980687e-05,0.28516685768029776,0.2851668576810301
155.25,-0.0006518267199407644,-0.0006518264830091885,-33.83631701135959,-33.83631701129033,-1.8567921010166292e-05,-1.8567917966661544e-05,0.2828669353932459,0.2828669353939803
155.5,-0.0006563581601594768,-0.0006563579224664208,-33.765887767882504,-33.765887767813034,-1.790043953978727e-05,-1.7900436491455313e-05,0.2805670123606247,0.28056701236136106
155.75,-0.0006608853591115231,-0.0006608851206558404,-33.696033505180104,-33.69603350511042,-1.8533990876489963e-05,-1.8533987823811048e-05,0.27826708931840666,0.278267089319145
156.0,-0.0006657335749941244,-0.000665733335774728,-33.6267542231628,-33.6267542230929,-2.0468574966534244e-05,-2.046857190950698e-05,0.27596716700256435,0.2759671670033047
156.25,-0.0006705732970338338,-0.0006705730570495762,-33.55805434120424,-33.55805434113413,-1.8469373534434292e-05,-1.846937047257569e-05,0.2736318884775282,0.2736318884782705
156.5,-0.0006750783478581302,-0.0006750781071078637,-33.48993827898717,-33.489938278916846,-1.779120526050736e-05,-1.7791202194297668e-05,0.2712966091952203,0.27129660919596466
156.75,-0.0006795789857652239,-0.0006795787442478002,-33.42240603660749,-33.422406036536955,-1.8434070196477523e-05,-1.8434067125433707e-05,0.2689613299029272,0.26896132990367355
157.0,-0.0006844054690528732,-0.0006844052267670836,-33.355457613974295,-33.35545761390354,-2.0397968287006e-05,-2.0397965211126724e-05,0.2666260513479353,0.26662605134868367
157.25,-0.0006892232869322725,-0.0006892230438769684,-33.28909743045868,-33.28909743038771,-1.8368080331350785e-05,-1.8368077251116265e-05,0.2642554165857084,0.26425541658645874
157.5,-0.0006937012620154441,-0.000693701018189416,-33.22332990574555,-33.22332990567437,-1.7679225934739824e-05,-1.767922284918545e-05,0.26188478105450785,0.26188478105526025
157.75,-0.0006981746527007678,-0.000698174408102806,-33.15815503993232,-33.15815503986092,-1.8331405148245588e-05,-1.8331402058333178e-05,0.25951414551293406,0.2595141455136885
158.0,-0.0007029787173861309,-0.0007029784720150855,-33.09357283292676,-33.093572832855145,-2.0324617916857002e-05,-2.032461482210354e-05,0.25714351071958735,0.25714351072034386
158.25,-0.0007077739444925,-0.0007077736983472207,-33.029587704097835,-33.029587704026,-1.8264037917267186e-05,-1.826403481815289e-05,0.25473751971766995,0.25473751971842845
158.5,-0.0007122241558417002,-0.0007122239089210967,-32.966204073133014,-32.96620407306096,-1.7564491877342083e-05,-1.7564488773865602e-05,0.2523315279350739,0.2523315279358344
158.75,-0.0007166696099325196,-0.0007166693622354408,-32.903421940131224,-32.90342194005895,-1.8225979849911904e-05,-1.8225976741590223e-05,0.2499255361417135,0.24992553614247595
159.0,-0.0007214505652632738,-0.0007214503167885686,-32.841241304998924,-32.84124130492643,-2.024850177836806e-05,-2.0248498665681447e-05,0.24751954510750296,0.24751954510826732
159.25,-0.0007262225106741896,-0.0007262222614207664,-32.779666587102554,-32.77966658702984,-1.8157233891997074e-05,-1.8157230774944147e-05,0.24507819786639795,0.24507819786716423
159.5,-0.0007306442684062204,-0.0007306440183729275,-32.71870220613179,-32.71870220605885,-1.7447000365404925e-05,-1.744699724350278e-05,0.24263684983291164,0.24263684983367984
159.75,-0.0007350610970583156,-0.0007350608462440006,-32.65834816218706,-32.6583481621139,-1.8117801252215364e-05,-1.8117798125944274e-05,0.24019550178827215,0.24019550178904225
160.0,-0.0007398182552290316,-0.000739818003632542,-32.59860445517351,-32.59860445510013,-2.0169636495666187e-05,-2.0169633364543215e-05,0.2377541545137076,0.23775415451447965
160.25,-0.0007445662320996943,-0.000744565979719877,-32.53947550445524,-32.53947550438164,-1.8047684252536927e-05,-1.8047681117042347e-05,0.23527745103246295,0.23527745103323694
160.5,-0.0007489588502522414,-0.0007489585970880035,-32.48096572972431,-32.480965729650485,-1.7326766769137014e-05,-1.73267636292695e-05,0.2328007467471363,0.23280074674791223
160.75,-0.0007533463683857422,-0.0007533461144359901,-32.42307513108266,-32.423075131008616,-1.800688409988287e-05,-1.800688095564101e-05,0.2303240424502697,0.23032404245104757
161.0,-0.000758079045198953,-0.0007580787904625329,-32.36580370843412,-32.36580370835985,-2.0088036187857735e-05,-2.0088033038758596e-05,0.22784733893440512,0.22784733893518494
161.25,-0.0007628023705445859,-0.0007628021150203435,-32.30915588114002,-32.30915588106553,-1.7935405759637902e-05,-1.7935402606161727e-05,0.22533527921553378,0.22533527921631555
161.5,-0.0007671651676755845,-0.0007671649113624254,-32.253136068894364,-32.25313606881964,-1.7203810489456857e-05,-1.7203807331602345e-05,0.22282321868088326,0.222823218681667
161.75,-0.0007715226953907876,-0.0007715224382875568,-32.1977442718006,-32.19774427172566,-1.789325043300386e-05,-1.7893247270288e-05,0.22031115813430946,0.22031115813509516
162.0,-0.0007762302124886204,-0.0007762299545941626,-32.14298048976124,-32.142980489686074,-2.0003725531279662e-05,-2.0003722364182723e-05,0.21779909837966832,0.21779909838045597
162.25,-0.0007809282078979206,-0.0007809279492110802,-32.08884914213543,-32.088849142060035,-1.782041032518269e-05,-1.7820407153221713e-05,0.21525168242111836,0.21525168242190798
162.5,-0.0007852605039479287,-0.0007852602444674895,-32.03535464861967,-32.03535464854405,-1.707813067589553e-05,-1.7078127499069186e-05,0.2127042656350883,0.21270426563587988
162.75,-0.0007895873595372485,-0.000789587099261994,-31.982497009318937,-31.9824970092431,-1.7776886639418515e-05,-1.7776883457725433e-05,0.21015684883674793,0.2101568488375415
163.0,-0.0007942690335640898,-0.0007942687724928031,-31.93027622413441,-31.93027622405836,-1.9916678156598006e-05,-1.991667497003683e-05,0.20760943284126707,0.2076094328420626
163.25,-0.0007989410152178788,-0.0007989407533494029,-31.87869671242292,-31.878696712346656,-1.7702681055405947e-05,-1.770267786445692e-05,0.2050266606419752,0.2050266606427727
163.5,-0.0008032421270884611,-0.0008032418644216989,-31.827762893883367,-31.82776289380689,-1.6949719910176455e-05,-1.6949716714838194e-05,0.20244388760350393,0.2024438876043034
163.75,-0.0008075376281743612,-0.000807537364708155,-31.777474768622238,-31.77747476854555,-1.765779477770184e-05,-1.7657791577491374e-05,0.19986111455233696,0.1998611145531384
164.0,-0.0008121927774736686,-0.0008121925132068002,-31.727832336539397,-31.72783233646249,-1.982690559771015e-05,-1.9826902392626107e-05,0.197278342314958,0.1972783423157614
164.25,-0.0008168380633397321,-0.0008168377982710432,-31.678840016989223,-31.6788400169121,-1.7582220712029825e-05,-1.7582217502552463e-05,0.19466021387485885,0.19466021387566426
164.5,-0.0008211073075261831,-0.0008211070416545149,-31.63050222967289,-31.63050222959555,-1.6818572180319632e-05,-1.681856896596594e-05,0.1920420845838777,0.19204208458468508
164.75,-0.0008253707691311804,-0.0008253705024553738,-31.582818974698387,-31.582818974620835,-1.753596006016534e-05,-1.7535956841415536e-05,0.18942395527981212,0.18942395528062148
165.0,-0.0008299987072525278,-0.0008299984397714837,-31.53579025196427,-31.5357902518865,-1.973438429114119e-05,-1.973438106799393e-05,0.1868058268004597,0.18680582680127106
165.25,-0.0008346166100062993,-0.0008346163417189182,-31.489420480822698,-31.489420480744712,-1.7459010519883165e-05,-1.7459007292337063e-05,0.18415234211762394,0.18415234211843728
165.5,-0.0008388532989088888,-0.0008388530298140708,-31.44371408097735,-31.44371408089915,-1.6684673501473404e-05,-1.6684670269527064e-05,0.1814988565722029,0.18149885657301826
165.75,-0.0008430840331583073,-0.0008430837632548919,-31.398671052537733,-31.398671052459314,-1.741137329429131e-05,-1.7411370057461735e-05,0.1788453710133081,0.17884537101412545
166.0,-0.0008476840719521703,-0.0008476838012389967,-31.354291395401074,-31.354291395322434,-1.963910983679445e-05,-1.963910659556187e-05,0.176191886290051,0.17619188629087035
166.25,-0.0008522739038750892,-0.0008522736323509964,-31.310579528916925,-31.310579528838065,-1.7333051726806115e-05,-1.733304848068751e-05,0.17350304536578248,0.17350304536660383
166.5,-0.0008564773509117284,-0.0008564770785755548,-31.267539872791055,-31.267539872711975,-1.6548030766622087e-05,-1.654802751609767e-05,0.170814203567228,0.17081420356805138
166.75,-0.0008606746723595304,-0.0008606743992101143,-31.22517242713448,-31.22517242705518,-1.728404701589594e-05,-1.7284043760482724e-05,0.168125361754813,0.16812536175563836
167.0,-0.0008652461275156222,-0.0008652458535518012,-31.183477191843117,-31.183477191763593,-1.9541100412449068e-05,-1.954109715262724e-05,0.1654365207889628,0.16543652078979015
167.25,-0.0008698072051030692,-0.0008698069303236809,-31.142458586263984,-31.142458586184237,-1.720435986661315e-05,-1.7204356601899722e-05,0.16271232362386026,0.16271232362468965
167.5,-0.0008739767272447293,-0.0008739764516486109,-31.102121030105035,-31.102121030025067,-1.640865686649736e-05,-1.6408653597372553e-05,0.1599881255727722,0.15998812557360362
167.75,-0.0008781399533372167,-0.0008781396769232652,-31.0624645234788,-31.06246452339861,-1.715399147302901e-05,-1.7153988199491403e-05,0.15726392750743787,0.1572639275082713
168.0,-0.0008826821427769094,-0.0008826818655439611,-31.023489066279872,-31.02348906619946,-1.9440363623392796e-05,-1.9440360344959374e-05,0.15453973029959653,0.154539730300432
168.25,-0.0008872137839697197,-0.0008872135059165505,-30.985199077852947,-30.98519907777231,-1.7072938897804035e-05,-1.707293561447337e-05,0.15178017689265985,0.15178017689349735
168.5,-0.0008913486987213634,-0.0008913484198468089,-30.947598977908363,-30.947598977827504,-1.6266552114679276e-05,-1.6266548826931587e-05,0.14902062258803705,0.14902062258887658
168.75,-0.0008954771465277126,-0.0008954768668306084,-30.910688766560163,-30.910688766479076,-1.7021203335256725e-05,-1.702120004260899e-05,0.1462610682687813,0.14626106826962285
169.0,-0.000899989386884363,-0.0008999891063634837,-30.87446844370162,-30.87446844362031,-1.933689249608479e-05,-1.9336889198535606e-05,0.14350151481794574,0.1435015148187893
169.25,-0.0009044909085345433,-0.0009044906271886634,-30.838942428674798,-30.838942428593263,-1.693878708306119e-05,-1.6938783780609133e-05,0.14070660517058728,0.14070660517143288
169.5,-0.0009085905336210088,-0.0009085902514489627,-30.80411514119212,-30.804115141110362,-1.612172000726333e-05,-1.6121716700388592e-05,0.1379116946138441,0.13791169461469174
169.75,-0.0009126835217385149,-0.0009126832387391364,-30.76998658136914,-30.769986581287156,-1.6885691331202644e-05,-1.6885688019422212e-05,0.13511678404208322,0.13511678404293292
170.0,-0.0009171651324815592,-0.0009171648486536218,-30.73655674909781,-30.7365567490156,-1.923070099030881e-05,-1.9230697673621258e-05,0.13232187434967171,0.13232187435052348
170.25,-0.0009216358547819702,-0.000921635570124247,-30.70383006371792,-30.703830063635483,-1.6801917189693665e-05,-1.6801913868097554e-05,0.129491608460543,0.12949160846139682
170.5,-0.0009256995109711473,-0.0009256992254823508,-30.671810944944312,-30.671810944861647,-1.597417212160984e-05,-1.5974168794622143e-05,0.12666134165033227,0.12666134165118814
170.75,-0.000929756360742684,-0.0009297560744215261,-30.64049939289405,-30.640499392811158,-1.674746584839666e-05,-1.6747462516497555e-05,0.12383107482472046,0.12383107482557833
171.0,-0.0009342066637899354,-0.0009342063766351882,-30.609895407457774,-30.609895407374655,-1.9121798305809294e-05,-1.9121794968997385e-05,0.1210008088893885,0.12100080889024836
171.25,-0.0009386459089948653,-0.0009386456210053006,-30.58000340797292,-30.58000340788957,-1.6662336509328118e-05,-1.6662333167602004e-05,0.11813518675761994,0.11813518675848182
171.5,-0.0009426729186389475,-0.0009426726298132763,-30.550827814156712,-30.55082781407313,-1.5823913840475908e-05,-1.5823910493352565e-05,0.11526956369307227,0.11526956369393616
171.75,-0.0009466929525146822,-0.000946692662851615,-30.522368626127715,-30.522368626043903,-1.660653036238297e-05,-1.6606527010342606e-05,0.11240394061274031,0.11240394061360622
172.0,-0.0009511112704142298,-0.0009511109799125976,-30.494625843775253,-30.49462584369121,-1.901018600920345e-05,-1.9010182652726253e-05,0.10953831843361889,0.1095383184344868
172.25,-0.00095551836014429,-0.0009555180688029833,-30.467603886434166,-30.46760388634989,-1.652003840574058e-05,-1.6520035044825163e-05,0.10663734006037458,0.1066373400612445
172.5,-0.0009595080429108799,-0.0009595077507287288,-30.441307173823787,-30.441307173739283,-1.567093032316438e-05,-1.567092695732777e-05,0.10373636074264965,0.10373636074352159
172.75,-0.0009634905786050067,-0.0009634902855808409,-30.4157357060642,-30.415735705979465,-1.646286182587959e-05,-1.646285845560199e-05,0.10083538140875281,0.10083538140962678
173.0,-0.0009678762271174179,-0.0009678759332500667,-30.390889483043413,-30.390889482958443,-1.889583284740442e-05,-1.8895829472202795e-05,0.09793440298699278,0.09793440298786878
173.25,-0.0009722504759476199,-0.0009722501812358523,-30.366772924093972,-30.36677292400877,-1.6374997767454442e-05,-1.637499438732739e-05,0.09499806837091117,0.09499806837178919
173.5,-0.0009762021459944214,-0.0009762018504370059,-30.34339044893765,-30.343390448852215,-1.55152026021983e-05,-1.5515199217144405e-05,0.09206173279864648,0.09206173279952652
173.75,-0.0009801464972474141,-0.0009801462008431183,-30.32074205769604,-30.32074205761037,-1.631644741683394e-05,-1.6316444026851777e-05,0.08912539720982132,0.0891253972107034
174.0,-0.000984498789695889,-0.0009844984924434806,-30.298827750255832,-30.298827750169927,-1.877873214376237e-05,-1.877872874885052e-05,0.08618906254405831,0.08618906254494242
174.25,-0.0009888395106452282,-0.0009888392125434143,-30.27765194594733,-30.27765194586119,-1.6227208823013913e-05,-1.622720542268934e-05,0.08321737168346012,0.08321737168434627
174.5,-0.0009927524808001295,-0.000992752181847557,-30.257219064494773,-30.2572190644084,-1.535672581053176e-05,-1.535672240479304e-05,0.08024567985497598,0.08024567985586417
174.75,-0.00099665796024871,-0.000996657660444025,-30.237529106021267,-30.23752910593466,-1.6167283172307227e-05,-1.616727976115293e-05,0.07727398800954237,0.07727398801043261
175.0,-0.0010009762090788666,-0.001000975908420715,-30.218582070412182,-30.218582070325336,-1.865888084058755e-05,-1.8658877424016242e-05,0.0743022970980958,0.0743022970989881
175.25,-0.0010052827152510267,-0.0010052824137380542,-30.200382376994963,-30.20038237690788,-1.6076675307151128e-05,-1.6076671885161372e-05,0.0712952499962808,0.07129524999717514
175.5,-0.0010091563001243579,-0.00100915599775533,-30.18293444549569,-30.182934445408367,-1.519551047250193e-05,-1.5195507046055534e-05,0.06828820191488036,0.06828820191577675
175.75,-0.0010130222238849205,-0.0010130219206586628,-30.166238276038982,-30.16623827595142,-1.6015386404868038e-05,-1.601538297348195e-05,0.06528115381614488,0.06528115381704333
176.0,-0.0010173057467186943,-0.0010173054426339716,-30.15029386850889,-30.15029386842109,-1.8536303035378207e-05,-1.8536299599050985e-05,0.06227410666232476,0.06227410666322524
176.25,-0.001021577355720075,-0.0010215770507755915,-30.135105642230855,-30.135105642142815,-1.5923409144741883e-05,-1.5923405702990493e-05,0.05923170331566742,0.059231703316569934
176.5,-0.0010254108713823968,-0.0010254105655768567,-30.120678016933677,-30.120678016845396,-1.5031556345726374e-05,-1.5031552899031015e-05,0.0561892989777217,0.056189298978626255
176.75,-0.0010292365539900008,-0.0010292362473221677,-30.107010992743486,-30.107010992654963,-1.5860744706871508e-05,-1.586074125523075e-05,0.05314689462205188,0.05314689462295848
177.0,-0.001033484663827107,-0.0010334843562957447,-30.094104569543013,-30.09410456945425,-1.8410974158670636e-05,-1.841097070208306e-05,0.05010449122222224,0.050104491223130876
177.25,-0.0010377206885971303,-0.0010377203802010018,-30.081963166654933,-30.081963166565927,-1.5767397568847398e-05,-1.576739410731157e-05,0.04702673163324272,0.0470267316341534
177.5,-0.0010415134494021019,-0.00104151314013997,-30.07059120380999,-30.070591203720742,-1.4864862461349448e-05,-1.4864858994863946e-05,0.04394897104127507,0.0439489710421878
177.75,-0.0010452982066241113,-0.0010452978964947382,-30.05998868113582,-30.059988681046327,-1.5703368905027008e-05,-1.5703365433590386e-05,0.04087121043119746,0.04087121043211224
178.0,-0.0010495102206451463,-0.001049509909647234,-30.050155598513843,-30.050155598424105,-1.8282916830218264e-05,-1.8282913353347474e-05,0.037793450787888046,0.03779345078880489
178.25,-0.0010537099790019174,-0.0010537096671341672,-30.041096375264285,-30.041096375174302,-1.5608656989424303e-05,-1.560865350759951e-05,0.03468033495650587,0.03468033495742477
178.5,-0.0010574613026296165,-0.0010574609898907899,-30.032815431120163,-30.032815431029935,-1.4695439021003859e-05,-1.4695435534223626e-05,0.0315672181104355,0.03156721811135647
178.75,-0.0010612044520079769,-0.0010612041383968348,-30.025312766210625,-30.02531276612015,-1.5543262994599263e-05,-1.5543259502862145e-05,0.02845410124586901,0.028454101246792027
179.0,-0.00106537968761653,-0.0010653793731318934,-30.01858838041577,-30.018588380325053,-1.8152128838948816e-05,-1.815212534273498e-05,0.02534098535899844,0.025340985359923508
179.25,-0.0010695424962910648,-0.001069542180931814,-30.012646693053608,-30.01264669296264,-1.54471809209922e-05,-1.5447177420300216e-05,0.022192513283354344,0.022192513284281467
179.5,-0.0010732516982659424,-0.0010732513820308975,-30.00749212385964,-30.00749212376843,-1.4523275265325451e-05,-1.452327175967227e-05,0.019044040181319274,0.019044040182248454
179.75,-0.0010769525541185682,-0.0010769522370064888,-30.003124672964535,-30.003124672873078,-1.5380411942865763e-05,-1.5380408432249937e-05,0.015895567060399168,0.01589556706133041
180.0,-0.0010810903244262253,-0.0010810900064358105,-29.99954434024707,-29.999544340155367,-1.801859088171591e-05,-1.8018587365654384e-05,0.012747094928099967,0.012747094929033266
180.25,-0.0010852154965106772,-0.0010852151776406256,-29.996755545022676,-29.99675554493073,-1.5282959555530987e-05,-1.5282956034503927e-05,0.009563266609180625,0.009563266610115985
180.5,-0.0010888818910920232,-0.001088881571341093,-29.994762707029,-29.994762706936804,-1.4348370880772097e-05,-1.4348367354778065e-05,0.0063794372521701614,0.006379437253107581
180.75,-0.0010925397688449645,-0.001092539448211914,-29.99356582639821,-29.993565826305765,-1.5214824928185322e-05,-1.5214821397222876e-05,0.0031956078758883996,0.0031956078768278808
181.0,-0.0010966393904440395,-0.0010966390689276264,-29.993164903007774,-29.99316490291508,-1.7882321625718404e-05,-1.7882318089786088e-05,1.1779499155165504e-05,1.1779500096710096e-05
181.25,-0.001100655916880337,-0.0011006555944793187,-29.993164167808807,-29.993164167715864,-1.4251557175263077e-05,-1.425155363435945e-05,-5.89824968309013e-06,-5.8982487394844186e-06
181.5,-0.001103766002699041,-0.0011037656794121743,-29.993167852303547,-29.993167852210355,-1.063079673331005e-05,-1.0630793187433662e-05,-2.3578049554709976e-05,-2.3578048609040157e-05
181.75,-0.0011059721489385934,-0.001105971824764635,-29.993175957004045,-29.9931759569106,-7.020040590256423e-06,-7.020037039405824e-06,-4.1259894800514885e-05,-4.125989385277798e-05
182.0,-0.0011072768567097352,-0.0011072765316474413,-29.993188482420937,-29.99318848232724,-3.4192890340983073e-06,-3.419285478272044e-06,-5.894377976116212e-05,-5.894377881135515e-05
182.25,-0.0011077646097142982,-0.0011077642837624849,-29.99320497863657,-29.99320497854262,-4.840627808930764e-07,-4.840592205713053e-07,-7.302622197880666e-05,-7.302622102692678e-05
182.5,-0.0011075195519992629,-0.0011075192251567458,-29.99322499567012,-29.99322499557592,2.4431966836084412e-06,2.4432002489087925e-06,-8.711032235167657e-05,-8.711032139772095e-05
182.75,-0.0011065436752910186,-0.0011065433475565532,-29.993248533935564,-29.993248533841108,5.362489125803571e-06,5.362492696083966e-06,-0.00010119607637302947,-0.0001011960754169951
183.0,-0.0011048389713742973,-0.0011048386427466984,-29.99327559384575,-29.99327559375104,8.273814312556854e-06,8.273817887337145e-06,-0.00011528347953599064,-0.0001152834785778747
183.25,-0.0011024772200230988,-0.001102476890501181,-29.993305795627155,-29.99330579553219,1.061915530925859e-05,1.0619158889021856e-05,-0.00012633099277591946,-0.00012633099181571906
183.5,-0.0010995299143213503,-0.0010995295839039282,-29.993338759452563,-29.993338759357346,1.2958249085729033e-05,1.2958252669995128e-05,-0.0001373798309691945,-0.0001373798300069068
183.75,-0.0010959986160975182,-0.0010959982847834656,-29.993374485652772,-29.9933744855573,1.529109545478421e-05,1.5291099043554608e-05,-0.0001484299905818168,-0.00014842998961743907
184.0,-0.0010918848872268577,-0.0010918845550149882,-29.993412974557693,-29.993412974461965,1.761769422929467e-05,1.7617697823052456e-05,-0.00015948146807968184,-0.00015948146711321123
184.25,-0.0010872495524560165,-0.0010872492193450829,-29.993453906655702,-29.99345390655972,1.9464183858015633e-05,1.9464187456762276e-05,-0.00016797549003613063,-0.00016797548906756415
184.5,-0.0010821531953437169,-0.001082152861332472,-29.993496962389656,-29.993496962293413,2.1305872936374e-05,2.130587654011098e-05,-0.00017647055516321037,-0.00017647055419254504
184.75,-0.0010765970160459526,-0.0010765966811331486,-29.993542142020004,-29.993542141923506,2.3142761317211794e-05,2.314276492594058e-05,-0.00018496666074529008,-0.00018496665977252291
185.0,-0.001070582214755543,-0.0010705818789399318,-29.99358944580652,-29.993589445709766,2.4974848853078338e-05,2.4974852466800415e-05,-0.00019346380406665546,-0.00019346380309178345
185.25,-0.0010641601798861316,-0.0010641598431664647,-29.993638605941765,-29.99363860584475,2.6400832108064915e-05,2.6400835726781762e-05,-0.00019981741227412603,-0.0001998174112971462
185.5,-0.0010573820977033024,-0.0010573817600783913,-29.993689354579807,-29.993689354482537,2.782322734143034e-05,2.7823230964661833e-05,-0.00020617182612174241,-0.0002061718251426519
185.75,-0.0010502488652267595,-0.0010502485266954149,-29.993741691921805,-29.993741691824276,2.9242034438836113e-05,2.9242038067065348e-05,-0.00021252704357978977,-0.00021252704259858574
186.0,-0.001042761379504623,-0.0010427610400655953,-29.99379561816841,-29.99379561807062,3.065725328728647e-05,3.065725692051495e-05,-0.00021888306261848907,-0.00021888306163516852
186.25,-0.0010349629104275794,-0.0010349625700796187,-29.993850909810504,-29.993850909712453,3.173006998694098e-05,3.173007362517019e-05,-0.0002234501752219117,-0.00022345017423647164
186.5,-0.0010268965591858227,-0.0010268962179276785,-29.99390734330655,-29.993907343208235,3.280031059070555e-05,3.2800314233936985e-05,-0.00022801789397126744,-0.0002280178929837049
186.75,-0.0010185629698139704,-0.0010185626276443922,-29.993964918807897,-29.99396491870932,3.3867975013453716e-05,3.386797866168887e-05,-0.00023258621740927885,-0.0002325862164195908
187.0,-0.001009962786367965,-0.0010099624432857617,-29.99402363646554,-29.9940236363667,3.493306316971408e-05,3.4933066822472834e-05,-0.0002371551440786201,-0.0002371551430868037
187.25,-0.001001132303917362,-0.0010011319599212824,-29.99408331066471,-29.99408331056561,3.571050714538959e-05,3.571051080363666e-05,-0.000240238522545545,-0.00024023852155159722
187.5,-0.0009921076774426622,-0.000992107332531454,-29.99414375576343,-29.99414375566407,3.648621535213555e-05,3.648621901490922e-05,-0.00024332234030866043,-0.0002433223393125783
187.75,-0.0009828893408939776,-0.000982888995066449,-29.994204971871405,-29.99420497177178,3.726018772693717e-05,3.726019139472055e-05,-0.0002464065963860538,-0.00024640659538783437
188.0,-0.0009734777282369412,-0.00097347738149184,-29.994266959098084,-29.994266958998196,3.8032424208641085e-05,3.8032427881435684e-05,-0.0002494912897957775,-0.00024949128879541777
188.25,-0.0009639031493938767,-0.0009639028017300102,-29.99432956418853,-29.994329564088375,3.856403287627872e-05,3.856403655360443e-05,-0.00025134948381595984,-0.0002513494828134569
188.5,-0.0009541957986304218,-0.0009541954500465967,-29.994392633865044,-29.994392633764623,3.909459956468418e-05,3.909460324702412e-05,-0.00025320797826363246,-0.00025320797725898346
188.75,-0.0009443559364465976,-0.0009443555869416204,-29.99445616820266,-29.994456168101976,3.962412423216596e-05,3.962412791904003e-05,-0.00025506677254935384,-0.0002550667715425559
189.0,-0.0009343838233529975,-0.0009343834729257346,-29.994520167276267,-29.994520167175317,4.015260683583782e-05,4.015261052724752e-05,-0.0002569258660836584,-0.0002569258650747088
189.25,-0.0009243046432847935,-0.0009243042919340504,-29.99458450541224,-29.994584505311025,4.048075486474525e-05,4.048075856117372e-05,-0.00025777925259174616,-0.00025777925158064203
189.5,-0.0009141434853442075,-0.0009141431330687896,-29.994649056918036,-29.994649056816552,4.080842981052147e-05,4.0808433511488615e-05,-0.000258632824593942,-0.0002586328235806805
189.75,-0.0009039004678054165,-0.0009039001146041287,-29.994713821839987,-29.994713821738237,4.1135631646019694e-05,4.113563535200864e-05,-0.0002594865818226234,-0.00025948658080720156
190.0,-0.0008935757089491894,-0.0008935753548207159,-29.994778800224374,-29.994778800122354,4.146236034565151e-05,4.146236405714539e-05,-0.00026034052401015305,-0.0002603405229925678
190.25,-0.0008831900097714237,-0.0008831896547143881,-29.994843889856263,-29.994843889753973,4.162323134202863e-05,4.162323505902896e-05,-0.0002603765461975615,-0.0002603765451778095
190.5,-0.0008727640941459179,-0.0008727637381590036,-29.99490898850507,-29.994908988402514,4.1784091925428585e-05,4.1784095647455286e-05,-0.000260412659384113,-0.0002604126583621911
190.75,-0.0008622979646775513,-0.0008622976077595015,-29.994974096193552,-29.994974096090726,4.19449420827697e-05,4.1944945809824296e-05,-0.0002604488635639135,-0.0002604488625398187
191.0,-0.0008517916239744737,-0.0008517912661239709,-29.99503921294445,-29.995039212841352,4.21057818009728e-05,4.2105785533538435e-05,-0.0002604851587310617,-0.0002604851577047908
191.25,-0.0008412621338310071,-0.0008412617750467337,-29.99510425644866,-29.99510425634529,4.213019970056303e-05,4.2130203438159613e-05,-0.0002598628771886172,-0.00025986287616016707
191.5,-0.0008307264939473619,-0.0008307261342280598,-29.995169144384217,-29.995169144280577,4.215497972207348e-05,4.215498346470255e-05,-0.0002592406095614423,-0.00025924060853080994
191.75,-0.0008201846137933156,-0.0008201842531377266,-29.99523387675463,-29.99523387665072,4.218012186343882e-05,4.2180125611101916e-05,-0.0002586183560543827,-0.00025861835502156516
192.0,-0.0008096364028391729,-0.0008096360412460382,-29.99529845356345,-29.99529845345927,4.220562612250683e-05,4.220562987520549e-05,-0.00025799611687228315,-0.0002579961158372773
192.25,-0.0007990957371656037,-0.0007990953746336042,-29.995362809348222,-29.99536280924377,4.211980899468282e-05,4.211981275290019e-05,-0.00025685015315058784,-0.00025685015211339055
192.5,-0.0007885764434771475,-0.0007885760800050236,-29.99542687863601,-29.995426878531283,4.203465024274346e-05,4.203465400551786e-05,-0.0002557041410698376,-0.0002557041400304459
192.75,-0.0007780783571790765,-0.0007780779927656287,-29.995490661414774,-29.99549066130977,4.195014987273096e-05,4.1950153640545554e-05,-0.00025455808100246623,-0.00025455807996087716
193.0,-0.0007676013136750522,-0.0007676009483190201,-29.995554157672558,-29.99555415756728,4.186630789149279e-05,4.1866311664349116e-05,-0.0002534119733209114,-0.000253411972277122
193.25,-0.000757156482674732,-0.0007571561163748551,-29.995617316162722,-29.995617316057167,4.169248848675761e-05,4.169249226465722e-05,-0.0002518559315386324,-0.0002518559304926396
193.5,-0.0007467549952432083,-0.0007467546279982857,-29.99568008563017,-29.995680085524338,4.151955934343218e-05,4.151956312589501e-05,-0.00025029979168146376,-0.00025029979063326464
193.75,-0.0007363966288134222,-0.000736396260622313,-29.995742466050448,-29.99574246594434,4.1347520475156886e-05,4.134752426218448e-05,-0.000248743554253015,-0.0002487435532026068
194.0,-0.0007260811608149312,-0.0007260807916764338,-29.995804457399224,-29.995804457292838,4.117637189535844e-05,4.1176375687433975e-05,-0.00024718721975690365,-0.00024718721870428353
194.25,-0.0007158174695146559,-0.000715817099427508,-29.995866020385396,-29.995866020278733,4.0933336507737456e-05,4.0933340304862485e-05,-0.00024531664665351267,-0.0002453166455986776
194.5,-0.0007056144035597815,-0.0007056140325227207,-29.995927115711133,-29.995927115604193,4.0691369135383644e-05,4.069137293755972e-05,-0.00024344593637117977,-0.00024344593531412675
194.75,-0.0006954716959440963,-0.0006954713239558594,-29.995987743342216,-29.995987743234995,4.0450469797443576e-05,4.045047360467227e-05,-0.00024157508951406858,-0.0002415750884547946
195.0,-0.0006853890796565734,-0.0006853887067158973,-29.996047903244573,-29.996047903137075,4.0210638513289127e-05,4.0210642325572e-05,-0.00023970410668635358,-0.0002397041056248556
195.25,-0.0006753734963571414,-0.0006753731224628224,-29.996107566144026,-29.996107566036248,3.991422794957437e-05,3.9914231766431375e-05,-0.00023759906092441573,-0.00023759905986069085
195.5,-0.0006654318656470876,-0.000665431490797982,-29.996166702761105,-29.996166702653046,3.961901780220748e-05,3.9619021623640176e-05,-0.0002354938478275358,-0.00023549384676158127
195.75,-0.0006555638874194147,-0.0006555635116143181,-29.996225313054065,-29.996225312945725,3.9325008094454774e-05,3.9325011920946354e-05,-0.0002333884680747757,-0.0002333884670065886
196.0,-0.0006457692615612847,-0.0006457688847989323,-29.996283396981326,-29.996283396872705,3.9032198849776104e-05,3.903220268132813e-05,-0.0002312829223452106,-0.0002312829212747879
196.25,-0.0006360533004991593,-0.0006360529227782858,-29.996340933624282,-29.99634093351538,3.869570547632134e-05,3.869570931293538e-05,-0.00022901018953335787,-0.00022901018846069654
196.5,-0.0006264213009074376,-0.0006264209222267772,-29.996397902060274,-29.996397901951088,3.836050709102465e-05,3.836051093270229e-05,-0.0002267372667391336,-0.00022673726566423057
196.75,-0.0006168729390357516,-0.0006168725593940984,-29.996454302241894,-29.996454302132427,3.802660372049609e-05,3.8026607566757286e-05,-0.000224464154695098,-0.00022446415361795038
197.0,-0.0006074078911270594,-0.0006074075105232072,-29.996510134121923,-29.996510134012173,3.7693995391516506e-05,3.7693999242844454e-05,-0.00022219085413382659,-0.00022219085305443147
197.25,-0.0005980301022493442,-0.0005980297206820261,-29.996565383717027,-29.996565383606992,3.732854198810081e-05,3.732854584449709e-05,-0.00021980587219318885,-0.00021980587111154317
197.5,-0.0005887435069528614,-0.00058874312442081,-29.996620037040838,-29.996620036930516,3.696444674652158e-05,3.696445060798777e-05,-0.00021742068390584004,-0.00021742068282194077
197.75,-0.0005795477656934372,-0.0005795473821954451,-29.996674094041865,-29.996674093931254,3.660170969647621e-05,3.6601713562532295e-05,-0.00021503529004007757,-0.00021503528895392177
198.0,-0.0005704425389196349,-0.0005704421544545546,-29.996727554668805,-29.99672755455791,3.624033086637291e-05,3.624033473702047e-05,-0.00021264969136421526,-0.00021264969027580017
198.25,-0.0005614306309857315,-0.0005614302455524147,-29.99678041066101,-29.99678041054983,3.585516517381908e-05,3.58551690490597e-05,-0.00021019820991975303,-0.00021019820882907587
198.5,-0.0005525148400469645,-0.0005525144536442629,-29.996832653755654,-29.996832653644187,3.547139491040574e-05,3.5471398790241016e-05,-0.00020774651098820528,-0.00020774650989526327
198.75,-0.0005436948172422257,-0.0005436944298689903,-29.99688428389846,-29.996884283786706,3.508902010670235e-05,3.508902399113387e-05,-0.00020529459535895126,-0.0002052945942637416
199.0,-0.0005349702137027455,-0.0005349698253577669,-29.996935301035354,-29.99693530092331,3.470804079342506e-05,3.4708044682936035e-05,-0.0002028424638213877,-0.00020284246272390748
199.25,-0.0005263428860460079,-0.000526342496728016,-29.996985701594898,-29.99698570148257,3.431081570273412e-05,3.4310819597326146e-05,-0.00020036197503146014,-0.0002003619739317063
199.5,-0.0005178146882288654,-0.00051781429793665,-29.99703548200419,-29.997035481891572,3.3915002081950595e-05,3.391500598114366e-05,-0.00019788126193718208,-0.0001978812608351517
199.75,-0.0005093852673800174,-0.0005093848761123076,-29.997084642207255,-29.997084642094347,3.352059996164593e-05,3.3520603866404855e-05,-0.00019540032533700685,-0.00019540032423269685
200.0,-0.000501054270620322,-0.000501053878375726,-29.997133182148314,-29.997133182035114,3.312760937397926e-05,3.312761328430566e-05,-0.00019291916602940572,-0.00019291916492281277
200.25,-0.000492822771836229,-0.0004928223786134753,-29.997181102066147,-29.997181101952656,3.272461593991278e-05,3.272461985484503e-05,-0.00019044013858441006,-0.0001904401374755311
200.5,-0.0004846918451285074,-0.0004846914509263843,-29.997228402198655,-29.997228402084872,3.232303276837055e-05,3.2323036688391876e-05,-0.000187960883571665,-0.0001879608824604971
200.75,-0.000476661137927409,-0.00047666074274464406,-29.997275082489047,-29.997275082374973,3.192285989227183e-05,3.192286381738384e-05,-0.0001854814017889416,-0.00018548140067548168
201.0,-0.0004687302976551184,-0.0004687299014904387,-29.997321142880732,-29.997321142766364,3.1524097343234186e-05,3.1524101273438486e-05,-0.00018300169403402894,-0.00018300169291827397
201.25,-0.00046089975679550405,-0.0004608993596476364,-29.99736658667692,-29.997366586562258,3.11204620621339e-05,3.112046599743211e-05,-0.00018054863736298248,-0.00018054863624492935
201.5,-0.0004531699503584872,-0.00045316955222609765,-29.997411417180434,-29.997411417065475,3.071822196782676e-05,3.0718225908702104e-05,-0.00017809535275683898,-0.0001780953516364845
201.75,-0.0004455405295433531,-0.0004455401304250472,-29.997455634334386,-29.997455634219133,3.0317377092425266e-05,3.031738103887935e-05,-0.00017564184100484116,-0.00017564183988218196
202.0,-0.00043801114554134057,-0.00043801074543578365,-29.99749923808209,-29.99749923796654,2.991792746818866e-05,2.9917931419741497e-05,-0.00017318810289624966,-0.00017318810177128255
202.25,-0.0004305817089504936,-0.0004305813078563506,-29.99754223416105,-29.997542234045202,2.9517793438304583e-05,2.9517797395439407e-05,-0.00017078049099397412,-0.0001707804898666959
202.5,-0.00042325213473100163,-0.000423251732646937,-29.997584628308772,-29.997584628192627,2.9119028502674366e-05,2.9119032464911192e-05,-0.00016837265312981924,-0.00016837265200022667
202.75,-0.00041602208060532916,-0.00041602167753006724,-29.997626420468862,-29.99762642035242,2.8721632693055995e-05,2.872163666039645e-05,-0.00016596459007826725,-0.00016596458894635726
203.0,-0.000408891204287982,-0.0004088908002202467,-29.997667610585122,-29.997667610468383,2.8325606041360478e-05,2.832561001380619e-05,-0.0001635563026138185,-0.00016355630147958804
203.25,-0.00040185899691411945,-0.0004018585918526342,-29.997708206296604,-29.997708206179567,2.7932275346510223e-05,2.7932279324062825e-05,-0.0001612093521023846,-0.00016120935096583056
203.5,-0.0003949249554148835,-0.0003949245493584315,-29.997748215242677,-29.99774821512534,2.754027904958287e-05,2.7540283031762385e-05,-0.00015886217946778903,-0.0001588621783289085
203.75,-0.0003880887461869646,-0.00038808833913432883,-29.997787637367903,-29.99778763725027,2.7149617181190774e-05,2.7149621168480453e-05,-0.00015651478546488675,-0.00015651478432367677
204.0,-0.00038135003561931986,-0.00038134962756916234,-29.99782647261704,-29.997826472499103,2.6760289772589263e-05,2.6760293765472354e-05,-0.00015416717084855043,-0.00015416716970500775
204.25,-0.0003747079830534785,-0.0003747075740045211,-29.997864730083286,-29.99786472996505,2.637634627196306e-05,2.6376350269477983e-05,-0.00015189252286633938,-0.00015189252172046096
204.5,-0.0003681617547231918,-0.0003681613446741559,-29.99790241886042,-29.99790241874188,2.5993695893262733e-05,2.5993699896374347e-05,-0.00014961765805946993,-0.00014961765691125266
204.75,-0.0003617110273440691,-0.00036171061629361554,-29.997939538894325,-29.997939538775483,2.5612338667744e-05,2.561234267597234e-05,-0.00014734257715944812,-0.00014734257600888882
205.0,-0.00035535547762406504,-0.0003553550655708542,-29.99797609013107,-29.997976090011925,2.5232274625389014e-05,2.523227863921734e-05,-0.00014506728089779726,-0.00014506727974489267
205.25,-0.00034909400432578126,-0.0003490935912684732,-29.998012082743728,-29.99801208262428,2.4859719585583686e-05,2.4859723604532034e-05,-0.00014287358519289502,-0.0001428735840376419
205.5,-0.00034292551391767876,-0.0003429250998549932,-29.998047526906145,-29.998047526786397,2.4488411508897274e-05,2.4488415532967298e-05,-0.00014067967909253958,-0.00014067967793493486
205.75,-0.0003368496946552289,-0.00033684927958588527,-29.998082422565812,-29.998082422445762,2.411835042530452e-05,2.4118354454497873e-05,-0.00013848556330212525,-0.00013848556214216584
206.0,-0.000330866234786507,-0.00033086581870922423,-29.998116769670393,-29.99811676955004,2.374953636399927e-05,2.3749540398317612e-05,-0.00013629123852706312,-0.00013629123736474591
206.25,-0.0003249738336939264,-0.00032497341660748326,-29.998150579160576,-29.99815057903992,2.3389871929877965e-05,2.3389875968841343e-05,-0.00013418464898439585,-0.0001341846478197179
206.5,-0.00031917119904378366,-0.0003191707809470187,-29.99818386197797,-29.998183861857008,2.3031404829283296e-05,2.3031408872893364e-05,-0.00013207785632423697,-0.00013207785515719547
206.75,-0.00031345803149915346,-0.0003134576123907242,-29.998216618071883,-29.998216617950614,2.267413509054905e-05,2.267413914025231e-05,-0.00012997086122390616,-0.00012997086005449784
207.0,-0.00030783403171588225,-0.00030783361159432535,-29.998248847391785,-29.998248847270208,2.2318062743166496e-05,2.2318066798482997e-05,-0.00012786366436073928,-0.00012786366318896065
207.25,-0.0003022977521284074,-0.00030229733099237954,-29.998280561386725,-29.998280561264842,2.19723648556575e-05,2.1972368916107297e-05,-0.00012584826251381398,-0.00012584826133966182
207.5,-0.00029684775383740383,-0.00029684733168556127,-29.998311771506785,-29.998311771384596,2.16278123759976e-05,2.1627816442063978e-05,-0.00012383266543535186,-0.0001238326642588229
207.75,-0.0002914837504874826,-0.000291483327318421,-29.99834247770324,-29.998342477580742,2.1284405331585016e-05,2.1284409403269646e-05,-0.00012181687377329851,-0.00012181687259438945
208.0,-0.0002862054557163191,-0.00028620503152869387,-29.998372679927524,-29.998372679804717,2.0942143750506284e-05,2.094214782732923e-05,-0.00011980088817561504,-0.00011980088699432263
208.25,-0.0002810113169544392,-0.00028101089174690537,-29.99840238992345,-29.998402389800333,2.061114836777274e-05,2.0611152450217285e-05,-0.00011787904795580468,-0.00011787904677212567
208.5,-0.00027589979051968424,-0.0002758993642908964,-29.998431619435937,-29.998431619312512,2.0281245137912357e-05,2.028124922549857e-05,-0.00011595702080635518,-0.00011595701962028634
208.75,-0.00027087060337054834,-0.00027087017611922086,-29.99846036841834,-29.9984603682946,1.9952434087211358e-05,1.995243817994092e-05,-0.00011403480734508616,-0.00011403480615662438
209.0,-0.00026592348245898676,-0.00026592305418383363,-29.99848863682415,-29.998488636700102,1.9624715241693848e-05,1.962471933956844e-05,-0.00011211240818983218,-0.00011211240699897436
209.25,-0.00026105680720249616,-0.0002610563779022911,-29.99851643651676,-29.9985164363924,1.930885986827398e-05,1.930886397081368e-05,-0.00011028510285857912,-0.00011028510166532228
209.5,-0.0002562689659948001,-0.0002562685356683163,-29.998543779360727,-29.998543779236055,1.8994042855541803e-05,1.8994046963229903e-05,-0.0001084576191469215,-0.00010845761795126267
209.75,-0.0002515596992425912,-0.0002515592678884813,-29.99857066531153,-29.998570665186545,1.8680264228566626e-05,1.8680268341886432e-05,-0.00010662995764224966,-0.0001066299564441856
210.0,-0.0002469287473462056,-0.0002469283149631216,-29.998597094324793,-29.998597094199496,1.836752401313178e-05,1.836752813160337e-05,-0.0001048021189319681,-0.00010480211773149555
210.25,-0.00024237445049682393,-0.00024237401708347784,-29.998623078241508,-29.998623078115894,1.8067014892464274e-05,1.806701901608934e-05,-0.00010306918637999641,-0.00010306918517711225
210.5,-0.00023789515784371698,-0.00023789472339882017,-29.998648628903858,-29.99864862877793,1.7767490446934293e-05,1.776749457571453e-05,-0.00010133608411355382,-0.00010133608290825493
210.75,-0.0002334906232151233,-0.00023349018773732657,-29.998673746269485,-29.99867374614324,1.7468950700344728e-05,1.7468954834763447e-05,-9.960281268966121e-05,-9.960281148194434e-05
211.0,-0.00022916060043323995,-0.00022916016392119366,-29.99869843029617,-29.998698430169608,1.717139567722537e-05,1.717139981680266e-05,-9.786937266535298e-05,-9.786937145521487e-05
211.25,-0.00022490341405528275,-0.00022490297650775725,-29.998722692688958,-29.99872269256208,1.6886250612815785e-05,1.6886254757071735e-05,-9.622974271330851e-05,-9.622974150074618e-05
211.5,-0.00022071739749277667,-0.00022071695890854188,-29.99874654515412,-29.998746545026922,1.6602037157411786e-05,1.6602041306829713e-05,-9.458995172297297e-05,-9.458995050798344e-05
211.75,-0.00021660231784047164,-0.00021660187821829707,-29.998769987651457,-29.998769987523943,1.631875533499031e-05,1.631875948909031e-05,-9.295000022134853e-05,-9.29499990039288e-05
212.0,-0.00021255794218739214,-0.00021255750152604684,-29.998793020140912,-29.99879302001308,1.6036405167378252e-05,1.6036409326643646e-05,-9.130988873545031e-05,-9.13098875155974e-05
212.25,-0.0002085825999780072,-0.00020858215827613942,-29.99881565410052,-29.99881565397237,1.576647910195571e-05,1.5766483266869818e-05,-8.976176262855545e-05,-8.976176140626609e-05
212.5,-0.0002046746293383209,-0.00020467418659463862,-29.998837901009537,-29.998837900881064,1.5497432613382066e-05,1.549743678298338e-05,-8.821348407778565e-05,-8.821348285305671e-05
212.75,-0.00020083381037157793,-0.00020083336658478876,-29.998859760829912,-29.99885976070112,1.5229265721990047e-05,1.5229269897243497e-05,-8.666505358070832e-05,-8.666505235353669e-05
213.0,-0.00019705992317566522,-0.0001970594783444161,-29.998881233523722,-29.998881233394606,1.4961978450309335e-05,1.496198263073503e-05,-8.511647163490317e-05,-8.511647040528557e-05
213.25,-0.00019335131784698734,-0.000193350871969985,-29.998902330271612,-29.998902330142172,1.4707002326345612e-05,1.470700651194527e-05,-8.365748738589225e-05,-8.365748615382555e-05
213.5,-0.00018970635293805215,-0.0001897059060140029,-29.99892306225543,-29.998923062125666,1.4452855095761739e-05,1.4452859286537082e-05,-8.219835913560255e-05,-8.21983579010836e-05
213.75,-0.00018612482122293758,-0.00018612437325054725,-29.998943429439233,-29.998943429309147,1.4199536779163489e-05,1.4199540975116241e-05,-8.073908735293078e-05,-8.073908611595646e-05
214.0,-0.00018260651547059498,-0.000182606066448569,-29.9989634317872,-29.99896343165679,1.39470473969577e-05,1.3947051598089588e-05,-7.927967250678528e-05,-7.927967126735246e-05
214.25,-0.00017914981784202175,-0.00017914936776906515,-29.998983080128983,-29.99898307999825,1.3706663597352902e-05,1.3706667803665655e-05,-7.79070390568107e-05,-7.790703781491624e-05
214.5,-0.00017575311868829472,-0.00017575266756311204,-29.999002385295427,-29.99900238516437,1.34670596013878e-05,1.3467063812883148e-05,-7.653426984630628e-05,-7.653426860194704e-05
214.75,-0.0001724162230561229,-0.0001724157708773581,-29.999021347252643,-29.99902134712126,1.3228235428100339e-05,1.3228239645261627e-05,-7.516136531639924e-05,-7.516136406957193e-05
215.0,-0.00016913893598735887,-0.00016913848275365543,-29.99903996596686,-29.99903996583515,1.2990191097304531e-05,1.2990195319651882e-05,-7.378832590822759e-05,-7.378832465892895e-05
215.25,-0.00016591968256069475,-0.00016591922827069574,-29.999058251876285,-29.99905825174425,1.2763958396236014e-05,1.2763962624252778e-05,-7.249892813098667e-05,-7.249892687921342e-05
215.5,-0.00016275689574831988,-0.00016275644040066796,-29.99907621542029,-29.999076215287925,1.253845818600181e-05,1.2538462419208116e-05,-7.120940258487359e-05,-7.120940133062244e-05
215.75,-0.0001596503924253275,-0.00015964993601872506,-29.99909385656698,-29.999093856434285,1.2313690484177644e-05,1.2313694722575234e-05,-6.99197496842508e-05,-6.99197484275186e-05
216.0,-0.0001565999894623787,-0.00015659953199552768,-29.99911117528457,-29.999111175151544,1.2089655308645053e-05,1.208965955223567e-05,-6.862996984349091e-05,-6.862996858427451e-05
216.25,-0.0001536041622383158,-0.00015360370370979732,-29.99912818159203,-29.999128181458676,1.1877076995537553e-05,1.1877081245286169e-05,-6.742046976489963e-05,-6.74204685031956e-05
216.5,-0.0001506613937080137,-0.00015066093411640844,-29.99914488550946,-29.999144885375774,1.166518576138824e-05,1.166519001633338e-05,-6.621084962865066e-05,-6.62108483644556e-05
216.75,-0.00014777151209970264,-0.00014777105144365106,-29.999161287006885,-29.99916128687287,1.1453981622429524e-05,1.145398588305455e-05,-6.500110982341735e-05,-6.500110855672796e-05
217.0,-0.0001449343456373948,-0.00014493388391547673,-29.999177386054445,-29.999177385920095,1.124346459617375e-05,1.1243468862480417e-05,-6.379125073788289e-05,-6.379124946869574e-05
217.25,-0.00014214842473491663,-0.0001421479619457114,-29.99919319223359,-29.99919319209891,1.1044009897492962e-05,1.1044014169483025e-05,-6.265816358096116e-05,-6.265816230927284e-05
217.5,-0.00013941228705101813,-0.0001394118231932251,-29.999208715126862,-29.99920871499185,1.084519885019102e-05,1.0845203126903014e-05,-6.15249637779074e-05,-6.152496250371474e-05
217.75,-0.00013672577167091632,-0.0001367253067433548,-29.99922395470614,-29.99922395457079,1.0647031469765697e-05,1.0647035751201382e-05,-6.039165169282835e-05,-6.0391650416128486e-05
218.0,-0.00013408871767591287,-0.00013408825167740172,-29.999238910943397,-29.999238910807716,1.0449507772041903e-05,1.044951205820304e-05,-5.925822768983989e-05,-5.925822641062995e-05
218.25,-0.00013149971556692866,-0.00013149924849622607,-29.999253592971872,-29.999253592835856,1.0262609474590396e-05,1.0262613765960364e-05,-5.819798243559849e-05,-5.819798115387544e-05
218.5,-0.00012895736275058938,-0.00012895689460639293,-29.99926800992583,-29.999268009789482,1.0076313433370334e-05,1.0076317729950898e-05,-5.7137631626462815e-05,-5.7137630342223505e-05
218.75,-0.00012646150866097377,-0.00012646103944198057,-29.999282161778932,-29.999282161642245,9.890619663280664e-06,9.890623965073593e-06,-5.60771756031232e-05,-5.607717431636446e-05
219.0,-0.00012401200272851414,-0.0001240115324334209,-29.99929604850491,-29.999296048367885,9.705528178594175e-06,9.70553248560124e-06,-5.501661470627822e-05,-5.5016613416996895e-05
219.25,-0.00012160749624560997,-0.00012160702487305278,-29.999309678784954,-29.99930967864759,9.530617501925695e-06,9.530621814630282e-06,-5.4025609097103394e-05,-5.402560780529617e-05
219.5,-0.00011924664706834831,-0.00011924617461696278,-29.99932306130124,-29.99932306116354,9.356269735782231e-06,9.356274053704504e-06,-5.30345047031023e-05,-5.303450340876588e-05
219.75,-0.00011692931446723225,-0.00011692884093577391,-29.999336196029113,-29.999336195891075,9.18248489508169e-06,9.182489217741814e-06,-5.2043301842707814e-05,-5.204330054583916e-05
220.0,-0.00011465535770929305,-0.00011465488309651703,-29.999349082943997,-29.99934908280562,9.009262992680427e-06,9.009267320561794e-06,-5.1052000834360926e-05,-5.1051999534957e-05
220.25,-0.00011242349122183462,-0.00011242301552637518,-29.9993617302766,-29.999361730137885,8.8457565071976e-06,8.845760840783606e-06,-5.012664453163256e-05,-5.012664322969006e-05
220.5,-0.00011023243565504172,-0.00011023195887553268,-29.99937414625858,-29.999374146119525,8.682775629532543e-06,8.682779968343358e-06,-4.92011958846873e-05,-4.920119458020292e-05
220.75,-0.00010808205960537547,-0.00010808158174039002,-29.999386330866887,-29.99938633072749,8.520320372353754e-06,8.520324717354391e-06,-4.8275655190856275e-05,-4.827565388382657e-05
221.0,-0.00010597223166602524,-0.00010597175271407589,-29.999398284078545,-29.999398283938806,8.358390749166812e-06,8.358395099877447e-06,-4.735002274747802e-05,-4.73500214378994e-05
221.25,-0.00010390173072109302,-0.00010390125068087244,-29.999410013678805,-29.999410013538725,8.205698530007212e-06,8.205702885466412e-06,-4.6486764884502925e-05,-4.6486763572372217e-05
221.5,-0.00010186934154068593,-0.00010186886041094657,-29.999421527453816,-29.99942152731339,8.053496634998152e-06,8.053500995689323e-06,-4.562342078478049e-05,-4.562341947009465e-05
221.75,-9.987494154220469e-05,-9.987445932163833e-05,-29.999432825382048,-29.999432825241282,7.901785076626432e-06,7.901789442551372e-06,-4.475999072568242e-05,-4.475998940843827e-05
222.0,-9.791840814006339e-05,-9.791792482724096e-05,-29.99944390744205,-29.99944390730094,7.750563866297953e-06,7.750568238421681e-06,-4.3896474984587315e-05,-4.389647366478141e-05
222.25,-9.59985834701311e-05,-9.599809906365317e-05,-29.999454780982745,-29.99945478084129,7.608109662044852e-06,7.6081140391651365e-06,-4.3091837091219114e-05,-4.309183576884806e-05
222.5,-9.411431522411104e-05,-9.411382972278845e-05,-29.999465453353906,-29.999465453212107,7.466112476896173e-06,7.466116858533206e-06,-4.228711874315712e-05,-4.228711741821801e-05
222.75,-9.226548914582147e-05,-9.226500254852483e-05,-29.99947592453545,-29.999475924393305,7.3245723220909725e-06,7.3245767082465585e-06,-4.1482320198932324e-05,-4.148231887142237e-05
223.0,-9.045199097628461e-05,-9.045150328182383e-05,-29.99948619450736,-29.999486194364867,7.183489208758621e-06,7.183493599916178e-06,-4.06774417170823e-05,-4.0677440386998594e-05
223.25,-8.867272519561543e-05,-8.867223640273979e-05,-29.99949627019426,-29.999496270051424,7.050707975204096e-06,7.050712371365433e-06,-3.9928040933674596e-05,-3.9928039601014086e-05
223.5,-8.692660151890496e-05,-8.692611162636329e-05,-29.999506158521587,-29.999506158378406,6.918352378856246e-06,6.918356780023174e-06,-3.917856515853483e-05,-3.917856382329446e-05
223.75,-8.521351353558501e-05,-8.52130225421558e-05,-29.999515859470623,-29.999515859327094,6.786422429841681e-06,6.786426835775209e-06,-3.842901463244152e-05,-3.842901329461831e-05
224.0,-8.35333548324782e-05,-8.353286273693946e-05,-29.99952537302271,-29.99952537287883,6.654918138907279e-06,6.654922549850026e-06,-3.767938959617917e-05,-3.7679388255770134e-05
224.25,-8.18850912500027e-05,-8.188459805113203e-05,-29.999534705691342,-29.999534705547113,6.53125653982757e-06,6.531260955540549e-06,-3.698194775075737e-05,-3.6981946407759504e-05
224.5,-8.026769355268094e-05,-8.026719924925542e-05,-29.99954386399078,-29.9995438638462,6.407991059323587e-06,6.407995480049422e-06,-3.6284436064078984e-05,-3.628443471848931e-05
224.75,-7.868106270969486e-05,-7.868056730040087e-05,-29.999552847903587,-29.999552847758657,6.285121706782803e-06,6.285126133004928e-06,-3.558685476022443e-05,-3.558685341203974e-05
225.0,-7.712509968774096e-05,-7.712460317123429e-05,-29.99956165741239,-29.999561657267108,6.162648492701654e-06,6.1626529241810865e-06,-3.488920406327959e-05,-3.488920271249663e-05
225.25,-7.559883091812032e-05,-7.559833329311651e-05,-29.999570298634495,-29.999570298488862,6.047563062816789e-06,6.0475674993145485e-06,-3.424056186842774e-05,-3.424056051504337e-05
225.5,-7.410128745668934e-05,-7.410078872190347e-05,-29.999578777687923,-29.999578777541938,5.9328460287163145e-06,5.932850470475035e-06,-3.359185467587373e-05,-3.359185331988482e-05
225.75,-7.263237720334379e-05,-7.263187735746041e-05,-29.99958709455645,-29.99958709441011,5.818497399660323e-06,5.818501846681836e-06,-3.294308269401549e-05,-3.294308133541884e-05
226.0,-7.119200805567546e-05,-7.119150709737864e-05,-29.999595249223905,-29.99959524907721,5.704517184820492e-06,5.704521637106629e-06,-3.2294246131256075e-05,-3.229424477004848e-05
226.25,-6.97792637767697e-05,-6.977876170480324e-05,-29.99960324742792,-29.999603247280874,5.597494111412515e-06,5.5974985684835e-06,-3.1691375859138327e-05,-3.1691374495316714e-05
226.5,-6.839323246720447e-05,-6.839272928028165e-05,-29.99961109490681,-29.99961109475941,5.490813431520686e-06,5.490817894100773e-06,-3.108844514270409e-05,-3.108844377626532e-05
226.75,-6.703382852744322e-05,-6.703332422418651e-05,-29.999618791645485,-29.999618791497728,5.384475154400754e-06,5.384479622491783e-06,-3.048545417564236e-05,-3.048545280658311e-05
227.0,-6.57009663557059e-05,-6.570046093473734e-05,-29.999626337628907,-29.999626337480795,5.278479288744683e-06,5.278483762348495e-06,-2.9882403151647048e-05,-2.9882401779963967e-05
227.25,-6.439378621399277e-05,-6.439327967384365e-05,-29.99963373823123,-29.99963373808276,5.1790148509552975e-06,5.179019330796155e-06,-2.932240599751759e-05,-2.932240462320712e-05
227.5,-6.311143242687716e-05,-6.311092476604817e-05,-29.999640998827235,-29.999640998678412,5.07986845328851e-06,5.079872938886648e-06,-2.876235266797769e-05,-2.8762351291036218e-05
227.75,-6.185382548330688e-05,-6.185331670041869e-05,-29.99964811940291,-29.999648119253727,4.981040103912326e-06,4.981044594787981e-06,-2.8202243342939283e-05,-2.820224196336346e-05
228.0,-6.0620885870287586e-05,-6.06203759639905e-05,-29.99965509994427,-29.99965509979473,4.882529810196005e-06,4.882534306591834e-06,-2.76420782023189e-05,-2.7642076820105443e-05
228.25,-5.9411806436256116e-05,-5.941129540510966e-05,-29.999661945479456,-29.999661945329553,4.790154870435227e-06,4.790159372834696e-06,-2.712219450541325e-05,-2.7122193120558667e-05
228.5,-5.822578383058826e-05,-5.822527167303108e-05,-29.99966866103719,-29.99966866088693,4.698075184516693e-06,4.698079693403271e-06,-2.660225863706284e-05,-2.6602257249563367e-05
228.75,-5.706274423889378e-05,-5.706223095330388e-05,-29.999675246604454,-29.999675246453833,4.606290759873812e-06,4.606295275249357e-06,-2.608227076428999e-05,-2.6082269374141725e-05
229.0,-5.5922613844872764e-05,-5.592209942977817e-05,-29.999681702168267,-29.999681702017284,4.514801604350744e-06,4.514806125013089e-06,-2.5562231054120857e-05,-2.5562229661320242e-05
229.25,-5.480463681024073e-05,-5.480412126431951e-05,-29.999688032427795,-29.99968803227645,4.429060331960889e-06,4.429064857911897e-06,-2.507983703328479e-05,-2.5079835637828605e-05
229.5,-5.3708060849081004e-05,-5.3707544170860255e-05,-29.99969424208276,-29.999694241931053,4.343593017713533e-06,4.343597550159099e-06,-2.4597394587535123e-05,-2.45973931894198e-05
229.75,-5.2632817470825915e-05,-5.263229965880216e-05,-29.99970033112108,-29.999700330969006,4.2583996698614835e-06,4.258404207840254e-06,-2.411490387184772e-05,-2.4114902471069626e-05
230.0,-5.15788381830635e-05,-5.1578319235853206e-05,-29.9997062995307,-29.999706299378264,4.1734802949061565e-06,4.173484838420002e-06,-2.3632365041202283e-05,-2.3632363637758055e-05
230.25,-5.054541635829212e-05,-5.054489627445109e-05,-29.999712151698876,-29.999712151546074,4.093936649003489e-06,4.093941198535895e-06,-2.3184972804732172e-05,-2.3184971398618302e-05
230.5,-4.953184868547728e-05,-4.9531327463440435e-05,-29.999717892013376,-29.999717891860204,4.014647080312669e-06,4.014651636347124e-06,-2.2737535643619147e-05,-2.273753423483186e-05
230.75,-4.853807164443942e-05,-4.8537549282641215e-05,-29.999723520462982,-29.999723520309445,3.935611595843072e-06,3.935616157899842e-06,-2.2290053701592355e-05,-2.2290052290127877e-05
231.0,-4.756402171334456e-05,-4.7563498210249076e-05,-29.99972903703652,-29.999729036882616,3.856830201820677e-06,3.85683477014245e-06,-2.1842527122384616e-05,-2.184252570823923e-05
231.25,-4.6609038452254924e-05,-4.660851380626558e-05,-29.999734445826455,-29.999734445672182,3.7830751417816744e-06,3.783079716611139e-06,-2.1427785340749368e-05,-2.1427783923919234e-05
231.5,-4.56724645147407e-05,-4.567193872429053e-05,-29.999739750925734,-29.99973975077109,3.7095556141991355e-06,3.7095601950565667e-06,-2.1013001903732184e-05,-2.101300048421352e-05
231.75,-4.4754241016954386e-05,-4.4753714080506073e-05,-29.99974495232396,-29.99974495216895,3.6362716249369605e-06,3.6362762120650533e-06,-2.0598176944571366e-05,-2.0598175522360452e-05
232.0,-4.385430907364979e-05,-4.3853780989605325e-05,-29.99975005001077,-29.99975004985539,3.5632231793209077e-06,3.5632277729623607e-06,-2.0183310596508575e-05,-2.0183309171601562e-05
232.25,-4.297205262540778e-05,-4.297152339216869e-05,-29.9997550478004,-29.999755047644648,3.494864780802404e-06,3.4948693807183056e-06,-1.9798999920453047e-05,-1.979899849284608e-05
232.5,-4.2106858495863564e-05,-4.210632811195129e-05,-29.999759949507528,-29.999759949351407,3.4267246306485417e-06,3.426729236118371e-06,-1.941465063692788e-05,-1.941464920661738e-05
232.75,-4.125867212241437e-05,-4.12581405863198e-05,-29.999764755122523,-29.99976475496603,3.3588027329491844e-06,3.3588073449380656e-06,-1.903026286939369e-05,-1.9030261436376e-05
233.0,-4.042743894108032e-05,-4.042690625129385e-05,-29.99976946463578,-29.999769464478913,3.291099094631488e-06,3.2911037121780993e-06,-1.864583674131414e-05,-1.864583530558561e-05
233.25,-3.9612584531607924e-05,-3.961205068664959e-05,-29.999774081599046,-29.999774081441807,3.22776987289342e-06,3.2277744967220842e-06,-1.828986337164003e-05,-1.828986193319707e-05
233.5,-3.8813537158511874e-05,-3.8813002156841026e-05,-29.999778609564498,-29.999778609406885,3.164642804463736e-06,3.1646474343355547e-06,-1.7933854234865257e-05,-1.7933852793704146e-05
233.75,-3.8030246282863244e-05,-3.802971012296885e-05,-29.999783048523206,-29.99978304836522,3.10171789415433e-06,3.1017225300712127e-06,-1.7577809445345805e-05,-1.757780800146288e-05
234.0,-3.7262661364536206e-05,-3.726212404496696e-05,-29.99978739846627,-29.999787398307912,3.038995146728578e-06,3.0389997882108253e-06,-1.7221729117440292e-05,-1.7221727670832038e-05
234.25,-3.651024620967464e-05,-3.650970772891856e-05,-29.999791662699263,-29.999791662540527,2.9803572874121726e-06,2.9803619354249238e-06,-1.6892129236270005e-05,-1.6892127786932755e-05
234.5,-3.5772467123004336e-05,-3.577192747954896e-05,-29.999795844528144,-29.999795844369032,2.9219066019789783e-06,2.9219112555609266e-06,-1.6562496237587438e-05,-1.6562494785517535e-05
234.75,-3.504927731050283e-05,-3.504873650283522e-05,-29.999799943944645,-29.999799943785156,2.8636430948397847e-06,2.8636477549560743e-06,-1.6232830227274932e-05,-1.6232828772468706e-05
235.0,-3.434062997696028e-05,-3.434008800350681e-05,-29.99980396094053,-29.99980396078066,2.8055667710828777e-06,2.8055714372538193e-06,-1.590313131121764e-05,-1.590312985367129e-05
235.25,-3.364602649285548e-05,-3.364548335210225e-05,-29.999807898589665,-29.999807898429417,2.7512899755063863e-06,2.7512946477339058e-06,-1.5598056607016782e-05,-1.559805514672664e-05
235.5,-3.296497055218502e-05,-3.2964426242557436e-05,-29.999811759966292,-29.999811759805663,2.6971864243306356e-06,2.697191103098272e-06,-1.5292951248344775e-05,-1.5292949785307032e-05
235.75,-3.2297418843247024e-05,-3.229687336317002e-05,-29.999815545062756,-29.999815544901747,2.6432561223668322e-06,2.643260807194905e-06,-1.4987815333204384e-05,-1.4987813867415241e-05
236.0,-3.164332805326242e-05,-3.1642781401160444e-05,-29.999819253871433,-29.999819253710044,2.58949907342138e-06,2.589503764793434e-06,-1.4682648959600828e-05,-1.4682647491056473e-05
236.25,-3.100223377301085e-05,-3.100168594730786e-05,-29.999822889249458,-29.999822889087685,2.5392818845430827e-06,2.539286581979442e-06,-1.4400370444725541e-05,-1.4400368973422163e-05
236.5,-3.0373673752845167e-05,-3.0373124752024868e-05,-29.999826454054308,-29.99982645389215,2.489224993402645e-06,2.4892296969052482e-06,-1.4118063568168727e-05,-1.4118062094102654e-05
236.75,-2.9757607917760473e-05,-2.975705774039636e-05,-29.9998299482789,-29.99982994811636,2.4393284045614653e-06,2.4393331134098354e-06,-1.3835728420609179e-05,-1.3835726943776939e-05
237.0,-2.9153996191827028e-05,-2.9153444836492115e-05,-29.999833371916182,-29.999833371753258,2.3895921208568286e-06,2.389596835775327e-06,-1.3553365092727986e-05,-1.35533636131261e-05
237.25,-2.8562407101718867e-05,-2.856185456689538e-05,-29.999836727619645,-29.999836727456337,2.3431453119689475e-06,2.3431500329595196e-06,-1.3292258179586677e-05,-1.3292256697211468e-05
237.5,-2.798241117965761e-05,-2.7981857463917587e-05,-29.9998400180431,-29.999840017879407,2.2968467770998554e-06,2.296851503442032e-06,-1.3031125034203734e-05,-1.303112354905173e-05
237.75,-2.741397135680141e-05,-2.7413416458656203e-05,-29.999843243179996,-29.99984324301592,2.2506965189447668e-06,2.250701251844529e-06,-1.276996574045615e-05,-1.276996425252373e-05
238.0,-2.685705056336816e-05,-2.685649448132863e-05,-29.99984640302381,-29.999846402859347,2.2046945423305636e-06,2.204699280585835e-06,-1.2508780382222907e-05,-1.2508778891506459e-05
238.25,-2.6311248996085512e-05,-2.6310691728692135e-05,-29.999849500037605,-29.999849499872756,2.161740847725602e-06,2.1617455923015617e-06,-1.2267325871381428e-05,-1.2267324377877397e-05
238.5,-2.577616871348419e-05,-2.5775610259186652e-05,-29.999852536684738,-29.9998525365195,2.1189242654517083e-06,2.1189290161095095e-06,-1.2025847101137932e-05,-1.2025845604842564e-05
238.75,-2.525177543706826e-05,-2.5251215794285655e-05,-29.999855512959154,-29.99985551279353,2.0762447988123772e-06,2.076249556035593e-06,-1.1784344149055539e-05,-1.1784342649965008e-05
239.0,-2.4738034887429733e-05,-2.473747405458066e-05,-29.999858428854818,-29.999858428688803,2.0337024518006145e-06,2.0337072151095965e-06,-1.1542817092699362e-05,-1.1542815590809841e-05
239.25,-2.4234574821648504e-05,-2.4234012797301578e-05,-29.999861286657204,-29.9998612864908,1.9939992002068556e-06,1.994003968881152e-06,-1.1319598183058853e-05,-1.1319596678366856e-05
239.5,-2.37410247242884e-05,-2.3740461507041844e-05,-29.999864088652057,-29.99986408848526,1.9544227049600945e-06,1.9544274794832866e-06,-1.109635684980814e-05,-1.1096355342310242e-05
239.75,-2.325735290588663e-05,-2.3256788494308077e-05,-29.99986683483378,-29.999866834666594,1.914972969066995e-06,1.9149777492002474e-06,-1.087309316465205e-05,-1.0873091654344764e-05
240.0,-2.2783527676292735e-05,-2.278296206891922e-05,-29.999869525196797,-29.99986952502922,1.875649995022187e-06,1.8756547812490845e-06,-1.0649807199296974e-05,-1.0649805686176735e-05
240.25,-2.2319204046725792e-05,-2.231863724203366e-05,-29.99987216186053,-29.999872161692558,1.8389585666441355e-06,1.838963358966654e-06,-1.0443499146040587e-05,-1.0443497630103697e-05
240.5,-2.186403863031589e-05,-2.1863470626720785e-05,-29.99987474694466,-29.999874746776293,1.802384290254244e-06,1.8023890891559748e-06,-1.0237170370195923e-05,-1.0237168851438542e-05
240.75,-2.1418002138599523e-05,-2.1417432934546694e-05,-29.99987728044401,-29.99987728027525,1.7659271695827166e-06,1.7659319743432229e-06,-1.0030820938034854e-05,-1.0030819416453214e-05
241.0,-2.098106528236474e-05,-2.0980494876419353e-05,-29.999879762353427,-29.99987976218427,1.7295872068868044e-06,1.7295920172672642e-06,-9.82445091583074e-06,-9.824449391421348e-06
241.25,-2.055290809027249e-05,-2.05523364809089e-05,-29.999882194637355,-29.999882194467805,1.6956883714050575e-06,1.6956931883706813e-06,-9.633817252635063e-06,-9.633815725394208e-06
241.5,-2.013321207574126e-05,-2.0132639261373132e-05,-29.99988457926047,-29.999884579090526,1.6618977868498404e-06,1.6619026099210054e-06,-9.443164444056617e-06,-9.443162913980457e-06
241.75,-1.972195017571677e-05,-1.9721376154817465e-05,-29.999886916218,-29.999886916047657,1.6282154558009518e-06,1.6282202849796495e-06,-9.252492551331707e-06,-9.252491018416536e-06
242.0,-1.9319095326472924e-05,-1.9318520097575515e-05,-29.999889205505177,-29.999889205334437,1.594641381053016e-06,1.594646215859629e-06,-9.061801635698154e-06,-9.061800099940403e-06
242.25,-1.8924350150415987e-05,-1.8923773712083146e-05,-29.999891448942634,-29.999891448771496,1.5633366939919437e-06,1.5633415346692744e-06,-8.885695022805352e-06,-8.88569348420151e-06
242.5,-1.8537418646143054e-05,-1.853684099687675e-05,-29.99989364835123,-29.99989364817969,1.5321320071976906e-06,1.5321368539885443e-06,-8.709570729662331e-06,-8.70956918820875e-06
242.75,-1.815827581316183e-05,-1.8157696951493634e-05,-29.999895803726545,-29.999895803554605,1.5010273240736208e-06,1.5010321764983874e-06,-8.533428812838434e-06,-8.533427268531539e-06
243.0,-1.778689665028269e-05,-1.778631657480387e-05,-29.999897915064185,-29.999897914891843,1.4700226467950682e-06,1.4700275048557516e-06,-8.357269328904525e-06,-8.35726778174087e-06
243.25,-1.7423006256300663e-05,-1.742242496557189e-05,-29.999899984050153,-29.99989998387741,1.4411158983664202e-06,1.441120762305833e-06,-8.19461562104563e-06,-8.1946140710217e-06
243.5,-1.7066331004325168e-05,-1.7065748496906613e-05,-29.99990201237065,-29.999902012197506,1.4123015111275768e-06,1.4123063807069221e-06,-8.031945587249516e-06,-8.031944034361794e-06
243.75,-1.671684780379527e-05,-1.6716264078276696e-05,-29.999904000021605,-29.99990399984806,1.3835794871852054e-06,1.3835843624064947e-06,-7.869259279763868e-06,-7.86925772400891e-06
244.0,-1.6374533563626132e-05,-1.63739486185667e-05,-29.999905946998954,-29.999905946825002,1.3549498286238068e-06,1.35495470972986e-06,-7.706556750837692e-06,-7.706555192211978e-06
244.25,-1.6039133699288027e-05,-1.6038547533156094e-05,-29.999907854863995,-29.999907854689642,1.3282633002830817e-06,1.3282681877575274e-06,-7.556361016699313e-06,-7.556359455199118e-06
244.5,-1.571039480627764e-05,-1.5709807417571155e-05,-29.99990972517822,-29.999909725003462,1.3016620583572757e-06,1.3016669514797146e-06,-7.4061502105641866e-06,-7.40614864618586e-06
244.75,-1.5388295562824333e-05,-1.5387706950010644e-05,-29.999911557937864,-29.9999115577627,1.2751461041805332e-06,1.275151003916211e-06,-7.255924380677841e-06,-7.255922813417651e-06
245.0,-1.5072814646525475e-05,-1.5072224808071429e-05,-29.999913353139178,-29.999913352963606,1.24871544147459e-06,1.248720346862307e-06,-7.1056835752871575e-06,-7.105682005141381e-06
245.25,-1.476371583528488e-05,-1.4763124769656811e-05,-29.999915112227253,-29.999915112051273,1.2240881713137254e-06,1.2240930833187324e-06,-6.967018641045649e-06,-6.967017068010551e-06
245.5,-1.446076399931054e-05,-1.4460171704974275e-05,-29.999916836647355,-29.999916836470966,1.1995396396723676e-06,1.19954455733347e-06,-6.828339797843366e-06,-6.828338221915216e-06
245.75,-1.416393945380712e-05,-1.4163345929318283e-05,-29.999918526396012,-29.999918526219215,1.1750698478731025e-06,1.1750747714331382e-06,-6.689647090221528e-06,-6.689645511396792e-06
246.0,-1.3873222513530607e-05,-1.387262775744431e-05,-29.999920181469765,-29.999920181292556,1.150678798182843e-06,1.1506837274030403e-06,-6.55094056272256e-06,-6.550938980997711e-06
246.25,-1.358839558650107e-05,-1.3587799597281613e-05,-29.999921803205506,-29.999921803027885,1.1279487312927086e-06,1.1279536671383285e-06,-6.422943159430387e-06,-6.422941574801682e-06
246.5,-1.330924209124969e-05,-1.3308644867240465e-05,-29.99992339294029,-29.99992339276226,1.1052913442601293e-06,1.1052962867332115e-06,-6.29493291868024e-06,-6.294931331143668e-06
246.75,-1.3035743857492726e-05,-1.3035145397096813e-05,-29.999924950670913,-29.99992495049247,1.082706639638977e-06,1.082711588259952e-06,-6.166909881586467e-06,-6.1669082911381535e-06
247.0,-1.2767882714370346e-05,-1.2767283016050516e-05,-29.999926476394183,-29.99992647621533,1.0601946194840682e-06,1.060199574254981e-06,-6.038874089264721e-06,-6.0388724959009235e-06
247.25,-1.250545690701314e-05,-1.2504855969231651e-05,-29.99992797134658,-29.99992797116731,1.039223018823524e-06,1.0392279797464223e-06,-5.920743037300213e-06,-5.920741441017185e-06
247.5,-1.2248265615178237e-05,-1.224766343645704e-05,-29.99992943676473,-29.999929436585045,1.0183184955847805e-06,1.0183234621801023e-06,-5.802600141027665e-06,-5.802598541821801e-06
247.75,-1.1996292069333787e-05,-1.1995688648194317e-05,-29.99993087264568,-29.99993087246558,9.974810511781594e-07,9.974860239295695e-07,-5.6844454383920365e-06,-5.684443836259723e-06
248.0,-1.1749519499507067e-05,-1.1748914834379946e-05,-29.999932278986485,-29.999932278805968,9.767106877203018e-07,9.767156668706615e-07,-5.566278967339488e-06,-5.566277362276906e-06
248.25,-1.1507762072047392e-05,-1.1507156161332624e-05,-29.999933656930306,-29.999933656749374,9.573590480915702e-07,9.573640336429378e-07,-5.457269716408959e-06,-5.4572681084122215e-06
248.5,-1.127083481734608e-05,-1.1270227659473256e-05,-29.999935007620447,-29.9999350074391,9.380693059109969e-07,9.380742976246265e-07,-5.3482495360903505e-06,-5.348247925155639e-06
248.75,-1.1038722260822886e-05,-1.1038113854221085e-05,-29.99993633105418,-29.999936330872416,9.188414629233622e-07,9.188464610421232e-07,-5.239218461398496e-06,-5.239216847521989e-06
249.0,-1.0811408927433136e-05,-1.0810799270591116e-05,-29.999937627228785,-29.999937627046606,8.996755210993975e-07,8.996805249029379e-07,-5.1301765273491365e-06,-5.1301749105271495e-06
249.25,-1.0588722826968535e-05,-1.0588111918404641e-05,-29.99993889720092,-29.99993889701832,8.818228007713025e-07,8.818278107433027e-07,-5.029598804263723e-06,-5.029597184492638e-06
249.5,-1.0370492767906853e-05,-1.0369880606138914e-05,-29.999940142027363,-29.999940141844345,8.640271901136759e-07,8.640322057745951e-07,-4.929010998349433e-06,-4.929009375625627e-06
249.75,-1.015670447265715e-05,-1.0156091056262679e-05,-29.999941361705595,-29.999941361522158,8.462886905123268e-07,8.462937118642383e-07,-4.828413141912491e-06,-4.828411516232479e-06
250.0,-9.947343663283754e-06,-9.946728990779538e-06,-29.999942556233112,-29.999942556049252,8.286073033393578e-07,8.286123308659496e-07,-4.727805267260181e-06,-4.727803638620337e-06
250.25,-9.742250284221666e-06,-9.741634354063778e-06,-29.999943726586892,-29.99994372640261,8.121485095029357e-07,8.121535432062863e-07,-4.6350233554273855e-06,-4.635021723823943e-06
250.5,-9.541265018307716e-06,-9.540647829011908e-06,-29.99994487374403,-29.999944873559325,7.957423983733322e-07,7.957474377739108e-07,-4.542232148034493e-06,-4.542230513463825e-06
250.75,-9.344374694673415e-06,-9.343756244815117e-06,-29.99994599770221,-29.99994599751708,7.79388971484137e-07,7.793940165840272e-07,-4.4494316748835185e-06,-4.449430037342131e-06
251.0,-9.151566142188854e-06,-9.150946430252678e-06,-29.999947098459113,-29.999947098273562,7.630882293930716e-07,7.630932809167773e-07,-4.356621965777404e-06,-4.3566203252615924e-06
251.25,-8.96269156368943e-06,-8.96207058803906e-06,-29.999948176917698,-29.999948176731724,7.479164970445665e-07,7.479215552349828e-07,-4.2710452330029734e-06,-4.271043589508766e-06
251.5,-8.77760384436464e-06,-8.776981603393338e-06,-29.999949233981027,-29.99994923379463,7.327933561979661e-07,7.327984205755726e-07,-4.185459931580724e-06,-4.185458285104213e-06
251.75,-8.596290836215856e-06,-8.595667328376562e-06,-29.999950269646966,-29.999950269460143,7.17718807837816e-07,7.177238784047069e-07,-4.099866088998183e-06,-4.0998644395356e-06
252.0,-8.418740390999774e-06,-8.418115614684704e-06,-29.99995128391338,-29.999951283726126,7.026928529369996e-07,7.026979301768837e-07,-4.014263732743713e-06,-4.014262080291144e-06
252.25,-8.24481638130603e-06,-8.244190334876774e-06,-29.999952277614156,-29.999952277426477,6.887066933105176e-07,6.887117769846888e-07,-3.93534110334951e-06,-3.935339447902973e-06
252.5,-8.074383309956927e-06,-8.07375599183475e-06,-29.99995325158329,-29.99995325139518,6.747653463660416e-07,6.747704362357964e-07,-3.856410574897282e-06,-3.856408916452934e-06
252.75,-7.907429973604009e-06,-7.906801382179553e-06,-29.999954205818803,-29.999954205630264,6.608688135266045e-07,6.608739100756599e-07,-3.777472172737274e-06,-3.7774705112911978e-06
253.0,-7.743945168604609e-06,-7.743315302207785e-06,-29.999955140318736,-29.999955140129767,6.470170957228717e-07,6.470221989533356e-07,-3.6985259222204645e-06,-3.6985242577686054e-06
253.25,-7.583803135913951e-06,-7.583171992934347e-06,-29.99995605585325,-29.99995605566385,6.341260528820969e-07,6.341311623144682e-07,-3.625748915213049e-06,-3.62574724775149e-06
253.5,-7.426878698599673e-06,-7.426246277426347e-06,-29.9999569531926,-29.999956953002773,6.212763328834341e-07,6.212814490014382e-07,-3.552964627649864e-06,-3.552962957174682e-06
253.75,-7.273161525866282e-06,-7.272527824827561e-06,-29.999957832334974,-29.999957832144712,6.084679364060363e-07,6.084730592117893e-07,-3.4801730829068637e-06,-3.480171409414004e-06
254.0,-7.122641286539033e-06,-7.122006304022917e-06,-29.999958693278554,-29.999958693087862,5.957008658047811e-07,5.957059948187901e-07,-3.407374304360603e-06,-3.407372627846138e-06
254.25,-6.975201676222187e-06,-6.974565410676346e-06,-29.9999595367346,-29.999959536543475,5.838223666797797e-07,5.838275019041663e-07,-3.3402728844450035e-06,-3.3402712049051485e-06
254.5,-6.83072692818069e-06,-6.830089378112466e-06,-29.999960363414452,-29.999960363222893,5.719819677601037e-07,5.719871087153802e-07,-3.273164755840918e-06,-3.273163073272017e-06
254.75,-6.689207517248362e-06,-6.688568681224767e-06,-29.999961173316436,-29.99996117312444,5.601796699640253e-07,5.601848166523184e-07,-3.206049940101111e-06,-3.206048254499645e-06
255.0,-6.5506339180306e-06,-6.549993794557912e-06,-29.99996196643888,-29.99996196624645,5.484154742006729e-07,5.484206271057237e-07,-3.1389284587791363e-06,-3.1389267701414444e-06
255.25,-6.414899223198896e-06,-6.414257810722659e-06,-29.999962743438317,-29.999962743245447,5.374679386037422e-07,5.374730977276826e-07,-3.0770659366580737e-06,-3.077064244980357e-06
255.5,-6.281897021639682e-06,-6.281254318604907e-06,-29.999963504971348,-29.99996350477804,5.265555281664702e-07,5.265606935114347e-07,-3.0151972316377004e-06,-3.0151955369161613e-06
255.75,-6.151618531945969e-06,-6.150974536736932e-06,-29.99996425103643,-29.999964250842687,5.156782438249817e-07,5.156834158747194e-07,-2.953322363588127e-06,-2.953320665818825e-06
256.0,-6.024054972447691e-06,-6.023409683448133e-06,-29.99996498163203,-29.99996498143785,5.048360867477767e-07,5.048412650228157e-07,-2.8914413523799146e-06,-2.891439651558918e-06
256.25,-5.899107747893187e-06,-5.898461163606716e-06,-29.99996569736406,-29.99996569716944,4.947471062615141e-07,4.947522902823849e-07,-2.8344138834306828e-06,-2.8344121795543273e-06
256.5,-5.776678720999303e-06,-5.776030839928992e-06,-29.999966398838513,-29.99996639864345,4.846905055971108e-07,4.846956958475703e-07,-2.7773807164757875e-06,-2.7773790095404e-06
256.75,-5.6567597967493066e-06,-5.65611061736759e-06,-29.99996708605396,-29.999967085858458,4.7466628524427294e-07,4.746714814856629e-07,-2.7203418698321453e-06,-2.7203401598339888e-06
257.0,-5.539342879884607e-06,-5.538692400663384e-06,-29.99996775900899,-29.999967758813046,4.6467444664815964e-07,4.6467964912343626e-07,-2.6632973618171636e-06,-2.6632956487524976e-06
257.25,-5.4243370523990474e-06,-5.423685271779576e-06,-29.99996841826292,-29.999968418066533,4.553771474202142e-07,4.5538235613153036e-07,-2.610733153749977e-06,-2.6107314376149928e-06
257.5,-5.311651819071571e-06,-5.310998735554774e-06,-29.999969064375144,-29.999969064178313,4.461096935072471e-07,4.461149079751464e-07,-2.5581636948011108e-06,-2.5581619755921367e-06
257.75,-5.201279718475668e-06,-5.2006253305920294e-06,-29.999969697344348,-29.999969697147073,4.3687208569098016e-07,4.3687730615842655e-07,-2.50558900185371e-06,-2.5055872795671338e-06
258.0,-5.093213288990295e-06,-5.092557595149355e-06,-29.999970317169225,-29.999970316971506,4.276643247459721e-07,4.276695519375443e-07,-2.4530090917916998e-06,-2.4530073664236345e-06
258.25,-4.987367883118563e-06,-4.986710881759424e-06,-29.999970924365982,-29.99997092416782,4.191035065839034e-07,4.191087395385408e-07,-2.4045641019628494e-06,-2.4045623735094827e-06
258.5,-4.883659243531466e-06,-4.883000933092688e-06,-29.999971519450888,-29.999971519252277,4.10570194582847e-07,4.1057543426593973e-07,-2.35611427720588e-06,-2.356112545663391e-06
258.75,-4.782080493552835e-06,-4.781420872352033e-06,-29.999972102422735,-29.999972102223676,4.0206438982975657e-07,4.020696362434735e-07,-2.307659633081139e-06,-2.307657898445432e-06
259.0,-4.68262475626569e-06,-4.6819638226801375e-06,-29.99997267328032,-29.999972673080812,3.935860931641782e-07,3.935913458290789e-07,-2.259200185149111e-06,-2.25919844741623e-06
259.25,-4.585214486353802e-06,-4.584552238820432e-06,-29.999973232499936,-29.999973232299983,3.8570029079863847e-07,3.857055497168972e-07,-2.2145559648559296e-06,-2.2145542240220524e-06
259.5,-4.489772498473078e-06,-4.4891089354282775e-06,-29.999973780557944,-29.99997378035754,3.7783983701984227e-07,3.778451021936361e-07,-2.1699072908695303e-06,-2.1699055469308322e-06
259.75,-4.396292455451428e-06,-4.395627575391243e-06,-29.999974317453226,-29.99997431725237,3.70004732030668e-07,3.700100029805645e-07,-2.1252541775290973e-06,-2.125252430481887e-06
260.0,-4.304768020006604e-06,-4.304101821366334e-06,-29.999974843184678,-29.99997484298337,3.6219497650952255e-07,3.6220025420092783e-07,-2.0805966391743476e-06,-2.0805948890147905e-06
260.25,-4.215127632965146e-06,-4.214460114149442e-06,-29.999975358191534,-29.999975357989776,3.5493201278870526e-07,3.5493729650138624e-07,-2.039457467725573e-06,-2.0394557144497734e-06
260.5,-4.127300067172417e-06,-4.1266312265853845e-06,-29.999975862913086,-29.999975862710873,3.476924066163672e-07,3.476976970749296e-07,-1.9983141943499127e-06,-1.9983124379539684e-06
260.75,-4.041279483023838e-06,-4.040609319038935e-06,-29.999976357348306,-29.999976357145638,3.404761597318672e-07,3.4048145645688934e-07,-1.9571668322608947e-06,-1.9571650727408366e-06
261.0,-3.957060040691397e-06,-3.956388551801936e-06,-29.999976841496178,-29.999976841293055,3.3328327218331597e-07,3.332885746953789e-07,-1.916015394672216e-06,-1.9160136320243444e-06
261.25,-3.874575470819369e-06,-3.873902655518113e-06,-29.99997731576183,-29.99997731555825,3.265968738156709e-07,3.2660218259858214e-07,-1.8781091151950884e-06,-1.8781073494157008e-06
261.5,-3.793759810196574e-06,-3.793085666915539e-06,-29.999977780550434,-29.999977780346402,3.1993199827844835e-07,3.199373133344062e-07,-1.8401990594254575e-06,-1.8401972905107144e-06
261.75,-3.714607678186118e-06,-3.7139322052965653e-06,-29.999978235861057,-29.999978235656567,3.1328864500567203e-07,3.132939668184895e-07,-1.8022852395383985e-06,-1.8022834674843207e-06
262.0,-3.6371136939922384e-06,-3.6364368898046782e-06,-29.999978681692756,-29.999978681487807,3.0666681583426024e-07,3.066721444061411e-07,-1.7643676677093519e-06,-1.7643658925118234e-06
262.25,-3.561216450179273e-06,-3.560538313063865e-06,-29.99997911841944,-29.999979118214032,3.005144393251781e-07,3.0051977417671703e-07,-1.7294451747843052e-06,-1.7294433964393467e-06
262.5,-3.4868548220631745e-06,-3.4861753504497282e-06,-29.999979546415066,-29.9999795462092,2.9438189034121774e-07,2.9438723147462405e-07,-1.6945192071744908e-06,-1.6945174256782557e-06
262.75,-3.414023852608557e-06,-3.4133430448661275e-06,-29.99997996567877,-29.99997996547244,2.882691701149578e-07,2.882745180140556e-07,-1.6595897760964907e-06,-1.6595879914449931e-06
263.0,-3.3427185845326866e-06,-3.3420364390297754e-06,-29.99998037620968,-29.999980376002892,2.821762793926062e-07,2.8218163357799834e-07,-1.6246568927673094e-06,-1.6246551049565648e-06
263.25,-3.27288207269078e-06,-3.2721985877953354e-06,-29.99998077835261,-29.999980778145364,2.7651885960872466e-07,2.7652422056424083e-07,-1.592485973624802e-06,-1.5924841826508176e-06
263.5,-3.2044576325346515e-06,-3.2037728066140667e-06,-29.999981172452415,-29.999981172244706,2.708797059816857e-07,2.708850732279343e-07,-1.5603118593447922e-06,-1.5603100652035832e-06
263.75,-3.1374406975363086e-06,-3.136754529077824e-06,-29.999981558508292,-29.999981558300117,2.652588184214992e-07,2.6526419147909125e-07,-1.5281345602598384e-06,-1.5281327629476898e-06
264.0,-3.0718267010704017e-06,-3.071139188560702e-06,-29.999981936519447,-29.999981936310807,2.596561977970152e-07,2.596615771497883e-07,-1.4959540867029955e-06,-1.4959522862161836e-06
264.25,-3.007564061900789e-06,-3.0068752037055987e-06,-29.999982306803435,-29.99998230659433,2.5444772001727613e-07,2.544531061490707e-07,-1.4663172728618228e-06,-1.466315469196348e-06
264.5,-2.9446014388096187e-06,-2.9439112332941054e-06,-29.999982669677852,-29.99998266946828,2.492560692388031e-07,2.492614616702383e-07,-1.436677517435085e-06,-1.4366757105869529e-06
264.75,-2.882934624980932e-06,-2.8822430705699065e-06,-29.999983025141965,-29.999983024931925,2.440812459865088e-07,2.440866447198185e-07,-1.407034829941549e-06,-1.407033019906896e-06
265.0,-2.8225594134981485e-06,-2.821866508615862e-06,-29.99998337319504,-29.99998337298453,2.3892325054046156e-07,2.389286555778823e-07,-1.3773892199003398e-06,-1.377387406675301e-06
265.25,-2.763427922466689e-06,-2.7627336655368345e-06,-29.999983714130003,-29.999983713919026,2.3413126096025823e-07,2.3413667230402922e-07,-1.3500899755261607e-06,-1.3500881591068692e-06
265.5,-2.705492491382339e-06,-2.7047968807678477e-06,-29.999984048239817,-29.99998404802837,2.2935477102736834e-07,2.2936018916134356e-07,-1.3227880247914073e-06,-1.322786205173855e-06
265.75,-2.648749245249998e-06,-2.6480522793132395e-06,-29.999984375523805,-29.99998437531189,2.2459378140776654e-07,2.245992058525788e-07,-1.2954833764641537e-06,-1.2954815536443374e-06
266.0,-2.593194309028939e-06,-2.5924959861317215e-06,-29.999984695981297,-29.99998469576891,2.198482918004835e-07,2.1985372303999245e-07,-1.2681760393125776e-06,-1.2681742132864893e-06
266.25,-2.5387843590660515e-06,-2.5380846775094197e-06,-29.999985009882007,-29.999985009669146,2.1543368746982392e-07,2.1543912550628004e-07,-1.2430291621542908e-06,-1.2430273329177825e-06
266.5,-2.485476275514096e-06,-2.4847752335985314e-06,-29.999985317495685,-29.999985317282352,2.1103336057179255e-07,2.110388054074492e-07,-1.2178797917704005e-06,-1.217877959319324e-06
266.75,-2.4332664889128403e-06,-2.4325640849984625e-06,-29.99998561882171,-29.999985618607905,2.066473119227938e-07,2.0665276307829518e-07,-1.1927279362375046e-06,-1.1927261005678499e-06
267.0,-2.382151429748884e-06,-2.381447662225349e-06,-29.99998591385946,-29.999985913645183,2.0227554113177546e-07,2.022809988501865e-07,-1.1675736036323881e-06,-1.1675717647402053e-06
267.25,-2.3320906955999207e-06,-2.3313855627961175e-06,-29.999986202857862,-29.99998620264311,1.9821252364810733e-07,1.9821798817249582e-07,-1.144413171580545e-06,-1.14441132946175e-06
267.5,-2.2830440720585454e-06,-2.2823375723328984e-06,-29.99998648606587,-29.99998648585064,1.9416265632515095e-07,1.9416812717616944e-07,-1.1212504448709296e-06,-1.1212485995215073e-06
267.75,-2.2350082716435365e-06,-2.2343004033539033e-06,-29.99998676348291,-29.999986763267206,1.9012593869108092e-07,1.901314163526088e-07,-1.0980854309422312e-06,-1.0980835823581601e-06
268.0,-2.1879800068415198e-06,-2.187270768284989e-06,-29.999987035108408,-29.99998703489223,1.861023714749459e-07,1.8610785594925343e-07,-1.0749181372333513e-06,-1.0749162854104732e-06
268.25,-2.1419220373053956e-06,-2.1412114267784886e-06,-29.999987301171718,-29.999987300955063,1.82363403205859e-07,1.8236889449521932e-07,-1.0535879437630909e-06,-1.0535860886972442e-06
268.5,-2.0967972959824426e-06,-2.0960853117811117e-06,-29.999987561902216,-29.99998756168508,1.7863654581934577e-07,1.7864204392603496e-07,-1.032255638650474e-06,-1.0322537803375004e-06
268.75,-2.052602755160474e-06,-2.0518893957005055e-06,-29.999987817299374,-29.999987817081763,1.7492179924758786e-07,1.749273032106607e-07,-1.010921228746123e-06,-1.010919367182137e-06
269.0,-2.009335387144622e-06,-2.0086206508412315e-06,-29.99998806736267,-29.999988067144578,1.7121916341986047e-07,1.7122467420482245e-07,-9.8958472090091e-07,-9.89582856082013e-07
269.25,-1.966961227664653e-06,-1.9662451128120828e-06,-29.9999883123035,-29.99998831208493,1.677759711684618e-07,1.6778148877759732e-07,-9.699415542391642e-07,-9.699396861611895e-07
269.5,-1.9254464721933453e-06,-1.924728977085266e-06,-29.9999885523333,-29.999988552114246,1.6434393139639948e-07,1.643494558319958e-07,-9.502964429795363e-07,-9.502945716383143e-07
269.75,-1.884788332537875e-06,-1.884069455527588e-06,-29.999988787451578,-29.99998878723204,1.609230446874407e-07,1.6092857547017596e-07,-9.30649393430821e-07,-9.306475188223197e-07
270.0,-1.8449840204200133e-06,-1.8442637599204472e-06,-29.99998901765785,-29.99998901743783,1.5751331114106424e-07,1.575188482732312e-07,-9.110004119020149e-07,-9.109985340223352e-07
270.25,-1.8060022662924378e-06,-1.8052806206557465e-06,-29.999989243146803,-29.999989242926297,1.5434243361075157e-07,1.5434797757625787e-07,-8.929108483025375e-07,-8.929089671476359e-07
270.5,-1.767811947726579e-06,-1.7670889152441404e-06,-29.999989464113142,-29.99998946389215,1.5118182668953671e-07,1.511873774906809e-07,-8.748194938996383e-07,-8.748176094653413e-07
270.75,-1.7304104970053262e-06,-1.7296860760281448e-06,-29.999989680556418,-29.999989680334938,1.48031490895973e-07,1.4803704805344442e-07,-8.567263545032418e-07,-8.567244667855054e-07
271.0,-1.6937953464327422e-06,-1.6930695353413474e-06,-29.999989892476187,-29.99998989225422,1.4489142554211877e-07,1.4489698929902756e-07,-8.386314359232839e-07,-8.386295449181327e-07
271.25,-1.657936996217802e-06,-1.657209793392147e-06,-29.999990100051836,-29.99999009982938,1.419769524425407e-07,1.419825225603877e-07,-8.219734116344061e-07,-8.219715173378601e-07
271.5,-1.62280608204823e-06,-1.6220774858977917e-06,-29.99999030346277,-29.999990303239827,1.3907193721796638e-07,1.3907751369906124e-07,-8.053137413556658e-07,-8.053118437638158e-07
271.75,-1.5884002394884183e-06,-1.5876702484521965e-06,-29.99999050270858,-29.99999050248515,1.3617637960312471e-07,1.3618196220897374e-07,-7.886524304370797e-07,-7.88650529546078e-07
272.0,-1.5547171040489576e-06,-1.5539857165653739e-06,-29.99999069778886,-29.999990697564943,1.3329028029369884e-07,1.3329586926742297e-07,-7.719894842288546e-07,-7.719875800348561e-07
272.25,-1.5217296845068864e-06,-1.5209968989234807e-06,-29.999990888868776,-29.99999088864437,1.306105275801992e-07,1.3061612340572823e-07,-7.566495308116002e-07,-7.566476233105545e-07
272.5,-1.4894111144714272e-06,-1.4886769290749585e-06,-29.999991076113513,-29.999991075888616,1.2793948427647047e-07,1.2794508695612507e-07,-7.413080639704634e-07,-7.413061531581801e-07
272.75,-1.457759216540006e-06,-1.4570236296768541e-06,-29.999991259522695,-29.999991259297307,1.2527715078344664e-07,1.2528275983793835e-07,-7.259650886321868e-07,-7.259631745046101e-07
273.0,-1.4267718132702784e-06,-1.426034823346443e-06,-29.999991439095947,-29.999991438870065,1.2262352701835958e-07,1.2262914245001465e-07,-7.106206097236029e-07,-7.106186922768119e-07
273.25,-1.396423940158777e-06,-1.395685545519475e-06,-29.999991614985593,-29.999991614759217,1.201607943792073e-07,1.201664166719668e-07,-6.964962774645704e-07,-6.964943566945027e-07
273.5,-1.3666907478394884e-06,-1.3659509467691521e-06,-29.999991787343983,-29.999991787117114,1.1770608071343741e-07,1.1771170986963329e-07,-6.823705543510027e-07,-6.823686302534629e-07
273.75,-1.3375702314953328e-06,-1.3368290222778114e-06,-29.99999195617077,-29.999991955943404,1.1525938661081597e-07,1.1526502263278313e-07,-6.682434449192684e-07,-6.682415174900544e-07
274.0,-1.3090603863125333e-06,-1.308317767231092e-06,-29.999992121465606,-29.999992121237742,1.1282071145515434e-07,1.1282635434523063e-07,-6.541149537057206e-07,-6.541130229406318e-07
274.25,-1.2811390045495418e-06,-1.2803949738868608e-06,-29.999992283368705,-29.999992283140344,1.1055157327013983e-07,1.10557223030666e-07,-6.411095790853277e-07,-6.411076449801602e-07
274.5,-1.2537839843654967e-06,-1.2530385404638722e-06,-29.9999924420203,-29.99999244179144,1.0828981885378593e-07,1.082954750054936e-07,-6.281029229437524e-07,-6.281009854944369e-07
274.75,-1.226993479750295e-06,-1.2262466209514369e-06,-29.99999259742007,-29.999992597190715,1.0603544874949813e-07,1.0604111177634573e-07,-6.150949894580286e-07,-6.150930486604925e-07
275.0,-1.2007656446485059e-06,-1.2000173692935369e-06,-29.999992749567703,-29.999992749337846,1.0378846277649163e-07,1.0379413219921644e-07,-6.020857828052772e-07,-6.020838386554495e-07
275.25,-1.1750796119678042e-06,-1.17432991839726e-06,-29.999992898592414,-29.999992898362056,1.0170093170600725e-07,1.0170660800857338e-07,-5.901116581020709e-07,-5.90109710595874e-07
275.5,-1.1499146122781496e-06,-1.1491634987717754e-06,-29.999993044623448,-29.99999304439259,9.962019887590117e-08,9.962588206066366e-08,-5.781363544443205e-07,-5.781344035775421e-07
275.75,-1.1252689459569469e-06,-1.124516410793899e-06,-29.999993187660507,-29.999993187429148,9.754626478608707e-08,9.755195485540387e-08,-5.661598756778226e-07,-5.661579214462468e-07
276.0,-1.1011409132869271e-06,-1.1003869548059734e-06,-29.9999933277033,-29.99999332747144,9.547912969404099e-08,9.548482616866094e-08,-5.54182225648443e-07,-5.541802680479938e-07
276.25,-1.0775110500244504e-06,-1.0767556666239697e-06,-29.99999346487087,-29.999993464638504,9.356081954840115e-08,9.356652243068782e-08,-5.431580875481855e-07,-5.431561265749146e-07
276.5,-1.0543599819892722e-06,-1.0536031720068508e-06,-29.999993599282266,-29.999993599049397,9.164876790118518e-08,9.165447767511697e-08,-5.321328660660399e-07,-5.321309017158631e-07
276.75,-1.0316861444391514e-06,-1.0309279062117834e-06,-29.999993730937224,-29.99999373070385,8.974297569339247e-08,8.974869187972663e-08,-5.21106564742603e-07,-5.211045970114355e-07
277.0,-1.0094879725472883e-06,-1.0087283044715766e-06,-29.99999385983547,-29.99999385960159,8.784344266049026e-08,8.784916526159878e-08,-5.100791871185234e-07,-5.100772160024139e-07
277.25,-9.877478457422326e-07,-9.869867461539853e-07,-29.999993986086775,-29.999993985852388,8.607853203246846e-08,8.608426153233818e-08,-4.999310276632977e-07,-4.999290531581532e-07
277.5,-9.664482263320858e-07,-9.65685693566517e-07,-29.999994109800916,-29.99999410956602,8.431938352471032e-08,8.432511944410695e-08,-4.897818714613375e-07,-4.897798935630701e-07
277.75,-9.45587673824243e-07,-9.448237062159725e-07,-29.99999423097764,-29.99999423074224,8.256599683744905e-08,8.257173966036511e-08,-4.796317217720964e-07,-4.796297404766098e-07
278.0,-9.251647477711135e-07,-9.243993436541652e-07,-29.999994349616706,-29.999994349380795,8.081837191034093e-08,8.082412115754781e-08,-4.694805818549165e-07,-4.694785971581179e-07
278.25,-9.051635674965209e-07,-9.043967252645239e-07,-29.999994465818958,-29.99999446558254,7.919195438287535e-08,7.919771005675921e-08,-4.6013723096923206e-07,-4.601352428671632e-07
278.5,-8.855683285608714e-07,-8.848000466068579e-07,-29.999994579685257,-29.999994579448327,7.757084122044441e-08,7.757660332339416e-08,-4.50792961550441e-07,-4.507909700391402e-07
278.75,-8.663777048242116e-07,-8.656079815406163e-07,-29.999994691215374,-29.999994690977932,7.595503281253453e-08,7.596080134694183e-08,-4.4144777659924564e-07,-4.414457816747478e-07
279.0,-8.475903700493758e-07,-8.468192038280351e-07,-29.99999480040908,-29.999994800171127,7.434452954735904e-08,7.43503045156183e-08,-4.3210167911656996e-07,-4.320996807749066e-07
279.25,-8.291914702032191e-07,-8.28418859375169e-07,-29.99999490735946,-29.999994907120993,7.284748302722616e-08,7.285326491334666e-08,-4.235011619461046e-07,-4.2349916018316767e-07
279.5,-8.111662216551778e-07,-8.10392164490653e-07,-29.999995012159605,-29.99999501192062,7.135531918236177e-08,7.136110798874371e-08,-4.1489979930655255e-07,-4.148977941181026e-07
279.75,-7.935134036916134e-07,-7.927378984602484e-07,-29.999995114809305,-29.999995114569803,6.986803837127079e-08,6.987383410031733e-08,-4.062975939600695e-07,-4.0629558534186017e-07
280.0,-7.762317955696095e-07,-7.754548406006388e-07,-29.99999521530835,-29.999995215068328,6.838564046967426e-08,6.839144264217944e-08,-3.976945486687313e-07,-3.9769253661665253e-07
280.25,-7.5930788966947e-07,-7.585294832614256e-07,-29.999995313742044,-29.999995313501508,6.700635611438377e-08,6.701216545517452e-08,-3.897748334588012e-07,-3.89772817968665e-07
280.5,-7.427282427254164e-07,-7.419483831762281e-07,-29.999995410195712,-29.99999540995466,6.563156883934432e-08,6.563738462841451e-08,-3.818543392867543e-07,-3.8185232035438317e-07
280.75,-7.264917305464937e-07,-7.257104162437896e-07,-29.99999550466916,-29.99999550442759,6.426127801163591e-08,6.426710025140017e-08,-3.7393306869612707e-07,-3.7393104631754243e-07
281.0,-7.105972289797084e-07,-7.098144583105131e-07,-29.999995597162197,-29.999995596920105,6.289548396048342e-08,6.290131265335914e-08,-3.6601102423058147e-07,-3.66008998401803e-07
281.25,-6.950326448537849e-07,-6.942484161443166e-07,-29.999995687753554,-29.999995687510943,6.162187897058125e-08,6.16277146006007e-08,-3.587196651971471e-07,-3.5871763591404974e-07
281.5,-6.797859445694574e-07,-6.790002560851272e-07,-29.99999577652198,-29.999995776278848,6.03524132446679e-08,6.035825581425427e-08,-3.5142758688150925e-07,-3.5142555413983485e-07
281.75,-6.648560931822946e-07,-6.640689432481092e-07,-29.9999958634673,-29.999995863223646,5.908708781015973e-08,5.90929368401271e-08,-3.441347916253415e-07,-3.4413275542096816e-07
282.0,-6.50242055792143e-07,-6.494534427024015e-07,-29.999995948589333,-29.999995948345152,5.7825901285419474e-08,5.783175750061483e-08,-3.368412817704094e-07,-3.368392420991423e-07
282.25,-6.359325343394031e-07,-6.351424563275953e-07,-29.999996031960197,-29.999996031715494,5.665090579626967e-08,5.665676895831903e-08,-3.301254718815301e-07,-3.301234287390351e-07
282.5,-6.219162851310217e-07,-6.211247405203313e-07,-29.999996113652028,-29.999996113406798,5.5479723346191086e-08,5.548559297591735e-08,-3.2340899839979603e-07,-3.234069517819445e-07
282.75,-6.081923549924546e-07,-6.073993420452548e-07,-29.999996193664657,-29.9999961934189,5.431235325334415e-08,5.431823031640917e-08,-3.1669186348212813e-07,-3.166898133846504e-07
283.0,-5.947597907090266e-07,-5.939653076268791e-07,-29.99999627199792,-29.999996271751638,5.3148796520616165e-08,5.315468053784886e-08,-3.099740692855301e-07,-3.0997201570401955e-07
283.25,-5.816071860542701e-07,-5.808112310983278e-07,-29.999996348718778,-29.999996348471967,5.207262560989483e-08,5.20785165837391e-08,-3.037926453040222e-07,-3.037905882342089e-07
283.5,-5.687231854529233e-07,-5.67925756943929e-07,-29.999996423894206,-29.999996423646866,5.0999964107663534e-08,5.1005861558954156e-08,-2.9761061354719623e-07,-2.9760855298494465e-07
283.75,-5.561069115808448e-07,-5.553080078389292e-07,-29.999996497524048,-29.99999649727618,4.9930811790025606e-08,4.9936716202824244e-08,-2.914279760002084e-07,-2.914259119413749e-07
284.0,-5.437574870495698e-07,-5.429571063942509e-07,-29.999996569608157,-29.999996569359755,4.886516939546614e-08,4.887108029061334e-08,-2.85244734648354e-07,-2.852426670887997e-07
284.25,-5.31665210015132e-07,-5.308633508255159e-07,-29.999996640208057,-29.99999663995912,4.7873585311170384e-08,4.787950269112148e-08,-2.7955430979776083e-07,-2.795522387334783e-07
284.5,-5.198204252093475e-07,-5.190170858338253e-07,-29.99999670938528,-29.99999670913581,4.688523157943703e-08,4.6891155687456194e-08,-2.7386332494221667e-07,-2.738612503691269e-07
284.75,-5.082223249541866e-07,-5.074175037405345e-07,-29.999996777139685,-29.999996776889684,4.590010891933741e-08,4.5906039517079644e-08,-2.681717819092843e-07,-2.6816970382330573e-07
285.0,-4.968701014822505e-07,-4.9606379680773e-07,-29.999996843471138,-29.9999968432206,4.491821732674946e-08,4.492415441667857e-08,-2.624796825266585e-07,-2.624776009237785e-07
285.25,-4.857545405553236e-07,-4.849467507363782e-07,-29.99999690843656,-29.99999690818549,4.400676553039232e-08,4.401270959658697e-08,-2.5724357330560397e-07,-2.572414881816671e-07
285.5,-4.7486647106965065e-07,-4.740571942716033e-07,-29.999996972092895,-29.999996971841288,4.3098285808848234e-08,4.310423757619622e-08,-2.520069493364579e-07,-2.520048606869712e-07
285.75,-4.6420514982873617e-07,-4.6339438427649336e-07,-29.999997034440007,-29.999997034187864,4.219277958441605e-08,4.2198737851360205e-08,-2.467698123007396e-07,-2.4676772012134495e-07
286.0,-4.5376983355150585e-07,-4.5295757761985913e-07,-29.99999709547777,-29.99999709522509,4.129024611142726e-08,4.129621088044322e-08,-2.415321638799544e-07,-2.415300681666308e-07
286.25,-4.435515193430941e-07,-4.4273777140621585e-07,-29.99999715525867,-29.999997155005452,4.045672336568727e-08,4.0462694639253474e-08,-2.3671489333109488e-07,-2.3671279407981806e-07
286.5,-4.3354124393558724e-07,-4.327260023670298e-07,-29.99999721383519,-29.999997213581434,3.9625935715282434e-08,3.963191349588013e-08,-2.3189715204980506e-07,-2.31895049256554e-07
286.75,-4.237383236204986e-07,-4.229215867329922e-07,-29.999997271207217,-29.99999727095292,3.8797882637398854e-08,3.880386740912416e-08,-2.270789415832755e-07,-2.270768352438828e-07
287.0,-4.141420746696234e-07,-4.1332384077527687e-07,-29.999997327374636,-29.999997327119797,3.7972564812596266e-08,3.79785560963242e-08,-2.2226026347859805e-07,-2.2225815358890112e-07
287.25,-4.0474506347779467e-07,-4.0392533088809466e-07,-29.999997382385683,-29.9999973821303,3.7203944104216805e-08,3.7209942384049286e-08,-2.1782797397623744e-07,-2.178258605320655e-07
287.5,-3.9553989295317156e-07,-3.947186599187805e-07,-29.999997436288602,-29.999997436032675,3.6437839485181256e-08,3.644384476361119e-08,-2.1339525039377825e-07,-2.1339313339082737e-07
287.75,-3.8652593405040606e-07,-3.857031988213627e-07,-29.999997489083285,-29.999997488826814,3.5674251139552294e-08,3.568026341907557e-08,-2.0896209415458437e-07,-2.0895997358854556e-07
288.0,-3.7770255767821003e-07,-3.7687831850392876e-07,-29.999997540769627,-29.99999754051261,3.491317925078869e-08,3.4919198533904216e-08,-2.0452850668212625e-07,-2.0452638254868714e-07
288.25,-3.6906235886702443e-07,-3.682366139962946e-07,-29.999997591392244,-29.99999759113468,3.420879692833864e-08,3.421482321754831e-08,-2.0045229747405493e-07,-2.004501697689014e-07
288.5,-3.6059796633563407e-07,-3.597707140166191e-07,-29.99999764099576,-29.999997640737647,3.350672902180221e-08,3.3512762319610916e-08,-1.9637569046743463e-07,-1.9637355918625603e-07
288.75,-3.5230880148907264e-07,-3.514800400295109e-07,-29.99999768958007,-29.99999768932141,3.280697545905126e-08,3.281301528635482e-08,-1.922986869713337e-07,-1.9229655210995214e-07
289.0,-3.441942857805761e-07,-3.4336401348757866e-07,-29.999997737145083,-29.999997736885874,3.210953592659627e-08,3.2115582767517405e-08,-1.8822128829485255e-07,-1.8821914984908537e-07
289.25,-3.36248006862044e-07,-3.3541622204209386e-07,-29.999997783731533,-29.999997783471777,3.146105034733944e-08,3.146710372277978e-08,-1.844702037577145e-07,-1.8446806172337875e-07
289.5,-3.284635831755552e-07,-3.276302841947081e-07,-29.999997829380167,-29.99999782911986,3.0814694078880866e-08,3.0820753991356865e-08,-1.8071875298925634e-07,-1.8071660736230222e-07
289.75,-3.208404824040958e-07,-3.2000566750737503e-07,-29.999997874090894,-29.999997873830033,3.0170467035706957e-08,3.0176534450962045e-08,-1.7696693719424785e-07,-1.7696478797034969e-07
290.0,-3.133781721316912e-07,-3.1254183950328826e-07,-29.99999791786362,-29.999997917602208,2.9528370095016963e-08,2.9534444533961666e-08,-1.7321475757753957e-07,-1.732126047522366e-07
290.25,-3.060702968567921e-07,-3.05232444740469e-07,-29.999997960735467,-29.999997960473504,2.8934958997950472e-08,2.8941040463110344e-08,-1.6975991394925138e-07,-1.6975775751821425e-07
290.5,-2.9891052919652677e-07,-2.980711558956153e-07,-29.999998002743563,-29.999998002481046,2.8343509185845085e-08,2.8349597198136603e-08,-1.663047351969706e-07,-1.6630257515601298e-07
290.75,-2.918983787817882e-07,-2.910574826591891e-07,-29.99999804388782,-29.99999804362475,2.7754021041608388e-08,2.776011560356286e-08,-1.6284922243014833e-07,-1.6284705877520686e-07
291.0,-2.8503335526820425e-07,-2.8419093462598366e-07,-29.99999808416816,-29.999998083904533,2.716649398445314e-08,2.717259558021678e-08,-1.593933767584324e-07,-1.5939120948531083e-07
291.25,-2.7830992919945213e-07,-2.7746598233904224e-07,-29.999998123619,-29.99999812335482,2.6621215463810714e-08,2.6627323614308654e-08,-1.562132664929317e-07,-1.5621109559743184e-07
291.5,-2.717225971114777e-07,-2.7087712233367597e-07,-29.99999816227478,-29.99999816201004,2.6077742145489325e-08,2.6083857334873617e-08,-1.5303284828709798e-07,-1.5303067376502022e-07
291.75,-2.6527090762717427e-07,-2.6442390323214283e-07,-29.999998200135412,-29.999998199870117,2.5536074641675714e-08,2.554219639087733e-08,-1.4985212316227913e-07,-1.4984994500942189e-07
292.0,-2.5895440939704726e-07,-2.581058735940099e-07,-29.999998237200828,-29.999998236934974,2.4996212119287225e-08,2.5002341634882194e-08,-1.466710921399687e-07,-1.4666891035191616e-07
292.25,-2.527689025942848e-07,-2.5191883353162694e-07,-29.999998273502456,-29.99999827323604,2.4488119465136932e-08,2.4494256027256435e-08,-1.4374182738189592e-07,-1.4373964195410465e-07
292.5,-2.467102110948083e-07,-2.4585860701057985e-07,-29.99999830907173,-29.999998308804756,2.3981689699762157e-08,2.398783331095841e-08,-1.4081227567880595e-07,-1.4081008660692795e-07
292.75,-2.4077791916121195e-07,-2.3992477829282444e-07,-29.999998343908583,-29.999998343641046,2.3476922944835802e-08,2.3483073607664046e-08,-1.3788243797139886e-07,-1.3788024525108955e-07
293.0,-2.3497161102572162e-07,-2.341169316099475e-07,-29.99999837801294,-29.99999837774484,2.2973819321631655e-08,2.2979977038650157e-08,-1.3495231520045258e-07,-1.3495011882736059e-07
293.25,-2.292861048273304e-07,-2.28429885100302e-07,-29.999998411413998,-29.999998411145334,2.251048538142057e-08,2.2516650155190624e-08,-1.322560401603874e-07,-1.3225384013016137e-07
293.5,-2.2371624077878985e-07,-2.228584790362004e-07,-29.999998444140953,-29.999998443871725,2.2048682128992777e-08,2.2054853480466612e-08,-1.295595034570369e-07,-1.2955729976545997e-07
293.75,-2.1826163616418183e-07,-2.174023307612846e-07,-29.999998476193742,-29.99999847592395,2.1588409916106458e-08,2.159458784785115e-08,-1.2686270595625364e-07,-1.2686049859924377e-07
294.0,-2.129219083000976e-07,-2.1206105753130224e-07,-29.9999985075723,-29.99999850730194,2.1129668130928323e-08,2.1135853127125875e-08,-1.241656485240835e-07,-1.2416343749741906e-07
294.25,-2.076926307630116e-07,-2.0683023292208488e-07,-29.99999853830387,-29.99999853803294,2.070478670890462e-08,2.0710978290515968e-08,-1.2168680728121656e-07,-1.2168459258067562e-07
294.5,-2.0256939769964226e-07,-2.0170545107970735e-07,-29.9999985684157,-29.9999985681442,2.0281312346850038e-08,2.028751099806305e-08,-1.192077260920539e-07,-1.1920550771340639e-07
294.75,-1.9755185727207548e-07,-1.9668636016561122e-07,-29.999998597907727,-29.99999859763566,1.9859245628119914e-08,1.98654508699014e-08,-1.1672840575271092e-07,-1.1672618369173152e-07
295.0,-1.9263965767720515e-07,-1.9177260828574306e-07,-29.999998626779895,-29.99999862650726,1.943858569089576e-08,1.94447987298576e-08,-1.1424884705943172e-07,-1.1424662131168259e-07
295.25,-1.878291633270651e-07,-1.8696055979128933e-07,-29.999998655056608,-29.9999986547834,1.904558522592011e-08,1.9051805342229357e-08,-1.119647484409819e-07,-1.1196251900189248e-07
295.5,-1.831167570587705e-07,-1.8224659751871853e-07,-29.999998682762268,-29.99999868248849,1.8653881041362506e-08,1.8660108960025393e-08,-1.0968042787977515e-07,-1.0967819474476939e-07
295.75,-1.7850211463994727e-07,-1.7763039729521062e-07,-29.99999870989682,-29.999998709622467,1.82634744353625e-08,1.826970895494036e-08,-1.0739588610932522e-07,-1.0739364927396708e-07
296.0,-1.73984911784632e-07,-1.7311163498465777e-07,-29.999998736460206,-29.99999873618528,1.7874364538494485e-08,1.788060566158152e-08,-1.0511112386306756e-07,-1.0510888332325467e-07
296.25,-1.6956118557082914e-07,-1.686863476644155e-07,-29.999998762475187,-29.999998762199684,1.7515644105024927e-08,1.7521891834218184e-08,-1.0300861851922184e-07,-1.0300637427085014e-07
296.5,-1.6522699025701517e-07,-1.643505895923107e-07,-29.999998787964515,-29.999998787688437,1.7158117343357257e-08,1.716437168125664e-08,-1.0090591059476729e-07,-1.0090366263372933e-07
296.75,-1.609820275349033e-07,-1.6010406230890244e-07,-29.99999881292814,-29.999998812651487,1.6801783376166403e-08,1.6808045529404885e-08,-9.880300076503745e-08,-9.880074908688353e-08
297.0,-1.56825999044667e-07,-1.559464673935116e-07,-29.999998837366014,-29.999998837088782,1.644664349309482e-08,1.645291274186056e-08,-9.669988970527797e-08,-9.669763430542397e-08
297.25,-1.5275603248563332e-07,-1.518749326351155e-07,-29.999998861298987,-29.999998861021176,1.6113272165571142e-08,1.6119548512473352e-08,-9.476380358738457e-08,-9.47615444614418e-08
297.5,-1.487692713620102e-07,-1.4788660159747093e-07,-29.999998884747914,-29.999998884469523,1.5781000014247035e-08,1.57872829802859e-08,-9.282752920186153e-08,-9.282526634558264e-08
297.75,-1.4486544092996864e-07,-1.4398119953609547e-07,-29.99999890771275,-29.999998907433778,1.544982663734086e-08,1.5456116706743506e-08,-9.089106717038317e-08,-9.088880057951432e-08
298.0,-1.4104426645585576e-07,-1.4015845156617831e-07,-29.99999893019345,-29.999998929913893,1.511975235522512e-08,1.5126050253027854e-08,-8.89544181149456e-08,-8.895214778488702e-08
298.25,-1.3730316998240115e-07,-1.364157797899956e-07,-29.999998952209367,-29.99999895192923,1.4809187998576908e-08,1.4815492523371145e-08,-8.717284541670125e-08,-8.717057134299824e-08
298.5,-1.3363958826098005e-07,-1.3275062098836756e-07,-29.99999897377987,-29.99999897349915,1.4499634343090285e-08,1.45059464607245e-08,-8.539109732747376e-08,-8.538881950572439e-08
298.75,-1.3005326854680254e-07,-1.2916272226534403e-07,-29.999998994904914,-29.99999899462361,1.419109194474792e-08,1.4197411898655865e-08,-8.360917441949184e-08,-8.360689284496151e-08
299.0,-1.2654395792601263e-07,-1.2565183082681465e-07,-29.999999015584457,-29.999999015302567,1.3883561600095838e-08,1.3889888188878388e-08,-8.182707726476323e-08,-8.182479193298877e-08
299.25,-1.2310916776075924e-07,-1.2221545812457253e-07,-29.99999903583624,-29.999999035553763,1.3594914889413736e-08,1.360124859731674e-08,-8.018709974823953e-08,-8.018481065495185e-08
299.5,-1.1974642296062717e-07,-1.188511289170399e-07,-29.999999055678007,-29.999999055394944,1.330719868296684e-08,1.3313540235045331e-08,-7.854695921670255e-08,-7.85446663572917e-08
299.75,-1.1645549074041189e-07,-1.1555861047855404e-07,-29.99999907510972,-29.999999074826068,1.3020414253908497e-08,1.302676244877263e-08,-7.690665619674746e-08,-7.69043595667452e-08
300.0,-1.1323613826755523e-07,-1.1233767012640011e-07,-29.999999094131336,-29.999999093847094,1.2734560707914686e-08,1.2740915548207506e-08,-7.52661912148759e-08,-7.526389081014425e-08
