time_s,x_m_lo,x_m_hi,y_m_lo,y_m_hi,vx_mps_lo,vx_mps_hi,vy_mps_lo,vy_mps_hi
0.0,0.0,0.0,-97.5,-97.5,0.0,0.0,0.12,0.12
0.25,-8.681146204566207e-06,-8.681146204144749e-06,-97.46937399223273,-97.46937399223268,-6.897700760700536e-05,-6.897700760363379e-05,0.12500806864160804,0.12500806864160818
0.5,-3.454212092697929e-05,-3.4542120925173015e-05,-97.43749616250948,-97.43749616250936,-0.0001374387781308069,-0.00013743877812310033,0.130014575599331,0.13001457559933127
0.75,-7.671295323616965e-05,-7.671295323189475e-05,-97.40436821799162,-97.40436821799145,-0.00019945701134688247,-0.00019945701133484083,0.13500898639092795,0.13500898639092834
1.0,-0.00013274303569113516,-0.0001327430356833078,-97.36999245658106,-97.36999245658083,-0.0002483133743235115,-0.00024831337430713466,0.1399971094999731,0.1399971094999736
1.25,-0.00020152979838669095,-0.00020152979837422729,-97.33436836756833,-97.33436836756805,-0.00030150947715395593,-0.0003015094771332439,0.14499560761738556,0.1449956076173862
1.5,-0.0002828880571090887,-0.0002828880570909048,-97.29749326902514,-97.2974932690248,-0.00034888429997487327,-0.00034888429994982587,0.15000518519487993,0.15000518519488068
1.75,-0.0003764019679389206,-0.0003764019679139326,-97.25936742384161,-97.25936742384121,-0.0003987559387482808,-0.00039875593871889796,0.15500158097547345,0.15500158097547434
2.0,-0.0004820307170889382,-0.00048203071705606225,-97.21999351974533,-97.21999351974488,-0.00044580379294129155,-0.0004458037929075732,0.15998965623073222,0.15998965623073325
2.25,-0.0006011943982707878,-0.0006011943982289397,-97.17937103726008,-97.17937103725957,-0.0005070342207443943,-0.00050703422070634,0.16499020942427767,0.16499020942427883
2.5,-0.0007344545319558659,-0.0007344545319039617,-97.13749898141356,-97.13749898141299,-0.0005585758414121537,-0.0005585758413697634,0.16998624220750475,0.16998624220750605
2.75,-0.0008800943804650665,-0.0008800943804021425,-97.09437857871572,-97.0943785787151,-0.0006060724401722879,-0.0006060724401265249,0.17497698385347998,0.17497698385348143
3.0,-0.0010380863510551577,-0.0010380863509803703,-97.0500103331277,-97.05001033312702,-0.0006573927012270076,-0.0006573927011778718,0.17996898568942427,0.17996898568942588
3.25,-0.001207352854091102,-0.001207352854003608,-97.0043936909644,-97.00439369096367,-0.0006962684028879466,-0.0006962684028354379,0.1849641552823893,0.18496415528239107
3.5,-0.0013856212043852094,-0.0013856212042841053,-96.95752878372718,-96.95752878372639,-0.0007294078785178282,-0.0007294078784614648,0.18995510573998595,0.1899551057399879
3.75,-0.0015709988044051622,-0.0015709988042894845,-96.90941485257575,-96.9094148525749,-0.0007531414317341136,-0.0007531414316738953,0.19495634570933018,0.19495634570933226
4.0,-0.0017640466611355892,-0.001764046661004374,-96.86005187212227,-96.86005187212136,-0.0007907708841767731,-0.0007907708841127,0.1999475014664789,0.19994750146648116
4.25,-0.001965884389727889,-0.0019658843895801717,-96.80944152570896,-96.809441525708,-0.0008234607271120708,-0.0008234607270441428,0.2049352729221953,0.20493527292219768
4.5,-0.0021765931459405705,-0.0021765931457753875,-96.75758305270857,-96.75758305270755,-0.0008617382136956982,-0.0008617382136239151,0.2099325146899525,0.20993251468995505
4.75,-0.0023950143634339205,-0.002395014363250308,-96.70447476452074,-96.70447476451965,-0.0008851600380247506,-0.0008851600379491123,0.2149337930211862,0.2149337930211889
5.0,-0.0026176049219681797,-0.0026176049217651737,-96.650116731363,-96.65011673136185,-0.0008950933762113293,-0.0008950933761318358,0.21993047317748868,0.21993047317749154
5.25,-0.002844112834752622,-0.0028441128345292584,-96.59451072897257,-96.59451072897136,-0.0009164997782553095,-0.0009164997781719606,0.22491754796445185,0.22491754796445487
5.5,-0.003076350869120545,-0.0030763508688758604,-96.53765592243037,-96.53765592242911,-0.0009409328145412372,-0.0009409328144540329,0.2299209066768954,0.2299209066768986
5.75,-0.003314727082929383,-0.0033147270826624133,-96.4795498743895,-96.47954987438818,-0.0009656049116944577,-0.0009656049116033978,0.23492747997634514,0.23492747997634852
6.0,-0.003557117746643476,-0.0035571177463532577,-96.4201945265063,-96.42019452650491,-0.0009730501821401262,-0.0009730501820452105,0.23991530379151377,0.23991530379151732
6.25,-0.0038017526537688167,-0.0038017526534543855,-96.35959227175998,-96.35959227175854,-0.0009835588963454127,-0.0009835588962466407,0.2449027351700245,0.24490273517002822
6.5,-0.004047474105665508,-0.004047474105325899,-96.29774196514637,-96.29774196514488,-0.0009817416400121409,-0.0009817416399095127,0.2498997175676877,0.24989971756769158
6.75,-0.0042924137251846815,-0.004292413724818929,-96.23464256505574,-96.23464256505419,-0.000977304351963666,-0.0009773043518571812,0.25489548273932205,0.2548954827393262
7.0,-0.00453837101621502,-0.004538371015822161,-96.1702940589312,-96.1702940589296,-0.0009898828878608108,-0.0009898828877504694,0.2598925674430526,0.2598925674430571
7.25,-0.004786009398421585,-0.004786009398000654,-96.1046964953298,-96.10469649532813,-0.0009907532429305813,-0.0009907532428163831,0.26488794145048516,0.26488794145048994
7.5,-0.005032398701887877,-0.005032398701437912,-96.03785075317525,-96.03785075317352,-0.0009798907593796665,-0.0009798907592616115,0.26987799476206953,0.2698779947620746
7.75,-0.0052752423342419036,-0.005275242333761938,-95.9697552025719,-95.96975520257011,-0.0009623861424447449,-0.0009623861423228331,0.2748864084145794,0.2748864084145847
8.0,-0.005515006643031072,-0.005515006642520143,-95.90040966249714,-95.90040966249529,-0.0009552577647073908,-0.000955257764581622,0.2798779115116363,0.27987791151164193
8.25,-0.005753745034209775,-0.005753745033666918,-95.82981514050917,-95.82981514050726,-0.0009541779670466648,-0.000954177966917039,0.28487826429059415,0.28487826429060004
8.5,-0.0059904423802062,-0.0059904423796304515,-95.75797221733704,-95.75797221733508,-0.0009389306754695858,-0.0009389306753361027,0.28986511964917183,0.28986511964917805
8.75,-0.006223449872700213,-0.006223449872090608,-95.68487991283969,-95.68487991283767,-0.0009246571264948859,-0.0009246571263575454,0.2948733149841559,0.2948733149841624
9.0,-0.006451166644038267,-0.006451166643393841,-95.6105361073179,-95.61053610731582,-0.0008966053186826951,-0.000896605318541497,0.2998771265456763,0.2998771265456831
9.25,-0.006672008337946596,-0.006672008337266385,-95.53494114238487,-95.53494114238273,-0.0008696563501827656,-0.0008696563500377097,0.3048825903780305,0.3048825903780376
9.5,-0.006884966721265888,-0.006884966720548927,-95.45809714665151,-95.45809714664932,-0.0008335405940729887,-0.0008335405939240747,0.3098693720840389,0.30986937208404636
9.75,-0.007088647682846388,-0.007088647682091712,-95.38000578292883,-95.38000578292659,-0.0007954364675316294,-0.000795436467378857,0.31486153410511125,0.31486153410511897
10.0,-0.007283625328984773,-0.007283625328191419,-95.30066574437859,-95.30066574437629,-0.0007639135906536601,-0.0007639135904970293,0.3198587713250062,0.3198587713250142
10.25,-0.007472212950197691,-0.007472212949364693,-95.22007770548609,-95.22007770548373,-0.000744317254279987,-0.0007443172541194976,0.32484553796764526,0.32484553796765364
10.5,-0.007654267180828716,-0.007654267179955109,-95.13824026724993,-95.13824026724751,-0.0007116444228172152,-0.0007116444226528668,0.32985396484147916,0.3298539648414879
10.75,-0.00782753903850469,-0.007827539037589506,-95.05515241961193,-95.05515241960946,-0.0006740595494723283,-0.0006740595493041209,0.3348488127192191,0.3348488127192281
11.0,-0.007991316483932887,-0.007991316482975162,-94.97081465368488,-94.97081465368235,-0.000635688213465685,-0.0006356882132936185,0.3398533110796799,0.33985331107968925
11.25,-0.008144171726260602,-0.008144171725259372,-94.8852273510812,-94.88522735107861,-0.0005866831206929919,-0.0005866831205170659,0.344845105129823,0.34484510512983263
11.5,-0.00828673190334105,-0.00828673190229535,-94.79839161631308,-94.79839161631043,-0.0005533273249121093,-0.0005533273247323237,0.3498407698705639,0.34984076987057383
11.75,-0.0084205525559764,-0.008420552554885264,-94.71030578461205,-94.71030578460933,-0.0005167660331925959,-0.0005167660330089504,0.3548458802909491,0.35484588029095937
12.0,-0.008544975201162432,-0.008544975200024896,-94.62096910853542,-94.62096910853265,-0.00047814359059576906,-0.0004781435904082637,0.35984752468096126,0.35984752468097186
12.25,-0.008658522438283153,-0.008658522437098252,-94.53038255897823,-94.5303825589754,-0.00042976317251398866,-0.00042976317232262335,0.36484486721540543,0.36484486721541637
12.5,-0.008760247494241825,-0.008760247493008593,-94.4385466555757,-94.43854665557282,-0.00038356612565493313,-0.00038356612545970757,0.36984235564950485,0.3698423556495161
12.75,-0.00885049542456937,-0.008850495423286841,-94.34546273985603,-94.34546273985309,-0.0003379471912411574,-0.0003379471910420714,0.374828965807121,0.3748289658071326
13.0,-0.008928343461082166,-0.008928343459749378,-94.25112952105718,-94.25112952105418,-0.000284364974071462,-0.00028436497386851535,0.3798367795321728,0.3798367795321848
13.25,-0.0089922990188914,-0.008992299017507385,-94.15554605171008,-94.15554605170702,-0.00022680864381780034,-0.00022680864361099293,0.3848309698184601,0.3848309698184725
13.5,-0.009042946702466957,-0.009042946701030752,-94.05871211897126,-94.05871211896815,-0.00017790053300183325,-0.0001779005327911648,0.38984048748118616,0.38984048748119887
13.75,-0.009078863464321579,-0.009078863462832217,-93.96062672228169,-93.9606267222785,-0.00010896195835829126,-0.00010896195814376159,0.39484267953607394,0.394842679536087
14.0,-0.009096889720364659,-0.009096889718821175,-93.86128983046393,-93.86128983046068,-3.4775769340419284e-05,-3.4775769122028196e-05,0.39985244801193487,0.39985244801194825
14.25,-0.009097773991906529,-0.009097773990307957,-93.76070262260299,-93.76070262259968,2.8172316910607288e-05,2.8172317132860006e-05,0.40484520894103065,0.4048452089410444
14.5,-0.0090810804737557,-0.009081080472101074,-93.65886522583524,-93.65886522583187,0.00010584805836931892,0.00010584805859543359,0.4098539578778637,0.4098539578778779
14.75,-0.009046429531462572,-0.009046429529750927,-93.5557776752123,-93.55577767520887,0.00017183017935877104,0.00017183017958874788,0.4148464408850503,0.41484644088506484
15.0,-0.008993831662695526,-0.008993831660925898,-93.45144215134015,-93.45144215133665,0.00024942336167343683,0.0002494233619072762,0.41983774277691116,0.41983774277692604
15.25,-0.008921492843010359,-0.008921492841181782,-93.34585653503336,-93.34585653502981,0.00032975949967860844,0.0003297594999163106,0.42484718010342437,0.4248471801034396
15.5,-0.008828837404064507,-0.008828837402176014,-93.23901993449212,-93.23901993448851,0.00041195528183114933,0.00041195528207271445,0.42984561647725184,0.42984561647726743
15.75,-0.008716746750845543,-0.00871674674889617,-93.13093384007847,-93.1309338400748,0.0004852411301449943,0.0004852411303904227,0.43484313192272955,0.43484313192274554
16.0,-0.008585048397088664,-0.008585048395077443,-93.02159790166952,-93.0215979016658,0.0005688172400024273,0.0005688172402517196,0.43984436746944094,0.4398443674694573
16.25,-0.008431596353684463,-0.008431596351610428,-92.9110108637293,-92.91101086372552,0.0006592712470798235,0.0006592712473329798,0.44485192752449687,0.44485192752451364
16.5,-0.00825549470141204,-0.008255494699274226,-92.79917440052895,-92.7991744005251,0.0007500122555403976,0.0007500122557974184,0.449839769523425,0.4498397695234421
16.75,-0.008056874567116725,-0.008056874564914166,-92.68609032935814,-92.68609032935423,0.0008394195952265012,0.0008394195954873865,0.4548327914139145,0.45483279141393196
17.0,-0.007836432097681164,-0.007836432095412894,-92.5717589572145,-92.57175895721052,0.0009245902202629966,0.0009245902205277467,0.4598181777055316,0.4598181777055495
17.25,-0.007594783701436883,-0.007594783699101939,-92.45618108019644,-92.45618108019241,0.0010090671324909507,0.0010090671327595661,0.4648048304745686,0.46480483047458687
17.5,-0.00732934078214636,-0.007329340779743774,-92.33935625393622,-92.33935625393211,0.0011149466239989512,0.0011149466242714322,0.4697937696251412,0.46979376962515984
17.75,-0.007038301868234352,-0.0070383018657631585,-92.22128251781969,-92.22128251781551,0.0012138363570291053,0.0012138363573054524,0.47479610998395544,0.4747961099839745
18.0,-0.006722825042098672,-0.006722825039557904,-92.10195766225065,-92.10195766224642,0.0013104503287563703,0.0013104503290365837,0.4798027254596935,0.4798027254597129
18.25,-0.006381929366817219,-0.006381929364205911,-91.98138374726257,-91.98138374725828,0.0014171851973205378,0.0014171851976046176,0.48478858438214845,0.48478858438216826
18.5,-0.006016561368488356,-0.006016561365805541,-91.85956304297608,-91.85956304297173,0.0015062291620095332,0.0015062291622974797,0.4897770415148767,0.4897770415148969
18.75,-0.005627324684713015,-0.005627324681957726,-91.73649545987494,-91.73649545987053,0.0016081345069938302,0.0016081345072856436,0.4947636136867633,0.4947636136867839
19.0,-0.005211542861062044,-0.005211542858233315,-91.61217864711439,-91.61217864710991,0.001718592236124457,0.0017185922364201375,0.49977087798386843,0.4997708779838894
19.25,-0.004767101992180889,-0.004767101989277752,-91.48661124609922,-91.48661124609468,0.0018374059472679592,0.0018374059475675074,0.5047683189358814,0.5047683189359029
19.5,-0.0042942919505704075,-0.004294291947591896,-91.35979581702527,-91.35979581702068,0.0019455446178018945,0.0019455446181053104,0.5097551034604609,0.509755103460483
19.75,-0.0037935998810730686,-0.003793599878018217,-91.23173179849867,-91.23173179849401,0.0020604636027885506,0.0020604636030958356,0.5147570339179659,0.5147570339179887
20.0,-0.00326350500685021,-0.0032635050037180514,-91.10241733945466,-91.10241733944994,0.0021807670285088963,0.0021807670288200506,0.5197586270920679,0.5197586270920913
20.25,-0.0027025338017366155,-0.0027025337985261823,-90.97185194750412,-90.97185194749933,0.0023074746580242843,0.0023074746583393083,0.5247644965664477,0.5247644965664717
20.5,-0.0021106634771606843,-0.002110663473871009,-90.84003533177872,-90.84003533177388,0.0024279598054752142,0.0024279598057941085,0.5297684178775178,0.5297684178775425
20.75,-0.0014874861093301013,-0.001487486105960217,-90.7069680366419,-90.70696803663698,0.0025579307820195315,0.0025579307823422963,0.5347699309636168,0.5347699309636421
21.0,-0.0008322923037035516,-0.0008322923002524912,-90.5726498728499,-90.5726498728449,0.0026840916828662896,0.0026840916831929254,0.5397753674781366,0.5397753674781626
21.25,-0.0001453154602923267,-0.00014531545675918275,-90.43708192706366,-90.4370819270586,0.002812193899817835,0.002812193900147861,0.5447681867344301,0.5447681867344567
21.5,0.0005732954496118817,0.0005732954532280774,-90.30026429845977,-90.30026429845464,0.002937165334673154,0.0029371653350075337,0.5497728303145942,0.5497728303146215
21.75,0.001322363185184965,0.0013223631888853618,-90.16219575589095,-90.16219575588576,0.003055848323849897,0.003055848324189112,0.5547754990466459,0.5547754990466739
22.0,0.0021015034187870695,0.002101503422572877,-90.02287796762835,-90.0228779676231,0.0031777442515357854,0.003177744251879836,0.5597667955619658,0.5597667955619945
22.25,0.0029129555469923608,0.0029129555508647883,-89.8823111613161,-89.8823111613108,0.0033143443862204947,0.003314344386569382,0.5647676420574863,0.5647676420575156
22.5,0.0037572984857496853,0.0037572984897099415,-89.7404948033265,-89.74049480332113,0.0034408702435409144,0.0034408702438946384,0.5697632099306387,0.5697632099306686
22.75,0.004635585408324137,0.004635585412373433,-89.59742940403761,-89.59742940403218,0.003585896374653975,0.0035858963750125357,0.5747599707074925,0.574759970707523
23.0,0.005548189728701244,0.005548189732840789,-89.45311565391165,-89.45311565390617,0.00371540879850819,0.0037154087988715886,0.5797500180898982,0.5797500180899294
23.25,0.006492723704772085,0.0064927237090030895,-89.30755319475631,-89.30755319475075,0.0038413345283115105,0.003841334528679747,0.5847496432807188,0.5847496432807506
23.5,0.007470633025320888,0.00747063302964456,-89.16074049119402,-89.16074049118839,0.003982411814552098,0.003982411814925174,0.5897519719169859,0.5897519719170184
23.75,0.00848480617440355,0.008484806178821105,-89.0126781270406,-89.0126781270349,0.0041314444672242625,0.004131444467602179,0.5947469272597505,0.5947469272597837
24.0,0.009534951872301255,0.009534951876813903,-88.863365986905,-88.86336598689923,0.004270192993179286,0.004270192993562043,0.5997501807440773,0.5997501807441111
24.25,0.010619030058125924,0.010619030062734874,-88.7128047411644,-88.71280474115858,0.004402903088047627,0.004402903088435225,0.6047397726688335,0.604739772668868
24.5,0.011737946443642918,0.011737946448349381,-88.56099709108521,-88.56099709107932,0.004548897846722419,0.004548897847114859,0.6097214142005066,0.6097214142005418
24.75,0.012893017451379258,0.012893017456184444,-88.40794203437332,-88.40794203436735,0.004692141577269776,0.004692141577667057,0.6147190259897515,0.6147190259897873
25.0,0.014085321836821556,0.014085321841726676,-88.25363877520992,-88.2536387752039,0.004846763968756894,0.004846763969159017,0.6197070327397468,0.6197070327397833
25.25,0.015314956541365846,0.01531495654637211,-88.09808764930548,-88.0980876492994,0.004990784788612541,0.0049907847890195076,0.6247019609175944,0.6247019609176316
25.5,0.016581760467156058,0.016581760472264683,-87.94128912601776,-87.94128912601161,0.0051441167379257784,0.005144116738337589,0.6296862109282055,0.6296862109282434
25.75,0.017886103846458803,0.017886103851671,-87.78324387176075,-87.78324387175454,0.005291100926960743,0.005291100927377398,0.6346758092703713,0.6346758092704098
26.0,0.019226786809841866,0.01922678681515885,-87.62395016117779,-87.6239501611715,0.0054348342134501034,0.005434834213871602,0.6396738618423112,0.6396738618423504
26.25,0.02060391240248991,0.02060391240791289,-87.4634064612008,-87.46340646119445,0.005582642326082853,0.005582642326509197,0.644675724038374,0.6446757240384139
26.5,0.02201954094509014,0.022019540950620323,-87.30161324683428,-87.30161324682787,0.005742857101708999,0.005742857102140188,0.6496699757888741,0.6496699757889146
26.75,0.02347561673954232,0.02347561674518092,-87.13857189565654,-87.13857189565006,0.005906220025936595,0.00590622002637263,0.654660818231314,0.6546608182313552
27.0,0.024972836855058776,0.024972836860807007,-86.97428226431025,-86.9742822643037,0.006072012106368617,0.006072012106809498,0.6596562169083362,0.6596562169083783
27.25,0.026509438226430548,0.02650943823228962,-86.80874552020106,-86.80874552019445,0.006221268769173194,0.006221268769618922,0.6646377218933651,0.6646377218934079
27.5,0.028084636148474992,0.02808463615444612,-86.64196344652096,-86.64196344651428,0.006380784482627677,0.0063807844830782515,0.6696188525083829,0.6696188525084263
27.75,0.029699728647317847,0.02969972865340224,-86.47393459691489,-86.47393459690814,0.006540426516232829,0.0065404265166882514,0.6746119292893387,0.6746119292893827
28.0,0.03135619379385017,0.03135619380004905,-86.30465630846948,-86.30465630846265,0.006711766552854741,0.006711766553315011,0.6796143621201535,0.6796143621201983
28.25,0.033053826958681,0.03305382696499558,-86.13412789894952,-86.13412789894262,0.006869770301906881,0.006869770302372,0.6846128991430375,0.6846128991430831
28.5,0.03479042320650906,0.034790423212940555,-85.96235160066871,-85.96235160066175,0.007023469906573315,0.007023469907043282,0.6895974726127313,0.6895974726127776
28.75,0.03656665176192716,0.03656665176847678,-85.78932758690515,-85.78932758689811,0.00718682995463982,0.007186829955114636,0.6945946220943843,0.6945946220944313
29.0,0.03838398605143576,0.03838398605810472,-85.61505600920079,-85.61505600919368,0.007352314485966289,0.007352314486445955,0.6995779839387488,0.6995779839387967
29.25,0.04024352419888162,0.040243524205671136,-85.43953735542159,-85.43953735541442,0.0075244617567842825,0.007524461757268798,0.704571230064928,0.7045712300649766
29.5,0.04214525553805477,0.042145255544966044,-85.26277047318958,-85.26277047318233,0.007689859963931918,0.0076898599644212836,0.7095638121975757,0.7095638121976251
29.75,0.044089977773559406,0.04408997778059366,-85.08475600686378,-85.08475600685647,0.007868388510733754,0.007868388511227974,0.7145519015772642,0.7145519015773143
30.0,0.04607760687458048,0.046077606881738925,-84.9054929408911,-84.9054929408837,0.008033116084720564,0.008033116085219639,0.7195526106738869,0.7195526106739376
30.25,0.04810593752821401,0.04810593753549786,-84.7249801552451,-84.72498015523765,0.008194000593035159,0.00819400059353909,0.7245496593260099,0.7245496593260614
30.5,0.05017527191129571,0.05017527191870619,-84.54322056826591,-84.54322056825838,0.008361144070741932,0.008361144071250718,0.729527020749434,0.7295270207494862
30.75,0.05228542363282471,0.05228542364036302,-84.36021588731185,-84.36021588730425,0.008520539875624292,0.008520539876137934,0.7345104118553233,0.7345104118553762
31.0,0.054436482869536874,0.054436482877204234,-84.17596528416153,-84.17596528415386,0.008688404254806228,0.008688404255324725,0.7394943975210481,0.7394943975211017
31.25,0.05662893596525077,0.0566289359730484,-83.99046722683002,-83.99046722682228,0.008851691853811117,0.008851691854334471,0.7444900457364563,0.7444900457365107
31.5,0.05886117363409457,0.058861173642023666,-83.8037219760061,-83.80372197599829,0.009006679550067568,0.009006679550595779,0.7494719462427637,0.7494719462428189
31.75,0.061134827910483205,0.06113482791854499,-83.615729913239,-83.6157299132311,0.009183025728891443,0.009183025729424513,0.7544645392683363,0.7544645392683922
32.0,0.06345329261470943,0.06345329262290515,-83.42649123852158,-83.42649123851362,0.00936516182113461,0.00936516182167254,0.7594448412993589,0.7594448412994155
32.25,0.06581599901125844,0.0658159990195893,-83.23600503073685,-83.23600503072882,0.009536961128243236,0.009536961128786024,0.764444804781324,0.7644448047813814
32.5,0.06822066311856592,0.06822066312703315,-83.04427119011243,-83.04427119010433,0.009700821735452994,0.009700821736000642,0.769425904765399,0.7694259047654571
32.75,0.07066679505852953,0.07066679506713433,-82.85129131605882,-82.85129131605065,0.009868704368133667,0.009868704368686174,0.7744130718356279,0.7744130718356869
33.0,0.07315481888654506,0.07315481889528865,-82.65706403695326,-82.65706403694502,0.010035957309141386,0.010035957309698754,0.7794051452403475,0.7794051452404073
33.25,0.07568298373572258,0.07568298374460616,-82.46158956195504,-82.46158956194672,0.010189831923634738,0.010189831924196967,0.7843906402382986,0.7843906402383591
33.5,0.07825045131805872,0.07825045132708353,-82.26486933152458,-82.2648693315162,0.010350378714275538,0.010350378714842628,0.7893711880691054,0.7893711880691667
33.75,0.08085771663463193,0.08085771664379918,-82.06690229823236,-82.06690229822391,0.010508215060420382,0.010508215060992334,0.7943650633878887,0.7943650633879508
34.0,0.08350681856788439,0.08350681857719529,-81.86768703754191,-81.86768703753339,0.010685071472134475,0.01068507147271129,0.7993570054618157,0.7993570054618785
34.25,0.08619870857175548,0.08619870858121124,-81.66722582931446,-81.66722582930586,0.010850518095179137,0.010850518095760814,0.8043326447596416,0.8043326447597052
34.5,0.08892961825193865,0.0889296182615405,-81.46551962897172,-81.46551962896305,0.010997229705351264,0.010997229705937805,0.8093169441504422,0.8093169441505066
34.75,0.09169860204844062,0.09169860205818976,-81.26256614227175,-81.26256614226301,0.01115511194549482,0.011155111946086226,0.8143109345642771,0.8143109345643422
35.0,0.09450734741190299,0.09450734742180066,-81.05836458747923,-81.05836458747042,0.011315321923418026,0.011315321924014295,0.8193014886714375,0.8193014886715034
35.25,0.09735405183997156,0.09735405185001896,-80.85291690562711,-80.85291690561823,0.011458783328549547,0.01145878332915068,0.8242799526200835,0.8242799526201503
35.5,0.10023662672121311,0.10023662673141145,-80.64622361553322,-80.64622361552426,0.011602286302941873,0.01160228630354787,0.8292663546017073,0.8292663546017749
35.75,0.1031568027760212,0.10315680278637171,-80.4382840100292,-80.43828401002017,0.011759592507949968,0.011759592508560832,0.8342504745997894,0.8342504745998578
36.0,0.10611763999263357,0.10611764000313746,-80.2290980299459,-80.22909802993681,0.01192757586368303,0.01192757586429876,0.83923735022917,0.8392373502292392
36.25,0.10911885177548337,0.10911885178614186,-80.01866663137903,-80.01866663136985,0.012082588063585843,0.012082588064206439,0.8442138236914062,0.8442138236914762
36.5,0.11215670198233595,0.11215670199315025,-79.80699004504626,-79.80699004503701,0.01222068406830562,0.012220684068931084,0.8491988539511993,0.8491988539512701
36.75,0.11523142604435731,0.11523142605532866,-79.59406734878921,-79.59406734877987,0.012377578799310434,0.012377578799940767,0.8541827013133754,0.854182701313447
37.0,0.11834368785878834,0.11834368786991793,-79.37990048524605,-79.37990048523665,0.012520984740174882,0.012520984740810084,0.8591521935116773,0.8591521935117497
37.25,0.12149139752227264,0.12149139753356177,-79.16448937086672,-79.16448937085724,0.012661163013745773,0.012661163014386327,0.8641367083071171,0.8641367083071902
37.5,0.1246745894797684,0.12467458949121832,-78.94783390749271,-78.94783390748316,0.01280484175557926,0.012804841756224683,0.8691069851390877,0.8691069851391617
37.75,0.12789384989990402,0.127893849911516,-78.72993361642877,-78.72993361641913,0.012949712424071457,0.01294971242472175,0.8740953297142314,0.8740953297143064
38.0,0.1311481796097278,0.1311481796215031,-78.5107882280032,-78.51078822799347,0.013085394578748341,0.013085394579403505,0.8790677648984453,0.8790677648985211
38.25,0.134436065991145,0.1344360660030848,-78.29039844985726,-78.29039844984747,0.01321816676834239,0.013218166769002424,0.8840504477513281,0.8840504477514048
38.5,0.13775703742892242,0.137757037441028,-78.06876307196809,-78.06876307195822,0.013350074981401765,0.013350074982066673,0.8890325629259104,0.8890325629259879
38.75,0.14111239978525908,0.1411123997975316,-77.84588312697846,-77.84588312696852,0.013493293396865202,0.013493293397534982,0.8940069834885814,0.8940069834886597
39.0,0.1445050871185677,0.14450508713100838,-77.62176018160305,-77.62176018159303,0.01364867434690713,0.013648674347581782,0.898976564865539,0.8989765648656182
39.25,0.14793218786268125,0.14793218787529133,-77.39639501373975,-77.39639501372966,0.013768600558749065,0.013768600559428591,0.9039447667343555,0.9039447667344356
39.5,0.1513898852989409,0.15138988531172157,-77.1697878854539,-77.16978788544372,0.013893447821010659,0.013893447821695059,0.908912247782022,0.9089122477821028
39.75,0.15487833257424563,0.15487833258719813,-76.94193767103656,-76.9419376710263,0.014014600193124473,0.014014600193813748,0.9138894561346604,0.9138894561347422
40.0,0.1583975285180781,0.15839752853120365,-76.71284261109486,-76.71284261108451,0.014139437584002226,0.014139437584696378,0.9188710116294401,0.9188710116295227
40.25,0.161944864394126,0.1619448644074258,-76.48250444180319,-76.48250444179276,0.014239717936249533,0.014239717936948561,0.9238343332496929,0.9238343332497763
40.5,0.1655162934547738,0.1655162934682491,-76.25092351166997,-76.25092351165947,0.014332184520745667,0.014332184521449569,0.9288130990984376,0.9288130990985218
40.75,0.16911054581333115,0.16911054582698315,-76.01809949527963,-76.01809949526906,0.014422303112480576,0.014422303113189356,0.9337790235280413,0.9337790235281265
41.0,0.172728270273444,0.17272827028727392,-75.7840317325086,-75.78403173249794,0.014519963045447023,0.01451996304616068,0.9387630694330438,0.9387630694331298
41.25,0.17636876422668715,0.1763687642406962,-75.54872059417555,-75.5487205941648,0.014604457073158376,0.014604457073876911,0.9437260292654198,0.9437260292655067
41.5,0.18003068077508652,0.18003068078927592,-75.31216648910724,-75.31216648909643,0.01469134548963662,0.014691345490360032,0.9487068030893356,0.9487068030894235
41.75,0.18371262993537216,0.18371262994974313,-75.07436769638953,-75.07436769637863,0.014764717590070989,0.014764717590799281,0.953683531735051,0.9536835317351398
42.0,0.18741375353762943,0.1874137535521832,-74.83532641300035,-74.83532641298936,0.01484473975262091,0.014844739753354081,0.9586467278341436,0.9586467278342332
42.25,0.19113236185889698,0.19113236187363478,-74.59504352997179,-74.59504352996072,0.014904595948988188,0.01490459594972624,0.9636163307512435,0.9636163307513339
42.5,0.1948678525592423,0.1948678525741653,-74.35351865056923,-74.35351865055807,0.014979798482824186,0.01497979848356712,0.9685826973793902,0.9685826973794814
42.75,0.19862115069905747,0.19862115071416694,-74.11075131489616,-74.11075131488492,0.015047056119796037,0.015047056120543852,0.9735559816642874,0.9735559816643795
43.0,0.2023936058701347,0.20239360588543184,-73.86674116633564,-73.86674116632432,0.015133054352523422,0.015133054353276118,0.9785251987121674,0.9785251987122604
43.25,0.20618064292476726,0.2061806429402533,-73.62149031516718,-73.62149031515578,0.015163709983024453,0.015163709983782032,0.9834816077454818,0.9834816077455757
43.5,0.20997352806480604,0.2099735280804822,-73.37499845248088,-73.3749984524694,0.015179840476885701,0.015179840477648164,0.9884532922243748,0.9884532922244698
43.75,0.2137711238539352,0.2137711238698027,-73.12726497499355,-73.12726497498198,0.01520139419116871,0.015201394191936056,0.9934145256424053,0.9934145256425011
44.0,0.21757698738436676,0.21757698740042683,-72.87829039556912,-72.87829039555747,0.015245983006977347,0.015245983007749576,0.9983821055494,0.9983821055494967
44.25,0.22138772053890554,0.2213877205551594,-72.62807481111842,-72.6280748111067,0.015240350514011177,0.015240350514788292,1.0033425705874264,1.0033425705875245
44.5,0.22519837535097303,0.2251983753674219,-72.37662072909899,-72.3766207290872,0.015245355046210904,0.015245355046992905,1.00829008509641,1.0082900850965095
44.75,0.22900894711928813,0.22900894713593323,-72.12392856805916,-72.12392856804728,0.015239687069462807,0.015239687070249695,1.0132472037568254,1.0132472037569262
45.0,0.23281738662777374,0.23281738664461626,-71.86999738647509,-71.86999738646313,0.015228296771843553,0.015228296772635328,1.0182022499898253,1.0182022499899275
45.25,0.2366151297346134,0.2366151297516546,-71.61482956689856,-71.61482956688651,0.015154114253453796,0.015154114254250459,1.0231403136166315,1.023140313616735
45.5,0.2403954183332674,0.2403954183505085,-71.35842660716897,-71.35842660715683,0.015088661174321779,0.015088661175123332,1.0280833703913153,1.02808337039142
45.75,0.24415794347130845,0.24415794348875064,-71.10078619751437,-71.10078619750215,0.01501200783726035,0.015012007838066794,1.033039914072629,1.033039914072735
46.0,0.24790272775517866,0.24790272777282318,-70.84190864208838,-70.84190864207608,0.014946732836956264,0.014946732837767597,1.0379805354896003,1.0379805354897078
46.25,0.25162262856519174,0.25162262858303996,-70.58179644329213,-70.58179644327974,0.014812939656870227,0.014812939657686451,1.0429170674947201,1.042917067494829
46.5,0.2553105013136714,0.2553105013317245,-70.3204492479014,-70.32044924788892,0.01469050899082304,0.014690508991644155,1.0478605071742984,1.0478605071744085
46.75,0.25896744736609,0.25896744738434924,-70.05786649072049,-70.05786649070792,0.014565525858593322,0.01456552585941933,1.0528015620566546,1.0528015620567661
47.0,0.2625940450061994,0.262594045024666,-69.79404730474874,-69.7940473047361,0.014447722566177029,0.01444772256700793,1.0577519368240889,1.0577519368242017
47.25,0.2661817907691202,0.26618179078779536,-69.52899482370418,-69.52899482369145,0.014254707593326935,0.01425470759416273,1.0626679297302455,1.0626679297303596
47.5,0.2697209399981514,0.26972094001703634,-69.26271313518934,-69.26271313517653,0.01405895044512972,0.01405895044597041,1.0675855968447263,1.0675855968448418
47.75,0.2732102005651574,0.27321020058425344,-68.99520009317814,-68.99520009316524,0.013855599749969211,0.01385559975081528,1.072518758417174,1.0725187584172908
48.0,0.2766505943877051,0.27665059440701356,-68.72645350200871,-68.72645350199572,0.013668016676676626,0.013668016677527591,1.077453988623907,1.077453988624025
48.25,0.28002779411322937,0.28002779413275136,-68.45647588240357,-68.45647588239049,0.01335004486869605,0.013350044869551913,1.0823669981960349,1.0823669981961546
48.5,0.28332728341934404,0.28332728343908087,-68.185271106646,-68.18527110663284,0.013046332482006337,0.0130463324828671,1.0872712364988815,1.0872712364990025
48.75,0.2865512685755438,0.2865512685954967,-67.91284003853352,-67.91284003852027,0.012746011832838302,0.012746011833703965,1.0921773367156065,1.0921773367157288
49.0,0.2897020175485198,0.28970201756869,-67.63918080187089,-67.63918080185756,0.012460444243964945,0.012460444244835991,1.0970965835090407,1.0970965835091644
49.25,0.29275972364193054,0.29275972366231934,-67.36429596486153,-67.36429596484811,0.01200166560658002,0.012001665607455967,1.101982155819975,1.1019821558201002
49.5,0.2957017596085805,0.2957017596291891,-67.08819176896233,-67.08819176894882,0.011535081677165934,0.011535081678046784,1.1068514553636355,1.106851455363762
49.75,0.29852770603572465,0.2985277060565543,-66.81086883286596,-66.81086883285235,0.011072950339410574,0.011072950340296329,1.1117320769775925,1.1117320769777204
50.0,0.3012383649972391,0.30123836501829104,-66.53232780202262,-66.53232780200892,0.0106127803794263,0.010612780380316959,1.116596213154448,1.1165962131545775
50.25,0.30381877432294196,0.3038187743442174,-66.25263802916376,-66.25263802914996,0.010030902478521456,0.010030902479417021,1.1209220245764453,1.1209220245765763
50.5,0.30625303440201485,0.30625303442351504,-65.97186723799283,-65.97186723797894,0.00944358605529954,0.009443586056200012,1.1252443601637705,1.1252443601639028
50.75,0.3085431017403702,0.3085431017620963,-65.69001366773524,-65.69001366772127,0.008877362185232695,0.008877362186138075,1.1295842552810176,1.1295842552811513
51.0,0.3106901285070339,0.31069012852898725,-65.40707574881456,-65.40707574880051,0.008299260987495652,0.008299260988405941,1.1339191505883093,1.1339191505884445
51.25,0.31270111080921453,0.3127011108313963,-65.1232078845432,-65.12320788452907,0.007788890460439014,0.007788890461354209,1.1370238117008031,1.1370238117009397
51.5,0.31458378351783123,0.31458378354024263,-64.8385621784154,-64.83856217840118,0.007272785483056644,0.007272785483976746,1.140141885980498,1.1401418859806358
51.75,0.3163398864263676,0.3163398864490099,-64.55313781154582,-64.55313781153151,0.006776331392359599,0.006776331393284609,1.143253095782274,1.1432530957824132
52.0,0.3179698438509743,0.3179698438738487,-64.26693702914943,-64.26693702913502,0.0062636205455015885,0.006263620546431507,1.1463532117277606,1.1463532117279012
52.25,0.31948419558574764,0.3194841956088553,-63.980098386457904,-63.98009838644343,0.005851382395581635,0.005851382396516462,1.1483559686706308,1.1483559686707727
52.5,0.3208942276003719,0.3208942276237141,-63.69275828497205,-63.69275828495751,0.005429063348144048,0.005429063349083784,1.150364883032787,1.1503648830329303
52.75,0.322198489395747,0.322198489419325,-63.404916321776504,-63.404916321761895,0.005005220347962386,0.005005220348907032,1.1523708624918807,1.1523708624920252
53.0,0.3233981168705192,0.3233981168943342,-63.116574479538755,-63.116574479524076,0.004591987547760883,0.00459198754871044,1.154363914370064,1.1543639143702098
53.25,0.32450109454552695,0.3245010945695801,-62.827864411881485,-62.827864411866734,0.004231923853812834,0.004231923854767303,1.1553166608352343,1.1553166608353818
53.5,0.32551606387026333,0.32551606389455595,-62.53891508388821,-62.53891508387339,0.0038879215412149894,0.0038879215421743695,1.156277995543814,1.1562779955439628
53.75,0.32644237293117573,0.32644237295570905,-62.249726079824796,-62.24972607980991,0.0035226412332298933,0.0035226412341941853,1.1572340714024498,1.1572340714026
54.0,0.32727769930973294,0.3272776993345082,-61.96029906939267,-61.96029906937772,0.0031600593040491095,0.003160059305018314,1.1581820462391015,1.1581820462392531
54.25,0.32802970786542557,0.32802970789044394,-61.670753510729206,-61.67075351071419,0.0028560092996212077,0.002856009300595326,1.158182451734695,1.1581824517348482
54.5,0.3287061048412016,0.32870610486646434,-61.38120694111157,-61.38120694109649,0.002555167338637889,0.0025551673396169224,1.158190133570067,1.1581901335702216
54.75,0.3293083458603376,0.3293083458858459,-61.09165699339653,-61.09165699338138,0.002262762733978512,0.002262762734962461,1.1582094757184374,1.1582094757185932
55.0,0.3298378282163928,0.32983782824214797,-60.80210234020055,-60.80210234018532,0.0019730979242342313,0.001973097925223097,1.158227777159329,1.1582277771594862
55.25,0.3302983281564167,0.33029832818241994,-60.51265630190468,-60.512656301889386,0.0017108180213254,0.0017108180223191823,1.1573405539356296,1.1573405539357884
55.5,0.33069185339563395,0.3306918534218865,-60.22343095944285,-60.223430959427496,0.0014373011443574624,0.0014373011453561622,1.156462211546401,1.156462211546561
55.75,0.3310179663846059,0.331017966411109,-59.93442569713549,-59.93442569712006,0.0011715196354936345,0.001171519636497253,1.1555799119706642,1.1555799119708259
56.0,0.3312780257142817,0.33127802574103654,-59.64563966635202,-59.64563966633652,0.0009088728726234807,0.0009088728736320178,1.1547083590596963,1.1547083590598595
56.25,0.3314772755262699,0.33147727555327766,-59.357168617057965,-59.3571686170424,0.0006849702518684322,0.0006849702528818887,1.1530600564024973,1.153060056402662
56.5,0.3316222472430044,0.33162224727026635,-59.06911117040202,-59.06911117038638,0.00047464695008018874,0.0004746469510985656,1.1513995366746015,1.1513995366747678
56.75,0.3317153193943005,0.33171531942181787,-58.78146618341741,-58.7814661834017,0.0002697757340406831,0.00026977573506398113,1.1497603785177575,1.1497603785179253
57.0,0.3317543648209627,0.3317543648487369,-58.494233042548636,-58.494233042532855,4.243159340582734e-05,4.243159443501056e-05,1.148104769866664,1.1481047698668334
57.25,0.33174123850082615,0.33174123852885845,-58.20750704747131,-58.20750704745546,-0.00014766857751363072,-0.00014766857647952443,1.1457032086747971,1.145703208674968
57.5,0.33168169470180997,0.3316816947301016,-57.9213813185327,-57.92138131851678,-0.00032890815148738605,-0.00032890815044835564,1.1433026399215502,1.1433026399217228
57.75,0.33157521327399486,0.33157521330254713,-57.63585419961858,-57.63585419960258,-0.0005231684596703049,-0.0005231684586263492,1.140914329706542,1.1409143297067161
58.0,0.3314202710136519,0.331420271042466,-57.350924604773084,-57.35092460475702,-0.0007165951562500573,-0.0007165951552011754,1.138522447293914,1.1385224472940896
58.25,0.3312232152367409,0.3312232152658181,-57.066675757557014,-57.06667575754088,-0.0008601390335047886,-0.0008601390324509796,1.135468343968144,1.135468343968321
58.5,0.3309900128736861,0.3309900129030276,-56.78318928653598,-56.78318928651977,-0.0010057669840557084,-0.0010057669829969709,1.1324234379301445,1.1324234379303233
58.75,0.33072209227056815,0.33072209230017513,-56.50046586553935,-56.50046586552306,-0.0011378863350583717,-0.0011378863339947048,1.1293639424993365,1.1293639424995168
59.0,0.3304217504606791,0.3304217504905529,-56.21850636325029,-56.21850636323393,-0.0012651359230349398,-0.0012651359219663424,1.1263120878104103,1.126312087810592
59.25,0.33009164380398903,0.3300916438341308,-55.9373894064927,-55.937389406476264,-0.001376065138545805,-0.0013760651374722763,1.1226235767089163,1.1226235767090997
59.5,0.3297342805907881,0.3297342806211991,-55.657194613263094,-55.65719461324658,-0.001483188406479811,-0.00148318840540135,1.1189347792276991,1.118934779227884
59.75,0.32935008817106226,0.3293500882017437,-55.377923006637566,-55.37792300662098,-0.0015906995396467976,-0.0015906995385634034,1.1152380839128408,1.1152380839130271
60.0,0.32893710395194037,0.3289371039828935,-55.099572790702496,-55.09957279068583,-0.0017135207069491054,-0.001713520705860777,1.1115636551475157,1.1115636551477035
60.25,0.328496400029542,0.328496400060768,-54.82220708092697,-54.82220708091024,-0.0018125068744328041,-0.0018125068733395406,1.1073620323892368,1.1073620323894262
60.5,0.3280307824090648,0.32803078244056494,-54.54589328164299,-54.54589328162618,-0.0019128314305394039,-0.0019128314294412042,1.1031483713414212,1.1031483713416121
60.75,0.32753888037298534,0.32753888040476087,-54.27063046432132,-54.27063046430444,-0.0020227803680646496,-0.002022780366961512,1.0989541775980594,1.0989541775982519
61.0,0.32701767769177903,0.32701767772383117,-53.996417538486355,-53.9964175384694,-0.0021472376090991016,-0.0021472376079910253,1.0947492408156627,1.0947492408158568
61.25,0.32646932997075,0.32646933000308004,-53.72331531265017,-53.72331531263314,-0.0022399855430191903,-0.002239985541906174,1.0900685746182301,1.0900685746184255
61.5,0.32589914684420823,0.32589914687681737,-53.451384950274125,-53.451384950257015,-0.0023219221366733624,-0.002321922135555405,1.0853743321152816,1.0853743321154785
61.75,0.32530811791928765,0.3253081179521771,-53.18062666600963,-53.18062666599244,-0.002406750815177781,-0.0024067508140548826,1.0806919499984853,1.0806919499986836
62.0,0.32469299269040003,0.3246929927235711,-52.911040816222716,-52.91104081620545,-0.0025146939590729596,-0.0025146939579451183,1.0759948584738952,1.075994858474095
62.25,0.324058019498257,0.3240580195317109,-52.64266114461445,-52.642661144597106,-0.002565558589294081,-0.0025655585881612965,1.071042519187884,1.0710425191880855
62.5,0.32341003532920637,0.32341003536294427,-52.37552063492922,-52.375520634911794,-0.0026187825887894487,-0.00261878258765172,1.0660815633120886,1.0660815633122913
62.75,0.32274726255882596,0.32274726259284914,-52.109619423225936,-52.109619423208436,-0.0026838666924551007,-0.0026838666913124266,1.0611281364504348,1.061128136450639
63.0,0.3220694986334775,0.3220694986677872,-51.84495702706487,-51.84495702704729,-0.0027387121770878968,-0.0027387121759402766,1.0561710380090739,1.0561710380092797
63.25,0.32138954174334283,0.3213895417779403,-51.58153461862256,-51.581534618604906,-0.002701410949769802,-0.0027014109486172347,1.051208226012731,1.0512082260129383
63.5,0.32071948543476736,0.32071948546965384,-51.31935254129987,-51.31935254128213,-0.002659507242579795,-0.0026595072414222795,1.046248388618231,1.04624838861844
63.75,0.3200580643853024,0.32005806442047907,-51.05841077279621,-51.05841077277838,-0.002632329138956564,-0.002632329137794099,1.0412857568488527,1.0412857568490632
64.0,0.3194048517949867,0.3194048518304548,-50.798709461548015,-50.79870946153011,-0.0025938394168027136,-0.002593839415635299,1.0363247295079527,1.0363247295081648
64.25,0.31876571916985147,0.3187657192056123,-50.54024918315688,-50.5402491831389,-0.002519690000883767,-0.0025196899997114008,1.0313574906303635,1.0313574906305774
64.5,0.3181444376024034,0.3181444376384582,-50.2830310610114,-50.28303106099333,-0.00245103121376319,-0.002451031212585872,1.0263874800604214,1.0263874800606367
64.75,0.31753935029925623,0.3175393503356062,-50.02705677497557,-50.02705677495742,-0.0023901368895735734,-0.002390136888391302,1.021406802485172,1.0214068024853888
65.0,0.31694940849634096,0.3169494085329873,-49.772327581429366,-49.77232758141113,-0.002329867151471867,-0.0023298671502846417,1.016426740202307,1.0164267402025255
65.25,0.31637953986632117,0.3163795399032652,-49.51884277407864,-49.51884277406033,-0.0022295510288480717,-0.0022295510276558912,1.0114517091457236,1.0114517091459436
65.5,0.3158340254529991,0.31583402549024203,-49.266601388712175,-49.26660138869378,-0.0021350331606786446,-0.002135033159481508,1.0064793648749424,1.006479364875164
65.75,0.3153124320129722,0.31531243205051523,-49.015602299152484,-49.015602299134,-0.002038182642627493,-0.0020381826414253993,1.001513342471605,1.001513342471828
66.0,0.3148149813032102,0.31481498134105457,-48.765847379661324,-48.76584737964276,-0.0019418933243487459,-0.0019418933231416951,0.9965260043795622,0.9965260043797864
66.25,0.3143442809526012,0.3143442809907482,-48.51733808776309,-48.51733808774444,-0.0018241788549905624,-0.0018241788537785538,0.991548319708228,0.9915483197084534
66.5,0.3139005769310607,0.31390057696951157,-48.27007259029977,-48.27007259028103,-0.0017259222145954332,-0.0017259222133784661,0.9865756507347755,0.9865756507350021
66.75,0.31348116716435437,0.3134811672031103,-48.0240496089321,-48.02404960891328,-0.0016298243212841182,-0.0016298243200621918,0.981608191146502,0.9816081911467298
67.0,0.31308668158291003,0.3130866816219723,-47.77926878093619,-47.779268780917285,-0.0015265289461529258,-0.0015265289449260392,0.9766384230821257,0.9766384230823547
67.25,0.31272502948866704,0.3127250295280368,-47.53573306046172,-47.53573306044273,-0.0013671584293583746,-0.001367158428126527,0.9716473256882103,0.9716473256884405
67.5,0.31240314677504494,0.3124031468147235,-47.293444222362,-47.29344422234291,-0.00120837322204868,-0.0012083732208118705,0.9666633641393696,0.9666633641396009
67.75,0.31212063238578236,0.3121206324257709,-47.052401858158774,-47.0524018581396,-0.001052212192841254,-0.001052212191599482,0.9616755347635655,0.9616755347637979
68.0,0.3118770231636533,0.3118770232039531,-46.81260455636577,-46.81260455634651,-0.0008971304495002908,-0.000897130448253556,0.9567028649594178,0.9567028649596514
68.25,0.31167192571873586,0.3116719257593482,-46.5740518882433,-46.57405188822395,-0.000744119074852817,-0.0007441190736011186,0.9517184655944899,0.9517184655947247
68.5,0.3115031803766382,0.31150318041756436,-46.3367438052586,-46.336743805239166,-0.0006063124785314377,-0.0006063124772742933,0.9467461852907229,0.9467461852909588
68.75,0.3113705623813769,0.3113705624226182,-46.100679955744006,-46.10067995572449,-0.00045510117198165344,-0.00045510117071954415,0.9417645965698291,0.9417645965700663
69.0,0.31127305863464433,0.311273058676202,-45.86586314819983,-45.865863148180225,-0.00032539972506351507,-0.0003253997237964401,0.9367698515553865,0.9367698515556248
69.25,0.31121299168475125,0.3112129917266266,-45.63229321922865,-45.63229321920896,-0.00015560542819628942,-0.00015560542692376645,0.9317895642058424,0.9317895642060818
69.5,0.3111956157268712,0.3111956157690655,-45.399970337260605,-45.39997033724082,1.6126728098893657e-05,1.6126729376383585e-05,0.9267934753476598,0.9267934753479004
69.75,0.31122003817868105,0.3112200382211956,-45.16889599653849,-45.16889599651862,0.00017878221886159285,0.00017878222014405045,0.9218012350941199,0.9218012350943617
70.0,0.3112862298931798,0.31128622993601573,-44.93906944451862,-44.93906944449867,0.0003502810408893499,0.00035028104217677626,0.9168111648958924,0.9168111648961355
70.25,0.31139227164293976,0.3113922716860984,-44.71049133343594,-44.710491333415895,0.0004975818110854975,0.0004975818123778937,0.9118137098781156,0.9118137098783597
70.5,0.3115365957339068,0.3115365957773894,-44.48316189638181,-44.48316189636167,0.0006565402967919102,0.000656540298089277,0.9068217715683536,0.906821771568599
70.75,0.31171972014629695,0.31171972019010474,-44.25708128779067,-44.25708128777044,0.0008079837522514388,0.000807983753553777,0.9018230828827003,0.9018230828829469
71.0,0.31194015589992496,0.31194015594405916,-44.032249812406626,-44.032249812386304,0.0009550314392170854,0.0009550314405243956,0.8968287063260195,0.8968287063262673
71.25,0.3121991270323986,0.3121991270768605,-43.80866676249454,-43.808666762474125,0.0011162669162746895,0.0011162669175869729,0.8918356777694215,0.8918356777696704
71.5,0.31249623131129545,0.31249623135608623,-43.586332120645544,-43.58633212062504,0.0012600965030278018,0.0012600965043450593,0.8868414434623203,0.8868414434625704
71.75,0.3128300433121996,0.3128300433573205,-43.36524678066142,-43.365246780640824,0.0014099281375343916,0.0014099281388566239,0.8818412622845748,0.8818412622848262
72.0,0.31320049711494397,0.3132004971603964,-43.14540997052951,-43.14540997050882,0.0015532320666863972,0.0015532320680145682,0.8768532052600233,0.8768532052602759
72.25,0.3136075019583806,0.3136075020041659,-42.926819808422394,-42.92681980840161,0.0017023367450994882,0.0017023367464326356,0.8718680775393585,0.8718680775396123
72.5,0.3140522301945656,0.314052230240685,-42.70947680011663,-42.70947680009576,0.0018550185570756358,0.00185501855841376,0.8668759745118925,0.8668759745121475
72.75,0.3145362100947408,0.31453621014119565,-42.49338198722226,-42.49338198720129,0.002016349935266025,0.00201634993660961,0.8618825134328398,0.8618825134330961
73.0,0.31505932499910294,0.31505932504589457,-42.27853445802858,-42.27853445800752,0.002168099412687607,0.0021680994140361714,0.8568977058096539,0.8568977058099113
73.25,0.31562345221834404,0.3156234522654736,-42.06493492222369,-42.06493492220254,0.0023444471094269713,0.0023444471107805158,0.8518985640034145,0.8518985640036731
73.5,0.316231345077749,0.31623134512521794,-41.85258443284493,-41.85258443282368,0.0025182250984322756,0.0025182250997917645,0.8469053346429007,0.8469053346431606
73.75,0.3168831402640138,0.31688314031182346,-41.64148199621635,-41.64148199619501,0.0026956659233225294,0.0026956659246870004,0.8419141416566441,0.8419141416569054
74.0,0.31757744096304524,0.31757744101119684,-41.43162748358333,-41.4316274835619,0.0028582691126547263,0.00285826911402418,0.8369219440773289,0.8369219440775914
74.25,0.3183131512890185,0.31831315133751326,-41.22302090748064,-41.223020907459116,0.003026943030558259,0.003026943031932696,0.8319306488416163,0.83193064884188
74.5,0.3190899578861568,0.319089957934996,-41.0156637234027,-41.01566372338109,0.0031870381058110918,0.003187038107190513,0.8269268086880998,0.8269268086883647
74.75,0.3199059585269952,0.31990595857618015,-40.809554759960754,-40.80955475993905,0.003340497452670692,0.0033404974540550986,0.8219448843793462,0.8219448843796123
75.0,0.3207610650006318,0.32076106505016366,-40.60469113485637,-40.60469113483457,0.0034998848820631243,0.0034998848834525164,0.8169641014287203,0.8169641014289877
75.25,0.32165640917572863,0.3216564092256087,-40.40107488766943,-40.40107488764753,0.003662397424868009,0.0036623974262623873,0.8119658607451206,0.8119658607453892
75.5,0.32259382873546527,0.32259382878569476,-40.19870700115867,-40.19870700113667,0.0038364888705249684,0.0038364888719243343,0.8069772149276697,0.8069772149279397
75.75,0.32357400664195884,0.323574006692539,-39.99758622714545,-39.99758622712335,0.004004464242746797,0.0040044642441511525,0.8019889613413991,0.8019889613416703
76.0,0.32459534143082,0.32459534148175206,-39.797713440064314,-39.797713440042116,0.00416574323954061,0.0041657432409499566,0.796993320102316,0.7969933201025886
76.25,0.3256581216631762,0.32565812171446146,-39.59909057454223,-39.599090574519934,0.004336027034531709,0.0043360270359460475,0.7919895880200026,0.7919895880202764
76.5,0.32676366619949215,0.3267636662511318,-39.401718760105105,-39.40171876008271,0.004507857588999457,0.004507857590418788,0.7869849112768693,0.7869849112771444
76.75,0.3279109649390758,0.32791096499107114,-39.205595706793,-39.2055957067705,0.004670062483708243,0.004670062485132567,0.7819994999273306,0.7819994999276071
77.0,0.32909831688064417,0.32909831693299646,-39.010719876775866,-39.01071987675327,0.0048282825547853805,0.004828282556214699,0.777007125292779,0.7770071252930567
77.25,0.3303263473554816,0.3303263474081921,-38.81709202679037,-38.81709202676768,0.004995490841994051,0.0049954908434283645,0.7720156588267968,0.7720156588270758
77.5,0.3315934489571252,0.33159344901019516,-38.624712354031466,-38.62471235400868,0.005140851341406168,0.005140851342845478,0.7670217095399003,0.7670217095401807
77.75,0.3328980345150993,0.3328980345685299,-38.43358095439799,-38.4335809543751,0.0052953626601123125,0.005295362661556619,0.7620294729605934,0.7620294729608751
78.0,0.33424009352260625,0.3342400935763988,-38.243698442765975,-38.24369844274299,0.005440638318588292,0.005440638320037596,0.757030606398965,0.757030606399248
78.25,0.33561807507582125,0.33561807512997693,-38.05506407684072,-38.05506407681764,0.005582744216422389,0.005582744217876691,0.7520443076053732,0.7520443076056575
78.5,0.33703050046600147,0.3370305005205216,-37.8676759228577,-37.867675922834515,0.005716189293506769,0.00571618929496607,0.7470609116776247,0.7470609116779103
78.75,0.3384780383663803,0.33847803842126606,-37.68153652562042,-37.68153652559714,0.005863642110342047,0.005863642111806348,0.7420542523187701,0.7420542523190571
79.0,0.3399614369361974,0.3399614369914501,-37.49664798989358,-37.4966479898702,0.006003075260730655,0.006003075262199957,0.7370540203502572,0.7370540203505456
79.25,0.341480660800601,0.34148066085622186,-37.31300972078242,-37.313009720758934,0.0061502443153460375,0.006150244316820342,0.7320521186639708,0.7320521186642605
79.5,0.34303586913238593,0.3430358691883762,-37.1306204990589,-37.13062049903532,0.006290952082684235,0.006290952084163542,0.7270616418582737,0.7270616418585647
79.75,0.34462605736692703,0.344626057423288,-36.949479034081186,-36.949479034057504,0.006430083439266318,0.006430083440750629,0.7220700648461763,0.7220700648464686
80.0,0.3462515932539188,0.34625159331065186,-36.76958495063269,-36.76958495060891,0.00657373369462606,0.006573733696116339,0.717082589198469,0.7170825891987627
80.25,0.34791326799721106,0.34791326805431755,-36.59093738158233,-36.59093738155844,0.006719194562828166,0.006719194564323451,0.7120979494904343,0.7120979494907291
80.5,0.3496111119481233,0.34961111200560446,-36.41353761323336,-36.41353761320937,0.00686308612384349,0.006863086125343781,0.707100183735237,0.7071001837355332
80.75,0.35134462578814274,0.35134462584599985,-36.23738756604889,-36.23738756602479,0.007004553470435266,0.007004553471940565,0.7021001804030308,0.7021001804033283
81.0,0.3531119336143088,0.35311193367254307,-36.062485880033805,-36.0624858800096,0.007133439255243898,0.007133439256754205,0.6971132955663419,0.6971132955666408
81.25,0.3549101489267635,0.35491014898537626,-35.888832652703385,-35.888832652679085,0.007251812055303175,0.007251812056819454,0.6921125119168551,0.6921125119171553
81.5,0.3567379553071737,0.3567379553661664,-35.71642891596902,-35.71642891594461,0.007370168335605807,0.007370168337127096,0.6871173707995207,0.6871173707998223
81.75,0.3585940586446607,0.3585940587040346,-35.545274823167205,-35.54527482314269,0.007478187068904138,0.007478187070430438,0.6821153614310577,0.6821153614313605
82.0,0.36047574410994626,0.3604757441697026,-35.375371547212225,-35.375371547187605,0.007574825124976955,0.007574825126508267,0.6771108370978273,0.6771108370981315
82.25,0.36238262017088485,0.3623826202310249,-35.206717507851465,-35.20671750782674,0.007679713266995097,0.007679713268531421,0.672121467899465,0.6721214678997706
82.5,0.36431337929594526,0.36431337935647035,-35.03931022309827,-35.039310223073436,0.0077658900852042015,0.00776589008674602,0.6671368020014286,0.6671368020017354
82.75,0.3662679240332476,0.366267924094159,-34.87315013600246,-34.87315013597752,0.00786999739081419,0.007869997392361027,0.6621438849498674,0.6621438849501756
83.0,0.36824850376035634,0.3682485038216553,-34.708239639906324,-34.70823963988128,0.007974168980740081,0.007974168982291937,0.6571400739979505,0.65714007399826
83.25,0.37025401609714853,0.37025401615883635,-34.5445798784282,-34.54457987840305,0.008069458436867202,0.008069458438424559,0.652138008843202,0.6521380088435129
83.5,0.3722844609453488,0.37228446100742685,-34.382169489547465,-34.382169489522205,0.008173629938539347,0.008173629940102204,0.6471450923814828,0.647145092381795
83.75,0.3743412111925779,0.37434121125504755,-34.22100726337911,-34.22100726335374,0.008279901683373921,0.0082799016849418,0.6421527069461576,0.6421527069464711
84.0,0.3764215708412888,0.37642157090415124,-34.06109507940583,-34.06109507938036,0.0083625036867469,0.0083625036883198,0.6371447570524024,0.6371447570527172
84.25,0.37852487346173014,0.37852487352498676,-33.902433130486024,-33.902433130460444,0.008463446782479829,0.008463446784058717,0.6321508247892137,0.6321508247895299
84.5,0.38065241025312,0.3806524103167722,-33.7450190828782,-33.745019082852515,0.008556377497070316,0.008556377498654228,0.6271615473119213,0.6271615473122388
84.75,0.3828040703260749,0.38280407039012393,-33.588853322256426,-33.588853322230634,0.008656432308978132,0.008656432310567067,0.6221645282291471,0.622164528229466
85.0,0.384978644458877,0.38497864452332425,-33.43393594271411,-33.4339359426882,0.008739690638641903,0.008739690640236828,0.6171745002598895,0.6171745002602098
85.25,0.3871747661550816,0.38717476621992847,-33.280268171013475,-33.28026817098746,0.008828811235041359,0.008828811236641311,0.6121676649429562,0.6121676649432779
85.5,0.3893930115586185,0.3893930116238662,-33.127850043663116,-33.127850043637,0.00891668185797417,0.00891668185957915,0.6071773455755409,0.607177345575864
85.75,0.3916326978089686,0.39163269787461846,-32.97668091756951,-32.97668091754328,0.00900033694092204,0.009000336942533011,0.6021756552863836,0.602175655286708
86.0,0.3938939074509493,0.3938939075170028,-32.82676155959869,-32.82676155957235,0.00908886948803626,0.00908886948965226,0.5971792001334206,0.5971792001337464
86.25,0.3961735914825391,0.3961735915489976,-32.67809299662426,-32.678092996597805,0.009148130792970324,0.009148130794592318,0.5921692980749587,0.5921692980752857
86.5,0.39847054365139295,0.3984705437182578,-32.530676431042814,-32.530676431016246,0.009227014949359125,0.00922701495098615,0.5871632191394789,0.5871632191398074
86.75,0.4007852292035613,0.4007852292708338,-32.384510382772675,-32.384510382745994,0.009289998618538284,0.009289998620170822,0.5821651610836209,0.5821651610839509
87.0,0.40311627886191875,0.4031162789296002,-32.239593447316814,-32.23959344729002,0.009357928104427047,0.009357928106064617,0.5771703161589584,0.5771703161592898
87.25,0.405461476843801,0.4054614769118927,-32.09592592428458,-32.09592592425767,0.009403184680332986,0.009403184681975589,0.5721698638322431,0.572169863832576
87.5,0.40781905097623977,0.407819051044743,-31.953508208186502,-31.953508208159498,0.009456937541695068,0.009456937543342706,0.5671718598845777,0.567171859884912
87.75,0.41018953777317363,0.4101895378420896,-31.812339489975816,-31.812339489948712,0.009506486377858982,0.009506486379511654,0.5621778811294813,0.562177881129817
88.0,0.4125729507653687,0.4125729508346987,-31.672421011495768,-31.672421011468565,0.009560345789627805,0.009560345791285514,0.5571699416330741,0.5571699416334112
88.25,0.41497011881357393,0.4149701188833192,-31.533751857834062,-31.53375185780676,0.009616528834453892,0.009616528836116639,0.5521832823636529,0.5521832823639914
88.5,0.4173805084401152,0.41738050851027697,-31.39633061456246,-31.396330614535056,0.009666117479025281,0.009666117480693067,0.5471866591339991,0.547186659134339
88.75,0.4198028341579534,0.419802834228533,-31.26015778913898,-31.260157789111478,0.009712018123375046,0.00971201812504787,0.5421959399263651,0.5421959399267062
89.0,0.4222340069977563,0.42223400706875497,-31.125232178494826,-31.125232178467222,0.009736894807087487,0.009736894808765351,0.537208942881541,0.5372089428818836
89.25,0.42467128308985913,0.4246712831612781,-30.99155515117399,-30.991555151146287,0.0097608427594292,0.009760842761112106,0.5322072734273705,0.5322072734277146
89.5,0.4271139266927787,0.42711392676461923,-30.85912816793969,-30.859128167911887,0.00977983517606771,0.009779835177755658,0.5272085906564654,0.5272085906568108
89.75,0.4295633440046522,0.42956334407691565,-30.72795187003194,-30.727951870004038,0.009815031666719463,0.009815031668413417,0.5222017892872471,0.522201789287594
90.0,0.4320183241654184,0.4320183242381062,-30.598025490731082,-30.59802549070308,0.0098243393121953,0.009824339313894297,0.517209244242144,0.5172092442424923
90.25,0.43448078165658616,0.4344807817296996,-30.46934792805285,-30.46934792802475,0.009874849797604439,0.009874849799308963,0.5122112524215948,0.5122112524219445
90.5,0.43695282084578463,0.4369528209193251,-30.341921257257557,-30.34192125722935,0.009900991846829613,0.009900991848539181,0.5072021114761412,0.5072021114764924
90.75,0.4394332206408151,0.4394332207147838,-30.21574419136262,-30.215744191334313,0.009941736667098005,0.00994173666881262,0.5022144118419687,0.5022144118423213
91.0,0.44192344264190897,0.44192344271630724,-30.09081498430397,-30.09081498427556,0.009979568792526131,0.009979568794245794,0.49721924106044835,0.4972192410608022
91.25,0.4444188981695374,0.4444188982443664,-29.967134413245944,-29.96713441321743,0.00998360499869913,0.009983605000423843,0.49222532702330074,0.4922253270236558
91.5,0.4469166983442027,0.4469166984194638,-29.844702277029548,-29.84470227700093,0.009998326002039273,0.009998326003769036,0.48723176132002827,0.4872317613203846
91.75,0.44941580541232823,0.4494158054880226,-29.723520404451772,-29.723520404423052,0.00999405873465335,0.009994058736388162,0.4822232197045507,0.4822232197049082
92.0,0.45191359875064213,0.4519135988267711,-29.603590771131024,-29.603590771102198,0.0099878160850246,0.009987816086764464,0.4772138474500612,0.47721384745041995
92.25,0.45441208187215815,0.45441208194872307,-29.484911469495387,-29.484911469466454,0.009999578517292785,0.00999957851903818,0.47222056452614075,0.47222056452650074
92.5,0.4569136452496888,0.45691364532669093,-29.36748258012475,-29.367482580095714,0.010012456556097622,0.01001245655784807,0.4672105492248519,0.4672105492252131
92.75,0.4594152065667428,0.4594152066441834,-29.25130579833625,-29.25130579830711,0.00999956233257382,0.00999956233432932,0.4622037062988782,0.4622037062992407
93.0,0.461915998844922,0.4619159989228024,-29.13637864452838,-29.136378644499136,0.01000630581570652,0.010006305817467075,0.457213523528361,0.4572135235287247
93.25,0.46441536932519045,0.46441536940351186,-29.022700188357646,-29.022700188328294,0.009988187080434426,0.009988187082200036,0.4522141275458172,0.4522141275461821
93.5,0.46691040623776786,0.4669104063165315,-28.910272671444037,-28.910272671414578,0.00997163645114812,0.009971636452918785,0.44720600932351995,0.4472060093238861
93.75,0.46940188839601904,0.4694018884752262,-28.79909521769627,-28.799095217666707,0.009959750528354006,0.009959750530129728,0.44221362177927853,0.44221362177964596
94.0,0.47189002463833435,0.4718900247179863,-28.68916587110241,-28.689165871072742,0.009944869115409476,0.009944869117190256,0.4372211523746745,0.4372211523750432
94.25,0.4743735494407613,0.4743735495208593,-28.580485471490253,-28.580485471460477,0.00992285838282941,0.009922858384615249,0.43222204659784147,0.4322220465982114
94.5,0.47685140920700136,0.47685140928754666,-28.47305596615051,-28.473055966120626,0.009899547981904816,0.009899547983695713,0.42721399831787704,0.42721399831824824
94.75,0.4793242345338997,0.4793242346148936,-28.366878465432958,-28.366878465402966,0.00988258287285246,0.009882582874648417,0.4222060090220746,0.42220600902244704
95.0,0.48179029451237676,0.48179029459382045,-28.26195163342315,-28.261951633393046,0.009845426195733812,0.00984542619753483,0.4172086505596205,0.4172086505599942
95.25,0.48424918695324626,0.4842491870351411,-28.158273882219298,-28.158273882189086,0.009825242765901385,0.009825242767707465,0.41221336097415906,0.41221336097453404
95.5,0.4867003801311395,0.48670038021348677,-28.055845415218045,-28.055845415187722,0.009783831742566751,0.009783831744378375,0.4072143789401812,0.40721437894055745
95.75,0.48914135951855986,0.48914135960136096,-27.954665460685252,-27.954665460654823,0.009743533370489376,0.009743533372306063,0.40222526112156487,0.4022252611219424
96.0,0.49157212328538813,0.49157212336864425,-27.854735164209455,-27.854735164178916,0.009702104982158505,0.009702104983980256,0.39721711459075926,0.39721711459113807
96.25,0.49399154822987706,0.4939915483135895,-27.75605565817427,-27.756055658143623,0.009652823729964989,0.009652823731791806,0.3922189383370351,0.39221893833741517
96.5,0.496399888110413,0.49639988819458297,-27.658626942642794,-27.658626942612038,0.009613423528553561,0.009613423530385445,0.38721078962950106,0.3872107896298824
96.75,0.4987986500368613,0.49879865012149005,-27.562450122890873,-27.562450122860007,0.00957620020236102,0.009576200204197971,0.3822037718953706,0.3822037718957532
97.0,0.5011857557817624,0.5011857558668515,-27.467523109064253,-27.467523109033277,0.009520175544131905,0.009520175545973925,0.37721234399968895,0.37721234400007286
97.25,0.5035596378045125,0.5035596378900632,-27.373845532780372,-27.373845532749286,0.009470409230847129,0.009470409232694217,0.37220827096340814,0.37220827096379333
97.5,0.5059178460911304,0.505917846177144,-27.28141748811461,-27.281417488083413,0.00939478677408788,0.009394786775940519,0.3672160934924757,0.3672160934928622
97.75,0.5082585228005525,0.5082585228870302,-27.190238686880303,-27.190238686848996,0.009330155705991458,0.009330155707849168,0.36221432247547936,0.36221432247586716
98.0,0.5105824254340763,0.5105824255210195,-27.100311079963006,-27.10031107993159,0.009260593597400994,0.009260593599263775,0.3572065394212994,0.3572065394216885
98.25,0.5128895424557111,0.5128895425431212,-27.011633761341116,-27.011633761309586,0.009195872058287997,0.009195872060156813,0.35221201565587357,0.352212015656264
98.5,0.5151796548032415,0.5151796548911199,-26.924205696947414,-26.924205696915774,0.009124555731794087,0.009124555733667975,0.3472125062175282,0.3472125062179199
98.75,0.51745373549654,0.5174537355848879,-26.83802727081724,-26.838027270785485,0.009067619002077497,0.00906761900395646,0.34221490819196343,0.34221490819235645
99.0,0.5197111501181465,0.5197111502069652,-26.753099793817007,-26.753099793785143,0.00899122598697078,0.008991225988854818,0.3372049150123119,0.3372049150127063
99.25,0.5219468281094333,0.5219468281987242,-26.669421785308778,-26.669421785276803,0.008893728241442377,0.008893728243331971,0.33221916224571174,0.33221916224610737
99.5,0.5241591108953672,0.5241591109851316,-26.58699300174606,-26.58699300171397,0.008804062238441678,0.008804062240337312,0.3272111147098653,0.32721111471026226
99.75,0.5263476186745345,0.526347618764774,-26.505815109994185,-26.505815109961983,0.008703529028413277,0.008703529030313989,0.3222120287835274,0.3222120287839257
100.0,0.5285131941422904,0.528513194233006,-26.425886338846993,-26.425886338814678,0.008620604234244805,0.008620604236150596,0.31721814821224403,0.31721814821264366
100.25,0.5306585138615025,0.5306585139526957,-26.347207133833187,-26.347207133800758,0.008541482210145541,0.008541482212056412,0.31221549935792664,0.3122154993583276
100.5,0.5327808184926903,0.5327808185843622,-26.269779479472994,-26.26977947944045,0.00843648285649686,0.008436482858412812,0.30720574542306495,0.30720574542346724
100.75,0.5348770736967773,0.5348770737889292,-26.193603737481602,-26.193603737448942,0.008333087185977195,0.008333087187898228,0.30220020025633876,0.3022002002567424
101.0,0.5369470492918235,0.5369470493844568,-26.118677390386008,-26.118677390353234,0.008226247481996992,0.008226247483923107,0.29721058658138144,0.2972105865817864
101.25,0.5389912853889461,0.5389912854820621,-26.045000702742783,-26.045000702709892,0.008127169496801482,0.00812716949873268,0.2922029239056027,0.292202923906009
101.5,0.5410116024125973,0.5410116025061972,-25.972575355030074,-25.972575354997065,0.008034895324586216,0.008034895326522979,0.2871998664957986,0.2871998664962062
101.75,0.5430057114442105,0.5430057115382958,-25.901400014734378,-25.901400014701256,0.007917506127443234,0.007917506129385563,0.2822028669373343,0.2822028669377433
102.0,0.5449729913433707,0.5449729914379426,-25.8314734071751,-25.83147340714186,0.00782026265055102,0.007820262652498433,0.277210002705111,0.2772100027055214
102.25,0.5469132632143235,0.5469132633093834,-25.76279488071452,-25.762794880681163,0.007701441999447797,0.007701442001400292,0.2722182201820708,0.27221822018248254
102.5,0.5488259994694312,0.5488259995649803,-25.69536523759202,-25.695365237558548,0.007599977011970445,0.007599977013928988,0.26721893436414285,0.2672189343645559
102.75,0.5507114556373762,0.5507114557334161,-25.62918672167285,-25.629186721639257,0.0074832003130646816,0.007483200315028309,0.26220920399907127,0.26220920399948566
103.0,0.5525673731868539,0.5525673732833858,-25.56425779916629,-25.56425779913258,0.007363670200966218,0.00736367020293493,0.257222187322822,0.25722218732323776
103.25,0.5543905341503218,0.554390534247347,-25.500577108562158,-25.500577108528333,0.007221146505377993,0.007221146507351793,0.25222335094748155,0.2522233509478987
103.5,0.5561790767104962,0.5561790768080159,-25.43814580385359,-25.438145803819644,0.007086723212778747,0.007086723214757635,0.24722709939462956,0.247227099395048
103.75,0.5579326196205585,0.5579326197185741,-25.376962222982495,-25.37696222294843,0.0069411503089532225,0.006941150310937199,0.24224156129888372,0.24224156129930344
104.0,0.5596500869772292,0.5596500870757419,-25.317027433901554,-25.317027433867366,0.006798116964184693,0.006798116966173759,0.2372367648339631,0.2372367648343841
104.25,0.5613322808949636,0.5613322809939746,-25.258342865197974,-25.25834286516367,0.006658963529993411,0.006658963531987567,0.23223979791418187,0.23223979791460414
104.5,0.5629793259957192,0.5629793260952298,-25.20090837273763,-25.200908372703203,0.00651692579333081,0.006516925795330058,0.22723615516003184,0.22723615516045537
104.75,0.5645913943706841,0.5645913944706956,-25.144724306209344,-25.144724306174798,0.006379150083658795,0.0063791500856631355,0.2222363900558687,0.2222363900562935
105.0,0.566166528562256,0.5661665286627697,-25.089790887994468,-25.0897908879598,0.006221451787177059,0.0062214517891864924,0.21723097053108664,0.21723097053151272
105.25,0.5677009736867974,0.5677009737878146,-25.036106340673314,-25.036106340638526,0.006053639414528242,0.0060536394165427694,0.21224542385963602,0.21224542386006337
105.5,0.5691948308303716,0.5691948309318935,-24.983670463247314,-24.983670463212405,0.005896746210738148,0.00589674621275777,0.20724161034040084,0.20724161034082947
105.75,0.5706488781986216,0.5706488783006496,-24.93248456530718,-24.93248456527215,0.005735161940161524,0.005735161942186724,0.20224558841496915,0.20224558841539908
106.0,0.5720607027185844,0.5720607028211198,-24.882549073983622,-24.88254907394847,0.005558962361017424,0.005558962363047721,0.19723835878575244,0.19723835878618368
106.25,0.5734305492541201,0.573430549357164,-24.833863280034045,-24.833863279998774,0.005399339649361334,0.005399339651396729,0.19224800786023755,0.1922480078606701
106.5,0.5747595441128441,0.574759544216398,-24.786425147611098,-24.786425147575706,0.005232148884397754,0.005232148886438246,0.18725706728622923,0.18725706728666308
106.75,0.5760455434307183,0.5760455435347834,-24.740235517918485,-24.74023551788297,0.00505537473682103,0.005055374738866622,0.18225998692109607,0.1822599869215312
107.0,0.5772871509280018,0.5772871510325793,-24.695293737248253,-24.695293737212612,0.00487701538441682,0.004877015386467512,0.1772742752566446,0.17727427525708103
107.25,0.5784819121325472,0.5784819122376386,-24.651600635171917,-24.651600635136152,0.004680602690021799,0.004680602692077592,0.17227055987200288,0.1722705598724406
107.5,0.5796275301297592,0.5796275302353657,-24.609156475279676,-24.609156475243786,0.004483871216319271,0.004483871218380648,0.16728273781394015,0.1672827378143792
107.75,0.580725393965622,0.580725394071745,-24.567958622275388,-24.567958622239374,0.00429856988070934,0.00429856988277582,0.16230010369073405,0.16230010369117442
108.0,0.5817767039842963,0.581776704090937,-24.52800714228625,-24.52800714225011,0.004111440132483945,0.004111440134555528,0.1573117538651363,0.15731175386557797
108.25,0.5827816187013124,0.5827816188084721,-24.489304342809568,-24.489304342773305,0.003927406258440639,0.003927406260517328,0.15231065929917356,0.15231065929961654
108.5,0.5837394386076626,0.5837394387153426,-24.451849494056123,-24.451849494019733,0.003734683391747969,0.0037346833938297617,0.14732814889846926,0.14732814889891357
108.75,0.584648619520517,0.5846486196287186,-24.415640180334606,-24.415640180298087,0.0035382943725435906,0.00353829437463097,0.1423463793894061,0.14234637938985173
109.0,0.5855081927342455,0.58550819284297,-24.380678550150968,-24.38067855011432,0.003337820100457298,0.0033378201025497834,0.13734668098058608,0.137346680981033
109.25,0.5863176159942927,0.5863176161035414,-24.346964748100042,-24.346964748063268,0.003137096316322839,0.0031370963184209127,0.13236375435122685,0.1323637543516751
109.5,0.58707588701711,0.5870758871268845,-24.314498240817205,-24.314498240780303,0.002928601015537049,0.002928601017641194,0.12736832356859562,0.1273683235690452
109.75,0.587780754814221,0.5877807549245226,-24.283280768524403,-24.283280768487373,0.0027098703684961924,0.0027098703706054457,0.12237147539592988,0.12237147539638074
110.0,0.5884308196352651,0.5884308197460952,-24.2533106146253,-24.25331061458814,0.00249017862651754,0.0024901786286319026,0.11738977650962074,0.11738977651007289
110.25,0.5890240820139632,0.589024082125323,-24.224587644016204,-24.224587643978918,0.0022554494943832193,0.002255449496502692,0.1123940104935918,0.11239401049404524
110.5,0.5895594538547393,0.58955945396663,-24.19711192521401,-24.197111925176596,0.002027055588268067,0.002027055590392651,0.1074117614571256,0.10741176145758033
110.75,0.5900370473819724,0.5900370474943952,-24.170883766264428,-24.170883766226886,0.0017932214701697731,0.0017932214722994682,0.10241353218560624,0.10241353218606226
111.0,0.5904545509876519,0.5904545511006082,-24.145904117884456,-24.145904117846786,0.0015463369958461663,0.0015463369979809736,0.09742367813062111,0.09742367813107844
111.25,0.5908131100198347,0.5908131101333258,-24.122171328101746,-24.122171328063946,0.001321665328823684,0.0013216653309636045,0.09243866131328934,0.09243866131374796
111.5,0.5911148624342262,0.5911148625482533,-24.099685283005652,-24.09968528296772,0.0010918836745282233,0.0010918836766732577,0.08744972111947232,0.08744972111993224
111.75,0.5913576148449311,0.5913576149594956,-24.078446269020617,-24.078446268982553,0.0008496654438218407,0.0008496654459724711,0.082462413597346,0.08246241359780723
112.0,0.5915394380138042,0.5915394381289074,-24.058453297773195,-24.058453297735,0.0006044503215877901,0.000604450323743536,0.07748137950112047,0.077481379501583
112.25,0.591662016554492,0.5916620166701353,-24.03970597426732,-24.039705974228994,0.00037570811515042434,0.0003757081173112862,0.07249723011187421,0.07249723011233805
112.5,0.5917269678988564,0.5917269680150409,-24.022206709552947,-24.02220670951449,0.00014343121714803763,0.0001434312193140163,0.06749690950237626,0.06749690950284142
112.75,0.5917308901037592,0.5917308902204863,-24.00595660361229,-24.0059566035737,-0.00011252431515034023,-0.0001125243129792437,0.06250396215456407,0.06250396215503054
113.0,0.5916728382897544,0.5916728384070254,-23.99095316695263,-23.99095316691391,-0.000352359761851044,-0.0003523597596738655,0.05752355373459241,0.05752355373506018
113.25,0.5915525479601637,0.5915525480779802,-23.97719474152182,-23.977194741482972,-0.0006104323810897862,-0.0006104323789074876,0.05254387404315108,0.05254387404362013
113.5,0.5913672020125292,0.5913672021308924,-23.96468168954008,-23.9646816895011,-0.0008728050586400913,-0.0008728050564526717,0.0475605665474726,0.04756056654794295
113.75,0.5911177038691453,0.5911177039880565,-23.953416287746382,-23.95341628770727,-0.001123651332676427,-0.0011236513304838849,0.0425626714520939,0.04256267145256556
114.0,0.5908032897187618,0.5908032898382223,-23.943398962871065,-23.94339896283182,-0.0013921320712953621,-0.0013921320690976967,0.03757595286301954,0.0375759528634925
114.25,0.5904227823233169,0.5904227824433278,-23.934628852028375,-23.934628851988997,-0.001652397706872606,-0.0016523977046698163,0.03258495841655203,0.032584958417026307
114.5,0.5899765643022,0.5899765644227627,-23.927106187159872,-23.927106187120362,-0.0019178168588749895,-0.0019178168566670749,0.027596385555387973,0.027596385555863544
114.75,0.5894647841556895,0.5894647842768052,-23.920831070530955,-23.920831070491314,-0.0021768950260552837,-0.0021768950238422423,0.02260457190202923,0.022604571902506098
115.0,0.5888849641789901,0.5888849643006601,-23.915805292033344,-23.915805291993568,-0.002462136555454468,-0.002462136553236299,0.017601682971651694,0.017601682972129863
115.25,0.5882407312448429,0.5882407313670684,-23.91202851582863,-23.91202851578872,-0.0026921973991783942,-0.0026921973969550963,0.012612548356370774,0.01261254835685024
115.5,0.5875373625257246,0.5875373626485071,-23.909498245794065,-23.90949824575402,-0.0029352222581556465,-0.0029352222559272194,0.00762963483273785,0.007629634833218613
115.75,0.5867739555376298,0.5867739556609705,-23.908213897296626,-23.908213897256445,-0.0031725037063347664,-0.0031725037041012093,0.002645175517849533,0.0026451755183315934
116.0,0.5859514390594694,0.5859514391833697,-23.908175582098906,-23.90817558205859,-0.003408098126658378,-0.0034080981244196894,-0.0023386317240674847,-0.002338631723584124
116.25,0.5850706342208039,0.5850706343452649,-23.909330948001106,-23.909330947960655,-0.0036387711748531804,-0.00363877117260936,-0.00690427374550322,-0.006904273745018553
116.5,0.5841317953274461,0.5841317954524691,-23.911626900875564,-23.911626900834978,-0.003872369952309937,-0.0038723699500609835,-0.01146332722627725,-0.01146332722579127
116.75,0.5831341933060038,0.5831341934315901,-23.91506272256283,-23.91506272252211,-0.004108876288433566,-0.004108876286179477,-0.0160232239738471,-0.0160232239733598
117.0,0.582075378435211,0.5820753785613619,-23.919640700272613,-23.919640700231756,-0.004362074402397019,-0.004362074400137793,-0.020600573832703726,-0.0206005738322151
117.25,0.5809564880824211,0.5809564882091379,-23.925315376233304,-23.925315376192312,-0.004589444222639202,-0.004589444220374839,-0.0247968124162258,-0.024796812415735843
117.5,0.5797794371317334,0.5797794372590175,-23.932038609921577,-23.932038609880447,-0.00482735881622095,-0.004827358813951448,-0.028989034659172137,-0.02898903465868085
117.75,0.5785420317134101,0.5785420318412627,-23.9398117079056,-23.939811707864333,-0.005072281337546211,-0.00507228133527157,-0.03319572612152368,-0.03319572612103104
118.0,0.5772439833738612,0.5772439835022836,-23.94863469142941,-23.948634691388005,-0.005312500847690212,-0.00531250084541043,-0.03738811942085928,-0.03738811942036529
118.25,0.5758862111277187,0.575886211256712,-23.958458699361042,-23.9584586993195,-0.005550037094633898,-0.0055500370923489755,-0.041203921637089636,-0.041203921636594296
118.5,0.5744690896583582,0.5744690897879239,-23.96923704811616,-23.96923704807448,-0.005787294937289408,-0.005787294934999344,-0.04502284603498421,-0.045022846034487515
118.75,0.5729927261319173,0.5729927262620566,-23.980968192100672,-23.980968192058853,-0.00602397210064195,-0.006023972098346744,-0.04882628352700567,-0.04882628352650763
119.0,0.5714572286545053,0.5714572287852194,-23.99365276927103,-23.993652769229072,-0.006260368495805619,-0.006260368493505269,-0.05265031154821342,-0.05265031154771401
119.25,0.5698668768895627,0.5698668770208529,-24.00724522845502,-24.007245228412923,-0.006462770111957945,-0.00646277010965245,-0.056089342841104686,-0.05608934284060392
119.5,0.5682260484691135,0.5682260486009812,-24.021698553953428,-24.021698553911193,-0.006664182584015706,-0.006664182581705065,-0.0595372421568235,-0.05953724215632137
119.75,0.5665320921131634,0.5665320922456099,-24.03701265069208,-24.037012650649704,-0.006887792696467933,-0.006887792694152145,-0.06297551067024507,-0.06297551066974154
120.0,0.5647843016003979,0.5647843017334244,-24.053187396723168,-24.053187396680652,-0.007094856663514675,-0.007094856661193739,-0.066422438056292,-0.06642243805578707
120.25,0.5629898224914627,0.5629898226250705,-24.07018478675908,-24.07018478671642,-0.007261271991869927,-0.007261271989543842,-0.06955666654121002,-0.0695566665407037
120.5,0.5611515409646796,0.56115154109887,-24.087967521327137,-24.087967521284337,-0.007445277361293811,-0.007445277358962577,-0.07270519265506512,-0.07270519265455738
120.75,0.5592661177911461,0.5592661179259204,-24.106537158076783,-24.10653715803384,-0.007638405000350432,-0.007638404998014047,-0.07585188313385931,-0.07585188313335016
121.0,0.5573336964848171,0.5573336966201765,-24.125893350228615,-24.12589335018553,-0.007821262342858184,-0.007821262340516642,-0.07899763684085732,-0.07899763684034677
121.25,0.5553527970539872,0.5553527971899331,-24.145992834299964,-24.145992834256738,-0.008026197460904072,-0.008026197458557373,-0.08179821640848785,-0.08179821640797588
121.5,0.5533216086476848,0.5533216087842185,-24.166792665854977,-24.16679266581161,-0.008223574307555579,-0.008223574305202758,-0.08460041742275388,-0.0846004174222405
121.75,0.5512393387910165,0.5512393389281397,-24.188292318915426,-24.188292318871913,-0.008434848522225412,-0.00843484851986647,-0.08739678714171549,-0.08739678714120068
122.0,0.5491036381911341,0.5491036383288482,-24.210490394000207,-24.210490393956547,-0.00865101975612375,-0.008651019753759166,-0.09018779315572094,-0.09018779315520471
122.25,0.546922843982802,0.5469228441211085,-24.2333521284484,-24.233352128404597,-0.008795571683867135,-0.008795571681496908,-0.09270606880133168,-0.09270606880081403
122.5,0.5447039159693328,0.544703916108233,-24.256841096031074,-24.256841095987127,-0.008956088441432754,-0.008956088439056884,-0.09520565672640625,-0.09520565672588716
122.75,0.5424438972799831,0.5424438974194784,-24.280957549076348,-24.280957549032255,-0.00912429904976437,-0.009124299047382857,-0.09772595177672894,-0.09772595177620841
123.0,0.540142162161239,0.5401421623013308,-24.305701747395954,-24.305701747351716,-0.009289818127037252,-0.009289818124650094,-0.1002276191748307,-0.10022761917430872
123.25,0.5377978533124587,0.5377978534531483,-24.331036888271942,-24.33103688822756,-0.009464862894736754,-0.009464862892344432,-0.10245349132968976,-0.10245349132916635
123.5,0.535408854290093,0.5354088544313819,-24.35692801911622,-24.35692801907169,-0.00964733916222233,-0.009647339159824842,-0.10467553822050965,-0.1046755382199848
123.75,0.5329766080274444,0.5329766081693338,-24.38337297615748,-24.383372976112806,-0.009810839552789183,-0.009810839550386046,-0.10688410269460062,-0.10688410269407432
124.0,0.5305011255349441,0.5305011256774353,-24.41037001456064,-24.41037001451582,-0.00999322896271431,-0.009993228960306006,-0.10909218733484355,-0.1090921873343158
124.25,0.5279858015151356,0.52798580165823,-24.437888290523432,-24.437888290478465,-0.010129548559679614,-0.010129548557266142,-0.11105400751514773,-0.11105400751461854
124.5,0.5254372740800588,0.5254372742237577,-24.465897472271127,-24.465897472226015,-0.010258856630203383,-0.010258856627783778,-0.11301943427512678,-0.11301943427459615
124.75,0.5228555284164645,0.5228555285607694,-24.494396933964467,-24.494396933919205,-0.010395293580941727,-0.010395293578516953,-0.11497624640817532,-0.11497624640764322
125.0,0.5202403257236307,0.5202403258685429,-24.52338497185895,-24.52338497181354,-0.010526512396734647,-0.010526512394304702,-0.11692804437624368,-0.11692804437571012
125.25,0.5175926386147917,0.5175926387603125,-24.55282638415133,-24.552826384105778,-0.010655142836130605,-0.010655142833695487,-0.11860324183540763,-0.1186032418348726
125.5,0.5149136682612256,0.5149136684073564,-24.5826871857161,-24.582687185670398,-0.010776778804552327,-0.010776778802112036,-0.12028315921478051,-0.12028315921424401
125.75,0.5122033753564054,0.5122033755031473,-24.612969406631326,-24.612969406585478,-0.010905724337227692,-0.010905724334782227,-0.1219745959499212,-0.12197459594938323
126.0,0.5094623606819562,0.5094623608293105,-24.643674708936043,-24.643674708890046,-0.01102255313420423,-0.01102255313175359,-0.12366781147307271,-0.12366781147253327
126.25,0.5066933777377267,0.5066933778856949,-24.67477448870365,-24.674774488657505,-0.011129448757866632,-0.011129448755410814,-0.12513041658956414,-0.12513041658902319
126.5,0.503895802912229,0.5038958030608123,-24.706239286852504,-24.70623928680621,-0.0112512877114325,-0.011251287708971021,-0.12658795711416873,-0.12658795711362625
126.75,0.5010699211330797,0.5010699212822795,-24.73806902241712,-24.738069022370674,-0.011355904808319038,-0.01135590480585238,-0.12804991753932043,-0.1280499175387764
127.0,0.4982168914437945,0.4982168915936118,-24.770263777321976,-24.77026377727538,-0.011468470641720418,-0.011468470639248579,-0.12950811108672325,-0.12950811108617766
127.25,0.49533737314649107,0.49533737329692723,-24.802796996073845,-24.802796996027098,-0.011567794002701566,-0.011567794000224547,-0.13075762956389725,-0.13075762956335013
127.5,0.492431190196784,0.49243119034784033,-24.83564281674515,-24.83564281669825,-0.011681788032753866,-0.011681788030271183,-0.13200892505906184,-0.13200892505851317
127.75,0.48949695832937573,0.48949695848105357,-24.86880098997237,-24.86880098992532,-0.011792184993341897,-0.011792184990854031,-0.13325645035035003,-0.1332564503497998
128.0,0.48653523523683284,0.4865352353891335,-24.902270784420537,-24.902270784373332,-0.011901717642056548,-0.011901717639563499,-0.1345018949081176,-0.1345018949075658
128.25,0.48354916444818985,0.48354916460111463,-24.936029292141505,-24.936029292094148,-0.011986949484226525,-0.011986949481728291,-0.13556615882386056,-0.13556615882330722
128.5,0.48054164639544894,0.4805416465489992,-24.970051203111343,-24.970051203063832,-0.012073293749911939,-0.012073293747408035,-0.1366091207941837,-0.1366091207936288
128.75,0.47751244036679347,0.4775124405209706,-25.004335337786607,-25.004335337738944,-0.012160454413710742,-0.012160454411201652,-0.13766394839031532,-0.13766394838975887
129.0,0.47446335947479534,0.47446335962960073,-25.03888464626542,-25.038884646217603,-0.012232293766373864,-0.012232293763858622,-0.1387305126670817,-0.1387305126665237
129.25,0.47139349915094675,0.4713934993063818,-25.07367519509955,-25.07367519505158,-0.012326670713291445,-0.012326670710771015,-0.1395938691080065,-0.13959386910744692
129.5,0.46830175200167473,0.4683017521577408,-25.108681346265556,-25.108681346217434,-0.012407388194795645,-0.012407388192270025,-0.1404553326098886,-0.14045533260932747
129.75,0.46518936132215644,0.4651893614788548,-25.14390229694351,-25.14390229689523,-0.01249181853135507,-0.012491818528823776,-0.14131226485353904,-0.14131226485297632
130.0,0.46205457782345466,0.4620545779807867,-25.17933639074375,-25.179336390695315,-0.012586529929674501,-0.012586529927138016,-0.14216047661888764,-0.14216047661832334
130.25,0.458897146198428,0.45889714635639506,-25.214961365694748,-25.214961365646158,-0.012672987576945672,-0.012672987574403993,-0.14283931483776838,-0.1428393148372025
130.5,0.45572070388918884,0.45572070404779236,-25.250757941186883,-25.250757941138136,-0.012738616832867047,-0.01273861683031921,-0.14353328291169654,-0.14353328291112907
130.75,0.4525268292243941,0.4525268293836354,-25.286727786506862,-25.28672778645796,-0.012812446256520796,-0.012812446253967762,-0.1442254726873908,-0.14422547268682176
131.0,0.449313749674357,0.4493137498342375,-25.322870415113467,-25.322870415064408,-0.012892255718585578,-0.012892255716027347,-0.14491554864091277,-0.14491554864034215
131.25,0.446082452930246,0.44608245309076694,-25.359163949436386,-25.35916394938717,-0.012958167510460064,-0.012958167507896634,-0.14543271972817964,-0.14543271972760743
131.5,0.44283588465579093,0.44283588481695363,-25.39558741205134,-25.39558741200197,-0.01301442844320498,-0.01301442844063635,-0.14595497588708792,-0.1459549758865141
131.75,0.43957600229031857,0.43957600245212447,-25.432139892618743,-25.432139892569214,-0.013064679074654304,-0.013064679072079031,-0.14646486391441876,-0.14646486391384334
132.0,0.43630211367158883,0.43630211383403944,-25.46882207687321,-25.46882207682352,-0.013126480154634456,-0.01312648015205398,-0.14699260429460642,-0.1469926042940294
132.25,0.4330134243687665,0.4330134245318631,-25.50561733747928,-25.50561733742943,-0.013183070325707334,-0.013183070323121656,-0.14736947521853455,-0.14736947521795593
132.5,0.4297078379882044,0.42970783815194824,-25.542506443165557,-25.542506443115553,-0.013261656497990812,-0.01326165649539993,-0.14774336286249554,-0.1477433628619153
132.75,0.42638369245469976,0.42638369261909226,-25.57949004983422,-25.579490049784056,-0.013331544328465315,-0.013331544325868746,-0.14812548389768176,-0.14812548389709992
133.0,0.4230416705800461,0.4230416707450887,-25.616566957314518,-25.616566957264194,-0.013404665548466158,-0.0134046655458639,-0.14848976905073175,-0.1484897690501483
133.25,0.4196868448637473,0.4196868450294413,-25.65371492981193,-25.653714929761446,-0.01343395997444608,-0.013433959971838615,-0.14869400816659653,-0.14869400816601147
133.5,0.4163259014087075,0.4163259015750543,-25.690914557686963,-25.69091455763632,-0.013453607908685333,-0.01345360790607266,-0.14890301298119155,-0.14890301298060485
133.75,0.4129601315974836,0.41296013176448443,-25.728165169392614,-25.72816516934181,-0.013472569868788236,-0.013472569866170354,-0.14910187887623116,-0.14910187887564283
134.0,0.4095897182110375,0.4095897183786937,-25.765467984522235,-25.76546798447127,-0.013490758386981315,-0.013490758384358224,-0.14932064044586507,-0.1493206404452751
134.25,0.40621466890325514,0.40621466907156795,-25.802807898577253,-25.80280789852613,-0.013509643971947686,-0.013509643969319383,-0.14939867021367736,-0.14939867021308575
134.5,0.4028341118868874,0.4028341120558582,-25.84016799746897,-25.840167997417684,-0.0135348205674107,-0.013534820564777185,-0.14948211854634438,-0.14948211854575114
134.75,0.3994490505794804,0.39944905074911047,-25.87754869291106,-25.877548692859612,-0.013545678100833047,-0.013545678098193837,-0.1495634439666606,-0.14956344396606572
135.0,0.3960596468177054,0.3960596469879963,-25.91495070372853,-25.91495070367692,-0.013569560945125533,-0.013569560942480146,-0.1496526403213446,-0.14965264032074807
135.25,0.3926678496338165,0.39266784980476965,-25.952360332422053,-25.95236033237028,-0.013564814405158348,-0.013564814402507744,-0.14962438967428907,-0.1496243896736909
135.5,0.3892754535814964,0.38927545375311307,-25.98976210672111,-25.989762106669172,-0.013574351295384363,-0.013574351292728543,-0.14958980381897022,-0.1495898038183704
135.75,0.38588034205472777,0.3858803422270093,-26.027155533406802,-26.027155533354698,-0.013586538426563667,-0.013586538423902629,-0.1495576085174934,-0.1495576085168919
136.0,0.3824847415540711,0.3824847417270188,-26.064540753450732,-26.06454075339846,-0.013578262967716713,-0.013578262965049975,-0.14952415261409896,-0.14952415261349583
136.25,0.37908986670419015,0.37908986687780544,-26.101902768238936,-26.1019027681865,-0.013580722026193301,-0.013580722023521341,-0.14937196545962322,-0.14937196545901843
136.5,0.3756923689149244,0.3756923690892086,-26.139224639860664,-26.13922463980806,-0.013599244901890638,-0.013599244899213455,-0.14920300576779522,-0.14920300576718876
136.75,0.3722928598609641,0.3722928600359186,-26.176504050714488,-26.176504050661716,-0.013596811977686921,-0.01359681197500355,-0.14903228129210344,-0.14903228129149532
137.0,0.36889256294752343,0.3688925631231496,-26.21374150665163,-26.21374150659869,-0.0136055483254947,-0.013605548322806105,-0.1488673653812941,-0.14886736538068432
137.25,0.365492462751678,0.3654924629279772,-26.250925836381324,-26.250925836328218,-0.0135952292636431,-0.013595229260949282,-0.14860727342907568,-0.14860727342846422
137.5,0.36209565132714644,0.36209565150412,-26.288048133148088,-26.28804813309481,-0.01357924040971785,-0.013579240407018803,-0.14837110221240374,-0.14837110221179062
137.75,0.3587017172679808,0.35870171744562995,-26.325110266538534,-26.325110266485087,-0.013572209494990677,-0.013572209492286404,-0.14812596557397148,-0.14812596557335667
138.0,0.35531152342135375,0.35531152359968,-26.362112301827892,-26.362112301774278,-0.013549319603529527,-0.013549319600819064,-0.147890318898905,-0.1478903188982885
138.25,0.3519218319226959,0.35192183210170075,-26.39904635163217,-26.399046351578388,-0.013568183866910263,-0.013568183864193607,-0.1475820777567208,-0.1475820777561026
138.5,0.34852875649512693,0.34852875667481187,-26.435901755147913,-26.435901755093962,-0.013576389839220358,-0.013576389836498469,-0.14726114959550035,-0.14726114959488046
138.75,0.34513319203872483,0.3451331922190911,-26.472676074583273,-26.47267607452915,-0.013588095455296094,-0.013588095452568973,-0.1469334047837075,-0.14693340478308595
139.0,0.3417334863590696,0.34173348654011854,-26.509369672427574,-26.509369672373282,-0.013609520541935954,-0.0136095205392036,-0.14661537595067783,-0.14661537595005458
139.25,0.338330946929144,0.3383309471108769,-26.545969973784448,-26.545969973729985,-0.013610755057604822,-0.013610755054867233,-0.14618703478786996,-0.146187034787245
139.5,0.3349277562757542,0.3349277564581724,-26.582465810831387,-26.582465810776753,-0.013614732306589567,-0.013614732303846742,-0.14577966121261074,-0.1457796612119841
139.75,0.3315249638997207,0.33152496408282556,-26.618859727218602,-26.618859727163798,-0.013607568780512419,-0.013607568777763876,-0.145371670560436,-0.14537167055980768
140.0,0.32812461206425547,0.32812461224804834,-26.655149677633144,-26.65514967757817,-0.013595206497112409,-0.013595206494358627,-0.1449479339213639,-0.14494793392073388
140.25,0.324730531351082,0.3247305315355642,-26.691327859409135,-26.69132785935399,-0.01355739540077824,-0.013557395398019218,-0.14447752385135604,-0.14447752385072432
140.5,0.32134581553177133,0.32134581571694415,-26.72738711846618,-26.727387118410864,-0.01352028634895071,-0.013520286346186447,-0.14399655210360304,-0.14399655210296963
140.75,0.31797027106228987,0.31797027124815463,-26.763326793847362,-26.763326793791872,-0.013484025097913624,-0.013484025095144118,-0.14352085436453219,-0.14352085436389705
141.0,0.31460131114389495,0.31460131133045294,-26.799148636462647,-26.799148636406986,-0.013467610762413904,-0.013467610759639157,-0.14305388810524713,-0.14305388810461028
141.25,0.31123765185669033,0.3112376520439429,-26.834842810531566,-26.834842810475735,-0.013441611806013403,-0.01344161180323341,-0.1424995068972535,-0.14249950689661492
141.5,0.3078823286065947,0.30788232879454314,-26.870400070469874,-26.87040007041387,-0.01340092373235301,-0.013400923729567771,-0.1419585764452355,-0.1419585764445952
141.75,0.30453493123810654,0.30453493142675214,-26.905820238816975,-26.905820238760796,-0.013378203349601818,-0.013378203346811333,-0.14140277247361105,-0.14140277247296903
142.0,0.3011940888060724,0.30119408899541655,-26.941104028516207,-26.941104028459854,-0.013348486179910985,-0.013348486177115253,-0.14086754792195097,-0.1408675479213072
142.25,0.2978610832850209,0.2978610834750649,-26.97624346085485,-26.976243460798322,-0.013315500102315062,-0.01331550009951408,-0.1402479138970704,-0.1402479138964249
142.5,0.2945358395901616,0.2945358397809067,-27.01122814762265,-27.011228147565948,-0.013286391691990472,-0.013286391689184239,-0.13962958298962796,-0.13962958298898073
142.75,0.2912177747075407,0.29121777489898837,-27.04605949503419,-27.046059494977314,-0.013258070541057902,-0.013258070538244973,-0.1390211989727798,-0.13902119897213086
143.0,0.28790883041079696,0.28790883060294875,-27.080737486366214,-27.08073748630916,-0.01321342605325391,-0.013213426050435729,-0.13840273589245866,-0.13840273589180796
143.25,0.2846122963585006,0.28461229655135784,-27.11525061742753,-27.115250617370304,-0.013158780856724292,-0.013158780853900856,-0.13770231775001038,-0.13770231774935793
143.5,0.28132854253007356,0.2813285427236375,-27.149587462821593,-27.149587462764188,-0.013111183369330435,-0.013111183366501742,-0.13699244988993073,-0.13699244988927653
143.75,0.27805890049520887,0.27805890068948097,-27.18374741481363,-27.18374741475605,-0.013045886938731557,-0.013045886935896646,-0.1362871722025059,-0.13628717220184997
144.0,0.2748050630726179,0.2748050632675996,-27.21773093877407,-27.217730938716308,-0.012984746386656684,-0.012984746383816515,-0.13558102524531165,-0.13558102524465396
144.25,0.2715644703652601,0.27156447056095284,-27.25153797964123,-27.251537979583286,-0.01293992925506452,-0.012939929252218128,-0.13487530591728414,-0.1348753059166247
144.5,0.2683354951158043,0.2683354953122095,-27.28516692131144,-27.285166921253317,-0.012891805462502032,-0.012891805459650381,-0.1341562319814728,-0.1341562319808116
144.75,0.2651157706549812,0.26511577085210036,-27.318616058228585,-27.318616058170285,-0.012865922916969393,-0.012865922914111518,-0.13343686579585734,-0.13343686579519437
145.0,0.26190233248034556,0.26190233267818,-27.351887324189338,-27.35188732413086,-0.012841516658290369,-0.012841516655427232,-0.13273326419115397,-0.13273326419048923
145.25,0.258697449380588,0.25869744957913915,-27.38497498030755,-27.38497498024889,-0.01279747650194727,-0.012797476499078388,-0.1319679889066141,-0.13196798890594758
145.5,0.25550452901655146,0.25550452921582084,-27.417870378268248,-27.417870378209408,-0.012745814062186377,-0.012745814059311267,-0.1311951996496798,-0.1311951996490115
145.75,0.2523256605072045,0.2523256607071936,-27.450573393327918,-27.450573393268897,-0.012685062276529914,-0.012685062273649537,-0.1304289265553394,-0.1304289265546693
146.0,0.2491604542657096,0.2491604544664196,-27.483084382767125,-27.483084382707922,-0.012636515572124966,-0.01263651556923884,-0.12965899353527555,-0.1296589935346037
146.25,0.24600837641292841,0.2460083766143609,-27.515399346680756,-27.515399346621372,-0.01258003249305236,-0.01258003249015952,-0.12886072309898042,-0.1288607230983068
146.5,0.24287171209503366,0.2428717122971902,-27.54751666240122,-27.547516662341657,-0.012513208738367965,-0.012513208735469374,-0.12807780896488138,-0.12807780896420595
146.75,0.23975159691358955,0.23975159711647157,-27.57943721876964,-27.57943721870989,-0.01244763862129949,-0.012447638618395146,-0.1272866481643976,-0.12728664816372037
147.0,0.23664869036166752,0.23664869056527646,-27.611159026245268,-27.611159026185337,-0.012375538976407335,-0.012375538973497238,-0.12648781843816426,-0.12648781843748522
147.25,0.23356317981083397,0.23356318001517132,-27.642674028067557,-27.64267402800744,-0.012308465255969589,-0.012308465253053255,-0.12563220246383117,-0.12563220246315035
147.5,0.23049691114132756,0.23049691134639483,-27.673976776789583,-27.673976776729283,-0.0122216051680645,-0.01222160516514241,-0.12478979550153319,-0.12478979550085063
147.75,0.2274527206082678,0.22745272081406642,-27.705067839342014,-27.70506783928153,-0.012131839342965356,-0.012131839340037509,-0.12393871338102612,-0.1239387133803418
148.0,0.22442883591216256,0.2244288361186939,-27.73594612823831,-27.73594612817764,-0.01205915846666991,-0.012059158463736785,-0.12308760464167857,-0.12308760464099251
148.25,0.22142369980072002,0.22142370000798542,-27.766609947940047,-27.766609947879193,-0.011981849386516252,-0.01198184938357785,-0.12222296026090819,-0.12222296026022036
148.5,0.2184370253795504,0.2184370255875513,-27.797058654448954,-27.797058654387914,-0.011911465731845905,-0.011911465728901258,-0.12136669844610155,-0.12136669844541198
148.75,0.2154695825100255,0.21546958271876332,-27.82729216145204,-27.827292161390815,-0.011827996115045402,-0.011827996112095476,-0.12050136544809696,-0.12050136544740563
149.0,0.21252072218148937,0.21252072239096545,-27.857311322923554,-27.857311322862145,-0.011762806900025197,-0.011762806897069988,-0.11965193247004399,-0.1196519324693509
149.25,0.20958508791888233,0.20958508812909812,-27.8871135781257,-27.887113578064103,-0.011722184154955852,-0.011722184151994396,-0.11876611297699682,-0.11876611297630195
149.5,0.20666084928671333,0.20666084949767038,-27.91669555288105,-27.916695552819263,-0.011671642740590658,-0.011671642737622953,-0.11788968983079484,-0.1178896898300982
149.75,0.20374843346615615,0.20374843367785603,-27.946057264096485,-27.94605726403451,-0.011627600786882904,-0.011627600783908952,-0.11700400404493654,-0.11700400404423812
150.0,0.2008472451657845,0.20084724537822876,-27.975197905485345,-27.97519790542318,-0.011581822842532855,-0.01158182283955265,-0.11612113138184384,-0.11612113138114365
150.25,0.19796100688413945,0.19796100709732953,-28.004116992149772,-28.00411699208742,-0.011508000003957993,-0.011508000000972499,-0.11523156889356706,-0.11523156889286508
150.5,0.19509292206893064,0.19509292228286798,-28.032814734241235,-28.03281473417869,-0.011436595897093631,-0.011436595894101885,-0.11435037457009321,-0.11435037456938946
150.75,0.19224299762077016,0.1922429978354562,-28.061292195317744,-28.06129219525501,-0.011362717077936985,-0.011362717074939948,-0.11346932100726005,-0.1134693210065545
151.0,0.18941134050478017,0.18941134072021626,-28.08955055988063,-28.08955055981771,-0.011290458116903067,-0.011290458113900738,-0.11259760230840535,-0.11259760230769801
151.25,0.1865972870634653,0.18659728727965275,-28.117589745940965,-28.11758974587785,-0.01122188673576542,-0.011221886732757798,-0.11171589263913671,-0.11171589263842759
151.5,0.18380052200563574,0.18380052222257587,-28.14540853817507,-28.145408538111763,-0.011152151071600716,-0.0111521510685878,-0.11083445180835172,-0.1108344518076408
151.75,0.1810215873644515,0.18102158758214565,-28.17300418009558,-28.173004180032084,-0.01107924129535661,-0.011079241292338398,-0.109930690429668,-0.10993069042895527
152.0,0.17826193427248266,0.17826193449093225,-28.20037364696535,-28.20037364690166,-0.010997898497841952,-0.01099789849481748,-0.10902505219746436,-0.10902505219674984
152.25,0.17552271276949008,0.17552271298869665,-28.22751543284817,-28.227515432784287,-0.010915787621316068,-0.010915787618285815,-0.10810924260649428,-0.10810924260577795
152.5,0.17280452342442856,0.17280452364439353,-28.254429054634112,-28.254429054570036,-0.010829641825636041,-0.010829641822600006,-0.10719973980285899,-0.10719973980214084
152.75,0.17010719165543334,0.17010719187615808,-28.281115934449023,-28.28111593438475,-0.01074892748738765,-0.010748927484346313,-0.10629530632615071,-0.10629530632543076
153.0,0.16742988973803813,0.167429889959524,-28.307577447982887,-28.30757744791842,-0.010669403569336471,-0.010669403566289834,-0.10539680944225302,-0.10539680944153125
153.25,0.16477192195092336,0.16477192217317163,-28.333812177666914,-28.33381217760225,-0.010594252813124002,-0.010594252810072062,-0.10448103511517072,-0.10448103511444712
153.5,0.16213202181355146,0.16213202203656357,-28.359815972275122,-28.359815972210264,-0.010524860866378221,-0.010524860863320494,-0.10354932829275515,-0.10354932829202973
153.75,0.15950958810280805,0.15950958832658538,-28.38558899444666,-28.385588994381607,-0.010454523022155413,-0.010454523019092379,-0.10263485571097644,-0.10263485571024919
154.0,0.15690602127968226,0.1569060215042261,-28.411132892433226,-28.411132892367977,-0.010373925380832451,-0.010373925377764109,-0.10171633578029537,-0.10171633577956629
154.25,0.15432306063292958,0.15432306085824135,-28.436448552709958,-28.436448552644514,-0.010289674658020153,-0.01028967465494602,-0.10080895437671472,-0.10080895437598379
154.5,0.15176122380190826,0.15176122402798933,-28.461535902898127,-28.461535902832484,-0.010204933746836143,-0.0102049337437567,-0.09988985511798701,-0.09988985511725423
154.75,0.1492204177658357,0.1492204179926874,-28.48639508036333,-28.486395080297488,-0.010121429503423185,-0.01012142950033843,-0.09898357247639115,-0.09898357247565655
155.0,0.1467000086172121,0.14670000884483583,-28.511027439112876,-28.511027439046835,-0.010041758456852503,-0.010041758453761955,-0.09807530503133653,-0.09807530503060008
155.25,0.1442012445402389,0.14420124476863602,-28.5354334954144,-28.53543349534816,-0.009948269503434469,-0.009948269500338605,-0.09717315419497455,-0.09717315419423624
155.5,0.1417264117073337,0.14172641193650556,-28.559613813174302,-28.559613813107863,-0.009850308349042372,-0.009850308345941193,-0.09626939712003249,-0.09626939711929232
155.75,0.13927448865063477,0.13927448888058283,-28.583569508814183,-28.583569508747544,-0.009764992283458597,-0.009764992280351138,-0.09537617604259768,-0.09537617604185565
156.0,0.1368440607091002,0.136844060939826,-28.607300564272737,-28.6073005642059,-0.00967834641745039,-0.00967834641433665,-0.09447227579480125,-0.09447227579405736
156.25,0.13443600176289788,0.13443600199440295,-28.630803583832492,-28.630803583765452,-0.009586038762897509,-0.009586038759777968,-0.09355188938599063,-0.09355188938524488
156.5,0.13204936358164165,0.13204936381392737,-28.654076067014994,-28.654076066947756,-0.009506979962638754,-0.009506979959513892,-0.09262798352767952,-0.09262798352693191
156.75,0.12968204307062273,0.12968204330369046,-28.67711530754343,-28.67711530747599,-0.009431495688615689,-0.009431495685485505,-0.0916859478164491,-0.09168594781569964
157.0,0.12733314040779645,0.12733314064164752,-28.699919634528346,-28.699919634460706,-0.009359637623183932,-0.009359637620048426,-0.09074867483763718,-0.09074867483688584
157.25,0.12500447896652733,0.12500447920116306,-28.72248971759754,-28.722489717529697,-0.009269565969144123,-0.009269565966003293,-0.089811998207873,-0.08981199820711978
157.5,0.12269718452067588,0.12269718475609753,-28.7448275582608,-28.744827558192753,-0.00918870310958416,-0.009188703106438005,-0.08889073472192108,-0.08889073472116599
157.75,0.12040864817249197,0.12040864840870089,-28.766934482367255,-28.766934482299007,-0.009119500731635366,-0.009119500728483883,-0.08796466465411512,-0.08796466465335816
158.0,0.11813745462282103,0.11813745485981854,-28.788811288843746,-28.788811288775292,-0.009049961774565659,-0.009049961771408849,-0.08704979371391645,-0.0870497937131576
158.25,0.11588676098663932,0.11588676122442687,-28.810461642665132,-28.810461642596476,-0.008955503129087248,-0.008955503125924144,-0.08615304576273758,-0.08615304576197684
158.5,0.11365963412089557,0.11365963435947475,-28.831887956811595,-28.831887956742733,-0.008861427718397902,-0.008861427715228505,-0.0852574762783959,-0.08525747627763328
158.75,0.11145482507099481,0.1114548253103672,-28.853088524324114,-28.853088524255046,-0.008776959200119724,-0.008776959196944031,-0.0843470717854246,-0.08434707178466007
159.0,0.10927199437715898,0.10927199461732601,-28.87406379520686,-28.874063795137587,-0.008685602604574834,-0.008685602601393809,-0.08345510388964963,-0.0834551038888832
159.25,0.1071081551287645,0.10710815536972756,-28.894816387363417,-28.894816387293936,-0.008625027869542263,-0.008625027866355422,-0.08256563907376359,-0.08256563907299526
159.5,0.10495890020812268,0.10495890044988318,-28.915347294550507,-28.91534729448082,-0.008568928493997683,-0.008568928490805506,-0.08168162371198659,-0.08168162371121636
159.75,0.10282408569591696,0.10282408593847622,-28.935656592325262,-28.93565659225537,-0.008509504143023566,-0.008509504139826051,-0.08079276408856716,-0.08079276408779502
160.0,0.10070632793639352,0.10070632817975289,-28.955744922732478,-28.95574492266238,-0.008432475410915788,-0.008432475407712935,-0.07991388643141667,-0.07991388643064262
160.25,0.09860842401174923,0.09860842425591015,-28.975614756602294,-28.975614756531986,-0.008350674383204451,-0.008350674379995295,-0.0790447922392872,-0.07904479223851124
160.5,0.0965304434804218,0.09653044372538573,-28.995267939283668,-28.995267939213154,-0.008273088730567162,-0.008273088727352664,-0.07818067652647764,-0.07818067652569975
160.75,0.09447322077159036,0.09447322101735876,-29.014706157659138,-29.014706157588414,-0.008184612602997594,-0.00818461259977679,-0.07732507881880904,-0.07732507881802922
161.0,0.09243750870803344,0.09243750895460777,-29.033930174365455,-29.03393017429452,-0.008101003336921724,-0.008101003333695575,-0.07646706271439674,-0.07646706271361499
161.25,0.09042345556865536,0.09042345581603707,-29.052938210049845,-29.052938209978702,-0.008011340092139514,-0.008011340088907056,-0.07559723121415934,-0.07559723121337567
161.5,0.08843114706845207,0.08843114731664263,-29.071726284216883,-29.071726284145527,-0.007927044331638423,-0.007927044328400619,-0.0747073700695218,-0.07470737006873619
161.75,0.0864609396863081,0.0864609399353089,-29.090294025608955,-29.09029402553739,-0.007834532752636698,-0.007834532749393063,-0.0738345697890487,-0.07383456978826115
162.0,0.08451302644292613,0.08451302669273875,-29.108643819126666,-29.10864381905489,-0.007748691408133435,-0.00774869140488301,-0.07296378644575179,-0.07296378644496229
162.25,0.0825843016932449,0.08258430194387086,-29.126776012196743,-29.126776012124754,-0.007681024871745245,-0.007681024868489472,-0.0720937644944309,-0.07209376449363947
162.5,0.08067109821422275,0.08067109846566337,-29.144692069552093,-29.14469206947989,-0.007624522273422144,-0.007624522270161022,-0.07123469967541361,-0.07123469967462022
162.75,0.07877442734233159,0.07877442759458833,-29.16239415000654,-29.162394149934126,-0.007548764607551458,-0.0075487646042840225,-0.07038195110258776,-0.0703819511017924
163.0,0.07689502832108655,0.076895028574161,-29.179883170646008,-29.17988317057338,-0.007486347561407838,-0.007486347558134087,-0.06953021989780533,-0.06953021989700803
163.25,0.0750364799970763,0.0750364802509699,-29.197159692853663,-29.197159692780822,-0.0073819593543310216,-0.007381959351051918,-0.06868196760515247,-0.0686819676043532
163.5,0.07320163700777364,0.07320163726248786,-29.214224171866142,-29.214224171793088,-0.007296704894777169,-0.007296704891491748,-0.06783387253245618,-0.06783387253165496
163.75,0.07139022976887253,0.07139023002440889,-29.23107584785037,-29.231075847777102,-0.007194472759767399,-0.00719447275647614,-0.06697954497981189,-0.0669795449790087
164.0,0.06960494105823457,0.06960494131459447,-29.247713766407102,-29.24771376633362,-0.00708775653213347,-0.007087756528836854,-0.06612381353525744,-0.06612381353445228
164.25,0.06784254740310733,0.0678425476602921,-29.264143689194935,-29.264143689121237,-0.007011316789768319,-0.007011316786466345,-0.06531557597411672,-0.06531557597330959
164.5,0.06609858731714127,0.06609858757515244,-29.28036891063492,-29.28036891056101,-0.006940285983164878,-0.006940285979856099,-0.06448620224253943,-0.06448620224173032
164.75,0.06437341645736792,0.06437341671620707,-29.29638879086538,-29.29638879079125,-0.006861004487459724,-0.006861004484145102,-0.06367284707576584,-0.06367284707495476
165.0,0.06266702388051124,0.06266702414017976,-29.312205764753415,-29.31220576467907,-0.006790060042925541,-0.006790060039605556,-0.06286295071715013,-0.06286295071633706
165.25,0.06098073309440812,0.06098073335490734,-29.327820634100195,-29.327820634025635,-0.006700190437113127,-0.006700190433787778,-0.0620560125299911,-0.06205601252917607
165.5,0.05931518268375659,0.059315182945087905,-29.34323485945798,-29.343234859383198,-0.006624137858418958,-0.0066241378550877614,-0.06125779750248753,-0.06125779750167054
165.75,0.05767069415920898,0.0576706944213738,-29.3584487855682,-29.358448785493202,-0.006531694782775439,-0.0065316947794388765,-0.060453620094810985,-0.060453620093992036
166.0,0.05604789194030676,0.05604789220330642,-29.37346338420445,-29.373463384129234,-0.006450648704630566,-0.0064506487012886355,-0.05966317663620276,-0.05966317663538185
166.25,0.0544418683965951,0.05444186866043095,-29.38827888466926,-29.388278884593827,-0.006397464256525986,-0.006397464253178685,-0.05886083209648544,-0.058860832095662556
166.5,0.05284875413515029,0.05284875439982373,-29.402894879510647,-29.402894879434996,-0.006347375259372739,-0.006347375256019586,-0.05806713135698527,-0.05806713135616041
166.75,0.051268132562813894,0.05126813282832632,-29.417312618269655,-29.417312618193783,-0.006297522869202497,-0.006297522865843972,-0.05727478341512751,-0.05727478341430067
167.0,0.04970047388651017,0.04970047415286305,-29.43153094116954,-29.431530941093445,-0.006243671086777386,-0.0062436710834125235,-0.05647180486106462,-0.05647180486023581
167.25,0.048150890476354055,0.04815089074354897,-29.445558532299362,-29.445558532223046,-0.006152928289608044,-0.0061529282862368435,-0.055748932732733056,-0.055748932731902255
167.5,0.04662462827327693,0.04662462854131535,-29.4594031394074,-29.459403139330863,-0.0060570997173492545,-0.006057099713972677,-0.05500793316627995,-0.055007933165447165
167.75,0.04512139937218404,0.045121399641067365,-29.47306373161041,-29.473063731533653,-0.005968662801465039,-0.005968662798082602,-0.05427681279563084,-0.05427681279479606
168.0,0.043641546466369946,0.043641546736099705,-29.48654216100367,-29.48654216092669,-0.0058700922170511535,-0.005870092213662375,-0.05355063164367931,-0.05355063164284254
168.25,0.04218321317956688,0.04218321345014453,-29.499839818924983,-29.49983981884778,-0.005796506429358233,-0.005796506425964074,-0.05283063866446795,-0.05283063866362918
168.5,0.040744514963018355,0.040744515234445305,-29.51295872991479,-29.51295872983736,-0.005713012595757522,-0.005713012592357499,-0.05212065712577986,-0.05212065712493909
168.75,0.039325609301281886,0.03932560957355961,-29.525901456037943,-29.52590145596029,-0.005638166976069143,-0.005638166972663255,-0.0514211589158899,-0.05142115891504712
169.0,0.037925804527083946,0.03792580480021385,-29.538669316668383,-29.538669316590507,-0.005560205499254238,-0.005560205495842965,-0.050721733477831016,-0.05072173347698623
169.25,0.036546658831519065,0.036546659105502546,-29.55126140081168,-29.551261400733576,-0.005472893649781363,-0.005472893646364222,-0.05001494790028622,-0.05001494789943943
169.5,0.035190891718099665,0.035190891992938136,-29.563675966205736,-29.563675966127406,-0.005373176218203639,-0.00537317621478111,-0.04930158465352302,-0.04930158465267422
169.75,0.03386038699659866,0.03386038727229358,-29.57591295768962,-29.575912957611063,-0.005270795088847316,-0.0052707950854184345,-0.048594356870048164,-0.04859435686919735
170.0,0.03255466451577872,0.03255466479233157,-29.58797348084047,-29.587973480761686,-0.005174918544129038,-0.005174918540694767,-0.0478898373759887,-0.047889837375135864
170.25,0.03126859996449919,0.03126860024191131,-29.599857049882186,-29.59985704980317,-0.0051135310273972764,-0.005113531023957614,-0.047178720745302806,-0.04717872074444795
170.5,0.02999807094916978,0.029998071227442566,-29.611563253052797,-29.611563252973554,-0.005050634565775075,-0.005050634562329538,-0.04647091054945452,-0.04647091054859764
170.75,0.028742049409798527,0.028742049688933447,-29.623094811423936,-29.623094811344465,-0.0049974729579316405,-0.004997472954480227,-0.04578156143171055,-0.04578156143085163
171.0,0.027500206219287525,0.027500206499286108,-29.634452962594207,-29.634452962514505,-0.0049372069657055385,-0.004937206962247765,-0.04508365361230347,-0.04508365361144252
171.25,0.02627555964970509,0.026275559930568865,-29.64564489216669,-29.64564489208676,-0.004859906214460357,-0.004859906210996705,-0.04445179025546951,-0.04445179025460653
171.5,0.025068981309728944,0.025068981591459445,-29.656676289075374,-29.656676288995218,-0.004792659189861885,-0.004792659186391871,-0.04379939135404777,-0.04379939135318275
171.75,0.02388079348401142,0.02388079376661011,-29.667546841845176,-29.66754684176479,-0.004712783798824861,-0.004712783795349446,-0.043165038335002376,-0.043165038334135306
172.0,0.022711418775211507,0.0227114190586798,-29.67825730771537,-29.678257307634752,-0.004642153121084281,-0.004642153117602982,-0.04251869528558479,-0.04251869528471567
172.25,0.021559410233803655,0.021559410518142964,-29.688807113452135,-29.688807113371286,-0.004573855155039672,-0.004573855151552969,-0.04187975704766483,-0.04187975704679366
172.5,0.020422805805954937,0.02042280609116679,-29.699196550634205,-29.699196550553122,-0.004518919731840528,-0.004518919728346975,-0.04123574558817557,-0.04123574558730235
172.75,0.019300991389185618,0.01930099167527155,-29.70942673987214,-29.709426739790825,-0.004455536387752503,-0.004455536384253544,-0.04060577429105983,-0.040605774290184554
173.0,0.018195672278185675,0.01819567256514716,-29.719499975289157,-29.719499975207608,-0.004386957689632843,-0.004386957686127514,-0.039980115510651955,-0.039980115509774615
173.25,0.017105576904777715,0.017105577192616225,-29.72941841381707,-29.72941841373529,-0.00433374770466553,-0.004333747701154791,-0.039367397729260435,-0.03936739772838103
173.5,0.016028690800247936,0.01602869108896482,-29.739182328851506,-29.73918232876949,-0.004281282522746625,-0.004281282519230475,-0.03874392749263489,-0.03874392749175341
173.75,0.014965786264466978,0.014965786554063703,-29.748791929241097,-29.74879192915885,-0.004221896323776544,-0.00422189632025402,-0.038132881222999813,-0.03813288122211627
174.0,0.013916721260084475,0.013916721550562516,-29.75824785567411,-29.758247855591627,-0.0041705655811087265,-0.004170565577580789,-0.03751453508053538,-0.03751453507964976
174.25,0.012883035997713524,0.012883036289074295,-29.76755359026458,-29.767553590181862,-0.004098861700077376,-0.004098861696543542,-0.03693134840345816,-0.03693134840257046
174.5,0.011867468336032694,0.011867468628277669,-29.776713227189525,-29.77671322710657,-0.00402562454567794,-0.004025624542138208,-0.03634575390087626,-0.036345753899986476
174.75,0.010872037557382268,0.01087203785051286,-29.785725401006584,-29.78572540092339,-0.003937765829862537,-0.003937765826317387,-0.035751644918906714,-0.03575164491801485
175.0,0.009898300197165297,0.009898300491182864,-29.79458813093176,-29.79458813084833,-0.0038520765033447516,-0.0038520764997941838,-0.03515020256128893,-0.03515020256039498
175.25,0.008944329889772987,0.008944330184678943,-29.803306609914454,-29.803306609830784,-0.003779634012152095,-0.003779634008595626,-0.034597636130122615,-0.034597636129226575
175.5,0.008009778571184525,0.008009778866980283,-29.811887317786397,-29.81188731770249,-0.0036967248693454205,-0.003696724865783531,-0.03404803466208572,-0.03404803466118758
175.75,0.00709391991976893,0.007093920216455963,-29.82032909262437,-29.820329092540224,-0.0036300915156282686,-0.003630091512059994,-0.0334861703238654,-0.033486170322965164
176.0,0.006195413855199126,0.00619541415277903,-29.828631008623102,-29.828631008538714,-0.003557904629863557,-0.0035579046262888955,-0.032929164471747166,-0.03292916447084482
176.25,0.005311348600971895,0.005311348899446267,-29.836792158990967,-29.836792158906338,-0.0035145638882681926,-0.003514563884687143,-0.03236004255730343,-0.03236004255639898
176.5,0.004438517725978977,0.004438518025349294,-29.84481065489138,-29.84481065480651,-0.003468029312141051,-0.003468029308554575,-0.03178792903323591,-0.03178792903232935
176.75,0.003577933482963882,0.003577933783231499,-29.852686414515283,-29.85268641443017,-0.003416591050848053,-0.003416591047256149,-0.031218152807554994,-0.031218152806646336
177.0,0.0027306794625125926,0.0027306797636789267,-29.86041807285115,-29.860418072765796,-0.0033613862795736442,-0.0033613862759758295,-0.030635119084070732,-0.03063511908315997
177.25,0.0019001389534937505,0.0019001392555602788,-29.868010087940807,-29.868010087855208,-0.003282887569265497,-0.00328288756566177,-0.030101009034014737,-0.03010100903310187
177.5,0.0010877564933527723,0.0010877567963209732,-29.875467351684264,-29.87546735159842,-0.003216120962471527,-0.0032161209588618856,-0.029557107208370337,-0.02955710720745536
177.75,0.0002911922562741911,0.0002911925601455426,-29.882789308882842,-29.882789308796752,-0.0031563422866962084,-0.0031563422830806517,-0.02901855601615476,-0.02901855601523767
178.0,-0.00048818623583148915,-0.0004881859310555682,-29.889976285395385,-29.88997628530905,-0.003078634741476729,-0.0030786347378557372,-0.028477263410442502,-0.028477263409523296
178.25,-0.0012509644789778828,-0.001250964173296093,-29.897031942804738,-29.89703194271816,-0.003023543312196063,-0.0030235433085701157,-0.02796800105838339,-0.027968001057462066
178.5,-0.0019986429042551587,-0.00199864259766632,-29.903960218005135,-29.903960217918314,-0.0029578361459538047,-0.002957836142323383,-0.027458206739642794,-0.027458206738719345
178.75,-0.002732162037020816,-0.00273216172952375,-29.910760554717566,-29.9107605546305,-0.0029102686001658993,-0.0029102685965305196,-0.026944491444449145,-0.02694449144352357
179.0,-0.0034543978234991093,-0.003454397515092576,-29.917435289656083,-29.917435289568772,-0.002867571506093015,-0.0028675715024526756,-0.02645339208914467,-0.026453392088216964
179.25,-0.0041621553056691366,-0.0041621549963519544,-29.923986295520574,-29.923986295433018,-0.002794441443927263,-0.002794441440282444,-0.025954661721465787,-0.02595466172053595
179.5,-0.00485102642994117,-0.004851026119712158,-29.93041312506301,-29.930413124975207,-0.002716481021781516,-0.0027164810181317346,-0.02545998196810736,-0.02545998196717539
179.75,-0.005519846035475186,-0.005519845724333105,-29.936717861644198,-29.936717861556147,-0.0026340304802811073,-0.0026340304766263615,-0.024977918454816585,-0.02497791845388248
180.0,-0.006170955867967047,-0.006170955555910715,-29.942899549715396,-29.9428995496271,-0.0025748009241810628,-0.0025748009205218327,-0.024475591698918386,-0.02447559169798214
180.25,-0.0068095787952636355,-0.006809578482291931,-29.948959255289655,-29.94895925520111,-0.0025341379512266605,-0.002534137947562945,-0.024002056728835368,-0.024002056727896976
180.5,-0.007437072321545462,-0.007437072007657204,-29.954899209430817,-29.954899209342024,-0.002485764682777887,-0.0024857646791092026,-0.023517580961073602,-0.023517580960133067
180.75,-0.008053571826052805,-0.008053571511246747,-29.960718437058368,-29.960718436969326,-0.002446186071180541,-0.0024461860675068867,-0.023036243790767966,-0.023036243789825283
181.0,-0.008660235420694731,-0.00866023510496963,-29.966419392775133,-29.966419392685843,-0.0024070789578166975,-0.002407078954138072,-0.022571405630336574,-0.02257140562939174
181.25,-0.009252858114369029,-0.009252857797723581,-29.97200576337876,-29.97200576328922,-0.002333860086711283,-0.0023338600830272024,-0.022119566101741935,-0.022119566100794946
181.5,-0.009827549506982903,-0.009827549189415806,-29.97747879163291,-29.977478791543124,-0.0022636282579640015,-0.0022636282542749463,-0.021664666552920455,-0.02166466655197131
181.75,-0.010384364674824521,-0.01038436435633459,-29.982836769460278,-29.98283676937024,-0.00219084928591493,-0.0021908492822213803,-0.02119916292760211,-0.02119916292665081
182.0,-0.010924082913075598,-0.01092408259366171,-29.98807965887918,-29.98807965878889,-0.0021268537895142857,-0.00212685378581624,-0.020743958457081588,-0.02074395845612812
182.25,-0.011453554623900538,-0.011453554303561509,-29.993211431120194,-29.993211431029653,-0.002108879088804034,-0.0021088790851010093,-0.02031022116565522,-0.020310221164699587
182.5,-0.011979241600547572,-0.011979241279282096,-29.99823272754249,-29.998232727451697,-0.0020965743756482546,-0.0020965743719397675,-0.019860151372746042,-0.019860151371788242
182.75,-0.01250173485273057,-0.012501734530537403,-30.003142106987344,-30.0031421068963,-0.0020833297454909607,-0.002083329741777973,-0.019414885434750156,-0.019414885433790184
183.0,-0.01302167680090376,-0.013021676477781715,-30.007939125129266,-30.007939125037968,-0.002076163155059129,-0.0020761631513411573,-0.018961260376245275,-0.018961260375283128
183.25,-0.01353774513654075,-0.013537744812488582,-30.012627815119842,-30.01262781502829,-0.00205234467486838,-0.0020523446711454233,-0.018548261793926848,-0.018548261792962525
183.5,-0.014046259226154632,-0.014046258901171156,-30.01721208747222,-30.01721208738041,-0.002015728304827492,-0.0020157283011000295,-0.01812592047726076,-0.018125920476294258
183.75,-0.014547393521649408,-0.014547393195733435,-30.021691576676034,-30.02169157658397,-0.001993306925648917,-0.0019933069219164666,-0.017709995267079295,-0.01770999526611061
184.0,-0.015040881999356234,-0.015040881672506516,-30.026066241629405,-30.02606624153708,-0.0019545611256569875,-0.001954561121919547,-0.01728732801279712,-0.017287328011826246
184.25,-0.01552400684234773,-0.015524006514563022,-30.030339365270926,-30.030339365178342,-0.0019104009579530355,-0.0019104009542106042,-0.016897665282749382,-0.01689766528177632
184.5,-0.015997493354032572,-0.01599749302531162,-30.03451573254282,-30.034515732449975,-0.0018774549708450747,-0.0018774549670976513,-0.016513275998494177,-0.016513275997518922
184.75,-0.016462293970464524,-0.016462293640806078,-30.038596778376704,-30.0385967782836,-0.001840914379777673,-0.001840914376025256,-0.016135094117594728,-0.016135094116617277
185.0,-0.016917899435427347,-0.01691789910483016,-30.04258174468978,-30.04258174459642,-0.0018038926005760553,-0.001803892596818643,-0.015744639877393114,-0.015744639876413464
185.25,-0.01736135209382568,-0.0173613517622885,-30.046469893890297,-30.046469893796676,-0.0017436925262395077,-0.0017436925224770985,-0.015360559402381367,-0.015360559401399522
185.5,-0.01778813196486455,-0.017788131632386132,-30.0502631068871,-30.050263106793217,-0.0016705111166850784,-0.0016705111129176708,-0.014985151471565126,-0.014985151470581083
185.75,-0.01819786011662872,-0.01819785978320781,-30.053963788116256,-30.05396378802211,-0.0016072797649901163,-0.0016072797612177087,-0.014620304323094014,-0.01462030432210777
186.0,-0.018590383944352033,-0.018590383609987444,-30.057572694018898,-30.05757269392449,-0.00153287609665848,-0.0015328760928815526,-0.014250949912805688,-0.01425094991181724
186.25,-0.018968490862544825,-0.018968490527235427,-30.0610952031318,-30.06109520303713,-0.0014919489677210184,-0.0014919489639395698,-0.01392912684896821,-0.013929126847977556
186.5,-0.019335570233339556,-0.019335569897084154,-30.064538110745,-30.06453811065007,-0.001444656360091798,-0.001444656356305345,-0.013614138515367231,-0.013614138514374369
186.75,-0.019690727962834182,-0.019690727625631465,-30.067901546897275,-30.06790154680208,-0.00139657528906208,-0.0013965752852701393,-0.013293355235886,-0.013293355234890926
187.0,-0.02003235434863488,-0.02003235401048354,-30.071185190205455,-30.071185190109997,-0.0013364059124251382,-0.0013364059086281898,-0.012975796902303646,-0.012975796901306359
187.25,-0.02036466155295871,-0.02036466121385749,-30.074388087910815,-30.074388087815095,-0.001322020812579034,-0.0013220208087770763,-0.012647386096770226,-0.012647386095770721
187.5,-0.020693747705720175,-0.020693747365667824,-30.07750945291508,-30.077509452819097,-0.0013106379293037855,-0.0013106379254968171,-0.012323535010484232,-0.012323535009482507
187.75,-0.021018731397656306,-0.02101873105665157,-30.08054737712715,-30.080547377030904,-0.0012891992563761365,-0.0012891992525641558,-0.011979860707271979,-0.01197986070626803
188.0,-0.02133950152960414,-0.021339501187645826,-30.08350100969966,-30.08350100960315,-0.001276930675749402,-0.001276930671932889,-0.011649201029450376,-0.0116492010284442
188.25,-0.021650232891053084,-0.02165023254814,-30.086373244323685,-30.08637324422691,-0.001208890046880458,-0.0012088900430589295,-0.011328682377590849,-0.011328682376582444
188.5,-0.02194405937238667,-0.021944059028517503,-30.08916392897072,-30.089163928873678,-0.0011416905608503962,-0.001141690557023369,-0.010996801134241738,-0.0109968011332311
188.75,-0.022222947615831563,-0.022222947271005,-30.091871177112367,-30.091871177015058,-0.0010893837896238576,-0.0010893837857918116,-0.010661188930400104,-0.01066118892938723
189.0,-0.02248689369939839,-0.022486893353613115,-30.09449521329497,-30.09449521319739,-0.001022153800820078,-0.0010221537969825301,-0.010331106868832053,-0.01033110686781694
189.25,-0.022738708250153904,-0.022738707903408602,-30.09704551023016,-30.09704551013231,-0.0009923381480823207,-0.000992338144239751,-0.010071271423664254,-0.0100712714226469
189.5,-0.022982380515526174,-0.022982380167819585,-30.09953124375845,-30.09953124366033,-0.0009570158147696229,-0.0009570158109220303,-0.00981460013278939,-0.009814600131769791
189.75,-0.023217706541547176,-0.023217706192878107,-30.101952792106314,-30.101952792007925,-0.0009255682188104692,-0.0009255682149583338,-0.009557789614960711,-0.009557789613938864
190.0,-0.023445076499366894,-0.02344507614973409,-30.104309517384525,-30.104309517285866,-0.0008933667999295495,-0.0008933667960719065,-0.009296015646651171,-0.009296015645627072
190.25,-0.02366541204883265,-0.023665411698234853,-30.106597186110807,-30.10659718601188,-0.0008692902256508266,-0.0008692902217886376,-0.00900533643350158,-0.009005336432475227
190.5,-0.023880805293752253,-0.023880804942188267,-30.108812495338142,-30.108812495238944,-0.0008538285967383629,-0.0008538285928711447,-0.008717138842848488,-0.008717138841819879
190.75,-0.024092119410856816,-0.02409211905832538,-30.11095644802411,-30.11095644792464,-0.0008366577250760818,-0.0008366577212038329,-0.008434484263706634,-0.008434484262675764
191.0,-0.024298151050099862,-0.02429815069659972,-30.113030704536584,-30.11303070443684,-0.0008115695027812997,-0.0008115694989040184,-0.008159570201374276,-0.008159570200341143
191.25,-0.024499369671433853,-0.024499369316963688,-30.1150367816858,-30.115036781585783,-0.0007981539951249562,-0.0007981539912421593,-0.00788904825710626,-0.007889048256070862
191.5,-0.02469709221711036,-0.024697091861668855,-30.11697560611811,-30.11697560601782,-0.0007836011819025139,-0.0007836011780146814,-0.007621548573372555,-0.00762154857233489
191.75,-0.02489046193001341,-0.024890461573599303,-30.118845537557874,-30.11884553745731,-0.0007633298101724199,-0.0007633298062795504,-0.007337904855873051,-0.007337904854833118
192.0,-0.025078925882558778,-0.025078925525170808,-30.120644793591243,-30.120644793490406,-0.0007443552758865779,-0.0007443552719886696,-0.007056145199949299,-0.007056145198907094
192.25,-0.02526009808201897,-0.02526009772365588,-30.122378746134686,-30.122378746033576,-0.000704999658624816,-0.0007049996547218672,-0.006815478858016889,-0.006815478856972409
192.5,-0.02543283934780356,-0.025432838988464088,-30.12405284628036,-30.124052846178973,-0.0006769080420070599,-0.0006769080380990691,-0.006577324955806749,-0.00657732495475999
192.75,-0.02559663383996618,-0.025596633479649127,-30.125667968198893,-30.125667968097233,-0.0006334258909186946,-0.0006334258870061419,-0.006343654491930411,-0.006343654490881372
193.0,-0.025752331188601648,-0.02575233082730581,-30.127223792699084,-30.127223792597146,-0.0006121302287110907,-0.0006121302247934929,-0.006102943517304357,-0.006102943516253035
193.25,-0.025898824942684744,-0.025898824580408864,-30.128719631623607,-30.128719631521392,-0.0005597972782447304,-0.0005597972743220858,-0.005863772812793788,-0.005863772811740178
193.5,-0.026034906935853013,-0.026034906572595825,-30.130155694400113,-30.13015569429762,-0.0005288361520028998,-0.0005288361480752068,-0.005624732318225225,-0.005624732317169326
193.75,-0.026162404242886395,-0.0261624038786467,-30.131531924016567,-30.131531923913798,-0.0004911197327648952,-0.0004911197288326338,-0.005385108169277045,-0.005385108168218853
194.0,-0.026278445451965098,-0.026278445086741754,-30.132849094990306,-30.13284909488726,-0.0004371880058192723,-0.0004371880018824411,-0.0051522647052978255,-0.005152264704237339
194.25,-0.02638639751014115,-0.02638639714393295,-30.13411017336282,-30.134110173259494,-0.00042640812155532015,-0.000426408117613436,-0.004936363291098825,-0.0049363632900360395
194.5,-0.0264910983943848,-0.026491098027190487,-30.13531717959577,-30.135317179492162,-0.00041117854087916134,-0.00041117853693222264,-0.00471968800829718,-0.004719688007232093
194.75,-0.026591397375796445,-0.026591397007614752,-30.13647014566443,-30.136470145560537,-0.0003911929952756579,-0.00039119299132366303,-0.004504042425152907,-0.004504042424085515
195.0,-0.026685686991794615,-0.02668568662262428,-30.13756868302637,-30.137568682922197,-0.00036310322650307144,-0.00036310322254601876,-0.004284259118633554,-0.004284259117563855
195.25,-0.026770617631579487,-0.026770617261419303,-30.138617290171986,-30.13861729006753,-0.00031632496723417057,-0.00031632496327254,-0.004104602456514793,-0.004104602455442783
195.5,-0.026844934045170427,-0.02684493367401919,-30.13962040354538,-30.13962040344064,-0.00027818897801143937,-0.0002781889740447477,-0.003920308126064622,-0.003920308124990299
195.75,-0.02691133389645576,-0.0269113335243122,-30.140577405895883,-30.14057740579086,-0.00025299243916854556,-0.0002529924351967912,-0.003735713053453874,-0.0037357130523772365
196.0,-0.02696953007679447,-0.026969529703657322,-30.14148890520461,-30.14148890509931,-0.00021256009629686795,-0.00021256009232004932,-0.0035562852283103873,-0.003556285227231432
196.25,-0.027021216171317766,-0.027021215797185767,-30.14235656033403,-30.142356560228443,-0.00020091251522921292,-0.00020091251124732847,-0.0033849569051246126,-0.003384956904043337
196.5,-0.02707047389109046,-0.027070473515962284,-30.143180869204866,-30.143180869098995,-0.000193132710053439,-0.00019313270606600546,-0.0032095147949885564,-0.0032095147939049566
196.75,-0.027118862314141144,-0.02711886193801546,-30.143961566469486,-30.14396156636333,-0.0001939583289850903,-0.00019395832499258768,-0.0030360632440745096,-0.0030360632429885827
197.0,-0.027165284978732895,-0.02716528460160844,-30.14470039048786,-30.144700390381416,-0.00017740776577575545,-0.00017740776177818207,-0.0028745304632506884,-0.0028745304621624313
197.25,-0.02720678677793081,-0.027206786399806317,-30.14539885206699,-30.14539885196026,-0.00015459142075786798,-0.00015459141675522222,-0.0027131643208642684,-0.002713164319773678
197.5,-0.027242537861333287,-0.027242537482207483,-30.146058196192538,-30.14605819608552,-0.00013140296175251145,-0.00013140295774479165,-0.00256159086968479,-0.0025615908685918637
197.75,-0.027271177164603862,-0.027271176784475482,-30.146677983628912,-30.146677983521606,-9.769592410364554e-05,-9.769592009085007e-05,-0.0023967117991799468,-0.002396711798084681
198.0,-0.027291803366142273,-0.027291802985010046,-30.147259208918364,-30.14725920881077,-6.730015107932815e-05,-6.730014706145539e-05,-0.002253093382106426,-0.0022530933810088185
198.25,-0.02730415552540772,-0.02730415514327038,-30.147803470195715,-30.14780347008783,-3.150278559169069e-05,-3.1502781568739e-05,-0.0021010002116373253,-0.0021010002105373723
198.5,-0.027309054373865594,-0.027309053990721928,-30.14830934132201,-30.148309341213835,-7.673386618922819e-06,-7.673382591372211e-06,-0.0019459710453099723,-0.001945971044207672
198.75,-0.02730874296353927,-0.027308742579388066,-30.14877707773104,-30.148777077622576,1.0178815995420566e-05,1.0178820028053355e-05,-0.0017959219099907746,-0.0017959219088861242
199.0,-0.027302435580515698,-0.027302435195355686,-30.14920877947091,-30.149208779362155,4.0293281326744576e-05,4.029328536446123e-05,-0.0016576948481280616,-0.0016576948470210578
199.25,-0.02729276744594255,-0.02729276705977246,-30.14960837051383,-30.14960837040478,3.706298429255349e-05,3.706298833535562e-05,-0.0015390331905953064,-0.0015390331894859462
199.5,-0.02728328000807487,-0.02728327962089337,-30.149978980629264,-30.149978980519926,3.88471913390579e-05,3.884719538742878e-05,-0.0014258479010437225,-0.0014258478999320029
199.75,-0.02727381702266138,-0.027273816634467134,-30.150319255115225,-30.150319255005595,3.686890282457359e-05,3.686890687803327e-05,-0.0012963478000659642,-0.0012963477989518816
200.0,-0.027263147103360454,-0.027263146714152194,-30.15062854979889,-30.150628549688967,4.8501610171482515e-05,4.850161423003267e-05,-0.0011780107659332436,-0.0011780107648167954
200.25,-0.027246765526964607,-0.02724676513674106,-30.15090580144636,-30.150905801336148,8.256401481779179e-05,8.256401888143415e-05,-0.0010400056252111722,-0.001040005624092355
200.5,-0.027222975879827457,-0.027222975488587348,-30.151149332705085,-30.151149332594578,0.00010776558837912194,0.00010776559244785816,-0.0009082468205548342,-0.0009082468194336454
200.75,-0.027191119948741564,-0.02719111955648368,-30.151358767586533,-30.15135876747573,0.00014709515998926814,0.00014709516406261836,-0.0007672359389886078,-0.0007672359378650446
201.0,-0.0271504459537834,-0.027150445560506525,-30.151531727266867,-30.15153172715577,0.0001783110228895361,0.00017831102696798363,-0.0006164444466828284,-0.0006164444455568877
201.25,-0.027104328236387618,-0.02710432784209048,-30.151668781831127,-30.151668781719735,0.00019064358835202985,0.00019064359243557626,-0.0004799932300689121,-0.00047999322894059116
201.5,-0.027055322696049513,-0.027055322300730777,-30.15177074652225,-30.151770746410563,0.00020141434385287423,0.0002014143479420028,-0.0003357253143378338,-0.00033572531320712933
201.75,-0.02700341761577018,-0.027003417219428512,-30.151837101334415,-30.15183710122243,0.0002138395635659239,0.00021383956766015473,-0.00019511435437585212,-0.00019511435324276105
202.0,-0.026950306137899314,-0.02695030574053338,-30.151868969370557,-30.151868969258274,0.0002110650226136194,0.00021106502671343577,-5.982967312270441e-05,-5.9829671987223596e-05
202.25,-0.026895216183958102,-0.026895215785566563,-30.15187185821573,-30.15187185810315,0.00022966372021925778,0.0002296637243241798,3.671715828517881e-05,3.671715942305246e-05
202.5,-0.026835402565285115,-0.026835402165866697,-30.151849169558627,-30.151849169445747,0.00024885542792948994,0.00024885543203951937,0.00014479028919350018,0.00014479029033376983
202.75,-0.026768731895783538,-0.02676873149533696,-30.151800750905927,-30.15180075079275,0.0002845191561152659,0.00028451916023040447,0.0002425555700601785,0.0002425555712028472
203.0,-0.02669566222076771,-0.026695661819291693,-30.15172722169222,-30.15172722157874,0.0003000479780174442,0.0003000479821376936,0.00034567667560396714,0.0003456766767490381
203.25,-0.026618541853262213,-0.026618541450755418,-30.151629348954028,-30.15162934884025,0.00031692361300661816,0.00031692361713246166,0.00043730363892808134,0.00043730364007555777
203.5,-0.026536435037757856,-0.026536434634218887,-30.151508552506243,-30.151508552392162,0.0003399395755501351,0.0003399395796815744,0.0005290657734476395,0.000529065774597525
203.75,-0.02644854020092648,-0.026448539796354,-30.1513641264517,-30.151364126337317,0.0003632283042759708,0.00036322830841252593,0.0006263404672910521,0.0006263404684433498
204.0,-0.0263533266505955,-0.026353326244988227,-30.15119650574395,-30.151196505629265,0.0003984884368255083,0.000398488440967181,0.0007146218704086381,0.0007146218715633511
204.25,-0.02625214958950812,-0.026252149182864712,-30.151005158102482,-30.151005157987495,0.00041093764095255503,0.00041093764509982864,0.0008161580876736807,0.0008161580888308123
204.5,-0.026147635573297842,-0.026147635165617023,-30.150786853831285,-30.150786853715992,0.0004251852644328297,0.0004251852685847426,0.0009302747386927141,0.0009302747398522674
204.75,-0.026041520627729166,-0.02604152021900971,-30.150542448616868,-30.15054244850127,0.00042374324474427506,0.0004237432489013106,0.0010249671126549677,0.001024967113816946
205.0,-0.025933480993078326,-0.025933480583318957,-30.150272259531683,-30.150272259415782,0.0004405843692775566,0.00044058437343971654,0.001136543981082575,0.0011365439822469815
205.25,-0.025825030164437414,-0.025825029753636854,-30.14997511447973,-30.149975114363524,0.00042703208933067435,0.00042703209349796034,0.001240617712298303,0.001240617713465141
205.5,-0.02572024860614055,-0.025720248194297572,-30.14965063525606,-30.149650635139547,0.0004112311983468375,0.0004112312025187697,0.001355217566850939,0.0013552175680202109
205.75,-0.025619631143975027,-0.025619630731088472,-30.149299248048074,-30.149299247931257,0.0003937180057506806,0.0003937180099272607,0.0014558817482425725,0.0014558817494142815
206.0,-0.02552265295045194,-0.02552265253652058,-30.148922913688203,-30.148922913571077,0.0003821168834733355,0.0003821168876550468,0.0015547942245464574,0.0015547942257206065
206.25,-0.025425482340769953,-0.025425481925792512,-30.14852525313358,-30.148525253016146,0.00039525476895023264,0.0003952547731370768,0.0016264889738365918,0.001626488975013184
206.5,-0.025324554171621296,-0.02532455375559643,-30.148110643509153,-30.14811064339141,0.00041217662467440925,0.0004121766288668697,0.0016903864262417846,0.0016903864274208232
206.75,-0.025218141577376178,-0.0252181411603026,-30.14767927153034,-30.147679271412287,0.0004391307648482956,0.0004391307690454109,0.001760586863056438,0.001760586864237926
207.0,-0.025106193524012173,-0.025106193105888658,-30.147230967939326,-30.147230967820963,0.00045645983209879724,0.0004564598363010506,0.0018258402313256843,0.0018258402325096248
207.25,-0.024991151409646098,-0.024991150990471302,-30.146765639458675,-30.14676563934,0.0004638837901287099,0.0004638837943365847,0.0018967869140086354,0.0018967869151950314
207.5,-0.0248749438625641,-0.024874943442336678,-30.146283026341646,-30.146283026222658,0.00046578295311741267,0.00046578295733042894,0.001964117843233757,0.0019641178444226126
207.75,-0.024756762646001174,-0.02475676222471984,-30.14578468101227,-30.14578468089297,0.0004796723161242518,0.00047967232034241134,0.0020226434823479426,0.002022643483539261
208.0,-0.0246350222710916,-0.02463502184875513,-30.145272970876576,-30.145272970756963,0.0004942552651252926,0.0004942552693481158,0.002071036228364677,0.0020710362295584613
208.25,-0.024509190642755006,-0.02450919021936217,-30.14474820063528,-30.144748200515355,0.0005124030696854202,0.0005124030739133904,0.0021271239910769122,0.0021271239922731654
208.5,-0.024378514919335455,-0.02437851449488491,-30.144207588146916,-30.144207588026678,0.0005330093994980925,0.000533009403731693,0.0021977739731099677,0.002197773974308693
208.75,-0.024243892582750826,-0.024243892157241223,-30.143650721931664,-30.14365072181111,0.0005439749131673133,0.0005439749174060642,0.002257154715141602,0.0022571547163428027
209.0,-0.024106086684217938,-0.02410608625764799,-30.14307739648045,-30.14307739635958,0.0005584791129506385,0.0005584791171945416,0.0023294475271577984,0.002329447528361477
209.25,-0.023966437240208284,-0.023966436812576698,-30.142488865986646,-30.14248886586546,0.0005587211141091359,0.0005587211183581929,0.00237879640051455,0.0023787964017207104
209.5,-0.02382470271302536,-0.02382470228433079,-30.141888145788677,-30.141888145667174,0.0005751596672646726,0.0005751596715193669,0.002426963633458004,0.0024269636346666485
209.75,-0.02368105550951726,-0.023681055079758363,-30.141272906967615,-30.141272906845796,0.0005740243932965863,0.0005740243975564381,0.0024949470421400054,0.002494947043351138
210.0,-0.023537802671485024,-0.023537802240660443,-30.140642418554208,-30.140642418432073,0.0005720034262957998,0.0005720034305612924,0.002548960455713019,0.002548960456926643
210.25,-0.023393736308898676,-0.023393735877007063,-30.140001986919156,-30.140001986796705,0.0005805299045562993,0.0005805299088269528,0.0025744918208668913,0.00257449182208301
210.5,-0.02324850008637449,-0.023248499653414495,-30.13935577684323,-30.13935577672046,0.000581361850188427,0.0005813618544647247,0.002595188708159321,0.002595188709377938
210.75,-0.023101023617558572,-0.023101023183528784,-30.138703263003343,-30.138703262880252,0.0005984527270549337,0.0005984527313368775,0.0026249203996620576,0.0026249204008831754
211.0,-0.022951443510848237,-0.022951443075747303,-30.138042737578996,-30.138042737455585,0.0005981913902868593,0.0005981913945739694,0.0026592830198111546,0.002659283021034777
211.25,-0.022801297788126493,-0.02280129735195312,-30.137374581633175,-30.13737458150944,0.0006029769310164294,0.0006029769353087074,0.0026859640956392603,0.00268596409686539
211.5,-0.02265157120295901,-0.02265157076571191,-30.136699681589366,-30.136699681465313,0.0005948383455857173,0.000594838349883165,0.0027132370221931174,0.002713237023421758
211.75,-0.022502148830933905,-0.022502148392611783,-30.136015956232903,-30.13601595610853,0.000600544739535367,0.0006005447438379863,0.0027565652915617967,0.002756565292792951
212.0,-0.022353580335283323,-0.022353579895884886,-30.135323673056497,-30.135323672931804,0.0005880056192766343,0.0005880056235844268,0.00278170130192923,0.002781701303162901
212.25,-0.022205338491520395,-0.02220533805104435,-30.13462640158756,-30.134626401462544,0.0005979305469000787,0.0005979305512130462,0.002796469513903525,0.0027964695151397163
212.5,-0.02205617699286885,-0.022056176551313905,-30.133923794012432,-30.133923793887092,0.0005953640986617212,0.0005953641029798654,0.002824391329151002,0.0028243913303897163
212.75,-0.02190537808078707,-0.02190537763815187,-30.133214054673548,-30.133214054547885,0.0006110299685665444,0.0006110299728903488,0.002853521904978636,0.002853521906219877
213.0,-0.02175084178245298,-0.021750841338736043,-30.132498605675547,-30.13249860554956,0.0006252620028758886,0.0006252620072058365,0.002870068737272817,0.002870068738516588
213.25,-0.02159020633260875,-0.021590205887808665,-30.131773230504564,-30.13177323037825,0.0006598275481144546,0.0006598275524495848,0.002932929371793244,0.002932929373039549
213.5,-0.02142146094795923,-0.02142146050207476,-30.131030726859372,-30.13103072673273,0.0006901425486389832,0.0006901425529788157,0.0030070969316785376,0.003007096932927379
213.75,-0.021246470987320094,-0.021246470540349883,-30.130270466703017,-30.13027046657605,0.000709783564757765,0.0007097835691037464,0.0030749824674415503,0.0030749824686929312
214.0,-0.021066828779462567,-0.021066828331405198,-30.12949371528039,-30.129493715153096,0.0007273601650227401,0.0007273601693739089,0.003139027256505887,0.003139027257759811
214.25,-0.020883924627552588,-0.020883924178406763,-30.12870647361383,-30.128706473486204,0.0007358749536314737,0.0007358749579878317,0.0031589052732731025,0.0031589052745295727
214.5,-0.020698425821165475,-0.02069842537092996,-30.127912653128416,-30.127912653000465,0.0007481186150384233,0.0007481186193994908,0.0031916574557335196,0.003191657456992539
214.75,-0.02051116887708542,-0.020511168425758914,-30.1271119660293,-30.127111965901022,0.0007499390588663043,0.0007499390632330462,0.0032138391656012875,0.0032138391668628595
215.0,-0.020322120428944695,-0.02032211997652584,-30.126306192752097,-30.12630619262349,0.0007624503013291176,0.0007624503057010541,0.0032323458725094503,0.003232345873773578
215.25,-0.020132704029986407,-0.020132703576473905,-30.125494611809287,-30.125494611680345,0.0007528835564161832,0.0007528835607933161,0.0032603025719917097,0.0032603025732583966
215.5,-0.019948587803737466,-0.019948587349130017,-30.12467618000462,-30.124676179875348,0.0007200488146913372,0.0007200488190736684,0.0032871549610834507,0.0032871549623526997
215.75,-0.019770883716152203,-0.019770883260448506,-30.1238505346041,-30.123850534474496,0.0007015868234513217,0.0007015868278388529,0.003318009983739289,0.0033180099850111033
216.0,-0.019598647514923514,-0.01959864705812227,-30.123020073817358,-30.12302007368742,0.0006763035369454875,0.0006763035413382206,0.00332567869396667,0.0033256786952410525
216.25,-0.019428812847389267,-0.019428812389489177,-30.122188284448956,-30.122188284318685,0.0006823741092876653,0.0006823741136856021,0.003328635680963992,0.003328635682240946
216.5,-0.019258055737904865,-0.019258055278904628,-30.121353995499366,-30.12135399536876,0.0006836844004590887,0.0006836844048622309,0.0033456757922961087,0.003345675793575637
216.75,-0.019084572155355688,-0.019084571695253943,-30.120515918151774,-30.120515918020835,0.000704185538347332,0.0007041855427561631,0.003358941055633652,0.003358941056915758
217.0,-0.018906622942651136,-0.01890662248144658,-30.119674738718842,-30.11967473858757,0.0007194092808813318,0.0007194092852948904,0.003370492972577602,0.003370492973862289
217.25,-0.018727168721080944,-0.018727168258772332,-30.118827214762987,-30.118827214631377,0.0007162282167556909,0.0007162282211744604,0.003409698974234702,0.0034096989755219736
217.5,-0.01854609988786111,-0.01854609942444714,-30.11797186127178,-30.117971861139832,0.0007323246868217779,0.0007323246912457601,0.0034331274379086466,0.0034331274391985055
217.75,-0.018360736614379966,-0.018360736149859273,-30.11711006821875,-30.117110068086465,0.0007505841788206333,0.0007505841832503117,0.0034612152648679567,0.0034612152661604063
218.0,-0.018171298300920746,-0.018171297835291908,-30.11624093074312,-30.1162409306105,0.0007649252505512909,0.0007649252549866673,0.003491883188127321,0.0034918831894223644
218.25,-0.01798250593470344,-0.01798250546796509,-30.1153652909494,-30.115365290816435,0.0007454157226424905,0.000745415727083085,0.0035132370010929307,0.0035132370023905715
218.5,-0.017799291446062553,-0.017799290978213388,-30.11448411311475,-30.114484112981444,0.0007203023796351716,0.0007203023840809861,0.0035361880438743473,0.0035361880451745885
218.75,-0.017621773844222408,-0.01762177337526112,-30.11359851545132,-30.113598515317673,0.0006998396332409084,0.0006998396376919448,0.0035485951928728183,0.0035485951941756633
219.0,-0.01744883301578559,-0.017448832545710877,-30.112708493595086,-30.112708493461103,0.0006836891890549743,0.0006836891935112343,0.003571581179702902,0.003571581181008354
219.25,-0.01728093060999173,-0.01728093013880229,-30.111814309162536,-30.11181430902821,0.0006595310566991092,0.0006595310611605947,0.003581896558399927,0.003581896559707989
219.5,-0.017116697349339457,-0.01711669687703392,-30.110916222421324,-30.110916222286658,0.0006543370253820258,0.0006543370298492202,0.0036027978610554384,0.0036027978623661134
219.75,-0.01695527940743555,-0.016955278934012486,-30.110013754490037,-30.11001375435503,0.0006370078696850184,0.0006370078741579237,0.003616947223097881,0.003616947224411173
220.0,-0.016797261978719537,-0.016797261504177576,-30.109107654173872,-30.10910765403852,0.000627132990955244,0.0006271329954333803,0.0036318562372946056,0.0036318562386105173
220.25,-0.01663821798891484,-0.016638217513252618,-30.108200338484743,-30.108200338349047,0.000645218463738224,0.0006452184682220746,0.003626667570692267,0.003626667572010802
220.5,-0.016473919439542982,-0.01647391896275913,-30.10729500505871,-30.10729500492267,0.0006691689515509258,0.0006691689560400112,0.003615997579569657,0.003615997580890819
220.75,-0.016304938980312753,-0.01630493850240596,-30.10638994758055,-30.106389947444164,0.0006826755472603735,0.0006826755517546954,0.0036244609723718986,0.0036244609736956904
221.0,-0.01613202383643761,-0.016132023357406565,-30.105484631356813,-30.10548463122008,0.0007006450285907862,0.0007006450330903464,0.0036180671234131755,0.0036180671247396
221.25,-0.015957524144176064,-0.015957523664019462,-30.104582399657343,-30.10458239952026,0.0006953508139578731,0.0006953508184626735,0.003599786971552383,0.003599786972881444
221.5,-0.015785115140223054,-0.015785114658939583,-30.103682240192583,-30.103682240055154,0.0006839214057967364,0.0006839214103067789,0.0036014898241542173,0.0036014898254859177
221.75,-0.015615109799398128,-0.015615109316986363,-30.102784141712114,-30.10278414157434,0.0006761196329386486,0.0006761196374548983,0.003583298755200563,0.0035832987565349063
222.0,-0.015447271373524713,-0.015447270889983163,-30.101889796918872,-30.10188979678075,0.0006665866847837615,0.0006665866893057386,0.0035714604895483275,0.003571460490885317
222.25,-0.015281939676165788,-0.01528193919149314,-30.100995385468014,-30.100995385329544,0.0006560680869430553,0.0006560680914697984,0.003583832109065267,0.0035838321104049065
222.5,-0.015118287734705433,-0.015118287248900377,-30.100097794387345,-30.100097794248526,0.0006531487026706854,0.0006531487072031596,0.0035968968115796932,0.0035968968129219854
222.75,-0.014955443306678997,-0.014955442819740098,-30.09919520201484,-30.09919520187567,0.0006496092880497689,0.0006496092925879762,0.003623842502218676,0.0036238425035636243
223.0,-0.014794207069401826,-0.014794206581327712,-30.098286491947295,-30.098286491807777,0.0006402827097988104,0.0006402827143422709,0.003645838917503829,0.0036458389188514374
223.25,-0.014635421919846932,-0.01463542143063635,-30.097372633687243,-30.097372633547373,0.0006300003212149772,0.0006300003257632112,0.003665028132404194,0.003665028133754465
223.5,-0.014480825898066825,-0.014480825407718521,-30.09645475191662,-30.0964547517764,0.0006067691034161735,0.0006067691079696645,0.0036780282228920766,0.0036780282242450135
223.75,-0.01433031123851774,-0.014330310747030398,-30.09553160548358,-30.095531605343005,0.0005973509421218672,0.0005973509466806172,0.003707144129444266,0.0037071441307998717
224.0,-0.014181679409746075,-0.014181678917118261,-30.094601936267075,-30.094601936126146,0.0005917058865075231,0.000591705891072497,0.003730210134874429,0.0037302101362327073
224.25,-0.01403576743142321,-0.01403576693765349,-30.093668931179927,-30.093668931038646,0.0005755903048996529,0.0005755903094698896,0.003733832081746308,0.003733832083107262
224.5,-0.01389382110671565,-0.013893820611802707,-30.092732664160884,-30.09273266401925,0.0005599824342817402,0.0005599824388572414,0.00375630554218097,0.003756305543544603
224.75,-0.013754196854016045,-0.01375419635795844,-30.091791003973036,-30.091791003831045,0.0005570135584990853,0.0005570135630808161,0.0037769762405665793,0.003776976241932895
225.0,-0.013614848314392936,-0.013614847817189232,-30.09084620549332,-30.090846205350974,0.000557775198941866,0.000557775203528865,0.0037814115253965606,0.0037814115267655627
225.25,-0.01347638784370241,-0.013476387345351231,-30.089903116361718,-30.089903116219016,0.0005499068813845032,0.000549906885977254,0.0037633022693052028,0.003763302270676894
225.5,-0.013340977536379854,-0.013340977036879762,-30.08896529483829,-30.08896529469523,0.0005333733332243583,0.0005333733378228629,0.0037392714769687433,0.003739271478343128
225.75,-0.013211317065993664,-0.01321131656534322,-30.088032862353923,-30.088032862210508,0.000503908651708688,0.0005039086563129481,0.0037201911759576723,0.0037201911773347535
226.0,-0.013088973508847069,-0.013088973007044893,-30.087105104389718,-30.087105104245943,0.00047483809820529307,0.00047483810281482886,0.0037018752785246078,0.003701875279904389
226.25,-0.01297295168177508,-0.012972951178819853,-30.086183924597417,-30.086183924453284,0.0004533333021494997,0.000453333306764313,0.0036675650874251737,0.003667565088807658
226.5,-0.012860917997128475,-0.012860917493018816,-30.08527040993626,-30.085270409791768,0.00044293364625059564,0.00044293365087116996,0.0036405531823627117,0.0036405531837479022
226.75,-0.012753049966896165,-0.012753049461630694,-30.084363787507623,-30.08436378736277,0.000420007961246731,0.00042000796587258663,0.0036124284082507787,0.0036124284096386793
227.0,-0.012650488588448973,-0.01265048808202625,-30.08346534928276,-30.083465349137548,0.00040047956143882785,0.00040047956607092996,0.003575079231842474,0.0035750792332330883
227.25,-0.012550951328335818,-0.012550950820754341,-30.082573452228907,-30.08257345208333,0.00039581712291873386,0.00039581712755660267,0.003560097638628821,0.003560097640022152
227.5,-0.012452288381977638,-0.012452287873236026,-30.081684662595908,-30.08168466244997,0.00039348553242936015,0.000393485537072516,0.003550219645243867,0.0035502196466399177
227.75,-0.012354365129246914,-0.012354364619343786,-30.080797484684442,-30.08079748453814,0.0003899002207652693,0.0003899002254141957,0.003547203984550587,0.0035472039859493613
228.0,-0.012256615027851178,-0.012256614516785091,-30.079913058385774,-30.079913058239107,0.00039209881491802186,0.0003920988195727208,0.003528206197578346,0.0035282061989798472
228.25,-0.012160336777588354,-0.012160336265357924,-30.07903118611763,-30.079031185970596,0.0003781270674906936,0.00037812707215068535,0.0035267732649085694,0.0035267732663128008
228.5,-0.012065506565713837,-0.01206550605231774,-30.078149698262237,-30.07814969811484,0.0003805144876886529,0.00038051449235393934,0.0035251293531944096,0.0035251293546013744
228.75,-0.011970493124070712,-0.011970492609507685,-30.077269944575757,-30.077269944427993,0.0003795919076888624,0.00037959191235896386,0.0035129002256838156,0.003512900227093517
229.0,-0.011875603758572474,-0.01187560324284125,-30.07639229485567,-30.07639229470754,0.0003795225975350306,0.0003795226022104306,0.003508297541606616,0.003508297543019057
229.25,-0.011780633108066091,-0.011780632591165349,-30.07551711119846,-30.075517111049965,0.000380241195633032,0.0003802412003137324,0.003493171648358783,0.003493171649773967
229.5,-0.011685267859606288,-0.0116852673415347,-30.074646410558117,-30.07464641040925,0.0003826788520749201,0.00038267885676092296,0.0034724332446336805,0.0034724332460516105
229.75,-0.011588244560667664,-0.011588244041423846,-30.073779654934803,-30.073779654785568,0.00039350653460357106,0.00039350653929535984,0.0034616107211035596,0.0034616107225242396
230.0,-0.011488758525744866,-0.01148875800532731,-30.072915935558544,-30.07291593540894,0.0004023804909943188,0.0004023804956923771,0.003448143452370655,0.0034481434537940885
230.25,-0.011390386632535781,-0.011390386110942981,-30.072059655950042,-30.072059655800068,0.0003845903289522954,0.00038459033365614354,0.003402095092958153,0.003402095094384343
230.5,-0.011294713849839443,-0.01129471332706995,-30.071213780346735,-30.07121378019639,0.00038078844210285597,0.00038078844681249587,0.003364910091997556,0.0033649100934265066
230.75,-0.011201489955296809,-0.011201489431349236,-30.07037615822379,-30.070376158073074,0.00036500000994077274,0.00036500001465572475,0.0033360683801621762,0.003336068381593891
231.0,-0.011112102551329547,-0.011112102026202563,-30.06954768254374,-30.06954768239265,0.000350095056649716,0.00035009506136998204,0.003291738465563767,0.0032917384669982484
231.25,-0.011022582787884379,-0.011022582261576657,-30.06872596337464,-30.068725963223173,0.00036606214834784893,0.00036606215307343094,0.003282013381916659,0.003282013383353911
231.5,-0.010930544641258737,-0.010930544113768828,-30.067906173132762,-30.067906172980923,0.00037024250149114593,0.00037024250622300905,0.0032763081590186107,0.0032763081604586363
231.75,-0.01083775397077924,-0.010837753442105632,-30.06708789789912,-30.067087897746905,0.00037208227241653413,0.0003720822771541987,0.0032698935367189647,0.0032698935381617676
232.0,-0.010742817043215842,-0.010742816513357085,-30.066272164386522,-30.066272164233933,0.00038741185085517705,0.0003874118555986451,0.0032559731188419342,0.0032559731202875183
232.25,-0.010647276756687968,-0.010647276225642733,-30.06546009694976,-30.065460096796794,0.00037690900419062797,0.00037690900893893816,0.0032405673655200536,0.003240567366968422
232.5,-0.010555972893520007,-0.01055597236128696,-30.064651735585652,-30.06465173543231,0.0003535205730538465,0.0003535205778079641,0.003226325752469164,0.0032263257539203198
232.75,-0.010469630654313404,-0.010469630120891157,-30.063844695319137,-30.063844695165415,0.0003372177006267681,0.00033721770538621337,0.003229997916768464,0.0032299979182224105
233.0,-0.010386973773125472,-0.01038697323851263,-30.063038063124008,-30.06303806296991,0.00032403670807413355,0.0003240367128393901,0.0032230608870288443,0.0032230608884855853
233.25,-0.010304054753790402,-0.010304054217985572,-30.062233583494105,-30.062233583339626,0.0003393144900865402,0.0003393144948571284,0.0032127747118639834,0.003212774713323522
233.5,-0.010218648182844245,-0.010218647645846155,-30.06143292610552,-30.061432925950662,0.00034393617812388894,0.00034393618289932907,0.0031924839611458546,0.003192483962608194
233.75,-0.010133797507091341,-0.010133796968898656,-30.060638055468246,-30.060638055313007,0.0003348667899947662,0.0003348667947760235,0.0031664819921928436,0.003166481993657987
234.0,-0.01005122065453429,-0.010051220115145556,-30.059848924074487,-30.059848923918867,0.0003257461663613297,0.0003257461711484061,0.003146570017827444,0.003146570019295395
234.25,-0.009968425414575948,-0.00996842487398971,-30.05906713852991,-30.059067138373912,0.0003366121031204625,0.00033661210791336,0.0031077133143836964,0.0031077133158544587
234.5,-0.009882860520033464,-0.009882859978248329,-30.058295380140194,-30.058295379983814,0.00034790316741117004,0.000347903172209409,0.003066352738875659,0.003066352740349236
234.75,-0.009793882225816073,-0.009793881682830581,-30.057532053934416,-30.057532053777653,0.0003639207400920329,0.00036392074489657855,0.0030402553972618492,0.003040255398738244
235.0,-0.009700359473166078,-0.009700358928978775,-30.056777675669633,-30.056777675512485,0.00038425700756968863,0.0003842570123795797,0.0029947688037539996,0.002994768805233216
235.25,-0.009604827547128068,-0.009604827001737495,-30.056029193558345,-30.056029193400814,0.00037999825759779546,0.0003799982624139972,0.0029930884881220446,0.0029930884896040865
235.5,-0.009509611113306438,-0.009509610566711138,-30.055279752263573,-30.05527975210566,0.00038173411003587505,0.0003817341148574262,0.0030024417064515407,0.003002441707936411
235.75,-0.00941436097313131,-0.009414360425329945,-30.054529060618304,-30.054529060460002,0.0003802670878763245,0.00038026709270322704,0.0030030915940759796,0.003003091595563682
236.0,-0.009319668048083677,-0.00931966749907491,-30.053777893135177,-30.05377789297649,0.0003772766252948181,0.000377276630127074,0.0030062485529259828,0.00300624855441652
236.25,-0.009227157269197482,-0.009227156718979914,-30.05302638705362,-30.053026386894548,0.00036280957844402707,0.00036280958328212,0.003005801463537517,0.003005801465030893
236.5,-0.009138671038344889,-0.00913867048691706,-30.052276096365823,-30.052276096206363,0.00034507940801076437,0.00034507941285469627,0.0029965257105021162,0.0029965257119983343
236.75,-0.00905521461502861,-0.009055214062389062,-30.051528070820662,-30.05152807066081,0.00032257115796627424,0.0003225711628160471,0.002987680772939599,0.002987680774438663
237.0,-0.008977674086904901,-0.008977673533052172,-30.050780120758393,-30.050780120598155,0.00029775385642287266,0.00029775386127848857,0.0029959220650542023,0.0029959220665561155
237.25,-0.008903523194827125,-0.008903522639759815,-30.050033391699948,-30.05003339153932,0.00029545159393382623,0.0002954515987948055,0.002977910619618045,0.002977910621122811
237.5,-0.008831607654484788,-0.008831607098201496,-30.04929106511902,-30.049291064958002,0.000279871118013685,0.0002798711228805112,0.0029607034967750103,0.0029607034982826325
237.75,-0.008762810443819937,-0.00876280988631914,-30.048554234237397,-30.048554234075986,0.0002705040554533357,0.0002705040603264925,0.0029339444394157516,0.002933944440926234
238.0,-0.008696241844215408,-0.008696241285495582,-30.047823111151533,-30.047823110989732,0.00026204296981081643,0.0002620429746898243,0.002915041045260235,0.002915041046773581
238.25,-0.008627961458580993,-0.008627960898640737,-30.047099320689,-30.047099320526808,0.0002841963775488092,0.00028419638243318843,0.0028752805664237183,0.0028752805679399312
238.5,-0.00855393191445613,-0.00855393135329398,-30.046385216197628,-30.046385216035045,0.0003080364303293916,0.0003080364352201075,0.002837553116947597,0.0028375531184666805
238.75,-0.008474813908120075,-0.008474813345734628,-30.045679704698358,-30.04567970453538,0.00032490470882769797,0.00032490471372330766,0.0028065372869030057,0.002806537288424963
239.0,-0.008392098949728751,-0.008392098386118723,-30.04498307923294,-30.044983079069567,0.0003368111935288928,0.0003368111984298799,0.0027664653139537853,0.00276646531547862
239.25,-0.008310327201404798,-0.008310326636568723,-30.044294539009,-30.044294538845236,0.0003173604861838118,0.0003173604910911416,0.0027418583114151513,0.0027418583129428663
239.5,-0.008234161497282379,-0.008234160931218792,-30.04361300639807,-30.043613006233905,0.0002919621935430979,0.0002919621984558092,0.0027104049706747307,0.00271040497220533
239.75,-0.00816207800870907,-0.008162077441416685,-30.042940334939704,-30.042940334775142,0.000284702008378353,0.0002847020132959662,0.0026709673807911623,0.002670967382324649
240.0,-0.008093472512205636,-0.008093471943683107,-30.042276909187155,-30.042276909022195,0.00026413871941939035,0.0002641387243428707,0.0026364405783625864,0.0026364405798989642
240.25,-0.008025543289680743,-0.008025542719926722,-30.04161971201481,-30.04161971184945,0.0002792936286645366,0.00027929363359292293,0.0026211353716485597,0.0026211353731878315
240.5,-0.007954017282099787,-0.00795401671111293,-30.040966350576948,-30.04096635041119,0.00029291299334237395,0.0002929129982766315,0.0026057548472634144,0.0026057548488055836
240.75,-0.00788078770534596,-0.0078807871331248,-30.04031724500132,-30.04031724483516,0.0002929218726493849,0.0002929218775895157,0.0025870897570002636,0.0025870897585453336
241.0,-0.007806125292807704,-0.007806124719350833,-30.039672751874186,-30.039672751707624,0.0003043757203418318,0.0003043757252873563,0.002568854180246074,0.0025688541817940483
241.25,-0.007730778024026597,-0.007730777449332606,-30.039034496758287,-30.039034496591324,0.00029839945639201053,0.00029839946134341234,0.002537187310436605,0.0025371873119874873
241.5,-0.007657832727006481,-0.007657832151073961,-30.038404880110424,-30.03840487994306,0.000285159401557804,0.00028515940651460355,0.0024997471208066183,0.002499747122360412
241.75,-0.0075874373646430135,-0.007587436787470555,-30.03778507452836,-30.037785074360592,0.00027799963849868374,0.0002779996434613647,0.002458698210783752,0.0024586982123404604
242.0,-0.007516886481340191,-0.007516885902926384,-30.03717334334303,-30.03717334317486,0.00028640521911836076,0.0002864052240864436,0.002435150479423458,0.0024351504809830846
242.25,-0.007448159194715566,-0.007448158615059058,-30.036567938719735,-30.036567938551162,0.0002634105334725791,0.0002634105384460659,0.002408088674946653,0.0024080886765092007
242.5,-0.007383768188922205,-0.007383767608021707,-30.035967584833394,-30.035967584664416,0.0002517162649876173,0.00025171626996602846,0.002394743518372658,0.0023947435199381307
242.75,-0.007322747705309147,-0.007322747123163367,-30.03537179374966,-30.035371793580275,0.00023644543043171618,0.00023644543541553523,0.0023715865913000694,0.0023715865928684698
243.0,-0.007264989286851284,-0.0072649887034588094,-30.03478226029327,-30.034782260123478,0.00022561938989986447,0.00022561939488957507,0.002344682080571116,0.002344682082142448
243.25,-0.007205830399748368,-0.007205829815107665,-30.034200622163517,-30.034200621993318,0.0002476482976623792,0.00024764830265846524,0.0023084208806143517,0.002308420882188619
243.5,-0.0071431859534051515,-0.007143185367514626,-30.0336288014999,-30.033628801329293,0.00025350329720658934,0.00025350330220905273,0.0022661438763697177,0.002266143877946924
243.75,-0.0070764913422823724,-0.00707649075514055,-30.03306554449577,-30.033065544324753,0.0002800511290692649,0.0002800511340771446,0.0022399096537831474,0.002239909655363296
244.0,-0.007004213805253197,-0.007004213216858785,-30.0325106564443,-30.032510656272873,0.0002981653399441133,0.00029816534495692975,0.0021991930502327614,0.002199193051815856
244.25,-0.006927468058605209,-0.006927467468956851,-30.031965341030144,-30.03196534085831,0.0003157972641984535,0.00031579726921717203,0.0021633286007022136,0.0021633286022882574
244.5,-0.006846425615138187,-0.006846425024234408,-30.031429323358648,-30.0314293231864,0.0003325386650614911,0.00033253867008611366,0.0021248111929365746,0.0021248111945255713
244.75,-0.0067631501136093675,-0.006763149521448751,-30.030901347643876,-30.030901347471218,0.0003336629264729494,0.0003336629315029965,0.0020989944192898995,0.0020989944208818527
245.0,-0.006678599955121563,-0.006678599361702693,-30.030380861783854,-30.030380861610784,0.0003427351397248682,0.00034273514476082354,0.002064891605617397,0.0020648916072123096
245.25,-0.006591563625520131,-0.0065915630308415905,-30.02987038611828,-30.029870385944793,0.0003535511760951616,0.0003535511811365456,0.0020189126993058605,0.002018912700903736
245.5,-0.006502537735177301,-0.006502537139237672,-30.029369074436094,-30.029369074262195,0.00035865338397525736,0.00035865338902255376,0.0019915802771890826,0.0019915802787899245
245.75,-0.006412427005670537,-0.006412426408468281,-30.02887579692893,-30.028875796754615,0.0003622289836938048,0.00036222898874749726,0.001954639443072054,0.001954639444675866
246.0,-0.006320501713943591,-0.006320501115477168,-30.028390581863103,-30.028390581688374,0.0003731707665146997,0.0003731707715743087,0.0019270800520074468,0.001927080053614232
246.25,-0.006229236913977674,-0.006229236314245605,-30.027909373315154,-30.02790937314001,0.00035694722447689447,0.00035694722954242216,0.0019225898612158184,0.0019225898628255802
246.5,-0.006141914214630456,-0.006141913613631202,-30.027429513306874,-30.02742951313131,0.00034163379047309663,0.0003416337955450267,0.00191629164885351,0.0019162916504662523
246.75,-0.00605844018224043,-0.00605843957997245,-30.026951028099642,-30.02695102792366,0.0003261580388668811,0.00032615804394473403,0.0019115914681260868,0.0019115914697418134
247.0,-0.005978392994012673,-0.005978392390474546,-30.02647427775909,-30.026474277582686,0.00031421861435297497,0.00031421861943627116,0.0019024123820064842,0.0019024123836251985
247.25,-0.00589973011947453,-0.005899729514664894,-30.02600369651999,-30.026003696343167,0.00031508060682291003,0.00031508061191165164,0.0018622374495756541,0.0018622374511973595
247.5,-0.0058217905135961616,-0.005821789907513656,-30.025541464193203,-30.025541464015962,0.0003084337433349575,0.0003084337484291466,0.0018356217914286617,0.0018356217930533614
247.75,-0.005747028941435131,-0.005747028334078333,-30.025086160635645,-30.02508616045798,0.0002896561293759422,0.00028965613447606256,0.0018068084394658145,0.001806808441093512
248.0,-0.005674770073971661,-0.005674769465339088,-30.02463836771049,-30.024638367532408,0.0002884118734230873,0.000288411878529141,0.0017755350791282196,0.0017755350807589186
248.25,-0.00560621598927512,-0.005606215379365287,-30.02419821000192,-30.024198209823417,0.00026001800500897624,0.0002600180101209654,0.0017457292664734521,0.0017457292681071562
248.5,-0.005543884938414493,-0.0055438843272258564,-30.02376553924429,-30.023765539065366,0.00023862757490384403,0.00023862758002225228,0.0017156388113128127,0.0017156388129495256
248.75,-0.0054857008187290685,-0.005485700206260084,-30.023338261122603,-30.023338260943255,0.00022684416138239787,0.0002268441665067457,0.0017025872731930428,0.0017025872748327685
249.0,-0.005430788558692968,-0.005430787944942151,-30.02291359566826,-30.02291359548849,0.0002124531876316332,0.0002124531927619227,0.0016947377183830724,0.0016947377200258143
249.25,-0.005380068963558252,-0.005380068348524236,-30.022493397697797,-30.0224933975176,0.00019330095208872962,0.00019330095722399973,0.0016668478510701928,0.0016668478527159544
249.5,-0.0053316073620153625,-0.005331606745696722,-30.022082612602624,-30.022082612422,0.00019438739769135068,0.0001943874028330483,0.0016194328079405407,0.0016194328095893256
249.75,-0.005285475656198073,-0.005285475038593321,-30.021683070380515,-30.021683070199465,0.0001746622468548084,0.00017466225200197245,0.0015769068286722266,0.0015769068303240384
250.0,-0.005242185591445335,-0.0052421849725530455,-30.021294583469768,-30.02129458328829,0.00017165394891041527,0.00017165395406352948,0.0015309887409747612,0.0015309887426296033
250.25,-0.005199375925228326,-0.005199375305047011,-30.020914397591334,-30.020914397409427,0.00017082145583088905,0.00017082146098995553,0.0015104983650466304,0.0015104983667045065
250.5,-0.005157576137951423,-0.005157575516479534,-30.020538806762783,-30.020538806580447,0.0001635753151822028,0.00016357532034770532,0.0014942289465809315,0.0014942289482418453
250.75,-0.005116324406026421,-0.005116323783262348,-30.020168284658386,-30.02016828447562,0.00016643625756075493,0.0001664362627326956,0.001469947618928703,0.0014699476205926587
251.0,-0.005073998268433085,-0.005073997644375219,-30.019802238581445,-30.01980223839825,0.00017217176317049242,0.0001721717683488734,0.0014584204559110134,0.0014584204575780145
251.25,-0.005031834200670124,-0.005031833575316975,-30.01944006896802,-30.019440068784395,0.0001651389487789282,0.0001651389539627884,0.0014389371145909077,0.001438937116260958
251.5,-0.004992351054880801,-0.004992350428230938,-30.019082922867785,-30.01908292268373,0.00015072427186163916,0.00015072427705146234,0.0014182330463615223,0.0014182330480346254
251.75,-0.004954587795358762,-0.004954587167410754,-30.018731148030362,-30.018731147845873,0.00015137971096850178,0.00015137971616380847,0.0013959655912839685,0.0013959655929601277
252.0,-0.004917985014363273,-0.004917984385115749,-30.01838539404787,-30.018385393862946,0.00014144010113743672,0.00014144010633822908,0.0013700672058325166,0.0013700672075117354
252.25,-0.004880029213934046,-0.004880028583385635,-30.018046594893757,-30.0180465947084,0.00016220350416965172,0.0001622035093759319,0.0013403240695318672,0.001340324071214149
252.5,-0.0048381135965113444,-0.004838112964660674,-30.017716931676873,-30.01771693149108,0.00017311735547530105,0.0001731173606870712,0.0012969806366460845,0.0012969806383314327
252.75,-0.004793424109431033,-0.00479342347627673,-30.017396444836855,-30.017396444650625,0.00018439571352569,0.00018439571874295224,0.0012669130202250856,0.0012669130219135037
253.0,-0.004745442056898139,-0.00474544142243889,-30.017084924358322,-30.017084924171655,0.00019945678634398608,0.00019945679156626098,0.0012252493881280775,0.0012252493898195686
253.25,-0.00469961793303939,-0.004699617297273882,-30.01678238779611,-30.016782387609005,0.00016713336428023524,0.00016713336950800663,0.0011950461570963851,0.0011950461587909526
253.5,-0.004660595775390945,-0.004660595138317803,-30.016486205169187,-30.016486204981646,0.00014504195821670823,0.00014504196344997824,0.001174416941121516,0.0011744169428191632
253.75,-0.004628285934184897,-0.004628285295802686,-30.01619680506181,-30.01619680487383,0.00011343360594190684,0.0001134336111811592,0.0011407868980080156,0.001140786899708746
254.0,-0.00460249760643056,-0.0046024969667378445,-30.015914298108637,-30.015914297920215,9.287099165643025e-05,9.28709969011855e-05,0.0011192706660856358,0.001119270667789453
254.25,-0.004579082961362399,-0.004579082320357804,-30.015638143315957,-30.015638143127095,9.444340991879771e-05,9.444341516905796e-05,0.0010899675271674187,0.001089967528874326
254.5,-0.004554149513273601,-0.004554148870955688,-30.015369729086878,-30.015369728897575,0.00010502110313984368,0.00010502110839609274,0.0010573453082480702,0.001057345309958071
254.75,-0.004525995886965058,-0.004525995243332271,-30.015107859969284,-30.015107859779537,0.00012020605081888586,0.00012020605608160752,0.001037606200925318,0.0010376062026384162
255.0,-0.004496605329448139,-0.004496604684498858,-30.014851129919187,-30.014851129729,0.00011491639910166722,0.00011491640437086363,0.0010162346986129858,0.0010162347003291855
255.25,-0.0044654942417370535,-0.0044654935954697205,-30.01459738346482,-30.01459738327419,0.00013397207190479527,0.00013397207717998706,0.0010137351397832887,0.0010137351415025935
255.5,-0.004431667129662295,-0.004431666482075411,-30.01434563749978,-30.014345637308704,0.00013664355705289121,0.00013664356233408057,0.0010002323287364673,0.001000232330458881
255.75,-0.004396682464407176,-0.004396681815499181,-30.014095926470784,-30.01409592627926,0.00014323350876389567,0.00014323351405156638,0.0009974552819954588,0.000997455283720985
256.0,-0.004359801793773091,-0.004359801143542364,-30.01384614235216,-30.013846142160194,0.00015181217914075814,0.0001518121844349124,0.0010008168582310486,0.0010008168599596914
256.25,-0.004320606849519904,-0.004320606197964884,-30.013596541394584,-30.01359654120217,0.00016174692606419185,0.00016174693136435022,0.000995989865783892,0.000995989867515655
256.5,-0.004280912104442051,-0.004280911451561237,-30.013346941668317,-30.013346941475454,0.00015581149521346852,0.00015581150051963318,0.0010008085039961531,0.0010008085057310405
256.75,-0.004240258946853984,-0.004240258292645875,-30.01309698483979,-30.01309698464648,0.00016941358686020517,0.00016941359217237834,0.0009988448418513875,0.0009988448435894028
257.0,-0.004197325475417826,-0.004197324819880979,-30.01284627075374,-30.012846270559983,0.0001740549478702832,0.00017405495318798548,0.0010068674090146044,0.001006867410755751
257.25,-0.00415587334642054,-0.004155872689553512,-30.012594325756716,-30.012594325562507,0.00015756226296366376,0.00015756226828737897,0.0010086941221924212,0.0010086941239367028
257.5,-0.0041175366398070595,-0.004117535981608408,-30.012342696025197,-30.012342695830537,0.00014913098599539926,0.00014913099132464797,0.001004344524926266,0.001004344526673686
257.75,-0.004080321734686323,-0.004080321075154603,-30.01209181198792,-30.012091811792807,0.0001485881085012674,0.00014858811383653341,0.0010027278245470371,0.001002727826297599
258.0,-0.004045035416183592,-0.00404503475531736,-30.011841329781433,-30.01184132958587,0.00013370229463844266,0.00013370229997924658,0.0010011312308411686,0.001001131232594876
258.25,-0.0040148627546747855,-0.0040148620924725965,-30.01159155997949,-30.011591559783472,0.00010767861555901631,0.00010767862090584191,0.0009970296382990778,0.0009970296400559344
258.5,-0.003990746775493335,-0.003990746111953683,-30.01134231351854,-30.011342313322068,8.524921369238915e-05,8.524921904523865e-05,0.0009969441640139975,0.000996944165774007
258.75,-0.003972114224954948,-0.003972113560076266,-30.011093999930097,-30.01109399973317,6.381049803159364e-05,6.381050339095086e-05,0.0009895665648383147,0.000989566566601481
259.0,-0.003957962874294202,-0.0039579622080748635,-30.01084807351749,-30.01084807332011,4.939920450599556e-05,4.939920987186267e-05,0.000977846094770934,0.000977846096537261
259.25,-0.003943670602388383,-0.003943669934826881,-30.01060095694601,-30.010600956748174,6.494097544401851e-05,6.494098081543457e-05,0.0009990850118229654,0.0009990850135924566
259.5,-0.003927254352335965,-0.003927253683430972,-30.010349684267005,-30.01034968406871,6.63901600311144e-05,6.639016540759996e-05,0.001011096283650505,0.001011096285423164
259.75,-0.0039087858143791124,-0.0039087851441291805,-30.01009531769959,-30.010095317500838,8.135934757705656e-05,8.135935296005871e-05,0.001023834844416915,0.0010238348461927452
260.0,-0.003886108856350545,-0.0038861081847542268,-30.009837475556832,-30.00983747535762,0.00010005774068124002,0.00010005774606931617,0.0010389005348157533,0.0010389005365947581
260.25,-0.003862788899302208,-0.003862788226358174,-30.00957788438083,-30.00957788418116,8.650181852009527e-05,8.650182391372924e-05,0.0010378301513304573,0.0010378301531126402
260.5,-0.003843550584540697,-0.003843549910247498,-30.00931938345509,-30.009319383254958,6.740398130033708e-05,6.740398670001274e-05,0.0010301790551977836,0.0010301790569831482
260.75,-0.0038285581990316862,-0.0038285575233879313,-30.00906189890346,-30.009061898702868,5.253505988781669e-05,5.2535065292572995e-05,0.001029698759745259,0.0010296987615338088
261.0,-0.0038165737861534607,-0.003816573109157699,-30.008807118182045,-30.00880711798099,4.333825093851257e-05,4.333825634979659e-05,0.0010085478787169003,0.001008547880508639
261.25,-0.003807002455749036,-0.003807001777399696,-30.008557158021162,-30.008557157819645,3.3230752072040514e-05,3.323075748937288e-05,0.0009911343613269571,0.0009911343631218883
261.5,-0.0037998309139324385,-0.003799830234227947,-30.00831117158887,-30.008311171386886,2.4140228192368202e-05,2.4140233616232752e-05,0.0009767579541457095,0.000976757955943837
261.75,-0.0037960556767073737,-0.0037960549956460978,-30.00806643037236,-30.00806643016991,6.062086510468679e-06,6.062091940867665e-06,0.0009811734823970165,0.0009811734841983445
262.0,-0.0037963225996445167,-0.0037963219172248825,-30.007823292822554,-30.00782329261964,-8.199095939555778e-06,-8.199090503101733e-06,0.0009639282606532051,0.0009639282624577369
262.25,-0.0037984920127864604,-0.0037984913290068935,-30.007583731384152,-30.007583731180773,-9.157281034568471e-06,-9.157275591575521e-06,0.000952563336957907,0.0009525633387656465
262.5,-0.0038002829563817363,-0.003800282271240662,-30.00734720692446,-30.007347206720617,-5.171487191284713e-06,-5.171481742232217e-06,0.0009396319648372499,0.000939631966648201
262.75,-0.0038023503768932587,-0.003802349690389102,-30.007111753907996,-30.007111753703683,-1.1367466094490294e-05,-1.136746063889438e-05,0.0009439927511082442,0.0009439927529224107
263.0,-0.0038042757241626363,-0.0038042750362938206,-30.00687538687248,-30.006875386667698,-4.035034232558983e-06,-4.03502877089901e-06,0.0009469428417736982,0.0009469428435910838
263.25,-0.0038035038393072077,-0.003803503150072217,-30.00664043381578,-30.006640433610528,1.0208768516055637e-05,1.0208773983781943e-05,0.000932680268981712,0.0009326802708023206
263.5,-0.0038001099161214225,-0.0038001092255187403,-30.006410796682065,-30.006410796476345,1.6939952757804785e-05,1.6939958231599684e-05,0.0009044161661705024,0.0009044161679943377
263.75,-0.003795964177837617,-0.003795963485865725,-30.00618803153167,-30.006188031325483,1.622343584210316e-05,1.622344132196891e-05,0.0008777051045816761,0.000877705106408742
264.0,-0.003790382361998004,-0.0037903816686553856,-30.005970506053686,-30.005970505847028,2.8429657992800923e-05,2.8429663478739805e-05,0.0008624975685403055,0.0008624975703706055
264.25,-0.003781178582303436,-0.0037811778875885714,-30.00575817871266,-30.00575817850553,4.5198094104692866e-05,4.519809959670718e-05,0.0008361195787906469,0.0008361195806241849
264.5,-0.003768944464400609,-0.003768943768311979,-30.005551336769766,-30.005551336562164,5.267320075831569e-05,5.267320625640769e-05,0.0008186152596701266,0.0008186152615069063
264.75,-0.0037527739457147236,-0.0037527732482508093,-30.00534911126013,-30.005349111052055,7.668911956667536e-05,7.668912507084738e-05,0.000799186553228526,0.0007991865550685511
265.0,-0.0037314705281723216,-0.0037314698293316622,-30.005153183259495,-30.005153183050943,9.373530613097553e-05,9.373531164074822e-05,0.0007682358447926357,0.00076823584663591
265.25,-0.0037063003920671865,-0.003706299691848322,-30.00496534457539,-30.00496534436636,0.00010762260349321559,0.00010762260900907283,0.0007344723188118244,0.0007344723206583513
265.5,-0.003677379228576097,-0.0036773785269775057,-30.004785965307647,-30.004785965098144,0.00012374351181910077,0.00012374351734104495,0.0007005603033036027,0.0007005603051533862
265.75,-0.0036458818588345327,-0.0036458811558546926,-30.004615500151626,-30.004615499941647,0.00012823192508069542,0.00012823193060872878,0.0006631605217503097,0.0006631605236033534
266.0,-0.003611111390175274,-0.003611110685812663,-30.004454748052158,-30.0044547478417,0.00014992802965681996,0.0001499280351909448,0.0006228542285374768,0.0006228542303937843
266.25,-0.003571108808693586,-0.00357110810294662,-30.0042983539688,-30.00429835375786,0.00017009314170082985,0.00017009314724153007,0.000628296537222893,0.0006282965390824683
266.5,-0.0035274253358987934,-0.0035274246287658887,-30.004140162492504,-30.004140162281086,0.0001793754903131847,0.00017937549585998096,0.000637234398049608,0.000637234399912455
266.75,-0.0034811241857457455,-0.003481123477225438,-30.00397918662786,-30.00397918641596,0.0001910349757410353,0.0001910349812934483,0.0006505714198965371,0.0006505714217626594
267.0,-0.003431274584626243,-0.0034312738747170678,-30.00381502223408,-30.003815022021698,0.00020776298865424761,0.00020776299421276128,0.0006627421532819383,0.0006627421551513395
267.25,-0.003380896392079148,-0.00338089568077958,-30.00365168692444,-30.003651686711578,0.00019526078724707907,0.00019526079281169569,0.0006439415026016986,0.0006439415044743825
267.5,-0.0033325974349113375,-0.0033325967222198505,-30.00349423619206,-30.003494235978717,0.00019112821187479103,0.00019112821744551287,0.0006156647460959517,0.000615664747971922
267.75,-0.0032838919267981323,-0.0032838912127131996,-30.003343920070137,-30.00334391985631,0.00019851314542924077,0.00019851315100607016,0.000586863533089884,0.0005868635349691445
268.0,-0.0032334241438162765,-0.003233423428336371,-30.00320097268103,-30.003200972466715,0.0002052262840748713,0.00020522628965781054,0.0005567149469208942,0.0005567149488034486
268.25,-0.0031809435733530424,-0.0031809428564765763,-30.003060570530664,-30.003060570315863,0.00021461921069717882,0.00021461921628671186,0.0005665013704915448,0.0005665013723773972
268.5,-0.0031273950832390704,-0.003127394364964515,-30.002919301538842,-30.002919301323555,0.00021376845001415743,0.00021376845560932333,0.0005636506443548416,0.0005636506462439956
268.75,-0.0030713893050696647,-0.0030713885853954916,-30.00277874730837,-30.002778747092595,0.0002342775137752591,0.00023427751937702345,0.0005607812658792663,0.0005607812677717257
269.0,-0.0030099875816069605,-0.0030099868605315797,-30.002638879479665,-30.002638879263404,0.0002569360365432569,0.0002569360421511405,0.0005581592275440108,0.0005581592294397795
269.25,-0.0029490444293569715,-0.002949043706878853,-30.00249880034796,-30.00249880013121,0.00023060959822415565,0.00023060960383816076,0.0005624763082225578,0.0005624763101216396
269.5,-0.0028944442307224437,-0.0028944435068401168,-30.002359648516876,-30.002359648299635,0.00020619089314288927,0.00020619089876253654,0.000550740642719235,0.0005507406446216335
269.75,-0.0028449896519327266,-0.0028449889266447203,-30.00222237580455,-30.002222375586822,0.0001894454341494072,0.0001894454397751806,0.0005474426347035617,0.0005474426366092806
270.0,-0.002800685482819058,-0.002800684756123841,-30.002086444622154,-30.002086444403936,0.00016498722501356207,0.00016498723064546392,0.000540009130452889,0.000540009132361932
270.25,-0.0027608102330228946,-0.002760809504918994,-30.001952926526158,-30.001952926307446,0.00015401366039370035,0.00015401366603125135,0.0005281366721775277,0.0005281366740898985
270.5,-0.0027233897234043643,-0.0027233889938903075,-30.001819726247284,-30.001819726028078,0.0001453513021513031,0.0001453513077949872,0.0005374663755787843,0.0005374663774944865
270.75,-0.0026893235028464923,-0.002689322771920806,-30.00168681396669,-30.001686813746993,0.00012717737101597501,0.00012717737666531295,0.0005258335826723356,0.0005258335845913728
271.0,-0.002656997810843298,-0.002656997078504508,-30.0015565254912,-30.00155652527101,0.00013142728773801008,0.0001314272933934858,0.0005164738206070915,0.0005164738225294674
271.25,-0.002626882800097523,-0.0026268820663440952,-30.00142954321097,-30.001429542990287,0.00010949119204340925,0.00010949119770502504,0.000499386489427129,0.0004993864913528475
271.5,-0.002602049489747579,-0.0026020487545780377,-30.001306216926288,-30.00130621670511,8.917414820373089e-05,8.91741538710075e-05,0.0004872257035868658,0.0004872257055159302
271.75,-0.002580874534318141,-0.0025808737977310106,-30.00118530051379,-30.001185300292114,8.022482741156148e-05,8.022483308498286e-05,0.00048010644020298415,0.00048010644213539817
272.0,-0.002561372711028542,-0.0025613719730222862,-30.001067411571956,-30.001067411349783,7.578814974050301e-05,7.57881554200715e-05,0.0004630055128067559,0.00046300551474252335
272.25,-0.002540113244602664,-0.0025401125051757456,-30.000951379380517,-30.000951379157847,9.428779670532303e-05,9.428780239104101e-05,0.000465250274606538,0.0004652502765456626
272.5,-0.0025161810952363255,-0.0025161803543871466,-30.000833886217738,-30.000833885994567,9.71702924853616e-05,9.7170298177713e-05,0.00047469475593414645,0.0004746947578766322
272.75,-0.0024895216453303323,-0.0024895209030572347,-30.000714245424714,-30.000714245201042,0.00011610604029251717,0.00011610604599150438,0.00048242980305044893,0.0004824298049962999
273.0,-0.002460244689216096,-0.0024602439455174803,-30.000592634766452,-30.00059263454228,0.00011811036995143767,0.00011811037565658141,0.0004904552741226514,0.0004904552760718717
273.25,-0.00242904560874911,-0.0024290448636233764,-30.000473171351537,-30.00047317112686,0.00013147990248295563,0.00013147990819473995,0.0004652507847755753,0.0004652507867281688
273.5,-0.0023954155373404184,-0.0023954147907860267,-30.000361382833386,-30.000361382608205,0.00013755726177714424,0.00013755726749460826,0.0004290567875186051,0.00042905678947457554
273.75,-0.0023611691763772463,-0.0023611684283927166,-30.00025752768399,-30.000257527458306,0.00013641106016263737,0.00013641106588626508,0.00040178451577217397,0.000401784517731525
274.0,-0.0023274651217307764,-0.002327464372314567,-30.000162390196323,-30.000162389970136,0.0001332173784169122,0.000133217384146706,0.00035931568670649,0.0003593156886692254
274.25,-0.0022963807677808053,-0.0022963800169314348,-30.000075499845572,-30.00007549961888,0.00011545524191337999,0.00011545524764886058,0.00033580879397507486,0.00033580879594119836
274.5,-0.0022679959771099664,-0.002267995224825893,-29.99999263605047,-29.999992635823272,0.00011162226710668304,0.000111622272848816,0.00032710192826619286,0.00032710193023570823
274.75,-0.0022411153316520185,-0.0022411145779316984,-29.999914653560342,-29.999914653332635,0.00010342004008757013,0.00010342004583539463,0.0002967587661309205,0.0002967587681038316
275.0,-0.0022166280378882307,-0.002216627282730181,-29.999842027217205,-29.99984202698899,9.247713489106883e-05,9.247714064506886e-05,0.000284253010714695,0.00028425301269100546
275.25,-0.002192498333085698,-0.0021924975764883747,-29.999771303548698,-29.99977130331997,0.00010056025118855729,0.00010056025694873524,0.00028153557533299513,0.0002815355773127087
275.5,-0.0021655743853439776,-0.0021655736273058957,-29.999704027170562,-29.999704026941323,0.00011482899109971459,0.00011482899686559125,0.00025667410456105196,0.00025667410654417244
275.75,-0.002136506384244318,-0.002136505624763992,-29.999642087291477,-29.999642087061726,0.00011771334137809652,0.00011771334715015586,0.0002388446562396066,0.00023884465822613754
276.0,-0.0021044856827444293,-0.002104484921820314,-29.999582609337434,-29.999582609107172,0.00013845209966255564,0.00013845210544080014,0.00023697702089639817,0.00023697702288634338
276.25,-0.0020673308965282614,-0.00206733013415881,-29.99952174086038,-29.999521740629607,0.00015878742089099756,0.00015878742667542963,0.00024996887835393704,0.00024996888034730047
276.5,-0.0020260864810509073,-0.0020260857172345725,-29.999458778379,-29.999458778147712,0.000171168264109149,0.000171168269899771,0.00025372980547587855,0.000253729807472664
276.75,-0.001980533539739763,-0.0019805327744749366,-29.999394169463887,-29.999394169232083,0.00019325616081328957,0.00019325616661058554,0.0002631394330315222,0.0002631394350317337
277.0,-0.0019306699672095298,-0.0019306692004946646,-29.99932720083713,-29.99932720060481,0.00020565332014725797,0.00020565332595026705,0.00027260841227760125,0.0002726084142812426
277.25,-0.0018775643219742012,-0.001877563553807748,-29.999259075174127,-29.999259074941293,0.0002191918301695573,0.00021919183597924515,0.000272395615383005,0.00027239561739008
277.5,-0.0018223622038709786,-0.0018223614342513276,-29.999189427886787,-29.999189427653437,0.00022242629131934247,0.00022242629713522987,0.00028478237844189303,0.0002847823804524057
277.75,-0.0017653886308846873,-0.0017653878598103486,-29.99911768795891,-29.999117687725043,0.00023336271214977628,0.00023336271797138404,0.00028913601352983275,0.0002891360155437868
278.0,-0.0017058603737699803,-0.0017058596012395233,-29.999043068814757,-29.99904306858037,0.0002428651154747588,0.00024286512130208934,0.00030781624388041866,0.00030781624589781766
278.25,-0.001647549485528425,-0.001647548711540419,-29.998967596456644,-29.998967596221735,0.00022362088239223315,0.0002236208882252889,0.00029596443544696165,0.0002959644374678091
278.5,-0.00159403305231018,-0.0015940322768630728,-29.99889548116076,-29.99889548092533,0.00020450917726462937,0.00020450918310437597,0.000280959733552739,0.00028095973557703885
278.75,-0.0015437750684699375,-0.0015437742915620561,-29.998826558342547,-29.998826558106597,0.00019755370813352122,0.0001975537139799611,0.0002704234679676275,0.0002704234699953838
279.0,-0.0014949279088313221,-0.001494927130460993,-29.998760001116203,-29.99876000087973,0.00019322278589797303,0.00019322279175110855,0.00026203475116871617,0.00026203475319993305
279.25,-0.0014498861019137247,-0.001449885322079394,-29.9986962235617,-29.998696223324703,0.0001671103711838621,0.00016711037704273253,0.00024818814680786615,0.0002481881488425475
279.5,-0.0014102182242297192,-0.0014102174429298927,-29.99863638763474,-29.998636387397216,0.0001502309890677797,0.0001502309949328691,0.00023050086035254078,0.00023050086239069018
279.75,-0.0013746645075118035,-0.0013746637247449261,-29.99857839771473,-29.99857839747668,0.00013419902558323079,0.00013419903145454155,0.00023342001128622616,0.00023342001332784745
280.0,-0.001344496825825899,-0.001344496041590415,-29.99852094804885,-29.998520947810274,0.00010714175012592359,0.0001071417560034581,0.00022617986679050308,0.0002261798688356001
280.25,-0.0013146312906408104,-0.0013146305049351638,-29.998463604086,-29.9984636038469,0.00013178313855257003,0.0001317831444363308,0.00023256951283058192,0.00023256951487915856
280.5,-0.0012777068253335484,-0.001277706038156122,-29.998406568001165,-29.99840656776154,0.00016361175511482568,0.00016361176100529679,0.00022371616509646064,0.0002237161671485209
280.75,-0.0012325079245800491,-0.001232507135929165,-29.99835071910595,-29.998350718865794,0.00019797939738970153,0.00019797940328688542,0.00022307175648202446,0.00022307175853757244
281.0,-0.001180331742373556,-0.0011803309522475957,-29.99829602276366,-29.998296022522975,0.00021942926017372863,0.00021942926607714612,0.00021449695958419276,0.00021449696164323247
281.25,-0.0011241880993240454,-0.0011241873077214506,-29.998245058116332,-29.998245057875117,0.0002297178871308926,0.00022971789304054608,0.00019321924907885531,0.00019321925114139065
281.5,-0.0010653726665006838,-0.001065371873419895,-29.998200436406915,-29.99820043616517,0.00024080280680800826,0.00024080281272390023,0.00016375338122439885,0.0001637533832904337
281.75,-0.001003928284452798,-0.0010039274898922552,-29.998161074897837,-29.998161074655563,0.0002507510699977055,0.0002507510759198385,0.00015113775351507033,0.00015113775558460853
282.0,-0.0009399868237516064,-0.0009399860277097495,-29.9981239598923,-29.998123959649494,0.00026078012083722234,0.00026078012676559884,0.0001457813452864063,0.00014578134735945171
282.25,-0.0008710170459317107,-0.0008710162484070387,-29.99808767554575,-29.99808767530241,0.0002909779910629448,0.0002909779969970857,0.0001444905801049005,0.00014449058218145685
282.5,-0.0007955386141205168,-0.0007955378151114679,-29.998050998789505,-29.99805099854563,0.0003128498932439366,0.00031284989918480753,0.00014892140782818156,0.00014892140990825273
282.75,-0.0007142372898667723,-0.0007142364893716637,-29.99801552242453,-29.99801552218012,0.0003375593906395564,0.0003375593965871599,0.00013488718241325804,0.0001348871844968482
283.0,-0.0006276534499223805,-0.0006276526479395288,-29.997983258878612,-29.997983258633663,0.0003551102427361557,0.00035511024869049415,0.00012321953029223622,0.00012321953237934952
283.25,-0.0005410276080954609,-0.0005410268046232422,-29.99795178369314,-29.997951783447654,0.00033789701146445594,0.00033789701742505015,0.00012858357641368332,0.00012858357850432378
283.5,-0.0004583252973086831,-0.0004583244923455333,-29.99792025266021,-29.99792025241419,0.00032372102443240864,0.00032372103039926114,0.00012366602357766264,0.00012366602567183413
283.75,-0.00037802225413817426,-0.0003780214476825285,-29.997890490870912,-29.997890490624354,0.00031870246288608057,0.00031870246885919385,0.00011442876402976823,0.00011442876612747458
284.0,-0.0002998186203977646,-0.0002998178124480574,-29.99786287232395,-29.99786287207685,0.00030692587397508116,0.0003069258799544577,0.00010652072202822051,0.00010652072412946562
284.25,-0.00022155705435751452,-0.00022155624491217987,-29.997835480319704,-29.997835480072066,0.0003191672413611702,0.00031916724734681244,0.00011261415788109615,0.0001126141599858839
284.5,-0.00013867020713480028,-0.00013866939619221124,-29.997805805545045,-29.997805805296867,0.00034392869684540415,0.0003439287028377963,0.00012478170492771022,0.0001247817070360447
284.75,-4.938641289649436e-05,-4.938560045502342e-05,-29.997775430749574,-29.997775430500855,0.0003703410521553672,0.0003703410581540301,0.00011821416871964584,0.000118214170831531
285.0,4.412813676272207e-05,4.412895070467301e-05,-29.99774419806256,-29.997744197813297,0.0003777766265001221,0.000377776632505299,0.00013164662643205715,0.00013164662854749703
285.25,0.00013723404782372005,0.0001372348632678702,-29.997715009994668,-29.997715009744862,0.0003670678684837964,0.00036706787449621215,0.00010185892638389386,0.00010185892850289265
285.5,0.00022905042563917824,0.00022905124258745801,-29.997690370586575,-29.997690370336226,0.0003674625462312004,0.0003674625522518208,9.52563012068146e-05,9.525630332937701e-05
285.75,0.00032223738370783743,0.00032223820216229843,-29.997669550343673,-29.99766955009278,0.0003780308750524951,0.00037803088108132266,7.13046456734747e-05,7.130464779960574e-05
286.0,0.00041590676498436525,0.00041590758494693917,-29.9976535389724,-29.997653538720964,0.00037132282141096685,0.00037132282744704084,5.6786956993449826e-05,5.678695912315417e-05
286.25,0.0005064379700733564,0.0005064387915459155,-29.997638615367638,-29.997638615115655,0.0003529273821836278,0.0003529273882274323,6.260361548759662e-05,6.260361762087888e-05
286.5,0.0005928378292804531,0.0005928386522648702,-29.99762189834921,-29.99762189809668,0.0003382723095382556,0.00033827231558931155,7.113391367859342e-05,7.113391581545819e-05
286.75,0.0006764648521308767,0.0006764656766289649,-29.997604220183547,-29.99760421993047,0.0003307438072807093,0.00033074381333901917,7.029212145466283e-05,7.029212359511454e-05
287.0,0.0007570194296908417,0.0007570202557043547,-29.997584845865187,-29.99758484561156,0.0003136941848506414,0.00031369419091572615,8.470403291979675e-05,8.470403506383974e-05
287.25,0.0008330630960887913,0.0008330639236194231,-29.99756483611724,-29.99756483586306,0.00029465427902376003,0.0002946542850956222,7.537574583154067e-05,7.537574797917911e-05
287.5,0.0009035949289760577,0.0009035957580256234,-29.99754704126391,-29.99754704100918,0.00026959960431696645,0.0002695996103965717,6.698544300369819e-05,6.698544515493655e-05
287.75,0.0009695166272638769,0.000969517457834192,-29.997530937162225,-29.99753093690694,0.0002577735082177709,0.0002577735143041586,6.18484855249723e-05,6.184848767981502e-05
288.0,0.001031522131736241,0.0010315229638291224,-29.997517176583774,-29.99751717632794,0.00023826925427602742,0.0002382692603701632,4.823798099801931e-05,4.823798315647085e-05
288.25,0.0010902843873240866,0.0010902852209414716,-29.997502043053817,-29.99750204279743,0.00023183111845942903,0.0002318311245613154,7.28308656875666e-05,7.283086784963175e-05
288.5,0.0011500968993807333,0.0011500977345244995,-29.997483274699942,-29.997483274443,0.0002466694102894555,0.0002466694163986135,7.731456640370527e-05,7.731456856938859e-05
288.75,0.0012108800347536638,0.0012108808714256898,-29.997463773574797,-29.997463773317296,0.00023959581257684384,0.00023959581869375748,7.869510172726038e-05,7.869510389656647e-05
289.0,0.0012717141738964011,0.0012717150120986262,-29.997442879016848,-29.99744287875879,0.00024707823100035163,0.0002470782371250236,8.846065647545713e-05,8.846065864839075e-05
289.25,0.0013353611675725996,0.0013353620073069637,-29.99742095739281,-29.997420957134192,0.00026209758248264093,0.0002620975886150737,8.691091986344408e-05,8.691092204000997e-05
289.5,0.0014010808516735783,0.0014010816929420219,-29.997400039661205,-29.997400039402027,0.0002636592898896143,0.00026365929602981044,8.043078579178573e-05,8.043078797198864e-05
289.75,0.0014677322401636707,0.0014677330829680746,-29.997379208683316,-29.997379208423578,0.0002695523741738833,0.0002695523803213638,8.621648178092545e-05,8.621648396477001e-05
290.0,0.001537465573677995,0.0015374664180201809,-29.99735760805161,-29.997357607791308,0.00028831434001204523,0.0002883143461668127,8.658680304618157e-05,8.658680523367224e-05
290.25,0.0016060169296798392,0.0016060177755616288,-29.99733600126323,-29.997336001002367,0.00026009648911796734,0.00026009649528002427,8.627016443290607e-05,8.627016662404732e-05
290.5,0.0016678781304098498,0.001667878977833066,-29.99731670680929,-29.997316706547867,0.00023479141238141177,0.00023479141855076063,6.808785290330611e-05,6.808785509810247e-05
290.75,0.0017239003711008857,0.0017239012200673518,-29.9973027660487,-29.997302765786714,0.0002133841983207048,0.00021338420449734815,4.34402501587537e-05,4.344025235720964e-05
291.0,0.0017732964758228119,0.001773297326334412,-29.997293116053164,-29.997293115790615,0.00018178373495260938,0.00018178374113703144,3.376269348978377e-05,3.3762695691903885e-05
291.25,0.001820629632041244,0.001820630484099863,-29.997282157652172,-29.99728215738906,0.000196883421215928,0.00019688342740764966,5.390309088269255e-05,5.390309308848148e-05
291.5,0.001871823341743815,0.0018718241953512781,-29.9972671962959,-29.99726719603222,0.00021266738494839956,0.0002126673911474234,6.578627122876259e-05,6.578627343822485e-05
291.75,0.0019247366406965618,0.001924737495854755,-29.997250572379542,-29.99725057211529,0.00021063914892182486,0.00021063915512863508,6.720525093209851e-05,6.72052531452387e-05
292.0,0.00197663045514705,0.0019766313118579812,-29.99723253837319,-29.99723253810837,0.00020451230479179384,0.0002045123110068746,7.706737759131963e-05,7.70673798081427e-05
292.25,0.0020284225329465053,0.0020284233912121826,-29.997218265189993,-29.997218264924605,0.00020982055940216098,0.00020982056562503327,3.7117587585751706e-05,3.711758980626256e-05
292.5,0.002082833390138154,0.0020828342499605856,-29.997211162093734,-29.997211161827778,0.00022546466523500224,0.00022546467146615027,1.970570759617835e-05,1.9705709820381857e-05
292.75,0.0021405538355330875,0.002140554696914162,-29.997209121590586,-29.997209121324058,0.00023629673037146019,0.0002362967366094417,-3.3827036077459496e-06,-3.382701379845165e-06
293.0,0.0022017624309619423,0.0022017632939033685,-29.99721302643385,-29.99721302616675,0.00025336973534097266,0.00025336974158579037,-2.785765209281654e-05,-2.785764986121423e-05
293.25,0.002263431956775389,0.0022634328212788766,-29.997220710711435,-29.997220710443763,0.00023998593819879864,0.000239985944450455,-3.361530668349088e-05,-3.3615304448182826e-05
293.5,0.002320024258084163,0.002320025124151421,-29.997228452272328,-29.997228452004084,0.0002127529810784574,0.00021275298733695506,-2.8314612872794757e-05,-2.8314610633776742e-05
293.75,0.002371569282680059,0.0023715701503128593,-29.99723760243528,-29.99723760216646,0.00019960566162804412,0.00019960566789386727,-4.4885451157818205e-05,-4.488544891508581e-05
294.0,0.0024180667980009517,0.002418067667201126,-29.99725088905762,-29.997250888788226,0.00017237291091020733,0.0001723729171833586,-6.140495999821623e-05,-6.140495775176492e-05
294.25,0.0024583218327990657,0.002458322703568446,-29.997265475689108,-29.997265475419137,0.00014966795081902386,0.00014966795709950585,-5.528595119576091e-05,-5.528594894558623e-05
294.5,0.002493755922165746,0.0024937567945061048,-29.997279037711472,-29.997279037440922,0.00013380496562521733,0.00013380497191255105,-5.3208732083374786e-05,-5.320872982947235e-05
294.75,0.0025260172184021906,0.0025260180923153616,-29.99729179577359,-29.997291795502463,0.00012428581991290623,0.00012428582620805747,-4.885486734758717e-05,-4.8854865089952456e-05
295.0,0.00255465163150953,0.0025546525069974073,-29.997303953859394,-29.997303953587686,0.0001047895316599981,0.00010478953796248786,-4.840798087866697e-05,-4.840797861729533e-05
295.25,0.002577527977607838,0.0025775288546723172,-29.99731545043781,-29.997315450165523,7.822169765508784e-05,7.822170396540033e-05,-4.356214156215097e-05,-4.356213929703773e-05
295.5,0.002593519041448443,0.00259351992009142,-29.997326516550565,-29.997326516277695,4.9706683453538604e-05,4.970668977119482e-05,-4.4964072003604093e-05,-4.49640697347446e-05
295.75,0.002601184569312544,0.002601185449535855,-29.997338487649028,-29.997338487375576,1.1616990365211852e-05,1.1616996690214426e-05,-5.0801124511661524e-05,-5.080112223905125e-05
296.0,0.0026011601631315065,0.0026011610449369884,-29.997350353677508,-29.997350353403473,-1.1811610378724573e-05,-1.1811604046373033e-05,-4.4124894411475364e-05,-4.412489213510977e-05
296.25,0.002598201411127755,0.0025982022945172456,-29.997362384880756,-29.997362384606138,-1.1859160353322911e-05,-1.1859154013619811e-05,-5.2124727029072325e-05,-5.212472474894688e-05
296.5,0.002595889067810145,0.0025958899527854826,-29.997376275502578,-29.997376275227374,-6.640234831782936e-06,-6.640228484725635e-06,-5.900073952389321e-05,-5.900073724000339e-05
296.75,0.002594437889506834,0.002594438776069857,-29.99739041423058,-29.99739041395479,-4.968730653778917e-06,-4.968724299364782e-06,-5.41092420157151e-05,-5.410923972805637e-05
297.0,0.0025947483508261247,0.0025947492389786727,-29.997404063491285,-29.99740406321491,7.452329167129613e-06,7.4523355289032394e-06,-5.5086014639306634e-05,-5.508601234787446e-05
297.25,0.002597926792908615,0.0025979276826525884,-29.99741777974258,-29.997417779465618,1.797524958161241e-05,1.7975255951229795e-05,-5.4644987774978965e-05,-5.4644985479768665e-05
297.5,0.002602817194267143,0.0026028180856045636,-29.997430084603074,-29.997430084325526,2.114898508781399e-05,2.1148991465759385e-05,-4.379419535046139e-05,-4.3794193051467994e-05
297.75,0.0026115681469158587,0.0026115690398486884,-29.99744165916412,-29.997441658885982,4.885816508954502e-05,4.88581714748579e-05,-4.88049054108691e-05,-4.880490310808781e-05
298.0,0.0026269538370976985,0.002626954731627779,-29.99745388480273,-29.997453884524003,7.422734018857526e-05,7.42273465812583e-05,-4.9002595228661054e-05,-4.900259292208733e-05
298.25,0.0026463489657978802,0.002646349861927115,-29.997466374358186,-29.997466374078865,8.093351226247688e-05,8.093351866301433e-05,-5.091448061377316e-05,-5.091447830340232e-05
298.5,0.0026681743643845856,0.0026681752621149383,-29.99747880867718,-29.997478808397265,9.366990178502511e-05,9.366990819341964e-05,-4.85612720637846e-05,-4.856126974961182e-05
298.75,0.0026930943367497054,0.0026930952360830806,-29.997491834307652,-29.997491834027144,0.00010568921327428683,0.00010568921969005949,-5.564490485863714e-05,-5.564490254065773e-05
299.0,0.0027208753391393444,0.0027208762400776475,-29.99750459388028,-29.997504593599174,0.00011655967881946237,0.00011655968524309745,-4.643270096064065e-05,-4.64326986388499e-05
299.25,0.0027477246401399554,0.002747725542685212,-29.997517156821345,-29.997517156539644,9.823401351738377e-05,9.823401994936556e-05,-5.406909974971332e-05,-5.406909742410627e-05
299.5,0.002772182966888005,0.0027721838710422424,-29.997532726819077,-29.99753272653678,9.743105613272841e-05,9.743106257257795e-05,-7.049080635360299e-05,-7.049080402417462e-05
299.75,0.0027964626105564045,0.0027964635163215895,-29.997550463495152,-29.997550463212256,9.680601114013842e-05,9.680601758785838e-05,-7.140254325844723e-05,-7.140254092519275e-05
300.0,0.0028204301952308003,0.002820431102608781,-29.99757027009253,-29.997570269809035,9.493319483335952e-05,9.493320128798938e-05,-8.705005913965623e-05,-8.705005680257104e-05
