time_s,x_m_lo,x_m_hi,y_m_lo,y_m_hi,vx_mps_lo,vx_mps_hi,vy_mps_lo,vy_mps_hi
0.0,0.0,0.0,-97.5,-97.5,0.0,0.0,0.12,0.12
0.25,4.10179113148159e-06,4.101791131481611e-06,-97.46939893336881,-97.46939893336875,3.326768057514015e-05,3.3267680575140276e-05,0.12480852991331413,0.1248085299133142
0.5,-5.482925052520092e-07,-5.48292505251902e-07,-97.43758233575353,-97.43758233575342,-7.000489258390661e-05,-7.000489258390615e-05,0.12972426074571544,0.12972426074571564
0.75,-3.8103099971518955e-05,-3.810309997151859e-05,-97.40453484706536,-97.4045348470652,-0.00022996863773617446,-0.00022996863773617343,0.1346556638413428,0.13465566384134312
1.0,-8.625634831888477e-05,-8.625634831888399e-05,-97.37024193097359,-97.37024193097336,-0.00015478293756566048,-0.0001547829375656589,0.13968765780447015,0.13968765780447057
1.25,-0.00014602500823747509,-0.00014602500823747368,-97.33468705919724,-97.33468705919695,-0.00032288894531043623,-0.0003228889453104338,0.14475133225568,0.14475133225568054
1.5,-0.000227978047609276,-0.0002279780476092737,-97.29787664893368,-97.29787664893334,-0.00033226580730371963,-0.0003322658073037166,0.14973195073703313,0.1497319507370338
1.75,-0.0003403873939296603,-0.0003403873939296568,-97.25979806574726,-97.25979806574686,-0.0005665220423465378,-0.0005665220423465335,0.1548967368403643,0.1548967368403651
2.0,-0.0004895483251514237,-0.0004895483251514184,-97.22042320426878,-97.22042320426833,-0.0006262746610521918,-0.0006262746610521864,0.16010216062116522,0.1601021606211661
2.25,-0.0006483234660969164,-0.000648323466096909,-97.1797615003304,-97.17976150032989,-0.0006434466687686649,-0.0006434466687686584,0.16519147250510996,0.16519147250511096
2.5,-0.0008107096098150775,-0.0008107096098150678,-97.13786402293854,-97.13786402293798,-0.0006551902549010158,-0.0006551902549010082,0.1699883477371959,0.169988347737197
2.75,-0.0009696717061150435,-0.000969671706115031,-97.09473456820207,-97.09473456820145,-0.0006160295813837631,-0.0006160295813837543,0.1750472864626842,0.17504728646268541
3.0,-0.0011454532869295245,-0.0011454532869295086,-97.05034309097184,-97.05034309097115,-0.0007897481774683949,-0.0007897481774683846,0.1800845477577488,0.18008454775775012
3.25,-0.0013588387352147177,-0.001358838735214698,-97.00471783619878,-97.00471783619804,-0.0009168797893093474,-0.0009168797893093356,0.1849175024129544,0.18491750241295585
3.5,-0.0016035750031875462,-0.0016035750031875222,-96.95788815831024,-96.95788815830944,-0.0010405576178723617,-0.0010405576178723478,0.18971993235602014,0.1897199323560217
3.75,-0.001887031423047874,-0.001887031423047845,-96.90982773852514,-96.90982773852429,-0.0012266182813383127,-0.0012266182813382967,0.19476344346692487,0.19476344346692656
4.0,-0.0022025196433316714,-0.002202519643331636,-96.86051916889811,-96.8605191688972,-0.0012968216273897704,-0.0012968216273897522,0.19970512016831576,0.19970512016831757
4.25,-0.0025153841923407894,-0.002515384192340747,-96.80996048147738,-96.80996048147641,-0.001205617825804686,-0.001205617825804666,0.20476437059906263,0.20476437059906455
4.5,-0.0028566874997713225,-0.0028566874997712727,-96.75815639672047,-96.75815639671944,-0.0015243463395279734,-0.0015243463395279507,0.20966833750630495,0.20966833750630698
4.75,-0.0032236650518897166,-0.0032236650518896585,-96.70510475843872,-96.70510475843764,-0.001410995528389893,-0.0014109955283898678,0.21474475806105195,0.2147447580610541
5.0,-0.0035628187855644812,-0.0035628187855644144,-96.65077718823953,-96.6507771882384,-0.0013017506384307546,-0.001301750638430727,0.21987579323306963,0.21987579323307188
5.25,-0.0038729661974133125,-0.0038729661974132366,-96.5951909730478,-96.59519097304661,-0.0011789631369616919,-0.0011789631369616617,0.22481391672442252,0.22481391672442488
5.5,-0.0041689641106890584,-0.004168964110688971,-96.53834995990638,-96.53834995990513,-0.0011885393600756218,-0.0011885393600755893,0.2299141893100536,0.22991418931005608
5.75,-0.004496557845612876,-0.004496557845612776,-96.48023888976365,-96.48023888976235,-0.0014317334927532897,-0.0014317334927532544,0.23497439476046594,0.23497439476046855
6.0,-0.0048441248253163205,-0.004844124825316209,-96.42085811520958,-96.42085811520822,-0.0013483218148753497,-0.0013483218148753117,0.24007179380828142,0.24007179380828414
6.25,-0.005183792035489146,-0.00518379203548902,-96.3602100381737,-96.36021003817228,-0.0013685406496950659,-0.0013685406496950253,0.24511282438526655,0.24511282438526938
6.5,-0.005543995477617885,-0.005543995477617744,-96.29828706100291,-96.29828706100143,-0.0015126006286905096,-0.0015126006286904662,0.250271006563331,0.25027100656333406
6.75,-0.00593953635720083,-0.005939536357200675,-96.23505802704513,-96.23505802704359,-0.0016512277015181761,-0.0016512277015181297,0.2555612781690343,0.2555612781690376
7.0,-0.006362382860080994,-0.006362382860080822,-96.17057377864403,-96.17057377864244,-0.0017310964209304913,-0.0017310964209304419,0.26031271657005706,0.2603127165700606
7.25,-0.006800818020906794,-0.006800818020906605,-96.10486873623611,-96.10486873623447,-0.001775912127296083,-0.0017759121272960302,0.2653276269187601,0.2653276269187639
7.5,-0.007264229015903292,-0.007264229015903086,-96.03790634215854,-96.03790634215683,-0.0019309003638688282,-0.001930900363868772,0.27037154031447197,0.27037154031447597
7.75,-0.007738528358543259,-0.007738528358543034,-95.96967839288365,-95.96967839288189,-0.0018630154601046083,-0.0018630154601045486,0.27545204748460445,0.27545204748460866
8.0,-0.00821406376341059,-0.008214063763410343,-95.90020192440475,-95.90020192440294,-0.0019408051579940565,-0.0019408051579939932,0.2803597076807982,0.28035970768080265
8.25,-0.00869418607663122,-0.00869418607663095,-95.82947482570903,-95.82947482570715,-0.001899692841688428,-0.001899692841688361,0.28545707800919545,0.2854570780092001
8.5,-0.009169490326781715,-0.00916949032678142,-95.75748858879624,-95.7574885887943,-0.001902272120081463,-0.0019022721200813923,0.29043281753658207,0.29043281753658695
8.75,-0.009647591782801513,-0.009647591782801192,-95.68423825145744,-95.68423825145545,-0.0019220552791879974,-0.0019220552791879228,0.29556988303913473,0.29556988303913984
9.0,-0.010114458622461416,-0.010114458622461067,-95.60973542040361,-95.60973542040156,-0.0018124191529076362,-0.0018124191529075575,0.30045275505525515,0.30045275505526053
9.25,-0.01056382288595624,-0.010563822885955865,-95.53398131420428,-95.53398131420218,-0.0017820116188087957,-0.0017820116188087128,0.30558009167274747,0.3055800916727531
9.5,-0.011015550795158103,-0.011015550795157699,-95.45697706381561,-95.45697706381345,-0.0018313522202130883,-0.0018313522202130013,0.3104539160886797,0.31045391608868556
9.75,-0.011460254329271552,-0.011460254329271119,-95.37875252623529,-95.37875252623307,-0.0017258152372665683,-0.0017258152372664768,0.31534237460410025,0.3153423746041063
10.0,-0.011906461390831128,-0.011906461390830663,-95.29928833565019,-95.29928833564792,-0.0018433672098172001,-0.0018433672098171038,0.32037116115980663,0.3203711611598129
10.25,-0.012381625974978985,-0.012381625974978489,-95.21857340671728,-95.21857340671495,-0.001957480293766713,-0.001957480293766611,0.3253482810622794,0.3253482810622859
10.5,-0.012867842989118758,-0.01286784298911823,-95.13660045791481,-95.13660045791242,-0.0019317762895251452,-0.0019317762895250386,0.3304353069343167,0.3304353069343235
10.75,-0.013354988799033154,-0.01335498879903259,-95.0533544732735,-95.05335447327106,-0.001964909694630965,-0.0019649096946308523,0.3355325733202049,0.3355325733202119
11.0,-0.013831958308642426,-0.013831958308641826,-94.96886347279336,-94.96886347279086,-0.0018503879867018938,-0.0018503879867017758,0.3403954197239536,0.3403954197239608
11.25,-0.014278309471045827,-0.01427830947104519,-94.8831580216268,-94.88315802162424,-0.0017199638632642055,-0.001719963863264082,0.34524817731231194,0.34524817731231944
11.5,-0.014715799255752046,-0.01471579925575137,-94.79621680354218,-94.79621680353956,-0.0017794799330486991,-0.0017794799330485703,0.350281572976056,0.3502815729760637
11.75,-0.015130662545175907,-0.01513066254517519,-94.70802615232917,-94.7080261523265,-0.0015389586247352529,-0.0015389586247351184,0.35524361405180094,0.3552436140518089
12.0,-0.015518648717834363,-0.015518648717833603,-94.61856684660557,-94.61856684660285,-0.00156444176462299,-0.0015644417646228502,0.3604308341397765,0.36043083413978466
12.25,-0.015917436120154456,-0.015917436120153648,-94.52784827490991,-94.52784827490713,-0.0016253967770607928,-0.001625396777060647,0.3653177451725889,0.3653177451725973
12.5,-0.016327505466253073,-0.016327505466252213,-94.43593273607486,-94.43593273607202,-0.001654715992496471,-0.0016547159924963195,0.37000656827227396,0.37000656827228257
12.75,-0.01674780435350215,-0.016747804353501237,-94.34280818716016,-94.34280818715726,-0.0017072053482531258,-0.0017072053482529684,0.3749898279942475,0.37498982799425634
13.0,-0.017179637401866524,-0.017179637401865556,-94.24844710489528,-94.24844710489232,-0.0017469962839575,-0.0017469962839573366,0.37989883387654383,0.3798988338765529
13.25,-0.017613638896045187,-0.017613638896044163,-94.1528431756202,-94.15284317561719,-0.0017245411528187024,-0.0017245411528185326,0.384932598207125,0.38493259820713427
13.5,-0.01802117721000129,-0.018021177210000208,-94.05598462778259,-94.05598462777952,-0.0015352937225400272,-0.001535293722539851,0.38993576665168067,0.38993576665169016
13.75,-0.01840613707522959,-0.018406137075228448,-93.95788199116859,-93.95788199116546,-0.001543918613577853,-0.0015439186135776703,0.3948853270737003,0.39488532707371005
14.0,-0.018768862876116166,-0.018768862876114966,-93.85853522504517,-93.85853522504198,-0.0013574161228253683,-0.0013574161228251786,0.3998887843303587,0.3998887843303687
14.25,-0.019108215532187726,-0.019108215532186463,-93.75793572732907,-93.7579357273258,-0.0013569320412801164,-0.00135693204127992,0.404907197353101,0.4049071973531112
14.5,-0.0194417149940856,-0.019441714994084276,-93.65609382069395,-93.65609382069063,-0.0013105997664175292,-0.0013105997664173258,0.4098280513597995,0.40982805135981
14.75,-0.019754629129478937,-0.019754629129477543,-93.55300240189865,-93.55300240189527,-0.0011922348706846207,-0.0011922348706844101,0.4149032878433465,0.4149032878433572
15.0,-0.020069434972919745,-0.020069434972918285,-93.44865503343148,-93.44865503342803,-0.0013257431280290174,-0.0013257431280287995,0.4198756724815429,0.41987567248155383
15.25,-0.02039412712200526,-0.02039412712200373,-93.34308375811315,-93.34308375810964,-0.0012713397925235039,-0.0012713397925232786,0.42469452493608756,0.4246945249360987
15.5,-0.020733987671523485,-0.020733987671521882,-93.2363142939655,-93.23631429396194,-0.0014470952527769051,-0.001447095252776672,0.4294612048155898,0.4294612048156012
15.75,-0.021099780992449458,-0.021099780992447782,-93.12831338100216,-93.12831338099853,-0.001478771966242234,-0.0014787719662419934,0.4345461018779508,0.4345461018779624
16.0,-0.021459855766731244,-0.021459855766729496,-93.01907032816148,-93.01907032815778,-0.0014013688164160867,-0.001401368816415838,0.439398313550166,0.4393983135501779
16.25,-0.021803203196386428,-0.0218032031963846,-92.90860503186298,-92.90860503185921,-0.0013449462744530587,-0.001344946274452802,0.44432405151855914,0.4443240515185713
16.5,-0.022137888083803844,-0.022137888083801936,-92.796903111315,-92.79690311131118,-0.0013320645623953002,-0.0013320645623950355,0.4492913116509402,0.4492913116509526
16.75,-0.022474070214771914,-0.022474070214769923,-92.68393934698359,-92.68393934697971,-0.0013569091161889921,-0.0013569091161887191,0.4544188053429259,0.45441880534293855
17.0,-0.022810229259468812,-0.022810229259466738,-92.56969110242538,-92.56969110242144,-0.0013318779064982996,-0.0013318779064980181,0.4595671487629864,0.45956714876299926
17.25,-0.023117499782592,-0.023117499782589843,-92.4541585992344,-92.45415859923041,-0.0011258030730031238,-0.0011258030730028337,0.46469285733617277,0.46469285733618587
17.5,-0.023389030612312085,-0.02338903061230984,-92.33735378400806,-92.33735378400401,-0.0010459672274524651,-0.0010459672274521663,0.46974565694783166,0.469745656947845
17.75,-0.02366526615580735,-0.02366526615580502,-92.21929289881503,-92.21929289881092,-0.0011634461599181827,-0.001163446159917875,0.4747414356725721,0.47474143567258564
18.0,-0.02391930356235897,-0.023919303562356546,-92.09999616392952,-92.09999616392534,-0.000868392008840918,-0.0008683920088406014,0.4796324155938971,0.47963241559391084
18.25,-0.024129075328219472,-0.024129075328216953,-91.97945665509225,-91.97945665508801,-0.0008093059184690343,-0.000809305918468709,0.484683649533778,0.484683649533792
18.5,-0.024307763491431763,-0.024307763491429147,-91.85764483330861,-91.85764483330432,-0.000619716015154788,-0.0006197160151544538,0.4898109068608915,0.4898109068609058
18.75,-0.024457358514775315,-0.0244573585147726,-91.73458970838128,-91.73458970837693,-0.0005765898404117265,-0.0005765898404113835,0.4946300884920251,0.4946300884920396
19.0,-0.02459095944593421,-0.024590959445931395,-91.61029433474896,-91.61029433474455,-0.0004917365350372094,-0.0004917365350368573,0.49973289256671444,0.49973289256672915
19.25,-0.024710353137319882,-0.024710353137316964,-91.48478263065586,-91.4847826306514,-0.00046297669936722004,-0.00046297669936685906,0.5043607374667793,0.5043607374667944
19.5,-0.024804233371966806,-0.024804233371963785,-91.35807485807281,-91.35807485806829,-0.00028759938191134384,-0.00028759938191097353,0.5093014266631648,0.5093014266631805
19.75,-0.024875530484608034,-0.024875530484604905,-91.23013438928189,-91.23013438927731,-0.00028231358577447875,-0.00028231358577409906,0.5142223231661215,0.5142223231661377
20.0,-0.02494338174267882,-0.02494338174267558,-91.10094628651473,-91.1009462865101,-0.0002600194136647803,-0.00026001941366439083,0.5192824968694595,0.5192824968694761
20.25,-0.025009346974540842,-0.02500934697453749,-90.97049321860766,-90.97049321860295,-0.0002672254345871119,-0.0002672254345867125,0.5243420470667594,0.5243420470667765
20.5,-0.02505364902728508,-0.025053649027281615,-90.83880318760187,-90.83880318759711,-8.673504078635027e-05,-8.673504078594049e-05,0.5291781839630622,0.5291781839630797
20.75,-0.025065317086356412,-0.025065317086352828,-90.70587397124434,-90.70587397123953,-6.130737774286107e-06,-6.130737773865948e-06,0.5342555392979348,0.5342555392979528
21.0,-0.02506733583742433,-0.025067335837420626,-90.57170170484994,-90.57170170484507,-9.560402646967426e-06,-9.560402646536786e-06,0.5391225921808692,0.5391225921808876
21.25,-0.025083650080686998,-0.02508365008068317,-90.43628349875706,-90.43628349875213,-0.00012047267046813557,-0.00012047267046769386,0.5442230670192295,0.5442230670192485
21.5,-0.025082053618555075,-0.025082053618551124,-90.29959356986888,-90.29959356986389,0.0001337226787806224,0.00013372267878107583,0.5492963401208414,0.5492963401208608
21.75,-0.02504504961632514,-0.02504504961632106,-90.16164749119591,-90.16164749119086,0.00016277847996599602,0.0001627784799664609,0.554272286523701,0.5542722865237208
22.0,-0.024993420778108438,-0.02499342077810423,-90.02244708117021,-90.02244708116511,0.0002507291709628563,0.000250729170963333,0.5593309853900246,0.5593309853900449
22.25,-0.02489387970450179,-0.024893879704497447,-89.8820184060622,-89.88201840605704,0.0005460489071441037,0.0005460489071445933,0.5640983876313623,0.5640983876313831
22.5,-0.024739898646057263,-0.02473989864605278,-89.74036411906415,-89.74036411905892,0.0006862745240499633,0.0006862745240504657,0.5691358951327333,0.5691358951327545
22.75,-0.024559498320926052,-0.024559498320921427,-89.59746935646497,-89.59746935645967,0.0007573887892980116,0.0007573887892985269,0.5740221989562917,0.5740221989563133
23.0,-0.024323156538674038,-0.024323156538669267,-89.45332824676261,-89.45332824675724,0.0011338248707530448,0.0011338248707535741,0.5791066431722441,0.5791066431722662
23.25,-0.024022696300649904,-0.024022696300644984,-89.30794781781388,-89.30794781780844,0.0012703124690726685,0.001270312469073212,0.5839367755496914,0.5839367755497139
23.5,-0.02370013486079858,-0.023700134860793507,-89.16131356971476,-89.16131356970925,0.0013106694007614826,0.00131066940076204,0.589137205438664,0.589137205438687
23.75,-0.023358932367203305,-0.023358932367198076,-89.01339059883222,-89.01339059882665,0.0014194323145605774,0.0014194323145611492,0.5942465513677202,0.5942465513677436
24.0,-0.022992579824156194,-0.022992579824150806,-88.86420032905782,-88.8642003290522,0.001511862229748589,0.0015118622297491753,0.5992755981133064,0.5992755981133303
24.25,-0.022616029177866138,-0.022616029177860587,-88.71376335578441,-88.71376335577871,0.0015010091795997973,0.0015010091796003983,0.604220189097514,0.6042201890975383
24.5,-0.022242852514658722,-0.022242852514653005,-88.56207939423169,-88.56207939422592,0.001484878541006431,0.0014848785410070471,0.6092515048453067,0.6092515048453314
24.75,-0.021852197216653872,-0.021852197216647985,-88.40913461461517,-88.40913461460933,0.0016408405137784384,0.0016408405137790698,0.6143067173829453,0.6143067173829705
25.0,-0.02141875064363291,-0.02141875064362685,-88.25492166771048,-88.25492166770458,0.0018272120393502552,0.0018272120393509025,0.6193968402835591,0.6193968402835848
25.25,-0.02092239965804956,-0.020922399658043322,-88.09944888776919,-88.09944888776322,0.0021440662460213995,0.002144066246022064,0.6243853693738199,0.624385369373846
25.5,-0.020381125673114,-0.020381125673107577,-87.9427184317393,-87.94271843173327,0.0021866039964085204,0.0021866039964092017,0.6294582748550029,0.6294582748550295
25.75,-0.01980308888097539,-0.01980308888096878,-87.78474502077395,-87.78474502076787,0.002438149646830803,0.0024381496468315017,0.6343289891520454,0.6343289891520724
26.0,-0.019149718886787667,-0.019149718886780867,-87.62552195820739,-87.62552195820125,0.0027892937394470444,0.002789293739447761,0.6394554782746272,0.6394554782746547
26.25,-0.018415901038725847,-0.01841590103871885,-87.46502427232667,-87.46502427232046,0.003081727212285489,0.0030817272122862236,0.6445259812005735,0.6445259812006013
26.5,-0.01762953392466145,-0.017629533924654252,-87.30327811763668,-87.3032781176304,0.003209673428335571,0.0032096734283363236,0.649443244256811,0.6494432442568393
26.75,-0.016831346342710895,-0.016831346342703488,-87.14028216877095,-87.1402821687646,0.0031763064044279953,0.003176306404428766,0.6545243498151059,0.6545243498151346
27.0,-0.016044277562079965,-0.01604427756207235,-86.97601935601884,-86.97601935601243,0.003120720442335507,0.0031207204423362965,0.6595781574426631,0.6595781574426923
27.25,-0.015269685804664056,-0.015269685804656234,-86.81050526462288,-86.81050526461641,0.0030764810349947114,0.0030764810349955193,0.6645345778961729,0.6645345778962025
27.5,-0.01447430370066913,-0.014474303700661096,-86.64375487397211,-86.64375487396558,0.0032870410997259893,0.0032870410997268163,0.6694685274584339,0.669468527458464
27.75,-0.013637029440844094,-0.013637029440835844,-86.47574584676259,-86.475745846756,0.0034116372577225906,0.0034116372577234367,0.6746036784709473,0.6746036784709778
28.0,-0.012760932677010778,-0.012760932677002306,-86.30644768386428,-86.30644768385761,0.0035976251711088117,0.0035976251711096773,0.6797816071807555,0.6797816071807865
28.25,-0.011815141101289162,-0.011815141101280464,-86.1358560947204,-86.13585609471367,0.0039691949658997175,0.003969194965900606,0.6849510709386878,0.6849510709387193
28.5,-0.010800252027667323,-0.010800252027658391,-85.96399698078424,-85.96399698077745,0.004150386430761287,0.004150386430762197,0.6899218234679506,0.6899218234679826
28.75,-0.009728574619518331,-0.009728574619509161,-85.79089596731829,-85.79089596731144,0.004423501055586844,0.004423501055587776,0.694886258510485,0.6948862585105174
29.0,-0.008581923030952511,-0.008581923030943097,-85.61654070194328,-85.61654070193637,0.004750189798762066,0.004750189798763022,0.6999558336894374,0.6999558336894702
29.25,-0.007370930257319699,-0.007370930257310037,-85.44093563420712,-85.44093563420014,0.004938217279408901,0.00493821727940988,0.7048846904727424,0.7048846904727757
29.5,-0.0061037816543373525,-0.0061037816543274385,-85.26409452554489,-85.26409452553784,0.0051994393281825915,0.005199439328183593,0.7098441541971994,0.7098441541972331
29.75,-0.004801464619619886,-0.004801464619609714,-85.08601965094184,-85.08601965093473,0.0052195601401761275,0.005219560140177153,0.7147548407304344,0.7147548407304686
30.0,-0.003467431121985369,-0.0034674311219749353,-84.90669188407428,-84.90669188406711,0.005453190057216509,0.005453190057217559,0.7198672721834851,0.7198672721835198
30.25,-0.0020748414776803697,-0.0020748414776696677,-84.7261108505984,-84.72611085059117,0.005687990586520151,0.005687990586521224,0.7247809734866046,0.7247809734866397
30.5,-0.0006185251902485894,-0.0006185251902376145,-84.54432367871468,-84.54432367870739,0.00596298640228579,0.005962986402286887,0.7295163756566592,0.7295163756566948
30.75,0.0008905041300235486,0.0008905041300348029,-84.36132366085904,-84.36132366085168,0.006109716728458478,0.006109716728459599,0.7344837533548065,0.7344837533548426
31.0,0.002440315980800977,0.002440315980812518,-84.17706182789195,-84.17706182788453,0.006289261715341101,0.006289261715342247,0.7396108934545649,0.7396108934546014
31.25,0.004013907142673458,0.004013907142685294,-83.99152459112418,-83.9915245911167,0.006299946409521635,0.006299946409522806,0.7446869996804321,0.744686999680469
31.5,0.0055945022766873895,0.0055945022766995265,-83.8047441831234,-83.80474418311587,0.006345273992051513,0.006345273992052709,0.7495562600524261,0.7495562600524636
31.75,0.007178107205365403,0.007178107205377847,-83.61675734381502,-83.61675734380744,0.006324016558873134,0.006324016558874356,0.7543384564189686,0.7543384564190064
32.0,0.008744607642978935,0.008744607642991698,-83.42755001168504,-83.4275500116774,0.00620845687530678,0.006208456875308027,0.7593202115160921,0.7593202115161304
32.25,0.010311310784341872,0.010311310784354957,-83.237092036494,-83.23709203648629,0.006325642112136317,0.0063256421121375885,0.7643435789641573,0.764343578964196
32.5,0.01190672928971967,0.011906729289733084,-83.04540250581066,-83.04540250580287,0.006438161474202327,0.006438161474203625,0.7691726558944543,0.7691726558944935
32.75,0.01351112524008303,0.013511125240096782,-82.85246615681326,-82.8524661568054,0.00639749150449355,0.006397491504494874,0.7743181399193138,0.7743181399193534
33.0,0.015161912729763291,0.015161912729777386,-82.6582201652402,-82.65822016523227,0.006809311344589826,0.006809311344591176,0.7796497538388726,0.7796497538389127
33.25,0.016923708155130134,0.016923708155144587,-82.46269920142797,-82.46269920141997,0.00728551131285908,0.007285511312860458,0.7845179117628274,0.7845179117628679
33.5,0.018801718069881936,0.01880171806989675,-82.26595453948684,-82.26595453947877,0.007739032300713385,0.00773903230071479,0.7894393410081939,0.7894393410082349
33.75,0.020771106391008938,0.02077110639102412,-82.06800057067741,-82.06800057066927,0.008016522702866279,0.008016522702867715,0.7941923833055547,0.7941923833055962
34.0,0.02281585192454418,0.02281585192455974,-81.86882751881475,-81.86882751880654,0.008341913259293817,0.008341913259295284,0.7991920009179352,0.799192000917977
34.25,0.02492716798276126,0.02492716798277721,-81.66839776721326,-81.66839776720498,0.008549092037367171,0.00854909203736867,0.8042459923612979,0.8042459923613402
34.5,0.027087176256965096,0.02708717625698144,-81.46669979393391,-81.46669979392557,0.008731454558111825,0.008731454558113355,0.8093377766804576,0.8093377766805003
34.75,0.029297337124820643,0.02929733712483739,-81.26375060803602,-81.2637506080276,0.00895029640193872,0.008950296401940281,0.8142556898704046,0.8142556898704478
35.0,0.03156345369425668,0.03156345369427385,-81.05956108375774,-81.05956108374926,0.00917910837077713,0.009179108370778724,0.8192604827835299,0.8192604827835736
35.25,0.03385975969755586,0.03385975969757347,-80.85412884785858,-80.85412884785003,0.00919180547861876,0.009191805478620387,0.8241974032129054,0.8241974032129494
35.5,0.036142719451289114,0.036142719451307155,-80.64746991238984,-80.64746991238123,0.009072332693422877,0.009072332693424537,0.8290740918012008,0.8290740918012454
35.75,0.038425489258112074,0.038425489258130566,-80.4395922658834,-80.43959226587474,0.009190285553406431,0.009190285553408124,0.8339470691297695,0.8339470691298144
36.0,0.04072097187059642,0.04072097187061537,-80.23048681281568,-80.23048681280694,0.009174042354199014,0.00917404235420074,0.8388965569436966,0.838896556943742
36.25,0.04307609438939005,0.043076094389409465,-80.02016189935776,-80.02016189934895,0.009667391299196356,0.009667391299198115,0.8437027042066805,0.8437027042067263
36.5,0.04549559530781145,0.045495595307831344,-79.80861579074882,-79.80861579073994,0.009689084392904147,0.00968908439290594,0.8486661626198911,0.8486661626199374
36.75,0.04792228371951452,0.0479222837195349,-79.59580230066933,-79.59580230066038,0.009724911246673674,0.009724911246675499,0.8538417546384564,0.8538417546385031
37.0,0.050400159854245855,0.05040015985426673,-79.38170947690024,-79.38170947689122,0.01009857519726367,0.010098575197265527,0.8589008002852337,0.8589008002852809
37.25,0.052943418908616445,0.05294341890863782,-79.16634221234817,-79.16634221233907,0.010247981916854243,0.010247981916856136,0.8640373020454079,0.8640373020454555
37.5,0.05553106790707963,0.05553106790710151,-78.94970920584949,-78.94970920584032,0.010453680890958708,0.010453680890960635,0.869026730550861,0.8690267305509091
37.75,0.05818520106589818,0.05818520106592057,-78.73182264455819,-78.73182264454896,0.01077985988381893,0.010779859883820894,0.8740657290273527,0.8740657290274012
38.0,0.060882434730501575,0.060882434730524494,-78.51267843552809,-78.51267843551878,0.010798483361535768,0.010798483361537766,0.8790879414578835,0.8790879414579325
38.25,0.06360304642945135,0.06360304642947483,-78.29228820390216,-78.29228820389278,0.010966876972663686,0.01096687697266572,0.8840338956735313,0.8840338956735807
38.5,0.06635383972278858,0.06635383972281263,-78.07062181224086,-78.07062181223141,0.01103996604430582,0.011039966044307889,0.8892972307262352,0.8892972307262852
38.75,0.06913288974866805,0.06913288974869267,-77.84767896173538,-77.84767896172586,0.011192901138499266,0.011192901138501372,0.8942455588989541,0.8942455588990045
39.0,0.0719549491676342,0.0719549491676594,-77.62346972943041,-77.62346972942082,0.011384063294719195,0.011384063294721337,0.8994282815182006,0.8994282815182515
39.25,0.07482383354157966,0.07482383354160546,-77.39798092748336,-77.3979809274737,0.011567488634252698,0.011567488634254877,0.9044821167649798,0.9044821167650311
39.5,0.07772533187721335,0.07772533187723976,-77.17124734727112,-77.17124734726139,0.011644960904686752,0.011644960904688967,0.9093865176290328,0.9093865176290845
39.75,0.0806234659734609,0.08062346597348793,-76.94326496107804,-76.94326496106824,0.011540591845938496,0.011540591845940749,0.9144725817557792,0.9144725817558315
40.0,0.08354758965913289,0.08354758965916055,-76.71402434567183,-76.71402434566195,0.011852867599028136,0.011852867599030427,0.919452312052632,0.9194523120526847
40.25,0.08656073998621884,0.08656073998624712,-76.483531325155,-76.48353132514505,0.012252810626833968,0.012252810626836296,0.9244918143753649,0.924491814375418
40.5,0.08965941999322657,0.08965941999325551,-76.25180654989421,-76.2518065498842,0.012537083843130657,0.012537083843133023,0.9293063609097647,0.9293063609098184
40.75,0.09281532551881616,0.09281532551884575,-76.01886106848406,-76.01886106847397,0.012710627660216292,0.012710627660218696,0.9342574740099305,0.9342574740099847
41.0,0.09602134393318916,0.09602134393321941,-75.78467345971414,-75.78467345970398,0.012937990241210581,0.012937990241213023,0.9392433747137388,0.9392433747137934
41.25,0.09927884300294826,0.09927884300297919,-75.54922428831672,-75.54922428830649,0.013122484291549424,0.013122484291551906,0.9443499790716887,0.9443499790717438
41.5,0.1025495319802533,0.10254953198028491,-75.31250035621112,-75.31250035620081,0.013043508080220785,0.013043508080223308,0.9494414852192573,0.9494414852193128
41.75,0.10583484265992432,0.10583484265995663,-75.07452088176649,-75.07452088175611,0.013239444836150856,0.013239444836153419,0.9543942918649985,0.9543942918650545
42.0,0.10915264316006579,0.10915264316009879,-74.83528198225358,-74.83528198224313,0.013303442657991887,0.01330344265799449,0.9595168982047309,0.9595168982047874
42.25,0.11247690812075677,0.11247690812079048,-74.59477190737488,-74.59477190736436,0.013291153374873825,0.013291153374876467,0.9645637019837379,0.9645637019837948
42.5,0.11580544374415806,0.1158054437441925,-74.35300533245761,-74.35300533244703,0.01333760403708109,0.013337604037083771,0.9695688929752623,0.9695688929753197
42.75,0.11916616762393807,0.11916616762397324,-74.10999306258047,-74.10999306256981,0.013548655203718821,0.013548655203721545,0.9745292461440588,0.9745292461441166
43.0,0.12256990547508657,0.12256990547512248,-73.86573569924126,-73.86573569923053,0.013681719590725904,0.013681719590728668,0.9795296480245343,0.9795296480245926
43.25,0.1260193362428591,0.12601933624289582,-73.6202606900732,-73.62026069006238,0.013914174064406114,0.013914174064408917,0.9842704034042997,0.9842704034043585
43.5,0.12952993711365854,0.1295299371136961,-73.37357064331665,-73.37357064330575,0.014171102937759488,0.014171102937762333,0.9892499464249113,0.9892499464249704
43.75,0.1330875468709424,0.1330875468709808,-73.12565399612694,-73.12565399611597,0.0142902313734254,0.014290231373428287,0.9940832198615017,0.9940832198615613
44.0,0.13668257437871253,0.13668257437875175,-72.8765568693427,-72.87655686933167,0.014470423949860119,0.014470423949863047,0.9986937774239856,0.9986937774240456
44.25,0.14031317292050074,0.1403131729205408,-72.6262712311063,-72.62627123109519,0.014574826708237914,0.014574826708240883,1.003591318624384,1.0035913186244452
44.5,0.14395977528216528,0.1439597752822062,-72.37474225479227,-72.37474225478108,0.014598468807176178,0.01459846880717919,1.008640489659167,1.008640489659229
44.75,0.14760335244908976,0.14760335244913153,-72.12194207436842,-72.12194207435716,0.014550631871805855,0.01455063187180891,1.0137609582419063,1.013760958241969
45.0,0.15126340439932823,0.1512634043993709,-71.86788661194625,-71.86788661193492,0.014730248342530535,0.014730248342533633,1.0186827242014005,1.0186827242014642
45.25,0.15493525598043326,0.1549352559804768,-71.61261303276781,-71.61261303275641,0.014645019627118748,0.014645019627121891,1.0235059172617458,1.0235059172618106
45.5,0.15861498077346625,0.1586149807735107,-71.3561073713575,-71.35610737134603,0.014793253861674335,0.014793253861677524,1.0285393600453976,1.0285393600454633
45.75,0.16229467001925443,0.16229467001929979,-71.0983395183672,-71.09833951835564,0.014644738141215325,0.014644738141218559,1.0336034778794025,1.0336034778794692
46.0,0.16596724225962725,0.16596724225967352,-70.83931953199713,-70.83931953198551,0.014736307334038577,0.014736307334041856,1.038556404448147,1.0385564044482145
46.25,0.16962316080626255,0.16962316080630974,-70.57906755703945,-70.57906755702776,0.014511503882673594,0.01451150388267692,1.043459416408089,1.0434594164081574
46.5,0.17322567148166543,0.17322567148171358,-70.31759534774314,-70.31759534773137,0.014309040193023462,0.014309040193026834,1.0483182770510313,1.0483182770511006
46.75,0.176786128292517,0.17678612829256612,-70.05492187889351,-70.05492187888167,0.014175062810108698,0.014175062810112118,1.0530694863776928,1.053069486377763
47.0,0.18031917673706271,0.18031917673711284,-69.79103752632332,-69.79103752631141,0.014089790666767674,0.014089790666771141,1.0580053422235374,1.0580053422236084
47.25,0.18383719162737508,0.18383719162742618,-69.5259012157507,-69.52590121573871,0.01405480794529463,0.014054807945298146,1.0630851456558625,1.0630851456559345
47.5,0.18731936555061388,0.18731936555066597,-69.25952787501905,-69.259527875007,0.013803038096117489,0.013803038096121054,1.0679016039345433,1.067901603934616
47.75,0.19072204572737936,0.19072204572743245,-68.99194102656868,-68.99194102655656,0.013418865046696581,0.013418865046700194,1.0727932198886434,1.0727932198887171
48.0,0.19405085129714797,0.1940508512972021,-68.72311519029074,-68.72311519027853,0.013212053357892254,0.013212053357895917,1.077813489833472,1.0778134898335465
48.25,0.19729973144545523,0.19729973144551038,-68.45302277634556,-68.45302277633327,0.01277947034571475,0.012779470345718464,1.0829258625123757,1.0829258625124514
48.5,0.20047511814121383,0.20047511814127,-68.18165807297724,-68.18165807296488,0.012624101345836233,0.012624101345839998,1.0879917790826572,1.0879917790827338
48.75,0.20362466662657672,0.20362466662663395,-67.90903279991855,-67.90903279990611,0.01257276020031899,0.012572760200322804,1.0930104102275378,1.0930104102276152
49.0,0.20672847575135525,0.20672847575141357,-67.63515391296335,-67.63515391295084,0.012258185668835042,0.01225818566883891,1.0980207150725476,1.098020715072626
49.25,0.20972849471377566,0.20972849471383506,-67.3600535796869,-67.36005357967431,0.011742415407089745,0.011742415407093665,1.1027819997663384,1.1027819997664177
49.5,0.21263045939236885,0.21263045939242933,-67.08376568766388,-67.08376568765122,0.011473749296787003,0.011473749296790976,1.1075211617480483,1.1075211617481284
49.75,0.215446681197106,0.2154466811971676,-66.80627793667657,-66.80627793666382,0.011056483769152307,0.011056483769156333,1.1123808854907822,1.1123808854908632
50.0,0.21810631930295646,0.21810631930301919,-66.52758252054002,-66.5275825205272,0.010221074204178242,0.010221074204182324,1.1171825223646557,1.1171825223647376
50.25,0.2205943229389687,0.22059432293903256,-66.24777113369886,-66.24777113368596,0.009683344293059682,0.00968334429306382,1.1213086230623555,1.1213086230624383
50.5,0.22294496763845845,0.22294496763852345,-65.9669036586281,-65.96690365861511,0.009122221216776869,0.009122221216781062,1.1256312304070164,1.1256312304071001
50.75,0.22514956210399695,0.22514956210406312,-65.68500407895621,-65.68500407894314,0.00851490578201048,0.008514905782014729,1.1295654642263722,1.1295654642264568
51.0,0.22719634642297432,0.22719634642304168,-65.40207565257901,-65.40207565256586,0.00785977417787437,0.007859774177878674,1.1338620085576299,1.1338620085577154
51.25,0.2290900779921552,0.22909007799222375,-65.1182131898953,-65.11821318988207,0.0072903780889113125,0.00729037808891567,1.137037746595239,1.1370377465953254
51.5,0.23087411853719172,0.23087411853726147,-64.83357610715193,-64.83357610713861,0.006982231397030685,0.006982231397035096,1.1400589444042433,1.1400589444043305
51.75,0.2325721678443903,0.23257216784446127,-64.54817716017075,-64.54817716015737,0.006602453124538985,0.0066024531245434505,1.1431326672510502,1.1431326672511384
52.0,0.2341638577547378,0.23416385775481002,-64.26199307405854,-64.26199307404507,0.006131368808248559,0.006131368808253079,1.1463400660610268,1.1463400660611158
52.25,0.23563530228897314,0.2356353022890466,-63.97517897611524,-63.97517897610171,0.005640360488821175,0.00564036048882575,1.148172763778045,1.148172763778135
52.5,0.2370049376742627,0.23700493767433742,-63.6878916865069,-63.68789168649332,0.005316906925570095,0.005316906925574726,1.1501255835841502,1.150125583584241
52.75,0.23830258949790073,0.23830258949797672,-63.40013939762529,-63.40013939761165,0.005064474480706643,0.00506447448071133,1.151892751268356,1.1518927512684478
53.0,0.23952308862620475,0.23952308862628202,-63.11192771136542,-63.111927711351726,0.004699698630370394,0.004699698630375138,1.1538007732020192,1.1538007732021118
53.25,0.240674044928368,0.24067404492844657,-62.82333875147117,-62.82333875145743,0.004508056636722528,0.004508056636727329,1.1549109240201954,1.1549109240202888
53.5,0.24177093677091452,0.2417709367709944,-62.53448009833678,-62.53448009832299,0.004267177028580271,0.0042671770285851295,1.1559583237652806,1.155958323765375
53.75,0.24279182684411652,0.24279182684419773,-62.245384440957864,-62.245384440944015,0.0039000237312039306,0.003900023731208845,1.1568069698816,1.1568069698816952
54.0,0.24372781925364062,0.2437278192537232,-61.956074272116545,-61.95607427210265,0.003587997477507717,0.003587997477512688,1.157674410267057,1.1576744102671532
54.25,0.24458608399997822,0.24458608400006215,-61.66666113867157,-61.66666113865762,0.003278116508214634,0.0032781165082196627,1.157630686508624,1.1576306865087211
54.5,0.2453368942992811,0.2453368942993664,-61.377268024047716,-61.37726802403371,0.0027283550316855127,0.0027283550316906,1.1575142823141291,1.157514282314227
54.75,0.24597430492872585,0.24597430492881253,-61.08786177749079,-61.087861777476725,0.0023709509834874574,0.0023709509834926026,1.157735723837692,1.1577357238377908
55.0,0.24649981021880624,0.24649981021889433,-60.79843523943303,-60.79843523941892,0.001833085849962439,0.0018330858499676426,1.157676631334665,1.1576766313347646
55.25,0.24694912675044564,0.24694912675053515,-60.509140740529745,-60.50914074051558,0.0017613524523761779,0.0017613524523814397,1.1566793666548132,1.1566793666549138
55.5,0.24736757948891588,0.24736757948900684,-60.2200769990487,-60.22007699903449,0.0015861894984226172,0.0015861894984279378,1.155830581708095,1.1558305817081964
55.75,0.24773395247275512,0.24773395247284752,-59.93121277334929,-59.93121277333502,0.0013447239717474736,0.0013447239717528537,1.155083246652838,1.1550832466529404
56.0,0.2480417963868309,0.24804179638692475,-59.64254220502667,-59.64254220501235,0.0011179517841476729,0.0011179517841531125,1.154281321308432,1.1542813213085352
56.25,0.2482860381572909,0.2482860381573862,-59.35416997316011,-59.35416997314573,0.0008358330064569147,0.0008358330064624144,1.152696560222495,1.1526965602225991
56.5,0.2484414304522842,0.248441430452381,-59.06620064747552,-59.06620064746108,0.0004071509020632187,0.000407150902068779,1.1510580856707406,1.1510580856708457
56.75,0.24852874143554368,0.248528741435642,-58.77864739035681,-58.778647390342314,0.0002911776340914473,0.0002911776340970682,1.1493679822130645,1.1493679822131704
57.0,0.24856618476377415,0.248566184763874,-58.49150560592076,-58.491505605906205,8.217992137462927e-06,8.217992143145075e-06,1.1477663199530612,1.147766319953168
57.25,0.24855023762477693,0.2485502376248783,-58.20487585964173,-58.20487585962712,-0.00013603030422449874,-0.00013603030421875496,1.1452716638790565,1.1452716638791642
57.5,0.24850610226181108,0.248506102261914,-57.918860578151204,-57.91886057813654,-0.00021728086621364457,-0.00021728086620783886,1.1428505957056112,1.1428505957057198
57.75,0.24844844911784777,0.24844844911795225,-57.63345579439578,-57.63345579438106,-0.00024417650007027965,-0.00024417650006441146,1.1403876768736199,1.1403876768737293
58.0,0.24838260372908352,0.2483826037291896,-57.34867155495192,-57.34867155493715,-0.0002828224572152743,-0.00028282245720934315,1.1378862423209015,1.1378862423210119
58.25,0.24832193881148792,0.24832193881159562,-57.06462040818553,-57.064620408170704,-0.0002028139887467197,-0.00020281398874072524,1.1345229242670671,1.1345229242671784
58.5,0.24824753980912437,0.2482475398092337,-56.78138322894856,-56.78138322893368,-0.0003926748746554831,-0.00039267487464942437,1.1313745275290097,1.1313745275291218
58.75,0.2481317031366788,0.24813170313678976,-56.49895238134992,-56.49895238133498,-0.0005343298624327455,-0.0005343298624266218,1.1280722666155352,1.1280722666156482
59.0,0.24793653694233078,0.24793653694244341,-56.217301855738825,-56.217301855723825,-0.0010272769349822133,-0.001027276934976023,1.1251319847486874,1.1251319847488013
59.25,0.2476834379258888,0.24768343792600309,-55.93649568059457,-55.93649568057951,-0.0009978748769290462,-0.0009978748769227895,1.1213174136334583,1.121317413633573
59.5,0.2474192561376352,0.2474192561377512,-55.656657240709386,-55.65665724069427,-0.0011159497391121209,-0.0011159497391057974,1.1173901165802576,1.1173901165803732
59.75,0.24714382847950875,0.24714382847962643,-55.37778274804306,-55.37778274802789,-0.0010878283553497042,-0.0010878283553433137,1.1136058220991387,1.1136058220992553
60.0,0.24684099531670012,0.24684099531681952,-55.099835063149605,-55.09983506313438,-0.0013351792473474092,-0.0013351792473409506,1.1099756803689824,1.1099756803690999
60.25,0.2464798223630111,0.24647982236313223,-54.82286994409492,-54.82286994407963,-0.0015546032832418032,-0.0015546032832352763,1.1057452927560663,1.1057452927561846
60.5,0.24610727215941228,0.24610727215953518,-54.546956434932895,-54.54695643491755,-0.0014261927358686086,-0.001426192735862013,1.1015627684336118,1.1015627684337312
60.75,0.24575806061650846,0.24575806061663313,-54.27210776669556,-54.27210776668016,-0.001367908482242387,-0.001367908482235722,1.0972265719700776,1.097226571970198
61.0,0.24542284282520382,0.24542284282533028,-53.99834449173006,-53.9983444917146,-0.0013142437346171717,-0.0013142437346104368,1.092879622694496,1.0928796226946171
61.25,0.2450905812067891,0.24509058120691735,-53.72570281611368,-53.72570281609816,-0.0013442853923985112,-0.0013442853923917061,1.0882537850689875,1.0882537850691096
61.5,0.24477562797508592,0.24477562797521601,-53.45423614369341,-53.45423614367783,-0.0011757906264702838,-0.0011757906264634075,1.0834795784075493,1.0834795784076723
61.75,0.24448266459183943,0.24448266459197135,-53.18394641570207,-53.183946415686435,-0.001168354073879623,-0.0011683540738726755,1.07883824482214,1.078838244822264
62.0,0.2441886161313434,0.2441886161314772,-52.91479825216665,-52.91479825215096,-0.001184457088061819,-0.0011844570880547999,1.0743470649795206,1.0743470649796454
62.25,0.24389384035079945,0.24389384035093511,-52.646826723865814,-52.64682672385006,-0.0011742132433407216,-0.0011742132433336303,1.0694251604614788,1.0694251604616045
62.5,0.2436003253254853,0.24360032532562287,-52.38009054466626,-52.38009054465045,-0.001174374721341034,-0.0011743747213338698,1.06446427315029,1.0644642731504166
62.75,0.2432690205775184,0.24326902057765787,-52.11458493827581,-52.11458493825994,-0.0014765237502061118,-0.001476523750198874,1.0595806064601927,1.0595806064603202
63.0,0.24290174857513927,0.24290174857528066,-51.850294349915664,-51.85029434989973,-0.0014621083161893934,-0.0014621083161820818,1.0547440990620263,1.0547440990621546
63.25,0.24254441464088344,0.24254441464102677,-51.58722690024336,-51.587226900227364,-0.0013970297724309351,-0.0013970297724235493,1.049795492180883,1.0497954921810122
63.5,0.24222531107812198,0.24222531107826728,-51.32540525368699,-51.32540525367094,-0.0011562718649463033,-0.0011562718649388423,1.0447776575713872,1.0447776575715173
63.75,0.24193255623156906,0.24193255623171633,-51.064817361772185,-51.06481736175607,-0.001186224420255677,-0.0011862244202481406,1.0399254805711098,1.0399254805712408
64.0,0.24163979232878466,0.24163979232893393,-50.80545825025207,-50.805458250235894,-0.0011563561842307796,-0.0011563561842231672,1.0349474087739008,1.034947408774033
64.25,0.24134022955645518,0.24134022955660647,-50.54732654641671,-50.54732654640047,-0.0012406024713679002,-0.0012406024713602112,1.0301062298518904,1.0301062298520234
64.5,0.24105007141367554,0.2410500714138289,-50.290455056071835,-50.290455056055535,-0.0010811567994404069,-0.0010811567994326407,1.024865677874603,1.024865677874737
64.75,0.24075835091441977,0.24075835091457518,-50.034871120906445,-50.03487112089008,-0.0012530842875191053,-0.0012530842875112613,1.0198058196580682,1.019805819658203
65.0,0.2404528992815176,0.2404528992816751,-49.780533341233834,-49.78053334121741,-0.001190991686258705,-0.0011909916862507827,1.0148964118688102,1.0148964118689459
65.25,0.24016225366546637,0.24016225366562596,-49.52742292514925,-49.52742292513276,-0.0011346361590717907,-0.00113463615906379,1.00998691149472,1.0099869114948565
65.5,0.23986946408591087,0.23986946408607257,-49.275553019630976,-49.27555301961442,-0.001208153300838691,-0.001208153300830611,1.0049723395828492,1.0049723395829868
65.75,0.2395722694611189,0.23957226946128274,-49.024886073879465,-49.024886073862845,-0.0011698382951323286,-0.0011698382951241691,1.0003632228170152,1.0003632228171537
66.0,0.2392938148622149,0.2392938148623809,-48.775420189911344,-48.77542018989467,-0.0010582698853861506,-0.0010582698853779109,0.9953638384093082,0.9953638384094472
66.25,0.23906111983899747,0.23906111983916567,-48.527184466741744,-48.527184466725004,-0.0008037468360585027,-0.0008037468360501826,0.9905219229510427,0.9905219229511821
66.5,0.23886379609126446,0.23886379609143485,-48.28016515616209,-48.28016515614529,-0.0007753041493212906,-0.0007753041493128903,0.9856325590046892,0.985632559004829
66.75,0.23870250356637945,0.23870250356655207,-48.03438920475013,-48.03438920473326,-0.0005155129024119559,-0.0005155129024034746,0.9805750277978661,0.9805750277980064
67.0,0.23856279206314318,0.23856279206331804,-47.78988438887493,-47.789884388858,-0.0006026610628074112,-0.000602661062798849,0.9754635074201858,0.9754635074203266
67.25,0.23845041641056805,0.2384504164107452,-47.54664705243086,-47.54664705241387,-0.0002968182515998964,-0.00029681825159125306,0.9704351552974454,0.9704351552975866
67.5,0.23841218471553738,0.2384121847157168,-47.304658220869214,-47.304658220852154,-9.50291663232272e-06,-9.502916623598138e-06,0.9654754701075959,0.9654754701077376
67.75,0.23843997083079052,0.23843997083097224,-47.06391307828875,-47.063913078271625,0.0002313213998921985,0.00023132139990100447,0.9604856478311664,0.9604856478313085
68.0,0.23852972899564057,0.2385297289958246,-46.82443592281415,-46.824435922796965,0.0004862580041354423,0.0004862580041443302,0.9553315719301598,0.9553315719303024
68.25,0.2387078590711858,0.2387078590713722,-46.58621953006992,-46.58621953005267,0.0009383176328342437,0.0009383176328432142,0.9503995274034024,0.9503995274035455
68.5,0.23895017168526572,0.2389501716854545,-46.34924544676791,-46.349245446750594,0.0009997113129555527,0.000999711312964606,0.9453931332245263,0.9453931332246699
68.75,0.23924890941949775,0.2392489094196889,-46.11355409638334,-46.11355409636595,0.0013896951172308986,0.0013896951172400356,0.9401376330842866,0.9401376330844305
69.0,0.23958722198494484,0.23958722198513838,-45.87914307568366,-45.87914307566621,0.0013163352745201992,0.0013163352745294195,0.9351505394296785,0.935150539429823
69.25,0.23993500786345637,0.23993500786365232,-45.64596968939859,-45.645969689381076,0.0014654885143235452,0.001465488514332849,0.9302365367887148,0.9302365367888596
69.5,0.24030417382209918,0.24030417382229757,-45.41406094652452,-45.41406094650694,0.0014873486596539533,0.0014873486596633408,0.925033404142981,0.9250334041431263
69.75,0.24068817455778407,0.24068817455798494,-45.183458768869734,-45.18345876885209,0.0015841623712827663,0.001584162371292238,0.9197840079677857,0.9197840079679315
70.0,0.2411235807709217,0.24112358077112506,-44.95414996742261,-44.954149967404895,0.0018986067957220453,0.0018986067957316014,0.9146863739633558,0.914686373963502
70.25,0.2416362956074391,0.24163629560764496,-44.72611332707801,-44.72611332706023,0.0022026330658707596,0.0022026330658804017,0.9096067201297874,0.909606720129934
70.5,0.24217344963279172,0.24217344963300014,-44.49933217228573,-44.49933217226789,0.0020941311961489373,0.0020941311961586648,0.9046425284381615,0.9046425284383086
70.75,0.2427136931048718,0.24271369310508278,-44.27381132722984,-44.27381132721194,0.0022273341099205758,0.0022273341099303895,0.8995242194506231,0.8995242194507707
71.0,0.243271150735244,0.24327115073545755,-44.0495313818627,-44.04953138184473,0.0022318736387166816,0.0022318736387265817,0.8947153430586493,0.8947153430587974
71.25,0.24386981672699456,0.24386981672721073,-43.826510915146294,-43.82651091512826,0.0025569578169925933,0.0025569578170025805,0.8894483600235717,0.8894483600237203
71.5,0.2445392282344018,0.2445392282346206,-43.60478069442845,-43.60478069441035,0.002797857763334282,0.0027978577633443564,0.8843933830071292,0.8843933830072782
71.75,0.24524293473932135,0.2452429347395428,-43.38430976545228,-43.38430976543412,0.0028313211627049007,0.0028313211627150623,0.8793740456473725,0.879374045647522
72.0,0.24600493435904125,0.24600493435926538,-43.16512271620821,-43.16512271618998,0.0032641807801882185,0.0032641807801984677,0.8741223074950734,0.8741223074952232
72.25,0.2468370201330278,0.2468370201332546,-42.9472114600546,-42.94721146003631,0.003392038424493087,0.0033920384245034237,0.869167729679407,0.8691677296795574
72.5,0.24767367548823863,0.2476736754884681,-42.730528478102364,-42.730528478084004,0.0033007452543667897,0.003300745254377214,0.8642961345457993,0.8642961345459501
72.75,0.24853909553234546,0.24853909553257766,-42.51505719662312,-42.515057196604694,0.003622160611636249,0.003622160611646762,0.8594740869850449,0.8594740869851961
73.0,0.24947195742424147,0.24947195742447642,-42.30080143096478,-42.30080143094629,0.0038402725029799026,0.0038402725029905035,0.8545720177180764,0.8545720177182281
73.25,0.2504398354720014,0.2504398354722392,-42.08780213331423,-42.08780213329567,0.0039022665211515505,0.0039022665211622394,0.8494223576416203,0.8494223576417724
73.5,0.2514209416793742,0.25142094167961493,-41.87608228310919,-41.87608228309057,0.003946103791659091,0.003946103791669871,0.8443364398657651,0.8443364398659177
73.75,0.25243358141162814,0.25243358141187183,-41.66563950779544,-41.665639507776746,0.004154530503448142,0.0041545305034590115,0.839205742993791,0.839205742993944
74.0,0.253478143201698,0.2534781432019446,-41.45644185852764,-41.45644185850888,0.004201508581228604,0.004201508581239564,0.8343754467196011,0.8343754467197545
74.25,0.2545211880783843,0.25452118807863394,-41.248474272114294,-41.24847427209547,0.004142378235038981,0.004142378235050032,0.829365250162101,0.8293652501622549
74.5,0.25557678108673143,0.25557678108698406,-41.04171871265814,-41.04171871263925,0.004301924198209215,0.004301924198220358,0.8246792104451621,0.8246792104453164
74.75,0.2566696584897199,0.2566696584899755,-40.83616374698825,-40.83616374696929,0.00444063146198285,0.004440631461994084,0.8197605018366843,0.8197605018368391
75.0,0.25781757996991317,0.25781757997017185,-40.631858629729095,-40.63185862971007,0.004742261609147133,0.004742261609158459,0.8146804077988012,0.8146804077989566
75.25,0.2590315126963541,0.25903151269661584,-40.428791167483716,-40.42879116746462,0.004968745856951378,0.004968745856962797,0.8098592688113075,0.8098592688114633
75.5,0.26031094364860036,0.26031094364886515,-40.22694827033709,-40.226948270317926,0.00526623288334003,0.005266232883351541,0.8048838803145699,0.8048838803147261
75.75,0.2616241402884716,0.2616241402887395,-40.02637500196247,-40.026375001943244,0.005238851920577129,0.005238851920588733,0.7997022692639719,0.7997022692641286
76.0,0.2629843546776918,0.2629843546779629,-39.827048411371635,-39.82704841135234,0.005642411632368531,0.005642411632380228,0.7949104174150023,0.7949104174151594
76.25,0.2644185502167634,0.26441855021703764,-39.62896426636418,-39.62896426634481,0.005830667582368942,0.0058306675823807325,0.7897627248958898,0.7897627248960474
76.5,0.26592478958375837,0.26592478958403576,-39.43215262270425,-39.43215262268482,0.006218773143055076,0.006218773143066961,0.7847303877928296,0.7847303877929875
76.75,0.2675275839678823,0.2675275839681629,-39.2366038672859,-39.236603867266396,0.006603104111518401,0.00660310411153038,0.7796596193191552,0.7796596193193136
77.0,0.26920289782224505,0.2692028978225289,-39.04233962655005,-39.042339626530485,0.006798916229919278,0.006798916229931351,0.7744542881064411,0.7744542881066
77.25,0.27094180127388806,0.2709418012741751,-38.849323356148695,-38.84932335612906,0.007111861147238479,0.007111861147250646,0.7696758455999037,0.769675845600063
77.5,0.2727397331764169,0.27273973317670724,-38.657525245675465,-38.65752524565576,0.0072711260858868915,0.007271126085899153,0.7647090231704686,0.7647090231706284
77.75,0.2745950099346739,0.27459500993496755,-38.46694853586893,-38.466948535849156,0.007570635315880748,0.007570635315893105,0.7599046270440576,0.7599046270442178
78.0,0.2765189250126032,0.2765189250129002,-38.27757895632645,-38.277578956306606,0.00782022810566787,0.007820228105680328,0.7550519857641437,0.7550519857643043
78.25,0.27849721785387827,0.2784972178541786,-38.089462784686624,-38.08946278466671,0.008005627075401887,0.008005627075414443,0.7498773698750563,0.7498773698752174
78.5,0.2805096125561399,0.2805096125564436,-37.902621968929864,-37.902621968909884,0.008093056801119682,0.008093056801132337,0.7448491479361965,0.744849147936358
78.75,0.28254273236396127,0.28254273236426836,-37.71703298018664,-37.717032980166586,0.008171431866821753,0.008171431866834507,0.739862754620503,0.739862754620665
79.0,0.2845930996630533,0.28459309966336377,-37.53270412930342,-37.532704129283296,0.00823102652209522,0.008231026522108073,0.7347680468267568,0.7347680468269192
79.25,0.28665935631845224,0.28665935631876616,-37.34962745968369,-37.349627459663495,0.008298562932749661,0.008298562932762614,0.7298453037638181,0.7298453037639809
79.5,0.2887701793979709,0.28877017939828825,-37.16779840789013,-37.16779840786987,0.008587545149302574,0.008587545149315628,0.7247870833393675,0.7247870833395308
79.75,0.2909377623426449,0.29093776234296576,-36.987230629998415,-36.987230629978086,0.008752644339005442,0.008752644339018597,0.7197551242288239,0.7197551242289877
80.0,0.29316268920997823,0.29316268921030264,-36.80791447099316,-36.80791447097276,0.00904630134381867,0.009046301343831924,0.7147741201271691,0.7147741201273333
80.25,0.2954285804212399,0.29542858042156783,-36.62983875570922,-36.62983875568876,0.009080362725176155,0.00908036272518951,0.7098315989331084,0.7098315989332732
80.5,0.29772200544945876,0.2977220054497903,-36.4529864226471,-36.452986422626566,0.009266581120573077,0.009266581120586535,0.7049870480072267,0.7049870480073919
80.75,0.3000735657182589,0.300073565718594,-36.27734961527816,-36.277349615257556,0.009545441348708274,0.009545441348721834,0.7001073846532879,0.7001073846534537
81.0,0.3024745674265682,0.3024745674269069,-36.10293792790702,-36.10293792788635,0.009662108720790687,0.00966210872080435,0.6951861033164619,0.6951861033166282
81.25,0.3049221230128882,0.3049221230132306,-35.9297454236074,-35.92974542358666,0.009917880779224151,0.009917880779237916,0.69035390696631,0.6903539069664768
81.5,0.30739237857346546,0.3073923785738115,-35.757772052022794,-35.75777205200199,0.009843700161649756,0.009843700161663624,0.6854330727044161,0.6854330727045833
81.75,0.30987946102314323,0.30987946102349295,-35.587044106053256,-35.58704410603238,0.010052484414829846,0.010052484414843818,0.6803904753677225,0.6803904753678902
82.0,0.31241607431859214,0.3124160743189456,-35.41754837824068,-35.417548378219735,0.01023996837999042,0.010239968380004493,0.6755753294569208,0.675575329457089
82.25,0.31497652487001315,0.31497652487037037,-35.249273834242764,-35.249273834221746,0.01024316934621427,0.010243169346228447,0.670621022224745,0.6706210222249136
82.5,0.31751558986015216,0.31751558986051315,-35.082241195619666,-35.08224119559858,0.010068881377337207,0.010068881377351487,0.6656401031921142,0.6656401031922833
82.75,0.32002876470878094,0.3200287647091457,-34.91647823530279,-34.91647823528163,0.010036029768551438,0.01003602976856582,0.6604635824402822,0.6604635824404518
83.0,0.322527446361462,0.3225274463618306,-34.75197709870437,-34.75197709868314,0.009952960174858234,0.009952960174872719,0.6555455181790338,0.6555455181792039
83.25,0.3250054931698922,0.32500549317026467,-34.58871110547503,-34.588711105453726,0.009870946766870671,0.00987094676688526,0.6505824353881073,0.6505824353882779
83.5,0.3274737206811664,0.3274737206815428,-34.426671694755626,-34.42667169473425,0.009874416496641527,0.00987441649665622,0.6457328500400983,0.6457328500402693
83.75,0.32996944717754195,0.3299694471779222,-34.26584196999116,-34.26584196996971,0.010090940694477347,0.010090940694492144,0.6409049276617453,0.6409049276619168
84.0,0.3324969945182418,0.33249699451862597,-34.10625395457827,-34.106253954556756,0.01012895706394231,0.010128957063957212,0.6357991920572468,0.6357991920574186
84.25,0.33504517076544144,0.3350451707658296,-33.947924682432145,-33.94792468241056,0.010255985292048153,0.01025598529206316,0.6308349731355795,0.6308349731357519
84.5,0.33760666989655974,0.3376066698969519,-33.790853519638794,-33.79085351961714,0.010235527275380097,0.01023552727539521,0.6257343311401219,0.6257343311402948
84.75,0.3401564830940219,0.3401564830944181,-33.63505997571134,-33.635059975689614,0.010162495967186628,0.010162495967201847,0.6206140271650572,0.6206140271652305
85.0,0.3427047231134012,0.34270472311380146,-33.48053401266898,-33.480534012647176,0.010222951273645215,0.01022295127366054,0.6155936714742002,0.6155936714743739
85.25,0.3452436769805698,0.34524367698097413,-33.32727190821934,-33.32727190819746,0.010088200135275545,0.010088200135290975,0.6105031768274858,0.61050317682766
85.5,0.34775528489814206,0.3477552848985505,-33.17526878754079,-33.17526878751884,0.010004193959859744,0.01000419395987528,0.6055217965211926,0.6055217965213674
85.75,0.35027221871575215,0.3502722187161647,-33.02449165226375,-33.02449165224173,0.010130821936485243,0.010130821936500887,0.6006952737566604,0.6006952737568356
86.0,0.35283647839773413,0.35283647839815085,-32.8749316628647,-32.874931662842606,0.010382792950271717,0.010382792950287469,0.5957846176798932,0.595784617680069
86.25,0.35543219834661427,0.3554321983470352,-32.7266289642391,-32.726628964216935,0.010382481733132158,0.010382481733148015,0.5906369713543466,0.5906369713545229
86.5,0.3580314265953136,0.3580314265957388,-32.579595741936714,-32.57959574191448,0.010410872499577957,0.010410872499593922,0.5856288043881183,0.585628804388295
86.75,0.3606438457688809,0.3606438457693103,-32.43380777817823,-32.43380777815592,0.010488014249941828,0.0104880142499579,0.5806748984069098,0.580674898407087
87.0,0.36327887348574933,0.36327887348618293,-32.28928096790309,-32.289280967880714,0.010591723745376022,0.010591723745392202,0.5755395740165004,0.575539574016678
87.25,0.3659269322998352,0.36592693230027307,-32.14601767553435,-32.14601767551191,0.010592278351794854,0.010592278351811141,0.5705667648812289,0.570566764881407
87.5,0.36860609812911194,0.36860609812955414,-32.004037223090975,-32.00403722306846,0.010840549973207617,0.010840549973224013,0.5652768312587194,0.5652768312588979
87.75,0.371325826878292,0.37132582687873855,-31.863328465052913,-31.86332846503034,0.010916820026361605,0.01091682002637811,0.5603932258550502,0.5603932258552292
88.0,0.3740815601283528,0.37408156012880367,-31.723865259662496,-31.723865259639865,0.011128567391705937,0.011128567391722553,0.5553123973046707,0.5553123973048502
88.25,0.37684780161494885,0.37684780161540415,-31.58566547178121,-31.585665471758517,0.011000891044381905,0.01100089104439863,0.5502859177830813,0.5502859177832612
88.5,0.3795997194228665,0.3795997194233262,-31.448755027646104,-31.448755027623356,0.011013953276942198,0.011013953276959032,0.5449976340662841,0.5449976340664644
88.75,0.3823497577009461,0.3823497577014102,-31.313124318583938,-31.31312431856113,0.010985886737325935,0.010985886737342878,0.5400480410772253,0.540048041077406
89.0,0.3850929871432073,0.38509298714367585,-31.178754878310045,-31.178754878287176,0.010959464585068416,0.01095946458508547,0.5349074836050778,0.534907483605259
89.25,0.38781141609873204,0.3878114160992051,-31.045645053480328,-31.045645053457402,0.01078750209203798,0.010787502092055144,0.5299711312454233,0.5299711312456049
89.5,0.3904757701198982,0.3904757701203758,-30.913778888547323,-30.913778888524337,0.010526857882853983,0.010526857882871258,0.5249582127923533,0.5249582127925354
89.75,0.3931103981996233,0.39311039820010546,-30.78313506130837,-30.783135061285325,0.010549717853291153,0.010549717853308539,0.5201924029640697,0.5201924029642522
90.0,0.3957635848599995,0.3957635848604863,-30.6537158963851,-30.653715896361994,0.01067530148176851,0.010675301481786007,0.5151609045820502,0.5151609045822332
90.25,0.3984543248450718,0.3984543248455632,-30.525543794372066,-30.5255437943489,0.01085015261108377,0.010850152611101378,0.5102158950372311,0.5102158950374145
90.5,0.4011945427490972,0.40119454274959326,-30.398623820705065,-30.398623820681838,0.011071112866545408,0.011071112866563126,0.5051438734665857,0.5051438734667697
90.75,0.4039866054673867,0.40398660546788745,-30.272950233867093,-30.272950233843805,0.011264927439414185,0.011264927439432014,0.5002448029643012,0.5002448029644857
91.0,0.4068206265973278,0.40682062659783325,-30.148485976907676,-30.148485976884327,0.011406791810768292,0.011406791810786234,0.49546923933604897,0.4954692393362337
91.25,0.40968067177434786,0.409680671774858,-30.02525163578199,-30.025251635758583,0.011473092649280658,0.011473092649298713,0.49040548341860407,0.4904054834187891
91.5,0.4125500873138491,0.412550087314364,-29.903297099982048,-29.90329709995858,0.011481744254014967,0.011481744254033135,0.48523080216533343,0.48523080216551867
91.75,0.41543787340126237,0.415437873401782,-29.782598513688484,-29.782598513664954,0.01162008548507183,0.011620085485090111,0.48035787514033945,0.48035787514052497
92.0,0.41833658004855256,0.418336580049077,-29.663152439205728,-29.663152439182138,0.011569082880920244,0.011569082880938638,0.47521072553031635,0.47521072553050214
92.25,0.42124193886237027,0.4212419388628995,-29.54497962523958,-29.544979625215927,0.011673313019555051,0.011673313019573557,0.47017177637205626,0.47017177637224233
92.5,0.42415597099140595,0.4241559709919401,-29.42804510588322,-29.428045105859507,0.01163848557830976,0.011638485578328379,0.46530438176242517,0.4653043817626115
92.75,0.4270661124288132,0.4270661124293523,-29.312350674951546,-29.31235067492777,0.011642169957094028,0.01164216995711276,0.46025106534366267,0.4602510653438493
93.0,0.4299791825948861,0.42997918259543005,-29.197919347771958,-29.197919347748122,0.01166191557793136,0.011661915577950205,0.4551995502314702,0.45519955023165704
93.25,0.4329095275503008,0.43290952755084977,-29.08473418933711,-29.084734189313213,0.011780380877165032,0.01178038087718399,0.4502817060784027,0.45028170607858975
93.5,0.435828988631006,0.4358289886315599,-28.97279420442137,-28.972794204397413,0.011574832730342079,0.011574832730361152,0.44523819262675457,0.4452381926269419
93.75,0.43873860267257647,0.4387386026731354,-28.862117556437614,-28.862117556413597,0.011701602705196304,0.011701602705215492,0.44017497929140503,0.44017497929159266
94.0,0.44165294427908997,0.44165294427965396,-28.75274509111532,-28.752745091091242,0.01161262430516593,0.011612624305185231,0.4348047516759362,0.43480475167612403
94.25,0.44455729885619555,0.44455729885676465,-28.644679801436887,-28.644679801412746,0.011621733153581856,0.011621733153601273,0.42971756489280066,0.42971756489298873
94.5,0.44745216285446343,0.44745216285503764,-28.5379043587366,-28.5379043587124,0.01153668605945775,0.011536686059477282,0.4244859847278327,0.424485984728021
94.75,0.45032672249270533,0.45032672249328465,-28.43242792827714,-28.432427928252874,0.011459304969859821,0.011459304969879467,0.4193254662434533,0.4193254662436418
95.0,0.4531989438044711,0.45319894380505554,-28.328195666570803,-28.328195666546478,0.011518014111793809,0.011518014111813569,0.4145326218721554,0.41453262187234413
95.25,0.45607883742507954,0.4560788374256692,-28.225174667187304,-28.225174667162918,0.011520673598509312,0.011520673598529187,0.4096353729451511,0.4096353729453401
95.5,0.45892637911500267,0.4589263791155975,-28.123385725141073,-28.123385725116627,0.011259192821780378,0.011259192821800369,0.4046761880772902,0.4046761880774794
95.75,0.46174821208951783,0.46174821209011796,-28.02284734328993,-28.022847343265422,0.011314995749641354,0.011314995749661461,0.39963086147079757,0.399630861470987
96.0,0.464552088644635,0.4645520886452404,-27.923539918404426,-27.92353991837986,0.011115564375929912,0.011115564375950134,0.39482855641577913,0.39482855641596876
96.25,0.4673169993611218,0.46731699936173254,-27.825441506079514,-27.825441506054887,0.011003262670559816,0.011003262670580152,0.3899587527714444,0.3899587527716342
96.5,0.47005664193991287,0.47005664194052893,-27.72858797390332,-27.728587973878632,0.010913398581771306,0.010913398581791757,0.3848695131106014,0.38486951311079154
96.75,0.4727776303502876,0.472777630350909,-27.632997673387067,-27.63299767336232,0.010854036167196933,0.0108540361672175,0.3798528966162021,0.37985289661639243
97.0,0.4754526924033044,0.4754526924039312,-27.53865119713561,-27.5386511971108,0.010545995509009028,0.010545995509029711,0.3749189424377579,0.37491894243794854
97.25,0.47809002537938444,0.47809002538001666,-27.445560728844097,-27.445560728819224,0.010552186557729278,0.010552186557750075,0.36980480331070725,0.3698048033108981
97.5,0.4807142594466275,0.48071425944726515,-27.353727573794245,-27.35372757376931,0.010441220243487231,0.010441220243508145,0.3648604475501302,0.3648604475503213
97.75,0.48328873121791677,0.48328873121855986,-27.263142796280903,-27.263142796255906,0.010154078915097429,0.010154078915118459,0.35981779962850285,0.3598177996286942
98.0,0.4858115646955965,0.4858115646962451,-27.173831285960933,-27.173831285935872,0.010028104377504832,0.010028104377525979,0.35467429480827267,0.3546742948084643
98.25,0.48828364834016474,0.4882836483408189,-27.085774266728336,-27.085774266703215,0.009748103915505058,0.00974810391552632,0.3497818854511449,0.34978188545133676
98.5,0.4907010501863447,0.4907010501870044,-26.998957088689433,-26.99895708866425,0.009590637355372312,0.009590637355393693,0.344755553706173,0.3447555537063651
98.75,0.49309323057418825,0.4930932305748535,-26.913383870137928,-26.913383870112682,0.009546341764938517,0.009546341764960014,0.3398301988821332,0.33983019888232563
99.0,0.49547809182290053,0.4954780918235714,-26.829072355177992,-26.829072355152686,0.009532061338338444,0.009532061338360058,0.3346619221437675,0.3346619221439602
99.25,0.49786014307397386,0.4978601430746504,-26.746049086983536,-26.746049086958166,0.009523864666361723,0.009523864666383454,0.32952422418472627,0.3295242241849192
99.5,0.5002192695139819,0.5002192695146643,-26.66430360792795,-26.664303607902514,0.00934866785230988,0.00934866785233173,0.32443962477769317,0.3244396247778864
99.75,0.5025165502009911,0.5025165502016794,-26.583841254877704,-26.58384125485221,0.00902908960081176,0.009029089600833727,0.31925922975432186,0.3192592297545154
100.0,0.5047438168894692,0.5047438168901635,-26.504664302095556,-26.504664302069997,0.008788563167187001,0.008788563167209086,0.31415641517989074,0.31415641518008447
100.25,0.5069347119764186,0.5069347119771188,-26.42672779950705,-26.42672779948143,0.008738143370791226,0.008738143370813429,0.3093356102818184,0.30933561028201234
100.5,0.5091062157227403,0.5091062157234465,-26.350019861207663,-26.35001986118198,0.00863341481808361,0.008633414818105931,0.3043279059871949,0.3043279059873891
100.75,0.5112652696394838,0.511265269640196,-26.27453524074776,-26.274535240722013,0.008638566308799023,0.00863856630882146,0.29954905720641056,0.2995490572066051
101.0,0.5134021174055632,0.5134021174062815,-26.200261389559692,-26.200261389533885,0.008455753499927698,0.008455753499950253,0.29464176953386634,0.2946417695340611
101.25,0.5154913132333533,0.5154913132340777,-26.12722380095966,-26.12722380093379,0.008257343674426118,0.008257343674448792,0.28965895797263636,0.28965895797283137
101.5,0.517552356632762,0.5175523566334925,-26.055450349495988,-26.055450349470057,0.008230520162919407,0.0082305201629422,0.28452865626571827,0.2845286562659135
101.75,0.5195476596629398,0.5195476596636766,-25.984910533494553,-25.984910533468558,0.0077314576269546485,0.007731457626977556,0.27978991879771603,0.27978991879791154
102.0,0.5214693329062158,0.5214693329069587,-25.915539249908615,-25.915539249882556,0.007641494034806727,0.00764149403482975,0.2751803583716583,0.27518035837185406
102.25,0.523339841301734,0.5233398413024832,-25.84734338080348,-25.847343380777357,0.0073221214727396825,0.00732212147276282,0.270386624580114,0.27038662458031
102.5,0.5251583123123081,0.5251583123130636,-25.780377277752414,-25.780377277726227,0.007225171312506869,0.007225171312530122,0.26534220896897304,0.2653422089691693
102.75,0.5269550546311058,0.5269550546318675,-25.714676244681517,-25.714676244655266,0.007148288943480897,0.007148288943504265,0.26026606284677645,0.26026606284697296
103.0,0.5287271949167113,0.5287271949174793,-25.650226556393775,-25.65022655636746,0.007028368387318094,0.007028368387341578,0.2553314547613949,0.2553314547615917
103.25,0.5304675303163087,0.530467530317083,-25.587008314312776,-25.587008314286397,0.0068938515141807695,0.006893851514204369,0.2504144945689911,0.25041449456918813
103.5,0.5321738087767024,0.5321738087774832,-25.52504759443389,-25.525047594407447,0.0067558915366130005,0.006755891536636715,0.24527127746910998,0.24527127746930713
103.75,0.533816573127737,0.5338165731285243,-25.464359224909696,-25.46435922488319,0.006385748778753962,0.006385748778777792,0.24023571362176002,0.2402357136219573
104.0,0.5353946662946297,0.5353946662954234,-25.40490904218918,-25.404909042162608,0.006238537667145144,0.006238537667169091,0.23536576202158208,0.2353657620217795
104.25,0.5369327686891675,0.5369327686899676,-25.346683293274733,-25.3466832932481,0.006065817354831043,0.006065817354855107,0.23044024557820242,0.23044024557839998
104.5,0.5384429421459234,0.53844294214673,-25.28971940244566,-25.28971940241896,0.006015083170740552,0.006015083170764732,0.225270885837696,0.2252708858378937
104.75,0.5399229821229369,0.5399229821237501,-25.23399770127775,-25.23399770125099,0.005824787338876496,0.0058247873389007925,0.2205027414468211,0.22050274144701895
105.0,0.5413534630871328,0.5413534630879525,-25.17949908501239,-25.179499084985565,0.005618587642023363,0.005618587642047776,0.21548620811673463,0.21548620811693261
105.25,0.5427427049268511,0.5427427049276773,-25.126219546458955,-25.126219546432065,0.005494900776230308,0.005494900776254837,0.21075011197207955,0.21075011197227767
105.5,0.5440681180316231,0.5440681180324559,-25.074167443051923,-25.07416744302497,0.00510792501199323,0.005107925012017876,0.20566675176852628,0.20566675176872454
105.75,0.5453055143185153,0.5453055143193547,-25.023382082763366,-25.023382082736347,0.004790769308576311,0.004790769308601074,0.20061616044160663,0.20061616044180502
106.0,0.5464731884169844,0.5464731884178305,-24.973861448050567,-24.973861448023484,0.004550145925647219,0.004550145925672099,0.19554893994694345,0.19554893994714195
106.25,0.5475720502331013,0.547572050233954,-24.925587834624327,-24.92558783459718,0.004240285961211513,0.00424028596123651,0.19063999667678616,0.1906399966769848
106.5,0.5485984933607172,0.5485984933615766,-24.878562497055665,-24.878562497028454,0.003970780536361255,0.0039707805363863695,0.18556272928169548,0.18556272928189427
106.75,0.5495733775234138,0.54957337752428,-24.832774052741758,-24.832774052714484,0.003827838687798832,0.0038278386878240617,0.1807448387062435,0.18074483870644242
107.0,0.5504829524820352,0.5504829524829081,-24.788206329700262,-24.788206329672924,0.0034482946399748003,0.003448294640000146,0.17579698140940064,0.17579698140959968
107.25,0.5513488366828894,0.5513488366837691,-24.744881664726854,-24.744881664699452,0.0034783080188580083,0.003478308018883469,0.17080033554824037,0.17080033554843954
107.5,0.5521753505350679,0.5521753505359545,-24.70278795260206,-24.702787952574592,0.003133345581351673,0.0031333455813772493,0.16594939397344383,0.16594939397364314
107.75,0.5529377031431736,0.552937703144067,-24.661916637846243,-24.661916637818713,0.0029650107669478088,0.002965010766973501,0.16102113994383963,0.16102113994403908
108.0,0.5536495823407299,0.5536495823416302,-24.62230257867557,-24.622302578647975,0.002729539288493582,0.0027295392885193902,0.1558913556219917,0.15589135562219125
108.25,0.5543327496376095,0.5543327496385166,-24.583961595244343,-24.583961595216685,0.0027353226223230795,0.002735322622349003,0.15083651128260858,0.15083651128280828
108.5,0.5549872184210163,0.5549872184219303,-24.546885853452967,-24.546885853425245,0.0024999500238504168,0.0024999500238764567,0.1457694452395139,0.14576944523971375
108.75,0.5555586399040475,0.5555586399049685,-24.51106572206477,-24.511065722036985,0.0020709526221841397,0.002070952622210296,0.14079164631222976,0.14079164631242974
109.0,0.5560610367633341,0.556061036764262,-24.47649801235505,-24.476498012327202,0.001947747007335009,0.0019477470073612803,0.13575004298146912,0.1357500429816692
109.25,0.5565129983969461,0.556512998397881,-24.443170879742485,-24.44317087971457,0.0016674857620566793,0.0016674857620830662,0.13086704434229557,0.1308670443424958
109.5,0.5568827451066207,0.5568827451075627,-24.411087136093474,-24.411087136065497,0.0012900105279766236,0.0012900105280031263,0.12580294043840967,0.12580294043861004
109.75,0.557177148219931,0.5571771482208802,-24.38028516528082,-24.38028516525278,0.0010647251007529551,0.0010647251007795734,0.1206128473029128,0.12061284730311325
110.0,0.5574015373741376,0.5574015373750938,-24.350758998239872,-24.350758998211766,0.0007299152267388985,0.0007299152267656321,0.115596520590781,0.11559652059098152
110.25,0.55753925075426,0.5575392507552234,-24.32251185009234,-24.32251185006417,0.00037130008566792325,0.00037130008569477205,0.110380698399973,0.1103806984001736
110.5,0.5575876567109191,0.5575876567118896,-24.295529508732972,-24.29552950870474,1.5485352451686948e-05,1.5485352478650798e-05,0.10547806602142734,0.10547806602162803
110.75,0.5575536933920963,0.5575536933930739,-24.269806484800664,-24.269806484772367,-0.0002876795191991684,-0.0002876795191720893,0.10030615401964925,0.10030615401985002
111.0,0.5574424317950342,0.557442431796019,-24.245354483713655,-24.245354483685293,-0.0006028843261685897,-0.0006028843261413951,0.09530988439416603,0.09530988439436688
111.25,0.5572927515302147,0.5572927515312069,-24.222154269149424,-24.222154269121,-0.0005950309211546123,-0.0005950309211273026,0.0902918313793146,0.09029183137951553
111.5,0.5571492140709605,0.55714921407196,-24.200173465894224,-24.20017346586573,-0.0005537154055150913,-0.0005537154054876663,0.08555459076710642,0.08555459076730744
111.75,0.5569993039414485,0.5569993039424553,-24.179382032880735,-24.17938203285218,-0.0006460160995931804,-0.0006460160995656401,0.0807768820430209,0.08077688204322199
112.0,0.5568149492949058,0.55681494929592,-24.159790405061035,-24.159790405032414,-0.000829275602798833,-0.0008292756027711772,0.07595615779244719,0.07595615779264836
112.25,0.5565575656233257,0.5565575656243472,-24.141443680836403,-24.14144368080772,-0.0012302782701413563,-0.0012302782701135843,0.07081767381142495,0.0708176738116262
112.5,0.5562066186872952,0.5562066186883241,-24.124359424847054,-24.124359424818305,-0.0015777650252516546,-0.0015777650252237663,0.06585640686465817,0.06585640686485948
112.75,0.5557932381360591,0.5557932381370955,-24.108500853388996,-24.108500853360184,-0.0017297361672528196,-0.0017297361672248153,0.06101217912778782,0.06101217912798918
113.0,0.5553462974493364,0.5553462974503802,-24.093884134831455,-24.09388413480258,-0.0018462693425161348,-0.0018462693424880145,0.055921580319415465,0.05592158031961688
113.25,0.554874901042671,0.5548749010437223,-24.080516706681465,-24.080516706652524,-0.0019253643124220413,-0.001925364312393805,0.051017852337693424,0.051017852337894895
113.5,0.5543398497223032,0.554339849723362,-24.06838701490049,-24.068387014871483,-0.002355517562582252,-0.002355517562553898,0.04601972246525331,0.046019722465454826
113.75,0.5536873352782982,0.5536873352793645,-24.057526302545206,-24.057526302516134,-0.002865083987367548,-0.002865083987339076,0.04086602441927673,0.0408660244194783
114.0,0.5529410390583211,0.5529410390593952,-24.047923440629848,-24.047923440600712,-0.0031057487274297082,-0.003105748727401119,0.035956893593638455,0.03595689359384007
114.25,0.5521455038417471,0.5521455038428287,-24.039557225781973,-24.039557225752773,-0.003259003031816975,-0.003259003031788269,0.030972839638309657,0.030972839638511312
114.5,0.5513108108983295,0.5513108108994187,-24.03246841916831,-24.032468419139047,-0.0034190342276948535,-0.00341903422766603,0.025737628358881593,0.025737628359083286
114.75,0.5504050006420427,0.5504050006431396,-24.026649305353313,-24.026649305323986,-0.0038279120454213014,-0.003827912045392361,0.020815320710383913,0.020815320710585644
115.0,0.5493928901169357,0.5493928901180403,-24.02205668497547,-24.022056684946076,-0.004269433315035799,-0.00426943331500674,0.015925683939290863,0.015925683939492633
115.25,0.5482810326714501,0.5482810326725625,-24.018681949557806,-24.018681949528347,-0.0046258840127884485,-0.00462588401275927,0.011072233008459751,0.011072233008661551
115.5,0.5470800536453467,0.5470800536464668,-24.016508008248557,-24.01650800821903,-0.004982396494422341,-0.004982396494393043,0.006319331077791811,0.00631933107799364
115.75,0.5458140345238158,0.5458140345249437,-24.015513940740114,-24.015513940710523,-0.00514619848911824,-0.0051461984890888235,0.0016332244331486788,0.0016332244333505338
116.0,0.5445174261825121,0.5445174261836477,-24.015712570806954,-24.015712570777296,-0.005227126226279816,-0.005227126226250281,-0.0032222573378917247,-0.003222257337689842
116.25,0.5431744866993832,0.5431744867005266,-24.017080151901833,-24.01708015187211,-0.005516813749058564,-0.00551681374902891,-0.007718364109186112,-0.0077183641089842
116.5,0.5417552507280143,0.5417552507291656,-24.01956418107981,-24.019564181050026,-0.005837492428006266,-0.005837492427976493,-0.012153839080829423,-0.01215383908062748
116.75,0.5402341800353121,0.5402341800364713,-24.023173286136217,-24.023173286106367,-0.006331503758620582,-0.006331503758590689,-0.016718954794702437,-0.016718954794500453
117.0,0.5386216254142219,0.538621625415389,-24.027876900073473,-24.027876900043555,-0.006569328595976395,-0.0065693285959463835,-0.020909934281017634,-0.020909934280815612
117.25,0.5369412351737702,0.5369412351749454,-24.033623526024613,-24.03362352599463,-0.006874185154037801,-0.006874185154007671,-0.02506304458600751,-0.02506304458580545
117.5,0.5352139447833809,0.5352139447845641,-24.0403999065341,-24.04039990650405,-0.006944523376628335,-0.006944523376598085,-0.029147992858283966,-0.029147992858081864
117.75,0.5334539935974997,0.5334539935986908,-24.048179631974126,-24.048179631944013,-0.007135458027081484,-0.007135458027051116,-0.03308979266045371,-0.033089792660251555
118.0,0.5316433909999971,0.5316433910011964,-24.056982180434282,-24.056982180404106,-0.007349762865924451,-0.0073497628658939634,-0.037330574815977305,-0.0373305748157751
118.25,0.5297561455233121,0.5297561455245194,-24.06675421101181,-24.066754210981568,-0.007748532651071277,-0.007748532651040669,-0.040845632207943953,-0.0408456322077417
118.5,0.5277923099059946,0.52779230990721,-24.07744745400273,-24.077447453972425,-0.007962516021098697,-0.007962516021067966,-0.044700291544892794,-0.04470029154469048
118.75,0.5257696453199965,0.5257696453212202,-24.089114065481887,-24.08911406545152,-0.008219171728475718,-0.008219171728444864,-0.048632576090668095,-0.048632576090465736
119.0,0.5236854892947684,0.5236854892960003,-24.10171732209123,-24.101717322060793,-0.008454412528410494,-0.008454412528379517,-0.05219345460536546,-0.052193454605163045
119.25,0.521538456065563,0.5215384560668032,-24.115194936553397,-24.115194936522894,-0.008722177406409428,-0.008722177406378328,-0.05562743584689122,-0.05562743584668876
119.5,0.5193432345766857,0.5193432345779341,-24.129568791661235,-24.129568791630664,-0.008839947084038728,-0.008839947084007505,-0.059363393912353124,-0.059363393912150605
119.75,0.5171260902031234,0.51712609020438,-24.144870675731386,-24.144870675700748,-0.008897555992216892,-0.008897555992185545,-0.06305167321738807,-0.06305167321718548
120.0,0.5148571544614341,0.514857154462699,-24.161061143990313,-24.16106114395961,-0.009254252778327013,-0.009254252778295544,-0.06647203922440736,-0.0664720392242047
120.25,0.5125083933759761,0.5125083933772493,-24.17804837311521,-24.17804837308444,-0.00953611476024626,-0.009536114760214667,-0.06942576720059794,-0.0694257672003952
120.5,0.5100881746739183,0.5100881746751998,-24.195762716130123,-24.19576271609929,-0.009825905185870561,-0.009825905185838845,-0.0722889495970501,-0.07228894959684729
120.75,0.5076247830362057,0.5076247830374957,-24.214221319555403,-24.2142213195245,-0.009881519723899331,-0.009881519723867492,-0.07537987256175262,-0.07537987256154974
121.0,0.5051204476614269,0.5051204476627253,-24.23344694129461,-24.233446941263644,-0.010153450778461623,-0.01015345077842966,-0.07842507571404324,-0.07842507571384029
121.25,0.502549485676878,0.5025494856781848,-24.253394798967307,-24.253394798936277,-0.010414503148368566,-0.01041450314833648,-0.0811577610553196,-0.08115776105511659
121.5,0.4999257097579945,0.49992570975930956,-24.27402639084278,-24.274026390811688,-0.01057596268701386,-0.010575962686981652,-0.08389495872593238,-0.08389495872572927
121.75,0.4972544792711723,0.49725447927249566,-24.29534029350099,-24.295340293469827,-0.010794138199049973,-0.010794138199017641,-0.08661624196994962,-0.08661624196974643
122.0,0.4945174549520663,0.494517454953398,-24.317374048015733,-24.317374047984508,-0.011102343171082265,-0.01110234317104981,-0.0896537650902128,-0.08965376509000954
122.25,0.4917233441302321,0.49172334413157215,-24.340079861866617,-24.340079861835324,-0.011250764369716153,-0.011250764369683575,-0.0919927317235562,-0.09199273172335286
122.5,0.4888692666608211,0.4888692666621695,-24.363356088824244,-24.363356088792887,-0.011582065552435489,-0.011582065552402786,-0.09421705270215311,-0.09421705270194969
122.75,0.48592507021638665,0.48592507021774345,-24.38723721961351,-24.38723721958209,-0.011971753008722535,-0.011971753008689709,-0.0968319568719851,-0.09683195687178162
123.0,0.48293186964253665,0.4829318696439019,-24.411732834597384,-24.4117328345659,-0.011974069001098313,-0.011974069001065363,-0.0991329627806005,-0.09913296278039693
123.25,0.4798741262548156,0.47987412625618936,-24.436769340950544,-24.436769340918996,-0.012488069609549042,-0.012488069609515968,-0.101159039584359,-0.10115903958415536
123.5,0.47672408174283926,0.4767240817442215,-24.462337104308972,-24.46233710427736,-0.012712496670834569,-0.012712496670801371,-0.10338304612390974,-0.10338304612370601
123.75,0.4735234059265635,0.4735234059279543,-24.488462162767668,-24.48846216273599,-0.012893121028023168,-0.012893121027989845,-0.1056174045162241,-0.1056174045160203
124.0,0.47025961110400044,0.47025961110539977,-24.515107639810438,-24.515107639778694,-0.013217419939680067,-0.01321741993964662,-0.10754638125080339,-0.1075463812505995
124.25,0.4669309601454423,0.4669309601468502,-24.542202771667824,-24.542202771636017,-0.01341194554716411,-0.01341194554713054,-0.10921465526825051,-0.10921465526804655
124.5,0.4635311553677956,0.46353115536921213,-24.56978186460083,-24.56978186456896,-0.01378670095552055,-0.013786700955486857,-0.11141805286360927,-0.11141805286340523
124.75,0.46009345265470974,0.46009345265613494,-24.597886062926182,-24.597886062894244,-0.013715109623434736,-0.013715109623400917,-0.11341554048880775,-0.11341554048860363
125.0,0.45664599372332804,0.45664599372476194,-24.626482873904997,-24.62648287387299,-0.013864745603352945,-0.013864745603319004,-0.11535893323387846,-0.11535893323367426
125.25,0.4531725229864544,0.453172522987897,-24.655528671021376,-24.655528670989305,-0.013923176269347968,-0.013923176269313902,-0.11700743818821775,-0.11700743818801347
125.5,0.44968140097781173,0.4496814009792631,-24.684961349560524,-24.68496134952839,-0.014005936739350834,-0.014005936739316644,-0.1184539823222182,-0.11845398232201385
125.75,0.4461615924955708,0.44616159249703097,-24.7147705208069,-24.714770520774703,-0.014152679267719048,-0.014152679267684733,-0.12001937381378135,-0.12001937381357693
126.0,0.4426015467238026,0.4426015467252716,-24.74496737804825,-24.74496737801599,-0.014327832299803193,-0.014327832299768755,-0.12155546760344488,-0.12155546760324039
126.25,0.43901050853770324,0.4390105085391811,-24.77554207565706,-24.775542075624735,-0.014400613924683127,-0.014400613924648566,-0.12304210640509088,-0.1230421064048863
126.5,0.4353998206087986,0.43539982061028537,-24.8065133428647,-24.806513342832307,-0.014485049033438018,-0.014485049033403332,-0.12472802329537944,-0.12472802329517478
126.75,0.4317629376970038,0.4317629376984995,-24.837884059627136,-24.837884059594675,-0.014610157175879903,-0.014610157175845092,-0.12623769900876783,-0.12623769900856302
127.0,0.428094079570809,0.42809407957231366,-24.869652167273227,-24.869652167240698,-0.014740865817440149,-0.014740865817405214,-0.1279071498366061,-0.12790714983640117
127.25,0.4244249903682591,0.4244249903697727,-24.901791390695898,-24.901791390663305,-0.01461197090757578,-0.01461197090754072,-0.12920664969699558,-0.12920664969679052
127.5,0.42077192399507213,0.4207719239965948,-24.93423563684261,-24.934235636809955,-0.014612668205378428,-0.014612668205343245,-0.130347319410922,-0.13034731941071684
127.75,0.4171253203148754,0.4171253203164071,-24.966958955975546,-24.96695895594282,-0.01456026476639279,-0.01456026476635748,-0.13143923859311582,-0.1314392385929105
128.0,0.41347253602757933,0.41347253602912004,-24.999965450808247,-24.99996545077546,-0.014662120751995356,-0.014662120751959922,-0.13261271046540604,-0.1326127104652006
128.25,0.40981125354911857,0.4098112535506684,-25.033212765079348,-25.033212765046493,-0.014628210663840159,-0.0146282106638046,-0.13336580690039476,-0.1333658069001892
128.5,0.40614417087451804,0.40614417087607696,-25.06668854296421,-25.066688542931292,-0.014708552633736714,-0.01470855263370103,-0.13444040860377504,-0.13444040860356934
128.75,0.4024685279374696,0.40246852793903776,-25.10041310683087,-25.100413106797888,-0.014696677782965873,-0.014696677782930065,-0.13535610344901594,-0.1353561034488101
129.0,0.3987753093663479,0.39877530936792527,-25.134373632707163,-25.134373632674116,-0.014849163016271531,-0.014849163016235598,-0.13632808918488562,-0.13632808918467965
129.25,0.39508783595315816,0.3950878359547447,-25.16856936275377,-25.168569362720657,-0.014650710644438989,-0.01465071064440293,-0.13723776989811146,-0.13723776989790534
129.5,0.39140086001809354,0.3914008600196894,-25.20300550466711,-25.20300550463393,-0.014845192986607027,-0.014845192986570842,-0.13825134707263986,-0.1382513470724336
129.75,0.38769214263471563,0.38769214263632074,-25.23766615511515,-25.2376661550819,-0.014824620449412542,-0.014824620449376233,-0.1390338584512038,-0.13903385845099742
130.0,0.3839828029515479,0.38398280295316234,-25.27252871375061,-25.272528713717296,-0.014850176121528549,-0.014850176121492115,-0.13986660822301925,-0.13986660822281274
130.25,0.3802776404011469,0.38027764040277073,-25.307602177718618,-25.30760217768524,-0.01479120543731477,-0.01479120543727821,-0.1407211090807783,-0.14072110908057167
130.5,0.3765837792083338,0.376583779209967,-25.342891397704523,-25.342891397671078,-0.014759766865919356,-0.014759766865882672,-0.14159265377045396,-0.14159265377024718
130.75,0.37288789860435195,0.3728878986059946,-25.37839380228506,-25.37839380225155,-0.014807357180146223,-0.014807357180109414,-0.14242657838695025,-0.14242657838674333
131.0,0.3691908806813205,0.36919088068297257,-25.41409065953013,-25.414090659496555,-0.014768854838353466,-0.01476885483831653,-0.1431482832035785,-0.14314828320337147
131.25,0.36550645450912006,0.36550645451078156,-25.449946308573676,-25.449946308540035,-0.014706606854064393,-0.01470660685402733,-0.143696915013498,-0.14369691501329082
131.5,0.3618082279936972,0.3618082279953682,-25.48595193614019,-25.48595193610648,-0.014879267254096652,-0.014879267254059463,-0.14434808924003653,-0.14434808923982922
131.75,0.3580878460628309,0.35808784606451144,-25.522107184614452,-25.522107184580676,-0.014883840247253977,-0.014883840247216663,-0.1448938981228506,-0.14489389812264317
132.0,0.3543411076087794,0.35434110761046955,-25.5583998502502,-25.55839985021636,-0.01509012016980311,-0.015090120169765669,-0.14544740751490226,-0.14544740751469468
132.25,0.3505595400510861,0.35055954005278583,-25.594809907588303,-25.5948099075544,-0.015162457254845621,-0.015162457254808056,-0.1458330443698922,-0.14583304436968447
132.5,0.3467831073677644,0.34678310736947376,-25.631305748631387,-25.63130574859742,-0.015049033161428506,-0.015049033161390814,-0.14613369466841972,-0.14613369466821186
132.75,0.3430375936493274,0.3430375936510464,-25.667868690429344,-25.66786869039531,-0.014915099450421009,-0.01491509945038319,-0.14636985234252023,-0.14636985234231223
133.0,0.3393120924070247,0.33931209240875343,-25.704500684734008,-25.70450068469991,-0.014888940900509977,-0.014888940900472032,-0.14668610456097758,-0.14668610456076947
133.25,0.3355927177492522,0.33559271775099064,-25.741221269657892,-25.74122126962373,-0.014866093959282423,-0.014866093959244351,-0.14707857698406965,-0.14707857698386143
133.5,0.33188694733536955,0.33188694733711777,-25.77801093185039,-25.778010931816162,-0.01478008504388595,-0.014780085043847752,-0.1472387286648256,-0.14723872866461724
133.75,0.3281778854884513,0.32817788549020926,-25.81485168848094,-25.814851688446645,-0.014892433761648168,-0.014892433761609843,-0.14748731378722157,-0.14748731378701307
134.0,0.32446589887400196,0.32446589887576976,-25.851762247873136,-25.851762247838774,-0.014803488961249764,-0.014803488961211312,-0.14779716973606333,-0.1477971697358547
134.25,0.3207812172573729,0.3207812172591506,-25.888762241045626,-25.8887622410112,-0.014674002803227138,-0.01467400280318856,-0.14820278785183416,-0.14820278785162538
134.5,0.3171479551384341,0.31714795514022165,-25.925852380098664,-25.92585238006417,-0.014392124481082822,-0.014392124481044117,-0.14851835114806358,-0.14851835114785467
134.75,0.31353949877090104,0.3135394987726985,-25.96302165172728,-25.963021651692724,-0.014475556967104616,-0.014475556967065784,-0.14883581401476448,-0.14883581401455542
135.0,0.3099412210948968,0.3099412210967042,-26.00025904942853,-26.000259049393904,-0.01431068647199199,-0.014310686471953032,-0.14906338313923254,-0.14906338313902334
135.25,0.30636679028166997,0.30636679028348734,-26.037509137632583,-26.037509137597894,-0.014284748720889378,-0.01428474872085029,-0.1489373249385796,-0.14893732493837028
135.5,0.3028165239774823,0.30281652397930975,-26.07471171206857,-26.074711712033814,-0.014117358329748376,-0.014117358329709161,-0.148683286330913,-0.14868328633070352
135.75,0.29927755435913495,0.2992775543609724,-26.11188353400717,-26.111883533972346,-0.014194399937088603,-0.01419439993704926,-0.14869128191430395,-0.14869128191409436
136.0,0.29571861826381235,0.2957186182656599,-26.14905077263225,-26.149050772597363,-0.014277085184099774,-0.014277085184060304,-0.14864661929068343,-0.1486466192904737
136.25,0.292154217122793,0.2921542171246507,-26.186206153470447,-26.186206153435492,-0.014238119782582749,-0.01423811978254315,-0.14859643108851675,-0.14859643108830692
136.5,0.288607002003617,0.28860700200548484,-26.22335724477881,-26.223357244743788,-0.014139603235321206,-0.01413960323528148,-0.14861230866652148,-0.1486123086663115
136.75,0.2850532765113615,0.2850532765132395,-26.260497743180093,-26.260497743145002,-0.014290191782511504,-0.01429019178247165,-0.1485116643461052,-0.14851166434589508
137.0,0.2814887001664765,0.2814887001683647,-26.29761127369233,-26.29761127365717,-0.01422640869722307,-0.01422640869718309,-0.1483965857652312,-0.14839658576502096
137.25,0.2779360732178477,0.2779360732197461,-26.334643242774806,-26.33464324273958,-0.014194556792356525,-0.014194556792316418,-0.1478591698975503,-0.1478591698973399
137.5,0.274387370395192,0.2743873703971007,-26.371605894529086,-26.371605894493793,-0.014195064742045382,-0.014195064742005147,-0.14784204408873564,-0.1478420440885251
137.75,0.27082477553429457,0.2708247755362136,-26.40851618128365,-26.40851618124829,-0.01430565683278648,-0.014305656832746117,-0.14744023952104704,-0.14744023952083637
138.0,0.26726117087463175,0.2672611708765611,-26.44534846802244,-26.445348467987014,-0.014203160067861324,-0.014203160067820832,-0.14721806405265467,-0.14721806405244386
138.25,0.2636816111834708,0.26368161118541045,-26.482135887172987,-26.482135887137492,-0.014433305136891833,-0.014433305136851213,-0.14708126745345926,-0.14708126745324832
138.5,0.2600664716462725,0.26006647164822255,-26.518868650962222,-26.518868650926663,-0.014487783414429963,-0.014487783414389215,-0.14678083772413483,-0.14678083772392375
138.75,0.25645058823268374,0.25645058823464423,-26.555527686867677,-26.55552768683205,-0.014439257189566967,-0.01443925718952609,-0.14649145409452366,-0.14649145409431244
139.0,0.2528552586619808,0.25285525866395175,-26.592086475029536,-26.59208647499384,-0.014323331623849434,-0.014323331623808428,-0.1459788621298197,-0.14597886212960834
139.25,0.24925762635779122,0.24925762635977258,-26.62854074705626,-26.628540747020498,-0.014457696879799819,-0.014457696879758683,-0.14565530141588315,-0.14565530141567165
139.5,0.24559010467803705,0.24559010468002881,-26.664919201685727,-26.664919201649898,-0.01488245046308461,-0.014882450463043345,-0.14537229557378445,-0.1453722955735728
139.75,0.2418559765683585,0.24185597657036073,-26.701221164922732,-26.701221164886835,-0.014990544003354603,-0.014990544003313207,-0.14504340013108222,-0.14504340013087044
140.0,0.23808065823286179,0.2380806582348745,-26.737461151777673,-26.73746115174171,-0.015211987546760881,-0.015211987546719357,-0.1448764738305783,-0.1448764738303664
140.25,0.2342810065732282,0.23428100657525142,-26.77361559318766,-26.77361559315163,-0.015185177556182082,-0.01518517755614043,-0.14435905997692156,-0.1443590599767095
140.5,0.23051764589998183,0.2305176459020156,-26.80965978133392,-26.80965978129782,-0.014921674058179771,-0.014921674058137989,-0.1439944700363591,-0.1439944700361469
140.75,0.2267906876032618,0.22679068760530613,-26.8455931206974,-26.845593120661235,-0.014893943676457322,-0.01489394367641541,-0.14347224748587104,-0.1434722474856587
141.0,0.2230557568931451,0.22305575689520005,-26.88141569040581,-26.881415690369575,-0.014985468289035827,-0.014985468288993786,-0.14310830155234555,-0.14310830155213308
141.25,0.2193023811158973,0.21930238111796288,-26.91711893685536,-26.917118936819058,-0.015041482843917799,-0.01504148284387563,-0.14251766476290406,-0.14251766476269145
141.5,0.2155265103334616,0.21552651033553782,-26.95270020046298,-26.952700200426612,-0.015165447699782524,-0.015165447699740224,-0.14213243241054188,-0.14213243241032916
141.75,0.21172363792912233,0.21172363793120924,-26.988147805686314,-26.988147805649877,-0.015257467652497329,-0.0152574676524549,-0.14144840070036596,-0.1414484007001531
142.0,0.20790732057647862,0.20790732057857628,-27.023474809275246,-27.023474809238742,-0.015273045307714757,-0.015273045307672197,-0.14116762654236617,-0.14116762654215317
142.25,0.20410471228937288,0.20410471229148133,-27.05867851799212,-27.05867851795555,-0.015147755075867568,-0.015147755075824878,-0.14046205500501288,-0.14046205500479975
142.5,0.20033842371613442,0.20033842371825367,-27.093731967662812,-27.093731967626173,-0.014982507302622732,-0.014982507302579912,-0.139965557940109,-0.13996555793989574
142.75,0.196632964742567,0.19663296474469708,-27.128643554257184,-27.128643554220478,-0.014661104890755755,-0.014661104890712805,-0.13932716511679746,-0.13932716511658405
143.0,0.19296091014265698,0.1929609101447979,-27.16337834972578,-27.163378349689005,-0.01471525933701646,-0.01471525933697338,-0.1385511935261769,-0.13855119352596337
143.25,0.1893102938276327,0.1893102938297845,-27.197901687060735,-27.197901687023894,-0.014489585437670021,-0.01448958543762681,-0.137635526430089,-0.13763552642987534
143.5,0.1856811182039296,0.18568111820609234,-27.232230596610215,-27.232230596573306,-0.014543759813656743,-0.014543759813613402,-0.13699574485809243,-0.13699574485787863
143.75,0.18204939523882083,0.18204939524099453,-27.26638044548216,-27.266380445445183,-0.014509949752508088,-0.014509949752464618,-0.1362030493050258,-0.13620304930481186
144.0,0.17844018919585633,0.17844018919804103,-27.300327168550428,-27.300327168513384,-0.01436362069894531,-0.01436362069890171,-0.1353707490370572,-0.13537074903684312
144.25,0.17488125100520657,0.1748812510074023,-27.334077554734407,-27.334077554697295,-0.014107815780379547,-0.014107815780335814,-0.13463236455214408,-0.13463236455192987
144.5,0.17136101823134026,0.17136101823354705,-27.367649255347356,-27.367649255310177,-0.014053981814689179,-0.014053981814645317,-0.13394124542688485,-0.1339412454266705
144.75,0.1678447631476867,0.1678447631499046,-27.401072138456595,-27.401072138419348,-0.014076012330781179,-0.014076012330737186,-0.13344181736992114,-0.13344181736970664
145.0,0.1643348689703048,0.16433486897253383,-27.434361864923368,-27.43436186488605,-0.014003088304393953,-0.01400308830434983,-0.1328760012395084,-0.13287600123929377
145.25,0.16084194534144552,0.1608419453436857,-27.46746938326526,-27.467469383227876,-0.01394021720124808,-0.013940217201203827,-0.1319841514231062,-0.13198415142289147
145.5,0.15735451750239599,0.15735451750464735,-27.50037104244191,-27.500371042404456,-0.0139591348843703,-0.013959134884325918,-0.1312291202064445,-0.13122912020622962
145.75,0.1538607979947207,0.15386079799698327,-27.533118994170994,-27.533118994133474,-0.013990576987685964,-0.01399057698764145,-0.1307544906618065,-0.13075449066159148
146.0,0.15037616065627693,0.15037616065855075,-27.565715287883222,-27.56571528784563,-0.013886452639727796,-0.013886452639683152,-0.1300158688528468,-0.13001586885263164
146.25,0.14690588484095596,0.14690588484324107,-27.598141447584155,-27.598141447546496,-0.01387569575229193,-0.013875695752247156,-0.1293934097687161,-0.1293934097685008
146.5,0.1434536886470867,0.14345368864938315,-27.63040876627296,-27.630408766235234,-0.013741813232941203,-0.013741813232896298,-0.12874515236419384,-0.1287451523639784
146.75,0.1400445353120736,0.14004453531438138,-27.66250881448037,-27.66250881444257,-0.01353134894854222,-0.013531348948497184,-0.1280552531376877,-0.12805525313747212
147.0,0.13667984310512643,0.1366798431074456,-27.694412891455407,-27.69441289141754,-0.01338610647867156,-0.013386106478626392,-0.1271773763560947,-0.12717737635587897
147.25,0.1333281118821792,0.1333281118845098,-27.726091896263824,-27.72609189622589,-0.013427656846798738,-0.013427656846753438,-0.12625465819379061,-0.12625465819357476
147.5,0.1300061304537069,0.13000613045604897,-27.757560940374557,-27.757560940336553,-0.01314812374803811,-0.013148123747992678,-0.1254977210465453,-0.1254977210463293
147.75,0.12675138882005016,0.12675138882240372,-27.78886320970492,-27.788863209666847,-0.012889755417285797,-0.012889755417240233,-0.12492045795541273,-0.12492045795519666
148.0,0.12355549558313639,0.12355549558550141,-27.820002442420286,-27.820002442382144,-0.012677322444179536,-0.01267732244413384,-0.12419342379575689,-0.12419342379554073
148.25,0.12040604225568897,0.1204060422580655,-27.85094917075069,-27.85094917071248,-0.012518228028656583,-0.012518228028610755,-0.1233804178469344,-0.12338041784671816
148.5,0.1172869848712527,0.11728698487364077,-27.881709918581468,-27.881709918543184,-0.01243416792110636,-0.012434167921060401,-0.12270557272443569,-0.12270557272421936
148.75,0.11421870493959563,0.11421870494199525,-27.912278886882383,-27.91227888684403,-0.012111991001316725,-0.012111991001270634,-0.12184620405785297,-0.12184620405763656
149.0,0.1112197789488504,0.11121977895126163,-27.94263955095673,-27.94263955091831,-0.011879341313124034,-0.01187934131307781,-0.12103913047120413,-0.12103913047098763
149.25,0.10825832266976633,0.10825832267218918,-27.97276491638456,-27.972764916346073,-0.011812208010556841,-0.011812208010510484,-0.11996379928074014,-0.11996379928052356
149.5,0.10530895087959961,0.10530895088203412,-28.002660292880098,-28.002660292841544,-0.011782694697286595,-0.011782694697240106,-0.11919921546604263,-0.11919921546582597
149.75,0.10240953265144205,0.10240953265388825,-28.032348404756952,-28.032348404718327,-0.011412567352105366,-0.011412567352058745,-0.11830571444453997,-0.11830571444432322
150.0,0.09955198437310797,0.0995519843755659,-28.061810985109773,-28.061810985071077,-0.01144773346204334,-0.011447733461996587,-0.11739492506247394,-0.11739492506225711
150.25,0.09668410276860297,0.09668410277107266,-28.091053960993978,-28.091053960955215,-0.01149524006702374,-0.011495240066976855,-0.11654887753217746,-0.11654887753196055
150.5,0.09378335585563734,0.09378335585811882,-28.120076728161102,-28.120076728122267,-0.011710649373955205,-0.01171064937390819,-0.11563323949584052,-0.11563323949562353
150.75,0.0908815985613403,0.09088159856383363,-28.148877204417218,-28.148877204378312,-0.011503328113635015,-0.011503328113587867,-0.1147705900993851,-0.11477059009916803
151.0,0.088021334943592,0.0880213349460972,-28.177450585384396,-28.177450585345422,-0.011378691330960203,-0.011378691330912922,-0.11381646938880441,-0.11381646938858725
151.25,0.08516220262936042,0.0851622026318775,-28.205819615447705,-28.205819615408664,-0.011494303462711842,-0.011494303462664427,-0.11313576021764075,-0.11313576021742351
151.5,0.08227485329430152,0.08227485329683054,-28.233995174983352,-28.233995174944244,-0.011604409933349491,-0.011604409933301942,-0.11226870568659293,-0.1122687056863756
151.75,0.079367608837087,0.07936760883962798,-28.26195846927161,-28.261958469232432,-0.011653467836564806,-0.011653467836517124,-0.11143764399421226,-0.11143764399399485
152.0,0.0764670125564319,0.07646701255898487,-28.289701764394593,-28.289701764355346,-0.011551215293923486,-0.011551215293875672,-0.11050872663001463,-0.11050872662979713
152.25,0.07362056248469835,0.07362056248726334,-28.317211745579854,-28.31721174554054,-0.011220297340510638,-0.01122029734046269,-0.10957115405115316,-0.10957115405093558
152.5,0.07083842906293966,0.07083842906551671,-28.344476470504418,-28.344476470465036,-0.011036673889079945,-0.011036673889031864,-0.10854666265741833,-0.10854666265720067
152.75,0.06810829329877538,0.06810829330136452,-28.37147830116521,-28.371478301125762,-0.010804310964566693,-0.010804310964518478,-0.10746800453618732,-0.10746800453596958
153.0,0.06542176873451344,0.06542176873711471,-28.39822292646359,-28.398222926424072,-0.010687793679111776,-0.01068779367906343,-0.10648900883608602,-0.10648900883586819
153.25,0.06276971452300832,0.06276971452562174,-28.424715341024132,-28.424715340984548,-0.010528542509346034,-0.010528542509297554,-0.10545032266248952,-0.10545032266227161
153.5,0.06014845351459408,0.06014845351721967,-28.45098965293833,-28.450989652898677,-0.010441479401925611,-0.010441479401876999,-0.10474418085939294,-0.10474418085917495
153.75,0.057541734621602246,0.05754173462424003,-28.47707329260879,-28.47707329256907,-0.010412194920529015,-0.01041219492048027,-0.10392493926520245,-0.10392493926498438
154.0,0.05492795383289175,0.05492795383554177,-28.50295591279426,-28.502955912754473,-0.010497977427057463,-0.010497977427008585,-0.10313601413088419,-0.10313601413066603
154.25,0.05228795006922381,0.052287950071886094,-28.52864469873648,-28.528644698696624,-0.010621981286243237,-0.010621981286194225,-0.10237426171566699,-0.10237426171544875
154.5,0.049635188760792794,0.04963518876346738,-28.554095403779712,-28.55409540373979,-0.010600001854187628,-0.010600001854138483,-0.10123138070239311,-0.10123138070217477
154.75,0.04698841517025827,0.0469884151729452,-28.57930642666406,-28.579306426624072,-0.010574114266124614,-0.010574114266075336,-0.10045680481304192,-0.1004568048128235
155.0,0.044353136766539195,0.04435313676923849,-28.60429288275861,-28.60429288271855,-0.010508017034819277,-0.010508017034769866,-0.0994348501749687,-0.09943485017475019
155.25,0.04174703531377136,0.04174703531648305,-28.62903760650508,-28.62903760646495,-0.010340709030367407,-0.010340709030317861,-0.09852295557061805,-0.09852295557039946
155.5,0.03918158622500255,0.03918158622772667,-28.653517896341864,-28.65351789630167,-0.010182770616292263,-0.010182770616242584,-0.09731937801412292,-0.09731937801390424
155.75,0.036628262245204976,0.036628262247941565,-28.67770358806602,-28.677703588025754,-0.010243712903643409,-0.010243712903593596,-0.0961661500333844,-0.09616615003316563
156.0,0.03407464105718955,0.03407464105993864,-28.701585186815798,-28.70158518677546,-0.010185136376658056,-0.01018513637660811,-0.09488664548740038,-0.09488664548718152
156.25,0.03155926754927858,0.031559267552040214,-28.72517293660793,-28.72517293656752,-0.009937751089221234,-0.009937751089171155,-0.09381537617320836,-0.09381537617298942
156.5,0.029092756853573033,0.029092756856347216,-28.748518446200627,-28.74851844616015,-0.009794253161680744,-0.009794253161630531,-0.09294871409738115,-0.09294871409716213
156.75,0.026693549931556815,0.026693549934343586,-28.771636831064008,-28.771636831023464,-0.009399313002371842,-0.009399313002321495,-0.09199840204478511,-0.09199840204456601
157.0,0.024378350218574683,0.024378350221374072,-28.794527980070953,-28.79452798003034,-0.009122203275433796,-0.009122203275383316,-0.09113081613678489,-0.0911308161365657
157.25,0.022097480013314887,0.02209748001612693,-28.817208148518784,-28.8172081484781,-0.009124681394663405,-0.009124681394612791,-0.09031053121215477,-0.0903105312119355
157.5,0.019859667192699246,0.019859667195523976,-28.839669967616388,-28.839669967575635,-0.008777734179549966,-0.008777734179499218,-0.08938405427898212,-0.08938405427876277
157.75,0.017645168854705247,0.017645168857542696,-28.86189778314664,-28.861897783105817,-0.008938163727079323,-0.008938163727028442,-0.08843845483759961,-0.08843845483738018
158.0,0.015410338781897837,0.015410338784748033,-28.883893330325634,-28.88389333028474,-0.008940391178884295,-0.00894039117883328,-0.08752592238427356,-0.08752592238405404
158.25,0.01316890845004633,0.013168908452909306,-28.90565259840992,-28.905652598368956,-0.008990959655997303,-0.008990959655946155,-0.08654821752233414,-0.08654821752211454
158.5,0.01093171360634335,0.01093171360921914,-28.927174288591257,-28.927174288550223,-0.00890651243952017,-0.008906512439468888,-0.08562531189002857,-0.08562531188980887
158.75,0.008699213226529666,0.008699213229418301,-28.94845162647745,-28.94845162643635,-0.008953393665714956,-0.00895339366566354,-0.08459338677948518,-0.0845933867792654
159.0,0.00647574706844618,0.006475747071347692,-28.969474994614718,-28.96947499457355,-0.008834241691382187,-0.008834241691330638,-0.08359356955232547,-0.0835935695521056
159.25,0.004275656419700312,0.004275656422614734,-28.990258384884157,-28.99025838484292,-0.00876639711149148,-0.008766397111439797,-0.08267355899957328,-0.08267355899935332
159.5,0.002094897406084039,0.002094897409011403,-29.010815344883788,-29.01081534484248,-0.008679591301859914,-0.008679591301808098,-0.08178212918151558,-0.08178212918129553
159.75,-7.513358568724072e-05,-7.513358274690302e-05,-29.031175360111963,-29.031175360070588,-0.008680592478731606,-0.008680592478679656,-0.08109799254944326,-0.08109799254922313
160.0,-0.0022354243246339206,-0.0022354243216805743,-29.051326721319562,-29.051326721278116,-0.008601640903843322,-0.008601640903791237,-0.08011290455488682,-0.08011290455466659
160.25,-0.004368428229023308,-0.004368428226056918,-29.071236199394235,-29.071236199352718,-0.008462301108721725,-0.008462301108669506,-0.07916293317947445,-0.07916293317925414
160.5,-0.006473656010221112,-0.006473656007241644,-29.09093730016456,-29.09093730012297,-0.008379453873598047,-0.008379453873545693,-0.0784458807939271,-0.0784458807937067
160.75,-0.008565275616781188,-0.008565275613788606,-29.110430381488502,-29.110430381446847,-0.008353414019620644,-0.008353414019568154,-0.0774987722526214,-0.07749877225240091
161.0,-0.010652441173957281,-0.01065244117095155,-29.129704572599966,-29.12970457255824,-0.008343834968779279,-0.008343834968726654,-0.07669475754213935,-0.07669475754191876
161.25,-0.012740447805505092,-0.012740447802486178,-29.1487533998985,-29.1487533998567,-0.008360124241002478,-0.008360124240949719,-0.07569585931030025,-0.07569585931007958
161.5,-0.014806900681909284,-0.014806900678877154,-29.167567206017104,-29.167567205975235,-0.008171416015945017,-0.008171416015892122,-0.07481460742998784,-0.07481460742976707
161.75,-0.016824729253447038,-0.01682472925040165,-29.18615705061867,-29.186157050576735,-0.00797112704249782,-0.007971127042444789,-0.07390416826586542,-0.07390416826564457
162.0,-0.018821338450032792,-0.018821338446974114,-29.204515759714248,-29.204515759672244,-0.008001658351631327,-0.008001658351578162,-0.07296550162018221,-0.07296550161996128
162.25,-0.02081851185037618,-0.02081851184730418,-29.222665301297596,-29.22266530125552,-0.007975659905743069,-0.00797565990568977,-0.07223083349768632,-0.0722308334974653
162.5,-0.02281663015287959,-0.02281663014979423,-29.240631916752363,-29.24063191671022,-0.008009218127354518,-0.008009218127301083,-0.0715020869765187,-0.07150208697629759
162.75,-0.024826162971837033,-0.024826162968738283,-29.258406455986332,-29.258406455944122,-0.008066968579817991,-0.008066968579764421,-0.07069422145043931,-0.07069422145021811
163.0,-0.02683393063834038,-0.026833930635228206,-29.27598369613339,-29.27598369609111,-0.007995100428872482,-0.007995100428818777,-0.06992370650173961,-0.06992370650151833
163.25,-0.028832910450514178,-0.028832910447388546,-29.293350383641243,-29.29335038359889,-0.007996652224119542,-0.007996652224065702,-0.06900979341471492,-0.06900979341449355
163.5,-0.03085095500068942,-0.030850954997550292,-29.310514513446005,-29.310514513403586,-0.008147637885050785,-0.00814763788499681,-0.06830323078832422,-0.06830323078810277
163.75,-0.032876246870231364,-0.03287624686707869,-29.32751493626857,-29.32751493622608,-0.008054640537533343,-0.008054640537479231,-0.0677001605599722,-0.06770016055975067
164.0,-0.03486866319872816,-0.03486866319556191,-29.34435062527163,-29.344350625229072,-0.00788462301813844,-0.007884623018084194,-0.06698536749379912,-0.0669853674935775
164.25,-0.0368336232814263,-0.03683362327824644,-29.360995086067476,-29.36099508602485,-0.007834981115043112,-0.00783498111498873,-0.06617032355318266,-0.06617032355296096
164.5,-0.03878063665486387,-0.03878063665167037,-29.37741453938318,-29.377414539340485,-0.007741033316525597,-0.007741033316471083,-0.06518531182984502,-0.06518531182962324
164.75,-0.04069510048810415,-0.040695100484896975,-29.39363443308852,-29.393634433045754,-0.007574620007078249,-0.007574620007023603,-0.06457385350233907,-0.0645738535021172
165.0,-0.04255398267963985,-0.04255398267641896,-29.409671965886133,-29.409671965843298,-0.007296357927550443,-0.007296357927495664,-0.06372643511322723,-0.06372643511300527
165.25,-0.04437132592146152,-0.044371325918226893,-29.425491346763767,-29.425491346720865,-0.007242303651006318,-0.007242303650951406,-0.06282861700406304,-0.062828617003841
165.5,-0.04617553368422998,-0.04617553368098158,-29.441084663177055,-29.441084663134085,-0.007191272878710157,-0.007191272878655113,-0.061917919113403094,-0.061917919113180994
165.75,-0.04798098775773524,-0.04798098775447303,-29.45645410830772,-29.45645410826468,-0.0072522770046391455,-0.007252277004583969,-0.06103763618035768,-0.061037636180135524
166.0,-0.04975505743207601,-0.049755057428799966,-29.47161683529295,-29.47161683524984,-0.006940207754804136,-0.006940207754748827,-0.06026420912348182,-0.0602642091232596
166.25,-0.05148587758717066,-0.05148587758388074,-29.48656277732103,-29.48656277727785,-0.006906263170693861,-0.006906263170638419,-0.05930333030142735,-0.05930333030120507
166.5,-0.05319927630184621,-0.05319927629854239,-29.501274445859448,-29.5012744458162,-0.006800840714199569,-0.006800840714143995,-0.0583900279451523,-0.05839002794492996
166.75,-0.05488123037653105,-0.0548812303732133,-29.515789975005585,-29.51578997496227,-0.006654730322358597,-0.006654730322302889,-0.05773421899927416,-0.057734218999051755
167.0,-0.05654456434000132,-0.05654456433666959,-29.53010770433565,-29.530107704292266,-0.0066518542908819145,-0.006651854290826075,-0.05680761591233267,-0.0568076159121102
167.25,-0.05819815749354362,-0.05819815749019789,-29.544226612017155,-29.544226611973702,-0.006576828603201275,-0.006576828603145303,-0.05614365261313064,-0.05614365261290811
167.5,-0.059852904040836354,-0.05985290403747658,-29.55819733775484,-29.55819733771132,-0.006661094871903366,-0.00666109487184726,-0.055622145343632357,-0.05562214534340977
167.75,-0.061508419164098466,-0.06150841916072462,-29.572005353259627,-29.572005353216035,-0.006582952825224119,-0.00658295282516788,-0.05484198606186929,-0.05484198606164664
168.0,-0.06313785800825494,-0.06313785800486697,-29.58562278029631,-29.58562278025265,-0.006452487992758826,-0.006452487992702454,-0.054097442531831685,-0.054097442531608975
168.25,-0.06472038574977064,-0.0647203857463685,-29.599057506905517,-29.59905750686179,-0.0062076665887814695,-0.0062076665887249634,-0.0533803934236851,-0.053380393423462326
168.5,-0.06628676551926892,-0.06628676551585258,-29.612316667653758,-29.61231666760996,-0.006323306998832994,-0.006323306998776354,-0.052692881659534035,-0.0526928816593112
168.75,-0.06786617340764219,-0.06786617340421161,-29.625409480523224,-29.625409480479355,-0.0063118957140139076,-0.006311895713957134,-0.05204962237200277,-0.052049622371779874
169.0,-0.06943044844641352,-0.06943044844296868,-29.63834511315351,-29.63834511310957,-0.006202246941833287,-0.0062022469417763815,-0.051435449007964096,-0.051435449007741135
169.25,-0.07094078817253631,-0.07094078816907717,-29.651132862773835,-29.651132862729824,-0.005880417475355238,-0.005880417475298198,-0.05086657829684875,-0.05086657829662573
169.5,-0.07238541816156657,-0.0723854181580931,-29.66378290840574,-29.663782908361657,-0.005676572437955923,-0.00567657243789875,-0.05033380597694715,-0.050333805976724065
169.75,-0.07380022039693251,-0.07380022039344468,-29.67627516213663,-29.676275162092477,-0.005641776886241755,-0.005641776886184449,-0.049604227150667944,-0.049604227150444796
170.0,-0.07520266571541935,-0.07520266571191711,-29.68858774465858,-29.688587744614356,-0.005577719155388987,-0.005577719155331548,-0.04889643906427869,-0.04889643906405548
170.25,-0.07659828389667866,-0.07659828389316199,-29.700728347324542,-29.700728347280247,-0.005587163533132938,-0.005587163533075366,-0.04822838137293627,-0.048228381372713
170.5,-0.07799367066966324,-0.07799367066613211,-29.712690764083607,-29.71269076403924,-0.0055758594633088104,-0.005575859463251106,-0.04747095376528141,-0.047470953765058076
170.75,-0.07937379442476898,-0.07937379442122335,-29.724465265127215,-29.724465265082777,-0.005465060475551408,-0.00546506047549357,-0.04672506502971693,-0.046725065029493536
171.0,-0.08069485766972566,-0.08069485766616548,-29.736067264557096,-29.736067264512588,-0.005103385912121448,-0.005103385912063475,-0.046090964508149444,-0.046090964507925984
171.25,-0.08194235817801025,-0.0819423581744355,-29.747530194685165,-29.747530194640586,-0.0048765732436564894,-0.004876573243598383,-0.0456124979003568,-0.04561249790013328
171.5,-0.08317821428769863,-0.08317821428410928,-29.758845309348924,-29.758845309304277,-0.005010209449487352,-0.005010209449429112,-0.044908406810371185,-0.04490840681014761
171.75,-0.08443183024626386,-0.08443183024265988,-29.77000334924575,-29.770003349201033,-0.005018666330053332,-0.005018666329994958,-0.04435591156686759,-0.04435591156664395
172.0,-0.08568300909424716,-0.08568300909062851,-29.781012074724924,-29.781012074680135,-0.004990704124312843,-0.004990704124254336,-0.043713894902733114,-0.04371389490250941
172.25,-0.08689982134891729,-0.08689982134528393,-29.791871514794053,-29.791871514749193,-0.0047437420416802396,-0.004743742041621599,-0.04316164893396168,-0.04316164893373792
172.5,-0.08807199433878607,-0.08807199433513799,-29.80256910040771,-29.802569100362778,-0.00463357205183379,-0.0046335720517750156,-0.042419046362118386,-0.04241904636189456
172.75,-0.08920340846879186,-0.08920340846512902,-29.813103671346187,-29.813103671301185,-0.004417688230247409,-0.0044176882301885005,-0.04185754149928585,-0.04185754149906196
173.0,-0.09027571882101681,-0.09027571881733916,-29.82351400476951,-29.823514004724437,-0.004160753993020422,-0.0041607539929613795,-0.041425150111141784,-0.04142515011091783
173.25,-0.09128324649727884,-0.09128324649358635,-29.833799007096196,-29.833799007051052,-0.0038994138141354297,-0.003899413814076255,-0.040854893141592345,-0.04085489314136833
173.5,-0.09224284068883822,-0.09224284068513085,-29.843956788916632,-29.843956788871417,-0.003777297679419945,-0.0037772976793606383,-0.040407372935016284,-0.040407372934792206
173.75,-0.09313874284341957,-0.09313874283969731,-29.853990861467555,-29.853990861422268,-0.003389868588357234,-0.0033898685882977945,-0.039865243999334755,-0.039865243999110615
174.0,-0.09396976489296108,-0.09396976488922389,-29.863895089876387,-29.86389508983103,-0.0032582611166581668,-0.0032582611165985946,-0.039368595679288465,-0.03936859567906426
174.25,-0.09477381994250543,-0.09477381993875328,-29.87367281540035,-29.873672815354922,-0.0031741308181041914,-0.003174130818044487,-0.03885321644420721,-0.038853216443982944
174.5,-0.09555745768693036,-0.0955574576831632,-29.88330984584882,-29.88330984580332,-0.003094913734394579,-0.0030949137343347422,-0.03824303461211494,-0.03824303461189061
174.75,-0.09635205512718478,-0.0963520551234026,-29.89278810463295,-29.89278810458738,-0.003261803688224629,-0.0032618036881646596,-0.03758301992637184,-0.037583019926147446
175.0,-0.09717076569541228,-0.09717076569161504,-29.902115704159957,-29.902115704114316,-0.0032878295824840405,-0.003287829582423939,-0.037037773835896515,-0.037037773835672055
175.25,-0.09797067986026001,-0.09797067985644767,-29.9112915891974,-29.911291589151688,-0.0031114208423763455,-0.003111420842316111,-0.03636932309550315,-0.03636932309527863
175.5,-0.09869730678845014,-0.09869730678462267,-29.920329325886787,-29.920329325841006,-0.0027015535257626975,-0.00270155352570233,-0.035932609062056274,-0.03593260906183169
175.75,-0.09937122381737332,-0.09937122381353068,-29.92923837892086,-29.929238378875013,-0.0026897269246204487,-0.002689726924559949,-0.035339816325509435,-0.03533981632528479
176.0,-0.10004998339775618,-0.10004998339389835,-29.93800008052085,-29.938000080474932,-0.002740294576316916,-0.002740294576256284,-0.034753791706803656,-0.03475379170657894
176.25,-0.10071618583762823,-0.10071618583375516,-29.94659930039549,-29.946599300349504,-0.0025892577508314753,-0.00258925775077071,-0.03403998153010238,-0.034039981529877604
176.5,-0.10132796966819968,-0.10132796966431135,-29.95504085702288,-29.955040856976822,-0.002304961374601352,-0.0023049613745404537,-0.033492498292558716,-0.03349249829233387
176.75,-0.10188245677186171,-0.10188245676795808,-29.963333753691902,-29.963333753645774,-0.0021308750335089963,-0.002130875033447965,-0.03285069147252863,-0.03285069147230372
177.0,-0.1024198425013278,-0.10241984249740885,-29.971450794029437,-29.971450793983237,-0.0021681387575651703,-0.002168138757504006,-0.032085627714449394,-0.03208562771422442
177.25,-0.10297940307864459,-0.10297940307471028,-29.979425439640128,-29.979425439593857,-0.0023083106797881286,-0.0023083106797268317,-0.03171152395552588,-0.031711523955300844
177.5,-0.10350784024086046,-0.10350784023691076,-29.987287047305873,-29.98728704725953,-0.0019191367196619848,-0.0019191367196005552,-0.03118137406192142,-0.031181374061696333
177.75,-0.1039825863530684,-0.10398258634910326,-29.995028869327363,-29.99502886928095,-0.0018787918860296061,-0.0018787918859680445,-0.030753205913683728,-0.030753205913458592
178.0,-0.10444046240908304,-0.10444046240510245,-30.0026623364992,-30.002662336452715,-0.0017841752777173663,-0.0017841752776556724,-0.030314540381441466,-0.03031454038121628
178.25,-0.1048816366953749,-0.1048816366913788,-30.01017479614769,-30.01017479610114,-0.0017451691710886161,-0.00174516917102679,-0.02978514048396578,-0.029785140483740546
178.5,-0.10531974976366458,-0.10531974975965296,-30.017558493099163,-30.01755849305254,-0.0017596882384184262,-0.001759688238356468,-0.029284433758876724,-0.02928443375865144
178.75,-0.10577221555199608,-0.1057722155479689,-30.024822467971788,-30.024822467925095,-0.0018599950470605821,-0.0018599950469984914,-0.02882735576507774,-0.028827355764852406
179.0,-0.10621827187329333,-0.10621827186925055,-30.03196267977063,-30.031962679723865,-0.0017084053428815817,-0.0017084053428193585,-0.028294352917554617,-0.02829435291732923
179.25,-0.10660836783896951,-0.10660836783491111,-30.038995209915736,-30.0389952098689,-0.0014123314797426768,-0.0014123314796803206,-0.027965916157239156,-0.02796591615701372
179.5,-0.1069214730780411,-0.10692147307396703,-30.04593438487965,-30.045934384832744,-0.0010924710357115338,-0.0010924710356490447,-0.027547513710644105,-0.027547513710418615
179.75,-0.10718369429139238,-0.10718369428730261,-30.052754274583798,-30.05275427453682,-0.001005248187956807,-0.0010052481878941855,-0.02701161214589798,-0.027011612145672437
180.0,-0.10744900539654254,-0.10744900539243703,-30.059434961276704,-30.059434961229655,-0.0011171862259232773,-0.0011171862258605233,-0.02643387084370825,-0.02643387084348266
180.25,-0.1077274225152465,-0.10772742251112524,-30.0659806768638,-30.06598067681668,-0.0011101034378773326,-0.001110103437814446,-0.025931854520756546,-0.025931854520530907
180.5,-0.10799023181414116,-0.10799023181000411,-30.072398997502454,-30.072398997455263,-0.0009923222397591619,-0.0009923222396961426,-0.025414721692910536,-0.025414721692684845
180.75,-0.10823970809317356,-0.10823970808902068,-30.078681737084842,-30.07868173703758,-0.0010034345255823516,-0.0010034345255191999,-0.024847193918457158,-0.024847193918231418
181.0,-0.10846520365230763,-0.1084652036481389,-30.084841708637473,-30.08484170859014,-0.0008004908952016324,-0.0008004908951383483,-0.02443259763615959,-0.0244325976359338
181.25,-0.10863701979017157,-0.10863701978598693,-30.09089592332646,-30.090895923279056,-0.0005739975572506518,-0.0005739975571872352,-0.024001141229605977,-0.024001141229380133
181.5,-0.10877498995833296,-0.10877498995413239,-30.096802882318592,-30.096802882271117,-0.0005296934196549866,-0.0005296934195914377,-0.023254534884401788,-0.023254534884175893
181.75,-0.1088889173087398,-0.10888891730452327,-30.10255322818675,-30.102553228139204,-0.0003816776686324866,-0.0003816776685688054,-0.022748246015801044,-0.0227482460155751
182.0,-0.10896551173559965,-0.10896551173136713,-30.1081707582381,-30.108170758190482,-0.00023102531612899022,-0.00023102531606517673,-0.02219200859853573,-0.022192008598309734
182.25,-0.10899501614794434,-0.10899501614369579,-30.113647716037462,-30.113647715989774,-4.956404552463008e-06,-4.956404488517302e-06,-0.021623675110216265,-0.021623675109990217
182.5,-0.10899937367413329,-0.10899937366986867,-30.119013014960743,-30.119013014912984,-2.9873168135469628e-05,-2.9873168071391897e-05,-0.02129871392680714,-0.02129871392658104
182.75,-0.10899817326870116,-0.10899817326442045,-30.12430714887597,-30.12430714882814,3.949944923746033e-05,3.949944930167025e-05,-0.021054363935442435,-0.021054363935216286
183.0,-0.10895349938603775,-0.10895349938174091,-30.129514495687975,-30.129514495640073,0.00031793403859657594,0.0003179340386609187,-0.020604436811486063,-0.020604436811259865
183.25,-0.10885552635275851,-0.10885552634844552,-30.134597244078194,-30.13459724403022,0.0004659018027605088,0.0004659018028249842,-0.02005756426068853,-0.02005756426046228
183.5,-0.10874140926098573,-0.10874140925665654,-30.13956778933562,-30.139567789287575,0.0004470680203045966,0.0004470680203692044,-0.019706796022990355,-0.019706796022764053
183.75,-0.10863595848297743,-0.10863595847863201,-30.144436800629375,-30.144436800581264,0.0003965817317186336,0.0003965817317833739,-0.019245289567141357,-0.019245289566915003
184.0,-0.10854677014726416,-0.1085467701429025,-30.149190193990812,-30.14919019394263,0.0003169686616142821,0.000316968661679155,-0.01878184981832541,-0.018781849818099005
184.25,-0.10848004051767406,-0.1084800405132961,-30.15382136638979,-30.153821366341536,0.00021691687708953153,0.00021691687715453696,-0.01826751994050002,-0.018267519940273563
184.5,-0.10842968843881699,-0.10842968843442272,-30.15836572044678,-30.15836572039846,0.00018591675215496358,0.00018591675222010153,-0.018087309592689296,-0.01808730959246279
184.75,-0.10835409219727805,-0.10835409219286742,-30.162873809233925,-30.162873809185534,0.0004188635524524327,0.0004188635525177036,-0.01797742266674777,-0.017977422666521213
185.0,-0.10821745842473292,-0.10821745842030589,-30.16732355439496,-30.1673235543465,0.0006742402947258195,0.0006742402947912238,-0.017620562698543726,-0.01762056269831712
185.25,-0.10803250023074984,-0.1080325002263064,-30.17169446114907,-30.171694461100536,0.0008054511063098973,0.0008054511063754347,-0.017346703704894453,-0.017346703704667794
185.5,-0.10781119699981914,-0.10781119699535924,-30.17596323386155,-30.175963233812947,0.0009650259907469404,0.000965025990812611,-0.01680349303972309,-0.016803493039496378
185.75,-0.10754475302468247,-0.10754475302020607,-30.18012012361227,-30.180120123563594,0.001166559025503147,0.0011665590255689512,-0.016451643966618357,-0.016451643966391594
186.0,-0.10725823190203491,-0.10725823189754198,-30.184170318869608,-30.18417031882086,0.0011256573048778963,0.001125657304943834,-0.015949914235797783,-0.015949914235570968
186.25,-0.10694360436018643,-0.10694360435567694,-30.188117503567234,-30.188117503518416,0.001391393469308908,0.00139139346937498,-0.015627588398906947,-0.01562758839868008
186.5,-0.10658167837592647,-0.10658167837140038,-30.191966035700794,-30.191966035651905,0.0015040584831283595,0.0015040584831945653,-0.01516067929164396,-0.015160679291417048
186.75,-0.1061785512445791,-0.10617855124003639,-30.19572849156756,-30.1957284915186,0.0017209795333197459,0.0017209795333860856,-0.014938988093861547,-0.014938988093634592
187.0,-0.10571498225710232,-0.10571498225254294,-30.19942950210672,-30.19942950205769,0.001987597883850929,0.0019875978839174035,-0.014669121356299008,-0.014669121356072007
187.25,-0.1051988094064706,-0.10519880940189452,-30.203027499816866,-30.203027499767764,0.0021418372584566248,0.0021418372585232342,-0.014114874866576067,-0.014114874866349022
187.5,-0.10466594977729063,-0.10466594977269783,-30.206531826067216,-30.206531826018043,0.0021210582583069152,0.002121058258373659,-0.013919733177122967,-0.013919733176895877
187.75,-0.10413035055202134,-0.10413035054741178,-30.209975123510254,-30.20997512346101,0.0021637632615502745,0.0021637632616171533,-0.013626650393378483,-0.013626650393151347
188.0,-0.1035668380589091,-0.10356683805428274,-30.213307687605266,-30.21330768755595,0.002344392660287571,0.0023443926603545846,-0.013033879396483285,-0.013033879396256104
188.25,-0.10297244661529073,-0.10297244661064756,-30.21652174835784,-30.216521748308455,0.002410772478485448,0.0024107724785525967,-0.01267861288240159,-0.012678612882174364
188.5,-0.10234773960827391,-0.10234773960361387,-30.219641530550817,-30.21964153050136,0.002586921290981115,0.0025869212910483988,-0.012279661268740511,-0.012279661268513238
188.75,-0.10168681103325848,-0.10168681102858156,-30.22266943058169,-30.22266943053216,0.0027005391036763345,0.0027005391037437532,-0.011943549690144013,-0.011943549689916694
189.0,-0.10099469684921492,-0.10099469684452106,-30.225586332735023,-30.225586332685424,0.002836426509957521,0.0028364265100250747,-0.01139168034800435,-0.011391680347776986
189.25,-0.10025752926552933,-0.10025752926081852,-30.22840790745419,-30.22840790740452,0.003060934146324787,0.0030609341463924754,-0.011180938571987169,-0.011180938571759759
189.5,-0.09948922439114287,-0.09948922438641505,-30.23114897124611,-30.23114897119637,0.003085545829539319,0.0030855458296071424,-0.010747574083703087,-0.010747574083475632
189.75,-0.09870587946959514,-0.0987058794648503,-30.23381485525072,-30.233814855200908,0.00318122951363729,0.0031812295137052483,-0.010579506974237915,-0.010579506974010415
190.0,-0.09790500246990262,-0.09790500246514072,-30.236403562525478,-30.236403562475594,0.0032258289771553224,0.003225828977223416,-0.010130155428619756,-0.01013015542839221
190.25,-0.09713391306612745,-0.09713391306134846,-30.238906998240047,-30.238906998190092,0.0029429083298179075,0.0029429083298861364,-0.009897303613960882,-0.009897303613733291
190.5,-0.0964003312795227,-0.09640033127472658,-30.241319164187367,-30.24131916413734,0.002925792964345767,0.0029257929644141306,-0.009400022350890177,-0.00940002235066254
190.75,-0.09567500338154065,-0.09567500337672737,-30.243658744405433,-30.243658744355336,0.0028768381992746667,0.0028768381993431653,-0.009316614778091425,-0.009316614777863743
191.0,-0.09496664101943382,-0.09496664101460334,-30.24594560198595,-30.245945601935784,0.002790092713297136,0.0027900927133657698,-0.008978237687589161,-0.008978237687361432
191.25,-0.09426301193336922,-0.0942630119285215,-30.248164384228456,-30.248164384178217,0.002838959529659474,0.0028389595297282433,-0.00877202485957358,-0.008772024859345804
191.5,-0.09353429619206366,-0.09353429618719868,-30.25033635024019,-30.25033635018988,0.002990782385485544,0.002990782385554449,-0.008603717548189591,-0.00860371754796177
191.75,-0.09276582424728369,-0.09276582424240142,-30.25247710442713,-30.252477104376748,0.0031570009688195733,0.003157000968888614,-0.008522331618442845,-0.008522331618214979
192.0,-0.09195655421057379,-0.09195655420567418,-30.25459555983611,-30.254595559785656,0.003317168600014456,0.003317168600083632,-0.00842532675403994,-0.008425326753812027
192.25,-0.09113799674583124,-0.09113799674091426,-30.256656115443132,-30.25665611539261,0.003231325776012231,0.0032313257760815425,-0.008059110008773403,-0.008059110008545443
192.5,-0.09033034213651929,-0.09033034213158492,-30.258643269401027,-30.258643269350433,0.0032299320626243484,0.003229932062693795,-0.007838121522939463,-0.007838121522711456
192.75,-0.0895186402536459,-0.0895186402486941,-30.260606721560325,-30.26060672150966,0.003263680171954638,0.00326368017202422,-0.007869498933193952,-0.0078694989329659
193.0,-0.08869103885999934,-0.08869103885503006,-30.262553554968438,-30.2625535549177,0.003357146601982881,0.003357146602052599,-0.007705177143725309,-0.007705177143497214
193.25,-0.08783622670519017,-0.0878362267002034,-30.26443277540176,-30.264432775350954,0.0034813862773466655,0.003481386277416519,-0.007328598036207043,-0.007328598035978904
193.5,-0.08695911333049954,-0.08695911332549522,-30.266223004240647,-30.26622300418977,0.0035355524784665532,0.0035355524785365424,-0.006993237781647239,-0.006993237781419057
193.75,-0.08604700344373108,-0.08604700343870919,-30.267959576858296,-30.267959576807346,0.003761335612047978,0.003761335612118103,-0.006899364446451241,-0.006899364446223016
194.0,-0.08507252702160363,-0.08507252701656413,-30.269645489806635,-30.269645489755614,0.0040345052798093275,0.004034505279879591,-0.006587964894788643,-0.006587964894560374
194.25,-0.0840830834816436,-0.08408308347658645,-30.271287510281432,-30.27128751023034,0.0038810469487047423,0.0038810469487751418,-0.006548184435391303,-0.00654818443516299
194.5,-0.08311122742913363,-0.0831112274240588,-30.27287403662819,-30.272874036577026,0.0038938397310069447,0.00389383973107748,-0.006144027544724112,-0.006144027544495755
194.75,-0.08214819822688055,-0.08214819822178801,-30.27438844833332,-30.274388448282085,0.003810410329888244,0.0038104103299589154,-0.005971258230505113,-0.005971258230276712
195.0,-0.08121012575262637,-0.0812101257475161,-30.27585320191289,-30.275853201861587,0.003694190780105512,0.0036941907801763194,-0.005746759448787224,-0.005746759448558778
195.25,-0.08031380135754412,-0.08031380135241609,-30.27725850561125,-30.277258505559875,0.0034764281987386147,0.0034764281988095584,-0.005495649607251632,-0.005495649607023142
195.5,-0.07944817169946158,-0.07944817169431574,-30.27857961666832,-30.278579616616874,0.0034486490297890725,0.0034486490298601524,-0.005073236230208684,-0.00507323622998015
195.75,-0.07860222413130113,-0.07860222412613745,-30.279806628629025,-30.279806628577507,0.0033189628001037007,0.0033189628001749167,-0.0047428472284900295,-0.004742847228261451
196.0,-0.07779142248652027,-0.0777914224813387,-30.280949607801602,-30.280949607750014,0.003167482720069107,0.003167482720140459,-0.004400971870453828,-0.004400971870225205
196.25,-0.07700694070288445,-0.07700694069768498,-30.282017464799104,-30.282017464747444,0.003108396101996809,0.003108396102068297,-0.004141878538790088,-0.004141878538561421
196.5,-0.07623590005558994,-0.07623590005037252,-30.283022758080836,-30.283022758029105,0.0030599519605020117,0.0030599519605736362,-0.003900463147679398,-0.0039004631474506887
196.75,-0.07546939396301156,-0.07546939395777616,-30.28395862574937,-30.28395862569757,0.0030721265053320996,0.0030721265054038604,-0.0035864793483620728,-0.003586479348133321
197.0,-0.07468437057656316,-0.07468437057130975,-30.284837920888926,-30.284837920837052,0.0032080737777064484,0.0032080737777783457,-0.003447894585209662,-0.003447894584980867
197.25,-0.07388380079822073,-0.07388380079294928,-30.285669072893214,-30.28566907284127,0.003196507824278285,0.0031965078243503184,-0.003201320358591983,-0.0032013203583631453
197.5,-0.0730847444386261,-0.07308474443333657,-30.286445575094195,-30.28644557504218,0.0031959611523843245,0.0031959611524564942,-0.0030106971976532927,-0.003010697197424412
197.75,-0.07230813684461618,-0.07230813683930853,-30.28716184552713,-30.287161845475044,0.0030169271829567413,0.0030169271830290476,-0.002719449386357395,-0.002719449386128471
198.0,-0.07158372103028217,-0.07158372102495637,-30.28781332806725,-30.287813328015094,0.002778420855052467,0.00277842085512491,-0.002492388448041694,-0.002492388447812727
198.25,-0.0708604415599622,-0.07086044155461822,-30.288415869989922,-30.288415869937694,0.0030078305248293644,0.003007830524901944,-0.002327968562132786,-0.0023279685619037763
198.5,-0.0700839826203246,-0.0700839826149624,-30.288983708942315,-30.288983708890015,0.0032038517897252186,0.0032038517897979347,-0.002214761537946661,-0.0022147615377176083
198.75,-0.06926465809974222,-0.06926465809436178,-30.289507312022373,-30.28950731197,0.003350767197901037,0.0033507671979738896,-0.001974076953715167,-0.001974076953486071
199.0,-0.0684198949803044,-0.06841989497490568,-30.289981664746794,-30.28998166469435,0.0034073523484963886,0.003407352348569378,-0.001820750176473977,-0.0018207501762448383
199.25,-0.06754212720685596,-0.06754212720143891,-30.290418578671957,-30.29041857861944,0.0036148037604646103,0.0036148037605377367,-0.0016745807834112508,-0.0016745807831820695
199.5,-0.06661378902994859,-0.06661378902451319,-30.29079216579357,-30.29079216574098,0.003811935786377109,0.0038119357864503725,-0.001314134775148188,-0.0013141347749189639
199.75,-0.06564949592225303,-0.06564949591679924,-30.291107099512836,-30.291107099460177,0.0039024194863741986,0.0039024194864475986,-0.0012053435097751368,-0.0012053435095458701
200.0,-0.0646565321260001,-0.0646565321205279,-30.291411511752845,-30.29141151170011,0.00404128872095867,0.004041288721032208,-0.0012299675028964391,-0.00122996750266713
200.25,-0.06365581305664272,-0.06365581305115205,-30.291718183286076,-30.291718183233268,0.0039644646134361404,0.003964464613509818,-0.0012233975198632473,-0.0012233975196338956
200.5,-0.06268383260835692,-0.06268383260284774,-30.291994095979543,-30.291994095926665,0.003811401709306081,0.0038114017093798954,-0.0009838895969737575,-0.0009838895967443629
200.75,-0.061730351783105306,-0.06173035177757763,-30.292232167988775,-30.292232167935826,0.003816451004043058,0.003816451004117009,-0.0009206869528674558,-0.0009206869526380188
201.0,-0.06075883138423924,-0.06075883137869303,-30.292425644990633,-30.292425644937612,0.00395574001789038,0.0039557400179644694,-0.0006271421941898209,-0.0006271421939603411
201.25,-0.05978164108741501,-0.05978164108185023,-30.29257418691222,-30.292574186859127,0.0038617887315977187,0.003861788731671945,-0.0005611843206669321,-0.0005611843204374097
201.5,-0.05882386050082899,-0.058823860495245614,-30.29270643651118,-30.292706436458015,0.0038004621838931122,0.0038004621839674755,-0.0004968066890402723,-0.0004968066888107074
201.75,-0.05785588036951482,-0.05785588036391281,-30.292807681316983,-30.29280768126375,0.0039433963353143016,0.003943396335388804,-0.0003131652332568725,-0.0003131652330272649
202.0,-0.056866285794115366,-0.05686628578849468,-30.292885768153337,-30.292885768100028,0.003973360580170881,0.003973360580245522,-0.00031153228254940553,-0.00031153228231975557
202.25,-0.05587968995410579,-0.0558796899484664,-30.29291326310211,-30.292913263048728,0.0039194443031998535,0.003919444303274633,9.157777567894246e-05,9.15777759086353e-05
202.5,-0.054905877869047735,-0.0549058778633896,-30.29288707380353,-30.292887073750077,0.0038710550186294252,0.003871055018704342,0.00011794117518625912,0.0001179411754159944
202.75,-0.05393058403392921,-0.05393058402825231,-30.292832375891727,-30.2928323758382,0.003931314834305955,0.003931314834381011,0.0003196364379802279,0.0003196364382100061
203.0,-0.05296901138485463,-0.052969011379158916,-30.292737858581408,-30.292737858527808,0.003761277531806921,0.0037612775318821147,0.0004365180758352335,0.00043651807606505453
203.25,-0.0520240865667107,-0.05202408656099614,-30.292622733753603,-30.292622733699933,0.0037981256861322936,0.003798125686207625,0.00048447707258003544,0.00048447707280989936
203.5,-0.05109213691221147,-0.05109213690647803,-30.292477999693393,-30.292477999639647,0.00365748951154816,0.0036574895116236288,0.0006734086684311538,0.0006734086686610611
203.75,-0.05018994108657108,-0.05018994108081873,-30.29229443851363,-30.292294438459813,0.003560088710104301,0.0035600887101799074,0.0007950899527280481,0.0007950899529579987
204.0,-0.049315400732911095,-0.0493154007271398,-30.29211940138215,-30.29211940132826,0.003436216357941428,0.0034362163580171716,0.0006052187779262251,0.0006052187781562192
204.25,-0.04846151949806021,-0.04846151949226994,-30.291929698243973,-30.291929698190014,0.0033948626196658492,0.0033948626197417304,0.0009124102263835732,0.0009124102266136111
204.5,-0.04759570499793797,-0.04759570499212869,-30.29168497112583,-30.2916849710718,0.003531666057608532,0.003531666057684551,0.0010453938209257342,0.0010453938211558162
204.75,-0.04670039818699567,-0.04670039818116734,-30.291427334327906,-30.291427334273806,0.003630785772800054,0.003630785772876211,0.0010156912174435833,0.0010156912176737093
205.0,-0.045813218202396686,-0.04581321819654927,-30.29118637889937,-30.291186378845197,0.0034666444668276486,0.0034666444669039435,0.00091196768625615,0.0009119676864863197
205.25,-0.044946791636166605,-0.044946791630300076,-30.29095092162876,-30.290950921574517,0.0034647738323549315,0.003464773832431364,0.000971690655030328,0.0009716906552605415
205.5,-0.04408348765054122,-0.04408348764465554,-30.29071183949981,-30.290711839445496,0.0034416552942793423,0.003441655294355912,0.000940968556249189,0.0009409685564794462
205.75,-0.04321693199184419,-0.043216931985939316,-30.290465831877146,-30.29046583182276,0.0034907982333142237,0.003490798233390931,0.0010270877918923658,0.0010270877921226673
206.0,-0.04234320709246835,-0.04234320708654425,-30.290205880507273,-30.290205880452817,0.0034990034994759086,0.003499003499552754,0.0010525223935544234,0.0010525223937847693
206.25,-0.0414608753869975,-0.041460875381054134,-30.289936183389848,-30.28993618333532,0.0035596552376844287,0.003559655237761412,0.0011050488276058371,0.0011050488278362275
206.5,-0.04058978978156852,-0.04058978977560586,-30.289661396043755,-30.289661395989157,0.00340902863405354,0.0034090286341306613,0.0010932641423485796,0.0010932641425790144
206.75,-0.03974408311822332,-0.039744083112241334,-30.289376444699915,-30.289376444645246,0.003356633584352487,0.0033566335844297463,0.0011863515482591948,0.0011863515484896742
207.0,-0.03894332185359214,-0.038943321847590785,-30.28909020145295,-30.28909020139821,0.003049448861161232,0.0030494488612386296,0.0011036233890499476,0.0011036233892804718
207.25,-0.03817674779421304,-0.03817674778819229,-30.288777612940862,-30.28877761288605,0.003083171403918738,0.0030831714039962735,0.001397081528330418,0.0013970815285609872
207.5,-0.03743629086156568,-0.0374362908555255,-30.28841715048253,-30.288417150427648,0.0028404926194508713,0.0028404926195285452,0.0014866410182630557,0.00148664101849367
207.75,-0.03677187920278568,-0.03677187919672604,-30.28803825087221,-30.288038250817255,0.002474806220588619,0.0024748062206664313,0.0015445903414744956,0.0015445903417051548
208.0,-0.036164539868641196,-0.03616453986256206,-30.287646240978024,-30.287646240923,0.0023839129721626674,0.0023839129722406176,0.0015914973815334757,0.00159149738176418
208.25,-0.035561358628741,-0.03556135862264233,-30.287239830343204,-30.287239830288108,0.0024415434814838433,0.002441543481561932,0.0016597822636482025,0.001659782263878952
208.5,-0.03495949169513976,-0.03495949168902152,-30.286825205760135,-30.286825205704965,0.0023733918421304455,0.0023733918422086725,0.0016572208263441715,0.001657220826574966
208.75,-0.03438172590133662,-0.03438172589519878,-30.286444532831972,-30.286444532776727,0.0022487092348860583,0.002248709234964424,0.0013881743541694336,0.0013881743544002737
209.0,-0.03381638283100604,-0.03381638282484856,-30.28609303671465,-30.286093036659334,0.0022740387762828,0.002274038776361304,0.0014237921963699556,0.001423792196600841
209.25,-0.03323747093571849,-0.03323747092954134,-30.285716220798214,-30.285716220742827,0.0023572722173759567,0.002357272217454599,0.0015907272878652246,0.0015907272880961556
209.5,-0.032631455746287744,-0.03263145574009089,-30.285302062696196,-30.285302062640735,0.00249086182098696,0.002490861821065741,0.0017225249334460874,0.0017225249336770638
209.75,-0.032031996055474264,-0.03203199604925767,-30.284884313060658,-30.284884313005126,0.002304806087214138,0.002304806087293058,0.0016194896923526275,0.0016194896925836495
210.0,-0.031485034395121986,-0.03148503438888561,-30.284448458274756,-30.28444845821915,0.0020709106534712884,0.002070910653550347,0.0018673706467196571,0.0018673706469507251
210.25,-0.030958455496491503,-0.030958455490235334,-30.283990790028287,-30.28399078997261,0.0021417136994436336,0.0021417136995228307,0.0017939686497401293,0.0017939686499712432
210.5,-0.0303988229159464,-0.0303988229096704,-30.283545527261836,-30.283545527206083,0.0023353445969826895,0.0023353445970620253,0.0017681152263108227,0.0017681152265419824
210.75,-0.02978671329025281,-0.029786713283956944,-30.28306341387926,-30.283063413823434,0.0025615627380605496,0.0025615627381400242,0.0020887705063938446,0.002088770506625051
211.0,-0.029133707678204807,-0.02913370767188904,-30.282538345073835,-30.28253834501794,0.002662484431248477,0.0026624844313280905,0.0021117704220837167,0.00211177042231497
211.25,-0.028488648581114197,-0.028488648574778494,-30.282028044227168,-30.2820280441712,0.002497975143948971,0.0024979751440287233,0.001970651861348812,0.0019706518615801127
211.5,-0.027848945655298114,-0.02784894564894244,-30.28150827599326,-30.28150827593722,0.002619668807847776,0.002619668807927667,0.0021874825366188268,0.0021874825368501747
211.75,-0.027193743794881424,-0.027193743788505746,-30.280970184035915,-30.280970183979804,0.0026219395590289926,0.0026219395591090223,0.002117252908116832,0.0021172529083482274
212.0,-0.026513685991453175,-0.026513685985057458,-30.280435827457666,-30.28043582740148,0.0028185267793776787,0.0028185267794578472,0.0021575811835953954,0.002157581183826838
212.25,-0.025817199863446594,-0.025817199857030803,-30.27991438156019,-30.279914381503932,0.002753348818457435,0.002753348818537743,0.002013992141278115,0.002013992141509605
212.5,-0.025120393342502715,-0.025120393336066818,-30.27944624645577,-30.27944624639944,0.0028210767876859478,0.0028210767877663943,0.0017310823087077448,0.0017310823089392814
212.75,-0.024408414762932346,-0.024408414756476305,-30.278989320324595,-30.27898932026819,0.002874770181507745,0.0028747701815883303,0.0019243216785189746,0.0019243216787505578
213.0,-0.023646022273549252,-0.023646022267073033,-30.27853319453949,-30.278533194483014,0.0032243510305373403,0.0032243510306180652,0.0017246516436946028,0.0017246516439262329
213.25,-0.02286187046837439,-0.02286187046187796,-30.278090051322614,-30.278090051266062,0.0030488725739638884,0.0030488725740447525,0.0018205106356003566,0.0018205106358320333
213.5,-0.02206945912805179,-0.02206945912153511,-30.277612440272208,-30.277612440215584,0.0032904352312276026,0.003290435231308606,0.002000354993042026,0.0020003549932737503
213.75,-0.02127152544720331,-0.021271525440666347,-30.277106516335117,-30.277106516278423,0.0030930387461420884,0.003093038746223231,0.002047055114388451,0.002047055114620223
214.0,-0.02049252383282276,-0.020492523826265478,-30.27660813144231,-30.276608131385544,0.003138964202183303,0.0031389642022645846,0.001940019698253877,0.001940019698485696
214.25,-0.01971529343862289,-0.019715293432045256,-30.27612427716549,-30.276124277108654,0.0030788782084361097,0.0030788782085175307,0.0019308201812885334,0.0019308201815203992
214.5,-0.018969151784897303,-0.01896915177829928,-30.275602842078676,-30.275602842021765,0.0028902843543451395,0.0028902843544266997,0.0022406782940187636,0.0022406782942506775
214.75,-0.018237952753875686,-0.018237952747257237,-30.27503403248864,-30.27503403243166,0.0029593145268896563,0.0029593145269713557,0.0023097919181220934,0.0023097919183540554
215.0,-0.017487095637004093,-0.017487095630365185,-30.274439612772145,-30.274439612715092,0.0030475553282732415,0.0030475553283550805,0.002445557494508946,0.002445557494740956
215.25,-0.016734217460155687,-0.01673421745349629,-30.273845789293976,-30.273845789236848,0.0029754569586356236,0.0029754569587176023,0.00230503712838786,0.0023050371286199183
215.5,-0.015999505539253958,-0.015999505532574034,-30.27328177595195,-30.273281775894752,0.0029022292903500284,0.0029022292904321467,0.0022070765118069186,0.002207076512039025
215.75,-0.0152629431267674,-0.015262943120066921,-30.272731029374743,-30.272731029317473,0.002990269355355806,0.002990269355438064,0.0021988878054382483,0.002198887805670403
216.0,-0.014510214570696395,-0.014510214563975327,-30.272189380851728,-30.272189380794387,0.0030315531239425656,0.0030315531240249632,0.0021342964864697156,0.0021342964867019187
216.25,-0.013736249574359946,-0.013736249567618253,-30.27163995808698,-30.271639958029564,0.00316017892319013,0.0031601789232726676,0.002261073504676562,0.0022610735049088137
216.5,-0.012921963142481712,-0.012921963135719361,-30.271063392144754,-30.271063392087267,0.0033541211815230633,0.0033541211816057407,0.002351435748192903,0.0023514357484252036
216.75,-0.012087851742755071,-0.012087851735972027,-30.27045168787363,-30.27045168781607,0.003318788135271571,0.0033187881353543883,0.002542201752075463,0.002542201752307813
217.0,-0.011259201677607593,-0.01125920167080382,-30.269806000109487,-30.269806000051855,0.0033104201645875234,0.0033104201646704805,0.0026233011500699484,0.0026233011503023467
217.25,-0.010460575320187751,-0.010460575313363214,-30.26914219218579,-30.269142192128086,0.00307859684547009,0.0030785968455531868,0.002687184095993089,0.002687184096225536
217.5,-0.009682933311610038,-0.0096829333047647,-30.268472201238236,-30.268472201180458,0.0031425379855362203,0.0031425379856194566,0.002672737456095141,0.002672737456327637
217.75,-0.008908107393806125,-0.008908107386939952,-30.26779463599596,-30.26779463593811,0.0030560765571101232,0.0030560765571934997,0.0027477926338107107,0.0027477926340432556
218.0,-0.008158012515424919,-0.008158012508537878,-30.267130305613133,-30.26713030555521,0.002944665531612725,0.0029446655316962417,0.002566860932754659,0.002566860932987253
218.25,-0.007411988123975365,-0.007411988117067423,-30.2664883246364,-30.266488324578404,0.003023529919081321,0.0030235299191649777,0.0025689794457935886,0.0025689794460262315
218.5,-0.006626780617943501,-0.006626780611014622,-30.26586565678795,-30.265865656729883,0.0032581154868675534,0.0032581154869513506,0.002412341224996145,0.0024123412252288375
218.75,-0.005797884994041164,-0.005797884987091315,-30.265301790900708,-30.265301790842567,0.003373020054923512,0.0033730200550074496,0.0020985750397234364,0.0020985750399561786
219.0,-0.0049363689883451765,-0.004936368981374321,-30.26478521707964,-30.26478521702143,0.003519102040480956,0.003519102040565034,0.0020340017561631765,0.002034001756395968
219.25,-0.004079174549552554,-0.0040791745425606575,-30.26425387337152,-30.264253873313233,0.0033384708380243574,0.0033384708381085757,0.0022167649388860006,0.0022167649391188417
219.5,-0.003228802623831722,-0.003228802616818751,-30.263681800121883,-30.263681800063527,0.0034645181900906648,0.0034645181901750235,0.002359809174429877,0.002359809174662768
219.75,-0.0023710398705197666,-0.002371039863485686,-30.26308113445416,-30.263081134395733,0.0033975920547437343,0.0033975920548282336,0.0024455224772284645,0.002445522477461405
220.0,-0.0015402147118066278,-0.0015402147047514029,-30.262449808038237,-30.26244980797974,0.0032490243932191544,0.003249024393303794,0.0026051028572635616,0.002605102857496552
220.25,-0.0007372430259236749,-0.0007372430188472713,-30.261779108948748,-30.261779108890178,0.00317476387295175,0.0031747638730365304,0.0027604968600205204,0.0027604968602535605
220.5,1.858910156519717e-05,1.8589108662814276e-05,-30.261118258832205,-30.26111825877356,0.0028718711907579327,0.002871871190842854,0.0025263326292728422,0.0025263326295059327
220.75,0.000742792129224301,0.000742792136343167,-30.260500944713176,-30.26050094465446,0.0029217423836004892,0.002921742383685551,0.002412175621128375,0.0024121756213615155
221.0,0.0014391608569870474,0.0014391608641271983,-30.259910150520945,-30.259910150462158,0.00264919831306434,0.0026491983131495425,0.0023142036123824363,0.002314203612615627
221.25,0.002113597605462093,0.0021135976126235648,-30.25932533420958,-30.259325334150724,0.002746300507431325,0.0027463005075166686,0.0023643177237335283,0.002364317723966769
221.5,0.0027754579581972345,0.002775457965380062,-30.25870611816171,-30.25870611810278,0.002548603643990779,0.0025486036440762637,0.002589429298259906,0.002589429298493197
221.75,0.0034198902842210647,0.0034198902914252833,-30.2580796848658,-30.25807968480679,0.0026068392849584354,0.0026068392850440605,0.0024220315786296406,0.002422031578862982
222.0,0.0040727411432501925,0.004072741150475839,-30.257473338881624,-30.257473338822543,0.002615968323773178,0.0026159683238589438,0.0024287354341359134,0.002428735434369305
222.25,0.004698654962743515,0.004698654969990624,-30.25687344126913,-30.256873441209976,0.002391336838705063,0.0023913368387909694,0.0023704666442692424,0.0023704666445026846
222.5,0.005286279136030076,0.005286279143298683,-30.25628710940924,-30.256287109350016,0.00230965190205637,0.0023096519021424174,0.002320195936202422,0.002320195936435915
222.75,0.0058467382069408635,0.005846738214231005,-30.25571046629723,-30.255710466237932,0.002174018187248325,0.0021740181873345136,0.0022929617475564153,0.0022929617477899585
223.0,0.006394244385952534,0.006394244393264244,-30.255160247784826,-30.255160247725456,0.0022060139680025277,0.002206013968088857,0.0021087833351478786,0.002108783335381473
223.25,0.006915023521782405,0.006915023529115719,-30.254641054959308,-30.254641054899867,0.0019602131679209186,0.0019602131680073894,0.0020447824432825333,0.002044782443516179
223.5,0.007381890030982356,0.007381890038337309,-30.254084072236367,-30.254084072176855,0.0017747535166999055,0.0017747535167865168,0.0024110968255318813,0.002411096825765578
223.75,0.007834076427569402,0.007834076434946035,-30.25346137311063,-30.253461373051042,0.0018427527560009355,0.001842752756087687,0.0025704897694302387,0.0025704897696639866
224.0,0.008278322486446657,0.008278322493845,-30.252804391444187,-30.252804391384526,0.0017112266176299664,0.0017112266177168583,0.002685375962530053,0.002685375962763852
224.25,0.008709097100392645,0.008709097107812737,-30.252160880531463,-30.25216088047173,0.0017349493697063625,0.0017349493697933946,0.0024627091027246174,0.0024627091029584677
224.5,0.009134817719666606,0.009134817727108481,-30.2515389559215,-30.251538955861697,0.0016708203651873122,0.0016708203652744849,0.002512693823143546,0.0025126938233774473
224.75,0.009584602363489486,0.009584602370953179,-30.250918135944612,-30.25091813588474,0.001927451308759074,0.0019274513088463874,0.0024538417967068338,0.0024538417969407864
225.0,0.010051980892535478,0.010051980900021023,-30.250315167811664,-30.250315167751715,0.0018115690856478164,0.0018115690857352703,0.0023699141923810975,0.0023699141926151017
225.25,0.010508433439522626,0.01050843344703006,-30.249691788354504,-30.249691788294484,0.0018400746698666343,0.0018400746699542287,0.002617118777423941,0.0026171187776579973
225.5,0.010952688708127052,0.01095268871565641,-30.249038190709943,-30.249038190649852,0.0017139670367378092,0.0017139670368255444,0.0026116742686119803,0.0026116742688460878
225.75,0.011406116444644633,0.01140611645219595,-30.24838607354641,-30.248386073486245,0.0019134543217233454,0.0019134543218112213,0.0026052442319414765,0.002605244232175635
226.0,0.011914522558302745,0.011914522565876056,-30.24772578107686,-30.247725781016623,0.002153801440929261,0.0021538014410172786,0.0026770728644593326,0.002677072864693543
226.25,0.01244814007557177,0.012448140083167112,-30.247079918573075,-30.247079918512764,0.0021151211293166557,0.0021151211294048147,0.0024898308126856308,0.002489830812919893
226.5,0.01298707480762857,0.012987074815245976,-30.246448643536635,-30.246448643476253,0.0021963634630691132,0.002196363463157414,0.0025603618193169243,0.0025603618195512382
226.75,0.013535720780305566,0.013535720787945073,-30.245809047208024,-30.245809047147567,0.0021928040334692903,0.002192804033557733,0.0025564091452148236,0.0025564091454491895
227.0,0.014108629228105758,0.0141086292357674,-30.24516820137478,-30.24516820131425,0.0023904649539005485,0.002390464953989133,0.0025703388852007887,0.0025703388854352066
227.25,0.014698922994306559,0.014698923001990372,-30.244530365147025,-30.244530365086423,0.0023318816891480985,0.002331881689236825,0.0025323564601672788,0.0025323564604017488
227.5,0.015253901348566705,0.015253901356272725,-30.243870441201274,-30.243870441140597,0.002107965475741112,0.0021079654758299807,0.0027470562168492156,0.002747056217083738
227.75,0.01578301107311496,0.01578301108084323,-30.243178352576045,-30.243178352515294,0.0021249164211793146,0.002124916421268325,0.00278965118689754,0.0027896511871321147
228.0,0.016316182151995963,0.016316182159746517,-30.242506161366048,-30.242506161305222,0.002140433271796106,0.0021404332718852584,0.0025878770302087627,0.0025878770304433897
228.25,0.016839042606121124,0.016839042613893997,-30.241846791850318,-30.24184679178942,0.0020424597985589077,0.002042459798648202,0.002687088332677678,0.0026870883329123576
228.5,0.017323445190757666,0.017323445198552896,-30.241166587571314,-30.241166587510342,0.0018327673178380594,0.0018327673179274952,0.0027545656693310876,0.0027545656695658195
228.75,0.017768191179530386,0.017768191187348004,-30.240485836532113,-30.24048583647107,0.0017251947131849662,0.0017251947132745434,0.0026914527863366525,0.002691452786571437
229.0,0.018196400698927445,0.01819640070676749,-30.239797451424437,-30.239797451363323,0.001700493218039227,0.0017004932181289454,0.002815630403985649,0.002815630404220486
229.25,0.018607950607318267,0.018607950615180772,-30.2390870921221,-30.239087092060917,0.0015919109820599015,0.0015919109821497612,0.002867254251939175,0.0028672542521740643
229.5,0.018983629524166244,0.018983629532051245,-30.238380380282013,-30.238380380220754,0.0014135127952496073,0.0014135127953396086,0.0027864572883142666,0.0027864572885492084
229.75,0.01933656319065502,0.019336563198562553,-30.237705204358726,-30.23770520429739,0.0014099404233683683,0.001409940423458511,0.002614950434858097,0.0026149504350930918
230.0,0.019692699471166978,0.019692699479097076,-30.237055493035353,-30.237055492973944,0.001439146840645792,0.0014391468407360761,0.0025827373985910134,0.002582737398826061
230.25,0.02007800848752354,0.02007800849547624,-30.236391031843127,-30.236391031781647,0.001643339512369769,0.001643339512460195,0.0027329328878712817,0.0027329328881063823
230.5,0.020481224641264603,0.020481224649239942,-30.23569453987481,-30.23569453981326,0.0015823997829502506,0.0015823997830408181,0.0028390086041354253,0.0028390086043705793
230.75,0.020877583069054018,0.02087758307705203,-30.23499218348419,-30.23499218342257,0.00158846212451696,0.0015884621246076691,0.0027798419493003023,0.002779841949535509
231.0,0.021262508312040473,0.021262508320061192,-30.234273536011052,-30.234273535949356,0.0014909577476062866,0.0014909577476971375,0.0029693470286440244,0.002969347028879285
231.25,0.021638553422667385,0.02163855343071085,-30.233522690025367,-30.2335226899636,0.0015174096153789901,0.0015174096154699829,0.003037418362989979,0.003037418363225293
231.5,0.022031028880270732,0.022031028888336978,-30.232755324512528,-30.23275532445069,0.0016224001495036262,0.0016224001495947608,0.0031014958412067606,0.003101495841442128
231.75,0.022410073036007155,0.022410073044096215,-30.231993557613787,-30.231993557551878,0.0014099428958724285,0.001409942895963705,0.002992659379354563,0.0029926593795899835
232.0,0.022730248656154403,0.022730248664266314,-30.2312445078401,-30.23124450777812,0.0011514627862835715,0.0011514627863749905,0.002999763179841707,0.0029997631800771814
232.25,0.023046135160008172,0.02304613516814297,-30.230483236719042,-30.23048323665699,0.0013756378389308882,0.0013756378390224495,0.003090384653319314,0.003090384653554842
232.5,0.023380038949378713,0.02338003895753643,-30.229720970483665,-30.229720970421543,0.0012955847388785868,0.0012955847389702901,0.0030077527771944232,0.003007752777430005
232.75,0.023696020888176957,0.023696020896357632,-30.228990957523358,-30.228990957461164,0.0012322542856413236,0.001232254285733169,0.002832356876140245,0.0028323568763758806
233.0,0.02401349670911413,0.024013496717317798,-30.228315245799262,-30.228315245736994,0.0013075279114373416,0.001307527911529329,0.0025733298198563487,0.0025733298200920386
233.25,0.024354836910104972,0.02435483691833167,-30.227671827522972,-30.227671827460632,0.0014231938148056124,0.001423193814897742,0.002574005485466036,0.0025740054857017803
233.5,0.024713012979655603,0.024713012987905365,-30.227058846325164,-30.22705884626275,0.001442191779067254,0.0014421917791595257,0.002329842305915139,0.0023298423061509374
233.75,0.025084476522201173,0.025084476530474034,-30.22650826455657,-30.226508264494086,0.0015294925755416015,0.0015294925756340156,0.0020748036121059563,0.0020748036123418093
234.0,0.02547452061977535,0.02547452062807135,-30.225990773944844,-30.225990773882284,0.0015908593540575238,0.0015908593541500802,0.0020651154960884587,0.002065115496324366
234.25,0.02586969823379403,0.0258696982421132,-30.225469811738762,-30.225469811676128,0.00157056515387747,0.0015705651539701685,0.002102584065980792,0.0021025840662167532
234.5,0.026264054435703454,0.026264054444045833,-30.224948570105127,-30.224948570042418,0.0015842812023913375,0.0015842812024841784,0.0020673477100059214,0.0020673477102419375
234.75,0.026677208585430014,0.026677208593795635,-30.224425375966963,-30.224425375904183,0.0017209568552012653,0.001720956855294249,0.002118192509498487,0.002118192509734557
235.0,0.027077246004343903,0.0270772460127328,-30.22389427763073,-30.22389427756788,0.0014793437314994731,0.0014793437315925998,0.0021306169598252402,0.002130616960061365
235.25,0.027471497236049258,0.02747149724446147,-30.223348956212977,-30.22334895615005,0.0016746757376352654,0.0016746757377285348,0.0022319359662557902,0.00223193596649197
235.5,0.027919832638215594,0.027919832646651155,-30.22280574558934,-30.222805745526344,0.0019119964065885404,0.0019119964066819527,0.0021137266481582166,0.0021137266483944508
235.75,0.02840695925763709,0.028406959266096037,-30.22230250569344,-30.22230250563037,0.0019849976253248232,0.001984997625418379,0.001912185636515398,0.0019121856367516864
236.0,0.028915581646681555,0.028915581655163922,-30.221837757822605,-30.221837757759463,0.002083971537181646,0.0020839715372753453,0.0018057879988952045,0.001805787999131547
236.25,0.029417486751825137,0.02941748676033096,-30.22137519789938,-30.221375197836164,0.0019312777674892773,0.0019312777675831198,0.001894705783010304,0.0018947057832467006
236.5,0.02989494164166016,0.029894941650189476,-30.220897955270257,-30.220897955206965,0.0018883641177386103,0.0018883641178325957,0.0019232392959594757,0.0019232392961959263
236.75,0.030354960008932497,0.030354960017485343,-30.220415999313772,-30.220415999250406,0.001791783759365097,0.0017917837594592255,0.0019324174616192193,0.0019324174618557239
237.0,0.03079705736937989,0.0307970573779563,-30.219950967145046,-30.21995096708161,0.0017449815645113852,0.0017449815646056565,0.001787844300780145,0.0017878443010167042
237.25,0.0312127436147356,0.03121274362333561,-30.219474510643998,-30.21947451058049,0.001580530713066295,0.0015805307131607097,0.002023823212167789,0.0020238232124044036
237.5,0.03161538556355617,0.031615385572179834,-30.218961408965495,-30.21896140890191,0.0016406103311234067,0.0016406103312179645,0.0020809845515796267,0.0020809845518162968
237.75,0.03203570376191895,0.032035703770566304,-30.21842577655466,-30.218425776491006,0.001721946927317165,0.0017219469274118659,0.0022040670666770698,0.0022040670669137953
238.0,0.032485122571655624,0.0324851225803267,-30.217866096922975,-30.217866096859247,0.0018734101550542401,0.0018734101551490844,0.0022733557068207373,0.0022733557070575183
238.25,0.032973447789220435,0.03297344779791527,-30.217311885196445,-30.21731188513264,0.0020331810068135296,0.0020331810069085183,0.002160323042205023,0.0021603230424418595
238.5,0.03348602298638141,0.03348602299510004,-30.216755071031493,-30.216755070967615,0.0020674332732585564,0.0020674332733536895,0.0022941870481526824,0.002294187048389575
238.75,0.03401323797513027,0.034013237983872735,-30.216158371863102,-30.216158371799153,0.0021503041829232833,0.002150304183018561,0.0024793984859009196,0.002479398486137868
239.0,0.03454177268806835,0.03454177269683468,-30.215528840885526,-30.215528840821506,0.002077980907898232,0.002077980907993654,0.0025568561534385715,0.002556856153675576
239.25,0.03504461272220867,0.035044612730998896,-30.214885519459266,-30.214885519395175,0.0019447425448370452,0.0019447425449326107,0.002589727818478382,0.0025897278187154422
239.5,0.03554045363217121,0.035540453640985376,-30.214227747794414,-30.214227747730252,0.0020219926121796267,0.0020219926122753366,0.002672438217201941,0.0026724382174390573
239.75,0.03604413370692274,0.03604413371576088,-30.213563146987344,-30.213563146923107,0.002007445420097201,0.0020074454201930553,0.0026443696109420918,0.002644369611179264
240.0,0.03655868975782284,0.036558689766684985,-30.21290443801785,-30.21290443795354,0.0021090012708380526,0.0021090012709340518,0.002625292570326916,0.002625292570564144
240.25,0.03706252010254741,0.03706252011143361,-30.212244531939696,-30.21224453187531,0.0019216442716455222,0.0019216442717416653,0.0026539737191004047,0.002653973719337689
240.5,0.03753610446079329,0.037536104469703575,-30.21157774563496,-30.211577745570498,0.0018670331542126662,0.001867033154308953,0.0026803218676225253,0.002680321867859866
240.75,0.0380194502397697,0.0380194502487041,-30.210897588059552,-30.21089758799502,0.0019997407543568694,0.001999740754453301,0.002760926223926138,0.002760926224163535
241.0,0.03853713561298084,0.038537135621939396,-30.21019663243985,-30.210196632375244,0.0021417504014644927,0.002141750401561069,0.0028467053450045242,0.0028467053452419775
241.25,0.03907152649051174,0.03907152649949448,-30.209480179091532,-30.20948017902685,0.002133380307393884,0.002133380307490605,0.0028849222307264777,0.0028849222309639874
241.5,0.039570081281349485,0.039570081290356454,-30.208772893398088,-30.208772893333336,0.0018550475837141546,0.0018550475838110198,0.0027733895582393604,0.0027733895584769264
241.75,0.040043200602660506,0.04004320061169174,-30.20804694243282,-30.208046942367996,0.0019299316528726374,0.0019299316529696468,0.003034211103843596,0.0030342111040812187
242.0,0.040529232043684,0.040529232052739526,-30.20727733507722,-30.20727733501232,0.0019583282906826412,0.0019583282907797953,0.0031226450637628763,0.0031226450640005556
242.25,0.041013854530473244,0.041013854539553106,-30.206500217938746,-30.206500217873774,0.0019186490083847106,0.0019186490084820089,0.0030942957850696807,0.0030942957853074167
242.5,0.04146300087283039,0.04146300088193462,-30.2057315099276,-30.205731509862552,0.0016745181344009947,0.0016745181344984374,0.0030553913209598574,0.0030553913211976503
242.75,0.04187193683793618,0.04187193684706481,-30.20496855955101,-30.204968559485888,0.0015969689756645603,0.0015969689757621471,0.0030482190031955844,0.003048219003433434
243.0,0.04224265584110602,0.042242655850259096,-30.20419475421185,-30.204194754146656,0.0013687919738530306,0.001368791973950762,0.003142245222776264,0.0031422452230141706
243.25,0.04254173795909376,0.04254173796827131,-30.20339449024896,-30.203394490183694,0.0010238761103650588,0.0010238761104629348,0.003259898999249823,0.0032598989994877866
243.5,0.04279905973016027,0.04279905973936234,-30.20258995990501,-30.202589959839667,0.0010346902216072083,0.0010346902217052284,0.0031763427328589653,0.0031763427330969863
243.75,0.04300435635617016,0.04300435636539679,-30.20179839731115,-30.201798397245735,0.0006076809200887749,0.0006076809201869395,0.0031561982767253473,0.0031561982769634255
244.0,0.04315389992129313,0.04315389993054434,-30.200978390622968,-30.20097839055748,0.0005886909742254345,0.0005886909743237432,0.003403857019169414,0.0034038570194075504
244.25,0.043260525902614096,0.043260525911889926,-30.20015218451235,-30.200152184446793,0.0002642982225934048,0.00026429822269185795,0.0032058224497377966,0.0032058224499759906
244.5,0.04330731038423887,0.04330731039353936,-30.199330471468333,-30.1993304714027,0.00010999291831704925,0.0001099929184156464,0.0033678964504518416,0.0033678964506900933
244.75,0.04330599463997211,0.0433059946492973,-30.198485029584653,-30.198485029518945,-0.00012051625506556579,-0.00012051625496682457,0.0033956603515801127,0.003395660351818422
245.0,0.04329030953298113,0.04329030954233105,-30.19766809509618,-30.197668095030398,-4.988725587844706e-06,-4.988725488959556e-06,0.003139804664262925,0.0031398046645012925
245.25,0.04328557590340088,0.04328557591277556,-30.196868924238455,-30.1968689241726,-3.2869586440249206e-05,-3.286958634122015e-05,0.003253564826223133,0.003253564826461558
245.5,0.04325712210339168,0.04325712211279116,-30.196050266797087,-30.196050266731156,-0.00019475684471854498,-0.00019475684461937165,0.0032957099675957045,0.0032957099678341873
245.75,0.04320633892955391,0.04320633893897823,-30.19524636501621,-30.195246364950204,-0.00021152365824083554,-0.00021152365814151812,0.003135505860260402,0.003135505860498943
246.0,0.0431511821972471,0.043151182206696295,-30.194449325707886,-30.194449325641806,-0.00022972028087551462,-0.00022972028077605303,0.0032408103219766595,0.0032408103222152586
246.25,0.04307970313707019,0.0430797031465443,-30.193610685841932,-30.193610685775777,-0.0003420907623129605,-0.00034209076221335447,0.0034683192000610546,0.0034683192002997122
246.5,0.04298623837108803,0.042986238380587086,-30.192723697824174,-30.19272369775795,-0.00040561236427135296,-0.00040561236417160245,0.003627590930895736,0.003627590931134452
246.75,0.0428934133631847,0.04289341337270874,-30.191782630958997,-30.191782630892696,-0.00033696194253922645,-0.00033696194243933137,0.0039009375181737567,0.0039009375184125314
247.0,0.042792093832267855,0.042792093841816904,-30.19080931555247,-30.190809315486096,-0.00047359576716667155,-0.0004735957670666317,0.003885598615997375,0.0038855986162362084
247.25,0.042663257966432694,0.0426632579760068,-30.189834253322044,-30.189834253255594,-0.0005570884169080461,-0.0005570884168078614,0.003914907099221534,0.003914907099460428
247.5,0.042488769961680675,0.04248876997127988,-30.1888682863174,-30.188868286250877,-0.0008388252705071912,-0.0008388252704068611,0.003812855500285476,0.0038128555005244283
247.75,0.04227444183310541,0.04227444184272974,-30.187883290616163,-30.187883290549568,-0.0008757758207930384,-0.0008757758206925636,0.004067113593380679,0.004067113593619691
248.0,0.04205510167040096,0.04205510168005046,-30.186881454661908,-30.186881454595238,-0.0008789567861636453,-0.0008789567860630255,0.003947574340615498,0.003947574340854571
248.25,0.041827944883573026,0.041827944893247725,-30.185912960821234,-30.18591296075449,-0.0009383114221818702,-0.0009383114220811055,0.003800381980830054,0.0038003819810691858
248.5,0.04160005366520884,0.04160005367490877,-30.184981716901913,-30.184981716835093,-0.000884832580365447,-0.0008848325802645372,0.003649564331792907,0.0036495643320320977
248.75,0.04134907903222655,0.04134907904195176,-30.18404900003773,-30.184048999970837,-0.0011229491909243697,-0.001122949190823314,0.003812193031481019,0.003812193031720269
249.0,0.041048418230953544,0.04104841824070406,-30.18308438316294,-30.18308438309597,-0.0012823285403833218,-0.0012823285402821202,0.00390475699329129,0.003904756993530599
249.25,0.04073589872349527,0.04073589873327113,-30.18209023192857,-30.182090231861526,-0.0012178140221308872,-0.0012178140220295399,0.0040484467992670655,0.004048446799506436
249.5,0.04045036972684873,0.04045036973664997,-30.181071906062108,-30.18107190599499,-0.0010664133110707913,-0.001066413310969298,0.004098145858330499,0.0040981458585699305
249.75,0.04019055027989992,0.04019055028972659,-30.18003487329419,-30.180034873226997,-0.0010121328813055494,-0.0010121328812039102,0.004198111167477427,0.004198111167716919
250.0,0.03994569263885611,0.03994569264870823,-30.178971935494275,-30.178971935427008,-0.0009467181723792554,-0.0009467181722774708,0.004305385064568656,0.00430538506480821
250.25,0.039709621275730946,0.03970962128560856,-30.17788563768747,-30.17788563762013,-0.0009418452645422202,-0.0009418452644402902,0.004384996930505301,0.0043849969307449155
250.5,0.039477239773804164,0.039477239783707305,-30.176766835256476,-30.17676683518906,-0.0009171897776474451,-0.0009171897775453695,0.004565420192977228,0.004565420193216904
250.75,0.03924984452546778,0.03924984453539649,-30.175630712891973,-30.175630712824486,-0.0009019761922842938,-0.0009019761921820725,0.00452355728874803,0.004523557288987767
251.0,0.03900678321551742,0.03900678322547173,-30.174462103540208,-30.174462103472646,-0.0010424858748365865,-0.0010424858747342188,0.004825330772758143,0.004825330772997943
251.25,0.0387344323150745,0.03873443232505445,-30.173253216901,-30.173253216833363,-0.0011363194451488184,-0.0011363194450463045,0.004845771187645685,0.004845771187885546
251.5,0.03844852667220278,0.038448526682208405,-30.172031263015302,-30.17203126294759,-0.001150917815509383,-0.0011509178154067228,0.00492986127431805,0.0049298612745579725
251.75,0.03814493874123529,0.03814493875126662,-30.170800670399316,-30.17080067033153,-0.0012777870921519565,-0.0012777870920491498,0.004914891614929959,0.004914891615169943
252.0,0.03785633748439981,0.03785633749445689,-30.169580442643554,-30.169580442575693,-0.0010310294183191282,-0.0010310294182161747,0.004846907166767177,0.004846907167007222
252.25,0.03760482202987912,0.03760482203996199,-30.168385393119443,-30.16838539305151,-0.0009811068372684402,-0.0009811068371653401,0.004713484319456171,0.0047134843196962786
252.5,0.03735706728890089,0.037357067299009575,-30.167214568969158,-30.167214568901148,-0.0010009368222511665,-0.0010009368221479199,0.004653110752467038,0.0046531107527072076
252.75,0.037101526945125744,0.03710152695526029,-30.166067389679398,-30.166067389611314,-0.0010433981105859905,-0.0010433981104825973,0.004524327568930082,0.004524327569170313
253.0,0.036844616209613844,0.03684461621977428,-30.16493343017381,-30.164933430105656,-0.001011885644470781,-0.0010118856443672411,0.004547345504798925,0.004547345505039219
253.25,0.0365760862546763,0.03657608626486267,-30.16380250339267,-30.16380250332444,-0.0011363584941667154,-0.0011363584940630288,0.004500080479762766,0.0045000804800031215
253.5,0.03625947515088007,0.0362594751610924,-30.16266631501307,-30.162666314944765,-0.0013965219609501452,-0.0013965219608463113,0.0045894510854511605,0.004589451085691578
253.75,0.035928499895363376,0.035928499905601714,-30.161500808409187,-30.161500808340808,-0.001251266452545348,-0.0012512664524413672,0.0047345880509092105,0.004734588051149691
254.0,0.03560443547141747,0.03560443548168185,-30.16029626172532,-30.160296261656868,-0.0013412332266113148,-0.001341233226507187,0.004901793902184922,0.004901793902425465
254.25,0.0352719564777359,0.035271956488026356,-30.159041155241393,-30.159041155172865,-0.0013185764068509597,-0.0013185764067466849,0.005139055833203812,0.005139055833444418
254.5,0.03493351638776274,0.03493351639807932,-30.157755047739627,-30.157755047671024,-0.0013889433530985163,-0.0013889433529940944,0.005149810815221217,0.005149810815461885
254.75,0.034581167310777546,0.034581167321120265,-30.15648005015617,-30.15648005008749,-0.0014298587129999462,-0.0014298587128953773,0.005050173710028533,0.005050173710269263
255.0,0.03421250137415917,0.034212501384528075,-30.15521550420455,-30.155215504135796,-0.0015194673277439017,-0.0015194673276391858,0.005066202351357342,0.005066202351598135
255.25,0.0338116024110555,0.033811602421450634,-30.15393940952438,-30.153939409455553,-0.0016877172411546044,-0.001687717241049741,0.0051425709527333895,0.0051425709529742455
255.5,0.033377901163949446,0.033377901174370846,-30.15263031747944,-30.152630317410537,-0.0017818751177392784,-0.0017818751176342678,0.005330174284107609,0.005330174284348528
255.75,0.032950074987913865,0.03295007499836156,-30.15127960887973,-30.151279608810754,-0.0016407206593798097,-0.0016407206592746516,0.005475481205512092,0.005475481205753074
256.0,0.03255627376271033,0.03255627377318437,-30.149891270850844,-30.149891270781794,-0.0015096745229957482,-0.0015096745228904427,0.005631210670527628,0.005631210670768674
256.25,0.03215835576063337,0.03215835577113378,-30.148487965110764,-30.14848796504164,-0.0016736729476110588,-0.0016736729475056056,0.005595250712041819,0.0055952507122829275
256.5,0.03174826544438562,0.031748265454912446,-30.147103769902174,-30.147103769832974,-0.00160706067372186,-0.0016070606736162591,0.00547830467649403,0.0054783046767352015
256.75,0.03135427659773004,0.03135427660828331,-30.14573555952046,-30.145735559451186,-0.0015448511932509453,-0.0015448511931451967,0.005467372512125637,0.005467372512366872
257.0,0.030986574983012403,0.030986574993592145,-30.14436752633485,-30.1443675262655,-0.0013967608870439478,-0.0013967608869380516,0.005476879010783946,0.0054768790110252446
257.25,0.030639446030002338,0.030639446040608587,-30.142975675119153,-30.14297567504973,-0.0013802537230684104,-0.0013802537229623665,0.005657929158541547,0.005657929158782909
257.5,0.03027479318579976,0.03027479319643255,-30.141565103548025,-30.141565103478527,-0.001536972037140832,-0.0015369720370346403,0.005626658186029703,0.0056266581862711275
257.75,0.02988092326712715,0.029880923277786523,-30.140173848880767,-30.140173848811195,-0.0016139989973896944,-0.001613998997283355,0.005503386414223299,0.005503386414464788
258.0,0.029478495725917465,0.029478495736603456,-30.138798680650325,-30.138798680580678,-0.0016054219084110299,-0.0016054219083045428,0.005497958620728546,0.005497958620970098
258.25,0.029084020888416613,0.02908402089912926,-30.137437961487816,-30.137437961418094,-0.0015503872415179127,-0.0015503872414112778,0.005387789490696979,0.005387789490938595
258.5,0.028700331631124364,0.0287003316418637,-30.136118417620715,-30.136118417550918,-0.0015191475474291675,-0.0015191475473223847,0.005168558500877223,0.005168558501118903
258.75,0.028333387284348272,0.028333387295114337,-30.134844175612134,-30.134844175542263,-0.001416420785581075,-0.0014164207854741441,0.005025367882692715,0.005025367882934459
259.0,0.02800862469262497,0.028008624703417802,-30.133600368444515,-30.13360036837457,-0.0011816894565588603,-0.001181689456451781,0.004925067327706513,0.004925067327948321
259.25,0.027712784237510463,0.027712784248330097,-30.132378227585594,-30.132378227515574,-0.001185041114875845,-0.0011850411147686175,0.004852059859722614,0.0048520598599644865
259.5,0.027437585087456223,0.027437585098302696,-30.131153944813352,-30.131153944743254,-0.0010165436324063284,-0.0010165436322989525,0.004942186432245694,0.004942186432487631
259.75,0.02720655774039112,0.02720655775126447,-30.129939454509813,-30.12993945443964,-0.0008316910643222075,-0.0008316910642146836,0.004773718568112973,0.004773718568354974
260.0,0.02703551111817272,0.027035511129072987,-30.128759990162795,-30.128759990092547,-0.0005366924766604349,-0.0005366924765527627,0.004661968395459563,0.004661968395701628
260.25,0.026880654226009236,0.026880654236936453,-30.127603859176723,-30.1276038591064,-0.0007021697445206371,-0.0007021697444128168,0.0045870950944686345,0.004587095094710764
260.5,0.02672189054402541,0.026721890554979612,-30.126438402879007,-30.12643840280861,-0.0005679256467553285,-0.00056792564664736,0.004736542630706423,0.004736542630948616
260.75,0.026598543557502772,0.026598543568483998,-30.12528443931485,-30.12528443924438,-0.00041887302361966937,-0.0004188730235115528,0.004495151829851395,0.004495151830093653
261.0,0.02650302232437059,0.02650302233537888,-30.124170080631284,-30.124170080560738,-0.000345303969352332,-0.0003453039692440674,0.004419710702605972,0.004419710702848295
261.25,0.026421919205728766,0.02642191921676415,-30.123066024496442,-30.12306602442582,-0.00030352165048481956,-0.000303521650376407,0.004412734436916107,0.004412734437158495
261.5,0.02634391439218826,0.026343914403250783,-30.12197568628793,-30.121975686217233,-0.0003205265587407067,-0.00032052655863214614,0.004309972834469575,0.004309972834712027
261.75,0.026277129220610748,0.026277129231700443,-30.120906045795298,-30.120906045724528,-0.0002137607483812429,-0.00021376074827253425,0.004247141040689631,0.004247141040932149
262.0,0.026238465183409925,0.026238465194526828,-30.119852217059485,-30.11985221698864,-9.555755762640449e-05,-9.555755751754777e-05,0.0041834777016201505,0.004183477701862733
262.25,0.026227247635001616,0.026227247646145764,-30.11881935276064,-30.11881935268972,5.8073586198129555e-06,5.8073587288177644e-06,0.004079427132467348,0.004079427132709996
262.5,0.026238923362214027,0.02623892337338546,-30.117801703919735,-30.11780170384874,8.759679489249223e-05,8.759679500164522e-05,0.004061755883671321,0.004061755883914034
262.75,0.02627688480472849,0.026276884815927243,-30.116781953911307,-30.11678195384024,0.00021609800173089664,0.00021609800184019804,0.004096232068641461,0.004096232068884239
263.0,0.026308011988807355,0.026308012000033465,-30.115770954161427,-30.115770954090284,3.290962838327771e-05,3.290962849272757e-05,0.003991783201557749,0.003991783201800592
263.25,0.026283129493410082,0.026283129504663588,-30.11476408200649,-30.114764081935274,-0.00023196286053490028,-0.00023196286042530164,0.004063219010295534,0.004063219010538442
263.5,0.026236086090357474,0.026236086101638408,-30.11377126804805,-30.113771267976755,-0.00014440171286969673,-0.0001444017127599496,0.0038792844019821305,0.0038792844022251024
263.75,0.026189986576888664,0.026189986588197066,-30.112801339959574,-30.112801339888204,-0.00022439432085046463,-0.00022439432074056892,0.003880147847635852,0.0038801478478788878
264.0,0.026150673084099005,0.026150673095434913,-30.111805076645915,-30.11180507657447,-9.009384787073298e-05,-9.009384776068857e-05,0.0040899459997756045,0.004089946000018706
264.25,0.026117903894569167,0.02611790390593262,-30.11076604825852,-30.110766048186996,-0.00017204719625587824,-0.00017204719614568513,0.004222288826068287,0.004222288826311454
264.5,0.026058210761989928,0.02605821077338096,-30.109712634365483,-30.109712634293885,-0.00030549950063851197,-0.0003054995005281699,0.004205034900243495,0.0042050349004867284
264.75,0.025999573906279525,0.025999573917698172,-30.10866716880346,-30.108667168731788,-0.00016359972514879036,-0.00016359972503829934,0.004158676217600869,0.004158676217844169
265.0,0.025957350532881007,0.025957350544327313,-30.107619355458212,-30.107619355386465,-0.0001741811259148485,-0.00017418112580420874,0.004223831542069059,0.004223831542312425
265.25,0.025940382627990508,0.025940382639464507,-30.106535182978106,-30.106535182906285,3.845916288694626e-05,3.845916299773505e-05,0.004449528250976926,0.004449528251220358
265.5,0.025936698160776806,0.025936698172278533,-30.10545257870829,-30.105452578636395,-6.795735997475687e-05,-6.795735986381912e-05,0.004211315940593637,0.004211315940837136
265.75,0.02588280732765123,0.025882807339180726,-30.104427201881425,-30.104427201809454,-0.00036319001666564266,-0.0003631900165545553,0.003991726509092635,0.003991726509336201
266.0,0.025800510855877888,0.02580051086743519,-30.103438460412534,-30.103438460340488,-0.0002951887029186526,-0.000295188702807416,0.003918198830885347,0.003918198831128979
266.25,0.02570899214357873,0.02570899215516387,-30.1024806239346,-30.10248062386248,-0.00043697738593988694,-0.00043697738582850094,0.0037445063605458994,0.003744506360789597
266.5,0.025596809625798987,0.02559680963741201,-30.101570738030983,-30.101570737958788,-0.00046050256592976643,-0.0004605025658182312,0.0035345830864227643,0.003534583086666527
266.75,0.025462282180645175,0.025462282192286113,-30.100672533779036,-30.100672533706767,-0.0006157060347925201,-0.0006157060346808351,0.0036510655618629028,0.0036510655621067303
267.0,0.025284748505557765,0.025284748517226657,-30.099769905587603,-30.09976990551526,-0.000804571039313305,-0.0008045710392014701,0.0035699777759431485,0.003569977776187041
267.25,0.025095260596051498,0.02509526060774838,-30.098868671115618,-30.0988686710432,-0.0007113256757659502,-0.0007113256756539656,0.003639889208783149,0.0036398892090271067
267.5,0.024913427776764058,0.02491342778848897,-30.097962398497756,-30.097962398425263,-0.0007433396978083025,-0.0007433396976961682,0.0036102947524679235,0.0036102947527119466
267.75,0.024735556472094355,0.024735556483847336,-30.09705254356952,-30.097052543496954,-0.0006796252767399344,-0.00067962527662765,0.003668538666439597,0.0036685386666836855
268.0,0.024550206605176005,0.02455020661695709,-30.096144366350313,-30.09614436627767,-0.000803180443269171,-0.0008031804431567366,0.003596890736133455,0.0035968907363776092
268.25,0.024335556595004696,0.024335556606813923,-30.0952440578601,-30.095244057787383,-0.0009140188524964855,-0.000914018852383901,0.0036055876355381303,0.00360558763578235
268.5,0.024085101113913165,0.02408510112575057,-30.094339750836223,-30.09433975076343,-0.0010896228398093147,-0.0010896228396965798,0.003628885111578147,0.003628885111822432
268.75,0.023794837699843464,0.023794837711709087,-30.0934227744594,-30.093422774386532,-0.0012324771601911343,-0.0012324771600782487,0.003706939371466226,0.0037069393717105766
269.0,0.023466198175741537,0.023466198187635415,-30.092471282120293,-30.092471282047352,-0.001396620410543299,-0.0013966204104302626,0.0039050148169504834,0.0039050148171949
269.25,0.02313349570670598,0.023133495718628147,-30.091466375070926,-30.09146637499791,-0.0012649777845170952,-0.0012649777844039082,0.004134229166699295,0.004134229166943779
269.5,0.02281338507707951,0.02281338508903001,-30.090449965917774,-30.090449965844684,-0.0012959202373249417,-0.001295920237211604,0.0039970469758398896,0.003997046976084442
269.75,0.022471668227792792,0.022471668239771658,-30.08943556553453,-30.08943556546136,-0.001437803192147419,-0.0014378031920339303,0.004118169466988139,0.004118169467232759
270.0,0.022094944075046866,0.02209494408705414,-30.088404709090124,-30.08840470901688,-0.0015759890977312548,-0.0015759890976176152,0.004128695116560689,0.004128695116805377
270.25,0.02167474343979227,0.021674743451827985,-30.087355105111634,-30.087355105038316,-0.001785602903042952,-0.0017856029029291612,0.004268156473919835,0.004268156474164592
270.5,0.021214923790377545,0.02121492380244174,-30.086290148452434,-30.086290148379042,-0.001892955935574453,-0.0018929559354605113,0.004251506921028279,0.004251506921273104
270.75,0.020734295900426837,0.020734295912519553,-30.085245008361017,-30.08524500828755,-0.0019520806381666544,-0.0019520806380525619,0.004109619384662956,0.004109619384907849
271.0,0.02024418351103336,0.020244183523154633,-30.08424398577739,-30.08424398570385,-0.001968838453924275,-0.0019688384538100305,0.003898562864340597,0.0038985628645855563
271.25,0.01976396914482743,0.019763969156977295,-30.083289740982778,-30.083289740909162,-0.0018728919369199934,-0.0018728919368055977,0.00373538644672595,0.003735386446970976
271.5,0.019315121467382675,0.019315121479561173,-30.082366457922724,-30.08236645784903,-0.001717897523330844,-0.001717897523216297,0.0036508634208142683,0.0036508634210593613
271.75,0.018870264824012817,0.018870264836219987,-30.08144527553209,-30.08144527545832,-0.0018409493078734513,-0.0018409493077587529,0.003718607305712847,0.003718607305958007
272.0,0.018404948491704296,0.018404948503940175,-30.080519012652072,-30.08051901257823,-0.0018815839807774894,-0.0018815839806626397,0.003691499565553642,0.0036914995657988687
272.25,0.017927460682663612,0.01792746069492824,-30.079623293607757,-30.079623293533835,-0.0019383390495874883,-0.0019383390494724872,0.0034742581399376253,0.003474258140182919
272.5,0.017427450085327877,0.01742745009762129,-30.078740954711435,-30.07874095463744,-0.00206173541876717,-0.0020617354186520166,0.0035844646645680524,0.0035844646648134134
272.75,0.016896700861288323,0.01689670087361056,-30.077870438015182,-30.077870437941108,-0.0021842777656369324,-0.0021842777655216262,0.0033796804588807927,0.003379680459126221
273.0,0.01637259947361211,0.016372599485963205,-30.07705421622511,-30.077054216150962,-0.0020085550667419856,-0.0020085550666265268,0.0031500772945140722,0.0031500772947595677
273.25,0.015876933205341254,0.01587693321772125,-30.076288900314122,-30.076288900239895,-0.0019567919059913755,-0.001956791905875764,0.002972445113206754,0.0029724451134523168
273.5,0.015372726035367601,0.015372726047776527,-30.075540123985117,-30.075540123910812,-0.0020768612605701043,-0.00207686126045434,0.0030177768390967185,0.0030177768393423485
273.75,0.014832887768436071,0.014832887780873964,-30.074780785864583,-30.074780785790203,-0.0022418412685841437,-0.0022418412684682264,0.0030569436796487664,0.0030569436798944635
274.0,0.0142929363916233,0.0142929364040902,-30.07400432928627,-30.074004329211817,-0.0020777606164044306,-0.0020777606162883607,0.0031546934772848237,0.0031546934775305885
274.25,0.013769938150091504,0.013769938162587446,-30.073232718459174,-30.073232718384645,-0.002106238268603427,-0.002106238268487204,0.0030181958244288364,0.003018195824674669
274.5,0.013244037247613888,0.013244037260138912,-30.072486015422456,-30.07248601534785,-0.0021009749531488153,-0.0021009749530324392,0.002955427973156532,0.002955427973402432
274.75,0.012719249620844763,0.012719249633398908,-30.071744462661197,-30.071744462586512,-0.002097324111734008,-0.002097324111617479,0.0029769937727786985,0.0029769937730246662
275.0,0.012199018911419748,0.012199018924003052,-30.071029162330486,-30.071029162255726,-0.0020645434811465547,-0.0020645434810298725,0.002745405782391295,0.00274540578263733
275.25,0.011697942723477267,0.011697942736089768,-30.070336176779804,-30.07033617670497,-0.0019440610998989493,-0.0019440610997821146,0.002798467263972899,0.0027984672642190024
275.5,0.011222892153957761,0.011222892166599498,-30.069611685041185,-30.069611684966272,-0.0018563247712724516,-0.0018563247711554645,0.002997458373220094,0.0029974583734662654
275.75,0.010759502288201097,0.010759502300872107,-30.068829979790536,-30.06882997971555,-0.001850769836211151,-0.0018507698360940115,0.003256183108297606,0.003256183108543846
276.0,0.010312274085980776,0.010312274098681096,-30.068034958923196,-30.068034958848134,-0.001727070203639243,-0.0017270702035219508,0.0031039721680102745,0.003103972168256583
276.25,0.009910594718701194,0.009910594731430862,-30.067265864458882,-30.067265864383742,-0.001486370004218991,-0.0014863700041015458,0.003048760853218297,0.0030487608534646737
276.5,0.009540375520936489,0.009540375533695545,-30.06651738916718,-30.066517389091967,-0.0014753939816341305,-0.001475393981516533,0.0029390404456194306,0.0029390404458658754
276.75,0.009174391876623156,0.009174391889411639,-30.06579601584717,-30.065796015771877,-0.0014524853285459982,-0.001452485328428248,0.0028319439547047215,0.0028319439549512344
277.0,0.00881992178145979,0.008819921794277737,-30.065106247266222,-30.06510624719085,-0.0013832892304691874,-0.0013832892303512843,0.002686198169096224,0.0026861981693428053
277.25,0.00847318000403726,0.00847318001688471,-30.06443298709605,-30.064432987020606,-0.0013906437540923415,-0.0013906437539742858,0.002699883885715262,0.002699883885961912
277.5,0.008127816748420693,0.008127816761297682,-30.063769280230385,-30.063769280154865,-0.001372270842150292,-0.0013722708420320837,0.002609769307454991,0.0026097693077017092
277.75,0.0077817999723283115,0.007781799985234876,-30.063103237713886,-30.063103237638288,-0.0013958531638740197,-0.0013958531637556584,0.002718573047961063,0.00271857304820785
278.0,0.007446503770889133,0.007446503783825311,-30.06242125721093,-30.062421257135256,-0.0012865147394072753,-0.0012865147392887612,0.002737260667265048,0.002737260667511904
278.25,0.007121910499632899,0.007121910512598729,-30.061742117605263,-30.061742117529512,-0.0013102353860044691,-0.0013102353858858021,0.002695858414525609,0.002695858414772534
278.5,0.006806620821030133,0.0068066208340256526,-30.061057542767678,-30.061057542691852,-0.001212074091426217,-0.0012120740913073966,0.0027807310315102985,0.0027807310317572924
278.75,0.006503300601732445,0.006503300614757693,-30.060369142086614,-30.060369142010714,-0.0012144928268083485,-0.0012144928266893751,0.002726474645091394,0.0027264746453384567
279.0,0.006180367252622064,0.0061803672656770775,-30.059668600740256,-30.059668600664278,-0.0013689597440406493,-0.0013689597439215226,0.0028778706890630786,0.0028778706893102107
279.25,0.005835217133716619,0.0058352171468014375,-30.058950325132514,-30.05895032505646,-0.0013922421613275816,-0.0013922421612083016,0.0028683363680036184,0.00286833636825082
279.5,0.005500636995430119,0.005500637008544781,-30.058236394709585,-30.058236394633457,-0.0012844013780927484,-0.0012844013779733149,0.0028430968481832366,0.002843096848430507
279.75,0.005183481002824599,0.005183481015969143,-30.0575131628292,-30.057513162752993,-0.0012528372176494975,-0.0012528372175299105,0.002942755219082132,0.002942755219329472
280.0,0.004884771837960193,0.004884771851134657,-30.05677146167297,-30.05677146159669,-0.0011368316153073557,-0.001136831615187615,0.0029908430937315607,0.0029908430939789704
280.25,0.004611115893448701,0.004611115906653123,-30.056015569280262,-30.056015569203907,-0.0010524098143787773,-0.0010524098142588832,0.003056288088640467,0.003056288088887946
280.5,0.0043409828692211865,0.004340982882455604,-30.05523982500428,-30.055239824927845,-0.0011086456184299035,-0.0011086456183098557,0.0031496714212341545,0.0031496714214817034
280.75,0.004047239182209791,0.004047239195474244,-30.054471245689903,-30.054471245613392,-0.0012413181323452731,-0.0012413181322250713,0.0029989756022635204,0.0029989756025111396
281.0,0.003731696723997818,0.0037316967372923427,-30.053723042162357,-30.05372304208577,-0.0012830227452839914,-0.0012830227451636359,0.002986656550085982,0.002986656550333671
281.25,0.0033890208129174378,0.003389020826242073,-30.052974147439713,-30.05297414736305,-0.0014583829142216077,-0.0014583829141010982,0.003004517764190077,0.003004517764437836
281.5,0.003042152861114583,0.0030421528744693674,-30.052208449931406,-30.052208449854664,-0.0013165497690767205,-0.001316549768956057,0.003121048930215152,0.0031210489304629805
281.75,0.002744755922031494,0.0027447559354164654,-30.051427593732818,-30.051427593656,-0.0010626253454326486,-0.0010626253453118305,0.003125776718410534,0.0031257767186584325
282.0,0.0024814300396982345,0.002481430053113432,-30.050642739307975,-30.050642739231083,-0.0010439791833724862,-0.0010439791832515142,0.0031530569224076837,0.003153056922655652
282.25,0.0022165611944781876,0.002216561207923649,-30.049835511564734,-30.049835511487764,-0.0010749573173673083,-0.001074957317246182,0.003304767944222379,0.003304767944470418
282.5,0.001934743446761775,0.0019347434602375385,-30.049012687501246,-30.0490126874242,-0.00117958724876131,-0.0011795872486400293,0.003277834428311846,0.0032778344285599556
282.75,0.0016479849994651629,0.001647985012971267,-30.048182452743735,-30.04818245266661,-0.0011144722482198685,-0.0011144722480984335,0.0033640374927702606,0.003364037493018441
283.0,0.001376153873857853,0.0013761538873943366,-30.047318142421663,-30.047318142344462,-0.0010601592260029735,-0.001060159225881384,0.0035504399631896477,0.003550439963437899
283.25,0.0011251034858642368,0.001125103499431138,-30.04644072790898,-30.046440727831705,-0.0009482516089910852,-0.0009482516088693418,0.0034688655876184238,0.003468865587866746
283.5,0.000903898990615091,0.0009038990042124481,-30.04559310950272,-30.045593109425372,-0.0008213991711975153,-0.0008213991710756176,0.003312069702777381,0.003312069703025774
283.75,0.0006807326741617697,0.000680732687789621,-30.04476514293032,-30.044765142852896,-0.0009639314332242634,-0.0009639314331022115,0.0033116763145054308,0.0033116763147538943
284.0,0.00045362640940517295,0.000453626423063557,-30.043934800249943,-30.04393480017244,-0.0008529168941638867,-0.0008529168940416805,0.003331054662062294,0.003331054662310828
284.25,0.00025979035021231973,0.00025979036390127503,-30.043123257252805,-30.043123257175225,-0.000697787617342455,-0.0006977876172200943,0.0031612746894349557,0.003161274689683561
284.5,7.9493829297495e-05,7.949384301705995e-05,-30.04233431554271,-30.04233431546505,-0.0007445856169735136,-0.0007445856168509986,0.003150263403528246,0.0031502634037769224
284.75,-0.0001065541926949117,-0.00010655417894469849,-30.041521028057655,-30.04152102797992,-0.0007437791883408844,-0.0007437791882182152,0.0033560364009493594,0.0033560364011981075
285.0,-0.00030975543678972764,-0.0003097554230088274,-30.04068152659353,-30.04068152651572,-0.0008818304243397585,-0.0008818304242169346,0.003359988327645129,0.003359988327893948
285.25,-0.0005549408524490158,-0.0005549408386373894,-30.039840397123616,-30.039840397045726,-0.0010796520843081592,-0.00107965208418518,0.003369066082476319,0.00336906608272521
285.5,-0.0008198761424024759,-0.0008198761285600847,-30.039001370949478,-30.039001370871514,-0.0010398327220761004,-0.0010398327219529662,0.0033431395564785644,0.0033431395567275262
285.75,-0.0010879367898169372,-0.0010879367759437418,-30.038172764442752,-30.038172764364713,-0.001104657913807732,-0.0011046579136844425,0.003285718609136637,0.0032857186093856704
286.0,-0.0013626213880497378,-0.0013626213741456995,-30.037368636106983,-30.037368636028866,-0.0010928319655307205,-0.001092831965407276,0.0031473069621194357,0.003147306962368541
286.25,-0.0016478404816874872,-0.0016478404677525672,-30.036563078650218,-30.036563078572026,-0.0011889067008134747,-0.001188906700689875,0.0032971617500236142,0.0032971617502727917
286.5,-0.0019346810659035564,-0.0019346810519377158,-30.035739868154053,-30.035739868075783,-0.001105818834087523,-0.0011058188339637678,0.003288514385792202,0.0032885143860414516
286.75,-0.0022162144199771062,-0.002216214405980305,-30.034902595311074,-30.03490259523273,-0.0011464366207211258,-0.0011464366205972151,0.0034096721875530992,0.0034096721878024206
287.0,-0.0024955952064779456,-0.0024955951924501454,-30.034025033902918,-30.0340250338245,-0.001088590752259996,-0.0010885907521359299,0.0036108136240007712,0.003610813624250165
287.25,-0.00276816823757438,-0.0027681682235155417,-30.03311564616168,-30.033115646083182,-0.0010919884984699577,-0.001091988498345736,0.0036642886263133995,0.0036642886265628653
287.5,-0.0030844844750817536,-0.003084484460991838,-30.032203323814812,-30.03220332373624,-0.0014385442773918822,-0.0014385442772675045,0.0036343228221393927,0.0036343228223889306
287.75,-0.0034616744663297366,-0.003461674452208705,-30.031273234765774,-30.031273234687127,-0.0015789594891453614,-0.001578959489020828,0.00380640280864554,0.00380640280889515
288.0,-0.0038764416204121422,-0.003876441606259956,-30.030333723186843,-30.03033372310812,-0.0017391869266058322,-0.0017391869264811429,0.003709704929188104,0.0037097049294377866
288.25,-0.004293150569120484,-0.004293150554937102,-30.029436019473515,-30.02943601939472,-0.0015945071490644344,-0.0015945071489395892,0.003471911136997772,0.003471911137247527
288.5,-0.004688541106031308,-0.004688541091816691,-30.028577406392074,-30.028577406313204,-0.001568624272989212,-0.0015686242728642108,0.0033969910743278,0.0033969910745776273
288.75,-0.005085409192824296,-0.0050854091785784055,-30.02773463572148,-30.02773463564253,-0.0016063253698331017,-0.0016063253697079446,0.003345177844975624,0.003345177845225524
289.0,-0.005484120833027363,-0.00548412081875016,-30.026924255534105,-30.02692425545508,-0.0015833873614855896,-0.0015833873613602767,0.0031378614914771624,0.003137861491727135
289.25,-0.005911531316830672,-0.005911531302522118,-30.02612083828518,-30.026120838206076,-0.001835882280734575,-0.0018358822806091054,0.0032895003053414486,0.0032895003055914943
289.5,-0.006370708329550622,-0.006370708315210677,-30.02531887839411,-30.025318878314927,-0.0018375492925178751,-0.0018375492923922497,0.0031261789804562755,0.003126178980706394
289.75,-0.006816742492213715,-0.00681674247784234,-30.024531037541852,-30.02453103746259,-0.001730719332297588,-0.0017307193321718063,0.0031765377656814545,0.003176537765931646
290.0,-0.007259495897445323,-0.00725949588304248,-30.02373802611969,-30.023738026040355,-0.0018113088267099609,-0.0018113088265840228,0.0031675612096735994,0.0031675612099238636
290.25,-0.007709146601191616,-0.007709146586757264,-30.022959669533346,-30.022959669453932,-0.0017859070831597872,-0.0017859070830336928,0.003059289086257936,0.0030592890865082734
290.5,-0.008167399856749157,-0.008167399842283254,-30.02219922707447,-30.022199226994978,-0.0018801223372323693,-0.0018801223371061183,0.0030242594674774557,0.003024259467727866
290.75,-0.008636967834052522,-0.00863696781955503,-30.02145195745288,-30.02145195737331,-0.0018764281901224999,-0.0018764281899960925,0.002953897157031992,0.0029538971572824757
291.0,-0.009116484761919412,-0.009116484747390291,-30.020698967032033,-30.020698966952384,-0.0019596963600830757,-0.0019596963599565107,0.0030700340603680466,0.0030700340606186036
291.25,-0.009584834223556809,-0.009584834208996019,-30.01993574199466,-30.019935741914935,-0.0017871026402748106,-0.0017871026401480887,0.003035749966427454,0.0030357499666780843
291.5,-0.010021141605713704,-0.010021141591121207,-30.019199629336633,-30.01919962925683,-0.0017033737030369728,-0.001703373702910094,0.0028531434038507842,0.002853143404101488
291.75,-0.01045188113546046,-0.010451881120836216,-30.018495538969702,-30.01849553888982,-0.0017425495391493032,-0.0017425495390222677,0.0027795832251711235,0.002779583225421901
292.0,-0.010903495302433104,-0.010903495287777074,-30.017829171094494,-30.017829171014533,-0.0018703853847865438,-0.0018703853846593513,0.0025513718290003195,0.0025513718292511714
292.25,-0.01138722622455606,-0.011387226209868205,-30.017192286396874,-30.017192286316835,-0.0019994627912080874,-0.0019994627910807365,0.0025437179215107865,0.002543717921761712
292.5,-0.011883053791484388,-0.011883053776764668,-30.01652904183402,-30.016529041753905,-0.001967137221588656,-0.0019671372214611475,0.002762235533706153,0.002762235533957153
292.75,-0.012399873355290638,-0.012399873340539012,-30.015809181725214,-30.01580918164502,-0.0021673972694855183,-0.0021673972693578513,0.002996664217435492,0.002996664217686566
293.0,-0.012933188877090976,-0.012933188862307406,-30.015067835379302,-30.015067835299032,-0.002099132888825382,-0.002099132888697557,0.002934100113915801,0.002934100114166949
293.25,-0.013472877582446577,-0.013472877567631023,-30.014340888746784,-30.01434088866644,-0.0022183818010275097,-0.0022183818008995266,0.00288148418912831,0.002881484189379532
293.5,-0.014037229142369571,-0.014037229127521995,-30.013641503320116,-30.013641503239693,-0.002296446596245685,-0.0022964465961175435,0.0027136065842643586,0.002713606584515655
293.75,-0.014623510237786139,-0.0146235102229065,-30.012954471920036,-30.012954471839535,-0.0023937957510818232,-0.0023937957509535235,0.0027826537945654624,0.002782653794816833
294.0,-0.015200847618554097,-0.015200847603642357,-30.01227185336313,-30.012271853282556,-0.002224913227973294,-0.0022249132278448357,0.0026782787383833797,0.0026782787386348244
294.25,-0.01579387845777626,-0.015793878442832372,-30.01160838306192,-30.011608382981265,-0.00251933817849707,-0.0025193381783684523,0.002629511429928048,0.0026295114301795675
294.5,-0.01646266186091789,-0.016462661845941813,-30.010990337115235,-30.010990337034507,-0.0028309588167454184,-0.002830958816616642,0.0023148855233561,0.0023148855236076946
294.75,-0.017154683920473538,-0.01715468390546523,-30.010413769009983,-30.010413768929176,-0.002705219395636215,-0.0027052193955072797,0.002297647463949298,0.002297647464200968
295.0,-0.01782668571921413,-0.017826685704173555,-30.00987718841141,-30.009877188330524,-0.002670823636136675,-0.002670823636007582,0.001994994081843101,0.0019949940820948456
295.25,-0.018508350644463493,-0.01850835062939061,-30.00936982966078,-30.009369829579818,-0.002782489379712946,-0.002782489379583694,0.002063886451157,0.002063886451408819
295.5,-0.01921987202947612,-0.019219872014370885,-30.008847646502296,-30.008847646421255,-0.0029096771280762313,-0.00290967712794682,0.0021135908081051594,0.002113590808357054
295.75,-0.019957979533881665,-0.019957979518744045,-30.00831605599086,-30.00831605590974,-0.002995180616345642,-0.0029951806162160717,0.0021391413447506445,0.002139141345002614
296.0,-0.020717695864648666,-0.020717695849478617,-30.007786160824864,-30.007786160743667,-0.0030825538389510224,-0.0030825538388212933,0.002100028220869348,0.0021000282211213923
296.25,-0.021485590840612846,-0.021485590825410333,-30.007285087772825,-30.007285087691553,-0.0030606241439083207,-0.0030606241437784324,0.0019085541279435046,0.0019085541281956236
296.5,-0.022257642546465194,-0.022257642531230172,-30.006809197480816,-30.00680919739947,-0.0031157905674254376,-0.0031157905672953906,0.001898573409296475,0.0018985734095486684
296.75,-0.023052323291814322,-0.023052323276546754,-30.00634231134817,-30.00634231126675,-0.003241661372236443,-0.0032416613721062367,0.0018365275190880596,0.0018365275193403276
297.0,-0.023869673439585595,-0.02386967342428544,-30.00588535827771,-30.00588535819621,-0.0032971415835703834,-0.003297141583440018,0.0018191022753762214,0.001819102275628564
297.25,-0.02469051892209452,-0.024690518906761744,-30.005443663231045,-30.00544366314947,-0.003269632273990883,-0.0032696322738603586,0.001714455504388818,0.0017144555046412354
297.5,-0.025499193413935903,-0.02549919339857046,-30.005050580733784,-30.00505058065213,-0.003199790590092708,-0.0031997905899620238,0.001430197889050423,0.0014301978893029158
297.75,-0.026305421820401072,-0.026305421805002928,-30.004754372936528,-30.004754372854798,-0.0032500830567942563,-0.0032500830566634126,0.000939469230650337,0.0009394692309029055
298.0,-0.02712492810069416,-0.02712492808526327,-30.00454826960457,-30.004548269522765,-0.0033059890112421414,-0.003305989011111138,0.0007093626959096214,0.0007093626961622647
298.25,-0.027947976628772547,-0.027947976613308872,-30.00438325809259,-30.004383258010712,-0.003278408644518684,-0.0032784086443875212,0.0006107267996660892,0.0006107267999188072
298.5,-0.02876415929221087,-0.02876415927671437,-30.00421928972595,-30.00421928964399,-0.003251044280913757,-0.0032510442807824344,0.0007010175536176953,0.0007010175538704881
298.75,-0.029580842905759488,-0.029580842890230122,-30.004048226163565,-30.00404822608153,-0.0032824279187717714,-0.0032824279186402894,0.0006674939043869724,0.00066749390463984
299.0,-0.030384439732047838,-0.030384439716485565,-30.003872505157165,-30.00387250507505,-0.003146340148118648,-0.003146340147987006,0.0007382613164397654,0.0007382613166927079
299.25,-0.031214244973517644,-0.031214244957922424,-30.003705804298313,-30.00370580421612,-0.003492115387511362,-0.0034921153873795595,0.0005953781543107823,0.0005953781545638
299.5,-0.03212004196603887,-0.03212004195041065,-30.003553781875,-30.00355378179273,-0.0037542582983527114,-0.0037542582982207483,0.0006208259472471,0.0006208259475001929
299.75,-0.03307476123859633,-0.03307476122293507,-30.0033999456183,-30.003399945535953,-0.0038834970672004627,-0.0038834970670683392,0.000609876291106009,0.000609876291359177
300.0,-0.0340515607539666,-0.03405156073827226,-30.003268143944773,-30.00326814386235,-0.00393091479989776,-0.003930914799765474,0.0004445415677318624,0.0004445415679851057
