time_s,x_m,y_m,vx_mps,vy_mps
0.0,0.0,-97.5,0.0,0.12
0.25,8.407693505329289e-06,-97.46999875856818,6.726046322620693e-05,0.12000992511633309
0.5,3.334118860045597e-05,-97.43999524062795,0.0001322088080892292,0.12001821228256809
0.75,7.496428525316345e-05,-97.40999117220875,0.00020077332415764648,0.1200143286142613
1.0,0.00013501955491292643,-97.37998886967785,0.00027967233393606794,0.12000408419498428
1.25,0.00020469845200165514,-97.34962078216773,0.00027803697498660074,0.12294061602487497
1.5,0.0002745511755295353,-97.31851718032102,0.0002810566070488435,0.12588819847678362
1.75,0.0003446996549282945,-97.28667833414691,0.00028041313014549873,0.12882257095614072
2.0,0.0004148958765863335,-97.25410693834294,0.0002814271408687896,0.13174859539108455
2.25,0.0004831602347453042,-97.22081629715159,0.0002649515498132221,0.13457653567235167
2.5,0.0005483627472786234,-97.18681923896477,0.0002569359332532245,0.13739993057446817
2.75,0.0006119132956513827,-97.15211699644287,0.00025173650248550006,0.14021801006473944
3.0,0.0006735324591467871,-97.11671007953314,0.0002414845699321988,0.14303732616593012
3.25,0.0007290084107378743,-97.08061412820939,0.0002025754040166361,0.1457302880985162
3.5,0.0007753112546030803,-97.04384546369187,0.00016810035955043545,0.14841903128253653
3.75,0.0008140090373257478,-97.00640332696064,0.00014172913301241374,0.15111806510064274
4.0,0.0008442132845410262,-96.96828769224118,0.00010015990302073008,0.15380701656995557
4.25,0.0008566380325293861,-96.92951996538265,-5.295556851497851e-07,0.15633480781610862
4.5,0.0008430183626161205,-96.89011910215478,-0.00010819801922770655,0.15887210823439402
4.75,0.0008041643741489999,-96.85008340413516,-0.00020240217614471423,0.16141348486398
5.0,0.0007432725956665716,-96.80941293153597,-0.0002845091968908392,0.16395030375184513
5.25,0.0006723630916556469,-96.76811211894952,-0.00028253156994541284,0.16645619678117354
5.5,0.0006013930699774329,-96.72618279926147,-0.0002849839917287711,0.16897836090656967
5.75,0.0005296061777482142,-96.68362253824971,-0.00028907889063500836,0.17150372758025176
6.0,0.0004587728255289795,-96.6404332804694,-0.00027735038072299045,0.1740103335265325
6.25,0.0003842591487584819,-96.59661881602347,-0.0003185159951258898,0.17650538589104955
6.5,0.0003008187571573531,-96.55217939226316,-0.0003487653714641381,0.17901000701376682
6.75,0.0002099680233567522,-96.50711396304935,-0.00037780444597396157,0.1815134294491148
7.0,0.00010955428298932807,-96.46142251108584,-0.000425269071635509,0.18401819075196874
7.25,-3.645237777595888e-06,-96.41512329644235,-0.00048010277838507476,0.18637553159305356
7.5,-0.0001292729697591426,-96.36823540767769,-0.0005246958063788443,0.18872758268567735
7.75,-0.0002654048634610959,-96.32075720706686,-0.0005641388564201627,0.19109802591178962
8.0,-0.0004128812240213888,-96.27268850553146,-0.0006154502965175918,0.19345159121883274
8.25,-0.0005731616313578118,-96.22403092201382,-0.0006665684616654066,0.1958090817506348
8.5,-0.0007446373694771694,-96.17478564913615,-0.0007050140783014802,0.19815310481165543
8.75,-0.0009260343333766113,-96.12495169916409,-0.0007459283786001997,0.20051849864633087
9.0,-0.0011161225069014774,-96.07452694464213,-0.0007745593567545922,0.20287954034714098
9.25,-0.0013143092420809619,-96.02352518083525,-0.0008107243713713491,0.20513457354904585
9.5,-0.0015205852844233556,-95.97196198938899,-0.0008392784464864578,0.2073709607672759
9.75,-0.0017339475754687733,-95.91983902394604,-0.0008673999940721627,0.2096127653254483
10.0,-0.001955357277496336,-95.86715496833183,-0.000903658628976442,0.21185968298512767
10.25,-0.002179100481897216,-95.81390704087936,-0.0008860811715952349,0.21412373502177923
10.5,-0.002397008310870611,-95.76009039256228,-0.0008569674466847865,0.21640944886787178
10.75,-0.002607215661147978,-95.70570401281442,-0.0008244819071308584,0.21868158616664182
11.0,-0.002809396844473923,-95.65074839199359,-0.0007927501317117058,0.22096337726956092
11.25,-0.003008977726480055,-95.59524199109103,-0.0008036944124093642,0.22308783099269763
11.5,-0.0032134542501845503,-95.53920398881638,-0.0008319100387648576,0.2252161897775262
11.75,-0.003424786825429044,-95.48263271170896,-0.0008585422128865733,0.22735402953065081
12.0,-0.0036427213262114006,-95.42552740340045,-0.0008847352747893417,0.22948843945923772
12.25,-0.003866366696994504,-95.36788018948151,-0.0009042173143906929,0.23168927385151783
12.5,-0.004095352147761217,-95.3096827439146,-0.0009274647657633722,0.23389029297990424
12.75,-0.00433041944346854,-95.25093639838879,-0.0009528723645542692,0.23608047356233852
13.0,-0.004571041817604928,-95.1916398521395,-0.0009718987099124055,0.23829189833798753
13.25,-0.004808306645492208,-95.13180872482064,-0.0009260232535477364,0.24035711584328254
13.5,-0.005035391399229374,-95.07145937643419,-0.0008904530530726151,0.24243766780144757
13.75,-0.005251286407123287,-95.0105908045555,-0.0008365094242017423,0.2445109021651003
14.0,-0.005453246026613677,-94.94920297588757,-0.0007789752151809576,0.24659172189884856
14.25,-0.005646771556734838,-94.88729655179948,-0.000769032284189855,0.2486596698093466
14.5,-0.0058361770039275914,-94.82487113827791,-0.0007460163982639378,0.2507436361790761
14.75,-0.006021496503616159,-94.76192676264301,-0.0007363488286582509,0.25281136800621995
15.0,-0.006203155526187324,-94.69846559753249,-0.0007167248890875,0.25487795104404887
15.25,-0.006387279722193608,-94.63448884145953,-0.0007560733763091465,0.256936101284185
15.5,-0.006581216445615652,-94.56999891441194,-0.000795231954114281,0.258983318745664
15.75,-0.006786265940356405,-94.50499728961826,-0.0008449701907900647,0.2610296844012382
16.0,-0.007002672210669429,-94.43948359953542,-0.0008860878811058764,0.26307984022229075
16.25,-0.007217953492099191,-94.3734680921489,-0.0008359733452661527,0.2650442141249799
16.5,-0.007420885583557418,-94.3069639531285,-0.000787293639416764,0.26698889328013375
16.75,-0.007612028879224125,-94.23997299384537,-0.0007416694304682031,0.26893877660466503
17.0,-0.007792511076656428,-94.17249551512383,-0.0007020037607482627,0.27088104958466885
17.25,-0.007968267970723255,-94.10452596087748,-0.0007038604976404295,0.27287538446851767
17.5,-0.008142024410381747,-94.03605753072499,-0.000686007756219395,0.2748720550494884
17.75,-0.008312403709431822,-93.9670882515925,-0.0006768378672118297,0.2768821771128476
18.0,-0.008480987797418566,-93.89761590115715,-0.0006716368261576455,0.27889662552658073
18.25,-0.00864356692630122,-93.82765292698285,-0.0006288300277243891,0.28080716417979407
18.5,-0.008797875252757062,-93.7572119889774,-0.0006054542706634136,0.2827203377004204
18.75,-0.008944949902711885,-93.68629298834885,-0.0005709572654847145,0.2846316639013888
19.0,-0.00908254872782097,-93.61489356475221,-0.0005296480030283351,0.28656372085105986
19.25,-0.009217195437886728,-93.54301452055358,-0.0005473541007406102,0.28846863467687933
19.5,-0.00935782349525728,-93.47066057032573,-0.0005774851797794439,0.29036296979822285
19.75,-0.009505354931828672,-93.39783113322284,-0.0006025858741201678,0.2922725295641009
20.0,-0.009658707054010295,-93.32452433828304,-0.0006240520462305749,0.2941818317469405
20.25,-0.009817944676080463,-93.25075275058313,-0.0006496670259982656,0.2959908721299713
20.5,-0.009984588908820799,-93.1765291355297,-0.0006833135652845601,0.2977980510266473
20.75,-0.01015868522865982,-93.10185401574263,-0.0007092833406438931,0.2996029094003685
21.0,-0.010339976283274942,-93.02672717993973,-0.0007408722443930926,0.30141177992646406
21.25,-0.01052091616324326,-92.95113987351809,-0.0007064793555663224,0.3032866687925076
21.5,-0.010693871877138708,-92.8750823601256,-0.0006769818386133386,0.3051734354939754
21.75,-0.010860458759010615,-92.79855339519341,-0.0006555373496015121,0.30705828185258044
22.0,-0.01102150308494468,-92.72155463323926,-0.0006326444965504552,0.3089318114994656
22.25,-0.011179543395341855,-92.64410026849733,-0.0006315077022964882,0.31070310610468993
22.5,-0.011338787165844393,-92.56620373042472,-0.0006422730134825055,0.3124691992338327
22.75,-0.011498637372374011,-92.48786551003816,-0.0006363658681096535,0.31423656344652534
23.0,-0.011659178587997919,-92.40908627804555,-0.0006478002359268237,0.31599729348029887
23.25,-0.01182340298895028,-92.32986922293925,-0.0006658317157664101,0.3177391488564672
23.5,-0.011990471213085111,-92.25021635570607,-0.0006705555631062454,0.3194837896332167
23.75,-0.012157956968515056,-92.17012823945998,-0.000669167956139527,0.32122114011658953
24.0,-0.012326611162007685,-92.08960473800738,-0.0006799083763473213,0.32296687278164404
24.25,-0.012499585633584309,-92.00865206850953,-0.0007037282308049175,0.32465448544354564
24.5,-0.012677088194813836,-91.92727847839126,-0.0007161324956733717,0.32633423678918455
24.75,-0.012858268537282017,-91.84548294296916,-0.0007331568503563674,0.328030048521659
25.0,-0.01304251580162173,-91.76326464373504,-0.0007406715927989055,0.32971634640447517
25.25,-0.013219394890614213,-91.68061886931083,-0.0006742004874459862,0.33144984268292615
25.5,-0.013378723496731009,-91.59754104995864,-0.00060026453650662,0.33317270518694664
25.75,-0.01352059198791709,-91.51403184087016,-0.0005345226234365619,0.3349009614561333
26.0,-0.01364666279670172,-91.43008950513104,-0.00047387788386028806,0.3366377184361573
26.25,-0.01376621272488857,-91.34571551452756,-0.00048235603565301155,0.33835420733164245
26.5,-0.013886564276767294,-91.26091334170222,-0.0004802874348963232,0.3400631747166861
26.75,-0.014006236512338966,-91.17568434196751,-0.0004769305834039228,0.34176882278025544
27.0,-0.014124998643818375,-91.0900283492842,-0.0004730044608184103,0.343479118115941
27.25,-0.014239019668552044,-91.00395883384837,-0.0004390210318918619,0.34507700256279217
27.5,-0.014343503202564493,-90.91748988574365,-0.0003966941889369108,0.3466745783925289
27.75,-0.014437628516951196,-90.83062004203381,-0.0003561566532122029,0.34828416722012945
28.0,-0.01452039767576315,-90.74334662299135,-0.00030583673229851727,0.34990318001625
28.25,-0.01459081710676998,-90.65566193508634,-0.00025735487121417155,0.3515743186156634
28.5,-0.014649888747367546,-90.56756120020613,-0.0002150611002339209,0.353231556147807
28.75,-0.014697415846457089,-90.4790445759682,-0.00016499082280724275,0.35490143324591705
29.0,-0.014732394144245946,-90.39011219777586,-0.00011467998982440941,0.35655758732499976
29.25,-0.014757295720249206,-90.30076852215265,-8.437857198365095e-05,0.3581918148126864
29.5,-0.01477570308548793,-90.21101636265948,-6.272816096673794e-05,0.3598254590858698
29.75,-0.014787293793186586,-90.12085634335418,-2.9849341995499823e-05,0.3614546924598266
30.0,-0.014792628111241145,-90.03028742802341,-1.2673415887662354e-05,0.3630966284798342
30.25,-0.014792686236674646,-89.93931284970391,1.2351662089848947e-05,0.36469999575483064
30.5,-0.014785947775564254,-89.84793988070405,4.171401970744226e-05,0.36628375319971956
30.75,-0.014773076877363567,-89.75617020895527,6.140702576638846e-05,0.3678736188103131
31.0,-0.014754464283061552,-89.6640029864773,8.764693862800543e-05,0.3694641585514391
31.25,-0.01473227477432373,-89.57145047761354,9.000826428889885e-05,0.3709559120133483
31.5,-0.014710781595137177,-89.47852673746699,8.208551666374908e-05,0.372434009363578
31.75,-0.014688846407464302,-89.385232124654,9.353709371531793e-05,0.3739228919489688
32.0,-0.014663572621895755,-89.29156681581055,0.00010879443967791447,0.37539957737946783
32.25,-0.014636290165206425,-89.1975325976546,0.00010959221056565382,0.3768741682041739
32.5,-0.014610051806912204,-89.10313207762314,0.00010045480296712317,0.37832999282982455
32.75,-0.014585843460629648,-89.00836683076571,9.334295595631037e-05,0.37979198296662925
33.0,-0.014563742253390752,-88.91323546061106,8.360496674043871e-05,0.3812589789951864
33.25,-0.014545330942420418,-88.81773751636763,6.381822020593009e-05,0.38272457703348123
33.5,-0.014531281394918612,-88.72187377860166,4.871010159414324e-05,0.38418532670563477
33.75,-0.014521598210236382,-88.62564317500818,2.88980041805581e-05,0.3856595037966916
34.0,-0.014514739907321073,-88.52904425596698,2.6112452385915197e-05,0.3871318486988053
34.25,-0.014506454197759804,-88.4320771655273,4.0319754695983256e-05,0.38860487362331264
34.5,-0.014497207303273037,-88.33474072578927,3.3808104591415145e-05,0.39008664475652083
34.75,-0.014488438108534701,-88.23703262087047,3.648315700872928e-05,0.3915781941467138
35.0,-0.01447895669511322,-88.13895204717984,3.9502032143118315e-05,0.3930663955875449
35.25,-0.014475227528195973,-88.04050084798054,-9.537242396412404e-06,0.3945432029938574
35.5,-0.014484002249271266,-87.94167944091147,-6.051849664187592e-05,0.39602805789186285
35.75,-0.014504044380363054,-87.842487091513,-9.968005404302482e-05,0.397510741382383
36.0,-0.014532789553619434,-87.74292371262395,-0.00013014797833814373,0.3989962922026556
36.25,-0.01457209356659082,-87.64300919108454,-0.0001841613148929333,0.40031988527002976
36.5,-0.014627275069018697,-87.5427626870223,-0.00025716012938120647,0.4016521539649195
36.75,-0.01469861448741799,-87.44218324844415,-0.0003134294836569518,0.40298335975867045
37.0,-0.014785966818918656,-87.34127278787379,-0.0003852568769383419,0.4043003315590834
37.25,-0.014883490868506473,-87.24003053980005,-0.00039480770063969606,0.40563765415777153
37.5,-0.014983223284329997,-87.13845573005467,-0.000402924319985537,0.40696082407689926
37.75,-0.015085095506955585,-87.03654785860574,-0.0004119152646645946,0.4083021481918548
38.0,-0.015190621854795167,-86.93430663396407,-0.00043216096272567783,0.40962765053768047
38.25,-0.015303681483100937,-86.83173577104121,-0.0004721931305926713,0.41093925693020306
38.5,-0.015427117848519111,-86.72883706515105,-0.0005151691984287693,0.4122503939866035
38.75,-0.015560143698983368,-86.62561152430668,-0.0005489149734791282,0.4135539359476296
39.0,-0.015700345486694377,-86.52206069015485,-0.000572578109171204,0.4148527394167621
39.25,-0.01584330304453827,-86.41818179865815,-0.000570960881894525,0.4161783922278254
39.5,-0.015985500448824956,-86.31397157558928,-0.0005664865547225506,0.417503391728297
39.75,-0.01612729790012096,-86.20942887828633,-0.000567771058652855,0.41883818720983595
40.0,-0.0162692148697993,-86.10455192981775,-0.0005674344747447629,0.42017739967922546
40.25,-0.01640005724156666,-85.999345618321,-0.00047917359663497694,0.42147308391131266
40.5,-0.01651006998100879,-85.89381345442963,-0.00040080473687052753,0.42278421975904135
40.75,-0.016601044563835276,-85.7879551106584,-0.0003268621191710869,0.4240825227518884
41.0,-0.016672849116916716,-85.68176992472442,-0.0002474564085487435,0.4253989569566702
41.25,-0.01673415486795349,-85.57527415853548,-0.0002428777171989277,0.42656717211219375
41.5,-0.01679428461807759,-85.46848410606928,-0.00023805480998739803,0.4277532470744544
41.75,-0.016855166969026527,-85.36139803479657,-0.0002488983854561644,0.42893532388868877
42.0,-0.016918198913312064,-85.25401812981484,-0.0002552420584084336,0.4301039164069129
42.25,-0.016988319025322614,-85.14634313898743,-0.0003056089820068081,0.4312960151870146
42.5,-0.01706938075146908,-85.03837051994384,-0.00034277007068361787,0.4324849406362678
42.75,-0.017160993608452746,-84.93009979691186,-0.0003900165499100411,0.43368084790934047
43.0,-0.017262342670870783,-84.82153059705232,-0.000420662917719139,0.4348727533228889
43.25,-0.0173696152563753,-84.71266238592513,-0.0004374019513449373,0.43607293749007053
43.5,-0.017483153396646016,-84.60349221611924,-0.0004707946907347854,0.4372884245147926
43.75,-0.017604629393655626,-84.49401947717402,-0.0005008927746614211,0.43849348909736974
44.0,-0.017731015881290772,-84.38424467486487,-0.0005100843181178177,0.4397049299882182
44.25,-0.017847190139372752,-84.27416650100096,-0.00041919040918063366,0.4409204524583597
44.5,-0.0179395769582009,-84.16378607189478,-0.00031978169879078033,0.44212297039885445
44.75,-0.018008710448664967,-84.05310381963328,-0.00023316772889551973,0.4433350396878066
45.0,-0.01805716996479413,-83.94211881570908,-0.0001543983190034487,0.44454498494443395
45.25,-0.018096515568595047,-83.83083434102215,-0.00016025397216383463,0.4457308133910087
45.5,-0.0181364988319503,-83.71925278978752,-0.0001595064479692071,0.4469215969355861
45.75,-0.018177962217722506,-83.60737186150115,-0.0001720854487907708,0.44812583054005634
46.0,-0.018221413650916188,-83.495191869512,-0.00017541238521540103,0.4493141062363574
46.25,-0.01826352824632472,-83.38272044130531,-0.00016138761485579023,0.4504573172100145
46.5,-0.018300984204828546,-83.26996235727766,-0.00013814976509150811,0.4516073528475096
46.75,-0.018333217808574283,-83.15691707275778,-0.00011961382776577711,0.452754921892349
47.0,-0.018360189557625146,-83.04358374097787,-9.604750824990238e-05,0.4539117302456541
47.25,-0.01838994818263174,-82.92997901993289,-0.00014192274758137446,0.454926041660911
47.5,-0.01843179294505437,-82.81612052230743,-0.00019275075591257407,0.45594194467276106
47.75,-0.018487572450562328,-82.70200612231376,-0.00025338291633036913,0.4569732607850248
48.0,-0.018556814454406174,-82.58763364461485,-0.0003004580714623256,0.4580065654226184
48.25,-0.018633759934560793,-82.47299569863594,-0.0003150038709936187,0.4590970041386344
48.5,-0.018712830036752264,-82.35808626054002,-0.00031745594043947056,0.46017850055593873
48.75,-0.01879236020977075,-82.24290623684654,-0.0003186819879338748,0.46126168908184445
49.0,-0.01887062337872484,-82.12745379367198,-0.000307320714511089,0.46235785560436404
49.25,-0.018943126446188122,-82.01173294914292,-0.0002726092652587525,0.4634088975189534
49.5,-0.019008198426700294,-81.89575141320455,-0.00024787526145923777,0.4644433881214331
49.75,-0.019066801728966954,-81.77950987400818,-0.00022086085857794813,0.46548892347813375
50.0,-0.01911867911944819,-81.6630090460333,-0.000194057309596804,0.46651769731151754
50.25,-0.019160839432635822,-81.54626520402353,-0.00014314060122140593,0.4674330341783219
50.5,-0.019191191216757705,-81.42929300705237,-9.959420531426011e-05,0.4683445377967865
50.75,-0.019208261876196467,-81.31209078347777,-3.688709692623027e-05,0.4692732446232518
51.0,-0.01921138176040309,-81.19465705285783,1.2010792625583022e-05,0.47019659640933575
51.25,-0.01920456799522417,-81.07699761114327,4.2578594841927164e-05,0.4710789348377986
51.5,-0.019190986917129255,-80.95911594644163,6.615287160653682e-05,0.4719743807895925
51.75,-0.019169213636445567,-80.84101131618623,0.00010811891658742134,0.47286265733140503
52.0,-0.01913913818827966,-80.7226860417333,0.00013256904402948744,0.4737395357988505
52.25,-0.01911254854221344,-80.60413778106684,8.024230396577736e-05,0.47464655357090463
52.5,-0.019100377783292193,-80.48536202194798,1.7213383491948564e-05,0.4755595253408745
52.75,-0.019104232658589407,-80.36635841203896,-4.7960801064811376e-05,0.4764693591404814
53.0,-0.01912313107426893,-80.24712898508041,-0.00010314612621001307,0.4773660626391417
53.25,-0.019155592872818927,-80.12768007121687,-0.00015646042883557532,0.47822525353718615
53.5,-0.01919938183651896,-80.00801530751586,-0.00019376737401094468,0.47909285916958755
53.75,-0.019255164123498803,-79.88813432171521,-0.00025240636288610674,0.47995503247742693
54.0,-0.01932527359599875,-79.76803882704031,-0.0003084010461434916,0.4808089313137563
54.25,-0.01939891226756106,-79.6477274250176,-0.00028063185334557816,0.4816822827935385
54.5,-0.019465146484373454,-79.52719679894295,-0.00024916161080694443,0.4825627227687231
54.75,-0.019522396507774112,-79.40644462883031,-0.0002087610324422451,0.4834546349334005
55.0,-0.019569143710090543,-79.28546963418458,-0.00016512770599584614,0.4843453179912005
55.25,-0.01960660649631354,-79.16428217513027,-0.00013449130746913396,0.48515435075669894
55.5,-0.019637693153260503,-79.04289136884356,-0.00011413282809320802,0.4859720983852867
55.75,-0.019662604221002702,-78.92129664087022,-8.507994890497028e-05,0.4867857223160223
56.0,-0.01967974061248894,-78.79949718446268,-5.193331591128725e-05,0.4876099258577475
56.25,-0.01968716141978677,-78.67749230712246,-7.360070060566382e-06,0.4884290889642894
56.5,-0.01968156675230484,-78.55528418500751,5.218809100474009e-05,0.4892358827334697
56.75,-0.019660230067839155,-78.43287171327836,0.00011858391233396381,0.49006388501721404
57.0,-0.019624928842623183,-78.31025431662358,0.00016390236210708786,0.4908752829611723
57.25,-0.019582598585178128,-78.18743962608889,0.00017480849132962828,0.4916422403797235
57.5,-0.019536210339900502,-78.0644330862985,0.00019636764185269884,0.4924100760256917
57.75,-0.019485836340130024,-77.94123306981635,0.00020669846629095545,0.4931900549825943
58.0,-0.019432551409730294,-77.81783851956007,0.00021965529412894258,0.4939663455018503
58.25,-0.019374901059413564,-77.6942452565012,0.00024162812360699337,0.4947797567626533
58.5,-0.019311743754731926,-77.57044750279393,0.00026370490712711303,0.4956022710616045
58.75,-0.019241105124779327,-77.44644595596395,0.0003014783040169722,0.4964101004817589
59.0,-0.019160141500030144,-77.32224150865592,0.0003463094641210501,0.4972254739183472
59.25,-0.019075797701090132,-77.19784090479052,0.00032850939446256444,0.49797935825918377
59.5,-0.0189951154530935,-77.07325187215781,0.0003170286564292829,0.4987329028306853
59.75,-0.018917035661003678,-76.94847544764113,0.00030767342920502705,0.49947849475210376
60.0,-0.018842896251171273,-76.82350984880892,0.0002855215365071412,0.5002462969882888
60.25,-0.018764300027575852,-76.69835678400425,0.0003433245077967134,0.5009782152580864
60.5,-0.01867106935956656,-76.57302225574253,0.00040258040517389404,0.5016980057518954
60.75,-0.018563878859812834,-76.44750535790344,0.000455003223114106,0.5024371724897312
61.0,-0.018445048063252933,-76.32180502294925,0.0004957090267214415,0.5031655035488082
61.25,-0.01831949689112612,-76.19593537607912,0.0005087571128602753,0.5037916703373579
61.5,-0.01818895767513715,-76.06991089196568,0.000535619169469273,0.5044042001242948
61.75,-0.018051687918858132,-75.9437318006923,0.000562591762701653,0.5050285279021135
62.0,-0.017910189203081513,-75.81739847440289,0.0005694525032194919,0.50563808217861
62.25,-0.01777202642951827,-75.69090685878054,0.000535905024085237,0.5062948463665218
62.5,-0.01764214971027934,-75.56425213042672,0.000503171894303947,0.5069429832729556
62.75,-0.017521540640118845,-75.43743442849578,0.0004617523768825488,0.5075986367028885
63.0,-0.017409611257148083,-75.3104532736372,0.00043374519364201836,0.508250604270784
63.25,-0.0173076025100033,-75.18331385745442,0.0003823784240203909,0.508864730705092
63.5,-0.01721746654595749,-75.05602053147344,0.0003387696701728782,0.5094818810071664
63.75,-0.017139678423261546,-74.92857326143121,0.0002835908554550126,0.5100962844152374
64.0,-0.01707387776271562,-74.80097218405099,0.0002428792085458903,0.5107123379476356
64.25,-0.01701896419425063,-74.67321481212313,0.00019648841563030262,0.5113466426946994
64.5,-0.016975938845728775,-74.5452992019326,0.00014777636565459218,0.5119782430430946
64.75,-0.016945664866530232,-74.41722701702497,9.446923331855872e-05,0.5125992418835297
65.0,-0.01692840092636554,-74.28899949735049,4.370690493617213e-05,0.5132209197220701
65.25,-0.016912721247950502,-74.16063257524485,8.178098381023124e-05,0.5137144529457915
65.5,-0.016887859539529752,-74.03214192985949,0.00011715084872256087,0.5142107072876714
65.75,-0.016853476859304127,-73.90352642658708,0.00015794740905890337,0.5147133160820254
66.0,-0.016808579555698533,-73.77478793152167,0.000201276819412205,0.5151946400213018
66.25,-0.016757821864266026,-73.64592150971671,0.00020484721074166823,0.5157367336760106
66.5,-0.01670821292310621,-73.51691892971816,0.00019208272497009404,0.5162839067124108
66.75,-0.016661674175666732,-73.38777889762599,0.00018028245301682233,0.516836351054805
67.0,-0.016616794630073584,-73.25850103540718,0.00017880263249012152,0.5173865470732062
67.25,-0.016568270559509952,-73.12909095487275,0.0002094295499641824,0.5178940949008891
67.5,-0.016511775744614234,-72.99955308625209,0.00024258204925688143,0.5184088505241131
67.75,-0.016446931967297983,-72.86988700348522,0.0002762212714138429,0.5189198085085992
68.0,-0.016373424244880887,-72.74009127760495,0.0003118921188581675,0.5194459944935157
68.25,-0.01630051480873471,-72.61017527994078,0.0002714263411788542,0.5198819900593246
68.5,-0.01623923911012995,-72.48014875512197,0.000218822287032433,0.5203302132670395
68.75,-0.016189055010693065,-72.35001132449274,0.0001826894601546919,0.5207692349022368
69.0,-0.01615020899037257,-72.21976577029729,0.00012811330527669196,0.5211952053517757
69.25,-0.016111638080889532,-72.08941467734086,0.00018049753506345356,0.521613532523341
69.5,-0.01605934655747419,-71.9589609696092,0.000237873629998539,0.5220161237401922
69.75,-0.01599346410382807,-71.8284061252904,0.0002892270740355446,0.5224226273882075
70.0,-0.01591325617966506,-71.69774937578818,0.0003524778733552669,0.522831363189176
70.25,-0.015830801382514963,-71.56699624653103,0.0003071916501540539,0.5231936762374587
70.5,-0.015757832912528483,-71.43615183565278,0.00027659505918492533,0.5235616140795972
70.75,-0.015693073264556896,-71.30521627087363,0.00024151536995707656,0.5239229079169991
71.0,-0.01563725377978652,-71.17418983051518,0.0002050718586203426,0.524288618537124
71.25,-0.015581435641282056,-71.04307607803366,0.00024151182837460483,0.5246213976708282
71.5,-0.015518306650169822,-70.91187927299345,0.0002635584384572398,0.5249530407969115
71.75,-0.015448538035512936,-70.7806002919832,0.000294619636601795,0.5252788050885883
72.0,-0.0153714448321886,-70.64923834607505,0.0003221656793061939,0.5256167598696112
72.25,-0.0152982824206611,-70.5177831112967,0.00026316259304667855,0.5260251253805818
72.5,-0.015239042682655345,-70.38622664231708,0.0002107873371876845,0.5264266324445361
72.75,-0.015191435695337659,-70.2545699515645,0.00017011236133668284,0.5268268965940901
73.0,-0.015154812609936247,-70.12281209912369,0.0001229062141177989,0.5272359276064577
73.25,-0.015131667754808207,-69.99096188336544,6.228697309451636e-05,0.5275658031765263
73.5,-0.015123622854100117,-69.85902844308374,2.1120507069927186e-06,0.5279017243899056
73.75,-0.015129786158057873,-69.72701075156075,-5.138599087825546e-05,0.5282398134665754
74.0,-0.015150802721431418,-69.59490864699526,-0.00011670760415131987,0.528577027737093
74.25,-0.015183942562601187,-69.46272651810344,-0.00014838094971565685,0.5288800080008702
74.5,-0.015225698656484049,-69.33047019792627,-0.00018563898437724824,0.5291705558315721
74.75,-0.015277224164786265,-69.19813848769354,-0.00022653857864940452,0.5294831302992958
75.0,-0.015337858928406991,-69.0657284774192,-0.00025851590609853037,0.5297969552237874
75.25,-0.015396075652566723,-68.93324820234909,-0.00020719289588809475,0.5300452401304273
75.5,-0.015439641768676005,-68.80070464893961,-0.00014132402214876716,0.5303031819598573
75.75,-0.015467135083478497,-68.66809655357017,-7.860425232618373e-05,0.5305615764018201
76.0,-0.015479414342744774,-68.53542477559456,-1.9613879791130495e-05,0.5308126418923859
76.25,-0.015482986591836678,-68.40269648832407,-8.947010270612954e-06,0.5310136553943092
76.5,-0.015483331637881879,-68.2699180545217,6.209839041024234e-06,0.5312138136969796
76.75,-0.015480722663560539,-68.13708716202802,1.4684261547881494e-05,0.531433325189433
77.0,-0.015476125175638457,-68.00420225134336,2.2117105428071104e-05,0.5316459595260443
77.25,-0.015465603320020536,-67.87127092888367,6.207724168118267e-05,0.5318046158045173
77.5,-0.015447457030892205,-67.73830024415658,8.310176445200379e-05,0.5319608604189543
77.75,-0.015422548679708149,-67.60529027526148,0.00011618929131318456,0.5321188872545167
78.0,-0.015390156254982853,-67.47224162025461,0.0001429533516483228,0.5322703519677772
78.25,-0.015349793089780982,-67.33915120148983,0.0001799641278164288,0.5324529949724037
78.5,-0.01530089393321773,-67.20601475184858,0.00021123678722261008,0.5326385994673596
78.75,-0.015242060605345888,-67.07283480156605,0.0002594398987191687,0.5328009975031398
79.0,-0.015171814339243072,-66.93961344155669,0.00030254606390413274,0.5329698782460393
79.25,-0.015092555025746643,-66.80634681922179,0.00033154116024775027,0.5331630985922913
79.5,-0.01500648821780077,-66.67303045534932,0.0003570123855028279,0.5333678098382817
79.75,-0.014913883541275234,-66.53966304325294,0.0003838446250127997,0.5335714852339596
80.0,-0.01481363903702977,-66.40624419163613,0.00041813319754736844,0.5337793246904159
80.25,-0.014709421971916237,-66.27279288609775,0.00041560068198286115,0.5338311212903691
80.5,-0.014605678895790833,-66.13933026158472,0.00041434639792596595,0.5338698747569064
80.75,-0.014502196946980812,-66.00585821819942,0.0004135154495322896,0.5339064719478227
81.0,-0.014400138984672028,-65.8723753758142,0.00040295050095236207,0.5339562673244179
81.25,-0.014299169549390232,-65.738879537683,0.00040480483024502023,0.534010438502739
81.5,-0.014197380825492092,-65.60536944315763,0.0004095005184614475,0.5340703173177682
81.75,-0.014095354723405689,-65.47184522943473,0.0004067165474226503,0.5341233913700917
82.0,-0.013995089956433778,-65.33830805405519,0.000395409795576368,0.5341740123284542
82.25,-0.013892097490697992,-65.20475130024346,0.00042854863842037294,0.5342800139234922
82.5,-0.013782798114592876,-65.07116745347956,0.0004458567941279523,0.5343907585887865
82.75,-0.013666570671496327,-64.93755694683917,0.0004839760801820664,0.5344932902457588
83.0,-0.013540445015577546,-64.80392216453096,0.0005250402982159841,0.5345849645156286
83.25,-0.01341725965219371,-64.67027149795344,0.00046044365185564373,0.5346203741977472
83.5,-0.013308757574540359,-64.53661082401901,0.0004075768653708234,0.5346650222118264
83.75,-0.013212853205377788,-64.40293891064864,0.00035965814918791084,0.5347102892806729
84.0,-0.013131530689420346,-64.26925761559954,0.0002909175306662487,0.5347400783083476
84.25,-0.013066420036116801,-64.13557791655958,0.00022995570392719822,0.5346975205374241
84.5,-0.01301720281358735,-64.00190826370762,0.00016378045549540754,0.5346597083491316
84.75,-0.0129832873122211,-63.868249020503846,0.00010752827629785522,0.5346142437658723
85.0,-0.012965185258209925,-63.734600258839684,3.727859924398946e-05,0.5345758579260843
85.25,-0.01295525564188809,-63.60096742371841,4.2151475401125404e-05,0.5344868233637295
85.5,-0.012943915877783426,-63.467354776820194,4.855419998492372e-05,0.5344143516212401
85.75,-0.012931155555064789,-63.333761663458006,5.3521213327495376e-05,0.5343305542570328
86.0,-0.012916196342352838,-63.20018883951204,6.614552557891729e-05,0.5342520357552357
86.25,-0.012898472219218277,-63.06663361997973,7.563819061096044e-05,0.5341897198565395
86.5,-0.012875573052102351,-62.933093497868455,0.00010755030390434406,0.534131254443371
86.75,-0.012846333399334898,-62.799566986508424,0.000126358530849649,0.5340808356896982
87.0,-0.012811424954596789,-62.66605267493248,0.00015290917896843004,0.5340336542658181
87.25,-0.01277145073987539,-62.53255531590994,0.000166872640679383,0.5339452167950416
87.5,-0.012726578556666904,-62.39907975782089,0.0001921088203002963,0.5338592446201709
87.75,-0.012675573639849173,-62.265625187977705,0.00021591740958581962,0.5337773129823331
88.0,-0.012617731648151656,-62.13219284418515,0.00024681301131526667,0.5336814343796192
88.25,-0.012555847968647216,-61.99879153864617,0.00024824536817123766,0.5335290100328974
88.5,-0.012494087428230839,-61.86542958101479,0.00024581573045966143,0.5333666519232939
88.75,-0.012433056017945334,-61.73210747115454,0.00024243050265077004,0.5332102264910658
89.0,-0.01237515618448648,-61.59882399927908,0.0002207537282051808,0.5330575503283241
89.25,-0.012326757058691037,-61.46556991447134,0.00016643126791529572,0.5329751326419748
89.5,-0.01229220981848547,-61.33233605541421,0.00010993371991187273,0.5328957451287678
89.75,-0.012269414871969702,-61.199123052498464,7.242069997419331e-05,0.5328082809355663
90.0,-0.012258886358284678,-61.06593012891554,1.1799294525244308e-05,0.5327351134094913
90.25,-0.012257314035430893,-60.93277673581106,7.623303070330989e-07,0.532492031422949
90.5,-0.01226120974425878,-60.7996855030041,-3.195565791197508e-05,0.5322378343655205
90.75,-0.012271124304635847,-60.666655135131506,-4.738345786461928e-05,0.5320051111562033
91.0,-0.012284924110840683,-60.5336838779925,-6.303653050224178e-05,0.5317649478169837
91.25,-0.012306066240921744,-60.40076240746839,-0.00010611395409002022,0.531606819886586
91.5,-0.012336300578533554,-60.26788042200748,-0.0001357734716679465,0.5314490661672286
91.75,-0.012375980608331819,-60.135039744295426,-0.00018168814747554496,0.5312763608686242
92.0,-0.012427045710642536,-60.00224234370583,-0.0002268450897718044,0.531102847718041
92.25,-0.012471743774366644,-59.86948910643353,-0.00013075719715216483,0.5309230413564624
92.5,-0.01249193980368102,-59.7367829183638,-3.083324013490596e-05,0.5307264541463642
92.75,-0.012490037227256997,-59.6041254870006,4.603890569707114e-05,0.5305329893024784
93.0,-0.012466122230464711,-59.47151434553029,0.00014526920173779656,0.5303561330647414
93.25,-0.01243456735226997,-59.3389567250227,0.00010715015679875484,0.5301048344388409
93.5,-0.012412009758869115,-59.20646301833637,7.328276783702403e-05,0.5298448241256919
93.75,-0.01239700148907249,-59.07403234634839,4.6763637851665596e-05,0.529600553529047
94.0,-0.01238866108260148,-58.94166275140385,1.993257083805766e-05,0.5293562085910759
94.25,-0.012382379231738405,-58.809364548187055,3.030488649685692e-05,0.5290294158258692
94.5,-0.012373334269755037,-58.6771491633441,4.201820305531345e-05,0.5286936614902391
94.75,-0.012360237402411215,-58.54501771231874,6.271747811217865e-05,0.5283579455797766
95.0,-0.012344160773071041,-58.41296886422336,6.58658487155267e-05,0.5280328384499403
95.25,-0.012324174220283335,-58.281000361425214,9.399331524842514e-05,0.5277151810333163
95.5,-0.012299478408975292,-58.14911173833647,0.00010353690280479055,0.5273938030922816
95.75,-0.012271928568651894,-58.017302230202056,0.00011683685242903918,0.5270822597967764
96.0,-0.01224086318176286,-57.88557299045532,0.00013165049164150233,0.5267516567192722
96.25,-0.012205366746062714,-57.753930602058006,0.00015228708186687534,0.5263874479649446
96.5,-0.012163147974219664,-57.62238051734599,0.00018542378888258826,0.5260132264633706
96.75,-0.012112046347370656,-57.4909238516733,0.00022335643120931226,0.5256400941628055
97.0,-0.012053485583154609,-57.35955852588194,0.00024510679620762255,0.5252825084468985
97.25,-0.011989175038804586,-57.22829169881551,0.0002693432913654231,0.5248521046424398
97.5,-0.011921713791752952,-57.09713099163963,0.0002703086702294383,0.5244335538087975
97.75,-0.011852313611029206,-56.96607612652854,0.0002848504591900225,0.5240053653727892
98.0,-0.011779571784131436,-56.83512906566413,0.0002970462229187065,0.5235711193821989
98.25,-0.011704608115658741,-56.70428345634378,0.00030262599732101825,0.5231937547613034
98.5,-0.01162874860536824,-56.57353281639984,0.00030422068801572166,0.5228113639625176
98.75,-0.01155036678982832,-56.442877540367604,0.0003228046730849171,0.5224308425939991
99.0,-0.011469443051316327,-56.312318949877756,0.0003245420642609409,0.5220378826102161
99.25,-0.011394140399138422,-56.181870576969246,0.0002778365608124972,0.521549104322787
99.5,-0.011329215388729906,-56.05154718937407,0.0002415045861129117,0.5210380018121461
99.75,-0.011274415887507314,-55.92135046081746,0.00019684718743606666,0.5205358300239241
100.0,-0.011228261320919536,-55.79127862837032,0.0001723399823566063,0.5200388312630635
100.25,-0.011178038924747719,-55.66133524778567,0.00022939769587634884,0.5195082064568561
100.5,-0.011116468966423694,-55.53152542174351,0.00026310581172238334,0.518970398819257
100.75,-0.011045956537453517,-55.4018495312489,0.0003009453316861893,0.5184367207716013
101.0,-0.01096609855774118,-55.27230507904197,0.00033786852758578567,0.5179188936062291
101.25,-0.010883672899749742,-55.14288435334252,0.00032149791377476117,0.5174469135114931
101.5,-0.010804167623316013,-55.01358105307179,0.0003144949852311868,0.516979491170684
101.75,-0.010729231983141711,-54.884393857427746,0.0002849408978713233,0.5165180777202798
102.0,-0.010658845347673241,-54.755321504291885,0.0002780963895357355,0.5160607491831786
102.25,-0.010588532397692571,-54.62636870481387,0.0002843683374476602,0.5155616446364784
102.5,-0.010514163059755303,-54.49754162824016,0.0003105355809754143,0.5150549653134652
102.75,-0.010434849864023371,-54.36884253623396,0.0003239307347934692,0.5145377685261595
103.0,-0.010352212813696226,-54.240269913751916,0.00033711208657834224,0.514043211071178
103.25,-0.010265856905094668,-54.11183463756818,0.0003536856301372057,0.5134389957321321
103.5,-0.010174034025776102,-53.98355010342418,0.00038084386601076187,0.5128372745133701
103.75,-0.01007650525655158,-53.855414672114456,0.00039933676693507114,0.512246174645177
104.0,-0.0099737248335725,-53.72742943463495,0.00042285349019452467,0.5116357228962529
104.25,-0.009861472628484266,-53.59959338008585,0.00047511581426588206,0.5110527063669763
104.5,-0.009736204131543167,-53.47190392788433,0.0005269892181254399,0.5104629050163706
104.75,-0.009597119964252108,-53.34436145533648,0.0005856200156339891,0.509876870914344
105.0,-0.009445558375249756,-53.21696621202329,0.0006268235778912334,0.5092850705843232
105.25,-0.009296992680568529,-53.08971792577767,0.0005616451936190509,0.5087012258342035
105.5,-0.009163045003027611,-52.96261789126087,0.0005098746123165243,0.5080990554746225
105.75,-0.00904231489135903,-52.835667432985204,0.0004559015897479188,0.5075046165382286
106.0,-0.008936594180355023,-52.708866993220724,0.00038980187563704416,0.5068989083214248
106.25,-0.008835595476601354,-52.58221716815056,0.00041812119294445255,0.5062996896394426
106.5,-0.00872815330068591,-52.455717234979446,0.00044135522086221485,0.5056997742930006
106.75,-0.008615790093432772,-52.32936806185889,0.0004574886147062848,0.5050936107326179
107.0,-0.008499282831969225,-52.20316902196489,0.00047451953720630685,0.5044987060467286
107.25,-0.008387314786680129,-52.07712670983193,0.0004211694332955235,0.5038397954601916
107.5,-0.008288416146386986,-51.951247148968434,0.0003699572877412516,0.5031966965760285
107.75,-0.008200584489779835,-51.82552772460697,0.00033263200618720984,0.5025587026141114
108.0,-0.00812200519935587,-51.69996852378298,0.00029593502600060856,0.5019149085467718
108.25,-0.00804854892184699,-51.57457421788367,0.00029165849138097777,0.5012395373616656
108.5,-0.007976941373819211,-51.449346444934974,0.00028113905112330667,0.5005826479628493
108.75,-0.007908116718581172,-51.324282814416186,0.00026939953133910816,0.4999263956935917
109.0,-0.007842430380369051,-51.19938550163629,0.00025602081658486486,0.49925210937966463
109.25,-0.007781499738961194,-51.07465931826611,0.0002313602466010034,0.4985573588074319
109.5,-0.007727402158786983,-50.95010839820635,0.00020135318347300202,0.4978500038003186
109.75,-0.007681782648885141,-50.82573450688528,0.00016353578282563702,0.4971411297498822
110.0,-0.007645433729434031,-50.70153595351857,0.00012718228144972116,0.4964473019587113
110.25,-0.007614686237507334,-50.57752711536685,0.00011873140338668903,0.4956234026907214
110.5,-0.007584963094563978,-50.45372257853623,0.00011897515689199278,0.49481289173240317
110.75,-0.007555565155367577,-50.33012268307772,0.0001161380855534272,0.49398627053514993
111.0,-0.007528211294751253,-50.20672841281764,0.00010261002660860025,0.49316789321510635
111.25,-0.00750399140558071,-50.08353616318062,9.106485549702226e-05,0.49237010596082204
111.5,-0.007483002476220115,-49.960543865790804,7.677801297006209e-05,0.49156827410046067
111.75,-0.007466843133717151,-49.83775183779071,5.242289241859377e-05,0.49076795233975207
112.0,-0.00745685159867905,-49.71515912142244,2.7439161304050608e-05,0.4899737800924466
112.25,-0.007457644316667129,-49.592770741281115,-3.386316549877644e-05,0.4891332677167278
112.5,-0.007473911399667999,-49.4705945224234,-9.635632300916686e-05,0.48827648874265345
112.75,-0.007508468672717327,-49.34863158913486,-0.00018018426839765816,0.487426986321818
113.0,-0.007561675932944235,-49.22687947606967,-0.00024554829517806076,0.48658992479660235
113.25,-0.007623809353414864,-49.105344248889786,-0.0002515945907618014,0.4856918914974351
113.5,-0.007687701884511267,-48.98403400169324,-0.000259631980598328,0.4847900871729331
113.75,-0.00775187445289037,-48.86295104691039,-0.00025383402308377934,0.4838735507220467
114.0,-0.007816514118524489,-48.742095847520375,-0.0002633616065686392,0.4829680449474736
114.25,-0.007880176269011042,-48.62145843356362,-0.00024601657496549356,0.48213126541120244
114.5,-0.007939851485464682,-48.50102993179095,-0.000231474797768777,0.48129674975413544
114.75,-0.007994806036703724,-48.380810483656646,-0.00020824179569179507,0.4804588342716892
115.0,-0.008046928844742385,-48.26080191896804,-0.00020882193845385422,0.47960968314862656
115.25,-0.008097707419684616,-48.14101087488406,-0.0001974996385882971,0.47871866904919946
115.5,-0.008146987653388274,-48.0214418238007,-0.00019682255574986207,0.47783373884263003
115.75,-0.008195089992389921,-47.902094215882556,-0.00018808328427640658,0.4769471243287799
116.0,-0.008240506989658261,-47.782968197373805,-0.00017533822610260597,0.47606102206326545
116.25,-0.008284138102013065,-47.66406689819471,-0.0001737969546410853,0.4751493713257639
116.5,-0.008327491526419692,-47.54539270455976,-0.00017311361677126852,0.4742441771847667
116.75,-0.008370779687848317,-47.426944931481984,-0.00017327006046526788,0.47333800666404235
117.0,-0.008415934519580066,-47.30872589963363,-0.00018805052418723045,0.47241424874697113
117.25,-0.008451377508205786,-47.19074415157378,-9.557504218806606e-05,0.4714397254362947
117.5,-0.008464789524624714,-47.07300555533584,-1.182083672774531e-05,0.47046903701790455
117.75,-0.008457912287278092,-46.955511462580546,6.674891243685366e-05,0.4694836969028581
118.0,-0.008430576498139502,-46.838261940532135,0.00015184511811176804,0.46851247144035174
118.25,-0.0083902019122678,-46.72125771156308,0.00017105638648844818,0.4675213607613391
118.5,-0.008344791420393188,-46.6045016681678,0.00019214527223187367,0.4665269822132031
118.75,-0.008293835130853295,-46.487992302078425,0.00021541402790526548,0.46554794397471194
119.0,-0.008236825703104593,-46.371730288013914,0.00024056272233941023,0.46454816770683366
119.25,-0.008173777131530481,-46.25572713654623,0.00026372468512057823,0.46347704308066134
119.5,-0.008104646488773768,-46.139992890576494,0.0002892168548491933,0.4623969224543399
119.75,-0.008031751431481793,-46.024527487035016,0.0002938524289666372,0.4613263038973366
120.0,-0.007955460551214072,-45.90933083650186,0.0003163751749093585,0.4602468969720316
120.25,-0.007875886501975333,-45.794400307376705,0.0003201131862619472,0.4591973356264762
120.5,-0.007797428536003112,-45.67973396806442,0.0003074422094444043,0.45813338006389726
120.75,-0.0077231323543371835,-45.56533340048038,0.00028683000230622646,0.4570711628836547
121.0,-0.00765255801918637,-45.45119828208584,0.0002776691173509496,0.4560097845533327
121.25,-0.007583702657794154,-45.33732767769284,0.0002730726658024332,0.45495505164654354
121.5,-0.007514928920064981,-45.22372097317567,0.0002770240413321884,0.4538985836872277
121.75,-0.007446780055364114,-45.11037767135847,0.00026806758758866206,0.4528478328538327
122.0,-0.007381358623038909,-44.9972964011216,0.000255203637886281,0.4518023309968795
122.25,-0.007310208218365911,-44.88449195617667,0.0003138973474865886,0.4506332217345336
122.5,-0.007226282653904876,-44.77197746722508,0.00035739158044299085,0.4494826850002547
122.75,-0.007132351076966404,-44.659753215338824,0.00039395730033512516,0.4483113255207045
123.0,-0.007028844739082153,-44.54781948952779,0.00043397987254878423,0.44715847763615496
123.25,-0.006929911736375247,-44.43616961673218,0.0003573766024276073,0.4460405119964977
123.5,-0.006850980652513182,-44.32479876397362,0.0002739708985207909,0.44492631575818686
123.75,-0.006790450826383807,-44.21370478188547,0.00021017012832175164,0.4438255457158579
124.0,-0.006748152201340605,-44.10288593980525,0.00012810938761784185,0.44272519893011303
124.25,-0.006711331493533894,-43.99235267289083,0.0001663476699168484,0.4415409320934931
124.5,-0.006664019076309738,-43.882115935743826,0.0002120397699933163,0.4403529598071313
124.75,-0.006606120223454608,-43.77217512739925,0.0002510452667282767,0.4391735030279334
125.0,-0.006537762289741262,-43.66252856876551,0.00029571116176983075,0.43799896104473657
125.25,-0.006470710097825463,-43.55317432623327,0.00024059467103048487,0.43683498471310195
125.5,-0.006416526230356335,-43.444111672896966,0.00019276444269510085,0.4356662467934109
125.75,-0.00637517795415793,-43.335342649139754,0.00013791643616473115,0.4344859476863133
126.0,-0.006345989344740808,-43.22686892785056,9.547694518740463e-05,0.43330382779193444
126.25,-0.006318340160209931,-43.11869550692159,0.00012559815352563425,0.4320835384275163
126.5,-0.006285011768059686,-43.01082653501076,0.0001409157847443998,0.43086823610930747
126.75,-0.0062456844805709715,-42.90326195040124,0.00017359501393719723,0.4296484362642812
127.0,-0.006199161606886725,-42.796001855106894,0.00019846523676484568,0.42843232558790567
127.25,-0.006145887183916075,-42.689043855793884,0.00022762147334706023,0.4272316662383664
127.5,-0.0060871543295404375,-42.58238625262167,0.0002421374895775763,0.42602915718544054
127.75,-0.006024337407827992,-42.476028814615844,0.0002602810130950192,0.42483034562836036
128.0,-0.00595687311145274,-42.36997082852595,0.0002793192763880445,0.4236335420843484
128.25,-0.0058868666693098915,-42.264221095858936,0.0002806144441284894,0.422364317986411
128.5,-0.005816689475563623,-42.15878601276921,0.00028068417542894547,0.4211163469186987
128.75,-0.005746610362801667,-42.05366441190162,0.0002798244882113582,0.4198564613727283
129.0,-0.005674845546268871,-41.948859255308754,0.00029417308575946377,0.4185847903598597
129.25,-0.005606007232566978,-41.84437834429727,0.0002564063338918454,0.41726250140882987
129.5,-0.005544935016365406,-41.74022777279543,0.00023204244707106247,0.4159420734455955
129.75,-0.005490450023985407,-41.63640674571838,0.00020370910057784103,0.41462614493403693
130.0,-0.005444366905676441,-41.53291361478236,0.00016483808317754173,0.4133189052430974
130.25,-0.005400388551272543,-41.42975353852395,0.00018685028507547247,0.41196170492535544
130.5,-0.0053483514192301275,-41.326934660838965,0.00022931020875954777,0.4105893135018138
130.75,-0.0052867723786618765,-41.22445866631322,0.0002631892863918586,0.4092186393404756
131.0,-0.005217519548860806,-41.1223250837728,0.00029070763880131856,0.4078500181812573
131.25,-0.005148590488608917,-41.02053323595028,0.0002605931597252434,0.4064847677113833
131.5,-0.005086043503292743,-40.91908333865482,0.00023965296179956352,0.4051144120557823
131.75,-0.005028039838483642,-40.81797448692903,0.00022424648354464616,0.40375640468458085
132.0,-0.004975390464926846,-40.71720737126455,0.00019681297305091522,0.40238052538516544
132.25,-0.004927410326102808,-40.61679281996832,0.00018688662531263917,0.4009358866184615
132.5,-0.004884737281321544,-40.516739058866044,0.00015436345863734102,0.3994942049065203
132.75,-0.0048491827073622205,-40.41704675046917,0.00012993781219456518,0.39804426391530046
133.0,-0.004820214650600107,-40.31771470084778,0.00010167795121530931,0.39661213325968986
133.25,-0.004797525572571651,-40.21874359364992,7.969325061635973e-05,0.39515672645798633
133.5,-0.004779215506716658,-40.12013693414471,6.665051874128053e-05,0.3936965500226861
133.75,-0.004764168293972982,-40.02189405202458,5.358923683234512e-05,0.3922465089684847
134.0,-0.0047523771671802925,-39.924016167486265,4.059687214785779e-05,0.39077656909965297
134.25,-0.0047484627758633885,-39.82650881564894,-9.436016212761855e-06,0.3892822524279761
134.5,-0.004757945789001747,-39.72937571756625,-6.655783997962933e-05,0.38778253504093857
134.75,-0.004780016175327292,-39.63261728160464,-0.00011015852513217295,0.38628495885910047
135.0,-0.004814715880516846,-39.53623422113769,-0.00016758244139555845,0.3847795304924864
135.25,-0.0048480659568771525,-39.44022468469098,-9.934673001946864e-05,0.383296752775668
135.5,-0.004866247412583799,-39.34458505551721,-4.624599144997105e-05,0.3818202745913132
135.75,-0.00487159107706593,-39.24931484941041,3.3529578631480428e-06,0.3803413706602618
136.0,-0.004862084073750865,-39.15441421571257,7.256294490898957e-05,0.37886369262044234
136.25,-0.00484156432128229,-39.059890212454604,9.145004681387209e-05,0.37732833162409146
136.5,-0.004818450683223382,-38.965747954437454,9.332199093379373e-05,0.3758097313607084
136.75,-0.004792368153999789,-38.87198512723912,0.00011519839259600817,0.3742928846134208
137.0,-0.004762330958702707,-38.77860223931361,0.00012495417861766583,0.3727702185697245
137.25,-0.004726946049879599,-38.685602012472245,0.00015797177303984722,0.3712315940440036
137.5,-0.004682724530004867,-38.592989433422225,0.00019564495250590924,0.3696690362289637
137.75,-0.004630331530319721,-38.5007663747429,0.00022334598342951123,0.3681154318564547
138.0,-0.0045691584828853275,-38.40893290419464,0.00026589178079926973,0.36655232611626815
138.25,-0.004503912151754076,-38.31748780223376,0.0002559323704982644,0.36500848748380343
138.5,-0.004439953200742982,-38.22642707491077,0.0002555868762776081,0.3634773311282803
138.75,-0.004376648716719978,-38.1357482853605,0.0002506973625059569,0.3619529872721186
139.0,-0.00431591345129291,-38.04545179666731,0.00023504400252326307,0.3604189238800402
139.25,-0.004252190306955823,-37.95554809732722,0.00027459369225511787,0.358810665344252
139.5,-0.004179065506620742,-37.86604908657066,0.0003102519038513246,0.3571814164760291
139.75,-0.004095777487937426,-37.776957313732595,0.00035590214169836654,0.35555276258823104
140.0,-0.004000571178157824,-37.688270738526946,0.0004056023857154645,0.35393983323998807
140.25,-0.003907676867822375,-37.59999958243599,0.0003373857750634743,0.35222942164534465
140.5,-0.0038320801807329714,-37.5121547014642,0.0002672368164858274,0.3505296320569769
140.75,-0.003774279655615167,-37.424735419512345,0.00019500976269717224,0.34882462948096166
141.0,-0.0037371703592707995,-37.33774347201471,0.00010170550745424584,0.34711095714315876
141.25,-0.0037144521256271363,-37.25117503357569,7.988876827970393e-05,0.34543655007382357
141.5,-0.003695508053471592,-37.165026874915064,7.150360983943643e-05,0.3437487196515784
141.75,-0.0036810640902671067,-37.07929881093994,4.389322921134753e-05,0.3420757908646018
142.0,-0.0036728048053294732,-36.99399154828538,2.202210685203071e-05,0.3403823114857102
142.25,-0.0036657675259047823,-36.90911429447327,3.411129636694127e-05,0.33863571761756994
142.5,-0.0036563598374847123,-36.82467385027515,4.098748959148468e-05,0.3368878328304117
142.75,-0.0036454975091950565,-36.740671619744106,4.574109571511137e-05,0.33513001410625604
143.0,-0.003631574210508323,-36.65710758143354,6.548271391442623e-05,0.333382288155624
143.25,-0.003614423712659991,-36.57398347659974,7.15567131296252e-05,0.3316105501541264
143.5,-0.003596809228848477,-36.4913011218422,6.918772786627253e-05,0.3298482897402508
143.75,-0.003577749899833776,-36.40905990184325,8.312241524640468e-05,0.3280814678125497
144.0,-0.003555901519259562,-36.327260274937515,9.150595735695627e-05,0.3263155446060197
144.25,-0.003530674397511065,-36.245903640299524,0.00011014915505339756,0.3245375290090824
144.5,-0.003500547385009096,-36.16498983869993,0.00013069714185797582,0.32277288322159253
144.75,-0.0034682386257985495,-36.08451716013812,0.00012760201202521165,0.3210085456780027
145.0,-0.003437062653954666,-36.004487534709334,0.00012162872792111784,0.31922846034247493
145.25,-0.003402224197291952,-35.92489624048867,0.00015691070825159248,0.3175018896189242
145.5,-0.003357789367264072,-35.84573564907211,0.00019840848623416119,0.315782838222707
145.75,-0.0033020189639335557,-35.767005634087866,0.0002475891249874365,0.3140572768110248
146.0,-0.003235655665565135,-35.688706551486554,0.00028315819818503646,0.31233538226908225
146.25,-0.00316896065579963,-35.61085228976813,0.0002502303698755301,0.3104987122320178
146.5,-0.00310939042490901,-35.53345910877735,0.00022615576819026706,0.308646736891385
146.75,-0.0030561822329889,-35.45652788448528,0.0001993400871837525,0.3068030600579813
147.0,-0.003009047545231293,-35.38005661403676,0.00017756650004062402,0.30496710483193873
147.25,-0.002963890384553419,-35.30403920519694,0.00018351704348549408,0.30317216477172165
147.5,-0.0029149598951159206,-35.22847217811961,0.00020775758583659043,0.3013640506999001
147.75,-0.0028597929308343734,-35.15335609046683,0.00023340750283985107,0.29956464763279006
148.0,-0.0028005366961959596,-35.078689845567794,0.00024047611333625346,0.2977653078760199
148.25,-0.0027386900458275664,-35.0044857610804,0.0002541270803457507,0.29586736683654635
148.5,-0.002674489557394705,-34.93075720562704,0.0002592928195553276,0.2939610796805965
148.75,-0.00260755810706318,-34.85750408280451,0.0002759847246516442,0.2920639010436847
149.0,-0.0025389331671261616,-34.78472723769919,0.00027283643597909857,0.29015086060223627
149.25,-0.00246550898554124,-34.712422402178845,0.0003143840774416512,0.2882878191641068
149.5,-0.0023806504612866692,-34.64058450172969,0.00036429829113495543,0.2864153812929602
149.75,-0.00228432155539619,-34.56921355284319,0.00040616094824558885,0.2845522068584712
150.0,-0.002177504505716739,-34.4983087486501,0.00044820749962751205,0.2826862209709897
150.25,-0.002062809477613043,-34.427875952335256,0.00046916528421115516,0.2807761482223173
150.5,-0.0019433748268206175,-34.35792171642042,0.00048612351238951773,0.27885773765919475
150.75,-0.0018195904580748695,-34.28844709660926,0.0005039756334141374,0.2769392175848369
151.0,-0.0016917427886625638,-34.21945327017632,0.0005186270801035356,0.2750113947869869
151.25,-0.0015699474142808418,-34.150946180387926,0.00045555123284578974,0.2730453294624933
151.5,-0.0014639772825812583,-34.08293063098173,0.0003920315532052604,0.27107907022662325
151.75,-0.0013736904309186555,-34.01540384678627,0.00033007788087145024,0.269135207372021
152.0,-0.001298038682331443,-33.948362784272476,0.0002749491353698022,0.26719329811542264
152.25,-0.0012273487361594937,-33.88181781977855,0.00029038209249653696,0.26516641633346394
152.5,-0.0011525023849984842,-33.81578035929184,0.0003081880369117662,0.26313326595041575
152.75,-0.0010740931262005658,-33.75025181530058,0.00031890059789279473,0.26109508537163123
153.0,-0.0009933621717748585,-33.685233553310546,0.0003267608183185333,0.2590510082704491
153.25,-0.0009104758948330955,-33.62072755615157,0.0003361450323220577,0.2569969676504066
153.5,-0.0008261710806684357,-33.556733073455334,0.0003380930941957114,0.2549588971986559
153.75,-0.000741470974605804,-33.49325025740948,0.0003393097186720692,0.2529036311348279
154.0,-0.0006553941507852706,-33.43028074694009,0.00034910880972157526,0.2508524519949681
154.25,-0.0005693131236943327,-33.36782478861922,0.0003393438217038705,0.24879521523351308
154.5,-0.00048582240695948316,-33.30588166813968,0.00032839455266173156,0.24674974998454224
154.75,-0.0004054314225678403,-33.24445150914013,0.00031453415426062337,0.24469152272094488
155.0,-0.0003291954744169466,-33.183535651989864,0.00029516610485957884,0.24263533581338464
155.25,-0.00025692225820669293,-33.12313442555828,0.00028283329713764405,0.24057447514148397
155.5,-0.00018738198898953325,-33.0632482060426,0.0002732990360007209,0.2385152810425251
155.75,-0.00012201400516492453,-33.00387809440757,0.00024944604045637475,0.23644561222731988
156.0,-6.265292378889195e-05,-32.945024057819815,0.00022524920803713294,0.23438668481101707
156.25,-2.3541486966516653e-06,-32.88669427203273,0.0002569422496691426,0.23225159997431688
156.5,6.399658170559813e-05,-32.82889781341143,0.0002736603795257461,0.23012006936341217
156.75,0.00013386280671300326,-32.77163196640307,0.00028507793139005005,0.22800670436041
157.0,0.00020591563950758316,-32.714895051326145,0.0002911432270294792,0.22588861335250748
157.25,0.0002831699587276742,-32.65869412598617,0.00032669363687082287,0.2237187823241184
157.5,0.00036794176635685644,-32.603037581659294,0.0003512802640660284,0.22153356949045333
157.75,0.00045718397253891074,-32.54792673590126,0.00036245142579969386,0.2193531955695164
158.0,0.0005490414024681017,-32.493362379334215,0.000372204187552419,0.21716165584366565
158.25,0.0006436257698815754,-32.43933628936467,0.000384276234387991,0.21504706180424638
158.5,0.000740967414669173,-32.38583898956765,0.0003942638344944169,0.21293133638385375
158.75,0.0008393933455499575,-32.33286876051277,0.00039294333746219684,0.21083049401888923
159.0,0.0009381375365840913,-32.28042604090184,0.0003968097193540743,0.20871126406703855
159.25,0.0010349894011730928,-32.22851551727081,0.0003778033478636367,0.20657292633448537
159.5,0.0011263160842709167,-32.17714025357975,0.0003526110131280777,0.2044291846508951
159.75,0.001211545221658007,-32.1263003136057,0.00032903305608342204,0.20229033369903118
160.0,0.0012928683548515956,-32.07599632814678,0.00032134888884616936,0.20014154821626887
160.25,0.0013736955809803787,-32.02623752172289,0.0003250606479175411,0.19792890422195503
160.5,0.0014547062698348006,-31.977032493070748,0.0003228158380529783,0.19571132641471034
160.75,0.0015362989898985322,-31.9283829175604,0.0003297203167100457,0.1934852762559004
161.0,0.001618791732752694,-31.880289546256527,0.0003300167532737097,0.19126169112791186
161.25,0.0016957260648659328,-31.832760222616418,0.0002852457520727339,0.1889729043804567
161.5,0.001760572586424934,-31.785800581916046,0.00023332250199453036,0.18670422383022472
161.75,0.0018132435287744474,-31.739410234373842,0.00018783031570735603,0.18441855997722087
162.0,0.001853484713903509,-31.693591545370424,0.0001338831513960359,0.18213095775707
162.25,0.0018887219091948825,-31.64834764778115,0.00014779875229833928,0.1798202192662876
162.5,0.0019258189110848219,-31.60368280132048,0.00014875299827175198,0.17749855455433303
162.75,0.001965336168407055,-31.559599155979182,0.00016716490124144,0.17517060552959782
163.0,0.002007564002723117,-31.516097621151214,0.00017043877764650467,0.1728416720845294
163.25,0.0020520282482919005,-31.473170281898167,0.00018506122964297156,0.17057704099139817
163.5,0.0020975365317458675,-31.43080911396472,0.00017879085808410883,0.16831230395534286
163.75,0.0021433798025764328,-31.389013344753057,0.00018773909306255693,0.16605385166990091
164.0,0.00219179935928764,-31.347782006167343,0.00019941235976089766,0.16379685654555345
164.25,0.0022363699268160295,-31.3071226144863,0.0001569364900969039,0.16147828223205749
164.5,0.0022694251947855616,-31.267040215586526,0.00010728463884726591,0.15918091185760697
164.75,0.002290876019210141,-31.22753415278836,6.411644016861284e-05,0.15686759168867476
165.0,0.002300273141766137,-31.188606844300853,1.0844163190630585e-05,0.1545508824771914
165.25,0.0023091482835159425,-31.150259153817217,5.993077422078441e-05,0.15223063595650216
165.5,0.0023283470114018783,-31.112492612922086,9.343299026137036e-05,0.14990168984722207
165.75,0.002357749635503222,-31.075307559857833,0.00014155833960931286,0.14757873068677654
166.0,0.0023975369025316076,-31.03870495992272,0.0001765193315125535,0.14524206314960347
166.25,0.0024404832244120963,-31.00269179114158,0.00016682079628106,0.14286328689550312
166.5,0.0024803922479654703,-30.967274392481798,0.00015222888810949298,0.14047590292210846
166.75,0.002516398856411266,-30.93245400415225,0.00013560245726720876,0.13808720325015034
167.0,0.0025485246773671202,-30.898229457353988,0.00012117750696499091,0.13570917230304697
167.25,0.002580759845543674,-30.864607744912657,0.00013648037859748108,0.13326452482709525
167.5,0.002617233903974549,-30.831594923311872,0.00015507873312446685,0.13083804796784088
167.75,0.0026572092540117585,-30.79918994989698,0.00016449514639540336,0.12840173610886052
168.0,0.00270058094154858,-30.76739466613006,0.000182254949136873,0.12596053023896084
168.25,0.0027378994381672024,-30.73620424507101,0.00011606493744548835,0.12356284563319064
168.5,0.0027596878589927773,-30.705614486372923,5.802079476140837e-05,0.12115522915527345
168.75,0.0027656647079387663,-30.675627932158932,-1.0433727430501916e-05,0.11873720991313268
169.0,0.0027546971617622685,-30.646245881723708,-7.75345464619076e-05,0.11631919945860052
169.25,0.002740159808566472,-30.617486139025758,-3.900045777051331e-05,0.1137587361755412
169.5,0.002736576171132061,-30.589365686441973,1.0092296155991831e-05,0.1112048786758007
169.75,0.0027453686337425144,-30.561884461814454,6.0001835323779396e-05,0.10864491487179959
170.0,0.0027655936268986864,-30.535043562825404,0.00010155988198613797,0.10608227298483969
170.25,0.0027935494657141315,-30.508844103091015,0.00012184416815282095,0.10351340345255017
170.5,0.0028265341157363466,-30.483287271132873,0.00014178322936615056,0.1009412512627481
170.75,0.002863054025505447,-30.45837578141904,0.0001501332698481614,0.09835066281893654
171.0,0.00290231835018183,-30.434110866266533,0.00016373353059950801,0.09576865894967379
171.25,0.0029506460982150493,-30.41048761533246,0.0002226375036271655,0.0932173476832038
171.5,0.0030122168197610527,-30.387499623410974,0.00026968830450269793,0.09068658287767416
171.75,0.0030869043023628116,-30.36514657677788,0.0003275680273563328,0.08813778412272867
172.0,0.00317467983751013,-30.343429229451022,0.0003744035943495788,0.08560098835111495
172.25,0.0032639017630577906,-30.32234728915904,0.00033913373650623635,0.08305453791653082
172.5,0.003342411337322354,-30.301901320137386,0.0002887006098251099,0.08051321979651635
172.75,0.0034091422323062723,-30.282092427998812,0.0002449146869424393,0.07795792163097136
173.0,0.003465351871803817,-30.26292289169671,0.00020452340976575417,0.07539837208154787
173.25,0.0035167912800907067,-30.244407308864478,0.0002067422419891468,0.07272629103206467
173.5,0.0035684599130962644,-30.22655839819148,0.00020635921384238448,0.07006499180832493
173.75,0.003620666142363637,-30.209376361799908,0.0002110401486647151,0.06739129903825279
174.0,0.0036728033223577547,-30.192861832330944,0.00020580857727930946,0.06472493761223741
174.25,0.003718585286377844,-30.177010874810726,0.00016019186027425164,0.062082729924809905
174.5,0.003752925272381631,-30.161820159285032,0.00011428490634589339,0.05944299694823283
174.75,0.0037773899119070376,-30.147288304336982,8.117601190393842e-05,0.05681184636080017
175.0,0.003793076894355751,-30.133413311915632,4.407423643276037e-05,0.05418809809539509
175.25,0.003797112291505054,-30.12020043995295,-1.2043736435637942e-05,0.05151488174002251
175.5,0.003788198690675308,-30.10765623344542,-5.951890464148124e-05,0.04883877366221283
175.75,0.0037651531830871316,-30.09577951179157,-0.00012509369775556833,0.04617500272793486
176.0,0.0037261808579522908,-30.084569331354714,-0.0001869387851103424,0.04350644861089177
176.25,0.0036843417484576776,-30.07403201927996,-0.0001480338267594722,0.04079204673546302
176.5,0.0036523957692273746,-30.064172933257403,-0.00010779166019201508,0.03808063950232426
176.75,0.00363089115458886,-30.054991990729015,-6.45024342004405e-05,0.0353668990550455
177.0,0.0036204479427222143,-30.04648782508364,-1.9303322554814484e-05,0.03266642124094322
177.25,0.003621681786916668,-30.03866814696837,2.8913287237843088e-05,0.029890999807297907
177.5,0.003633268286424193,-30.031541097970962,6.3526446759464e-05,0.0271253878099412
177.75,0.0036524014985843864,-30.025106118521258,8.928033057940127e-05,0.02435444389560284
178.0,0.0036799814612664948,-30.019363530025956,0.00013109174180431227,0.02158626117059239
178.25,0.0037098839937869076,-30.014301989268766,0.00010788109666058643,0.018906068437144697
178.5,0.003735086208982733,-30.009910424435493,9.348273121995154e-05,0.016226452474255106
178.75,0.0037541963049209878,-30.00618826794385,5.914129415874464e-05,0.013550803310909978
179.0,0.0037638855520275988,-30.00313784462327,1.8125961579844307e-05,0.01085258505614983
179.25,0.0037715471299896853,-30.00076667137211,4.291234215596934e-05,0.008116799925698847
179.5,0.0037857808206508687,-29.999079946912843,7.07000608374947e-05,0.005376992046802562
179.75,0.00380729473157249,-29.998079748084766,0.00010114887942827555,0.002624596824859237
180.0,0.0038332887891781684,-29.997765111585824,0.00010654769836240807,-0.0001075052195040682
180.25,0.0038595693972881427,-29.99779480104507,0.00010370035834222219,-0.00013001162496331704
180.5,0.0038860678247844465,-29.997828746395086,0.00010828335094714009,-0.00014155254107713156
180.75,0.003912577511993019,-29.99786596681929,0.00010379172746153437,-0.0001562072043268619
181.0,0.0039378699635535825,-29.997908909499603,9.854865096031729e-05,-0.00018733586813706127
181.25,0.003969811894180446,-29.997955546202064,0.00015698597737194564,-0.00018576562582872037
181.5,0.004015958855759606,-29.9980014071413,0.0002121821513102265,-0.00018112693225641753
181.75,0.004076190157939371,-29.998044781456855,0.0002696713601886905,-0.0001658755839204393
182.0,0.00414966408204157,-29.99808562935389,0.00031812298585823934,-0.00016091466876574828
182.25,0.004223783839888995,-29.99812563688059,0.00027484724755744844,-0.00015914317841346636
182.5,0.004286346473021876,-29.998163155562025,0.000225657747349714,-0.00014100447055766357
182.75,0.004336698469928961,-29.998196736160484,0.00017716439477684365,-0.000127634762311731
183.0,0.0043741375643193145,-29.99822592519321,0.00012234923837512596,-0.00010587094212173681
183.25,0.004407326934223067,-29.998249982478217,0.00014317460387137937,-8.659065109975725e-05
183.5,0.00444729467954351,-29.998268051490374,0.00017657566680479714,-5.796587034011398e-05
183.75,0.004493810866606448,-29.998279766318305,0.00019555954618311056,-3.57553139036415e-05
184.0,0.004547085748052057,-29.99828508522374,0.0002306456548440139,-6.8007053285366e-06
184.25,0.004593013968844659,-29.998280909044148,0.0001367820320974586,4.021910455574433e-05
184.5,0.00461405052723989,-29.998265627392673,3.15109144937778e-05,8.20436001599892e-05
184.75,0.004609195256416895,-29.998240656169745,-7.035890255908256e-05,0.00011773893454581284
185.0,0.004578907198323873,-29.998205216887047,-0.0001719408226313751,0.00016578498045163818
185.25,0.004531345293475158,-29.998159006640982,-0.00020855370773800036,0.00020390247467633944
185.5,0.004476228166113887,-29.998104344222618,-0.00023238057937034762,0.00023340224543451276
185.75,0.00441388662541499,-29.99804361993262,-0.00026635282254345444,0.0002523961650834221
186.0,0.004344422658447115,-29.99797757670473,-0.00028934805489461146,0.00027595239034843325
186.25,0.004271948648150888,-29.997908490324754,-0.00029044779038595037,0.0002767385023620037
186.5,0.004199972689371136,-29.997840058645107,-0.00028536335705618004,0.0002707137102578944
186.75,0.004129343703614973,-29.997772405788286,-0.00027967176751087647,0.00027050779052727175
187.0,0.004061626716240033,-29.997705204842944,-0.00026207317645732947,0.0002671009543284274
187.25,0.00400548092736364,-29.99763795070771,-0.0001870838402516367,0.0002709218737603715
187.5,0.0039676845801219374,-29.997570316124015,-0.00011528007394526196,0.0002701488414627917
187.75,0.003949073866367305,-29.997500400992852,-3.360387515103508e-05,0.0002891648980440606
188.0,0.003949714753964742,-29.99742736345638,3.871886901548466e-05,0.0002951323036844611
188.25,0.003964959693281531,-29.997362829797233,8.322609946254805e-05,0.0002211316249367885
188.5,0.003991197458404235,-29.99731537458152,0.0001266693279994638,0.00015850691464955926
188.75,0.004026406583312945,-29.99728310751962,0.00015499698443009052,9.962666636812981e-05
189.0,0.004070534178751261,-29.997266249907955,0.00019802500326954187,3.522990475435668e-05
189.25,0.004109589769947128,-29.99725735420589,0.00011442028493596074,3.5942871240193545e-05
189.5,0.004128414190422775,-29.99724866810017,3.6175949363649595e-05,3.355588539208136e-05
189.75,0.0041271751322666615,-29.99724055307332,-4.608941151569568e-05,3.1372410839851516e-05
190.0,0.004105445508724296,-29.99723235568703,-0.00012774722940825378,3.421675265596633e-05
190.25,0.004080199748243381,-29.997216494094165,-7.422282802459906e-05,9.267095078868793e-05
190.5,0.004067240951336646,-29.997186331441657,-2.9444551724516765e-05,0.00014862690728951257
190.75,0.004065674160910913,-29.997142874525665,1.691178526064957e-05,0.00019902330392533224
191.0,0.004076668902522938,-29.997087787804006,7.105428871074376e-05,0.00024166271210000016
191.25,0.004093047824255919,-29.9970377961536,5.9971561894030245e-05,0.00015827198209430066
191.5,0.004106773373330024,-29.997009028004474,4.982614841594207e-05,7.187290771750329e-05
191.75,0.004118651547262398,-29.996999839844655,4.519930280427048e-05,1.6318950850611095e-06
192.0,0.00412918699658587,-29.997008446105145,3.907563052601287e-05,-7.047903955360964e-05
192.25,0.0041372742383517505,-29.99702330919708,2.5629060980039697e-05,-4.8424954474867947e-05
192.5,0.004140576696005612,-29.997032969320983,7.950087413388651e-07,-2.8853406398091018e-05
192.75,0.004139580014948945,-29.99703829299395,-8.771986012921784e-06,-1.3735322239931881e-05
193.0,0.0041334023901773475,-29.997038953775576,-4.0648942833274027e-05,8.453317209381162e-06
193.25,0.004121610202152043,-29.99703192172696,-5.36815704520327e-05,4.780478797117302e-05
193.5,0.00410387419980035,-29.99701506354085,-8.819892502974491e-05,8.706305637554002e-05
193.75,0.004078340187529168,-29.996988313075125,-0.00011607388364917592,0.0001269420511437587
194.0,0.004047850713332109,-29.99695243606907,-0.0001278464272580701,0.00016007749613309991
194.25,0.0040161033040426765,-29.996914093247607,-0.000126131530460441,0.0001466626915639811
194.5,0.003985325726809245,-29.996879007385306,-0.0001200965847050206,0.00013402691904392279
194.75,0.003956634697343558,-29.996847207977996,-0.0001094353196467307,0.00012036668554227517
195.0,0.003931606582251828,-29.996818306074914,-9.079947733787314e-05,0.00011084948555910251
195.25,0.003914534504106154,-29.99678657690382,-4.5777553145047445e-05,0.00014297872263030337
195.5,0.003907626832403772,-29.996746235771994,-9.481287602468302e-06,0.00017974664632315352
195.75,0.003908163985967392,-29.996696664515856,1.3792139681903515e-05,0.000216816376772283
196.0,0.003916414857295949,-29.996638471850193,5.221798192340393e-05,0.0002487199707459965
196.25,0.00392537156433536,-29.996576055582395,1.9429406327153842e-05,0.0002506157887109461
196.5,0.0039256352141544566,-29.9965126479757,-1.73227302844442e-05,0.00025665055843905816
196.75,0.003915621949048562,-29.996447977087175,-6.277607230760485e-05,0.00026071998814301665
197.0,0.0038964075253959665,-29.9963837756659,-9.094901018456142e-05,0.00025289591815919965
197.25,0.0038764202337366145,-29.996327904681607,-6.895463208188984e-05,0.00019407038538189178
197.5,0.003861963333083209,-29.99628796436163,-4.671267849797739e-05,0.00012545266090614762
197.75,0.003854364962992528,-29.996263514493286,-1.4076683988915872e-05,7.014112649135776e-05
198.0,0.0038544970789384913,-29.996255550656752,1.512350766354198e-05,-6.430420432135893e-06
198.25,0.0038551463538681052,-29.996263410728382,-9.927687386127038e-06,-5.644920554893696e-05
198.5,0.003848023677269371,-29.996283404531788,-4.7061166059354786e-05,-0.00010349754249285759
198.75,0.0038308556185887963,-29.996315778424776,-9.028615211856966e-05,-0.00015549139276653363
199.0,0.003804400081187813,-29.996362624202124,-0.00012136318221599163,-0.00021927273243083827
199.25,0.0037751431208369354,-29.996423103623446,-0.00011269364417530042,-0.0002645637415392231
199.5,0.00374866967833111,-29.996495590993568,-9.910238453710724e-05,-0.000315337824075886
199.75,0.003725111683673121,-29.9965787336466,-8.936640490449232e-05,-0.00034980374782104823
200.0,0.0037056778029989474,-29.996671888673816,-6.611221404685674e-05,-0.00039543933861479374
200.25,0.003691269266969249,-29.99677244276314,-4.915241601242959e-05,-0.0004089971009236156
200.5,0.0036799839830696,-29.99687716672982,-4.113921556308381e-05,-0.0004287915021970776
200.75,0.003672456065153565,-29.99698568114588,-1.90837805810265e-05,-0.00043932407722889705
201.0,0.003669416503587167,-29.997095604237266,-5.227816756596393e-06,-0.00044006624609852906
201.25,0.003665375035458744,-29.99721214853113,-2.710159832657738e-05,-0.0004922891149890381
201.5,0.003655656458181129,-29.997340768887668,-5.064396682208372e-05,-0.0005366759051349181
201.75,0.0036402466889426327,-29.99748094077188,-7.263864531339287e-05,-0.000584700212227578
202.0,0.0036174239771794474,-29.997633782078132,-0.00010993985516524751,-0.0006380312952725696
202.25,0.003594511667327678,-29.9977899581985,-7.335241348512683e-05,-0.000611381794483019
202.5,0.003580815192525447,-29.99793803248777,-3.621157723294327e-05,-0.0005732161597570816
202.75,0.00357845807712343,-29.99807785510476,1.736166235987574e-05,-0.0005453685168996882
203.0,0.0035869730273810833,-29.998210047729582,5.0760377610550855e-05,-0.000512175171297274
203.25,0.00359484061869156,-29.998333155957685,1.2174324582628349e-05,-0.0004726863874302002
203.5,0.0035938245588913644,-29.99844637148712,-2.0300959068977886e-05,-0.0004330310480514849
203.75,0.0035847197764565905,-29.998548979664694,-5.253302994468606e-05,-0.00038783175040888303
204.0,0.0035690497225614377,-29.998641408058518,-7.282324569316684e-05,-0.0003515943282050765
204.25,0.003554640535301842,-29.998734308462605,-4.246406741962444e-05,-0.0003916112209359816
204.5,0.003548033525493643,-29.998835641498108,-1.0386655127085642e-05,-0.000419057785553168
204.75,0.0035474758526725697,-29.998946265912895,5.920926052484232e-06,-0.0004659386912970183
205.0,0.003553269824362224,-29.99906650111492,4.04314631375427e-05,-0.0004959451200222345
205.25,0.003565576574878828,-29.99919165735018,5.801041536895868e-05,-0.0005053023722909829
205.5,0.0035819867306207463,-29.999317838704364,7.327649786315754e-05,-0.0005041510910881305
205.75,0.003601991970674928,-29.99944547618444,8.676601644562465e-05,-0.0005169530413613259
206.0,0.0036261012036109845,-29.99957653569997,0.00010610334062308852,-0.0005315242162170306
206.25,0.003650047632242174,-29.9997038876237,8.546255891862115e-05,-0.0004872877434208205
206.5,0.0036693048291501474,-29.99982115231598,6.85901458483476e-05,-0.0004508294555685013
206.75,0.0036855943946941853,-29.999928512438103,6.173441823788262e-05,-0.0004080490598365851
207.0,0.0036989664258570065,-30.00002579360709,4.5238021486759816e-05,-0.00037019660449156763
207.25,0.0037044091536187506,-30.000108153982474,-1.6822603633448452e-06,-0.0002886826597434998
207.5,0.0036974328798111615,-30.000170584001417,-5.4121462334147385e-05,-0.0002107537287855158
207.75,0.0036788453433575933,-30.000214628455502,-9.456458515256366e-05,-0.0001415993498485184
208.0,0.0036502351348002633,-30.00024264727009,-0.00013430823908036627,-8.254713174157543e-05
208.25,0.0036208013764213484,-30.00027081529105,-0.0001011727237835991,-0.00014279841632185633
208.5,0.0035999488207320855,-30.000312226252674,-6.564464368837009e-05,-0.0001884959406101704
208.75,0.003586765848413527,-30.000366472062982,-3.982334225217932e-05,-0.0002454711275112129
209.0,0.0035804729394380134,-30.000433348717852,-1.0529317286817053e-05,-0.0002895426291821468
209.25,0.003574033593766703,-30.000510007620484,-4.098648005352451e-05,-0.0003237266708183192
209.5,0.003561998102759225,-30.000595358019186,-5.529448299319839e-05,-0.0003590749717396596
209.75,0.00354418230969437,-30.000687066535505,-8.722370257528006e-05,-0.0003745896893600665
210.0,0.0035182698108505803,-30.00078439791844,-0.00012008600230687533,-0.00040405697192597115
210.25,0.0034888355912297527,-30.0008845497463,-0.00011538021537003257,-0.0003971599407364317
210.5,0.0034596158666732003,-30.000983581902467,-0.00011837966893323004,-0.0003950952240385588
210.75,0.0034316775828618184,-30.001080968090076,-0.00010513089845911455,-0.0003839935331890546
211.0,0.0034048792259338705,-30.001174999253276,-0.00010924504854272626,-0.00036825873595768243
211.25,0.0033795107549505097,-30.001266369487027,-9.370097562044766e-05,-0.00036270439827066454
211.5,0.0033564111374863935,-30.00135627809141,-9.109314906528831e-05,-0.00035656429302494456
211.75,0.003335692939411389,-30.00144264513641,-7.465246391020336e-05,-0.0003343749218383876
212.0,0.0033168026042725064,-30.001525740030637,-7.646941427011389e-05,-0.0003303838767666515
212.25,0.003299055288870146,-30.001614903140762,-6.551359526876799e-05,-0.00038292153296898084
212.5,0.003282481081687023,-30.001715556448477,-6.708738516211094e-05,-0.00042230616014668146
212.75,0.003267787902904149,-30.001825905083102,-5.0467090624943534e-05,-0.0004604825774577611
213.0,0.0032570647976996538,-30.001947370526324,-3.5318864728593746e-05,-0.0005112432651246218
213.25,0.003246207703035932,-30.002075477267557,-5.153654108189937e-05,-0.0005136107297345719
213.5,0.003230759856604706,-30.00220275889472,-7.204182356830569e-05,-0.0005046425314557464
213.75,0.003208847538658393,-30.0023285806925,-0.000103258147738719,-0.0005019275986650384
214.0,0.0031788686398973097,-30.002454199954688,-0.00013657594037713716,-0.0005030246336957191
214.25,0.0031449995732563693,-30.002585079146364,-0.00013437603217225647,-0.0005440088032704109
214.5,0.003112143140176192,-30.002724594385818,-0.0001284818878185684,-0.0005721152263391968
214.75,0.003079451885023143,-30.002872457326728,-0.0001330455972230471,-0.0006107885190300181
215.0,0.0030469528068071488,-30.00303044756065,-0.00012695314369808725,-0.0006531331953803166
215.25,0.003025520235796379,-30.003179520070105,-4.4500854547956104e-05,-0.0005394544168604986
215.5,0.0030217976644619925,-30.00330031778818,1.4731722982719297e-05,-0.0004269320165472339
215.75,0.003034686531895818,-30.0033924908532,8.838532933711646e-05,-0.00031045907694680414
216.0,0.0030651430237577924,-30.003458450761933,0.00015526591093256714,-0.00021722457310293072
216.25,0.00310563547511213,-30.00351403068433,0.00016867440675830125,-0.0002274199579717707
216.5,0.0031488850269517314,-30.003570400557166,0.00017731505598611585,-0.00022353636867644707
216.75,0.003196690518128889,-30.003626271146835,0.00020513898763500904,-0.00022343176890144082
217.0,0.003250792249969728,-30.003682330534872,0.00022767795776879735,-0.0002250446577416113
217.25,0.0032971466852441942,-30.003738704604594,0.0001431546001318465,-0.00022593867752893946
217.5,0.0033247775202491473,-30.00379726833586,7.788596842558254e-05,-0.00024256421528585532
217.75,0.003336358902185478,-30.003859400274806,1.4757556711299247e-05,-0.00025448435713487026
218.0,0.003331666254968725,-30.003924184286582,-5.231207118819997e-05,-0.0002637783564008276
218.25,0.003321647391680956,-30.003991552398293,-2.7836108387135905e-05,-0.0002751678371120846
218.5,0.003317044653914063,-30.0040615707676,-8.982674751759068e-06,-0.0002849849637341121
218.75,0.003317735521948682,-30.004135365195264,1.4502636212013198e-05,-0.00030537085215110577
219.0,0.003324832703415553,-30.004212936751287,4.228152796142276e-05,-0.00031520275490484913
219.25,0.0033363060055473623,-30.004284221704427,4.9504841800655786e-05,-0.00025507513874152836
219.5,0.0033519576179955033,-30.00433915291345,7.57202837899304e-05,-0.00018437935660920221
219.75,0.0033726497013076926,-30.004377256580007,8.982862543938791e-05,-0.00012045328941280399
220.0,0.0033978041646640926,-30.004399286175406,0.00011141926519378509,-5.578536314727151e-05
220.25,0.0034193092618390298,-30.004408496314255,6.0621196860392856e-05,-1.7891245050455146e-05
220.5,0.003428850677300986,-30.004408913081694,1.5712385400594442e-05,1.456050828404069e-05
220.75,0.003425862371395937,-30.00439882089598,-3.961607110588433e-05,6.61845903338319e-05
221.0,0.0034096032157371957,-30.004377674736848,-9.04573886035126e-05,0.00010299036305280345
221.25,0.0033811684113066683,-30.00435235176152,-0.0001370117659588027,9.959654477443048e-05
221.5,0.0033403295629501474,-30.004325376535554,-0.00018969310914059706,0.00011620906826797229
221.75,0.003286775992518892,-30.004296732164626,-0.0002387385863959826,0.0001129510024209815
222.0,0.003220745330841475,-30.004268105467823,-0.000289507004803978,0.00011606906762458032
222.25,0.0031541342269895286,-30.004243676131537,-0.00024338637427095966,7.936073432021169e-05
222.5,0.0030999998071726087,-30.004228341341207,-0.00018969451862608372,4.331345338407861e-05
222.75,0.0030592067735900693,-30.004220287240372,-0.00013665068651101675,2.1115144424479077e-05
223.0,0.0030309467681909593,-30.00421840498094,-8.942201544825251e-05,-6.064438349521613e-06
223.25,0.0030090113818136014,-30.00422316719726,-8.606016008275846e-05,-3.203431470224055e-05
223.5,0.002986294970677105,-30.00423519665366,-9.567285324760255e-05,-6.420102551293121e-05
223.75,0.002962897988965671,-30.00425325388821,-9.149821102888422e-05,-8.025961660085474e-05
224.0,0.0029410123398269043,-30.00427608287733,-8.357618449004317e-05,-0.0001023757896182132
224.25,0.002917773898187788,-30.004294855288137,-0.00010233930974643674,-4.7797694532681255e-05
224.5,0.0028899109128198213,-30.00429762621147,-0.00012056606076143311,2.5633403685311182e-05
224.75,0.002859073138902848,-30.00428226415416,-0.00012612515391858398,9.726321457866349e-05
225.0,0.0028273164201198047,-30.004251024019382,-0.00012792506797610487,0.00015265906798790662
225.25,0.0027929261177699733,-30.004204138940253,-0.00014718538799571995,0.00022242289516677995
225.5,0.0027526453029465773,-30.004140552694818,-0.00017506139641363522,0.00028627161436571693
225.75,0.0027037843979764225,-30.00406038432549,-0.0002158189933572363,0.0003550772287159465
226.0,0.0026447892817160015,-30.00396291873214,-0.00025613291860984017,0.0004246536199140879
226.25,0.0025782903751491075,-30.003851206170157,-0.00027587113509657674,0.00046905202472972475
226.5,0.0025082487932093105,-30.003727481360176,-0.00028445986228387704,0.0005207477049551144
226.75,0.0024344997275477765,-30.003590972104465,-0.00030553026970449315,0.0005713294798796809
227.0,0.002355912476207384,-30.003442970311188,-0.00032315904327401973,0.0006126857916788257
227.25,0.0022710325579337848,-30.003293687600248,-0.00035588166022195583,0.0005815776526538361
227.5,0.002178261769466633,-30.003151542070615,-0.0003862827277906142,0.0005555889902060215
227.75,0.0020777338358597018,-30.003015034220645,-0.0004179468136354114,0.0005364785388204639
228.0,0.001970010262359269,-30.002885299231266,-0.00044383628654604684,0.0005014018509141042
228.25,0.0018553554970006602,-30.002768688164846,-0.00047340454773998897,0.00043148823565981377
228.5,0.0017353487482076034,-30.00266958055972,-0.0004866525819210432,0.00036137247503373863
228.75,0.0016116111709870832,-30.002589323873504,-0.0005032495542167739,0.00028068035608846113
229.0,0.0014838258648493642,-30.002528285657448,-0.0005190321949740742,0.00020762355698312034
229.25,0.001352536742892479,-30.002475859876615,-0.0005312843816712848,0.00021178532504399872
229.5,0.0012183993184224611,-30.002423093935928,-0.0005418068156656519,0.00021034191845593493
229.75,0.00108268287371517,-30.00236944864878,-0.0005439285293602214,0.00021882171799316897
230.0,0.0009461919783937027,-30.002314012756187,-0.0005479932723859784,0.00022466409659111723
230.25,0.0008072593970916157,-30.002257827086247,-0.0005634677467209262,0.00022482090064054614
230.5,0.0006662105580296688,-30.00220049482096,-0.0005649280371067683,0.00023383974458402102
230.75,0.000523300214867311,-30.002139865093035,-0.0005783489631571714,0.00025120054732070366
231.0,0.0003771482154549786,-30.002076830853653,-0.0005908605006857415,0.0002530718008559107
231.25,0.00023549705203441542,-30.002016859638054,-0.0005423451473506383,0.0002266890336896045
231.5,0.00010450100265777065,-30.001962984601164,-0.0005056261791748437,0.00020430771680278706
231.75,-1.7608575180182798e-05,-30.001914796052684,-0.00047125744209417647,0.0001811985960803576
232.0,-0.00012944146766515486,-30.001873324685334,-0.00042340854839011816,0.0001505652816409141
232.25,-0.00023477307881925418,-30.001842908456844,-0.00041924522563834,9.276364178434586e-05
232.5,-0.00034067631067891466,-30.00182679862517,-0.0004279916635929609,3.611785263108438e-05
232.75,-0.0004478850011938348,-30.001822611347666,-0.00042967671978359767,-2.622435955422942e-06
233.0,-0.0005551273921881397,-30.00182943701919,-0.0004282640750312358,-5.1980179957517814e-05
233.25,-0.0006539115039062623,-30.00183925789337,-0.0003620028997727842,-2.6593663194464082e-05
233.5,-0.0007374600567517908,-30.00184398620552,-0.00030637781491087146,-1.1240568271441118e-05
233.75,-0.0008088093155472856,-30.001845594477867,-0.0002644238084863401,-1.627551935960881e-06
234.0,-0.0008696759195087627,-30.00184404122323,-0.00022250104172556046,1.4046593560622162e-05
234.25,-0.0009326711984693851,-30.0018364766447,-0.0002814652696748812,4.647766587198778e-05
234.5,-0.001010350834703984,-30.00182111179188,-0.0003399641802503822,7.644435853575351e-05
234.75,-0.0011020602668327239,-30.001796342335695,-0.0003936963880191574,0.00012171375269097264
235.0,-0.001206655045450692,-30.00176267488535,-0.0004430697013093621,0.00014763333736922843
235.25,-0.0013132354841821807,-30.0017247693615,-0.0004095656160586561,0.0001556046769329321
235.5,-0.0014106887493929065,-30.001683494633305,-0.0003700616643898119,0.0001745881854984748
235.75,-0.0014986664928687888,-30.001638564541647,-0.00033375532603333036,0.0001848469984070293
236.0,-0.0015777575313479888,-30.001590759184314,-0.0002989671698516716,0.00019759151285860714
236.25,-0.0016436965812829556,-30.00154716325568,-0.00022855268699727843,0.0001511668120377895
236.5,-0.0016924448372597964,-30.0015162831558,-0.00016142749178755383,9.586544172701971e-05
236.75,-0.0017250115887081704,-30.001499180645016,-9.910654729659157e-05,4.094689212792581e-05
237.0,-0.0017422902375797892,-30.00149367795733,-3.912083198551186e-05,3.0665936412178926e-06
237.25,-0.0017542919058084472,-30.001484863135314,-5.6894281161463944e-05,6.745587864223396e-05
237.5,-0.0017723917024786281,-30.001459849322565,-8.789941326977496e-05,0.00013265822468763237
237.75,-0.001797459107237918,-30.001419728094675,-0.00011264460064247528,0.0001883173472675573
238.0,-0.0018285959539469006,-30.00136470820891,-0.0001364372767492586,0.0002518408215498074
238.25,-0.0018662869334239427,-30.0012954679606,-0.00016508381510230152,0.00030208455683367025
238.5,-0.0019109229141049114,-30.001213408668747,-0.00019199289327740537,0.00035439004380109464
238.75,-0.0019631511259770845,-30.001117430984642,-0.00022582292832293988,0.00041343584422396854
239.0,-0.002024449994562062,-30.00100782020826,-0.00026456393436756487,0.00046345416621618597
239.25,-0.0020908315182477954,-30.000892072836244,-0.00026648699411343374,0.00046252599678071047
239.5,-0.002158435898364547,-30.000777414481817,-0.0002743443873830867,0.00045474156956826933
239.75,-0.0022257352834771167,-30.000665700920198,-0.0002640504227124571,0.00043896296628803715
240.0,-0.002292122112959215,-30.000557320041345,-0.00026704631398174333,0.0004280852163894336
240.25,-0.002349313614039295,-30.000454651287566,-0.00019048924276048734,0.00039325637364001886
240.5,-0.0023875581844805998,-30.00036070410541,-0.000115478884256566,0.00035831748208666164
240.75,-0.0024087539229562635,-30.000275906391785,-5.409018220349504e-05,0.00032005930004515
241.0,-0.00241317344380142,-30.000200623845327,1.8732311923647105e-05,0.00028219591390801627
241.25,-0.002415014132276841,-30.00013452642465,-3.345503484333823e-05,0.0002465871178245639
241.5,-0.0024308091593774677,-30.000078049408344,-9.290847402471103e-05,0.00020523114143208143
241.75,-0.002460708053612785,-30.00003235961706,-0.00014628392087330522,0.00016029258788016618
242.0,-0.0025020059395822504,-29.999995712774524,-0.00018409631749901484,0.0001328813569582976
242.25,-0.002545515226056467,-29.99996377340351,-0.000163980307590246,0.0001226334142262587
242.5,-0.0025825823317557864,-29.999932683953244,-0.00013255447849933738,0.00012607773043470777
242.75,-0.002612238118578754,-29.999901963407368,-0.00010469581694462493,0.00011968588066801596
243.0,-0.0026343735284784,-29.9998733116352,-7.238296610669048e-05,0.00010952204736410045
243.25,-0.002651380282331622,-29.999849632133806,-6.366637570937722e-05,7.991129507116158e-05
243.5,-0.0026682288592939523,-29.999834106861364,-7.112000555813125e-05,4.429226773328412e-05
243.75,-0.0026843523032842563,-29.999825479944064,-5.787711231296927e-05,2.472354695442955e-05
244.0,-0.002698218933430485,-29.99982355479499,-5.3064149052969856e-05,-9.320029763474268e-06
244.25,-0.0027125671032666486,-29.999825897969263,-6.171611255548909e-05,-9.426474149753396e-06
244.5,-0.0027291868868003694,-29.999828597521397,-7.123845783841426e-05,-1.2171013479661051e-05
244.75,-0.002750137120432599,-29.999830393872966,-9.63577990530512e-05,-2.2000671717795476e-06
245.0,-0.0027763709298907337,-29.999830731449983,-0.0001135090439345135,-5.003231948838359e-07
245.25,-0.0027980579273637974,-29.99983525785273,-5.999671651518018e-05,-3.5713184673508624e-05
245.5,-0.0028070815575680446,-29.999846259271774,-1.219223361850763e-05,-5.230371632004573e-05
245.75,-0.002804344224629133,-29.999862612299314,3.40916222541926e-05,-7.852681734234867e-05
246.0,-0.0027891139586261973,-29.999884351683228,8.7747637775408e-05,-9.53926361409224e-05
246.25,-0.002765022471864468,-29.99991192198936,0.00010497087958866169,-0.00012516822046240147
246.5,-0.0027365146771611342,-29.9999471640367,0.0001230898610084588,-0.00015677074016149742
246.75,-0.002703498815987833,-29.999990109551163,0.00014103215238733813,-0.0001867941380012918
247.0,-0.00266555713948183,-30.000041122998812,0.00016249639690361917,-0.0002213153399282786
247.25,-0.0026223349416881637,-30.00010165088797,0.00018327017169059157,-0.00026290850533483524
247.5,-0.0025748584967425162,-30.00017088359521,0.00019653425302914446,-0.0002909536605822911
247.75,-0.002525582560111979,-30.00024740405397,0.00019766674499530762,-0.00032120777257576926
248.0,-0.002473831525593139,-30.000331796565487,0.00021633175514045727,-0.000353933155683876
248.25,-0.002425374151327994,-30.000412213629936,0.0001713302309347478,-0.00028939938929043645
248.5,-0.002387284020860956,-30.000476532250318,0.00013338549087436175,-0.00022514088722564465
248.75,-0.002357473194602383,-30.000522654810652,0.00010510111720646309,-0.00014383411872320953
249.0,-0.002335053525548081,-30.000547799039186,7.426253390974136e-05,-5.7316047197481496e-05
249.25,-0.0023202211156910686,-30.00056288375702,4.43973289723093e-05,-6.335892006907225e-05
249.5,-0.002310324283436802,-30.00058191863111,3.478312953598961e-05,-8.892091123168426e-05
249.75,-0.0023054295383403206,-30.000606732735346,4.36965843557402e-06,-0.00010958779093245243
250.0,-0.0023060477512251362,-30.000637136271017,-9.31463264950555e-06,-0.00013364073393445016
250.25,-0.0023155720673549555,-30.000670287902597,-6.687474775261132e-05,-0.00013156878540794204
250.5,-0.0023402860347699595,-30.00070239008963,-0.00013083579494060915,-0.0001252437939571863
250.75,-0.0023797251303324576,-30.000733908342667,-0.00018467703950685033,-0.00012689863230193636
251.0,-0.0024322641128049598,-30.00076424183263,-0.00023563099716756436,-0.00011576723423297509
251.25,-0.002491227380936547,-30.000798741029143,-0.00023608759448032896,-0.0001602239301223458
251.5,-0.0025512305766690964,-30.000844507288974,-0.00024394027886649045,-0.00020590506758902247
251.75,-0.002611314593038442,-30.000901889381655,-0.0002367370719850298,-0.0002531533013166816
252.0,-0.002670924338431101,-30.000971538126137,-0.00024014313976607887,-0.00030403616530943843
252.25,-0.002726959183898147,-30.001048155525464,-0.0002081315659182223,-0.00030890749142867084
252.5,-0.0027762190838580623,-30.001127692229407,-0.00018595556544215297,-0.00032738548252418746
252.75,-0.0028198879460208386,-30.00121018941392,-0.00016340108033294914,-0.0003325940307551389
253.0,-0.0028574439063689637,-30.001295439251393,-0.0001370499040115672,-0.0003494049781024077
253.25,-0.002895283299981004,-30.001381955162692,-0.0001656657076944401,-0.000342717413504905
253.5,-0.002938995636543756,-30.001465602314084,-0.00018402870684887385,-0.00032645793723348174
253.75,-0.002988484654935324,-30.001546810123376,-0.00021188786449257563,-0.00032320140450314654
254.0,-0.00304355472508584,-30.001625689958068,-0.00022868049712682081,-0.00030783318690332857
254.25,-0.0030937950792009248,-30.00170597465049,-0.00017324643311264487,-0.00033444871890051707
254.5,-0.003129051050867922,-30.00179333170965,-0.00010880564657374248,-0.00036441380101552345
254.75,-0.0031476208927541578,-30.001886573479755,-3.975616326113568e-05,-0.0003815262412125548
255.0,-0.0031514863876508595,-30.001984301765614,8.82015967462041e-06,-0.00040030154921289276
255.25,-0.003154678579313491,-30.002085053014397,-3.4356399930629555e-05,-0.0004057038011357036
255.5,-0.003170712504700274,-30.00218852608079,-9.391881996547585e-05,-0.0004220741028114201
255.75,-0.0032011476104374997,-30.002294746518665,-0.0001495644413459299,-0.0004276834351178888
256.0,-0.0032452465444119203,-30.002401597336824,-0.00020322300591528453,-0.00042711893741568955
256.25,-0.0032924643131191215,-30.002511246635112,-0.00017452088937158772,-0.0004500792530856212
256.5,-0.0033344910419234857,-30.002625431994606,-0.00016169929130190053,-0.00046340455222802746
256.75,-0.003370872244639149,-30.00274379745795,-0.00012935051425148197,-0.00048352276017760794
257.0,-0.0034002879088516785,-30.002865945591356,-0.00010597281186978252,-0.0004936653394709666
257.25,-0.0034227824672262816,-30.00298353503681,-7.397085742862769e-05,-0.00044705479586546566
257.5,-0.003436265351392215,-30.003090247271537,-3.388222440401517e-05,-0.00040664800214008175
257.75,-0.0034387358361895656,-30.003186519573347,1.4120073380252673e-05,-0.0003635357668673
258.0,-0.0034309963111870357,-30.003272014757137,4.780469818709693e-05,-0.0003204308934081884
258.25,-0.003416879697906013,-30.00334598247341,6.512924285470567e-05,-0.0002713115129080883
258.5,-0.0033979802035997556,-30.003407171038777,8.607815383034761e-05,-0.00021820054313766304
258.75,-0.0033737140944653937,-30.003455996767016,0.00010804783583356209,-0.0001724062479142761
259.0,-0.0033430735430012397,-30.00349391987042,0.0001370750227592879,-0.00013097938558580724
259.25,-0.003308922842216505,-30.003520721501022,0.0001361363152590639,-8.343585104743506e-05
259.5,-0.0032767654101086277,-30.00353679020634,0.00012111992013420086,-4.5110645415642724e-05
259.75,-0.0032466702180905522,-30.003543185159163,0.00011963842934973462,-6.048840347946157e-06
260.0,-0.0032164787514008097,-30.00353952237474,0.00012190104753753706,3.5349397363231285e-05
260.25,-0.0031948356597733324,-30.003523995607143,5.125233690303488e-05,8.887048728540922e-05
260.5,-0.0031915418487500303,-30.003495908090798,-2.4907408016680566e-05,0.00013584314906618468
260.75,-0.003206757050925426,-30.003455176208156,-9.680734922858786e-05,0.0001900188843080147
261.0,-0.0032392335445820203,-30.00340348031415,-0.0001630042866726661,0.0002235562855986084
261.25,-0.003275856710174218,-30.003341330654248,-0.0001299824259081775,0.00027364180070524986
261.5,-0.0033040939019838254,-30.003266282020867,-9.590545215319018e-05,0.00032674001899338467
261.75,-0.0033249316404264932,-30.003175613180044,-7.077796218650512e-05,0.0003986057437034966
262.0,-0.0033390040294046437,-30.003069688997545,-4.179538390932519e-05,0.0004487862663924946
262.25,-0.003352864315497609,-30.00295878201379,-6.909210433000967e-05,0.000438472474305424
262.5,-0.0033729306637607023,-30.00285064754623,-9.144426183173293e-05,0.0004266071325398821
262.75,-0.0033998594380805665,-30.002743315750116,-0.0001239776043249416,0.0004320488506605777
263.0,-0.0034332305332443057,-30.002634797696075,-0.0001429819479747893,0.00043609477102139293
263.25,-0.00347002616899349,-30.002524526343862,-0.00015137443050835392,0.00044607585465882514
263.5,-0.003509856793952808,-30.00241350830461,-0.0001672658529908097,0.0004420682095416411
263.75,-0.003554590101076006,-30.002303296836992,-0.0001905912946056909,0.0004396264010032007
264.0,-0.0036035356768270082,-30.002192256153407,-0.00020098031523835963,0.000448700898926287
264.25,-0.003653073932041144,-30.00208065870319,-0.00019532483345043733,0.00044407656863518295
264.5,-0.003702359710352937,-30.00196910741757,-0.00019895043123813877,0.0004483321926090972
264.75,-0.0037504830655745755,-30.001856731667043,-0.00018602296600661594,0.00045066970600816713
265.0,-0.0037962421898062658,-30.001745211695358,-0.0001800529817007207,0.00044149148464939973
265.25,-0.003836777850632435,-30.001638094011316,-0.0001442316491048687,0.0004154484140060895
265.5,-0.003868077987565519,-30.00153750711216,-0.0001061724020688104,0.00038924444587923915
265.75,-0.003891317543250705,-30.001443908487506,-7.974134804390742e-05,0.0003595403004847459
266.0,-0.0039057970877526328,-30.001358100954896,-3.609830286034621e-05,0.0003269172292770899
266.25,-0.0039103786522445136,-30.001281922111897,-5.559769682972338e-07,0.00028250937722154964
266.5,-0.003907437050137239,-30.00121640969498,2.4075342648983977e-05,0.0002415883844264937
266.75,-0.003898045356662933,-30.00116057852029,5.1055554313270135e-05,0.00020505787852162407
267.0,-0.003881279381794656,-30.001114026660243,8.307604841572419e-05,0.00016735242728384574
267.25,-0.003858027487017079,-30.001078941031622,0.0001029396500626667,0.00011332674112388399
267.5,-0.0038287652173614535,-30.001058549217603,0.00013115292369553916,4.980664563709928e-05
267.75,-0.003791013154718534,-30.00105410473813,0.00017086375067570936,-1.425619710731171e-05
268.0,-0.0037434193398231497,-30.00106584685072,0.00020988282321982021,-7.968469393856214e-05
268.25,-0.0036843853199296736,-30.001077444141714,0.00026239425258291205,-1.3100178974119453e-05
268.5,-0.0036134998146781475,-30.00107397834376,0.00030469412871898804,4.0822786349644636e-05
268.75,-0.0035293644113672347,-30.001057037099034,0.0003683859601772352,9.470268093269836e-05
269.0,-0.0034290345473067915,-30.001026597521033,0.00043425937871659215,0.0001488054792005476
269.25,-0.0033232009744122845,-30.00099198270542,0.0004124103105619392,0.00012811290977582685
269.5,-0.0032225923189485336,-30.00096454807408,0.0003924548706071493,9.136506467628599e-05
269.75,-0.0031260155718156072,-30.000945245987918,0.00038015857112207174,6.305235505733812e-05
270.0,-0.0030334786212356875,-30.000933539544043,0.00036013541620957823,3.060163580489199e-05
270.25,-0.0029417446924429984,-30.000925346961097,0.0003737322357140402,3.493975976395425e-05
270.5,-0.0028463220739890333,-30.000913421181842,0.000389649479723711,6.0466143115131826e-05
270.75,-0.002748107107647049,-30.00089773629919,0.0003960643682668005,6.501612358526484e-05
271.0,-0.0026454851376538783,-30.00088063089696,0.00042491231984884137,7.182522376944313e-05
271.25,-0.002548195129194577,-30.000861718800905,0.0003534049226157493,7.947856234012919e-05
271.5,-0.002468578630229364,-30.0008402737119,0.0002835306396232057,9.208648340153328e-05
271.75,-0.0024050076886006377,-30.000815043144566,0.00022503814443679965,0.00010976395662146546
272.0,-0.0023554935115424483,-30.00078663724588,0.00017107236307461332,0.00011748778716392669
272.25,-0.0023150022888347474,-30.000755430630946,0.00015285938327444515,0.0001321642895658541
272.5,-0.0022810167200404546,-30.00071965280692,0.0001190363044042686,0.00015406128029994034
272.75,-0.002253478474555863,-30.000678611344593,0.00010127353277251255,0.00017426959658327397
273.0,-0.0022324961407953967,-30.00063247954133,6.65864008023917e-05,0.00019478909475894828
273.25,-0.0022191884734863634,-30.00058357343942,3.9868314111519976e-05,0.00019646323466603375
273.5,-0.0022134699823358884,-30.00053561980318,5.87324343433171e-06,0.0001871705381030687
273.75,-0.0022171516873842603,-30.00048887167063,-3.533019580064661e-05,0.00018682223245595873
274.0,-0.0022313891225253734,-30.000444106452264,-7.856591864787571e-05,0.00017130002584651323
274.25,-0.002247952514727381,-30.000399287598274,-5.394190523115572e-05,0.00018724712079559345
274.5,-0.002256617854190013,-30.000348634713156,-1.5366458929189086e-05,0.0002179702604367479
274.75,-0.0022561808211014433,-30.00029300887087,1.8862002316481774e-05,0.0002270331061196492
275.0,-0.0022475263373621696,-30.000232891044096,5.037204862214095e-05,0.0002539093494232066
275.25,-0.0022328407639968027,-30.000176979114073,6.709894508983433e-05,0.00019338746920295773
275.5,-0.0022132053219665643,-30.00013896566566,8.99787573363231e-05,0.00011071667478287677
275.75,-0.0021892773484413794,-30.000120741925844,0.00010144147031379558,3.50730401982907e-05
276.0,-0.002160256536229787,-30.00011943386607,0.00013072588230209764,-2.4613623779536782e-05
276.25,-0.0021313067795264025,-30.00012927605074,0.00010087091112178509,-5.4120240709721703e-05
276.5,-0.0021108177706878643,-30.000147645275437,6.303741592265238e-05,-9.282939000381245e-05
276.75,-0.002098577706179941,-30.000174981693267,3.488693147281341e-05,-0.0001258614254212509
277.0,-0.0020945886475599654,-30.000210565454914,-2.9783289380511113e-06,-0.0001588056856468232
277.25,-0.0020902212552641247,-30.000252590522603,3.7916677059185444e-05,-0.00017739842687419495
277.5,-0.002076920006653893,-30.000297690841595,6.849718899898383e-05,-0.00018340707824657685
277.75,-0.0020550112905761515,-30.000345299478916,0.00010676921270864892,-0.00019746432604755482
278.0,-0.002023714579717557,-30.000394633646764,0.00014359676978167174,-0.00019721043965286199
278.25,-0.001981226917033386,-30.00043449529743,0.00019631815729728025,-0.00012168761580583527
278.5,-0.0019255353514763967,-30.00045587492685,0.0002492214820283001,-4.935841046717556e-05
278.75,-0.0018550926361373384,-30.00045861950697,0.0003143304443969583,2.7398479129636076e-05
279.0,-0.0017680376286362343,-30.000441911116177,0.00038211335051930445,0.0001062621379123637
279.25,-0.0016722329920163255,-30.00041202307061,0.0003843286584788441,0.00013284625133821163
279.5,-0.0015747171793480863,-30.00037597046282,0.00039579991942443465,0.0001555736526262569
279.75,-0.0014742255959293955,-30.000331662086225,0.0004081415144135195,0.00019889144775535962
280.0,-0.001372022683103283,-30.000277796928817,0.00040948071099208144,0.00023203388871534844
280.25,-0.0012746282291875128,-30.00022425068552,0.0003696733053065032,0.0001963403003908517
280.5,-0.0011862885047723962,-30.000181528361228,0.00033702938923223236,0.00014544017979405312
280.75,-0.0011057960103977294,-30.000150500934765,0.00030690076536718514,0.00010278547661876641
281.0,-0.001034453464303758,-30.000131123847265,0.00026383063354834535,5.223687712080658e-05
281.25,-0.000976640781162013,-30.00011886584082,0.00019866796622089455,4.583559671867504e-05
281.5,-0.0009350175482989846,-30.000109226182566,0.00013431001253533248,3.128883738487677e-05
281.75,-0.0009096262159938649,-30.00010111157598,6.882382833135747e-05,3.363499494290034e-05
282.0,-0.0009005951019981457,-30.00009149809839,3.426862932510988e-06,4.328304080145497e-05
282.25,-0.0008901764269919445,-30.000078392618136,7.99164267630964e-05,6.155333896550654e-05
282.5,-0.0008616747055584693,-30.00006000870213,0.00014809102820664138,8.55190400961574e-05
282.75,-0.0008157746784465034,-30.000037943758414,0.0002191142288420489,9.099349313869915e-05
283.0,-0.0007530117243716282,-30.00001421739097,0.00028298978544049475,9.880831747917525e-05
283.25,-0.000679120570337967,-29.999993817636813,0.00030813869880871175,6.438418018693304e-05
283.5,-0.0005985638656199569,-29.99998331245954,0.0003363023336972956,1.9654485387043477e-05
283.75,-0.0005098253693624413,-29.99998453236685,0.0003736008690592707,-2.941886030417989e-05
284.0,-0.0004126106755579193,-29.99999785774926,0.0004041188488131814,-7.718691872619206e-05
284.25,-0.00030576740907928073,-30.0000165757767,0.00045062566383205493,-7.255759818081535e-05
284.5,-0.0001857327624340155,-30.000033378695594,0.000509651765783832,-6.187354982751119e-05
284.75,-5.0735484605139804e-05,-30.000049855376766,0.0005703279608676032,-6.99439667466958e-05
285.0,9.705807473392694e-05,-30.00006585166015,0.0006120265684613838,-5.803377172000309e-05
285.25,0.00024479333203265277,-30.000079748906842,0.0005698575834611544,-5.314585245821292e-05
285.5,0.00038337760222063194,-30.00008952503896,0.0005388117015881905,-2.505506882083112e-05
285.75,0.0005154734377302603,-30.000094443788274,0.000517959143681461,-1.4295534169668247e-05
286.0,0.0006401988624345465,-30.00009549201122,0.00047984987769035536,5.915736274563056e-06
286.25,0.0007636249115009403,-30.000092116792572,0.0005075527626992593,2.1080035953804165e-05
286.5,0.0008944442914827136,-30.000084614895734,0.0005390013313958872,3.8931896075905585e-05
286.75,0.0010340165409660333,-30.000073824229222,0.0005775817851374626,4.7385585118781004e-05
287.0,0.0011820451600001013,-30.000059017411168,0.00060664642831329,7.106689266700832e-05
287.25,0.0013308173827240482,-30.000046102964337,0.0005835315201212984,3.224995234516402e-05
287.5,0.0014730590841522968,-30.00004277567888,0.0005543852312948003,-5.626695761472738e-06
287.75,0.0016096638194792556,-30.000048509938004,0.0005384509113956631,-4.0247676693743374e-05
288.0,0.001741321691504525,-30.00006395821001,0.0005148218222999559,-8.333987454584341e-05
288.25,0.0018643713788342076,-30.00008019295138,0.0004695755961803827,-4.6533178781326396e-05
288.5,0.0019787694589472305,-30.000089736773116,0.000445612770805022,-2.9813714810303105e-05
288.75,0.002084439230085637,-30.00009548598104,0.0003997450302711397,-1.6175471042854936e-05
289.0,0.0021804613660988616,-30.000096774389224,0.0003684402848235374,5.869737729692665e-06
289.25,0.002267559858840985,-30.000097370352485,0.0003283432768943634,-1.0634028686685565e-05
289.5,0.002342950549822159,-30.00010270550011,0.0002747801884246462,-3.2037012351029215e-05
289.75,0.0024054908949746132,-30.00011185323215,0.00022554004764154673,-4.11429801458944e-05
290.0,0.0024573285738205193,-30.00012395115008,0.00018916036209304377,-5.563313364962581e-05
290.25,0.002506212189013964,-30.000131027902306,0.00020191489173920774,-9.80600986891947e-07
290.5,0.002558652365434939,-30.00012667690963,0.0002176132709044848,3.578307325729938e-05
290.75,0.0026155093513711377,-30.000113946729893,0.00023724058323570246,6.605825191033929e-05
291.0,0.0026760020640987005,-30.000091779806073,0.00024670571375003114,0.00011128025429591751
291.25,0.0027419633504920026,-30.000062659384078,0.0002809879003340954,0.00012168129817472103
291.5,0.0028165816490225764,-30.00003197256089,0.00031594887160054513,0.0001238142735966694
291.75,0.0028977131023175764,-30.000002062026255,0.0003330921493510386,0.0001154722007173941
292.0,0.00298261493690968,-29.999973182561103,0.00034613132453557155,0.00011556243530943206
292.25,0.0030571272277172294,-29.999949265693484,0.00024995965047604207,7.578131451370822e-05
292.5,0.003108887710123131,-29.999932469850144,0.00016412394827971383,5.859551090278238e-05
292.75,0.0031385875964299805,-29.99992067278416,7.347633591437558e-05,3.579058209214927e-05
293.0,0.0031464062789146796,-29.999914743629578,-1.0930200044487193e-05,1.1656519421431505e-05
293.25,0.003147969024054927,-29.999906846800908,2.343677887065021e-05,5.151730549000111e-05
293.5,0.003156395448536074,-29.999887605768485,4.398034368504472e-05,0.00010240942109713327
293.75,0.0031717226205841952,-29.999858378958127,7.863528785240909e-05,0.00013140297013695273
294.0,0.003193954333967887,-29.99982190022443,9.923054022460687e-05,0.0001604208016646918
294.25,0.0032199042696938423,-29.999790944128694,0.00010836505593454782,8.723207444307324e-05
294.5,0.00324898889798073,-29.999778792227914,0.00012429666865141492,9.983558745236611e-06
294.75,0.003282842654081845,-29.999785669733452,0.00014652724110255505,-6.500628396363853e-05
295.0,0.003321002278229699,-29.999811786196428,0.00015873578682040757,-0.00014392105451825366
295.25,0.0033526667471685707,-29.999849130781612,9.457455236910883e-05,-0.00015482584632801663
295.5,0.0033680461681749787,-29.999889980209044,2.8457236385760754e-05,-0.00017195713865096544
295.75,0.003365697945547819,-29.999935664232815,-4.724365449605e-05,-0.00019350227868808532
296.0,0.0033462559301817205,-29.99998516681734,-0.00010829234608838306,-0.00020251285814459037
296.25,0.0033146799100521734,-30.00003446764188,-0.00014432157809073087,-0.00019189335311620522
296.5,0.003274756062374069,-30.00008097084573,-0.00017507382748607747,-0.00018012967512914392
296.75,0.003226701984382814,-30.000123059463345,-0.0002093629897397739,-0.00015657814470722167
297.0,0.003171419148145359,-30.000159991273936,-0.00023289208382306498,-0.0001388745423411719
297.25,0.003105260465333706,-30.000190887458043,-0.0002963807865648885,-0.00010828815523529566
297.5,0.003022311998562074,-30.00021283030924,-0.0003672016847857257,-6.725014028204975e-05
297.75,0.002924728728939645,-30.0002264917771,-0.0004134701448570005,-4.2031774493934946e-05
298.0,0.002815286854795281,-30.000233240933575,-0.0004620616069417119,-1.19585442525216e-05
298.25,0.002704080855871291,-30.000236502440902,-0.0004275942013376374,-1.4135672863676126e-05
298.5,0.002602243735130985,-30.00023977688249,-0.0003870968553133722,-1.2063411326940715e-05
298.75,0.0025104425605819336,-30.00024371513829,-0.00034731686613730106,-1.9443694512589224e-05
299.0,0.002428441905238558,-30.000247462923337,-0.00030868600340232255,-1.0543844533934834e-05
299.25,0.002357221395377141,-30.000250248101473,-0.0002610747514012954,-1.1739572430586832e-05
299.5,0.0023000951533185036,-30.00025443426093,-0.00019593724452564298,-2.175790917738695e-05
299.75,0.002259274819389584,-30.00025919064576,-0.00013061828386451424,-1.630357796112367e-05
300.0,0.0022346309684792027,-30.00026443101153,-6.654355979206911e-05,-2.5622333062647374e-05
