time_s,x_m_lo,x_m_hi,y_m_lo,y_m_hi,vx_mps_lo,vx_mps_hi,vy_mps_lo,vy_mps_hi
0.0,0.0,0.0,-97.5,-97.5,0.0,0.0,0.12,0.12
0.25,4.101875262415261e-06,4.1018752628367024e-06,-97.46939893336882,-97.46939893336877,3.3268353552186755e-05,3.326835355555825e-05,0.12480852991311407,0.12480852991311414
0.5,-5.479560526952515e-07,-5.479560508288581e-07,-97.43758233575366,-97.43758233575355,-7.000354706117391e-05,-7.000354705298589e-05,0.1297242607449347,0.1297242607449349
0.75,-3.8102343116506794e-05,-3.8102343112051434e-05,-97.4045348470658,-97.40453484706563,-0.00022996662011528455,-0.00022996662010276136,0.13465566383960137,0.13465566383960167
1.0,-8.625500309461146e-05,-8.62550030864833e-05,-97.37024193097463,-97.3702419309744,-0.00015478024831132742,-0.0001547802482944691,0.13968765780138861,0.13968765780138903
1.25,-0.00014602290679549087,-0.00014602290678260608,-97.33468705919925,-97.33468705919897,-0.00032288558490482886,-0.0003228855848836351,0.14475133225087924,0.1447513322508798
1.5,-0.00022797502222369397,-0.00022797502220496863,-97.29787664893715,-97.2978766489368,-0.00033226177624515413,-0.00033226177621962507,0.14973195073013468,0.14973195073013537
1.75,-0.00034038327700148033,-0.00034038327697583044,-97.25979806575275,-97.25979806575235,-0.0005665173411518174,-0.0005665173411219526,0.1548967368309902,0.15489673683099103
2.0,-0.0004895429492129827,-0.000489542949179324,-97.22042320427697,-97.22042320427651,-0.000626269290255271,-0.0006262692902210705,0.16010216060893837,0.16010216060893934
2.25,-0.0006483166638162123,-0.000648316663773461,-97.17976150034204,-97.17976150034153,-0.0006434406289208526,-0.0006434406288823163,0.16519147248965388,0.165191472489655
2.5,-0.0008107012140001624,-0.0008107012139472345,-97.13786402295449,-97.13786402295392,-0.0006551835465713147,-0.0006551835465284428,0.1699883477181345,0.16998834771813576
2.75,-0.0009696615497181724,-0.0009696615496541043,-97.09473456822327,-97.09473456822265,-0.0006160222051567823,-0.0006160222051105376,0.17504728643964174,0.17504728643964312
3.0,-0.0011454412030513232,-0.0011454412029752712,-97.05034309099933,-97.05034309099865,-0.0007897401339465564,-0.0007897401338969386,0.18008454773034988,0.1800845477303514
3.25,-0.0013588245571085188,-0.0013588245570195796,-97.00471783623371,-97.00471783623297,-0.0009168710791118143,-0.0009168710790583419,0.18491750238082438,0.18491750238082608
3.5,-0.0016035585642635883,-0.0016035585641607979,-96.95788815835382,-96.95788815835303,-0.001040548241635146,-0.0010405482415778182,0.18971993231878523,0.18971993231878706
3.75,-0.0018870125568774168,-0.0018870125567598114,-96.90982773857871,-96.90982773857786,-0.0012266082397136314,-0.0012266082396524482,0.19476344342421212,0.1947634434242141
4.0,-0.0022024981836511357,-0.0022024981835177507,-96.8605191689631,-96.86051916896218,-0.0012968109210467298,-0.001296810920981691,0.19970512011975308,0.19970512011975522
4.25,-0.002515359973055944,-0.0025153599729058154,-96.80996048155527,-96.8099604815543,-0.0012056064554289596,-0.0012056064553600655,0.20476437054427854,0.20476437054428084
4.5,-0.002856660354961456,-0.00285666035479362,-96.75815639681288,-96.75815639681186,-0.0015243343058220361,-0.001524334305749286,0.2096683374449284,0.20966833744493085
4.75,-0.0032236348158119032,-0.0032236348156253953,-96.70510475854735,-96.70510475854627,-0.0014109828320735516,-0.001410982831996946,0.21474475799271286,0.21474475799271547
5.0,-0.0035627852926578022,-0.003562785292451659,-96.65077718836615,-96.65077718836501,-0.0013017372802403243,-0.0013017372801598628,0.21987579315739822,0.219875793157401
5.25,-0.003872929282303052,-0.003872929282076309,-96.5951909731943,-96.59519097319311,-0.0011789491176504264,-0.0011789491175661089,0.22481391664104902,0.22481391664105196
5.5,-0.004168923608190944,-0.004168923607942637,-96.53834996007473,-96.53834996007348,-0.001188524680413818,-0.0011885246803256446,0.22991418921860834,0.22991418921861145
5.75,-0.004496513590737276,-0.0044965135904664385,-96.48023888995591,-96.4802388899546,-0.0014317181535277832,-0.0014317181534357535,0.23497439466057976,0.23497439466058304
6.0,-0.004844076653272406,-0.004844076652978075,-96.4208581154279,-96.42085811542654,-0.0013483058168897353,-0.0013483058167938493,0.24007179369958612,0.2400717936995896
6.25,-0.005183739781689194,-0.0051837397813704065,-96.36021003842033,-96.36021003841891,-0.0013685239937705907,-0.0013685239936708485,0.24511282426739434,0.24511282426739797
6.5,-0.00554393897768153,-0.005543938977337321,-96.29828706128019,-96.29828706127871,-0.001512583315664789,-0.0015125833155611903,0.25027100643591466,0.2502710064359186
6.75,-0.005939475446959266,-0.005939475446588672,-96.23505802735549,-96.23505802735396,-0.0016512097322461297,-0.0016512097321386742,0.2555612780317075,0.2555612780317117
7.0,-0.006362317375581291,-0.006362317375183347,-96.17057377899,-96.17057377898841,-0.001731077796284103,-0.0017310777961727908,0.26031271642245435,0.26031271642245885
7.25,-0.006800747798416014,-0.006800747797989756,-96.1048687366203,-96.10486873661866,-0.0017758928481632099,-0.0017758928480480407,0.26532762676051685,0.26532762676052163
7.5,-0.0072641538919124855,-0.00726415389145695,-96.03790634258365,-96.03790634258195,-0.001930880431153599,-0.0019308804310345725,0.27037154014522424,0.2703715401452293
7.75,-0.007738448169771614,-0.007738448169285835,-95.9696783933525,-95.96967839335073,-0.0018629948747280033,-0.0018629948746051194,0.2754520473039892,0.27545204730399453
8.0,-0.008213978346809654,-0.008213978346292665,-95.90020192492022,-95.90020192491839,-0.0019407839208939446,-0.0019407839207672031,0.28035970748845285,0.28035970748845845
8.25,-0.00869409526938897,-0.008694095268839805,-95.82947482627408,-95.82947482627219,-0.0018996709538183503,-0.0018996709536877512,0.28545707780475804,0.2854570778047639
8.5,-0.009169393966326569,-0.009169393965744265,-95.75748858941394,-95.75748858941199,-0.0019022495824114406,-0.001902249582276984,0.2904328173196911,0.29043281731969733
8.75,-0.009647489706806485,-0.009647489706190079,-95.68423825213097,-95.68423825212896,-0.001922032092704771,-0.0019220320925664564,0.29556988280942936,0.29556988280943586
9.0,-0.01011435066884821,-0.010114350668196735,-95.6097354211362,-95.60973542113413,-0.001812395318613964,-0.0018123953184717913,0.300452754812375,0.3004527548123818
9.25,-0.010563708892899313,-0.010563708892211806,-95.53398131499927,-95.53398131499715,-0.0017819871377239092,-0.0017819871375778782,0.3055800914163324,0.30558009141633957
9.5,-0.011015430601088708,-0.011015430600364204,-95.45697706467644,-95.45697706467426,-0.0018313270933721284,-0.001831327093222239,0.3104539158183702,0.31045391581837767
9.75,-0.011460127772881766,-0.011460127772119301,-95.37875252716546,-95.37875252716323,-0.001725789465720926,-0.0017257894655671776,0.3153423743195372,0.315342374319545
10.0,-0.011906328311077853,-0.011906328310276462,-95.29928833665332,-95.29928833665103,-0.0018433407946341043,-0.0018433407944764971,0.32037116086063155,0.3203711608606396
10.25,-0.012381486211087889,-0.012381486210246605,-95.21857340779708,-95.21857340779472,-0.0019574532360290744,-0.001957453235867607,0.3253482807481346,0.325348280748143
10.5,-0.012867696380588267,-0.012867696379706127,-95.13660045907505,-95.13660045907264,-0.0019317485903321357,-0.0019317485901668094,0.33043530660484544,0.3304353066048541
10.75,-0.013354835185638493,-0.01335483518471453,-95.05335447451807,-95.05335447451559,-0.0019648813550978404,-0.0019648813549286537,0.33553257297505096,0.33553257297505995
11.0,-0.013831797530439617,-0.01383179752947287,-94.96886347412622,-94.96886347412368,-0.0018503590079596954,-0.001850359007786649,0.34039541936276146,0.3403954193627708
11.25,-0.014278141368375685,-0.014278141367365186,-94.883158023052,-94.8831580230494,-0.0017199342464601533,-0.0017199342462832468,0.3452481769347265,0.34524817693473614
11.5,-0.014715623669243989,-0.014715623668188774,-94.79621680506386,-94.7962168050612,-0.0017794496793444455,-0.001779449679163679,0.35028157258172227,0.35028157258173226
11.75,-0.015130479315751878,-0.015130479314650981,-94.70802615395156,-94.70802615394885,-0.0015389277353093725,-0.0015389277351247456,0.35524361364036466,0.355243613640375
12.0,-0.015518457686712799,-0.015518457685565255,-94.618566848333,-94.61856684833023,-0.0015644102406688987,-0.0015644102404804114,0.3604308337108836,0.36043083371089424
12.25,-0.015917237128854223,-0.01591723712765906,-94.52784827674678,-94.52784827674395,-0.0016253646197884619,-0.001625364619596114,0.3653177447258858,0.3653177447258968
12.5,-0.016327298356597415,-0.01632729835535367,-94.43593273802567,-94.43593273802279,-0.0016546832031308057,-0.001654683202934597,0.370006567807408,0.3700065678074193
12.75,-0.0167475889676224,-0.016747588966329104,-94.3428081892295,-94.34280818922656,-0.0017071719280339665,-0.0017071719278338967,0.3749898275108668,0.37498982751087845
13.0,-0.01717941358220591,-0.0171794135808621,-94.24844710708781,-94.24844710708481,-0.0017469622341402045,-0.0017469622339362733,0.37989883337429736,0.3798988333743094
13.25,-0.017613406485362637,-0.017613406483967347,-94.15284317794071,-94.15284317793764,-0.0017245064746735275,-0.0017245064744657345,0.38493259768566257,0.38493259768567495
13.5,-0.018020936051375214,-0.01802093604992748,-94.0559846302359,-94.05598463023277,-0.001535258417352615,-0.0015352584171409599,0.38993576611065267,0.3899357661106654
13.75,-0.018405887012061806,-0.01840588701056066,-93.95788199375964,-93.95788199375644,-0.0015438826826497376,-0.0015438826824342206,0.3948853265127574,0.3948853265127705
14.0,-0.018768603752135727,-0.018768603750580204,-93.85853522777899,-93.85853522777572,-0.0013573795674729188,-0.0013573795672535392,0.39988878374915204,0.39988878374916553
14.25,-0.019107947191454724,-0.01910794718984386,-93.75793573021075,-93.75793573020742,-0.0013568948628352893,-0.0013568948626120473,0.4049071967512822,0.404907196751296
14.5,-0.019441437280994976,-0.019441437279327806,-93.6560938237287,-93.65609382372531,-0.001310561966227126,-0.0013105619660000215,0.40982805073702067,0.4098280507370348
14.75,-0.019754341888764213,-0.01975434188703977,-93.55300240509175,-93.55300240508831,-0.001192196450110509,-0.0011921964498795416,0.41490328719926034,0.4149032871992749
15.0,-0.020069138049656873,-0.02006913804787419,-93.4486550367883,-93.44865503678479,-0.0013257040884487236,-0.0013257040882138928,0.41987567181580265,0.4198756718158176
15.25,-0.020393820361616445,-0.02039382035977456,-93.34308376163915,-93.34308376163558,-0.0012713001353294934,-0.0012713001350907992,0.42469452424834747,0.4246945242483628
15.5,-0.02073367091978076,-0.020733670917878706,-93.23631429766623,-93.2363142976626,-0.0014470549793752796,-0.0014470549791327214,0.429461204105505,0.42946120410552063
15.75,-0.021099454095478296,-0.021099454093515102,-93.12831338488323,-93.12831338487953,-0.0014787310780544106,-0.0014787310778079886,0.43454610114517744,0.4345461011451935
16.0,-0.02145951857101425,-0.021459518568988954,-93.01907033222861,-93.01907033222484,-0.0014013273148777694,-0.0014013273146274829,0.43939831279436137,0.43939831279437774
16.25,-0.021802855548767,-0.021802855546678636,-92.90860503612197,-92.90860503611815,-0.0013449041610148554,-0.0013449041607607043,0.4443240507393809,0.4443240507393977
16.5,-0.022137529831489765,-0.022137529829337366,-92.79690311577176,-92.79690311576786,-0.0013320218385216723,-0.0013320218382636565,0.4492913108480468,0.44929131084806395
16.75,-0.022473701205338995,-0.022473701203121595,-92.68393935164407,-92.68393935164012,-0.0013568657833597287,-0.001356865783097848,0.4544188045159765,0.45441880451599403
17.0,-0.022809849340864666,-0.0228098493385813,-92.56969110729564,-92.56969110729163,-0.001331833966208118,-0.0013318339659423722,0.45956714791164105,0.4595671479116589
17.25,-0.023117108803139733,-0.02311710880078943,-92.45415860432058,-92.45415860431652,-0.0011257585267611576,-0.0011257585264915462,0.46469285646009223,0.4646928564601105
17.5,-0.02338862842071406,-0.023388628418295854,-92.33735378931638,-92.33735378931226,-0.0010459220767837013,-0.0010459220765102243,0.46974565604667695,0.4697456560466956
17.75,-0.02366485260114894,-0.02366485259866187,-92.21929290435182,-92.21929290434763,-0.0011634004063616101,-0.001163400406084267,0.47474143474600494,0.474741434746024
18.0,-0.023918878494112172,-0.02391887849155527,-92.09999616970116,-92.09999616969691,-0.0008683456539504921,-0.000868345653669283,0.47963241464158,0.47963241464159945
18.25,-0.02412863859624648,-0.024128638593618777,-91.97945666110523,-91.97945666110091,-0.000809258963812391,-0.0008092589635273159,0.48468364855537394,0.48468364855539375
18.5,-0.024307314945988513,-0.024307314943289044,-91.85764483956949,-91.85764483956511,-0.0006196684623142731,-0.0006196684620253316,0.4898109058560638,0.489810905856084
18.75,-0.024456898006515074,-0.024456898003742872,-91.7345897148967,-91.73458971489227,-0.0005765416909835696,-0.0005765416906907616,0.49463008746043746,0.49463008746045806
19.0,-0.024590486825911084,-0.024590486823065184,-91.61029434152566,-91.61029434152117,-0.0004916877906318872,-0.0004916877903352124,0.49973289150803135,0.49973289150805233
19.25,-0.02470986825699243,-0.024709868254071864,-91.48478263770066,-91.4847826376961,-0.00046292736160977806,-0.00046292736130923657,0.5043607363806659,0.5043607363806875
19.5,-0.024803736083201414,-0.024803736080205214,-91.35807486539261,-91.35807486538798,-0.00028754945243932755,-0.0002875494521349188,0.5093014255492869,0.509301425549309
19.75,-0.024875020639682135,-0.024875020636609336,-91.23013439688366,-91.23013439687897,-0.00028226306623879027,-0.00028226306593051413,0.5142223220241454,0.5142223220241682
20.0,-0.024942859194284385,-0.02494285919113402,-91.10094629440555,-91.10094629440079,-0.0002599683057308456,-0.00025996830541870174,0.5192824956990524,0.5192824956990758
20.25,-0.02500881157578786,-0.02500881157255896,-90.97049322679466,-90.97049322678984,-0.00026717373993364604,-0.00026717373961763406,0.5243420458675893,0.5243420458676133
20.5,-0.025053100631704985,-0.025053100628396587,-90.83880319609229,-90.83880319608741,-8.668276110614825e-05,-8.66827607862676e-05,0.529178182734798,0.5291781827348228
20.75,-0.025064755547905482,-0.025064755544516617,-90.7058739800455,-90.70587398004056,-6.077874773308428e-06,-6.077874449558812e-06,0.534255538040246,0.5342555380402714
21.0,-0.025066761010487056,-0.025066761007016755,-90.57170171396923,-90.57170171396423,-9.506958044924533e-06,-9.50695771730575e-06,0.5391225908934258,0.5391225908934519
21.25,-0.02508306182007952,-0.025083061816526815,-90.43628350820197,-90.43628350819691,-0.00012041864599850946,-0.00012041864566702097,0.5442230657017029,0.5442230657017295
21.5,-0.025081451779528578,-0.025081451775892504,-90.29959357964695,-90.29959357964184,0.00013377728137087134,0.00013377728170623033,0.5492963387729035,0.5492963387729308
21.75,-0.02504443405456924,-0.025044434050848826,-90.1616475013148,-90.16164750130963,0.00016283365891648225,0.00016283365925571174,0.5542722851450247,0.5542722851450526
22.0,-0.024992791349754455,-0.024992791345948735,-90.02244709163766,-90.02244709163242,0.00025078492450029976,0.0002507849248434003,0.5593309839802834,0.5593309839803118
22.25,-0.02489323626612609,-0.024893236262234095,-89.882018416886,-89.8820184168807,0.0005461052334815269,0.0005461052338284994,0.5640983861902302,0.5640983861902593
22.5,-0.02473924105468461,-0.024739241050705373,-89.74036413025219,-89.74036413024682,0.0006863314213871205,0.000686331421737965,0.5691358936598847,0.5691358936599145
22.75,-0.024558826434032826,-0.02455882642996538,-89.59746936802522,-89.59746936801977,0.000757446255822236,0.0007574462561769528,0.5740221974514015,0.5740221974514318
23.0,-0.02432247021419139,-0.024322470210034766,-89.45332825870311,-89.45332825869761,0.0011338829046388503,0.0011338829049974408,0.5791066416349878,0.5791066416350188
23.25,-0.024021995396966967,-0.0240219953927202,-89.30794783014278,-89.30794783013721,0.0012703710684816801,0.0012703710688441443,0.5839367739797446,0.5839367739797763
23.5,-0.023699419236765683,-0.023699419232427802,-89.16131358244026,-89.16131358243463,0.0013107285638425403,0.0013107285642088783,0.5891372038357029,0.5891372038357352
23.75,-0.023358201882135197,-0.023358201877705233,-89.0133906119626,-89.01339061195692,0.0014194920394493577,0.0014194920398195702,0.5942465497314219,0.5942465497314549
24.0,-0.02299183433783536,-0.022991834333312346,-88.86420034260149,-88.86420034259574,0.001511922514567631,0.0015119225149417184,0.5992755964433486,0.5992755964433822
24.25,-0.02261526855054605,-0.022615268545929015,-88.7137633697498,-88.71376336974399,0.0015010700224587115,0.001501070022836674,0.6042201873935753,0.6042201873936096
24.5,-0.022242076607066955,-0.02224207660235493,-88.56207940862734,-88.56207940862146,0.0014849399400028017,0.0014849399403846395,0.6092515031070669,0.6092515031071019
24.75,-0.021851405889995217,-0.021851405885187233,-88.4091346294497,-88.40913462944374,0.001640902466996913,0.001640902467382627,0.6143067156100852,0.6143067156101208
25.0,-0.021417943759592564,-0.02141794375468765,-88.25492168299259,-88.25492168298656,0.0018272745448629807,0.0018272745452525714,0.6193968384757601,0.6193968384757964
25.25,-0.020921577078796234,-0.020921577073793426,-88.09944890350765,-88.09944890350155,0.0021441293018880964,0.002144129302281565,0.6243853675307639,0.6243853675308009
25.5,-0.020380287261302997,-0.020380287256201324,-87.94271844794297,-87.94271844793681,0.0021866676006767416,0.0021866676010740887,0.6294582729763721,0.6294582729764099
25.75,-0.01980223449975174,-0.01980223449455023,-87.78474503745177,-87.78474503744555,0.002438213797535308,0.0024382137979365344,0.6343289872375227,0.6343289872375613
26.0,-0.019148848399789125,-0.01914884839448681,-87.62552197536836,-87.62552197536206,0.0027893584346111878,0.002789358435016294,0.6394554763238962,0.6394554763239354
26.25,-0.018415014310085836,-0.018415014304681745,-87.46502428997988,-87.46502428997351,0.003081792449920581,0.003081792450329567,0.6445259792133177,0.6445259792133575
26.5,-0.01762863081901213,-0.017628630813505294,-87.30327813579129,-87.30327813578486,0.003209739206440453,0.003209739206853319,0.6494432422327142,0.6494432422327548
26.75,-0.016830426725186205,-0.01683042671957565,-87.14028218743623,-87.14028218742973,0.0031763727209896168,0.003176372721406363,0.6545243477538527,0.654524347753894
27.0,-0.016043341298318567,-0.016043341292603326,-86.9760193752041,-86.97601937519755,0.0031207872953291312,0.003120787295749758,0.6595781553439395,0.6595781553439815
27.25,-0.015268732760812224,-0.015268732754991333,-86.81050528433754,-86.81050528433092,0.0030765484223841924,0.0030765484228087,0.6645345757596659,0.6645345757597085
27.5,-0.01447333374338367,-0.01447333373745616,-86.64375489422565,-86.64375489421897,0.0032871090194632703,0.00328710901989166,0.6694685252838319,0.6694685252838752
27.75,-0.013636042437295258,-0.013636042431260159,-86.47574586756458,-86.47574586755783,0.0034117057077481406,0.0034117057081804124,0.6746036762579395,0.6746036762579835
28.0,-0.012759928494885048,-0.012759928488741388,-86.30644770522436,-86.30644770521754,0.003597694149352268,0.003597694149788423,0.6797816049290317,0.6797816049290765
28.25,-0.011814119608792174,-0.011814119602538984,-86.13585611664828,-86.13585611664139,0.003969264470278217,0.003969264470718256,0.6849510686479384,0.6849510686479839
28.5,-0.01079921309352686,-0.010799213087163166,-85.96399700328973,-85.96399700328277,0.004150456459180577,0.004150456459624502,0.6899218211378664,0.6899218211379127
28.75,-0.009727518112987176,-0.009727518106512007,-85.79089599041126,-85.79089599040422,0.004423571605941261,0.004423571606389072,0.6948862561407572,0.6948862561408042
29.0,-0.00858084882181125,-0.008580848815223634,-85.61654072563367,-85.61654072562656,0.00475026086893484,0.004750260869386538,0.6999558312797576,0.6999558312798054
29.25,-0.007369838215879405,-0.0073698382091783735,-85.44093565850496,-85.44093565849778,0.004938288867272913,0.004938288867728498,0.7048846880228027,0.7048846880228512
29.5,-0.006102671651442293,-0.006102671644626874,-85.26409455046027,-85.26409455045302,0.0051995114315994614,0.005199511432058934,0.7098441517066925,0.7098441517067416
29.75,-0.004800336526650217,-0.00480033651971944,-85.08601967648495,-85.08601967647763,0.0052196327569971395,0.005219632757460499,0.7147548381990535,0.7147548381991035
30.0,-0.003466284810859702,-0.0034662848038125955,-84.90669191025538,-84.906691910248,0.005453263185282723,0.00545326318574997,0.7198672696109246,0.7198672696109752
30.25,-0.0020736768208584454,-0.0020736768136940384,-84.72611087742783,-84.72611087742038,0.005688064223661477,0.005688064224132612,0.7247809708725594,0.7247809708726107
30.5,-0.0006173420607339818,-0.000617342053451303,-84.54432370620283,-84.54432370619531,0.005963060546321768,0.005963060546796793,0.7295163730008248,0.7295163730008769
30.75,0.0008917058586810148,0.0008917058660828777,-84.36132368901642,-84.36132368900883,0.0061097913771995605,0.006109791377677993,0.7344837506568791,0.7344837506569319
31.0,0.00244153643450277,0.002441536442024851,-84.1770618567291,-84.17706185672144,0.0062893368665870985,0.006289336867070384,0.7396108907142412,0.7396108907142949
31.25,0.0040151464467696905,0.004015146454413205,-83.99152462065175,-83.99152462064401,0.006300022061061886,0.006300022061550024,0.74468699689741,0.7446869968974644
31.5,0.005595760555974221,0.005595760563740381,-83.80474421335211,-83.8047442133443,0.006345350141665127,0.006345350142158119,0.7495562572264048,0.7495562572264599
31.75,0.007179384584082616,0.007179384591972636,-83.61675737475565,-83.61675737474778,0.0063240932043300896,0.006324093204827936,0.7543384535496482,0.7543384535497041
32.0,0.00874590424480756,0.008745904252822657,-83.42755004334845,-83.4275500433405,0.006208534014367042,0.006208534014869743,0.7593202086031743,0.7593202086032309
32.25,0.01031262673240178,0.010312626740543169,-83.23709206889112,-83.2370920688831,0.006325719742550637,0.006325719743058194,0.7643435760073454,0.7643435760074027
32.5,0.011908064706567247,0.01190806471483614,-83.04540253895249,-83.0454025389444,0.0064382395937121065,0.006438239594224519,0.7691726528934526,0.7691726528935107
32.75,0.01351248024770882,0.013512480256106433,-82.8524661907109,-82.85246619070274,0.006397570110830652,0.0063975701113479205,0.7743181368738278,0.7743181368738865
33.0,0.01516328744958963,0.015163287458117175,-82.65822019990479,-82.65822019989656,0.006809390435476595,0.006809390435998721,0.7796497507486091,0.7796497507486685
33.25,0.016925102708008552,0.01692510271666725,-82.46269923687075,-82.46269923686245,0.00728559088600681,0.007285590886533793,0.7845179086274933,0.7845179086275534
33.5,0.018803132576090693,0.018803132584881758,-82.26595457571912,-82.26595457571075,0.0077391123538247735,0.007739112354356615,0.7894393378274963,0.7894393378275573
33.75,0.020772540970250913,0.020772540979175563,-82.06800060771056,-82.06800060770212,0.008016603233635618,0.008016603234172323,0.794192380079201,0.7941923800792626
34.0,0.02281730669594473,0.022817306705004183,-81.86882755666022,-81.86882755665171,0.008341994265406619,0.008341994265948185,0.799191997645633,0.7991919976456954
34.25,0.024928643064866054,0.02492864307406152,-81.66839780588258,-81.668397805874,0.008549173516500306,0.008549173517046735,0.8042459890427556,0.8042459890428187
34.5,0.02708867176773779,0.02708867177707049,-81.46669983343868,-81.46669983343003,0.008731536507932415,0.008731536508483706,0.8093377733153843,0.8093377733154482
34.75,0.029298853181640695,0.02929885319111184,-81.2637506483879,-81.26375064837917,0.008950378820106073,0.008950378820662228,0.8142556864585103,0.814255686458575
35.0,0.031564990413917186,0.03156499042352807,-81.05956112496848,-81.05956112495967,0.009179191254941068,0.009179191255502568,0.8192604793245254,0.8192604793245909
35.25,0.03386131719626143,0.033861317206013326,-80.85412888993999,-80.8541288899311,0.009191888826421602,0.009191888826987966,0.8241973997065024,0.8241973997065687
35.5,0.03614429784465387,0.036144297854547994,-80.6474699553538,-80.64746995534485,0.00907241650249851,0.009072416503069738,0.8290740882471127,0.8290740882471798
35.75,0.038427088661157495,0.03842708867119506,-80.43959230974188,-80.43959230973286,0.009190369821379725,0.00919036982195582,0.8339470655277109,0.8339470655277788
36.0,0.04072259239774927,0.0407225924079315,-80.2304868575807,-80.23048685757159,0.009174127078687472,0.009174127079268433,0.8388965532933839,0.8388965532934525
36.25,0.04307773615448056,0.043077736164808665,-80.02016194504142,-80.02016194503224,0.009667476477810157,0.009667476478395986,0.8437027005078309,0.8437027005079003
36.5,0.04549725842407141,0.04549725843454661,-79.80861583736328,-79.80861583735403,0.009689170023245701,0.009689170023836395,0.8486661588722226,0.8486661588722928
36.75,0.04792396829957537,0.047923968310198885,-79.59580234822684,-79.59580234821752,0.009724997326337645,0.009724997326933207,0.8538417508416881,0.8538417508417591
37.0,0.050401866010136666,0.050401866020909715,-79.38170952541311,-79.3817095254037,0.010098661723836482,0.010098661724436913,0.8589007964390861,0.858900796439158
37.25,0.05294514675176198,0.052945146762685774,-79.16634226182879,-79.1663422618193,0.01024806888791494,0.010248068888520239,0.8640372981496021,0.8640372981496747
37.5,0.05553281754829831,0.055532817559374066,-78.9497092563103,-78.94970925630072,0.010453768304077694,0.010453768304687862,0.8690267266051191,0.8690267266051925
37.75,0.058186972615400165,0.058186972626629106,-78.73182269601172,-78.73182269600206,0.010779947736559657,0.010779947737174696,0.8740657250313979,0.8740657250314722
38.0,0.06088422829788693,0.06088422830927027,-78.5126784879869,-78.51267848797717,0.01079857165145403,0.01079857165207394,0.8790879374114396,0.8790879374115148
38.25,0.06360486212370822,0.0636048621352472,-78.29228825737893,-78.29228825736911,0.010966965697308494,0.010966965697933276,0.8840338915763237,0.8840338915763997
38.5,0.06635567765229138,0.06635567766398721,-78.0706218667483,-78.0706218667384,0.01104005520121803,0.011040055201847683,0.8892972265779904,0.8892972265780672
38.75,0.06913475002117561,0.06913475003302953,-77.8476790172863,-77.84767901727633,0.011192990725213684,0.011192990725848208,0.8942455546993996,0.8942455546994773
39.0,0.07195683189028815,0.07195683190230137,-77.62346978603765,-77.62346978602761,0.011384153308763157,0.011384153309402553,0.8994282772670655,0.899428277267144
39.25,0.07482573882090252,0.07482573883307625,-77.39798098515986,-77.39798098514974,0.011567579073146107,0.011567579073790378,0.9044821124619941,0.9044821124620733
39.5,0.07772725981910686,0.07772725983144234,-77.17124740602988,-77.17124740601969,0.011645051765943699,0.011645051766592843,0.9093865132739275,0.9093865132740077
39.75,0.08062541668320451,0.08062541669570295,-76.94326502093212,-76.94326502092186,0.011540683127066369,0.011540683127720386,0.9144725773482871,0.9144725773483681
40.0,0.08354956324138203,0.08354956325404464,-76.71402440663435,-76.71402440662402,0.011852959297527457,0.011852959298186349,0.9194523075924873,0.9194523075925691
40.25,0.08656273654500328,0.08656273655783128,-76.48353138723917,-76.48353138722877,0.012252902740198988,0.012252902740862756,0.9244918098623026,0.9244918098623853
40.5,0.08966143963194896,0.08966143964494357,-76.25180661311329,-76.2518066131028,0.012537176368850085,0.012537176369518729,0.9293063563435208,0.9293063563436044
40.75,0.09281736834025055,0.09281736835341298,-76.01886113285137,-76.0188611328408,0.012710720595772891,0.012710720596446411,0.9342574693902415,0.934257469390326
41.0,0.09602341003947973,0.0960234100528112,-75.7846735252431,-75.78467352523244,0.01293808358408247,0.012938083584760868,0.9392433700403424,0.9392433700404277
41.25,0.09928093249560774,0.09928093250910948,-75.54922435502075,-75.54922435501003,0.013122578039206858,0.013122578039890134,0.9443499743443239,0.9443499743444099
41.5,0.10255164496016149,0.10255164497383472,-75.31250042410377,-75.31250042409296,0.0130436022301302,0.013043602230818354,0.9494414804376641,0.949441480437751
41.75,0.10583697922732671,0.10583697924117265,-75.07452095086134,-75.07452095085046,0.01323953938577122,0.013239539386464253,0.9543942870289186,0.9543942870290064
42.0,0.10915480341457212,0.10915480342859199,-74.8352820525643,-74.83528205255332,0.013303537604778457,0.013303537605476368,0.9595168933139074,0.959516893313996
42.25,0.11247909216133989,0.1124790921755349,-74.59477197891518,-74.59477197890412,0.01329124871627594,0.01329124871697873,0.9645636970379154,0.9645636970380049
42.5,0.11580765166915245,0.11580765168352382,-74.35300540524126,-74.35300540523012,0.013337699770542652,0.013337699771250322,0.9695688879741872,0.9695688879742775
42.75,0.11916839953103864,0.11916839954558758,-74.10999313662133,-74.1099931366101,0.013548751326679351,0.013548751327391903,0.9745292410874787,0.97452924108757
43.0,0.12257216146134738,0.12257216147607512,-73.86573577455322,-73.86573577454192,0.013681816100619257,0.01368181610133669,0.9795296429121985,0.9795296429122905
43.25,0.12602161640469212,0.12602161641959994,-73.62026076667023,-73.62026076665884,0.01391427095866157,0.013914270959383884,0.9842703982359582,0.9842703982360511
43.5,0.12953224154683257,0.12953224156192172,-73.37357072121279,-73.37357072120133,0.01417120021380278,0.014171200214529977,0.9892499412003155,0.9892499412004093
43.75,0.1330898756705822,0.13308987568585387,-73.12565407533629,-73.12565407532475,0.014290329028677957,0.014290329029410038,0.9940832145804044,0.9940832145804991
44.0,0.13668492763929765,0.13668492765475307,-72.87655694987942,-72.87655694986779,0.014470521981739572,0.014470521982476536,0.9986937720861406,0.9986937720862362
44.25,0.14031555073586482,0.14031555075150523,-72.62627131298458,-72.62627131297288,0.014574925114159037,0.014574925114900885,1.0035913132295469,1.0035913132296437
44.5,0.1439621777454951,0.1439621777613217,-72.37474233802641,-72.37474233801461,0.014598567584549083,0.014598567585295815,1.008640484207094,1.008640484207192
44.75,0.14760577965292404,0.14760577966893804,-72.12194215897276,-72.12194215896089,0.01455073101803595,0.014550731018787568,1.013760952732356,1.0137609527324554
45.0,0.15126585643555662,0.15126585645175925,-71.86788669793518,-71.86788669792323,0.014730347855020115,0.01473034785577662,1.018682718634133,1.0186827186342338
45.25,0.15493773294029559,0.15493773295668806,-71.6126131201558,-71.61261312014376,0.014645119503266815,0.014645119504028206,1.0235059116365228,1.023505911636625
45.5,0.15861748274755166,0.1586174827641352,-71.35610746015907,-71.35610746014694,0.014793354098876684,0.014793354099642964,1.0285393543619827,1.0285393543620862
45.75,0.16229719709750062,0.16229719711427648,-71.09833960859692,-71.09833960858471,0.014644838736864441,0.01464483873763561,1.0336034721375607,1.0336034721376655
46.0,0.16596979453131958,0.16596979454828895,-70.83931962366964,-70.83931962365735,0.014736408285523193,0.014736408286299251,1.0385563986476452,1.0385563986477513
46.25,0.16962573836003314,0.16962573837719724,-70.57906765016945,-70.57906765015707,0.014511605187379156,0.014511605188160104,1.043459410548696,1.0434594105488035
46.5,0.17322827440549252,0.17322827442285257,-70.31759544234536,-70.3175954423329,0.014309141848333484,0.014309141849119323,1.048318271132518,1.0483182711326269
46.75,0.17678875667372435,0.1767887566912816,-70.05492197498278,-70.05492197497023,0.014175164813404152,0.014175164814194882,1.0530694803998326,1.0530694803999427
47.0,0.18032183066231908,0.18032183068007476,-69.79103762391449,-69.79103762390186,0.014089893015427207,0.014089893016222831,1.0580053361861055,1.058005336186217
47.25,0.18383987118269338,0.1838398712006487,-69.5259013148587,-69.52590131484598,0.01405491063669323,0.014054910637493747,1.0630851395586363,1.063085139558749
47.5,0.18732207082135074,0.187322070839507,-69.25952797565886,-69.25952797564605,0.013803141127629622,0.013803141128435515,1.0679015977773019,1.067901597777416
47.75,0.19072477679823474,0.1907247768165932,-68.99194112875533,-68.99194112874244,0.013418968415694295,0.013418968416505084,1.0727932136711686,1.072793213671284
48.0,0.1940536082521645,0.1940536082707264,-68.7231152940393,-68.72311529402633,0.013212157061745342,0.013212157062561026,1.0778134835555482,1.077813483555665
48.25,0.1973025143680177,0.19730251438678428,-68.45302288167117,-68.45302288165811,0.012779574381790457,0.01277957438261104,1.0829258561737896,1.0829258561739077
48.5,0.20047792711404874,0.20047792713302118,-68.18165817989511,-68.18165817988196,0.012624205711500884,0.012624205712326364,1.087991772683198,1.0879917726833175
48.75,0.20362750173175181,0.20362750175093136,-67.90903290844392,-67.90903290843069,0.012572864892936318,0.012572864893766697,1.0930104037669972,1.093010403767118
49.0,0.20673133707027896,0.20673133708966684,-67.63515402311151,-67.6351540230982,0.012258290685766827,0.012258290686602105,1.0980207085507192,1.0980207085508413
49.25,0.20973138232719676,0.20973138234679417,-67.36005369147321,-67.3600536914598,0.011742520745697,0.011742520746537179,1.1027819931830183,1.1027819931831417
49.5,0.2126333733803762,0.21263337340018434,-67.08376580110372,-67.08376580109022,0.011473854954429565,0.011473854955274644,1.1075211551030353,1.10752115510316
49.75,0.2154496216391284,0.21544962165914855,-66.80627805178538,-66.8062780517718,0.011056589743190192,0.011056589744040174,1.1123808787838776,1.1123808787840037
50.0,0.21810928627776252,0.2181092862979959,-66.52758263733332,-66.52758263731965,0.010221180491969371,0.010221180492824257,1.1171825155956638,1.1171825155957913
50.25,0.2205973165246666,0.22059731654511444,-66.2477712521922,-66.24777125217842,0.009683450891963435,0.009683450892823225,1.1213086162310841,1.121308616231213
50.5,0.22294798791249643,0.22294798793315992,-65.96690377883705,-65.9669037788232,0.009122328124153676,0.009122328125018371,1.1256312235132764,1.1256312235134065
50.75,0.22515260914316335,0.22515260916404375,-65.68500420089643,-65.68500420088247,0.008515012995221416,0.008515012996091018,1.1295654572699774,1.1295654572701088
51.0,0.2271994203033979,0.22719942032449644,-65.40207577626617,-65.40207577625213,0.007859881694281569,0.007859881695156078,1.1338620015383973,1.1338620015385301
51.25,0.22909317878930555,0.22909317881062344,-65.11821331534514,-65.11821331533102,0.007290485905879303,0.007290485906758716,1.137037739512989,1.137037739513123
51.5,0.23087724632588008,0.23087724634741857,-64.83357623438023,-64.833576234366,0.006982339511928635,0.0069823395128129516,1.1400589372587986,1.1400589372589343
51.75,0.23257532269877065,0.23257532272053097,-64.54817728919335,-64.54817728917902,0.006602561534739541,0.006602561535628763,1.1431326600422367,1.1431326600423737
52.0,0.2341670397483079,0.23416703977029124,-64.26199320489127,-64.26199320487686,0.006131477511129241,0.0061314775120233705,1.1463400587886725,1.1463400587888108
52.25,0.23563851149457574,0.23563851151678333,-63.975179108774014,-63.97517910875954,0.005640469481764625,0.005640469482663662,1.1481727564419806,1.1481727564421205
52.5,0.23700817416408687,0.23700817418651995,-63.687891821007675,-63.68789182099314,0.005317016205964652,0.005317016206868598,1.150125576184209,1.1501255761843503
52.75,0.2383058533434837,0.2383058533661435,-63.400139533984046,-63.400139533969444,0.005064584045949093,0.005064584046857948,1.1518927438043742,1.1518927438045168
53.0,0.23952637989843376,0.2395263799213215,-63.11192784959819,-63.11192784958352,0.004699808477864367,0.0046998084787781315,1.1538007656738345,1.1538007656739786
53.25,0.2406773636974823,0.24067736372059922,-62.82333889159403,-62.8233388915793,0.0045081667638803185,0.004508166764798994,1.154910916427648,1.1549109164277935
53.5,0.24177428310650745,0.24177428312985477,-62.53448024036584,-62.534480240351044,0.004267287432822557,0.004267287433746144,1.1559583161082132,1.15595831610836
53.75,0.24279520081513783,0.24279520083871678,-62.24538458490927,-62.24538458489441,0.0039001344099611535,0.003900134410889651,1.156806962159857,1.156806962160005
54.0,0.243731220928399,0.2437312209522108,-61.95607441800649,-61.956074417991566,0.0035881084282211274,0.0035881084291545366,1.157674402480485,1.1576744024806347
54.25,0.24458951344614377,0.24458951347018967,-61.66666128651627,-61.66666128650129,0.0032782277283347366,0.0032782277292730585,1.1576306786570723,1.1576306786572232
54.5,0.24534035158388798,0.2453403516081692,-61.37726817386345,-61.37726817384839,0.00272846651867415,0.0027284665196173857,1.157514274397449,1.1575142743976012
54.75,0.2459777901181752,0.24597779014269294,-61.087861929293844,-61.08786192927872,0.0023710627348186132,0.0023710627357667632,1.157735715855737,1.157735715855891
55.0,0.24650332337886915,0.24650332340362466,-60.79843539323976,-60.798435393224565,0.0018331978631216232,0.0018331978640746876,1.1576766232872915,1.157676623287447
55.25,0.24695266794626605,0.24695266797126067,-60.509140896356506,-60.50914089634124,0.0017614647248612235,0.0017614647258201658,1.15667935854188,1.156679358542037
55.5,0.247371148785014,0.2473711488102491,-60.220077156911906,-60.22007715689658,0.0015863020277457464,0.0015863020287096047,1.1558305735294623,1.1558305735296208
55.75,0.2477375499330308,0.24773754995850755,-59.93121293326538,-59.93121293324998,0.001344836755433304,0.001344836756402079,1.1550832384083682,1.1550832384085283
56.0,0.24804542207456676,0.24804542210028646,-59.64254236701212,-59.64254236699666,0.0011180648197342982,0.001118064820707991,1.1542813129979892,1.1542813129981506
56.25,0.24828969213515595,0.24828969216111982,-59.35417013723143,-59.354170137215895,0.000835946291497351,0.0008359462924759619,1.152696551845945,1.152696551846108
56.5,0.24844511278233747,0.2484451128085467,-59.06620081364925,-59.06620081363365,0.0004072644341241637,0.00040726443510769386,1.1510580772279517,1.151058077228116
56.75,0.2485324521792378,0.24853245220569364,-58.77864755864954,-58.778647558633864,0.0002912914107557417,0.0002912914117441915,1.1493679737039069,1.1493679737040725
57.0,0.24856992398195935,0.248569924008663,-58.491505776349086,-58.49150577633334,8.332011002596835e-06,8.332011995967158e-06,1.1477663113774066,1.1477663113775738
57.25,0.24855400537770472,0.24855400540465744,-58.2048760322223,-58.204876032206485,-0.00013591604554537672,-0.0001359160445470851,1.1452716552367785,1.1452716552369473
57.5,0.24850989860913827,0.2485098986363413,-57.918860752900684,-57.9188607528848,-0.00021716637009123508,-0.00021716636908802132,1.1428505869965853,1.1428505869967553
57.75,0.2484522741186406,0.24845227414609516,-57.633455971330875,-57.633455971314916,-0.00024406176885844594,-0.00024406176785030928,1.140387668097723,1.1403876680978946
58.0,0.24838645744182178,0.24838645746952911,-57.348671734089365,-57.348671734073335,-0.00028270749325191413,-0.00028270749223885334,1.137886233478012,1.137886233478185
58.25,0.2483258212940691,0.24832582132203043,-57.06462058954209,-57.06462058952599,-0.0002026987943519948,-0.00020269879333400904,1.1345229153570644,1.134522915357239
58.5,0.248251451118868,0.24825145114708458,-56.78138341254102,-56.781383412524846,-0.00039255945213282554,-0.00039255945110991375,1.1313745185517745,1.1313745185519506
58.75,0.24813564333033095,0.24813564335880398,-56.498952567195104,-56.49895256717886,-0.0005342142140666642,-0.0005342142130388254,1.1280722575709499,1.1280722575711275
59.0,0.24794050607606855,0.24794050610479926,-56.217302043853586,-56.217302043837265,-0.001027161063040047,-0.0010271610620072786,1.125131975636636,1.1251319756368152
59.25,0.2476874360553246,0.24768743608431423,-55.936495870995785,-55.93649587097939,-0.000997758783660418,-0.0009977587826227202,1.1213174044538268,1.1213174044540075
59.5,0.24742328331782143,0.24742328334707123,-55.65665743341397,-55.656657433397505,-0.0011158334267477683,-0.00111583342570514,1.117390107332933,1.1173901073331154
59.75,0.24714788476494234,0.24714788479445354,-55.37778294306795,-55.377782943051415,-0.0010877118261021594,-0.0010877118250546,1.11360581278401,1.1136058127841937
60.0,0.24684508076132727,0.2468450807911011,-55.09983526051177,-55.099835260495155,-0.0013350625034105747,-0.0013350625023580826,1.1099756709859394,1.1099756709861246
60.25,0.2464839370202318,0.2464839370502695,-54.822870143811336,-54.82287014379465,-0.0015544863267912376,-0.0015544863257338122,1.1057452833050005,1.1057452833051873
60.5,0.246111416082085,0.2461114161123878,-54.54695663702059,-54.54695663700384,-0.0014260755690608425,-0.0014260755679984826,1.1015627589144164,1.1015627589146046
60.75,0.24576223385695478,0.24576223388752388,-54.272107971171586,-54.27210797115476,-0.001367791107216085,-0.00136779110614879,1.0972265623826463,1.0972265623828361
61.0,0.24542704543521313,0.2454270454660498,-53.99834469861148,-53.99834469859458,-0.0013141261534911721,-0.0013141261524189413,1.0928796130387237,1.0928796130389151
61.25,0.24509481323762347,0.24509481326872892,-53.7257030254176,-53.72570302540062,-0.0013441676072722761,-0.0013441676061951085,1.0882537753447707,1.0882537753449637
61.5,0.24477988947748489,0.24477988950886037,-53.45423635543695,-53.45423635541989,-0.001175672639425022,-0.0011756726383429163,1.083479568614785,1.0834795686149794
61.75,0.24448695561602465,0.2444869556476714,-53.18394662990238,-53.18394662988524,-0.0011682358869765828,-0.0011682358858895383,1.0788382349607262,1.0788382349609222
62.0,0.24419293672702377,0.24419293675894302,-52.91479846884091,-52.91479846882369,-0.0011843387033424733,-0.0011843387022504892,1.0743470550493563,1.0743470550495537
62.25,0.2438981905671757,0.24389819059936868,-52.646826943031215,-52.64682694301392,-0.001174094662828589,-0.0011740946617316643,1.0694251504624643,1.0694251504626633
62.5,0.24360470521125474,0.24360470524372266,-52.38009076634003,-52.38009076632266,-0.0011742559470401936,-0.0011742559459383274,1.0644642630823264,1.064464263082527
62.75,0.24327343018087977,0.24327343021362388,-52.1145851624752,-52.11458516245775,-0.0014764047841007016,-0.0014764047829938923,1.0595805963231826,1.0595805963233846
63.0,0.2429061879437976,0.24290618797681912,-51.850294576657944,-51.850294576640415,-0.0014619891602452879,-0.001461989159133535,1.0547440888558735,1.054744088856077
63.25,0.2425488838220546,0.2425488838553548,-51.58722712954583,-51.58722712952822,-0.0013969104285953458,-0.0013969104274786483,1.0497954819054924,1.0497954819056976
63.5,0.24222981011853748,0.2422298101521176,-51.325405485566975,-51.32540548554929,-0.0011561523351471027,-0.0011561523340254593,1.0447776472266646,1.0447776472268713
63.75,0.24193708517748075,0.241937085211342,-51.064817596247025,-51.06481759622926,-0.0011861047064019915,-0.0011861047052754018,1.0399254701569616,1.0399254701571699
64.0,0.24164435122596936,0.241644351260113,-50.80545848733914,-50.805458487321296,-0.0011562362882139724,-0.0011562362870824352,1.0349473982902346,1.0349473982904445
64.25,0.24134481845021916,0.2413448184846464,-50.54732678613339,-50.54732678611547,-0.0012404823950610878,-0.0012404823939246021,1.0301062192986146,1.030106219298826
64.5,0.24105469034885915,0.24105469038357125,-50.290455298435546,-50.29045529841754,-0.0010810365446976293,-0.001081036543556194,1.0248656672516272,1.0248656672518401
64.75,0.2407629999354022,0.24076299997040038,-50.03487136593462,-50.03487136591653,-0.0012529638561757548,-0.001252963855029369,1.0198058089653026,1.019805808965517
65.0,0.2404575784322215,0.240457578467507,-49.78053358894393,-49.78053358892576,-0.001190871080131814,-0.0011908710789804767,1.0148964011061665,1.0148964011063826
65.25,0.24016696298936233,0.2401669630249364,-49.52742317555876,-49.527423175540505,-0.001134515379960638,-0.0011345153788043486,1.0099869006621105,1.009986900662328
65.5,0.23987420362602183,0.2398742036618857,-49.27555327275739,-49.27555327273905,-0.0012080323505253522,-0.0012080323493641094,1.0049723286801873,1.0049723286804064
65.75,0.2395770392600245,0.23957703929617946,-49.02488632974031,-49.02488632972189,-0.0011697171753812035,-0.0011697171742145248,1.000363211844215,1.0003632118444357
66.0,0.23929861496205587,0.23929861499850325,-48.77542044852417,-48.77542044850566,-0.001058148597943949,-0.001058148596772315,0.9953638273662849,0.9953638273665067
66.25,0.23906595028147998,0.23906595031822106,-48.52718472812411,-48.52718472810552,-0.0008036253826551817,-0.00080362538147811,0.9905219118377122,0.9905219118379351
66.5,0.23886865691766443,0.23886865695470053,-48.28016542033159,-48.28016542031291,-0.0007751825316687288,-0.0007751825304867009,0.9856325478209679,0.9856325478211919
66.75,0.2387073948175469,0.23870739485487924,-48.03438947172437,-48.0343894717056,-0.0005153911222059182,-0.0005153911210189329,0.9805750165436712,0.9805750165438964
67.0,0.2385677137795063,0.2385677138171361,-47.78988465867154,-47.78988465865269,-0.0006025391217265404,-0.0006025391205345974,0.9754634960954351,0.9754634960956615
67.25,0.23845536863213754,0.23845536867006603,-47.54664732506749,-47.54664732504855,-0.0002966961513054302,-0.0002966961501085286,0.9704351439020575,0.970435143902285
67.5,0.23841716748191066,0.2384171675201391,-47.30465849636353,-47.30465849634451,-9.380658769066666e-06,-9.380657567205783e-06,0.96547545864149,0.9654754586417186
67.75,0.23844498418115598,0.23844498421968563,-47.06391335665844,-47.06391335663933,0.00023144381369641644,0.00023144381490323697,0.9604856362942619,0.9604856362944916
68.0,0.23853477296878176,0.23853477300761383,-46.824436204076925,-46.82443620405773,0.00048638057226987246,0.0004863805734816539,0.9553315603223768,0.9553315603226076
68.25,0.23871293370548557,0.23871293374462133,-46.586219814243506,-46.58621981422422,0.0009384403537040984,0.0009384403549208417,0.9503995157246612,0.9503995157248931
68.5,0.23895527701871028,0.23895527705815095,-46.34924573387006,-46.349245733850694,0.0009998341849822442,0.00099983418620395,0.9453931214747476,0.9453931214749807
68.75,0.23925404548968074,0.23925404552942756,-46.11355438643182,-46.11355438641237,0.0013898181388526392,0.0013898181400793087,0.9401376212633915,0.9401376212636258
69.0,0.2395923888290714,0.23959238886912565,-45.87914336869626,-45.87914336867672,0.0013164584441910019,0.0013164584454226354,0.9351505275375888,0.9351505275378242
69.25,0.23994020551834727,0.23994020555871015,-45.64596998539312,-45.6459699853735,0.001465611830513811,0.0014656118317504096,0.9302365248253527,0.9302365248255894
69.5,0.24030940232419465,0.24030940236486742,-45.41406124551881,-45.4140612454991,0.0014874721208493367,0.0014874721220909009,0.9250333921082697,0.9250333921085075
69.75,0.24069343394314782,0.2406934339841317,-45.183459070881625,-45.18345907086183,0.0015842859759850588,0.0015842859772315892,0.9197839958616493,0.9197839958618882
70.0,0.24112887107524472,0.24112887111654102,-44.95415027246997,-44.954150272450086,0.0018987305424481686,0.0018987305437001482,0.9146863617857187,0.9146863617859587
70.25,0.2416416168660437,0.24164161690765373,-44.72611363517872,-44.726113635158754,0.002202756953154208,0.002202756954411157,0.9096067078805744,0.9096067078808157
70.5,0.24217880188063548,0.24217880192256047,-44.4993324834577,-44.49933248343765,0.0020942552225380593,0.0020942552237999774,0.904642516117298,0.9046425161175403
70.75,0.24271907637655143,0.24271907641879265,-44.27381164149099,-44.27381164147085,0.0022274582739803335,0.002227458275247222,0.8995242070580352,0.8995242070582787
71.0,0.24327656506499917,0.24327656510755782,-44.04953169923096,-44.04953169921074,0.002231997939025698,0.002231997940297557,0.8947153305942638,0.8947153305945086
71.25,0.24387526214871155,0.2438752621915889,-43.826511235639636,-43.82651123561932,0.0025570822521449065,0.002557082253421738,0.889448347487316,0.8894483474875621
71.5,0.24454470478161722,0.2445447048248145,-43.60478101806485,-43.60478101804444,0.00279798233193863,0.0027979823332204344,0.8843933703989312,0.8843933703991784
71.75,0.24524844244522573,0.2452484424887442,-43.384310092249734,-43.384310092229235,0.0028314458633840545,0.0028314458646708325,0.8793740329671605,0.8793740329674089
72.0,0.2460104732564829,0.24601047330032377,-43.165123046184725,-43.16512304616413,0.003264305611581386,0.003264305612873139,0.8741222947427763,0.8741222947430258
72.25,0.24684259025451652,0.24684259029868105,-42.94721179322821,-42.94721179320753,0.003392163385253191,0.003392163386549919,0.869167716854954,0.8691677168552048
72.5,0.2476792768659493,0.24767927691043873,-42.730528814491116,-42.73052881447034,0.0033008703431613145,0.0033008703444630185,0.8642961216491201,0.8642961216493721
72.75,0.2485447281981215,0.2485447282429371,-42.51505753624508,-42.51505753622421,0.0036222858271461027,0.0036222858284527836,0.8594740740160698,0.859474074016323
73.0,0.24947762140959837,0.24947762145474137,-42.30080177383803,-42.30080177381707,0.003840397843900464,0.0038403978452121222,0.8545720046767363,0.8545720046769908
73.25,0.2504455308081301,0.2504455308536019,-42.08780247945687,-42.087802479435815,0.0039023919861915506,0.0039023919875086684,0.8494223445278465,0.8494223445281022
73.5,0.25142666839714467,0.2514266684429466,-41.87608263253934,-41.87608263251819,0.003946229379541688,0.003946229380863787,0.8443364266794894,0.8443364266797463
73.75,0.2524393395415929,0.25243933958772624,-41.66563986053122,-41.665639860509984,0.004154656212910651,0.004154656214237731,0.8392057297349459,0.839205729735204
74.0,0.25348393277409564,0.2534839328205616,-41.45644221458721,-41.45644221456588,0.004201634411021855,0.004201634412353916,0.8343754333881196,0.8343754333883789
74.25,0.2545270091231429,0.2545270091699427,-41.248474631515826,-41.2484746314944,0.00414250418392808,0.0041425041852651235,0.829365236757917,0.8293652367581775
74.5,0.25558263363347183,0.2555826336806067,-41.04171907541981,-41.0417190753983,0.004302050264971607,0.004302050266313634,0.8246791969682097,0.8246791969684715
74.75,0.2566755425677589,0.2566755426152301,-40.83616411312826,-40.836164113106655,0.004440757645408934,0.004440757646755946,0.8197604882868984,0.8197604882871614
75.0,0.2578234956082669,0.25782349565607576,-40.63185899926567,-40.63185899924397,0.004742387908040738,0.004742387909392735,0.8146803941761173,0.8146803941763815
75.25,0.2590374599237412,0.25903745997188893,-40.42879154043508,-40.42879154041328,0.004968872270129074,0.004968872271486058,0.8098592551156611,0.8098592551159266
75.5,0.2603169224934453,0.26031692254193317,-40.22694864672149,-40.2269486466996,0.005266359409631105,0.005266359410993558,0.804883866545897,0.8048838665461637
75.75,0.2616301507789078,0.26163015082773716,-40.026375381798175,-40.02637538177619,0.005238978558824394,0.005238978560191834,0.7997022554222089,0.7997022554224767
76.0,0.262990396841565,0.2629903968907371,-39.82704879467692,-39.82704879465484,0.005642538381427535,0.005642538382799964,0.794910403500086,0.7949104035003551
76.25,0.2644246240816348,0.26442462413115086,-39.62896465315734,-39.62896465313517,0.005830794441108282,0.0058307944424857,0.7897627109077574,0.7897627109080277
76.5,0.2659308951769079,0.26593089522676916,-39.43215301300361,-39.43215301298134,0.006218900110355385,0.006218900111737793,0.7847303737314185,0.7847303737316901
76.75,0.2675337213163115,0.2675337213665192,-39.236604261109775,-39.23660426108741,0.006603231186272125,0.0066032311876595235,0.7796596051844031,0.7796596051846759
77.0,0.26920906695268026,0.26920906700323566,-39.04234002391679,-39.042340023894326,0.006799043411032244,0.006799043412424635,0.7744542738982858,0.7744542738985598
77.25,0.2709480022127836,0.2709480022636879,-38.84932375707666,-38.849323757054094,0.007111988433628791,0.0071119884350261744,0.7696758313182831,0.7696758313185584
77.5,0.2727459659499581,0.27274596600121265,-38.657525650183025,-38.65752565016036,0.0072712534764843625,0.00727125347788722,0.7647090088153213,0.7647090088155979
77.75,0.27460127456878014,0.27460127462038625,-38.46694894397447,-38.46694894395171,0.007570762809628368,0.00757076281103622,0.7599046126153223,0.7599046126156002
78.0,0.2765252215329311,0.27652522158488996,-38.27757936804838,-38.27757936802552,0.007820355701519413,0.007820355702932264,0.7550519712617594,0.7550519712620385
78.25,0.2785035462858241,0.278503546338137,-38.08946320004336,-38.089463200020404,0.00800575477232258,0.00800575477374043,0.7498773552989624,0.7498773552992427
78.5,0.28051597292484287,0.28051597297751113,-37.90262238793985,-37.90262238791679,0.008093184598087083,0.008093184599509933,0.7448491332863327,0.7448491332866144
78.75,0.28254912469430643,0.28254912474733124,-37.71703340286832,-37.71703340284516,0.008171559762824293,0.008171559764252143,0.7398627398968095,0.7398627398970925
79.0,0.2845995239796743,0.28459952403305694,-37.53270455567525,-37.532704555651996,0.008231154516134128,0.00823115451756698,0.7347680320291744,0.7347680320294586
79.25,0.28666581264573454,0.2866658126994762,-37.349627889764164,-37.34962788974081,0.008298691023837415,0.008298691025275268,0.7298452888922881,0.7298452888925735
79.5,0.2887766677600543,0.2887766678141563,-37.16779884169774,-37.16779884167428,0.008587673336462008,0.008587673337904864,0.7247870683938317,0.7247870683941183
79.75,0.29094428276342643,0.29094428281789003,-36.98723106755166,-36.98723106752811,0.00875277262127138,0.008752772622719241,0.7197551092092244,0.7197551092095124
80.0,0.29316924171311515,0.29316924176794157,-36.80791491231057,-36.80791491228692,0.009046429720237906,0.009046429721690771,0.7147741050334482,0.7147741050337375
80.25,0.29543516503015244,0.2954351650853429,-36.629839200809336,-36.62983920078558,0.009080491194805694,0.009080491196263566,0.7098315837652088,0.7098315837654995
80.5,0.29772862218733276,0.29772862224288854,-36.45298687154847,-36.45298687152461,0.009266709682480459,0.009266709683943337,0.7049870327650916,0.7049870327653834
80.75,0.30008021460804835,0.3000802146639707,-36.27735006799935,-36.27735006797539,0.009545570001972198,0.009545570003440085,0.7001073693368609,0.700107369337154
81.0,0.3024812484909983,0.3024812485472885,-36.10293838446661,-36.10293838444255,0.009662237464500822,0.009662237465973717,0.6951860879256868,0.6951860879259811
81.25,0.30492883627445766,0.3049288363311169,-35.92974588402398,-35.92974588399982,0.009918009612480074,0.009918009613957977,0.6903538915011309,0.6903538915014266
81.5,0.30739912405444947,0.307399124111479,-35.75777251631498,-35.757772516290714,0.009843829083562456,0.009843829085045368,0.6854330571647774,0.6854330571650744
81.75,0.3098862387455958,0.3098862388029969,-35.58704457423966,-35.58704457421529,0.010052613424520133,0.010052613426008057,0.6803904597535694,0.6803904597538676
82.0,0.3124228843043487,0.31242288436212273,-35.41754885033994,-35.41754885031547,0.010240097476588626,0.010240097478081562,0.6755753137681986,0.6755753137684981
82.25,0.3149833671406933,0.3149833671988414,-35.24927431027353,-35.24927431024896,0.01024329852886235,0.010243298530360299,0.6706210064613994,0.6706210064617002
82.5,0.31752246443716203,0.31752246449568544,-35.0822416756006,-35.08224167557592,0.010069010645186314,0.010069010646689277,0.6656400873540916,0.6656400873543936
82.75,0.3200356716133158,0.3200356716722158,-34.91647871925257,-34.91647871922779,0.010036159120763517,0.010036159122271493,0.6604635665275297,0.6604635665278329
83.0,0.3225343856145089,0.3225343856737867,-34.75197758664168,-34.7519775866168,0.009953089610605004,0.009953089612117995,0.6555455021914989,0.6555455021918034
83.25,0.3250124647922323,0.32501246485188917,-34.58871159741857,-34.58871159739359,0.009871076285333536,0.009871076286851542,0.6505824193257382,0.650582419326044
83.5,0.32748072469337763,0.3274807247534149,-34.426672190724126,-34.42667219069904,0.009874546097013534,0.009874546098536555,0.6457328339028439,0.6457328339031508
83.75,0.3299764836000015,0.3299764836604203,-34.265842470003335,-34.26584246997814,0.010091070375959604,0.010091070377487642,0.6409049114495547,0.6409049114498631
84.0,0.33250406337112837,0.33250406343193006,-34.10625445865287,-34.10625445862757,0.01012908682574587,0.010129086827278927,0.6357991757700696,0.6357991757703793
84.25,0.3350522720687377,0.33505227212992367,-33.94792519058792,-33.94792519056251,0.010256115133393013,0.010256115134932051,0.6308349567733659,0.6308349567736768
84.5,0.33761380367005467,0.33761380373162625,-33.790854031894504,-33.79085403186899,0.010235657195496784,0.010235657197040842,0.6257343147028223,0.6257343147031346
84.75,0.34016364935731314,0.3401636494192716,-33.63506049208576,-33.63506049206014,0.010162625965314696,0.010162625966863775,0.6206140106526224,0.6206140106529361
85.0,0.3427119218858976,0.3427119219482442,-33.48053453318091,-33.48053453315518,0.010223081349034241,0.01022308135058834,0.6155936548865817,0.6155936548868967
85.25,0.3452509082814938,0.3452509083442297,-33.32727243288757,-33.32727243286173,0.010088330287184425,0.010088330288743548,0.6105031601646355,0.6105031601649518
85.5,0.34776254874653184,0.3477625488096584,-33.17526931638414,-33.1752693163582,0.010004324187555992,0.010004324189120138,0.605521779783063,0.6055217797833807
85.75,0.3502795151304641,0.3502795151939826,-33.02449218530105,-33.024492185275,0.01013095223924681,0.01013095224081598,0.6006952569432045,0.6006952569435235
86.0,0.3528438073974451,0.3528438074613567,-32.874932200114785,-32.87493220008863,0.01038292332738373,0.010382923328957926,0.5957846007910643,0.5957846007913847
86.25,0.3554395599498235,0.3554395600141295,-32.72662950572082,-32.726629505694554,0.010382612183889407,0.010382612185468628,0.5906369543900982,0.59063695439042
86.5,0.35803882082034527,0.35803882088504696,-32.579596287668934,-32.57959628764256,0.010411003023284722,0.01041100302486897,0.5856287873484044,0.5856287873487275
86.75,0.3606512726338862,0.3606512726989848,-32.433808328179815,-32.43380832815333,0.010488144845910432,0.010488144847499709,0.5806748812916848,0.5806748812920092
87.0,0.3632863330087088,0.36328633307420555,-32.28928152219293,-32.289281522166334,0.010591854412928422,0.010591854414522728,0.5755395568257188,0.5755395568260446
87.25,0.3659344244985608,0.36593442456445713,-32.14601823413134,-32.14601823410463,0.010592409090260884,0.010592409091861184,0.5705667476148458,0.570566747615173
87.5,0.36861362302124934,0.3686136230875466,-32.00403778601401,-32.004037785987194,0.01084068078192644,0.01084068078353177,0.5652768139166902,0.5652768139170187
87.75,0.3713333844813227,0.3713333845480221,-31.863329032320916,-31.863329032294004,0.010916950904680848,0.010916950906291209,0.5603932084373304,0.5603932084376603
88.0,0.3740891504595962,0.37408915052669905,-31.723865831294397,-31.72386583126739,0.011128698338981736,0.011128698340597131,0.5553123798112162,0.5553123798115474
88.25,0.37685542469156447,0.3768554247590721,-31.585666047795943,-31.58566604776884,0.011001022059978854,0.011001022061599282,0.550285900213848,0.5502859002141807
88.5,0.3796073752618561,0.3796073753297697,-31.448755608062626,-31.448755608035423,0.011014084360233302,0.011014084361858764,0.5449976164212287,0.5449976164215626
88.75,0.38235744631915564,0.3823574463874764,-31.31312490342121,-31.313124903393906,0.010986017887691962,0.010986017889322458,0.5400480233563046,0.54004802335664
89.0,0.3851007085573291,0.38510070862605833,-31.17875546758703,-31.178755467559633,0.010959595801899688,0.01095959580353522,0.5349074658082493,0.5349074658085862
89.25,0.38781917032530694,0.3878191703944459,-31.045645647216016,-31.04564564718852,0.010787633374731535,0.010787633376372105,0.5299711133726448,0.5299711133729831
89.5,0.3904835571753173,0.3904835572448673,-30.913779486760703,-30.913779486733105,0.010526989230815362,0.01052698923246097,0.5249581948435832,0.5249581948439229
89.75,0.39311821810013003,0.3931182181700923,-30.783135664018445,-30.78313566399075,0.010549849265934039,0.010549849267584685,0.5201923849392668,0.520192384939608
90.0,0.39577143762169187,0.3957714376920677,-30.653716503610884,-30.653716503583087,0.01067543295851474,0.010675432960170426,0.5151608864811739,0.5151608864815165
90.25,0.398462210483904,0.3984622105546946,-30.525544406132582,-30.525544406104682,0.010850284151361822,0.01085028415302255,0.5102158768602408,0.5102158768605849
90.5,0.40120246128088166,0.4012024613520883,-30.398624437019347,-30.398624436991344,0.011071244469792064,0.011071244471457832,0.5051438552134413,0.5051438552137868
90.75,0.403994556907796,0.40399455697942005,-30.272950854754185,-30.27295085472608,0.011265059105074493,0.011265059106745787,0.5002447846349624,0.5002447846353093
91.0,0.4068286109618967,0.4068286110339394,-30.14848660238663,-30.148486602358425,0.011406923538293897,0.011406923539970233,0.4954692209304757,0.4954692209308238
91.25,0.4096886890784749,0.40968868915093754,-30.02525226587187,-30.025252265843566,0.01147322443813044,0.01147322443981182,0.49040546493675646,0.4904054649371058
91.5,0.4125581375727985,0.41255813764568244,-29.903297734701926,-29.90329773467352,0.01148187610365615,0.011481876105343056,0.48523078360717187,0.4852307836075224
91.75,0.4154459566301661,0.41544595670347256,-29.782599153057447,-29.782599153028936,0.011620217394978118,0.01162021739667007,0.48035785650582463,0.4803578565061764
92.0,0.418344696262412,0.4183446963361423,-29.663153083242868,-29.663153083214254,0.011569214850573955,0.011569214852270953,0.4752107068194092,0.47521070681976213
92.25,0.4212500880760581,0.42125008815021364,-29.544980273964,-29.544980273935284,0.011673445048444355,0.011673445050146884,0.47017175758471796,0.4701717575850721
92.5,0.42416415321966816,0.42416415329425017,-29.428045759314035,-29.428045759285215,0.011638617665931958,0.011638617667639534,0.46530436289861715,0.46530436289897253
92.75,0.42707432768627074,0.42707432776128046,-29.312351333107873,-29.31235133307895,0.011642302102951823,0.01164230210466445,0.46025104640334674,0.46025104640370335
93.0,0.42998743089603647,0.42998743097147524,-29.19792001067293,-29.197920010643905,0.011662047781535267,0.011662047783253426,0.4551995312146084,0.4551995312149662
93.25,0.4329178089095202,0.43291780898538934,-29.08473485700187,-29.08473485697274,0.011780513138033022,0.011780513139756232,0.4502816869849573,0.4502816869853164
93.5,0.43583730306255064,0.4358373031388515,-28.97279487686907,-28.972794876839835,0.011574965047997935,0.011574965049726197,0.44523817345668826,0.4452381734570486
93.75,0.4387469501905847,0.4387469502673184,-28.86211823368741,-28.862118233658073,0.011701735079171107,0.011701735080904422,0.4401749600446807,0.44017496004504225
94.0,0.44166132489758353,0.4416613249747515,-28.752745773186383,-28.752745773156942,0.011612756734997676,0.011612756736736526,0.43480473235251704,0.4348047323528798
94.25,0.44456571258908184,0.44456571266668543,-28.644680488348396,-28.644680488318848,0.011621865638816611,0.011621865640560516,0.4297175454926502,0.42971754549301416
94.5,0.44746060971553697,0.44746060979357744,-28.537905050507742,-28.537905050478088,0.011536818599646937,0.011536818601395897,0.42448596525091464,0.42448596525127985
94.75,0.45033520249564957,0.4503352025741281,-28.43242862492711,-28.432428624897348,0.011459437564563359,0.011459437566317374,0.41932544668973176,0.4193254466900982
95.0,0.4532074569628602,0.4532074570417781,-28.328196368118807,-28.328196368088943,0.011518146760577103,0.011518146762336656,0.41453260224159477,0.4145326022419625
95.25,0.4560873837523797,0.4560873838317384,-28.225175373652558,-28.225175373622587,0.01152080630094427,0.011520806302708879,0.4096353532377161,0.40963535323808503
95.5,0.45893495862457423,0.4589349587043749,-28.123386436542802,-28.123386436512725,0.011259325577446407,0.011259325579216075,0.40467616829294567,0.4046761682933159
95.75,0.4617568247946165,0.4617568248748604,-28.02284805964736,-28.022848059617175,0.011315128558123257,0.011315128559897985,0.39963084160950885,0.39963084160988027
96.0,0.4645607345584134,0.4645607346391019,-27.9235406397368,-27.92354063970651,0.011115697236818356,0.011115697238598626,0.3948285364775118,0.39482853647788446
96.25,0.4673256784966312,0.46732567857776564,-27.82544223240608,-27.825442232375682,0.011003395583452383,0.011003395585237715,0.38995873275616444,0.3899587327565383
96.5,0.4700653543101046,0.4700653543916863,-27.728588705243336,-27.72858870521283,0.010913531546271936,0.010913531548062813,0.38486949301827517,0.3848694930186503
96.75,0.4727863759680148,0.47278637605004514,-27.6329984097598,-27.632998409729183,0.010854169182915768,0.010854169184712189,0.3798528764467961,0.37985287644717247
97.0,0.4754614712813236,0.47546147136380396,-27.53865193856033,-27.538651938529608,0.010546128575562292,0.010546128577364257,0.3749189221912391,0.37491892219161677
97.25,0.47809883753035687,0.4780988376132886,-27.445561475340092,-27.44556147530926,0.010552319674739285,0.010552319676546315,0.36980478298704295,0.36980478298742187
97.5,0.4807231048831208,0.48072310496650517,-27.353728325380803,-27.35372832534986,0.010441353410582879,0.010441353412394973,0.364860427149288,0.36486042714966815
97.75,0.48329760995240645,0.4832976100362447,-27.263143552977322,-27.263143552946268,0.010154212131912654,0.010154212133729815,0.35981777915045066,0.3598177791508321
98.0,0.4858204767404675,0.4858204768247609,-27.17383204778652,-27.173832047755354,0.010028237643680882,0.01002823764550311,0.35467427425297876,0.35467427425336145
98.25,0.488292593707713,0.4882925937924628,-27.085775033702404,-27.08577503367113,0.009748237230688473,0.00974823723251577,0.3497818648185779,0.3497818648189619
98.5,0.49071002888877846,0.490710028973986,-26.998957860831304,-26.99895786079992,0.00959077071921554,0.009590770721048388,0.344755532996302,0.34475553299668726
98.75,0.4931022426236296,0.49310224270929626,-26.913384647466934,-26.91338464743544,0.009546475177099764,0.009546475178937681,0.3398301780949276,0.3398301780953142
99.0,0.49548713723138704,0.49548713731751404,-26.829073137713472,-26.829073137681863,0.009532194798482775,0.009532194800325763,0.33466190127919687,0.33466190127958473
99.25,0.4978692218534598,0.4978692219400484,-26.74604987474483,-26.746049874713112,0.009523998174158147,0.009523998176006205,0.3295242032427604,0.3295242032431495
99.5,0.5002283816763398,0.5002283817633915,-26.664304400934412,-26.66430440090258,0.009348801407435346,0.009348801409288477,0.324439603758302,0.3244396037586924
99.75,0.5025256957580131,0.5025256958455292,-26.5838420531487,-26.583842053116754,0.009029223202946975,0.00902922320480518,0.31925920865747565,0.31925920865786733
100.0,0.5047529958528686,0.5047529959408504,-26.50466510565045,-26.50466510561839,0.008788696816019586,0.008788696817882864,0.3141563940055601,0.3141563940059531
100.25,0.5069433082342956,0.5069433083227444,-26.426728572624345,-26.42672857259217,0.008733348104630795,0.00873334810649963,0.3093358754216454,0.30933587542203966
100.5,0.509112997066502,0.5091129971554191,-26.350020531960297,-26.350020531928013,0.008623690798240796,0.008623690800114705,0.3043284602293364,0.304328460229732
100.75,0.5112690039009153,0.5112690039903021,-26.274535736511645,-26.274535736479248,0.008623913696985652,0.008623913698864637,0.29954990333893206,0.29954990333932896
101.0,0.5134015724569274,0.5134015725467849,-26.200261637013735,-26.200261636981224,0.008436172458253887,0.008436172460137949,0.2946429103447417,0.29464291034513995
101.25,0.5154865305965859,0.5154865306869154,-26.12722380078358,-26.127223800750954,0.008243023181938347,0.008243023183827488,0.2896597977067863,0.28965979770718586
101.5,0.5175446514233105,0.5175446515141133,-26.055450177330936,-26.055450177298198,0.008221460044756464,0.008221460046650683,0.2845291919473849,0.2845291919477858
101.75,0.5195383469524847,0.5195383470437621,-25.98491026572561,-25.984910265692758,0.007727657707840502,0.007727657709739799,0.2797901474512406,0.2797901474516428
102.0,0.5214597277225662,0.5214597278143196,-25.915538963664766,-25.915538963631796,0.007642954139048828,0.007642954140953684,0.2751802770214815,0.2751802770218851
102.25,0.5233305370893043,0.523330537181535,-25.847343111228877,-25.84734311119579,0.0073230691410344495,0.0073230691429443835,0.270386572624624,0.2703865726250289
102.5,0.5251491809641968,0.525149181056906,-25.780377017462154,-25.780377017428954,0.007225606561544481,0.007225606563459494,0.2653421866980399,0.2653421866984461
102.75,0.5269459680445895,0.5269459681377785,-25.714675986218225,-25.71467598618491,0.007148211789996517,0.0071482117919170925,0.26026607055026074,0.2602660705506683
103.0,0.5287180249932564,0.5287180250869266,-25.650226292227618,-25.650226292194187,0.007027778848094174,0.007027778850019831,0.25533149272914785,0.25533149272955674
103.25,0.5304587138403014,0.5304587139344541,-25.587008070434507,-25.587008070400962,0.00689726861050692,0.006897268612437659,0.2504142939203631,0.2504142939207733
103.5,0.5321663473901581,0.5321663474847946,-25.525047430780912,-25.52504743074725,0.006763315133459368,0.006763315135395673,0.24527083593765067,0.24527083593806212
103.75,0.5338114684388743,0.533811468533996,-25.464359201986017,-25.464359201952238,0.006397178740776417,0.0063971787427178056,0.24023502894109572,0.2402350289415084
104.0,0.5353929198777917,0.5353929199733999,-25.404909221065388,-25.40490922103149,0.006253973858683503,0.006253973860630459,0.23536483192541588,0.2353648319258298
104.25,0.5369350359904289,0.5369350360865249,-25.346683714966996,-25.346683714932983,0.006082490900922244,0.006082490902874285,0.23043923302928085,0.23043923302969602
104.5,0.5384495324985439,0.538449532595129,-25.289720087654658,-25.289720087620527,0.006032994028339871,0.006032994030296998,0.22526979013607928,0.2252697901364957
104.75,0.5399342048494029,0.5399342049464784,-25.23399867087915,-25.2339986708449,0.005843935464843883,0.005843935466806097,0.22050156189259387,0.22050156189301154
105.0,0.5413696274991341,0.5413696275967013,-25.179500360056828,-25.179500360022463,0.005638972993124578,0.005638972995092363,0.215484944010006,0.21548494401042492
105.25,0.5427645839244126,0.5427645840224729,-25.12622117607874,-25.126221176044254,0.0055202320813749215,0.005520232083347795,0.21074853900971732,0.2107485390101375
105.5,0.5440969480820622,0.5440969481806168,-25.07416950481069,-25.074169504776084,0.005138202101567182,0.0051382021035456275,0.20566486715273385,0.20566486715315527
105.75,0.5453425318466967,0.545342531945747,-25.02338465492419,-25.023384654889462,0.0048259920125742544,0.004825992014557791,0.20061396137468365,0.20061396137510631
106.0,0.546519629805223,0.5465196299047702,-24.97386460957593,-24.973864609541085,0.004590314073673699,0.004590314075662327,0.19554642363128605,0.19554642363171
106.25,0.547629263175055,0.5476292632751005,-24.925591671256857,-24.92559167122189,0.004286290209834043,0.0042862902118277636,0.19063711158489938,0.1906371115853246
106.5,0.5486679368567109,0.5486679369572559,-24.878567101402083,-24.878567101366997,0.004022620686907797,0.004022620688906612,0.18555947211225057,0.18555947211267707
106.75,0.5496565105240464,0.5496565106250921,-24.832779518234112,-24.832779518198905,0.0038855145411353094,0.0038855145431392164,0.1807412061580244,0.18074120615845216
107.0,0.5505812338880641,0.550581233989612,-24.788212750595886,-24.788212750560554,0.0035118059965050007,0.0035118059985144827,0.17579297018130413,0.17579297018173318
107.25,0.5514637917441557,0.5514637918462071,-24.74488913932631,-24.74488913929086,0.0035481858684241734,0.0035481858704387494,0.1707959165454351,0.17079591654586543
107.5,0.5523085708479576,0.5523085709505137,-24.702796583299197,-24.702796583263623,0.0032095897088850406,0.003209589710904712,0.1659445635945719,0.16594456359500354
107.75,0.5530907802502422,0.5530907803533042,-24.661926527935236,-24.661926527899542,0.003047620956874467,0.0030476209588992343,0.16101589458766513,0.16101589458809804
108.0,0.5538241077305764,0.5538241078341457,-24.622313832350887,-24.62231383231507,0.002818515324735392,0.0028185153267652565,0.15588569168740082,0.15588569168783503
108.25,0.5545303738732149,0.5545303739772928,-24.583974320247183,-24.583974320211244,0.0028311373140225385,0.0028311373160575005,0.15083040395226877,0.15083040395270425
108.5,0.5552096511376249,0.5552096512422126,-24.546900161115826,-24.546900161079762,0.002602603141956146,0.0026026031439962067,0.14576289064497705,0.14576289064541384
108.75,0.5558075906795729,0.5558075907846717,-24.511081724687237,-24.511081724651053,0.002180443937101748,0.0021804439391469085,0.1407846405851776,0.14078464058561568
109.0,0.5563382151182233,0.5563382152238346,-24.476515823203783,-24.476515823167475,0.0020640762889278423,0.0020640762909785847,0.1357425822537136,0.13574258225415298
109.25,0.5568200536723252,0.5568200537784503,-24.443190609759544,-24.44319060972311,0.0017901718083682416,0.0017901718104240847,0.13085915112412225,0.13085915112456292
109.5,0.5572212664666375,0.5572212665732776,-24.41110889385095,-24.41110889381439,0.001419053122667925,0.00141905312472887,0.12579461113396492,0.1257946111344069
109.75,0.5575487247745856,0.5575487248817421,-24.38030906024975,-24.38030906021306,0.0012001240269813142,0.0012001240290478432,0.12060407831646573,0.12060407831690897
110.0,0.5578077581791564,0.5578077582868306,-24.350785140790208,-24.350785140753395,0.0008716702671579168,0.000871670269229549,0.11558730832672365,0.11558730832716815
110.25,0.557981992151701,0.5579819922598943,-24.32254036459159,-24.32254036455465,0.0005217097384214698,0.0005217097404986875,0.11037093425674908,0.11037093425719485
110.5,0.5580690823191837,0.5580690824278975,-24.29556053376289,-24.29556053372583,0.00017454933996890836,0.00017454934205171223,0.10546774510334718,0.10546774510379421
110.75,0.5580759667601075,0.5580759668693431,-24.269840160166915,-24.269840160129725,-0.00011996147517696424,-0.00011996147308857347,0.10029527143118055,0.10029527143162885
111.0,0.5580077164020645,0.5580077165118232,-24.245390950445756,-24.245390950408442,-0.0004265125045872007,-0.00042651250249370364,0.09529843523993427,0.09529843524038384
111.25,0.5579030534604005,0.5579030535706836,-24.22219366171314,-24.222193661675696,-0.00041126419829657897,-0.0004112641961979753,0.09027987318344365,0.09027987318389448
111.5,0.5578063820189939,0.5578063821298027,-24.20021591207285,-24.200215912035283,-0.0003625540264933577,-0.0003625540243896464,0.08554211934649535,0.08554211934694746
111.75,0.55770518654067,0.5577051866520059,-24.179427661503333,-24.17942766146564,-0.0004474603101087684,-0.00044746030799994857,0.08076389321470748,0.08076389321516086
112.0,0.5575713951171575,0.5575713952290215,-24.159839346002386,-24.159839345964564,-0.0006233256491395705,-0.0006233256470256408,0.07594264737360833,0.075942647374063
112.25,0.5573661609533238,0.5573661610657175,-24.14149605074518,-24.14149605070723,-0.0010190321922821264,-0.0010190321901630854,0.07080375199152661,0.07080375199198258
112.5,0.557068687533232,0.5570686876461566,-24.12441532694801,-24.12441532690993,-0.0013612230061242233,-0.0013612230039995884,0.06584207064782517,0.06584207064828243
112.75,0.5567101044603417,0.5567101045737985,-24.10856039165584,-24.10856039161763,-0.0015078983902080674,-0.0015078983880783196,0.060997425518248764,0.06099742551870729
113.0,0.5563192851684814,0.5563192852824718,-24.09394741398682,-24.09394741394848,-0.0016191359913251308,-0.0016191359891902693,0.05590640632150284,0.055906406321962636
113.25,0.5559049870115803,0.5559049871261056,-24.080583813579114,-24.080583813540645,-0.0016957116822203752,-0.0016957116800794358,0.05100240415981261,0.05100240416027368
113.5,0.5554276637481801,0.5554276638632416,-24.068458018263552,-24.068458018224952,-0.002123345753798485,-0.002123345751652429,0.04600399868232106,0.046003998682783404
113.75,0.5548335071432138,0.554833507258813,-24.057601271453073,-24.057601271414345,-0.002630393100629275,-0.002630393098477138,0.040850023606266904,0.040850023606730526
114.0,0.5541461985191654,0.5541461986353037,-24.048002444518165,-24.048002444479305,-0.0028685388635599127,-0.0028685388614026574,0.03594061432558216,0.03594061432604706
114.25,0.5534100073733305,0.5534100074900091,-24.039640318727166,-24.039640318688175,-0.0030214603347975713,-0.003021460332635197,0.0309564064199999,0.03095640642046607
114.5,0.5526347417051702,0.5526347418223907,-24.032555639681473,-24.03255563964235,-0.003181158727682652,-0.0031811587255146756,0.025721041002051914,0.025721041002519356
114.75,0.5517884419211173,0.5517884420388809,-24.026740691992607,-24.026740691953353,-0.003589703772594606,-0.003589703770421027,0.02079857902678499,0.020798579027253704
115.0,0.5508359250576731,0.5508359251759812,-24.022152276346116,-24.02215227630673,-0.004030892299595561,-0.004030892297416858,0.01590878774069066,0.015908787741160654
115.25,0.5497830280189222,0.5497830281377761,-24.01878843105533,-24.018788431015814,-0.004392746792722841,-0.004392746790539013,0.011002008701476357,0.011002008701947627
115.5,0.5486396546869491,0.5486396548063501,-24.016638711517245,-24.016638711477594,-0.00475469317974429,-0.0047546931775548544,0.006195781727782506,0.006195781728255051
115.75,0.5474298790194957,0.5474298791394452,-24.015682196655778,-24.015682196615995,-0.004923959189401721,-0.00492395918720716,0.001456353122503536,0.0014563531229773558
116.0,0.5461881443648783,0.5461881444853776,-24.015931709472678,-24.015931709432763,-0.0050103810506576165,-0.005010381048457928,-0.003452447509750206,-0.003452447509275107
116.25,0.5448986098009057,0.5448986099219559,-24.017362621390983,-24.017362621350937,-0.005306323924835798,-0.005306323922630982,-0.007994819934979795,-0.007994819934503409
116.5,0.5435312116458099,0.5435312117674125,-24.019921547362937,-24.01992154732276,-0.005633284075366473,-0.005633284073156046,-0.01247655701461806,-0.012476557014140383
116.75,0.5420604051365149,0.5420604052586712,-24.023617114295536,-24.023617114255224,-0.00613360299723955,-0.006133602995023992,-0.017087931275769956,-0.017087931275290978
117.0,0.5404965345361105,0.5404965346588217,-24.028418754299175,-24.028418754258727,-0.0063777615450230155,-0.0063777615428023265,-0.021325165733872362,-0.021325165733392083
117.25,0.5388627755595529,0.5388627756828205,-24.03427469538404,-24.034274695343456,-0.006692706240113013,-0.006692706237887192,-0.025522333251821395,-0.025522333251339808
117.5,0.5371795912891286,0.5371795914129538,-24.041171404616563,-24.041171404575845,-0.006773157476971172,-0.006773157474740218,-0.02965133302332456,-0.029651333022841665
117.75,0.5354612148600753,0.5354612149844593,-24.049082470938753,-24.0490824708979,-0.006974230018118695,-0.006974230015882607,-0.03363717859691612,-0.0336371785964319
118.0,0.5336896494372586,0.5336896495622028,-24.05802737100649,-24.0580273709655,-0.007198697623268151,-0.007198697621026929,-0.03792200078198459,-0.03792200078149904
118.25,0.5318389823401765,0.5318389824656821,-24.06795220310047,-24.06795220305935,-0.007606974580719306,-0.007606974578472948,-0.04147661747723515,-0.04147661747674827
118.5,0.5299093455165563,0.5299093456426246,-24.078808136760884,-24.078808136719626,-0.007830487465558676,-0.007830487463307178,-0.045370830733093934,-0.04537083073260573
118.75,0.5279184945528191,0.5279184946794514,-24.090647326714898,-24.090647326673505,-0.008096695029488584,-0.008096695027231947,-0.049342663800766504,-0.049342663800276965
119.0,0.525863761393076,0.5258637615202735,-24.103433048253628,-24.103433048212096,-0.008341510026949907,-0.008341510024688128,-0.05294308542771017,-0.05294308542721929
119.25,0.5237436867410485,0.5237436868688125,-24.117102164815396,-24.11710216477373,-0.008619414374209624,-0.008619414371942703,-0.05640982086540795,-0.05640982086491573
119.5,0.521572886649246,0.5215728867775776,-24.131675709854473,-24.131675709812672,-0.008747342023267428,-0.008747342020995363,-0.06017852738607366,-0.0601785273855801
119.75,0.5193776218672151,0.5193776219961159,-24.147185470250957,-24.147185470209017,-0.008815127404226915,-0.008815127401949705,-0.063899549394878,-0.06389954939438307
120.0,0.517128019286278,0.5171280194157493,-24.16359199979214,-24.16359199975006,-0.00918201916365318,-0.009182019161370824,-0.06735265234376656,-0.06735265234327023
120.25,0.5147962683093962,0.5147962684394393,-24.180803107152713,-24.180803107110496,-0.009472270313031638,-0.009472270310743174,-0.07033617917571118,-0.07033617917521347
120.5,0.5123909603190372,0.5123909604496535,-24.19874877752364,-24.198748777481285,-0.009770466746103894,-0.009770466743810283,-0.07322915567753531,-0.07322915567703622
120.75,0.5099403757862329,0.5099403759174237,-24.217446156236488,-24.217446156193994,-0.009834504130895901,-0.009834504128597142,-0.07634986798770166,-0.07634986798720118
121.0,0.5074467396998277,0.5074467398315943,-24.236918000003648,-24.236917999961015,-0.010114874870859833,-0.010114874868555924,-0.07942485571602234,-0.07942485571552048
121.25,0.5048844817674223,0.504884481899766,-24.257118669822813,-24.25711866978004,-0.010383448799879444,-0.010383448797570385,-0.08218047751594595,-0.0821804775154427
121.5,0.502267527890136,0.5022675280230582,-24.27800880742726,-24.278008807384346,-0.01055244286368166,-0.010552442861366486,-0.08494060738671058,-0.08494060738620594
121.75,0.4996012341929294,0.4996012343264313,-24.2995869883314,-24.299586988288343,-0.010778165866313158,-0.010778165863992831,-0.08768481856504967,-0.08768481856454363
122.0,0.49686725817017335,0.49686725830425627,-24.321890752541663,-24.32189075249847,-0.011093931293774376,-0.011093931291447933,-0.09074526534647036,-0.09074526534596292
122.25,0.4940744083058032,0.4940744084404686,-24.344871743977098,-24.344871743933762,-0.01124909032370033,-0.011249090321368251,-0.09310265150847437,-0.09310265150796551
122.5,0.4912199060337646,0.4912199061690139,-24.368427752924763,-24.368427752881285,-0.011587139755770267,-0.011587139753433033,-0.0953453882012983,-0.09534538820078803
122.75,0.4882735964221637,0.4882735965579983,-24.392593269155206,-24.392593269111586,-0.011983585878926587,-0.011983585876583715,-0.0979787042650303,-0.09797870426451862
123.0,0.485276591712297,0.4852765918487182,-24.417377872075576,-24.417377872031814,-0.011992670955145135,-0.011992670952797106,-0.10029811824132556,-0.10029811824081246
123.25,0.4822134183921954,0.4822134185292045,-24.442707593102536,-24.442707593058632,-0.012512908567875904,-0.012512908565522233,-0.10233960092600629,-0.10233960092549177
123.5,0.47905638360679254,0.47905638374439097,-24.468572422163767,-24.46857242211972,-0.012743581353164788,-0.012743581350805958,-0.10457900981583455,-0.10457900981531862
123.75,0.4758471549961762,0.4758471551343652,-24.49499839647099,-24.494998396426798,-0.012930460153579716,-0.012930460151215725,-0.10682876702284907,-0.10682876702233172
124.0,0.47257324267861545,0.4725732428173963,-24.521948638623503,-24.52194863857917,-0.013261022227183037,-0.013261022224813885,-0.1087731390316188,-0.10877313903110002
124.25,0.46923308271592895,0.469233082855303,-24.549351783106395,-24.54935178306192,-0.013460416292471316,-0.013460416290097003,-0.11045199803249267,-0.11045199803197246
124.5,0.4658205510698814,0.4658205512098499,-24.577241534566376,-24.577241534521754,-0.013840046157138632,-0.013840046154759157,-0.11266597785556623,-0.11266597785504459
124.75,0.4623689021245446,0.4623689022651089,-24.605659036630808,-24.60565903658604,-0.013773335279476934,-0.013773335277091812,-0.11467404494937421,-0.11467404494885113
125.0,0.45890627609758267,0.4589062762387441,-24.634571795870613,-24.6345717958257,-0.013927857711540476,-0.013927857709150188,-0.11662801440055613,-0.11662801440003161
125.25,0.45541669770268983,0.4554166978444497,-24.663935755525625,-24.663935755480566,-0.013988926100822693,-0.013988926098427239,-0.11828365708192252,-0.11828365708139657
125.5,0.4519088080985834,0.45190880824094304,-24.693688380848553,-24.693688380803348,-0.014074328347059649,-0.014074328344659028,-0.11973733744967734,-0.11973733744914994
125.75,0.44837157107022385,0.4483715712131846,-24.72381928275025,-24.7238192827049,-0.014223716704397035,-0.014223716701990283,-0.12130986367942939,-0.12130986367890055
126.0,0.4447934347885252,0.4447934349320885,-24.75433965414428,-24.754339654098786,-0.014401519617971257,-0.014401519615559336,-0.12285309070942374,-0.12285309070889344
126.25,0.4411835975720125,0.44118359771617977,-24.78523941736851,-24.785239417322867,-0.01447731935046451,-0.014477319348046937,-0.12434500793789019,-0.12434500793735843
126.5,0.4375533557103193,0.43755335585509186,-24.816537069584786,-24.816537069538995,-0.014564775570567349,-0.014564775568144605,-0.12603620154684572,-0.12603620154631245
126.75,0.4338961632124575,0.43389616335783665,-24.848235490321827,-24.84823549027589,-0.014692907827848187,-0.01469290782542027,-0.12755115226904834,-0.12755115226851357
127.0,0.4302062390960749,0.4302062392420619,-24.880332620480818,-24.880332620434736,-0.014826643587495456,-0.014826643585062365,-0.1292258763941491,-0.12922587639361283
127.25,0.42651538785625814,0.4265153880028544,-24.912801971219768,-24.912801971173536,-0.014700289775244917,-0.01470028977280569,-0.13052894143009108,-0.1305289414295533
127.5,0.42283992391671743,0.42283992406392434,-24.945577235796915,-24.945577235750534,-0.014703530208094884,-0.014703530205650482,-0.1316731748815262,-0.13167317488098687
127.75,0.419170286631747,0.41917028677956597,-24.978632464114785,-24.978632464068255,-0.014653671941387166,-0.014653671938937107,-0.13276865636203233,-0.1327686563614915
128.0,0.4154938321919752,0.4154938323404077,-25.011971758526983,-25.0119717584803,-0.014758075136293344,-0.014758075133837143,-0.1339456890922862,-0.1339456890917438
128.25,0.4118082312928935,0.4118082314419409,-25.045552625699944,-25.045552625653112,-0.014726803880849751,-0.014726803878388373,-0.13470125123963256,-0.13470125123908863
128.5,0.4081161703122481,0.40811617046191173,-25.079362572728133,-25.079362572681152,-0.014809786101390386,-0.014809786098923828,-0.1357783171622146,-0.13577831716166916
128.75,0.4044148888292744,0.4044148889795555,-25.11342192160619,-25.11342192155906,-0.014800552918983816,-0.014800552916512078,-0.13669647473269936,-0.13669647473215235
129.0,0.40069537111794334,0.40069537126884325,-25.147717847988364,-25.14771784794108,-0.01495568123816227,-0.014955681235685348,-0.13767092169905296,-0.13767092169850442
129.25,0.39698090551747994,0.3969809056690001,-25.182249342492742,-25.18224934244531,-0.01476012996749577,-0.014760129965012702,-0.13858105277260221,-0.13858105277205215
129.5,0.3932662120847911,0.393266212236933,-25.21702136124879,-25.217021361201205,-0.014957513691263148,-0.014957513688774415,-0.1395950786662589,-0.1395950786657073
129.75,0.3895290518233593,0.3895290519761242,-25.252018000514152,-25.252018000466414,-0.014939842815868581,-0.014939842813374663,-0.14037803712259728,-0.14037803712204414
130.0,0.3857905438116869,0.38579054396507617,-25.287216659531193,-25.287216659483303,-0.014968300429751424,-0.014968300427252319,-0.14121123233067484,-0.14121123233012015
130.25,0.3820555061973236,0.38205550635133845,-25.32262604348576,-25.322626043437715,-0.014912081467493097,-0.014912081464988805,-0.14206384460613616,-0.14206384460557991
130.5,0.37833108214004185,0.37833108229468365,-25.358250711118092,-25.358250711069896,-0.014883393578155381,-0.0148833935756459,-0.14293349915719353,-0.14293349915663572
130.75,0.3746039511310871,0.37460395128635715,-25.394088090615927,-25.394088090567575,-0.0149337335343221,-0.01493373353180743,-0.14376553207933926,-0.1437655320787799
131.0,0.3708749955226357,0.3708749956785353,-25.4301194496603,-25.430119449611794,-0.014897979794128673,-0.014897979791608814,-0.1444853436464731,-0.1444853436459122
131.25,0.3671579734176917,0.36715797357422214,-25.466308648705652,-25.466308648656995,-0.014838248826042032,-0.014838248823516982,-0.14502825434777095,-0.14502825434720845
131.5,0.36342652211612986,0.3634265222732924,-25.502646395818914,-25.502646395770103,-0.015013423037001438,-0.015013423034471196,-0.14567370604274876,-0.1456737060421847
131.75,0.3596722873470733,0.35967228750486935,-25.539132333029354,-25.53913233298039,-0.015020506635608107,-0.01502050663307219,-0.14621379097287618,-0.14621379097231052
132.0,0.355891068804175,0.35589106896260586,-25.57575425623566,-25.575754256186542,-0.015229293957927206,-0.015229293955386095,-0.14676157499292844,-0.1467615749923612
132.25,0.35207442152340523,0.35207442168247227,-25.61249182474551,-25.61249182469624,-0.015303920479504985,-0.015303920476958678,-0.14713896605001844,-0.14713896604944962
132.5,0.3482623373367519,0.34826233749645635,-25.64931311534909,-25.649313115299663,-0.015192781191563988,-0.015192781189012483,-0.14743136925684783,-0.14743136925627742
132.75,0.34448060149251575,0.34448060165285893,-25.686199444773166,-25.68619944472358,-0.015061127654789607,-0.015061127652232904,-0.14765927854807173,-0.14765927854749974
133.0,0.34071830865978003,0.34071830882076326,-25.723152764447107,-25.723152764397362,-0.015037244647685898,-0.015037244645123996,-0.147967281095094,-0.14796728109452043
133.25,0.3369616480031825,0.3369616481648071,-25.760192343310237,-25.760192343260336,-0.015016077227970657,-0.015016077225403074,-0.14834935180557288,-0.14834935180499773
133.5,0.3332181724411545,0.33321817260342185,-25.797298398895204,-25.797298398845143,-0.01493174198560255,-0.014931741983029765,-0.1484991008252806,-0.14849910082470386
133.75,0.32947098775890815,0.3294709879218196,-25.834452948134754,-25.834452948084532,-0.01504575852777493,-0.015045758525196944,-0.14873728234150171,-0.1487372823409234
134.0,0.3257204620841194,0.32572046224767626,-25.871674699116607,-25.87167469906623,-0.014958475703034825,-0.014958475700451635,-0.14903673374235044,-0.1490367337417705
134.25,0.32199680895897365,0.3219968091231772,-25.908983118894263,-25.908983118843725,-0.0148307870312598,-0.014830787028670923,-0.1494306365174025,-0.14943063651682095
134.5,0.3183241267836994,0.31832412694855106,-25.94637875559034,-25.946378755539644,-0.014550699605392988,-0.014550699602798905,-0.14973448345795717,-0.14973448345737403
134.75,0.3146758034595229,0.3146758036250239,-25.983850595646597,-25.98385059559574,-0.014635916397578113,-0.014635916394978823,-0.15004022895775537,-0.15004022895717062
135.0,0.3110372135741133,0.311037213740265,-26.021387632307743,-26.021387632256726,-0.01447282361837336,-0.014472823615768862,-0.15025607970782073,-0.15025607970723437
135.25,0.3074220333298548,0.3074220334966585,-26.058934265736365,-26.05893426568519,-0.014448605800640862,-0.014448605798031155,-0.15011699000437279,-0.1501169900037848
135.5,0.303830588527889,0.30383058869534607,-26.096430127399774,-26.096430127348437,-0.014282928010078291,-0.014282928007462892,-0.14984991892303587,-0.14984991892244626
135.75,0.3002500131782322,0.30025001334634405,-26.133891978326453,-26.133891978274953,-0.014361674885068051,-0.014361674882446959,-0.1498448810660294,-0.14984488106543814
136.0,0.29664904595131814,0.29664904612008625,-26.171345987459105,-26.17134598740744,-0.014446058066663115,-0.014446058064035846,-0.14978718403943234,-0.14978718403883945
136.25,0.2930421304707918,0.2930421306402176,-26.208784666457777,-26.20878466640595,-0.014409260232742197,-0.014409260230109714,-0.1497222514191965,-0.149722251418602
136.5,0.28945186015771673,0.2894518603278015,-26.24621536966902,-26.24621536961703,-0.01431290295299295,-0.014312902950355253,-0.14972338335531102,-0.14972338335471486
136.75,0.2858545406922124,0.28585454086295764,-26.283631793410223,-26.28363179335807,-0.01446564246744,-0.014465642464795642,-0.14960799217387874,-0.14960799217328094
137.0,0.2822458336698146,0.2822458338412218,-26.321017562395223,-26.321017562342906,-0.014404002048977915,-0.01440400204632834,-0.14947816551755824,-0.1494781655169588
137.25,0.278648542762748,0.2786485429348185,-26.35831789305506,-26.358317893002578,-0.014374273581557101,-0.014374273578902308,-0.14892448256389706,-0.148924482563296
137.5,0.2750546462672103,0.2750546464399454,-26.395544839465266,-26.395544839412622,-0.014376895809325689,-0.014376895806665676,-0.14889108847048768,-0.14889108846988494
137.75,0.27144633030884946,0.2714463304822505,-26.432715353655325,-26.432715353602518,-0.014489593018610398,-0.014489593015945164,-0.14847301442477118,-0.1484730144241668
138.0,0.26783647941704664,0.26783647959111484,-26.46980380031146,-26.46980380025849,-0.014389192212526117,-0.014389192209855661,-0.14823456829009907,-0.14823456828949305
138.25,0.26421018319429007,0.26421018336902685,-26.506843119210416,-26.506843119157278,-0.014621163573247125,-0.014621163570570965,-0.14807996103108978,-0.1480799610304821
138.5,0.26054785180638795,0.2605478519817948,-26.543823329954204,-26.5438233299009,-0.01467745811193675,-0.014677458109254403,-0.14776171961167345,-0.1477617196110641
138.75,0.25688432373064,0.25688432390671834,-26.580725359763495,-26.580725359710023,-0.01463073811754089,-0.014630738114853317,-0.1474545232673664,-0.1474545232667554
139.0,0.2532408991940117,0.2532408993707628,-26.61752268852303,-26.61752268846939,-0.014516608751461789,-0.01451660874876899,-0.1469241175690368,-0.14692411756842413
139.25,0.24959475146219431,0.24959475163961933,-26.65421093210169,-26.65421093204788,-0.014652541414263026,-0.014652541411564999,-0.146581818244381,-0.14658181824376665
139.5,0.24587832382231514,0.24587832400041543,-26.69081867351983,-26.690818673465852,-0.015078851850653201,-0.015078851847949944,-0.1462800729078796,-0.14628007290726355
139.75,0.24209490185846658,0.2420949020372435,-26.727345238562066,-26.727345238507922,-0.015188491690157485,-0.015188491687448515,-0.14593243709306092,-0.14593243709244322
140.0,0.23826990441323806,0.23826990459269298,-26.763805142020118,-26.763805141965808,-0.015411470978803188,-0.015411470976088987,-0.14574676954869686,-0.14574676954807747
140.25,0.23442019545111623,0.23442019563125052,-26.800174886491124,-26.800174886436643,-0.015386150839228662,-0.015386150836508747,-0.14521118860648355,-0.14521118860586246
140.5,0.23060640629124837,0.2306064064720634,-26.836429835821153,-26.836429835766506,-0.015124126963268354,-0.015124126960543206,-0.1448284307374605,-0.1448284307368377
140.75,0.22682865088102883,0.2268286510625259,-26.872569394281903,-26.87256939422709,-0.015097865974508401,-0.01509786597177802,-0.14428803942439428,-0.1442880394237698
141.0,0.22304255698781925,0.22304255716999974,-26.908593640793274,-26.90859364073829,-0.0151908497508518,-0.0151908497481157,-0.14390592389995954,-0.14390592389933338
141.25,0.21923769717834488,0.21923769736121024,-26.944494032339925,-26.944494032284766,-0.015247971943157036,-0.015247971940415217,-0.14329720308766597,-0.1432972030870381
141.5,0.21541006672689825,0.21541006691044995,-26.980267919960852,-26.980267919905522,-0.015373034255858663,-0.015373034253110643,-0.14289388608874576,-0.1428938860881162
141.75,0.21155516156192142,0.2115551617461609,-27.015903627958487,-27.015903627902983,-0.015466141484735222,-0.015466141481981962,-0.1421917691140647,-0.14219176911343342
142.0,0.20768654090219316,0.20768654108712173,-27.05141421292895,-27.051414212873276,-0.015482796235352638,-0.015482796232594138,-0.14189290907937158,-0.1418929090787386
142.25,0.20383136125939208,0.20383136144501104,-27.086796830111464,-27.08679683005562,-0.015358573182806968,-0.015358573180043225,-0.14116804009250242,-0.14116804009186776
142.5,0.20001223589387557,0.20001223608018637,-27.12202436381021,-27.12202436375419,-0.015194381722908027,-0.01519438172013808,-0.1406522449774568,-0.1406522449768204
142.75,0.1962536774079469,0.19625367759495102,-27.15710520984566,-27.157105209789467,-0.014874024758346824,-0.01487402475557115,-0.13999455350952444,-0.13999455350888634
143.0,0.19252826329211284,0.19252826347981167,-27.192004440020508,-27.19200443996414,-0.014929213785790539,-0.014929213783009139,-0.13919928268595097,-0.13919928268531115
143.25,0.18882401585699377,0.1888240160453887,-27.226687495539696,-27.226687495483155,-0.01470467822034384,-0.014704678217557192,-0.138265182636825,-0.13826518263618345
143.5,0.18514092582670758,0.18514092601579996,-27.261171514954896,-27.26117151489818,-0.014759980554322151,-0.014759980551530256,-0.1376069674707753,-0.13760696747013204
143.75,0.1814550077625155,0.18145500795230673,-27.29547186521453,-27.29547186515764,-0.014727288075168677,-0.01472728807237057,-0.13679583768850995,-0.13679583768786496
144.0,0.17779132852197782,0.17779132871246947,-27.32956448103441,-27.329564480977346,-0.014582066227515037,-0.014582066224710718,-0.13594510256206657,-0.13594510256141987
144.25,0.17417768997921906,0.17417769017041262,-27.363456205064747,-27.36345620500751,-0.014326971379952085,-0.014326971377142032,-0.13518871373105956,-0.1351887137304111
144.5,0.17060258060204259,0.17060258079393956,-27.39716474238756,-27.397164742330144,-0.014273837352858894,-0.014273837350042626,-0.1344795898608839,-0.1344795898602337
144.75,0.16703127519698618,0.16703127538958806,-27.430719960971178,-27.430719960913585,-0.014296557675086096,-0.014296557672264093,-0.133962156665913,-0.13396215666526104
145.0,0.16346615951323093,0.16346615970653922,-27.464137521579286,-27.464137521521515,-0.014224313322318516,-0.014224313319490294,-0.13337833501013407,-0.13337833500948038
145.25,0.15991801717412268,0.1599180173681389,-27.497368383356452,-27.497368383298504,-0.014160740184621864,-0.014160740181787423,-0.13246856520084804,-0.1324685652001926
145.5,0.15637554739397969,0.15637554758870528,-27.53038890602003,-27.530388905961903,-0.014178945749060163,-0.014178945746220466,-0.13169561439127087,-0.13169561439061367
145.75,0.1528269652353924,0.15282696543082874,-27.563251241388404,-27.5632512413301,-0.014209665649617582,-0.014209665646772144,-0.13120306565939016,-0.13120306565873122
146.0,0.14928764705722958,0.14928764725337818,-27.595957438994414,-27.59595743893593,-0.014104809014884086,-0.014104809012032425,-0.1304465250745649,-0.13044652507390417
146.25,0.14576286582743112,0.1457628660242934,-27.628489145912983,-27.628489145854317,-0.014093381105048017,-0.014093381102191096,-0.12980713135134248,-0.12980713135068
146.5,0.14225633316561287,0.14225633336319013,-27.660857778207323,-27.660857778148475,-0.013958818035878775,-0.01395881803301659,-0.12914193968999635,-0.1291419396893321
146.75,0.13879301469102692,0.1387930148893205,-27.6930549065044,-27.693054906445372,-0.013747663674297804,-0.013747663671430356,-0.12843510659432378,-0.12843510659365776
147.0,0.13537433105471705,0.13537433125372828,-27.725051830150836,-27.72505183009163,-0.013601721599937711,-0.013601721597064999,-0.12754029633661135,-0.12754029633594355
147.25,0.1319687794457091,0.13196877964543927,-27.756819607580535,-27.756819607521148,-0.013642603346276433,-0.013642603343398453,-0.12660191924656947,-0.1266019192458999
147.5,0.12859314588742737,0.1285931460878778,-27.7883735096281,-27.78837350956853,-0.013362392819302982,-0.013362392816419736,-0.1258293235522926,-0.12582932355162124
147.75,0.1252849225818118,0.12528492278298392,-27.819756722306646,-27.819756722246893,-0.013103338253968028,-0.013103338251078551,-0.12523640229981658,-0.12523640229914346
148.0,0.12203572033237535,0.12203572053427057,-27.850972983878588,-27.850972983818654,-0.012890210239964084,-0.012890210237069337,-0.12449371036948717,-0.12449371036881231
148.25,0.11883339675569311,0.11883339695831274,-27.88199292807173,-27.88199292801161,-0.01272830083550215,-0.012728300832602133,-0.12366585844047263,-0.12366585843979604
148.5,0.11566217391268373,0.11566217411602908,-27.912823180469434,-27.91282318040913,-0.012641417391634928,-0.012641417388729639,-0.12297616893252312,-0.12297616893184479
148.75,0.11254243539993135,0.11254243560400391,-27.94345794244075,-27.943457942380263,-0.012316408788377581,-0.012316408785465574,-0.12210195747995288,-0.12210195747927281
149.0,0.10949275979232799,0.10949275999712939,-27.973880689689427,-27.973880689628754,-0.012080919069793286,-0.012080919066875041,-0.12128004271150179,-0.12128004271081998
149.25,0.10648124182905255,0.10648124203458423,-28.0040645730712,-28.004064573010343,-0.012011122445593998,-0.012011122442670476,-0.12019103092310052,-0.12019103092241695
149.5,0.10348247514646197,0.10348247535272526,-28.034015047559706,-28.034015047498663,-0.011978938119851455,-0.011978938116922655,-0.1194127680192262,-0.1194127680185409
149.75,0.10053433074033129,0.10053433094732755,-28.06375483784628,-28.06375483778505,-0.011606132071572368,-0.011606132068637807,-0.1185055894216578,-0.11850558942097074
150.0,0.09762872692110436,0.09762872712883511,-28.093265677404393,-28.09326567734298,-0.011638611788001954,-0.011638611785061152,-0.11758112398098772,-0.1175811239802989
150.25,0.09471345476901977,0.09471345497748644,-28.122553423195857,-28.12255342313426,-0.011683484786867076,-0.011683484783920993,-0.1167208381200251,-0.11672083811933451
150.5,0.0917659767111206,0.09176597692032452,-28.15161740087398,-28.1516174008122,-0.011896252478780714,-0.01189625247582935,-0.11579096324506306,-0.11579096324437071
150.75,0.08881814967673525,0.08881814988667772,-28.18045552861842,-28.18045552855645,-0.01168628159475213,-0.01168628159179548,-0.11491407850655394,-0.11491407850585982
151.0,0.0859124797258899,0.08591247993657225,-28.20906300242595,-28.209063002363795,-0.011558987179890923,-0.011558987176928989,-0.11394572395502131,-0.11394572395432542
151.25,0.08300856824666242,0.08300856845808596,-28.237462575440198,-28.237462575377855,-0.011672239605381442,-0.011672239602414222,-0.1132508494814076,-0.11325084948070994
151.5,0.08007703066944018,0.08007703088160625,-28.265665136768217,-28.26566513670568,-0.011779978399651352,-0.011779978396678846,-0.11236963098499915,-0.11236963098429972
151.75,0.07712619088539782,0.07712619109830775,-28.29365189202511,-28.293651891962384,-0.011826660656582142,-0.011826660653604349,-0.11152440666885569,-0.11152440666815448
152.0,0.07418259418570562,0.07418259439936077,-28.321415107628955,-28.32141510756604,-0.011722024497931277,-0.011722024494947712,-0.11058132802700142,-0.11058132802629843
152.25,0.07129369182228543,0.07129369203668726,-28.34894157840536,-28.348941578342252,-0.011389105224170084,-0.011389105221180746,-0.10963046957198119,-0.10963046957127642
152.5,0.06846960737328997,0.06846960758843985,-28.376219471593714,-28.376219471530415,-0.011203472977515632,-0.011203472974521001,-0.1085926934363042,-0.10859269343559765
152.75,0.06569802371503738,0.06569802393093666,-28.403231149475033,-28.403231149411543,-0.010969093783065372,-0.010969093780065447,-0.10750075171157619,-0.10750075171086784
153.0,0.06297055625849361,0.06297055647514359,-28.429982301235803,-28.42998230117212,-0.010850552753122814,-0.010850552750117594,-0.10650847355065149,-0.10650847354994135
153.25,0.06027821487420474,0.06027821509160671,-28.45647802260998,-28.456478022546104,-0.010688079647919457,-0.010688079644908942,-0.10545731276073315,-0.10545731276002122
153.5,0.0576174730541196,0.05761747327227489,-28.482752522911714,-28.482752522847647,-0.010597787587076878,-0.010597787584061066,-0.10473869816588433,-0.10473869816517059
153.75,0.05497208146503342,0.054972081683943484,-28.50883323300026,-28.508833232936002,-0.010565267134533202,-0.010565267131511128,-0.10390698560848115,-0.10390698560776561
154.0,0.05232043785020403,0.05232043806987036,-28.534709806091993,-28.534709806027543,-0.010647806652448463,-0.010647806649420607,-0.1031055913434595,-0.10310559134274215
154.25,0.04964331109475574,0.04964331131517985,-28.560389418151466,-28.56038941808682,-0.010769134818245665,-0.010769134815211545,-0.10233129369337368,-0.10233129369265453
154.5,0.046954096600519635,0.04695409682170296,-28.5858278131926,-28.58582781312776,-0.010744472631812458,-0.010744472628773037,-0.10117586896081279,-0.10117586896009183
154.75,0.044271541395375466,0.04427154161731934,-28.611023390334893,-28.611023390269857,-0.010715895228599465,-0.010715895225554741,-0.1003887508717504,-0.10038875087102762
155.0,0.04160115471340841,0.041601154936114215,-28.635991265327817,-28.635991265262586,-0.010647101121586752,-0.010647101118536242,-0.09935425555753591,-0.09935425555681131
155.25,0.03896056874763231,0.038960568971101436,-28.660714528959907,-28.66071452889448,-0.010477500064025749,-0.010477500060969935,-0.09843186948921606,-0.09843186948848963
155.5,0.036361209146855006,0.036361209371088776,-28.685170735978602,-28.68517073591298,-0.010317262695092375,-0.010317262692031252,-0.09721780176755242,-0.09721780176682417
155.75,0.033774550131463014,0.03377455035646276,-28.709329722506073,-28.709329722440255,-0.010375900126019997,-0.010375900122953566,-0.09605408492378464,-0.09605408492305456
156.0,0.03118817085963519,0.03118817108540229,-28.733181994006525,-28.73318199394051,-0.01031501284123301,-0.010315012838160787,-0.09476409282024897,-0.09476409281951706
156.25,0.02864058506131177,0.028640585287847728,-28.756737780616522,-28.75673778055031,-0.010065571953716745,-0.010065571950638248,-0.09368222357710053,-0.09368222357636678
156.5,0.026142376720878723,0.026142376948184984,-28.78004867719034,-28.78004867712393,-0.00992001246080356,-0.009920012457719752,-0.09280496273681266,-0.09280496273607708
156.75,0.023711988291122463,0.023711988519200415,-28.80312979948964,-28.80312979942303,-0.009523004770995389,-0.009523004767905786,-0.09184405308762635,-0.09184405308688892
157.0,0.021366124698648587,0.021366124927499622,-28.825981036679693,-28.825981036612884,-0.009243821548597974,-0.009243821545503055,-0.09096587075428086,-0.0909658707535416
157.25,0.019055082505491993,0.019055082735117437,-28.848618645375545,-28.848618645308537,-0.009244438031330371,-0.009244438028230136,-0.09013499875436884,-0.09013499875362771
157.5,0.016787563851105112,0.016787564081506296,-28.871035258084127,-28.87103525801692,-0.008895623219734677,-0.008895623216629123,-0.08919793580068743,-0.08919793579994445
157.75,0.014543827323442799,0.014543827554621046,-28.893215220852433,-28.893215220785024,-0.009054179210947966,-0.009054179207837094,-0.08824175139694093,-0.0882417513961961
158.0,0.01228022819500969,0.01228022842696633,-28.915160269161504,-28.915160269093896,-0.009054527146753243,-0.009054527143637052,-0.08731863504276692,-0.08731863504202023
158.25,0.010010475704117765,0.010010475936854248,-28.936866478673174,-28.936866478605364,-0.009103400032181273,-0.009103400029058798,-0.08633103644277489,-0.08633103644202633
158.5,0.007745383295492795,0.007745383529010628,-28.95833263696741,-28.958332636899396,-0.009017251654464514,-0.009017251651336235,-0.08539823803315068,-0.08539823803240025
158.75,0.005485411337246929,0.005485411571547684,-28.97955196989259,-28.979551969824374,-0.009062426150003326,-0.00906242614686828,-0.08435642110917323,-0.08435642110842093
159.0,0.0032349009795581353,0.0032349012146433817,-29.0005148602363,-29.000514860167883,-0.008941561875734498,-0.008941561872593644,-0.08334671303561453,-0.08334671303486034
159.25,0.0010081667714692717,0.0010081670073404008,-29.021235384117674,-29.021235384049053,-0.008872224537060304,-0.008872224533914124,-0.0824174845524678,-0.08241748455171173
159.5,-0.0011988619631820977,-0.0011988617265236336,-29.04172717335231,-29.041727173283487,-0.008783920779769106,-0.008783920776616634,-0.08151683764990286,-0.0815168376491449
159.75,-0.003394787540476374,-0.003394787303029242,-29.062019713650407,-29.062019713581382,-0.008783418820223756,-0.008783418817066919,-0.08082348478214588,-0.08082348478138603
160.0,-0.0055805964322598895,-0.0055805961940229975,-29.082101295975416,-29.082101295906185,-0.00870295892028344,-0.008702958917122234,-0.07982918140366249,-0.07982918140290075
160.25,-0.0077385944218276445,-0.007738594182799839,-29.101938942309364,-29.10193894223993,-0.00856093509817908,-0.008560935095013024,-0.07887200265794826,-0.07887200265718464
160.5,-0.009868144774819964,-0.009868144535000088,-29.121566409686267,-29.12156640961663,-0.008475399783003285,-0.00847539977983286,-0.07814774442154589,-0.07814774442078037
160.75,-0.011983414426550407,-0.01198341418593737,-29.140984056344248,-29.140984056274405,-0.00844666779612083,-0.008446667792946035,-0.07719343155112479,-0.07719343155035738
161.0,-0.014093556489086534,-0.01409355624767918,-29.160181011897926,-29.160181011827877,-0.008434392559737892,-0.008434392556558243,-0.07638221403555955,-0.07638221403479023
161.25,-0.01620391147394909,-0.0162039112317462,-29.17915085010363,-29.17915085003337,-0.008448352836611597,-0.008448352833427092,-0.07537649029380887,-0.07537649029303765
161.5,-0.01829212997487587,-0.01829212973187617,-29.1978839609167,-29.19788396084623,-0.008257311776597597,-0.008257311773407753,-0.074488414222136,-0.07448841422136288
161.75,-0.020331140482265628,-0.020331140238467903,-29.216391404329936,-29.216391404259262,-0.008054686128773548,-0.008054686125579327,-0.07357115218737634,-0.0735711521866013
162.0,-0.02234834696620124,-0.022348346721604274,-29.23466600668484,-29.234666006613956,-0.00808287692429807,-0.008082876921098507,-0.07262566399395111,-0.07262566399317417
162.25,-0.02436547298137729,-0.024365472735979873,-29.252729866483467,-29.252729866412373,-0.00805406171009288,-0.008054061706888938,-0.07188521711170677,-0.07188521711092792
162.5,-0.026382839300410053,-0.026382839054211085,-29.270609355662828,-29.270609355591525,-0.008084799913632482,-0.00808479991042416,-0.07115069342510033,-0.07115069342431957
162.75,-0.028410914725182985,-0.028410914478181372,-29.28829532452951,-29.288295324457998,-0.008139727098494644,-0.00813972709528194,-0.07033705232973,-0.07033705232894731
163.0,-0.03043651877443401,-0.030436518526628653,-29.30578255061667,-29.305782550544944,-0.008065032430645722,-0.008065032427428634,-0.06956076340972533,-0.06956076340894071
163.25,-0.032452657196564746,-0.032452656947954545,-29.323057834445457,-29.32305783437352,-0.008063988600993822,-0.00806398859777235,-0.06864150731893585,-0.0686415073181493
163.5,-0.03448721107472497,-0.03448721082530871,-29.340129225003825,-29.340129224931676,-0.008212375631083142,-0.008212375627856322,-0.06792960315792383,-0.06792960315713535
163.75,-0.03652836223882014,-0.036528361988596526,-29.357035573380156,-29.357035573307797,-0.008116776646988332,-0.008116776643756644,-0.06732119286579423,-0.06732119286500382
164.0,-0.03853598707703073,-0.038535986825998556,-29.373775853105073,-29.3737758530325,-0.007944154485490233,-0.007944154482253675,-0.06660106120838757,-0.06660106120759524
164.25,-0.04051553686262724,-0.04051553661078529,-29.39032351914283,-29.390323519070048,-0.007892166731533633,-0.007892166728292202,-0.06578027199504477,-0.0657802719942505
164.5,-0.04247655307174719,-0.04247655281909431,-29.406644741548213,-29.40664474147522,-0.0077958698461809564,-0.007795869842935137,-0.0647895163268965,-0.06478951632610029
164.75,-0.0444044320644841,-0.04440443181101912,-29.422764968523207,-29.42276496845,-0.007627104214114178,-0.007627104210863487,-0.06417231538432619,-0.06417231538352804
165.0,-0.04627614093040815,-0.0462761406761298,-29.438701399103124,-29.4387013990297,-0.007346486576371121,-0.007346486573115076,-0.06331915571172682,-0.06331915571092672
165.25,-0.04810577291176555,-0.04810577265667249,-29.454418192842233,-29.454418192768596,-0.007290484341721246,-0.007290484338459846,-0.06241519948101468,-0.06241519948021266
165.5,-0.04992178199198717,-0.04992178173607812,-29.469907387724433,-29.46990738765058,-0.007237502150896405,-0.007237502147630129,-0.06149836457170526,-0.06149836457090132
165.75,-0.051738549095776847,-0.05173854883905059,-29.485171177207413,-29.485171177133342,-0.007296551398030339,-0.007296551394759187,-0.06061194572486634,-0.06061194572406047
166.0,-0.05352344264818641,-0.053523442390641725,-29.500226714704816,-29.500226714630532,-0.006982523809291556,-0.006982523806015526,-0.05983238386101032,-0.05983238386020252
166.25,-0.055264621369454835,-0.05526462111109044,-29.515063988427276,-29.515063988352775,-0.0069468151102448595,-0.00694681510696347,-0.05886580928523239,-0.05886580928442266
166.5,-0.056987937220062075,-0.056987936960876756,-29.529665564846457,-29.52966556477174,-0.006839625326773947,-0.006839625323488158,-0.057946812174065436,-0.057946812173253766
166.75,-0.05867936619744426,-0.05867936593743692,-29.544069578309678,-29.544069578234744,-0.0066917443960585665,-0.006691744392768378,-0.057285309473944,-0.05728530947313039
167.0,-0.0603517320274209,-0.06035173176659043,-29.558274368643534,-29.55827436856838,-0.006687094613952348,-0.006687094610657759,-0.05635301363522482,-0.05635301363440926
167.25,-0.062013936400161965,-0.06201393613850721,-29.572279040207686,-29.57227904013231,-0.006610477593456735,-0.006610477590157262,-0.05568436610141295,-0.055684366100595455
167.5,-0.06367689600325682,-0.0636768957407766,-29.58613435888195,-29.586134358806355,-0.006693149887821945,-0.006693149884518067,-0.05515817549823535,-0.05515817549741591
167.75,-0.06534022535856007,-0.06534022509525322,-29.599825796602662,-29.599825796526847,-0.006613411225413058,-0.006613411222104293,-0.054373333785217665,-0.05437333378439627
168.0,-0.06697707895066445,-0.06697707868652975,-29.61332547536042,-29.613325475284384,-0.006481347135953007,-0.006481347132639354,-0.05362410872784436,-0.053624108727021016
168.25,-0.06856664175816146,-0.06856664149319774,-29.626641233654393,-29.626641233578138,-0.006235087495724108,-0.006235087492406047,-0.05290198084139371,-0.05290198084056842
168.5,-0.07013969667629778,-0.07013969641050388,-29.639780156494588,-29.639780156418112,-0.006349286803300326,-0.006349286799977374,-0.05220939111332882,-0.05220939111250157
168.75,-0.07172541907942427,-0.07172541881279897,-29.652751462067,-29.652751461990302,-0.006336431549897286,-0.006336431546569442,-0.05156105467789526,-0.05156105467706606
169.0,-0.07329564728255138,-0.07329564701509343,-29.66556431821542,-29.665564318138504,-0.006225335943140363,-0.006225335939807625,-0.05094180498358711,-0.05094180498275594
169.25,-0.07481159875515297,-0.07481159848686118,-29.67822814840337,-29.678228148326234,-0.0059022220633013645,-0.005902222059963731,-0.05036886698331679,-0.050368866982483655
169.5,-0.07626151910039318,-0.07626151883126625,-29.690753257871485,-29.690753257794125,-0.005697090317129294,-0.005697090313786283,-0.04983202810147433,-0.04983202810063923
169.75,-0.07768128972786019,-0.07768128945789678,-29.70311955888914,-29.703119558811554,-0.005661005761334079,-0.005661005757985688,-0.04909838344176703,-0.049098383440929955
170.0,-0.07908838090052507,-0.07908838062972388,-29.715305172330694,-29.715305172252886,-0.005595656731195527,-0.005595656727842237,-0.0483865302517609,-0.04838653025092186
170.25,-0.08048833667905043,-0.08048833640741027,-29.727317991635715,-29.727317991557683,-0.005603926505233019,-0.0056039265018748285,-0.04771602340867264,-0.04771602340783162
170.5,-0.08188776722571205,-0.08188776695323166,-29.739152012828992,-29.739152012750736,-0.005591446450418936,-0.005591446447055844,-0.04695614731411033,-0.04695614731326733
170.75,-0.08327164058559673,-0.08327164031227491,-29.75079750626827,-29.75079750618979,-0.005479470096482647,-0.005479470093114652,-0.04620781075725817,-0.046207810756413184
171.0,-0.08459615892114894,-0.08459615864698444,-29.762269886221784,-29.76226988614308,-0.005116616785780155,-0.0051166167824072545,-0.045571263080804184,-0.045571263079957215
171.25,-0.0858468335433159,-0.08584683326830757,-29.773602770009717,-29.77360276993079,-0.0048887351903151716,-0.004888735186937846,-0.04509182870741872,-0.04509182870656977
171.5,-0.08708559646708404,-0.08708559619123077,-29.78478759646754,-29.784787596388387,-0.005021301924739526,-0.0050213019213577745,-0.04438677045666311,-0.044386770455812165
171.75,-0.08834185180383555,-0.08834185152713624,-29.795815106443875,-29.795815106364493,-0.0050286887895785995,-0.005028688786192421,-0.04383330865752021,-0.04383330865666728
172.0,-0.08959540245804239,-0.08959540218049586,-29.80669306043932,-29.80669306035971,-0.004999656023877338,-0.00499965602048625,-0.043190326043184984,-0.04319032604233005
172.25,-0.09081433991059498,-0.09081433963220006,-29.81742138841353,-29.817421388333692,-0.0047517915596726875,-0.004751791556277168,-0.04263632111923678,-0.042636321118379845
172.5,-0.09198841237882922,-0.09198841209958476,-29.8279874222573,-29.827987422177237,-0.004640718195274401,-0.004640718191873968,-0.0418919601029546,-0.04189196010209567
172.75,-0.09312150001944752,-0.09312149973935228,-29.838390001878686,-29.838390001798395,-0.004423930006228364,-0.0044239300028230165,-0.04132869730698293,-0.04132869730612199
173.0,-0.09419525766631422,-0.09419525738536703,-29.848667904565605,-29.848667904485083,-0.004166090408707183,-0.004166090405297401,-0.04089454849756134,-0.0408945484966984
173.25,-0.09520402784957356,-0.09520402756777332,-29.858820040778756,-29.858820040698003,-0.003904017291927229,-0.003904017288513012,-0.04032256591598514,-0.04032256591512019
173.5,-0.09616468119178398,-0.09616468090912951,-29.8688445251345,-29.868844525053515,-0.0037811672443463866,-0.0037811672409272523,-0.03987332051226454,-0.03987332051139758
173.75,-0.09706145889693493,-0.09706145861342495,-29.87874486897336,-29.87874486889214,-0.003393003265507364,-0.003393003262082829,-0.03932946679487241,-0.03932946679400344
174.0,-0.09789317265324421,-0.09789317236887748,-29.88851493752669,-29.888514937445237,-0.0032606599311797574,-0.0032606599277507837,-0.03883109410910125,-0.03883109410823026
174.25,-0.09869774965510852,-0.09869774936988394,-29.898158154952743,-29.89815815487106,-0.003175907522132279,-0.003175907518698866,-0.03831465328978061,-0.038314653288907596
174.5,-0.09948175374922467,-0.09948175346314113,-29.907660411951248,-29.90766041186933,-0.003096067727894602,-0.0030960677244567473,-0.03770341022553271,-0.03770341022465767
174.75,-0.1002765617865392,-0.10027656149959552,-29.91700363202142,-29.917003631939266,-0.0032623343712121357,-0.0032623343677693566,-0.03704233466005719,-0.03704233465918012
175.0,-0.10109532704920585,-0.1010953267614008,-29.926195927658625,-29.926195927576238,-0.0032877363550249538,-0.003287736351577249,-0.03649602804261194,-0.03649602804173284
175.25,-0.1018951554969498,-0.1018951552082821,-29.93523623767336,-29.93523623759074,-0.0031108282284706616,-0.003110828225017548,-0.03582646875420995,-0.035826468753328816
175.5,-0.1026215717830252,-0.10262157149349353,-29.944138122238364,-29.944138122155508,-0.002700460898222515,-0.0027004608947644726,-0.03538864645542305,-0.035388646454539874
175.75,-0.10329515308803075,-0.1032951527976339,-29.95291104611709,-29.952911046034,-0.002688133656298548,-0.0026881336528355756,-0.034794745736559884,-0.03479474573567467
176.0,-0.10397345170591141,-0.1039734514146482,-29.96153634160157,-29.96153634151824,-0.0027382000401068203,-0.0027382000366393978,-0.03420761341891631,-0.034207613418029054
176.25,-0.1046389896974,-0.10463898940526926,-29.9699988719652,-29.969998871881636,-0.0025860365905522437,-0.002586036587079888,-0.03349264383612448,-0.03349264383523518
176.5,-0.10524982734150821,-0.10524982704850872,-29.97830344930973,-29.978303449225933,-0.0023006129337680963,-0.002300612930290806,-0.03294400182998555,-0.032944001829094204
176.75,-0.10580308635651728,-0.10580308606264778,-29.986459077083477,-29.98645907699944,-0.0021253986557270314,-0.002125398652244805,-0.0323010368792271,-0.0323010368783337
177.0,-0.1063389619310534,-0.10633896163631266,-29.994438559072826,-29.994438558988552,-0.0021615337865310506,-0.0021615337830438873,-0.03153481562865785,-0.0315348156277624
177.25,-0.1068967536006586,-0.1068967533050454,-30.002275258444744,-30.002275258360232,-0.0023007642054039767,-0.0023007642019118747,-0.03115876621990483,-0.03115876621900734
177.5,-0.10742318634153444,-0.10742318604504754,-30.00999843352586,-30.00999843344111,-0.0019106476396129589,-0.0019106476361159172,-0.03062667120937294,-0.030626671208473406
177.75,-0.1078956922432046,-0.10789569194584275,-30.017601336750165,-30.017601336665177,-0.0018693590980761367,-0.0018693590945741546,-0.030196558477733684,-0.0301965584768321
178.0,-0.10835109202393334,-0.10835109172569532,-30.02509539904572,-30.02509539896049,-0.0017737976796959487,-0.0017737976761890246,-0.029755948896239334,-0.0297559488953357
178.25,-0.10878956970913928,-0.10878956941002385,-30.032468141731112,-30.03246814164564,-0.0017339739078812606,-0.0017339739043693932,-0.029225996341423983,-0.029225996340518295
178.5,-0.10922478172064319,-0.10922478142064906,-30.039711983612968,-30.039711983527255,-0.0017476749948091837,-0.00174767499129189,-0.028724737421622026,-0.02872473742071428
178.75,-0.10967414191769324,-0.10967414161681918,-30.046835965425146,-30.04683596533919,-0.0018471635078987424,-0.001847163504376984,-0.028267107695915172,-0.028267107695005365
179.0,-0.110116888034434,-0.11011688773267882,-30.053836046288435,-30.053836046202235,-0.0016947551930828742,-0.0016947551895561677,-0.027733553579467423,-0.027733553578555555
179.25,-0.11050348955644512,-0.1105034892538076,-30.060728289994714,-30.060728289908273,-0.001398026014341983,-0.001398026010810327,-0.027404424046500706,-0.02740442404558677
179.5,-0.11081293647354408,-0.11081293617002297,-30.067527005372988,-30.0675270052863,-0.0010775098594610433,-0.001077509855924436,-0.026985329198065715,-0.02698532919714971
179.75,-0.11107133538780987,-0.11107133508340393,-30.074206262437407,-30.07420626235048,-0.0009896309056620443,-0.0009896309021204849,-0.02644873560251483,-0.026448735601596753
180.0,-0.11133266011796966,-0.11133265981267766,-30.080746143529286,-30.080746143442116,-0.0011009124424426317,-0.0011009124388961186,-0.02587030264077917,-0.025870302639859018
180.25,-0.11160694410435444,-0.1116069437981752,-30.08715086547511,-30.087150865387695,-0.0010933120855191468,-0.0010933120819681603,-0.025367473642321982,-0.02536747364139975
180.5,-0.11186549082074825,-0.11186549051368065,-30.093427989340228,-30.093427989252568,-0.0009750128548321093,-0.0009750128512766483,-0.02484952843188048,-0.024849528430956166
180.75,-0.11211057495118061,-0.11211057464322348,-30.09956932909007,-30.099569329002165,-0.000985606644437833,-0.000985606640877414,-0.02428118856800398,-0.024281188567077585
181.0,-0.11233154867970858,-0.11233154837086061,-30.105587697824472,-30.105587697736322,-0.0007821440542329513,-0.0007821440506670916,-0.02386578048971798,-0.023865780488789498
181.25,-0.11249872896838307,-0.11249872865864295,-30.111500090931884,-30.11150009084349,-0.0005552575154923064,-0.0005552575119214861,-0.023433385760511787,-0.02343338575958121
181.5,-0.11263196492025025,-0.1126319646096168,-30.11726499378959,-30.11726499370095,-0.0005105596418534633,-0.0005105596382781628,-0.022685841315232824,-0.022685841314300157
181.75,-0.11274105955344882,-0.11274105924192086,-30.122873049026158,-30.122873048937272,-0.00036214961956694384,-0.00036214961598668,-0.022178614569437996,-0.02217861456850323
182.0,-0.11281272262838514,-0.11281272231596144,-30.128348054004512,-30.12834805391538,-0.0002111024606107479,-0.00021110245702551933,-0.021621439498162177,-0.021621439497225312
182.25,-0.11283721046212784,-0.11283721014880715,-30.13368223620274,-30.133682236113362,1.525347010946471e-05,1.5253473699659374e-05,-0.02105203942857371,-0.02105203942763474
182.5,-0.11283647957890665,-0.11283647926468773,-30.13890449289988,-30.13890449281025,-9.375666155886805e-06,-9.375662560724832e-06,-0.020726011826429434,-0.02072601182548836
182.75,-0.11283011878121567,-0.11283011846609722,-30.144055318004632,-30.144055317914756,6.0285186685199786e-05,6.028519028581228e-05,-0.020480595579207495,-0.020480595578264316
183.0,-0.11278021237140991,-0.1127802120553907,-30.14911908946259,-30.149119089372466,0.0003390086196402101,0.00033900862324531193,-0.020029602362615917,-0.020029602361670628
183.25,-0.112676946800088,-0.11267694648316683,-30.154057983492176,-30.1540579834018,0.00048716763683681423,0.0004871676404468883,-0.019481563842522087,-0.019481563841574685
183.5,-0.11255748927393114,-0.11255748895610677,-30.158884382910184,-30.158884382819554,0.00046852577207677406,0.00046852577569182156,-0.01912962974390468,-0.01912962974295516
183.75,-0.11244664999903353,-0.11244664968030472,-30.16360895691288,-30.163608956822,0.00041823206583417003,0.0004182320694541925,-0.0186669575358895,-0.018666957534937863
184.0,-0.11235202493776582,-0.11235202461813133,-30.168217621558846,-30.16821762146771,0.000338812242704955,0.000338812246329954,-0.01820235214403635,-0.018202352143082592
184.25,-0.11227973091641157,-0.11227973059587015,-30.17270375888677,-30.172703758795382,0.00023958855216939432,0.00023958855579937126,-0.01768673712444093,-0.017686737123485046
184.5,-0.11222360733075279,-0.1122236070093032,-30.17710275664584,-30.177102756554202,0.0002094172535351364,0.00020941725717009264,-0.01750524210350647,-0.01750524210254846
184.75,-0.11214203228430508,-0.11214203196194608,-30.181465168025404,-30.18146516793351,0.00044319361237750324,0.0004431936160174406,-0.017394070973501746,-0.017394070972541604
185.0,-0.11199921222569138,-0.11199921190242172,-30.18576891478652,-30.18576891469437,0.0006994006453732974,0.0006994006490182178,-0.017035927270709444,-0.01703592726974717
185.25,-0.11180778940534884,-0.11180778908116733,-30.18999348984094,-30.189993489748534,0.000832007897928749,0.0008320079015781722,-0.016760685666863815,-0.016760685665899402
185.5,-0.1115796723392776,-0.11157967201418305,-30.194115585299947,-30.194115585207285,0.0009929800116243366,0.0009929800152787462,-0.016216093181663265,-0.016216093180696712
185.75,-0.11130606512316146,-0.11130606479715263,-30.198125452440998,-30.19812545234808,0.0011959110638146417,0.0011959110674740392,-0.015862863079142583,-0.01586286307817389
186.0,-0.11101203115666566,-0.11101203082974137,-30.20202827993019,-30.202028279837013,0.0011564081486867288,0.0011564081523506337,-0.015359753109965289,-0.015359753108994456
186.25,-0.1106895632764746,-0.11068956294863365,-30.20582791143233,-30.205827911338897,0.0014233653432273539,0.0014233653468962498,-0.015037324075974915,-0.015037324075001942
186.5,-0.1103194916881088,-0.11031949135934994,-30.20952886465747,-30.20952886456378,0.001537251453026887,0.0015372514567007752,-0.014570312462348845,-0.014570312461373728
186.75,-0.10990791367043691,-0.1099079133407589,-30.213143716075574,-30.213143715981623,0.001755393664971275,0.001755393668650157,-0.014348519448977201,-0.014348519447999938
187.0,-0.10943558849798599,-0.10943558816738758,-30.216697096798526,-30.216697096704316,0.002023233242930159,0.002023233246614038,-0.014078551586636689,-0.014078551585657276
187.25,-0.10891038099557412,-0.10891038066405401,-30.220147411585764,-30.220147411491293,0.002178479145589692,0.0021784791492790497,-0.013523981347866669,-0.013523981346885101
187.5,-0.10836823505862547,-0.10836823472618233,-30.223503974047123,-30.22350397395239,0.0021587068652811044,0.002158706868975461,-0.013328516478799127,-0.013328516477815404
187.75,-0.10782309782166222,-0.10782309748829487,-30.226799426977454,-30.22679942688246,0.002202418780072049,0.0022024187837709243,-0.013035111084981328,-0.013035111083995445
188.0,-0.10724979556501438,-0.10724979523072163,-30.229984065978442,-30.22998406588319,0.0023840552819812968,0.0023840552856851747,-0.012442018047662429,-0.012442018046674382
188.25,-0.10664538054494543,-0.10664538020972603,-30.233050265941763,-30.233050265846252,0.002451298391139976,0.002451298394848858,-0.012087587998579863,-0.012087587997589652
188.5,-0.10601043419668309,-0.10601043386053577,-30.236022396522767,-30.236022396426993,0.002628310031022835,0.002628310034736722,-0.011689473338138703,-0.011689473337146324
188.75,-0.10533905063152921,-0.10533905029445274,-30.238902854240976,-30.23890285414494,0.002742790207462663,0.002742790211181557,-0.011354199200720817,-0.011354199199726266
189.0,-0.1046362659243736,-0.10463626558636673,-30.241672523502906,-30.241672523406606,0.002879539513776395,0.002879539517500298,-0.010803167787456307,-0.01080316778645958
189.25,-0.10388822884800623,-0.10388822850906776,-30.24434720549774,-30.244347205401176,0.0031047769081337206,0.0031047769118621514,-0.010594309406651101,-0.010594309405652197
189.5,-0.10310887217331285,-0.10310887183344158,-30.246941847465703,-30.246941847368873,0.0031301172943494263,0.0031301172980828683,-0.010162828726095783,-0.010162828725094698
189.75,-0.10231429340758749,-0.10231429306678225,-30.249461780649792,-30.2494617805527,0.003226528626402135,0.003226528630140108,-0.009996645836279435,-0.009996645835276166
190.0,-0.10150200078361571,-0.10150200044187528,-30.251905008210368,-30.25190500811301,0.003271854682768837,0.003271854686511824,-0.009549178921633403,-0.009549178920627949
190.25,-0.10071923891054652,-0.10071923856786966,-30.254263640982956,-30.25426364088533,0.0029902620476528756,0.0029902620514008793,-0.009319856710308234,-0.009319856709300592
190.5,-0.09997365289977461,-0.09997365255616007,-30.256531886482986,-30.256531886385094,0.0029744727089265673,0.0029744727126795882,-0.008826105801247255,-0.008826105800237422
190.75,-0.09923598951913448,-0.099235989174581,-30.25872842893598,-30.258728428837824,0.002926841985019353,0.0029268419887773923,-0.008746229332011003,-0.008746229330998976
191.0,-0.09851496091228736,-0.09851496056679368,-30.260873131620897,-30.260873131522473,0.0028414185545179737,0.0028414185582810335,-0.00841138409350072,-0.008411384092486495
191.25,-0.09779836233207724,-0.09779836198564205,-30.26295065309167,-30.262950652992977,0.0028913893022783728,0.002891389306046936,-0.008208792383894405,-0.008208792382877979
191.5,-0.09705640136827356,-0.09705640102089555,-30.26498226368929,-30.264982263590326,0.0030443140535123983,0.003044314057285985,-0.0080441068148225,-0.00804410681380387
191.75,-0.09627440898165163,-0.09627440863332952,-30.266983567975558,-30.266983567876323,0.003211632496174674,0.0032116324999532865,-0.007966343250139054,-0.007966343249118218
192.0,-0.09545134379278676,-0.09545134344351933,-30.26896347915286,-30.268963479053355,0.0033728979505305273,0.0033728979543141665,-0.007872961372399042,-0.007872961371375995
192.25,-0.09461874167014414,-0.09461874131993005,-30.270886313140995,-30.270886313041217,0.0032879534120730937,0.003287953415862243,-0.00750970252400018,-0.007509702522974924
192.5,-0.09379681803901663,-0.09379681768785456,-30.2727364850177,-30.27273648491765,0.0032874563244523454,0.0032874563282465244,-0.007291672442713135,-0.007291672441685666
192.75,-0.09297062318536567,-0.09297062283325437,-30.274563694760307,-30.274563694659985,0.0033220993996996243,0.0033220994034988344,-0.0073260087642548054,-0.007326008763225121
193.0,-0.09212830528695104,-0.0921283049338892,-30.276375025542794,-30.2763750254422,0.003416459135722754,0.0034164591395274783,-0.007164646391874701,-0.0071646463908427984
193.25,-0.09125857584961464,-0.09125857549560086,-30.278119406644368,-30.2781194065435,0.0035414117849441205,0.003541411788754361,-0.006790414201250938,-0.006790414200216813
193.5,-0.0903663671130952,-0.09036636675812819,-30.27977538293111,-30.279775382829968,0.0035962896466092383,0.003596289650424515,-0.006457401266535368,-0.006457401265499018
193.75,-0.08943898411353166,-0.08943898375761014,-30.281378289876866,-30.28137828977545,0.0038227831273662527,0.0038227831311865674,-0.006365875653390506,-0.006365875652351928
194.0,-0.08844905715599238,-0.08844905679911516,-30.282931124134024,-30.282931124032334,0.004096661828876437,0.004096661832701311,-0.006056824225243197,-0.006056824224202387
194.25,-0.08744400027739993,-0.0874439999195658,-30.284440754786736,-30.28444075468477,0.003943796813003874,0.003943796816833791,-0.006020206584194207,-0.006020206583151164
194.5,-0.08645638277922137,-0.08645638242042908,-30.28589568205791,-30.285895681955665,0.0039571811363554145,0.0039571811401903755,-0.005619212847006332,-0.005619212845961052
194.75,-0.08547744446781505,-0.08547744410806334,-30.287279285517613,-30.287279285415092,0.003874341502056681,0.0038743415058966856,-0.005449607020393947,-0.005449607019346427
195.0,-0.08452331566448633,-0.08452331530377392,-30.28861402176532,-30.288614021662525,0.003758709944816676,0.0037587099486617263,-0.005228272059406226,-0.005228272058356463
195.25,-0.08361080104378144,-0.08361080068210709,-30.289890189301723,-30.28989018919865,0.003541430475270146,0.0035414304791202434,-0.004981047746532222,-0.004981047745480211
195.5,-0.08272886065492664,-0.08272886029228903,-30.29108313561311,-30.291083135509762,0.0035141322356906585,0.003514132239546286,-0.004562520170825698,-0.004562520169771437
195.75,-0.08186648239646171,-0.08186648203285951,-30.292182954312427,-30.292182954208798,0.0033849247528864564,0.0033849247567471342,-0.004236017241883636,-0.004236017240827122
196.0,-0.08103913064747127,-0.08103913028290322,-30.29319971177561,-30.2931997116717,0.003233921237205079,0.003233921241070809,-0.003898028226829465,-0.0038980282257706964
196.25,-0.08023799726768033,-0.08023799690214516,-30.294142316161413,-30.294142316057226,0.0031751699922380476,0.0031751699961088307,-0.0036428013204442577,-0.0036428013193832323
196.5,-0.07945022145235336,-0.0794502210858498,-30.29502332346143,-30.295023323356965,0.003127059052652146,0.003127059056527984,-0.0034052525437163724,-0.0034052525426530866
196.75,-0.07866689716266766,-0.07866689679519451,-30.295835871825354,-30.29583587172061,0.0031395646281677765,0.0031395646320481895,-0.003095135546657863,-0.003095135545592314
197.0,-0.07786497309284625,-0.07786497272440225,-30.29659281438422,-30.296592814279194,0.003275840759977575,0.003275840763863528,-0.0029604177724120726,-0.002960417771344258
197.25,-0.07704743090283878,-0.0770474305334226,-30.297302658945178,-30.29730265883987,0.0032645197143371693,0.003264519718228182,-0.002718337647846271,-0.0027183376467761872
197.5,-0.07623134122037575,-0.07623134084998613,-30.2979589772456,-30.297958977140013,0.0032642154242789544,0.003264215428175028,-0.0025322087267887657,-0.00253220872571641
197.75,-0.07543764002378457,-0.07543763965242024,-30.29855618735503,-30.298556187249158,0.003085421310715319,0.003085421314616456,-0.002245455291774433,-0.0022454552906998023
198.0,-0.07469607095865177,-0.07469607058631146,-30.299089733182612,-30.29908973307646,0.0028471523126840656,0.002847152316590267,-0.0020228888647116023,-0.0020228888636346933
198.25,-0.07395559114889132,-0.07395559077557376,-30.299575449535162,-30.299575449428726,0.0030767013711469763,0.0030767013750582443,-0.0018628635976442294,-0.00186286359656504
198.5,-0.07316189733132321,-0.07316189695702716,-30.300027561581942,-30.300027561475222,0.0032728595552750125,0.0032728595591913485,-0.0017540512704543238,-0.001754051269372851
198.75,-0.07232530401168516,-0.07232530363640939,-30.30043653644026,-30.300436536333255,0.0034199094132182223,0.003419909417139146,-0.0015177614599770095,-0.0015177614588932503
199.0,-0.07146323878943413,-0.07146323841317744,-30.30079735964583,-30.30079735953854,0.003476626544104684,0.003476626548030679,-0.0013688295318511727,-0.0013688295307651244
199.25,-0.07056805700859504,-0.07056805663135611,-30.301121738804092,-30.301121738696516,0.0036848412908249443,0.003684841294756494,-0.0012262233647899888,-0.001226223363701648
199.5,-0.06962211424047898,-0.06962211386225646,-30.30138368201923,-30.301383681911368,0.003882734652519701,0.0038827346564563247,-0.0008693410137727728,-0.0008693410126821366
199.75,-0.06864002645750668,-0.0686400260782993,-30.301587862800126,-30.301587862691974,0.003973977689268675,0.003973977693210376,-0.0007641138357592674,-0.0007641138346663332
200.0,-0.0676290784016742,-0.06762907802148077,-30.301782413177246,-30.301782413068807,0.004113604261513693,0.004113604265459992,-0.0007923023452231055,-0.0007923023441278703
200.25,-0.06661020581399066,-0.06661020543281002,-30.30198001886501,-30.301980018756282,0.004037376958069375,0.004037376962020274,-0.000788535970081492,-0.0007885359689839531
200.5,-0.06561992284242686,-0.06561992246025786,-30.30214756665715,-30.302147566548133,0.0038849092894677737,0.0038849092934232715,-0.0005518319922463668,-0.0005518319911465212
200.75,-0.06464799088108893,-0.06464799049793035,-30.30227797479337,-30.302277974684063,0.0038905522511351147,0.003890552255095695,-0.0004914336294697792,-0.0004914336283676242
201.0,-0.06365787112548366,-0.06365787074133424,-30.302364489034492,-30.302364488924894,0.004030433363267203,0.004030433367232869,-0.00020069348750986667,-0.00020069348640539903
201.25,-0.06266185684140994,-0.06266185645626841,-30.302406943419587,-30.3024069433097,0.003937686891511084,0.003937686895481837,-0.00013893284900695223,-0.00013893284790016932
201.5,-0.06168495135847369,-0.061684950972338747,-30.302434154875947,-30.302434154765766,0.003877562802059779,0.003877562806036101,-7.875313328154503e-05,-7.875313217244376e-05
201.75,-0.060697546010791394,-0.06069754562366164,-30.3024314111031,-30.30243141099263,0.004021697055354777,0.004021697059336671,0.0001006897270522949,0.00010068972816371807
202.0,-0.05968822648811279,-0.05968822609998684,-30.302406559094468,-30.302406558983705,0.0040528590456097215,0.00405285904959719,9.812340409478825e-05,9.81234052085364e-05
202.25,-0.05868163356405687,-0.05868163317493345,-30.30233214878342,-30.302332148672363,0.0039999221296671975,0.003999922133659278,0.0004971640752627293,0.0004971640763788065
202.5,-0.05768757984004713,-0.057687579449925024,-30.302205071640984,-30.30220507152963,0.0039525099232978166,0.003952509927294992,0.0005194575343428131,0.0005194575354612217
202.75,-0.05669180038178818,-0.05669179999066611,-30.302050503439464,-30.302050503327816,0.004013744534270284,0.004013744538272556,0.0007170823046341346,0.0007170823057548778
203.0,-0.05570949869612046,-0.055709498303997164,-30.30185713353143,-30.30185713341949,0.0038446797440839175,0.003844679748091287,0.0008298928992024965,0.0008298929003255773
203.25,-0.05474352964206783,-0.054743529248942026,-30.301644329300164,-30.301644329187926,0.0038830768634316747,0.003883076867444143,0.0008725373308970735,0.0008725373320224949
203.5,-0.05379014888367941,-0.05379014848954983,-30.301403244587206,-30.301403244474674,0.003743986667648365,0.0037439866716659337,0.0010561534863147628,0.0010561534874425286
203.75,-0.05286613583274015,-0.052866135437605564,-30.301124661724053,-30.301124661611226,0.0036481288586605763,0.003648128862682765,0.0011725184564844243,0.0011725184576145372
204.0,-0.051969392878973245,-0.051969392482832506,-30.300855932096752,-30.300855931983627,0.0035257965124854606,0.0035257965165122716,0.0009773300955510404,0.0009773300966835034
204.25,-0.05109286080152535,-0.05109286040437718,-30.30057400245768,-30.300574002344256,0.0034864886051060974,0.003486488609138495,0.0012781107230606919,0.0012781107241955083
204.5,-0.05020388445168266,-0.050203884053525785,-30.30023865168845,-30.30023865157473,0.0036253342691127486,0.0036253342731497715,0.0014046823403785404,0.001404682341515713
204.75,-0.04928490568512513,-0.04928490528595832,-30.299891994378072,-30.299891994264055,0.0037264926053714033,0.003726492609413535,0.0013685666054345908,0.0013685666065741222
205.0,-0.04837354454028565,-0.04837354414010771,-30.29956362186401,-30.299563621749694,0.0035643863153067418,0.003564386319353502,0.0012584287905871368,0.00125842879172903
205.25,-0.04748246850383032,-0.04748246810264008,-30.299242299950237,-30.29924229983562,0.0035642271834456065,0.003564227187496997,0.001312146534665011,0.001312146535809269
205.5,-0.04659408759400668,-0.04659408719180293,-30.298918854605237,-30.29891885449032,0.0035428167745196327,0.003542816778576137,0.0012754182439694013,0.001275418245116027
205.75,-0.04570202840052095,-0.0457020279973024,-30.298589985435207,-30.29858998531999,0.0035936644691057385,0.003593664473167358,0.0013555303223882966,0.001355530323537293
206.0,-0.04480237419918261,-0.044802373794948044,-30.298248674427736,-30.298248674312216,0.00360357111708388,0.003603571121150135,0.0013749568034246546,0.0013749568045760246
206.25,-0.04389372384806238,-0.04389372344281059,-30.297898982128576,-30.297898982012754,0.0036656363268003597,0.0036656363308717327,0.001422575738360472,0.0014225757395142187
206.5,-0.04299596657296506,-0.042995966166694696,-30.29754542657541,-30.297545426459283,0.003516420443794438,0.003516420447871413,0.0014058827551845124,0.0014058827563406388
206.75,-0.04212323590366739,-0.042123235496377115,-30.297182934198666,-30.297182934082233,0.0034654333637226874,0.003465433367804784,0.001494061065929585,0.0014940610670880945
207.0,-0.04129509898456255,-0.041295098576251084,-30.296820377292082,-30.296820377175344,0.0031596538590528446,0.003159653863140065,0.0014064230158642968,0.0014064230170251926
207.25,-0.04050082831703605,-0.04050082790770211,-30.296432667034924,-30.29643266691788,0.003194538839551927,0.0031945388436442727,0.0016952557524739697,0.0016952557536372554
207.5,-0.03973238449055054,-0.0397323840801929,-30.29599823926433,-30.29599823914698,0.0029530199028529845,0.002953019906949976,0.0017801891828933267,0.0017801891840590045
207.75,-0.03903969629974644,-0.03903969588836395,-30.295546530938573,-30.295546530820918,0.0025884907616939424,0.002588490765795581,0.0018335117912143643,0.0018335117923824371
208.0,-0.038403791442919936,-0.038403791030511364,-30.295082869089445,-30.295082868971484,0.0024987521808127653,0.0024987521849195345,0.001875791462471324,0.0018757914636417948
208.25,-0.03777178344940906,-0.03777178303597307,-30.294605928781035,-30.29460592866277,0.002557317896129478,0.00255731790024186,0.0019397254832421355,0.0019397254844150077
208.5,-0.037140856264893676,-0.03714085585042886,-30.294121862305783,-30.29412186218721,0.002490099029195797,0.002490099033313795,0.001932812656249337,0.0019328126574246138
208.75,-0.03653379733127619,-0.0365337969157812,-30.29367283539876,-30.29367283527988,0.0023663467607208757,0.002366346764844009,0.001659414267417694,0.0016594142685953791
209.0,-0.0359389288406529,-0.035938928424126465,-30.293254073347473,-30.293254073228287,0.002392604207162723,0.0023926042112909934,0.0016906796673699656,0.0016906796685500617
209.25,-0.03533027891690057,-0.035330278499341394,-30.29281121773913,-30.292811217619633,0.0024766105044378107,0.0024766105085712196,0.001852157279274149,0.0018521572804566595
209.5,-0.03469433286729461,-0.03469433244870129,-30.292332384369676,-30.292332384249868,0.00261096990554003,0.0026109699096795425,0.001978497008934521,0.00197849701011945
209.75,-0.034064750249275674,-0.0340647498296468,-30.291851324000046,-30.291851323879925,0.002425680910507746,0.002425680914652401,0.0018700034173213557,0.0018700034185087054
210.0,-0.03348747435938313,-0.03348747393871743,-30.291353523121824,-30.29135352300139,0.0021925491566925277,0.0021925491608423267,0.0021124255882999164,0.0021124255894896912
210.25,-0.032930412207038656,-0.032930411785334776,-30.290835135220966,-30.290835135100224,0.00226394082043598,0.002263940824591406,0.0020346708877596437,0.0020346708889518467
210.5,-0.03234014952246256,-0.03234014909971909,-30.290330241017582,-30.290330240896527,0.0024581579027321545,0.0024581579068932097,0.002004464428484033,0.0020044644296786677
210.75,-0.03169726355068027,-0.03169726312689593,-30.289789584498426,-30.289789584377058,0.00268495979550671,0.002684959799672433,0.0023207663418113285,0.0023207663430083983
211.0,-0.03101333595875687,-0.031013335533930438,-30.289207060939333,-30.289207060817652,0.0027864628072836505,0.0027864628114545238,0.002339412561212192,0.0023394125624116996
211.25,-0.030337230184913227,-0.03033722975904348,-30.288640358797505,-30.288640358675508,0.002622369802810235,0.002622369806985779,0.0021942200442568753,0.0021942200454588235
211.5,-0.029666376795984918,-0.029666376369070567,-30.288065207786875,-30.288065207664562,0.0027444774747509538,0.0027444774789321335,0.0024069765284627574,0.0024069765296671495
211.75,-0.028979921254796905,-0.0289799208268366,-30.287472751629792,-30.287472751507167,0.0027471599591575233,0.0027471599633438586,0.0023326724753396674,0.0023326724765465067
212.0,-0.028268507121646552,-0.028268506692639004,-30.286885049487022,-30.28688504936408,0.00294415663788162,0.0029441566420731133,0.002368926093926949,0.0023689260951362387
212.25,-0.02754075317460426,-0.02754075274454812,-30.28631115649205,-30.286311156368793,0.0028778612237523138,0.0028778612279494477,0.0022222241162610555,0.0022222241174727985
212.5,-0.02681295841428838,-0.026812957983182235,-30.285791352444917,-30.285791352321343,0.0029444700088951717,0.0029444700130979483,0.001936201980953174,0.0019362019821673733
212.75,-0.02607027160771757,-0.026070271175560072,-30.285283535367533,-30.28528353524364,0.0029970424878450704,0.0029970424920530096,0.0021263296816170516,0.002126329682833711
213.0,-0.02527745133639099,-0.02527745090318091,-30.284777296474207,-30.284777296349993,0.0033455006913058758,0.0033455006955184978,0.0019235486122144278,0.0019235486134335496
213.25,-0.02446315157499157,-0.024463151140727675,-30.28428470541414,-30.284284705289608,0.0031689063593526496,0.0031689063635704376,0.002017196517792122,0.00201719651901371
213.5,-0.02364087140001498,-0.023640870964695977,-30.283758199213196,-30.283758199088343,0.0034093519194464605,0.0034093519236694167,0.002194830420479929,0.0021948304217039864
213.75,-0.022813348311519432,-0.02281334787514409,-30.283203932660236,-30.283203932535063,0.0032108371154903424,0.0032108371197179866,0.0022393207193377057,0.002239320720564235
214.0,-0.022005037021912855,-0.02200503658447988,-30.282657757528074,-30.282657757402582,0.003255643031048777,0.0032556430352820745,0.0021300761136708586,0.002130076114899863
214.25,-0.021198774646833875,-0.021198774208341917,-30.282126563734078,-30.282126563608262,0.003194455099576963,0.0031944551038154334,0.002119480007200835,0.0021194800084323178
214.5,-0.0204238765919266,-0.02042387615237436,-30.281558138199525,-30.281558138073386,0.003004758545645947,0.0030047585498895924,0.002427942153986339,0.002427942155220304
214.75,-0.01966419692993856,-0.019664196489324687,-30.280942687075246,-30.280942686948784,0.003072685256323044,0.0030726852605723475,0.0024956604361361214,0.002495660437372571
215.0,-0.018885135142811545,-0.018885134701134686,-30.280301974581953,-30.280301974455167,0.0031598218339007247,0.003159821838155207,0.0026300312949916163,0.002630031296230554
215.25,-0.01810432473660674,-0.01810432429386566,-30.279662206054706,-30.279662205927597,0.0030866481615507914,0.003086648165809972,0.0024881238218844456,0.0024881238231258744
215.5,-0.017341949506754602,-0.017341949062948003,-30.279052594364302,-30.279052594236866,0.0030123444327439537,0.0030123444370087978,0.002388776706809265,0.0023887767080531886
215.75,-0.016577992895164935,-0.0165779924502914,-30.278456595987233,-30.27845659585947,0.003099307679506951,0.0030993076837774604,0.0023792021108669076,0.002379202112113329
216.0,-0.015798139439257827,-0.015798138993315943,-30.27787004206059,-30.277870041932502,0.003139513872214823,0.003139513876490999,0.00231322551167379,0.0023132255129227125
216.25,-0.01499722584258892,-0.014997225395577275,-30.27727596840558,-30.277275968277163,0.003267806920521926,0.0032678069248037707,0.0024393516329319393,0.002439351634183366
216.5,-0.0141560740409039,-0.014156073592821138,-30.276654914273795,-30.276654914145052,0.003461416085594382,0.003461416089881416,0.0025290631678245466,0.002529063169078481
216.75,-0.013295180587472873,-0.013295180138317696,-30.275998884466706,-30.275998884337636,0.0034257496037885717,0.0034257496080807963,0.002719178651601819,0.0027191786528582645
217.0,-0.012439831870293594,-0.012439831420064645,-30.275309033773038,-30.27530903364364,0.0034170478552825873,0.0034170478595804857,0.002799627718203077,0.002799627719462037
217.25,-0.01161459700976401,-0.011614596558459988,-30.274601232661887,-30.274601232532163,0.0031848371171968523,0.0031848371214994635,0.002862803064009638,0.0028628030652711155
217.5,-0.01081044339965941,-0.010810442947279139,-30.273887425399504,-30.27388742526945,0.0032483904635736104,0.0032483904678809357,0.002847649043254079,0.0028476490445180766
217.75,-0.01000920287558785,-0.01000920242213015,-30.273166220660187,-30.273166220529802,0.0031615408667681247,0.003161540871080166,0.002921997059582982,0.002921997060849503
218.0,-0.009232790479866979,-0.00923279002533061,-30.27245842754321,-30.27245842741249,0.003049741298231464,0.0030497413025487047,0.002740358416823227,0.002740358418092274
218.25,-0.008460551277630178,-0.008460550822013841,-30.271773078069547,-30.271773077938498,0.003128172638527776,0.0031281726428502177,0.0027424299779838022,0.0027424299792553784
218.5,-0.0076492372227773,-0.007649236766079698,-30.271107053431518,-30.27110705330014,0.0033623251577621967,0.0033623251620898413,0.002585745050272577,0.0025857450515466857
218.75,-0.0067943433123607315,-0.006794342854580504,-30.270499842400806,-30.270499842269093,0.0034767966759215265,0.0034767966802548575,0.0022719324030512273,0.0022719324043278723
219.0,-0.005906937282789079,-0.005906936823924863,-30.269939935021135,-30.269939934889088,0.0036224456102728745,0.0036224456146114123,0.0022073129025080686,0.002207312903787253
219.25,-0.005023965043364021,-0.005023964583414515,-30.26936528355869,-30.26936528342631,0.0034413496623108423,0.0034413496666545885,0.0023899158709261605,0.0023899158722078873
219.5,-0.00414793151162138,-0.004147931050585343,-30.26874994257545,-30.26874994244273,0.0035669322030037376,0.0035669322073522127,0.002532800155078974,0.002532800156363246
219.75,-0.0032646233633606123,-0.003264622901236802,-30.268106049129102,-30.268106048996046,0.0034995411904524196,0.0034995411948061067,0.0026183537694373727,0.002618353770724193
220.0,-0.0024083690372248105,-0.002408368574011924,-30.267431534823785,-30.267431534690395,0.003350508585929213,0.003350508590288114,0.0027777747240204363,0.002777774725309808
220.25,-0.001580087611216456,-0.0015800871469131908,-30.26671761074361,-30.26671761060988,0.0032757576483083196,0.0032757576526724363,0.002933624965023411,0.0029336249663153378
220.5,-0.0007990683126413149,-0.0007990678472463672,-30.266013421542144,-30.26601342140808,0.0029723748311614724,0.0029723748355308067,0.0026999172498593234,0.0026999172511538083
220.75,-4.980061233011991e-05,-4.9800145842185555e-05,-30.265352654174645,-30.265352654040242,0.003021756171490197,0.0030217561758647507,0.0025862170344764825,0.0025862170357735283
221.0,0.0006715103602652003,0.0006715108278475172,-30.264718292501126,-30.264718292366382,0.0027487225309182884,0.002748722535298786,0.0024887020955104908,0.0024887020968101014
221.25,0.0013707646148476177,0.0013707650835258337,-30.264089815295506,-30.264089815160425,0.002845316369770255,0.0028453163741569386,0.002539106442575643,0.0025391064438778214
221.5,0.0020573154083135055,0.0020573158780891683,-30.26342686575851,-30.26342686562309,0.0026471113388384787,0.0026471113432313506,0.002764508540328141,0.002764508541632891
221.75,0.0027263111567024925,0.0027263116275770887,-30.262756626306736,-30.262756626170972,0.002704839000379415,0.002704839004777995,0.002597401631329797,0.0025974016326371224
222.0,0.0034035984667523584,0.0034035989387273154,-30.262106401428127,-30.262106401292023,0.0027134602478723117,0.002713460252276601,0.0026043965847673887,0.0026043965860772927
222.25,0.004053821012373235,0.004053821485450103,-30.2614625711198,-30.26146257098335,0.002488314740649856,0.0024883147450608205,0.002546267108759822,0.002546267110072308
222.5,0.0046656254190181375,0.0046656258931984645,-30.260832271699268,-30.260832271562478,0.002406115884008673,0.002406115888425351,0.0024961360052942797,0.002496136006609352
222.75,0.005250136256063678,0.005250136731348894,-30.26021162608913,-30.260211625951996,0.0022699683514112623,0.0022699683558336558,0.0024690417119340446,0.0024690417132517063
223.0,0.005821565759542273,0.005821566235933926,-30.259617370068447,-30.259617369930968,0.0023014504166190704,0.0023014504210481443,0.002285003485438055,0.00228500348675831
223.25,0.006366138506041338,0.006366138983541039,-30.25905412155983,-30.259054121422007,0.0020551256089560207,0.0020551256133912953,0.0022210078071920217,0.002221007808514874
223.5,0.00685666762724042,0.0068566681058497185,-30.258453081813336,-30.258453081675167,0.0018691419759628992,0.0018691419804043755,0.0025873276994735194,0.0025873277007989735
223.75,0.0073323856436140625,0.007332386123334571,-30.257786324249484,-30.257786324110967,0.001936617259342686,0.001936617263790847,0.0027467264498024185,0.0027467264511304773
224.0,0.007800032336533333,0.007800032817366721,-30.25708528265627,-30.257085282517405,0.0018045671909432846,0.0018045671953981325,0.002861618745716539,0.002861618747047207
224.25,0.008254076607641839,0.008254077089589782,-30.25639772425994,-30.25639772412073,0.001827766047455246,0.0018277660519167827,0.002638846237761906,0.002638846239095187
224.5,0.008702935905510542,0.008702936388574592,-30.255731778541367,-30.25573177840181,0.0017631131099654252,0.001763113114432689,0.0026887256063992597,0.0026887256077351572
224.75,0.009175728240013982,0.009175728724195692,-30.255066963756764,-30.25506696361686,0.0020192200832014847,0.002019220087675442,0.0026297685245697403,0.002629768525908258
225.0,0.00966598346249038,0.009665983947791425,-30.254420027042897,-30.254420026902643,0.0019028138524317126,0.0019028138569123641,0.0025457361612609385,0.0025457361626020805
225.25,0.010145182045313048,0.0101451825317351,-30.253752717658504,-30.2537527175179,0.0019307981741281432,0.0019307981786154905,0.002792736275558171,0.002792736276901942
225.5,0.01061205302239511,0.010612053509939783,-30.253055241167537,-30.253055241026583,0.0018041691846655695,0.0018041691891591332,0.002787087590894609,0.002787087592241012
225.75,0.011087966116584747,0.011087966605253534,-30.25235929616469,-30.252359296023386,0.002003135019547152,0.0020031350240464533,0.0027804536733196205,0.002780453674668659
226.0,0.01161872721367201,0.011618727703466468,-30.25165522678918,-30.25165522664752,0.002242960594920749,0.0022429605994267526,0.0028520787199329783,0.002852078721284656
226.25,0.01217456934451588,0.012174569835437686,-30.250965649060845,-30.250965648918836,0.00220375886015068,0.002203758864663388,0.002664546802742604,0.0026645468040969256
226.5,0.01273559831652999,0.012735598808580698,-30.25029073122934,-30.250290731086977,0.002284479628127273,0.002284479632645724,0.0027347882389555677,0.0027347882403125365
226.75,0.013306208119897332,0.013306208613078498,-30.249607564461385,-30.24960756431867,0.002280398490174546,0.0022803984946997043,0.002730546289514095,0.002730546290873715
227.0,0.013900949953481886,0.013900950447795189,-30.24892322047074,-30.24892322032767,0.002477537559717816,0.0024775375642496844,0.0027441870493202405,0.0027441870506825154
227.25,0.014512946761873025,0.014512947257320141,-30.24824196824706,-30.248241968103635,0.0024184333896008717,0.0024184333941394518,0.0027058363125263205,0.0027058363138912542
227.5,0.015089497908544601,0.015089498405127149,-30.24753872034649,-30.24753872020271,0.002193996083334042,0.002193996087878854,0.002920168052165797,0.002920168053533394
227.75,0.015640050128856765,0.015640050626576307,-30.246803399733853,-30.246803399589716,0.0022104257484588433,0.002210425753009889,0.0029623952999958307,0.0029623953013660945
228.0,0.016194533359995923,0.01619453385885414,-30.246088068430137,-30.24608806828564,0.002225421131349975,0.0022254211359082196,0.0027602537160189853,0.00276025371739192
228.25,0.016738576271239848,0.01673857677123836,-30.24538565841449,-30.24538565826964,0.002126931558866946,0.0021269315634309463,0.002859035694835379,0.002859035696210989
228.5,0.017244032260369205,0.017244032761509508,-30.24466252092999,-30.24466252078478,0.0019167227563911772,0.001916722760961416,0.0029260839998456827,0.002926084001223971
228.75,0.017709702545386685,0.017709703047670403,-30.243938943906684,-30.243938943761115,0.0018086336075154804,0.0018086336120924414,0.0028625423773436017,0.002862542378724572
229.0,0.01815870719716883,0.01815870770059752,-30.243207839963254,-30.243207839817327,0.001783415345721828,0.0017834153503045495,0.002986291547746367,0.002986291549130023
229.25,0.01859092465604752,0.018590925160622745,-30.242454876002288,-30.242454875856,0.0016743292158631802,0.0016743292204526275,0.0030374304247405225,0.003037430426126868
229.5,0.0189871451181024,0.01898714562382578,-30.24170568071067,-30.24170568056402,0.0014954268806911808,0.0014954268852868744,0.0029561487752708076,0.0029561487766598467
229.75,0.01936049426090162,0.01936049476777466,-30.24098814247166,-30.24098814232465,0.0014913501060067253,0.0014913501106081852,0.002784157521228489,0.002784157522620225
230.0,0.019736919885222155,0.019736920393246354,-30.24029618989704,-30.240296189749667,0.001520051866079199,0.0015200518706869088,0.0027514603697778653,0.002751460371172302
230.25,0.020142393346081214,0.0201423938552582,-30.239589613863018,-30.23958961371528,0.0017237499964810688,0.0017237500010955122,0.002901128697684118,0.00290112869908126
230.5,0.020565650274139462,0.020565650784470913,-30.238851138808275,-30.238851138660173,0.001662315446907729,0.0016623154515289077,0.003006677532405094,0.003006677533804945
230.75,0.020981925736357727,0.02098192624784533,-30.23810693101662,-30.238106930868152,0.001667882689528172,0.0016678826941560877,0.0029469842760153765,0.00294698427741794
231.0,0.021386644204191563,0.02138664471683694,-30.237346563757814,-30.237346563608984,0.0015698829349185984,0.0015698829395527716,0.0031359630339507995,0.0031359630353560795
231.25,0.021782364777370757,0.02178236529117541,-30.23655430595649,-30.236554305807292,0.0015958879489691804,0.0015958879536091314,0.003202096924936262,0.003202096926344262
231.5,0.022194403849460444,0.02219440436442594,-30.23574601295723,-30.235746012807663,0.0017004305522943615,0.0017004305569410555,0.003264237212873172,0.003264237214283896
231.75,0.02259289950235253,0.022592900018480556,-30.23494380283794,-30.234943802688004,0.0014875242908231993,0.0014875242954766384,0.003153463814430956,0.003153463815844408
232.0,0.02293241423306909,0.022932414750361275,-30.234154794046074,-30.234154793895772,0.0012285940963894996,0.0012285941010492043,0.0031586309326273685,0.003158630934043553
232.25,0.023267528263079432,0.023267528781537403,-30.23335403440966,-30.23335403425899,0.0014523265688706326,0.0014523265735370862,0.003247425065118668,0.0032474250665375883
232.5,0.023620548806661368,0.02362054932628669,-30.232552736462857,-30.232552736311817,0.001371829873428997,0.0013718298781012382,0.003162966098653338,0.0031629661000749983
232.75,0.023955536473924344,0.023955536994718644,-30.231784148532316,-30.231784148380907,0.001308054809613726,0.0013080548142932011,0.0029857433584789027,0.002985743359903307
233.0,0.02429190674378694,0.024291907265751967,-30.231070318516302,-30.231070318364523,0.0013828828096792455,0.0013828828143654752,0.0027248897148692435,0.002724889716296396
233.25,0.02465203113827975,0.024652031661417193,-30.230389224925986,-30.230389224773834,0.0014981123056823935,0.0014981123103753795,0.00272384814382899,0.0027238481452588944
233.5,0.025028882180319727,0.025028882704631213,-30.22973899769243,-30.229738997539908,0.0015166729092140271,0.0015166729139132898,0.002477967974764587,0.002477967976197248
233.75,0.025418911236005218,0.02541891176149238,-30.229151599104522,-30.229151598951628,0.0016035353916288562,0.001603535396334879,0.002221212539117577,0.0022212125405529984
234.0,0.025827411149041968,0.02582741167570637,-30.22859772082792,-30.228597720674653,0.0016644629027913786,0.0016644629075032004,0.0022098079294771275,0.0022098079309153125
234.25,0.026240936739825565,0.026240937267668723,-30.228040787532006,-30.22804078737836,0.0016437452698306204,0.0016437452745487245,0.0022456603911792366,0.002245660392620189
234.5,0.026653534948231847,0.02665353547725533,-30.227483978805623,-30.227483978651602,0.0016570369889863693,0.001657036993710758,0.0022088081667948306,0.002208808168238554
234.75,0.027084824910047173,0.027084825440252557,-30.22692562151179,-30.226925621357392,0.001793287415895376,0.0017932874206260513,0.002258037338165688,0.002258037339612186
235.0,0.027502891722510307,0.027502892253899156,-30.22635976389683,-30.226359763742057,0.0015512481697839808,0.0015512481745209447,0.0022688464011656534,0.0022688464026149303
235.25,0.027915071879941283,0.027915072412515236,-30.225780246338573,-30.225780246183422,0.0017462024355792399,0.0017462024403229756,0.0023672756845544,0.0023672756860064594
235.5,0.028381241570566942,0.028381242104327693,-30.225203561978446,-30.22520356182292,0.0019831437467477176,0.0019831437514982284,0.0022461768575520397,0.002246176859006886
235.75,0.028886107436824286,0.028886107971773465,-30.22466757069642,-30.22466757054051,0.0020557639902860723,0.0020557639950428783,0.0020417465520561865,0.0020417465535138234
236.0,0.029412373626731655,0.02941237416287084,-30.224170793735944,-30.224170793579656,0.00215435530956241,0.0021543553143255133,0.0019324598365495346,0.0019324598380099651
236.25,0.029931828068729183,0.029931828606060067,-30.22367680811786,-30.223676807961194,0.0020012885100242333,0.002001288514794599,0.0020194395393917557,0.0020194395408549845
236.5,0.0304267389030211,0.03042673944154532,-30.223168624287794,-30.223168624130746,0.001958000750947926,0.001958000755724111,0.0020460351823879735,0.002046035183854005
236.75,0.030904119552486946,0.030904120092206135,-30.222656211571376,-30.22265621141395,0.0018610452037979457,0.0018610452085813963,0.002053275690025399,0.0020532756914942367
237.0,0.03136348526300563,0.03136348580392144,-30.22216120703067,-30.22216120687286,0.0018138667407480342,0.0018138667455373072,0.0019067650837053468,0.001906765085176994
237.25,0.03179634664550931,0.0317963471876232,-30.221655156050733,-30.22165515589254,0.0016490465344007165,0.0016490465391958142,0.0021416582951771196,0.0021416582966515807
237.5,0.0322160713180439,0.03221607186135744,-30.221112731292187,-30.221112731133612,0.0017087561998933379,0.001708756204695225,0.002197734143778235,0.002197734145255514
237.75,0.03265337967727495,0.03265338022178978,-30.220548047147844,-30.220548046988885,0.0017897222458904017,0.001789722250698599,0.002319731377508157,0.0023197313789882572
238.0,0.03311969593562976,0.033119696481347514,-30.219959587076772,-30.21995958691743,0.001940814325828078,0.001940814330643069,0.0023879349460654707,0.0023879349475483965
238.25,0.03362482668053285,0.033624827227455224,-30.219376770193286,-30.21937677003356,0.002100221027529618,0.0021002210323514056,0.00227458509292852,0.002274585094414275
238.5,0.03415411634710674,0.034154116895235315,-30.218791430142755,-30.218791429982645,0.0021341089806343138,0.0021341089854619365,0.002408132116392518,0.0024081321178811067
238.75,0.034697954706526014,0.03469795525586232,-30.218166284308644,-30.218166284148147,0.002216615413704288,0.0022166154185382296,0.00259302677778696,0.0025930267792783858
239.0,0.03524302165058211,0.03524302220112772,-30.21750838583366,-30.217508385672776,0.002143927498859613,0.002143927503699875,0.002670167875192973,0.00267016787668724
239.25,0.035762304231957545,0.03576230478371404,-30.216836780665993,-30.216836780504718,0.0020103363010607355,0.002010336305907321,0.0027026860612680754,0.0027026860627651873
239.5,0.03627449945745003,0.03627450001041899,-30.21615081360452,-30.216150813442855,0.0020872333495043174,0.0020872333543572276,0.0027850431806695558,0.0027850431821695165
239.75,0.036794445569989544,0.036794446124172556,-30.215458105695692,-30.215458105533635,0.0020723329543898767,0.0020723329592491134,0.002756621494834398,0.0027566214963372112
240.0,0.03732517933490594,0.03732517989030459,-30.214771377869354,-30.214771377706906,0.0021735354179940633,0.0021735354228596287,0.0027371915744948162,0.0027371915760004855
240.25,0.037845100351827435,0.03784510090844341,-30.214083544575306,-30.214083544412468,0.001985835468788755,0.0019858354736616143,0.002765492474414117,0.0027654924759226464
240.5,0.03833468961981119,0.0383346901776462,-30.213388926092634,-30.213388925929404,0.001930881201700884,0.0019308812065800755,0.0027914605681374736,0.0027914605696488675
240.75,0.03883395449615924,0.03883395505521487,-30.212681031328724,-30.212681031165104,0.002063245452574875,0.002063245457460402,0.002871685063810723,0.002871685065324985
241.0,0.03936747310447534,0.039367473664753294,-30.21195243346139,-30.21195243329738,0.0022049115508237967,0.0022049115557166237,0.0029570845185399475,0.002957084520057082
241.25,0.039917613364268315,0.0399176139257703,-30.211208435997666,-30.21120843583326,0.0021962141804298787,0.0021962141853290444,0.00299489601132652,0.002994896012846531
241.5,0.040431835691512465,0.04043183625424,-30.2104737075139,-30.2104737073491,0.0019175539662324554,0.0019175539711374801,0.0028829581310970648,0.0028829581326199564
241.75,0.04092054064982877,0.040920541213783454,-30.209720415037083,-30.20972041487189,0.0019921103307040454,0.0019921103356158945,0.0031433746542733516,0.0031433746557991277
242.0,0.041422075774917404,0.041422076340100984,-30.208923567402366,-30.208923567236774,0.0020201790496840832,0.0020201790546032403,0.0032314037772002086,0.003231403778728873
242.25,0.04192212144264682,0.04192212200906113,-30.208119313494784,-30.208119313328794,0.0019801836594680764,0.0019801836643945437,0.0032026312543088774,0.0032026312558404344
242.5,0.04238661191088825,0.04238661247853506,-30.20732357450322,-30.207323574336833,0.0017357364529595404,0.0017357364578928377,0.003163303724879346,0.0031633037264138
242.75,0.04281081289067396,0.04281081345955492,-30.20653369889017,-30.206533698723383,0.00165787073711728,0.0016578707420569275,0.0031557085208010365,0.0031557085223383914
243.0,0.04319671774117717,0.04319671831129398,-30.20573307401374,-30.205733073846556,0.0014293769536433045,0.0014293769585902675,0.0032493120332005264,0.003249312034740786
243.25,0.04351090820298423,0.04351090877433866,-30.204906098264544,-30.204906098096963,0.001084157842128445,0.0010841578470822443,0.003366526507864226,0.0033665265094073946
243.5,0.04378326247661368,0.043783263049207384,-30.20407496593829,-30.20407496577031,0.0010946684713504767,0.0010946684763106322,0.003282531111270824,0.0032825311128169064
243.75,0.044003515705434836,0.044003516279269454,-30.203256911123216,-30.20325691095484,0.0006673554538427749,0.0006673554588097705,0.0032619476966744667,0.0032619476982234663
244.0,0.04416793991512812,0.044167940490205435,-30.202410521931952,-30.202410521763174,0.0006480615580452543,0.000648061563019573,0.0035091676525282507,0.003509167654080172
244.25,0.04428937233345858,0.044289372909780356,-30.201558044765054,-30.201558044595874,0.0003233790945287013,0.00032337909950986383,0.0033106802939533715,0.003310680295508219
244.5,0.04435089079388207,0.04435089137145008,-30.20071017384155,-30.200710173671965,0.0001687838364545254,0.00016878384144301502,0.0034723016694773864,0.003472301671035164
244.75,0.044364236509727824,0.04436423708854385,-30.19983868721417,-30.19983868704418,-6.201553261597168e-05,-6.20155276206345e-05,0.0034996131095059086,0.0034996131110666207
245.0,0.04436314028369356,0.04436314086375924,-30.19899582107675,-30.198995820906354,5.322155930705329e-05,5.32215643087583e-05,0.0032433051253162514,0.0032433051268799026
245.25,0.044372925059828386,0.04437292564114538,-30.198170832861653,-30.198170832690852,2.5067333146679835e-05,2.5067338155236227e-05,0.0033566032499097857,0.0033566032514763793
245.5,0.04435892129327912,0.044358921875849014,-30.19732647355292,-30.197326473381715,-0.00013709353786114367,-0.00013709353284669675,0.0033982865086238617,0.0033982865101934013
245.75,0.04432251971879342,0.044322520302617685,-30.19649698535599,-30.19649698518438,-0.00015413421151321685,-0.00015413420649287756,0.0032376206734783214,0.0032376206750508113
246.0,0.044281676089883454,0.04428167667496375,-30.195674475044193,-30.195674474872174,-0.00017260494165620972,-0.00017260493662853114,0.003342463562372587,0.0033424635639480306
246.25,0.04422444303539066,0.044224443621728754,-30.194810480248453,-30.194810480076026,-0.000285238097811396,-0.0002852380927768574,0.003569505422717789,0.003569505424296191
246.5,0.04414515857510003,0.0441451591626977,-30.193898254036768,-30.193898253863928,-0.0003490226249891845,-0.00034902261994730225,0.0037283102844751365,0.003728310286056501
246.75,0.04406644811027294,0.044066448699131906,-30.19293206567633,-30.192932065503083,-0.0002806353789564722,-0.0002806353739082075,0.004001190151479434,0.004001190153063767
247.0,0.043979177297199565,0.04397917788732136,-30.191933745436,-30.19193374526234,-0.00041753262974313267,-0.0004175326246889648,0.0039853846779746155,0.00398538467956192
247.25,0.043864326007221434,0.043864326598607666,-30.19093379502951,-30.190933794855436,-0.0005012749892384873,-0.0005012749841774508,0.004014226469293054,0.004014226470883335
247.5,0.04370376011956643,0.043703760712218744,-30.189943056504116,-30.189943056329632,-0.0007832618031605124,-0.0007832617980930865,0.003911708319779364,0.003911708321372625
247.75,0.04350329158668838,0.04350329218060844,-30.188933405902095,-30.188933405727198,-0.000820462564318483,-0.0008204625592441844,0.004165500003766986,0.0041655000053632315
248.0,0.043297748435646544,0.043297749030836066,-30.18790703163163,-30.187907031456323,-0.0008238939910904739,-0.0008238939860093006,0.004045494483506077,0.004045494485105311
248.25,0.043084327736423594,0.043084328332884295,-30.18691411586408,-30.186914115688356,-0.0008834855580442562,-0.000883485552956206,0.00389783727528917,0.0038978372768913943
248.5,0.04287011334170953,0.04287011393944307,-30.18595856621323,-30.18595856603709,-0.0008302438969279703,-0.0008302438918335228,0.0037465549119200105,0.0037465549135252295
248.75,0.0426327562059836,0.0426327568049917,-30.185001659779328,-30.185001659602772,-0.0010685979379337924,-0.0010685979328319815,0.0039087190315168574,0.003908719033125077
249.0,0.04234565351313893,0.04234565411342343,-30.18401296946304,-30.18401296928607,-0.0012282149675667989,-0.0012282149624576225,0.004000818547618073,0.004000818549229297
249.25,0.042046634554517306,0.04204663515607992,-30.182994860232245,-30.18299486005486,-0.0011639232453806555,-0.001163923240265075,0.00414404923733687,0.004144049238951103
249.5,0.04177455037684669,0.04177455097968915,-30.181952691132665,-30.18195269095486,-0.001012745577137026,-0.0010127455720140757,0.004193289306246369,0.004193289307863614
249.75,0.04152811995732788,0.041528120561452025,-30.18089192986339,-30.180891929685163,-0.0009586884369198674,-0.0009586884317895461,0.004292795751481852,0.004292795753102116
250.0,0.04129659549048743,0.0412965960958951,-30.179805378262298,-30.179805378083653,-0.0008934972642555596,-0.000893497259117865,0.004399610911043617,0.004399610912666904
250.25,0.041073803182838535,0.041073803789531585,-30.1786955805326,-30.178695580353537,-0.0008888337693740523,-0.0008888337642289824,0.004478770486904836,0.004478770488531149
250.5,0.040854648352761085,0.04085464896074123,-30.17755339123642,-30.177553391056936,-0.000864387938536495,-0.000864387933385011,0.004658741577832463,0.004658741579461807
250.75,0.04064042733187373,0.04064042794114269,-30.176393995034786,-30.17639399485488,-0.0008493842523158126,-0.0008493842471569489,0.004616426620727585,0.004616426622359963
251.0,0.04041048774420297,0.04041048835476248,-30.175202224844263,-30.175202224663934,-0.0009901040770782174,-0.0009901040719129345,0.004917748170668151,0.0049177481723035685
251.25,0.04015120763985963,0.04015120825171129,-30.173970289464528,-30.173970289283776,-0.0010841349139611082,-0.0010841349087894042,0.004937743732558338,0.0049377437341967985
251.5,0.03987832344655745,0.039878324059702985,-30.1727253980376,-30.172725397856425,-0.0010989307899887163,-0.0010989307848096258,0.005021389077892533,0.00502138907953404
251.75,0.03958770755885751,0.03958770817329871,-30.171471979051745,-30.171471978870144,-0.001225997811377507,-0.0012259978061915093,0.005005974788960753,0.005005974790605312
252.0,0.03931202887921978,0.039312029494958246,-30.17022903606951,-30.170229035887484,-0.0009794381213542288,-0.0009794381161622847,0.004937545823184053,0.004937545824831666
252.25,0.039073388183573275,0.03907338880061062,-30.169011381399716,-30.169011381217263,-0.0009297001022994121,-0.0009297000971005572,0.0048036868459034555,0.004803686847554128
252.5,0.038838462031676194,0.038838462650014144,-30.167818061123185,-30.167818060940302,-0.000949714883628014,-0.0009497148784222462,0.004742877253415667,0.0047428772550694035
252.75,0.03859570404860357,0.03859570466824391,-30.166648494700482,-30.166648494517172,-0.0009923612026435198,-0.0009923611974303548,0.004613658148983569,0.004613658150640373
253.0,0.03835152938683379,0.03835153000777838,-30.165492257029086,-30.165492256845347,-0.0009610340015283171,-0.0009610339963077533,0.004636240268693367,0.004636240270353242
253.25,0.03809569065073377,0.038095691272984386,-30.16433915976239,-30.164339159578223,-0.0010856804245076112,-0.0010856804192801274,0.004588549616655332,0.004588549618318284
253.5,0.03779172734388081,0.03779172796743925,-30.16318090729171,-30.16318090710711,-0.0013460176931593603,-0.0013460176879244723,0.004677494693595203,0.004677494695261236
253.75,0.037473356406268685,0.03747335703113674,-30.161993442966637,-30.161993442781608,-0.0012009362151935885,-0.0012009362099517761,0.004822206228687566,0.004822206230356684
254.0,0.03716185276404778,0.037161853390227054,-30.160767044906862,-30.160767044721403,-0.001291077248254794,-0.0012910772430070184,0.004988986748109682,0.004988986749781888
254.25,0.03684189236976523,0.0368418929972574,-30.15949019220953,-30.15949019202364,-0.0012685836272310275,-0.001268583621975842,0.0052258327098733594,0.00522583271154866
254.5,0.03651593005159574,0.0365159306804026,-30.158182442475134,-30.15818244228881,-0.0013391139955027632,-0.0013391139902406467,0.005236171815018885,0.005236171816697283
254.75,0.0361760178629985,0.036176018493121784,-30.1568859066167,-30.156885906429938,-0.0013801930007034042,-0.0013801929954343549,0.0051361189254640165,0.005136118927145516
255.0,0.03581974787553523,0.035819748506976674,-30.155599926324616,-30.15559992613742,-0.0014699654840087647,-0.0014699654787327801,0.0051517318750666915,0.005151731876751297
255.25,0.03543120556586117,0.03543120619862239,-30.154302500112383,-30.154302499924754,-0.0016383658938278487,-0.00163836588854589,0.005227693699722217,0.005227693701409933
255.5,0.03500982332080182,0.03500982395488436,-30.15297217821891,-30.152972178030847,-0.001732674485065437,-0.0017326744797770204,0.005414890339572692,0.005414890341263522
255.75,0.03459427844087044,0.03459427907627592,-30.15160034143289,-30.151600341244386,-0.0015916709595910536,-0.001591670954296177,0.005559790654773734,0.005559790656467682
256.0,0.03421272075127208,0.034212721388002174,-30.150190976858564,-30.150190976669624,-0.0014607759743121818,-0.001460775969010361,0.005715113599029472,0.005715113600726541
256.25,0.03382700985807787,0.033827010496134256,-30.14876674493783,-30.148766744748453,-0.0016249146606531705,-0.001624914655344885,0.005678757241976674,0.00567875724367687
256.5,0.03342909155871642,0.033429092198100835,-30.14736172263831,-30.14736172244849,-0.0015584428610080612,-0.001558442855692346,0.0055614148872674225,0.005561414888970748
256.75,0.0330472395838226,0.0330472402245369,-30.145972784235514,-30.145972784045256,-0.0014963740672874642,-0.0014963740619643167,0.005550086483263278,0.005550086484969738
257.0,0.03269163964261703,0.032691640284662954,-30.14458412207878,-30.14458412188808,-0.0013484246603257526,-0.001348424654996134,0.005559196821931672,0.005559196823641271
257.25,0.03235657838422201,0.03235657902760112,-30.143171739553228,-30.14317173936209,-0.0013320484272467167,-0.0013320484219111065,0.005739861838564669,0.005739861840277411
257.5,0.03200396047612532,0.03200396112083916,-30.141740732945763,-30.141740732754183,-0.0014888978784942145,-0.0014888978731521288,0.005708205809053446,0.0057082058107693345
257.75,0.03162209268348107,0.03162209332953139,-30.140329139497144,-30.14032913930512,-0.0015660561821864622,-0.0015660561768369356,0.005584549054489696,0.005584549056208735
258.0,0.03123163440665664,0.03123163505404517,-30.138933728721735,-30.138933728529267,-0.0015576106429075177,-0.0015576106375515112,0.0055787363525963895,0.005578736354318583
258.25,0.03084909749241906,0.030849098141147533,-30.137552861763268,-30.137552861570356,-0.0015026951541808377,-0.001502695148817386,0.005468194137734248,0.0054681941394596
258.5,0.030477316338899663,0.030477316988969883,-30.136213263362983,-30.136213263169626,-0.0014715748378473748,-0.0014715748324769574,0.00524859013055908,0.005248590132287596
258.75,0.030122250226510057,0.030122250877923765,-30.134919060067112,-30.134919059873308,-0.001368967653333307,-0.0013689676479559216,0.005105026562607176,0.005105026564338859
259.0,0.029809335949893444,0.029809336602652323,-30.133655384841187,-30.133655384646936,-0.0011343561012138262,-0.0011343560958299518,0.005004353125554367,0.005004353127289221
259.25,0.029525315242389213,0.029525315896495007,-30.132413467711064,-30.132413467516365,-0.001137816521522882,-0.0011378165161315536,0.004930984241740847,0.004930984243478877
259.5,0.029261908625309484,0.029261909280763995,-30.131169499013883,-30.131169498818732,-0.0009694279941459581,-0.0009694279887476551,0.005020749460014954,0.005020749461756164
259.75,0.02904264654830907,0.029042647205113983,-30.129935413116257,-30.12993541292066,-0.0007846845742463685,-0.0007846845688415703,0.004851920303322985,0.00485192030506738
260.0,0.028883337884973596,0.028883338543130594,-30.12873644349057,-30.12873644329452,-0.0004897953278527045,-0.0004897953224409272,0.004739808899909067,0.004739808901656651
260.25,0.02874019271429231,0.02874019337380308,-30.127560895895385,-30.127560895698885,-0.0006553731524193157,-0.0006553731470010387,0.00466458747238834,0.0046645874741391155
260.5,0.028593115591402977,0.0285931162522692,-30.126376110013076,-30.126376109816125,-0.0005212297970479032,-0.0005212297916226427,0.0048136869390327484,0.00481368694078672
260.75,0.02848142995516626,0.028481430617389746,-30.125202903874595,-30.12520290367719,-0.00037227810198557003,-0.0003722780965528424,0.004571948125625706,0.00457194812738288
261.0,0.02839754481709257,0.028397545480675183,-30.124069389612703,-30.124069389414846,-0.0002988101614629745,-0.00029881015602277764,0.004496159042974524,0.004496159044734903
261.25,0.028328053606422876,0.028328054271366487,-30.12294626324949,-30.122946263051176,-0.0002571202243093999,-0.00025712021886173164,0.004488847932252511,0.0044888479340160995
261.5,0.02826163758314212,0.028261638249448537,-30.121836938517323,-30.121836938318555,-0.00027421769254916135,-0.0002742176870945011,0.004385751537083333,0.004385751538850136
261.75,0.02820641803954545,0.02820641870721642,-30.12074839519267,-30.12074839499345,-0.00016754462043583335,-0.0001675446149741788,0.004322585002991074,0.0043225850047610955
262.0,0.028179296423481888,0.028179297092519102,-30.11967574730335,-30.11967574710367,-4.9434346182257395e-05,-4.943434071408801e-05,0.004258586976120354,0.0042585869778935985
262.25,0.028179598909676248,0.02817959958008145,-30.118624145996158,-30.118624145796023,5.1844395436424504e-05,5.184440091207422e-05,0.00415421393285138,0.004154213934627851
262.5,0.02820277310641431,0.028202773778189374,-30.11758784075934,-30.117587840558745,0.00013354748572166187,0.00013354749120479423,0.004136220258735148,0.0041362202605148505
262.75,0.02825221141053827,0.02825221208368501,-30.11654951495522,-30.116549514754166,0.00026196217521943377,0.00026196218070956973,0.004170374067277883,0.0041703740690608206
263.0,0.028294793805473086,0.02829479447999331,-30.115520019997632,-30.11552001979612,7.868711318523828e-05,7.868711868286153e-05,0.004065602872756424,0.004065602874542602
263.25,0.02828134559639464,0.02828134627229022,-30.114494731509236,-30.11449473130726,-0.00018626608205881735,-0.00018626607655370422,0.004136730014414551,0.004136730016203974
263.5,0.02824571628262523,0.028245716959897974,-30.11348357837839,-30.113483578175952,-9.878580435167344e-05,-9.878579883955021e-05,0.00395248678472213,0.003952486786514802
263.75,0.028211010620496732,0.028211011299148398,-30.11249538826713,-30.112495388064232,-0.00017885944591635009,-0.00017885944039721443,0.0039530416547900364,0.003953041656585962
264.0,0.028183070700198938,0.02818307138023134,-30.11148094006885,-30.11148093986549,-4.464017013922784e-05,-4.464016461259579e-05,0.004162531277229753,0.004162531279028937
264.25,0.028161655832353093,0.028161656513768042,-30.110423802334044,-30.110423802130217,-0.00012666632658477108,-0.00012666632105112202,0.004294578334770782,0.004294578336573229
264.5,0.02811329879989104,0.028113299482690295,-30.10935235303063,-30.10935235282634,-0.0002601915954404697,-0.0002601915898998011,0.004277028681425027,0.004277028683230741
264.75,0.028065979783628552,0.02806598046781387,-30.10828892598495,-30.10828892578019,-0.00011836494083088234,-0.00011836493528319205,0.004230374312580692,0.004230374314389676
265.0,0.02803505594990762,0.02803505663548075,-30.10722322507242,-30.10722322486719,-0.00012901961887848645,-0.0001290196133237724,0.004295233992254825,0.004295233994067085
265.25,0.028029370145504533,0.028029370832467176,-30.106121237349928,-30.10612123714423,8.355443487707912e-05,8.355444043833785e-05,0.0045206477461443954,0.0045206477479599345
265.5,0.028036951201362317,0.028036951889716104,-30.105020888571794,-30.105020888365626,-2.2928472264946647e-05,-2.2928466697141126e-05,0.004282152518253049,0.004282152520071871
265.75,0.027994309276584462,0.027994309966331034,-30.103977837961285,-30.10397783775465,-0.0003182276624646836,-0.0003182276568903284,0.004062280206838737,0.004062280208660846
266.0,0.02792324506112851,0.027923245752269565,-30.102971493424022,-30.102971493216916,-0.00025029303145058233,-0.0002502930258691939,0.003988469686397517,0.003988469688222918
266.25,0.027842942954918785,0.02784294364745608,-30.101996122971673,-30.101996122764096,-0.0003921402323458042,-0.00039214022675738015,0.003814507305886126,0.003814507307714821
266.5,0.027741962396020184,0.02774196308995548,-30.10106877056704,-30.10106877035899,-0.00041572407212723855,-0.0004157240665317768,0.0036043141547341703,0.0036043141565661636
266.75,0.027618622227060397,0.02761862292239545,-30.100153167279185,-30.100153167070662,-0.0005709863426945719,-0.0005709863370920696,0.0037205267863689596,0.0037205267882042554
267.0,0.02745226111000233,0.02745226180673884,-30.099233207508636,-30.099233207299637,-0.0007599102908274685,-0.0007599102852184049,0.003639169189947752,0.003639169191786354
267.25,0.027273936665141243,0.027273937363280914,-30.098314878983075,-30.0983148787736,-0.0006666788590196912,-0.0006666788534035826,0.003707450224693692,0.003707450226535605
267.5,0.02710326371361715,0.027103264413161684,-30.097391919910155,-30.097391919700204,-0.0006987077243769352,-0.000698707718754261,0.0036762253784239237,0.003676225380269151
267.75,0.02693654845193524,0.026936549152886277,-30.09646578612328,-30.09646578591285,-0.0006350090581979352,-0.0006350090525686929,0.0037328389110962285,0.003732838912944775
268.0,0.026762350575335585,0.026762351277694888,-30.095541737639618,-30.095541737428714,-0.0007585808911903505,-0.0007585808855535745,0.0036595606086615366,0.0036595606105134064
268.25,0.026558848308985066,0.026558849012754456,-30.094625946881504,-30.094625946670124,-0.0008694365919121244,-0.000869436586268294,0.003666775907833302,0.0036667759096884996
268.5,0.026319536145413505,0.02631953685059469,-30.093706527988545,-30.093706527776686,-0.0010450586981368118,-0.0010450586924864059,0.003688591793656885,0.0036885917955154146
268.75,0.026040411415708682,0.026040412122303364,-30.092774810138888,-30.09277480992655,-0.001187931964847242,-0.0011879319591897764,0.0037651644738132322,0.0037651644756750975
269.0,0.025722905735962507,0.02572290644397245,-30.091808946720526,-30.091808946507708,-0.0013520949889436066,-0.0013520949832790791,0.003961758350518676,0.0039617583523838835
269.25,0.02540133212255687,0.02540133283198384,-30.090790021581974,-30.090790021368676,-0.001220472485855217,-0.0012204724801836253,0.0041896303485136985,0.004189630350382253
269.5,0.02509234522424256,0.025092345935088328,-30.089759929926135,-30.089759929712354,-0.001251435810267074,-0.001251435804588416,0.004051105817496799,0.004051105819368704
269.75,0.024761746794783965,0.024761747507050295,-30.088732182623747,-30.088732182409483,-0.0013933403853575172,-0.0013933403796717902,0.004170885980507378,0.004170885982382638
270.0,0.024396135563216396,0.024396136276904994,-30.087688314840687,-30.08768831462594,-0.0015315486598712726,-0.001531548654178956,0.004180069314385719,0.004180069316264338
270.25,0.02398704236315278,0.023987043078265352,-30.086626019328595,-30.08662601911336,-0.0017411839722556051,-0.001741183966556215,0.004318314546952928,0.00431831454883491
270.5,0.023538324687500584,0.023538325404038905,-30.08554867516545,-30.085548674949735,-0.0018485591891417893,-0.0018485591834353232,0.004300448881629026,0.004300448883514376
270.75,0.023068793140563575,0.023068793858529474,-30.084491451596616,-30.084491451380412,-0.0019077067533696363,-0.0019077067476556105,0.0041573452455742,0.004157345247462922
271.0,0.022589771294115064,0.02258977201351043,-30.08347864955886,-30.08347864934217,-0.0019244881080411427,-0.0019244881023195548,0.0039450726386883695,0.003945072640580469
271.25,0.022120641815738876,0.02212064253656548,-30.08251291474925,-30.08251291453207,-0.0018285632820468614,-0.001828563276318672,0.003780796794402437,0.0037807967962979155
271.5,0.0216828735269602,0.021682874249219632,-30.081578416529315,-30.08157841631165,-0.0016735911707566912,-0.0016735911650223795,0.003695174354264547,0.0036951743561634085
271.75,0.021249090620270694,0.021249091343964605,-30.080646293830767,-30.080646293612613,-0.0017966658688858392,-0.0017966658631444396,0.003761818837727684,0.0037618188396299334
272.0,0.02079484221983513,0.02079484294496529,-30.07970936549156,-30.079709365272915,-0.0018373240666621907,-0.0018373240609137012,0.0037336117092696673,0.003733611711175308
272.25,0.02032841669118101,0.020328417417749253,-30.078803242272393,-30.078803242053258,-0.0018941008122623198,-0.0018941008065062562,0.003515379397053988,0.003515379398963025
272.5,0.019839462886295334,0.019839463614303554,-30.077910746921326,-30.0779107467017,-0.0020175194081436046,-0.0020175194023799637,0.003624595047504517,0.0036245950494169545
272.75,0.019319764829291798,0.01931976555874189,-30.07703032148729,-30.07703032126717,-0.0021400845316237897,-0.002140084525852569,0.003418819980368317,0.0034188199822841603
273.0,0.01880670884576046,0.01880670957665432,-30.076204438673173,-30.07620443845256,-0.0019643851592471935,-0.0019643851534683907,0.0031882259675947663,0.0031882259695140197
273.25,0.018321992207360943,0.018321992939700403,-30.07542969714952,-30.07542969692841,-0.001913364856897688,-0.0019133648511117833,0.003009701411476355,0.003009701413399023
273.5,0.01782854889087421,0.01782854962466105,-30.074671718249014,-30.074671718027407,-0.002034177564140694,-0.002034177558347684,0.0030541411829197057,0.003054141184845792
273.75,0.01729928857748673,0.017299289312722788,-30.073903400493016,-30.07390340027091,-0.0021999014190234954,-0.0021999014132228958,0.003092416489669304,0.003092416491598813
274.0,0.01676972913073151,0.01676972986741862,-30.073118187110083,-30.07311818688748,-0.0020365651078571453,-0.0020365651020494355,0.0031892751744267327,0.003189275176359669
274.25,0.01625695207986069,0.01625695281800063,-30.07233820243114,-30.072338202208037,-0.002065664455054531,-0.002065664449239709,0.0030506050006849123,0.003050605002621281
274.5,0.01574111679190283,0.01574111753149732,-30.071583668628804,-30.071583668405204,-0.0020610240537229578,-0.0020610240479015025,0.0029856649805562827,0.0029856649824960874
274.75,0.015226238898737279,0.01522623963978809,-30.070834828100068,-30.070834827875967,-0.002057997345506301,-0.0020579973396772466,0.0030050589640412575,0.0030050589659845026
275.0,0.014715761737237093,0.014715762479746066,-30.070112782911753,-30.07011278268715,-0.0020258420671422804,-0.0020258420613061064,0.002771299510925383,0.002771299512872073
275.25,0.014224119104181823,0.014224119848150737,-30.069413572414067,-30.069413572188964,-0.0019072942606979963,-0.001907294254854701,0.002822373293858323,0.0028223732958084623
275.5,0.013758018306435776,0.013758019051866412,-30.068683352516285,-30.06868335229068,-0.001821493622152431,-0.0018214936163020118,0.003019377799131053,0.0030193778010846463
275.75,0.013303094150538791,0.013303094897432928,-30.067896415620567,-30.06789641539446,-0.0018178754922946584,-0.0018178754864371133,0.0032761170255390664,0.0032761170274961176
276.0,0.012863847317503075,0.012863848065862497,-30.067096659348348,-30.067096659121738,-0.0016961137798939744,-0.0016961137740293007,0.0031219216725179256,0.0031219216744784394
276.25,0.012469690050418376,0.012469690800244805,-30.066323299219384,-30.066323298992266,-0.0014571497924114195,-0.0014571497865400963,0.003064936829604504,0.003064936831568484
276.5,0.01210655877536518,0.012106559526660338,-30.065571001522272,-30.065571001294646,-0.0014479109777327016,-0.001447910971854245,0.0029534438763136354,0.0029534438782810864
276.75,0.011747228627305348,0.01174722938007096,-30.064846248810408,-30.064846248582274,-0.0014267405283793033,-0.0014267405224941926,0.0028445758226996764,0.0028445758246706024
277.0,0.011398977352997698,0.011398978107235426,-30.06415354360535,-30.064153543376708,-0.0013592836297268368,-0.0013592836238350693,0.0026970594579479377,0.0026970594599223427
277.25,0.011058042913208074,0.011058043668919644,-30.06347776524583,-30.06347776501668,-0.0013681908015153181,-0.00136819079561641,0.0027091682580562765,0.002709168260034165
277.5,0.01071809872238031,0.010718099479567447,-30.06281193431013,-30.06281193408047,-0.0013513714241400454,-0.0013513714182344758,0.0026174776418446516,0.002617477643826027
277.75,0.010377112516647868,0.010377113275312237,-30.062144161623213,-30.062144161393043,-0.0013765081667071867,-0.0013765081607949531,0.002724706223460097,0.0027247062254449643
278.0,0.010046458169586063,0.01004645892972945,-30.061460844629625,-30.061460844398944,-0.0012687250492368239,-0.0012687250433169605,0.002741819563435495,0.002741819565423858
278.25,0.009726139288966993,0.009726140050591307,-30.06078073996752,-30.060780739736327,-0.0012938300821239538,-0.0012938300761964584,0.0026990201003712186,0.0026990201023630823
278.5,0.00941477780614883,0.009414778569255858,-30.06009554927817,-30.060095549046466,-0.001197053960057791,-0.001197053954123624,0.002782496290379047,0.0027824962923744157
278.75,0.009115039391241423,0.009115040155832836,-30.05940688175412,-30.0594068815219,-0.0012008586540639176,-0.0012008586481230769,0.0027268442607759156,0.002726844262774793
279.0,0.008795341258612803,0.008795342024690449,-30.058706422377554,-30.05870642214482,-0.0013567123159219216,-0.0013567123099729596,0.0028768454458006796,0.002876845447803071
279.25,0.008453009210334338,0.008453009977900187,-30.05798855746168,-30.05798855722843,-0.0013819451404037913,-0.0013819451344471874,0.0028660762602018106,0.0028660762622077203
279.5,0.00812075945390258,0.008120760222958543,-30.057275346308828,-30.05727534607506,-0.0012760554601259095,-0.001276055454161661,0.002839602979353092,0.002839602981362525
279.75,0.007805445980458575,0.00780544675100656,-30.05655314200079,-30.056553141766504,-0.0012464430982455337,-0.0012464430922736387,0.0029380286931281847,0.0029380286951411457
280.0,0.007508091298180608,0.007508092070222406,-30.055812776443165,-30.05581277620836,-0.0011323899899151,-0.0011323899839365186,0.002984885014951732,0.0029848850169682255
280.25,0.0072353297917375665,0.007235330565274909,-30.05505850914826,-30.055058508912936,-0.001049696037324533,-0.0010496960313387813,0.0030492455479159248,0.0030492455499359543
280.5,0.006965659166923972,0.006965659941958653,-30.054284660963372,-30.05428466072753,-0.0011076603022508536,-0.0011076602962579293,0.003141545396154291,0.0031415453981778617
280.75,0.006671945687554876,0.00667194646408875,-30.053518248488945,-30.053518248252583,-0.0012420618894409413,-0.0012420618834403602,0.002989767070764241,0.0029897670727913575
281.0,0.006356001092131093,0.006356001870165952,-30.052772482305677,-30.052772482068793,-0.0012854961879147425,-0.0012854961819074653,0.0029763664904496907,0.0029763664924803567
281.25,0.006012516227925682,0.006012517007463262,-30.052026278563233,-30.052026278325826,-0.0014623811860592904,-0.0014623811800448328,0.002993280125971073,0.002993280128005293
281.5,0.005664458048599944,0.005664458829642101,-30.05126350882194,-30.05126350858401,-0.0013220734068699646,-0.0013220734008478425,0.0031088645761372102,0.003108864578174989
281.75,0.005365489473424352,0.0053654902559728814,-30.05048581696146,-30.050485816723004,-0.0010696748858069632,-0.0010696748797781371,0.0031126465115009125,0.003112646513542254
282.0,0.0051002104122877786,0.005100211196344356,-30.04970436323002,-30.04970436299104,-0.0010525551628318705,-0.0010525551567963384,0.0031389817259969586,0.003138981728041867
282.25,0.004833030238479908,0.004833031024046272,-30.04890075722743,-30.048900756987923,-0.001084872044612071,-0.0010848720385693488,0.0032898693416485033,0.003289869343696983
282.5,0.004548566416732627,0.0045485672038105135,-30.048081760661457,-30.048081760421425,-0.0011908411917472112,-0.001190841185697778,0.0032621131770156474,0.0032621131790677026
282.75,0.004258827032986532,0.00425882782157774,-30.047255558968935,-30.047255558728374,-0.0011270658747957007,-0.0011270658687385904,0.00334749435045732,0.0033474943525129554
283.0,0.003983679991562345,0.003983680781668734,-30.046395487089868,-30.046395486848777,-0.0010740930039101777,-0.0010740929978458695,0.0035330756878301345,0.003533075689889354
283.25,0.003729000052911563,0.003729000844534991,-30.045522502551076,-30.045522502309456,-0.0009633543039682967,-0.0009633542978963072,0.003450790182049374,0.0034507901841121826
283.5,0.0035038737270213817,0.0035038745201636493,-30.0446794918186,-30.04467949157645,-0.0008376711889600653,-0.0008376711828813548,0.0032932838283514674,0.0032932838304178696
283.75,0.003276493198526038,0.0032764939931888256,-30.043856310454498,-30.04385631021182,-0.0009813731793937614,-0.0009813731733083271,0.0032921806328047236,0.003292180634874723
284.0,0.003044880238932632,0.003044881035117681,-30.043030930351517,-30.04303093010831,-0.0008715287742691345,-0.0008715287681764928,0.00331084983489835,0.003310849836971951
284.25,0.002846264398268034,0.002846265195977086,-30.042224514866298,-30.042224514622557,-0.0007174140473201946,-0.0007174140412208245,0.003140459516889847,0.0031404595189670546
284.5,0.0026609344146848878,0.002660935213919686,-30.04144085318272,-30.041440852938447,-0.0007652269466378231,-0.0007652269405312405,0.0031288384596156607,0.003128838461696479
284.75,0.0024695991613843224,0.00246959996214667,-30.04063299809525,-30.040632997850444,-0.0007654357674238065,-0.0007654357613100091,0.0033340022598808534,0.0033340022619652867
285.0,0.002260856829918536,0.002260857632210237,-30.039799081256206,-30.039799081010866,-0.0009045026024930404,-0.0009045025963720253,0.0033373455638301052,0.0033373455659181576
285.25,0.0020098940077161813,0.0020098948115390407,-30.0389636773074,-30.038963677061524,-0.0011031992083143827,-0.0011031992021861468,0.0033459047598987765,0.0033459047619904523
285.5,0.001738962537398042,0.0017389633427539245,-30.03813050623219,-30.038130505985777,-0.0010642550907906184,-0.0010642550846546779,0.0033194601701664423,0.0033194601722617463
285.75,0.0014646868610922968,0.0014646876679830687,-30.037307884278427,-30.037307884031478,-0.0011299558260151133,-0.0011299558198719472,0.0032615216542869327,0.0032615216563858696
286.0,0.0011835683107541614,0.0011835691191816895,-30.03650986982584,-30.03650986957835,-0.0011190057199459544,-0.0011190057137950788,0.0031225929340981816,0.003122592936200756
286.25,0.0008917121997920049,0.0008917130097581564,-30.035710545408463,-30.035710545160434,-0.0012158291271800721,-0.0012158291210219658,0.003272011533525419,0.0032720115356316354
286.5,0.0005980473986262579,0.0005980482101327806,-30.03489367694586,-30.03489367669729,-0.0011334901854949512,-0.0011334901793300931,0.0032629284044011506,0.003262928406511013
286.75,0.00030950256471291593,0.00030950337776149795,-30.034062855024704,-30.034062854775595,-0.0011748571501986654,-0.0011748571440270532,0.0033836508649963933,0.0033836508671099058
287.0,2.2922972232231708e-05,2.2923786824621845e-05,-30.033191853320684,-30.03319185307103,-0.0011177607127778831,-0.0011177607065990325,0.0035843573841487356,0.0035843573862659028
287.25,-0.0002571119673731531,-0.000257111151235205,-30.032289125081245,-30.03228912483105,-0.0011225138414804221,-0.0011225138352948124,0.00363746897954272,0.003637468981663546
287.5,-0.0005812289856006391,-0.0005812281679155027,-30.031383552992065,-30.031383552741325,-0.0014704252155809932,-0.0014704252093891027,0.003607140535228759,0.0036071405373532483
287.75,-0.0009665586829379214,-0.0009665578637039661,-30.030460304764887,-30.030460304513603,-0.0016121962350912585,-0.0016121962288926034,0.0037788586484941967,0.0037788586506223533
288.0,-0.0013898045216097275,-0.0013898037008253216,-30.02952772438025,-30.02952772412842,-0.0017737796927776756,-0.001773779686572735,0.003681799662815708,0.0036817996649475358
288.25,-0.0018153080302838868,-0.0018153072079473984,-30.02863703386113,-30.028637033608753,-0.0016302708918312144,-0.001630270885619504,0.0034437109601151653,0.003443710962250668
288.5,-0.002219785893214364,-0.00221978506932416,-30.02778550761872,-30.027785507365795,-0.0016055591675761057,-0.0016055591613581047,0.003368496649388234,0.003368496651527416
288.75,-0.002626034115875441,-0.0026260332904299477,-30.026949897266352,-30.026949897012877,-0.001644431591371729,-0.0016444315851474349,0.00331638983453141,0.0033163898366742753
289.0,-0.0030344187455662477,-0.0030344179185638922,-30.02614675071075,-30.026146750456725,-0.0016226650850140558,-0.0016226650787834662,0.0031087805581796733,0.0031087805603262257
289.25,-0.0034717741464020827,-0.0034717733178412304,-30.025350633000215,-30.025350632745635,-0.0018761639171523134,-0.0018761639109149437,0.003260185026184728,0.003260185028334972
289.5,-0.003941147072138068,-0.003941146242017021,-30.024556031163005,-30.024556030907874,-0.0018788349839010245,-0.0018788349776568724,0.003096629923379241,0.0030966299255331805
289.75,-0.004397628179309581,-0.0043976273476267645,-30.023775606738088,-30.023775606482403,-0.0017730092206410077,-0.0017730092143910339,0.0031467554987034,0.003146755500861038
290.0,-0.00485107959603076,-0.0048510787627846575,-30.022990069974735,-30.022990069718496,-0.0018546030539289282,-0.0018546030476726482,0.003137546300894059,0.0031375463030554004
290.25,-0.005311660453851206,-0.00531165961904012,-30.022219239628622,-30.02221923937183,-0.0018300541072561556,-0.0018300541009926038,0.003029094153566497,0.0030290941557315457
290.5,-0.005781057076740951,-0.005781056240363125,-30.021466368355654,-30.021466368098302,-0.0019251222705043817,-0.001925122264234037,0.002993884993320821,0.002993884995489581
290.75,-0.006261981662700615,-0.006261980824754409,-30.020726714745024,-30.020726714487115,-0.0019222811448002229,-0.0019222811385235644,0.002923343623920433,0.0029233436260929085
291.0,-0.0067530684685968775,-0.006753067629080714,-30.019981385039557,-30.01998138478109,-0.0020064024483283267,-0.002006402442045351,0.003039301950875331,0.003039301953051526
291.25,-0.0072331839860745204,-0.007233183144986819,-30.01922585954772,-30.019225859288696,-0.001834525013087003,-0.0018345250067977078,0.0030048857791661367,0.0030048857813460552
291.5,-0.0076814365059625815,-0.007681435663301823,-30.01849747940402,-30.018497479144433,-0.0017515124464000137,-0.0017515124401048783,0.002822147544037386,0.002822147546221032
291.75,-0.008124300276820325,-0.008124299432584924,-30.017801154418894,-30.01780115415875,-0.0017914047389904699,-0.0017914047326885285,0.0027484560980707063,0.0027484561002580838
292.0,-0.008588217809758304,-0.00858821696394662,-30.01714258469165,-30.017142584430946,-0.0019199571269747943,-0.0019199571206665257,0.0025201138399265728,0.002520113842117686
292.25,-0.00908450598896596,-0.00908450514157635,-30.0165135258295,-30.016513525568232,-0.002050349116247116,-0.002050349109932035,0.0025123693507772818,0.002512369352972134
292.5,-0.00959321946659954,-0.0095932186176303,-30.01585812965457,-30.015858129392743,-0.0020193381927238255,-0.00201933818640193,0.0027307971249705297,0.0027307971271691256
292.75,-0.01012325361052977,-0.010123252759979317,-30.01514614030023,-30.01514614003784,-0.0022209129498568657,-0.002220912943529116,0.002965136714391173,0.002965136716593517
293.0,-0.01067011239764478,-0.01067011154551159,-30.014412686889397,-30.01441268662644,-0.002153963341468591,-0.0021539633351345027,0.002902484260292024,0.002902484262498119
293.25,-0.011223739222255905,-0.011223738368538272,-30.01369365074885,-30.013693650485326,-0.0022750563095668207,-0.0022750563032254284,0.0028498162808558054,0.0028498162830656562
293.5,-0.011802489920755973,-0.011802489065452252,-30.013002188697417,-30.013002188433326,-0.0023549652034366955,-0.0023549651970894412,0.0026818876645093065,0.0026818876667229173
293.75,-0.012403631184741736,-0.012403630327850341,-30.012323093295045,-30.012323093030385,-0.002454158499533506,-0.0024541584931794236,0.0027508849065182826,0.0027508849087356574
294.0,-0.012996289774704703,-0.012996288916224046,-30.011648423097522,-30.011648422832295,-0.0022871201601462085,-0.0022871201537862586,0.0026464609252586082,0.0026464609274797503
294.25,-0.013605071091061158,-0.013605070230989651,-30.010992909178533,-30.010992908912733,-0.002583135067359802,-0.0025831350609930187,0.002597678335173893,0.0025976783373988068
294.5,-0.014290002463475173,-0.01429000160181123,-30.010382823322054,-30.010382823055682,-0.0028963456860018498,-0.0028963456796291935,0.0022830380463940043,0.0022830380486226942
294.75,-0.014998569990351375,-0.014998569127093466,-30.009814218790126,-30.009814218523182,-0.0027721962688630774,-0.002772196262484064,0.002265786504214331,0.0022657865064468004
295.0,-0.015687514760338916,-0.015687513895485446,-30.00928560502314,-30.009285604755625,-0.0027393905367829987,-0.002739390530397626,0.001963120538783593,0.0019631205410198457
295.25,-0.016386491424143994,-0.016386490557693312,-30.00878621259054,-30.00878621232245,-0.002852416388710897,-0.002852416382318681,0.002032029578229747,0.002032029580469787
295.5,-0.01711566457569462,-0.017115663707645015,-30.008271991486374,-30.008271991217708,-0.0029809642525627095,-0.0029809642461636468,0.002081751374705831,0.002081751376949663
295.75,-0.01787176387639108,-0.01787176300674084,-30.007748358573203,-30.00774835830396,-0.0030678278633487627,-0.003067827856942851,0.002107320120279043,0.002107320122526671
296.0,-0.018649812034945326,-0.018649811163692798,-30.007226416357064,-30.007226416087242,-0.0031565612153900222,-0.00315656120897774,0.00206822597472932,0.002068225976980748
296.25,-0.019436352871386422,-0.019436351998530013,-30.006733288381916,-30.006733288111516,-0.0031357836501212997,-0.003135783643702645,0.001876795867593846,0.0018767958698490772
296.5,-0.020227338469282798,-0.020227337594820913,-30.006265332088883,-30.006265331817904,-0.0031921021963859683,-0.003192102189960938,0.0018668597864791466,0.0018668597887381846
296.75,-0.021041241136474976,-0.02104124026040608,-30.005806368714364,-30.0058063684428,-0.003319125116826237,-0.00331912511039531,0.00180485918554108,0.001804859187803929
297.0,-0.021878101234097252,-0.021878100356419756,-30.00535732699824,-30.0053573267261,-0.0033757574365791687,-0.003375757430141379,0.0017874798828336662,0.00178747988510033
297.25,-0.022718726170527986,-0.02271872529124017,-30.004923357464964,-30.00492335719224,-0.0033492519196847035,-0.003349251913240049,0.0016842738844781624,0.0016842738867486455
297.5,-0.023547430964955245,-0.023547430084055333,-30.00453764021697,-30.004537639943663,-0.0032804132324006467,-0.0032804132259486424,0.0014014576093788395,0.0014014576116531466
297.75,-0.024373940323642426,-0.024373939441128763,-30.00424843726302,-30.00424843698913,-0.003331707899563711,-0.0033317078931057995,0.0009121708583746074,0.0009121708606527426
298.0,-0.025213978006745567,-0.025213977122616613,-30.00404897822667,-30.004048977952195,-0.0033886152582409926,-0.00338861525177669,0.000683506797736169,0.0006835068000181354
298.25,-0.0260577863969004,-0.026057785511154438,-30.003890265408987,-30.00389026513393,-0.0033618611727840265,-0.0033618611663123665,0.0005861932213832321,0.0005861932236690338
298.5,-0.02689493540171843,-0.02689493451435374,-30.003732265098254,-30.00373226482261,-0.0033353223623276648,-0.003335322355849608,0.0006778067624365971,0.0006778067647262384
298.75,-0.027732791653912365,-0.02773279076492728,-30.003566838836647,-30.003566838560417,-0.00336753082515099,-0.003367530818666052,0.0006456063671068766,0.0006456063694003616
299.0,-0.028557767234057584,-0.02855776634345039,-30.003396424259243,-30.003396423982426,-0.0032322671512139906,-0.0032322671447221683,0.0007176974994479694,0.0007176975017453024
299.25,-0.02940896541381732,-0.029408964521586294,-30.003234707980347,-30.00323470770294,-0.003577331776220284,-0.0035773317697215747,0.0005760652646628986,0.000576065266964084
299.5,-0.030335977605147838,-0.030335976711291263,-30.003087357455414,-30.003087357177417,-0.0038387633856125382,-0.0038387633791069392,0.0006027635827698668,0.0006027635850749086
299.75,-0.03131173416527541,-0.03131173326979161,-30.002937880516118,-30.00293788023753,-0.003967290166005354,-0.003967290159493342,0.0005930640492377897,0.0005930640515466921
300.0,-0.032309392885232296,-0.03230939198811959,-30.0028101256797,-30.002810125400522,-0.004013995223299043,-0.004013995216780135,0.00042897904552255433,0.00042897904783532144
