time_s,x_m,y_m,vx_mps,vy_mps
0.0,-7.99905,-80.0,-0.001,0.0
0.25,-7.998832209878666,-80.0000000174966,0.002742320959066277,-4.928009615291055e-07
0.5,-7.99767883953875,-80.00000042281452,0.006484641698748506,-3.1025704452188826e-06
0.75,-7.995589889072522,-80.00000174519586,0.010226961919663251,-7.829308242289324e-06
1.0,-7.992565358647099,-80.00000451388264,0.013969281322427118,-1.4673013974604214e-05
1.25,-7.989036431232668,-79.99971882696867,0.014262356799566816,0.002300140694492713
1.5,-7.985434070845022,-79.99885445738201,0.014556745104230806,0.004614788243725688
1.75,-7.9817579492802215,-79.99741144675531,0.014852446212868199,0.0069292688910863355
2.0,-7.978007738340229,-79.99538983690685,0.01514946010182308,0.009243581893950022
2.25,-7.974184310735183,-79.99279311967932,0.015438176927193467,0.011530128705986258
2.5,-7.970288541783273,-79.98962478619463,0.015728190872868773,0.01381651182884746
2.75,-7.966320107207323,-79.9858848774668,0.016019501915648056,0.01610273052878085
3.0,-7.962278682735965,-79.98157343469329,0.016312110032226605,0.018388784072046818
3.25,-7.958165119085544,-79.97669390084916,0.016596612778515412,0.02064745985786368
3.5,-7.9539802695439725,-79.97124971820608,0.01688239715763161,0.0229059743427203
3.75,-7.9497238137059,-79.96524092717995,0.01716946314671262,0.02516432680162482
4.0,-7.945395431171701,-79.95866756836786,0.017457810722793336,0.027422516509598337
4.25,-7.940995953286272,-79.95153304281946,0.017738223418128623,0.029653661440105127
4.5,-7.936526213934826,-79.9438407508964,0.01801990244718492,0.031884647387652544
4.75,-7.931985896536747,-79.93559073243392,0.018302847787428064,0.034115473635903094
5.0,-7.927374684517066,-79.92678302744642,0.0185870594162226,0.03634613946853204
5.25,-7.922693392117045,-79.91742100107113,0.018863488318425506,0.038550045471893876
5.5,-7.917942836091536,-79.9075080177709,0.019141168416441968,0.040753794750143346
5.75,-7.913122703644358,-79.89704411681545,0.019420099688057746,0.04295738659550611
6.0,-7.9082326819849,-79.88602933765151,0.019700282110958506,0.04516082030022043
6.25,-7.9032735702106525,-79.87446701470873,0.01997281811743996,0.04733773754722127
6.5,-7.898246169909882,-79.86236048175446,0.020246590319506028,0.049514500275498655
6.75,-7.893150172036427,-79.84970977750582,0.020521598695255088,0.051691107785763524
7.0,-7.887985267549616,-79.8365149408547,0.020797843222686636,0.05386755937873927
7.25,-7.882752242095635,-79.82277928002529,0.02106656396307683,0.05601770192142748
7.5,-7.877451883792022,-79.80850610259036,0.021336506016155814,0.05816769210783415
7.75,-7.872083887313301,-79.79369544672532,0.02160766936032838,0.06031752924708917
8.0,-7.866647947339409,-79.77834735077833,0.02188005397390163,0.06246721264833466
8.25,-7.861144837525615,-79.7624651006595,0.02214502562647384,0.06459076332062794
8.5,-7.855575333982045,-79.7460519816373,0.022411203808586348,0.06671416376161747
8.75,-7.84993913507897,-79.72910803135484,0.02267858849894506,0.06883741328879561
9.0,-7.844235939192002,-79.71163328762592,0.02294717967615936,0.0709605112196668
9.25,-7.8384665092445305,-79.69363101740743,0.02320845854384947,0.07305762589478867
9.5,-7.832631610600831,-79.67510448702338,0.02347092924249039,0.075154592431711
9.75,-7.826730945305789,-79.6560537335926,0.023734591751084624,0.07725141015624085
10.0,-7.82076421540955,-79.63647879440248,0.023999446048539323,0.07934807839419712
10.25,-7.814732174188056,-79.61638292035674,0.02425707992577179,0.08141888968175419
10.5,-7.8086355773463465,-79.59576936173426,0.024515891006818228,0.08348955489715922
10.75,-7.802474130586055,-79.57463815513631,0.024775879270973907,0.0855600733744935
11.0,-7.796247539614002,-79.55298933733066,0.025037044697439923,0.08763044444785006
11.25,-7.789956548991764,-79.53082614566807,0.025291074054964894,0.08967506490281779
11.5,-7.783601905700117,-79.50815181688168,0.025546266049320483,0.09171954132877036
11.75,-7.777183319082403,-79.48496638706092,0.02580262066009148,0.09376387306802926
12.0,-7.77070049848708,-79.4612698924597,0.02606013786676967,0.09580805946292757
12.25,-7.764154180563338,-79.43706555902895,0.026310596878220897,0.09782658436960771
12.5,-7.757545104371281,-79.41235661210865,0.026562204009941574,0.09984496727106383
12.75,-7.750872982883356,-79.3871430872813,0.026814959241803275,0.10186320751782914
13.0,-7.7441375290770535,-79.36142502029175,0.02706886255358573,0.10388130446044823
13.25,-7.73733947237763,-79.33520562754344,0.0273157799844193,0.10587381424641391
13.5,-7.730479544614366,-79.30848812483502,0.027563831061011575,0.10786618403466268
13.75,-7.7235574623783005,-79.28127254724605,0.027813015763518606,0.10985841318391565
14.0,-7.716572942265444,-79.25355893001642,0.028063334072005768,0.11185050105290517
14.25,-7.709526707067338,-79.22535048159371,0.028306734048819334,0.11381706338092819
14.5,-7.70241948197386,-79.19665040982628,0.028551253231737746,0.11578348770508354
14.75,-7.695250987185926,-79.16745874929424,0.02879689160119962,0.11774977339226052
15.0,-7.688020942909353,-79.13777553473598,0.029043649137554025,0.11971591980935951
15.25,-7.680730065807242,-79.10760396800889,0.02928355181346568,0.1216565913891755
15.5,-7.67337907493636,-79.0769472503765,0.029524559284512173,0.12359712694756467
15.75,-7.665967694100331,-79.0458054159223,0.029766671531413047,0.12553752585956826
16.0,-7.658495647107612,-79.01417849888598,0.03000988853479947,0.1274777875002385
16.25,-7.650963644924716,-78.9820696957051,0.030246310664541493,0.1293926156566492
16.5,-7.643372400908045,-78.94948220222834,0.030483823201842397,0.13130730976458943
16.75,-7.6357216424580825,-78.91641605204491,0.030722426127701322,0.1332218692072392
17.0,-7.628011096980073,-78.88287127889822,0.030962119423030177,0.13513629336778926
17.25,-7.6202414701124095,-78.84885107480724,0.03119507485964763,0.13702531739692167
17.5,-7.612413469880346,-78.81435863120672,0.031429106335116266,0.1389142093426982
17.75,-7.604526827276508,-78.77939398119358,0.0316642138307137,0.14080296859642694
18.0,-7.596581273298213,-78.74395715801691,0.03190039732763149,0.14269159454942648
18.25,-7.5885775085695,-78.70805135013218,0.03212989745113659,0.14455484689088438
18.5,-7.580516236098884,-78.67167974541516,0.03236045925978794,0.14641796910765922
18.75,-7.572397190467382,-78.6348423764721,0.03259208273514072,0.14828096059917867
19.0,-7.564220106260634,-78.59753927605936,0.0328247678586652,0.1501438207648808
19.25,-7.555985679354932,-78.55977362979795,0.03305082194565643,0.15198132801395703
19.5,-7.547694608009212,-78.5215486227333,0.03327792337579648,0.15381870709177217
19.75,-7.539346630389955,-78.48286428698235,0.033506072130917365,0.1556559574058668
20.0,-7.530941484668195,-78.44372065481004,0.03373526819276732,0.15749307836379178
20.25,-7.522479862198471,-78.40412090962292,0.03395788373485239,0.15930486214480075
20.5,-7.513962456716598,-78.36406823425614,0.03418153228699313,0.16111651970373014
20.75,-7.505389009972295,-78.32356266033825,0.034406213831297806,0.16292805045622846
21.0,-7.496759263719767,-78.28260421964391,0.03463192834979202,0.16473945381795435
21.25,-7.488073904982845,-78.24119609389146,0.03485111132763408,0.166525531537023
21.5,-7.47933362316566,-78.19934146423176,0.03507131298896388,0.16831148497980863
21.75,-7.4705381635995405,-78.15704036180593,0.03529253331616545,0.1700973135700639
22.0,-7.461687271620229,-78.11429281789913,0.03551477229154128,0.17188301673155157
22.25,-7.452781630081856,-78.07110201298688,0.03573052741045915,0.17364340222484137
22.5,-7.443821924218214,-78.02747112698113,0.03594728689080824,0.17540366538498164
22.75,-7.434807902941112,-77.98340019053616,0.03616505071524794,0.17716380564382678
23.0,-7.425739315166702,-77.93888923444834,0.03638381886635727,0.178923822433241
23.25,-7.416616839714634,-77.89394143832628,0.03659614975863616,0.18065852652450326
23.5,-7.40744115778387,-77.84855998121874,0.036809470693101524,0.182393110223694
23.75,-7.398212021865993,-77.80274489329376,0.037023781652687805,0.1841275729707677
24.0,-7.388929184456862,-77.75649620485937,0.037239082620250254,0.1858619142056885
24.25,-7.379593320454765,-77.7098170949735,0.03744799201864474,0.18757094518525266
24.5,-7.3702051071371795,-77.6627107421378,0.037657877141363,0.18927985771227704
24.75,-7.360764300575122,-77.61517717603442,0.03786873797161434,0.1909886512348154
25.0,-7.351270656843816,-77.56721642648345,0.038080574492530016,0.19269732520093105
25.25,-7.34172484701437,-77.51883167225705,0.03828606437885341,0.1943806892366528
25.5,-7.332127544537169,-77.47002609157464,0.03849251567182186,0.1960639367582454
25.75,-7.322478509062615,-77.42079971363275,0.03869992835491939,0.1977470672218618
26.0,-7.312777500245249,-77.37115256776384,0.038908302411553096,0.19943008008366434
26.25,-7.303025185407011,-77.32108783267533,0.03911037414373579,0.20108778157298673
26.5,-7.293222234249371,-77.27060868652539,0.039313392964069174,0.20274536848582267
26.75,-7.2833684100023195,-77.21971515802511,0.039517358856311864,0.20440284028642478
27.0,-7.273463475899918,-77.16840727601952,0.039722271804146704,0.20606019643905482
27.25,-7.263508095579145,-77.11668821933472,0.039920926224700205,0.20769223831014352
27.5,-7.253502935056901,-77.06456116625107,0.04012051341326449,0.20932416754191233
27.75,-7.243447761143178,-77.01202614499435,0.0403210333538727,0.21095598360671441
28.0,-7.233342340651966,-76.95908318392227,0.04052248603048336,0.21258768597691205
28.25,-7.223187333587737,-76.90573546213105,0.04071772355891899,0.21419406994577886
28.5,-7.2129834023353805,-76.85198615817457,0.04091387953289503,0.21580034321225564
28.75,-7.202730317285471,-76.79783529979339,0.04111095393671911,0.21740650525679753
29.0,-7.192427848832515,-76.74328291485794,0.04130894675462541,0.2190125555598685
29.25,-7.182076653390929,-76.68833218285864,0.041500767466039,0.22059328234949327
29.5,-7.171677389756148,-76.63298628274697,0.041693492297630794,0.22217390037361626
29.75,-7.161229831900052,-76.57724524177823,0.04188712123398292,0.2237544091207961
30.0,-7.150733753798384,-76.5211090873356,0.04208165425960519,0.22533480807960024
30.25,-7.140189808309495,-76.46458099940452,0.042270057951345384,0.22688987760626775
30.5,-7.129598650673423,-76.40766415743485,0.04245935143455347,0.22844484030443732
30.75,-7.118960058444191,-76.35035858819663,0.042649534694086076,0.22999969567077302
31.0,-7.10827380917962,-76.29266431858572,0.042840607714728654,0.23155444320194757
31.25,-7.097540552208812,-76.23458452916374,0.0430255939628109,0.23308385473332707
31.5,-7.0867609392432955,-76.17612239996,0.043211455669935464,0.23461316137345337
31.75,-7.075934751420165,-76.11727795725922,0.043398192821233514,0.23614236262709806
32.0,-7.065061769880245,-76.05805122746992,0.04358580540176619,0.2376714579990412
32.25,-7.054142640444171,-75.99844539179426,0.04376737360847215,0.23917521028793617
32.5,-7.04317801131579,-75.93846363090545,0.043949802937787934,0.2406788596231619
32.75,-7.0321676672162745,-75.87810597060277,0.044133093375119295,0.2421824055175998
33.0,-7.02111139287045,-75.81737243680732,0.044317244905803105,0.24368584748413957
33.25,-7.010009830606201,-75.75626621141214,0.0444953943397122,0.24516393888131396
33.5,-6.998863625135433,-75.69479047578464,0.04467439055556368,0.246641929262818
33.75,-6.987672564764451,-75.63294525523862,0.04485423353903793,0.24811981814964534
34.0,-6.976436437803146,-75.57073057520763,0.045034923275747644,0.2495976050627977
34.25,-6.965155883098099,-75.5081496183141,0.04520965310527942,0.2510500336118277
34.5,-6.953831541880768,-75.44520556665816,0.04538521537167671,0.2525023630836579
34.75,-6.942463206043692,-75.38189844506796,0.04556161006089463,0.25395459300739676
35.0,-6.931050667482928,-75.31822827848939,0.04573883715882171,0.25540672291216043
35.25,-6.919594561571676,-75.25419825030286,0.04591014648022185,0.2568334864288694
35.5,-6.908095526068881,-75.18981154336981,0.046082273888871546,0.2582601528073617
35.75,-6.896553356454452,-75.1250681820326,0.046255219371000716,0.259686721584863
36.0,-6.884967848211746,-75.05996819074936,0.046428982912773815,0.2611131922986066
36.25,-6.873339633245558,-74.9945147536788,0.046596870773349834,0.26251428843729246
36.5,-6.8616693458473215,-74.92871105446393,0.046765562366928144,0.2639152893772851
36.75,-6.84995678508547,-74.86255711696127,0.046935057680013506,0.2653161946639298
37.0,-6.83820175003182,-74.79605296514097,0.0471053566990464,0.2667170038425798
37.25,-6.8264048691253265,-74.72920178395354,0.047269822116349176,0.2680924301509479
37.5,-6.814566773192475,-74.66200675783706,0.04743507690771442,0.26946776320070315
37.75,-6.8026872648914,-74.59446791016198,0.04760112105992183,0.27084300254531346
38.0,-6.790766146883551,-74.5265852644104,0.04776795455968799,0.27221814773825437
38.25,-6.77880404414262,-74.45836200633238,0.047928996537239706,0.2735679017027082
38.5,-6.766801584030733,-74.38980132116886,0.048090813525185884,0.2749175643491947
38.75,-6.7547585727969075,-74.32090323180414,0.048253405510581264,0.27626713523930685
39.0,-6.742674816693406,-74.2516677612321,0.048416772480418584,0.2776166139346453
39.25,-6.730550937227631,-74.18209809600556,0.04857439002050479,0.278940693017362
39.5,-6.718387558296322,-74.11219742217146,0.048732768202574606,0.28026468272332244
39.75,-6.706184489740567,-74.04196576212779,0.04889190701395789,0.2815885826222477
40.0,-6.6939415414046275,-73.9714031383801,0.04905180644192362,0.282912392283866
40.25,-6.681659331327296,-73.90051273828334,0.04920599855589541,0.2842107939528869
40.5,-6.66933847993761,-73.8292977486899,0.04936093693869948,0.28550910818692327
40.75,-6.65697880066991,-73.75775819151129,0.04951662157794085,0.2868073345638268
41.0,-6.644580106961642,-73.68589408876457,0.04967305246116485,0.2881054726614562
41.25,-6.632143013379646,-73.61370862860325,0.04982381817763485,0.2893781944148539
41.5,-6.619668136881912,-73.54120499868154,0.04997531578506135,0.29065083067558967
41.75,-6.607155294497213,-73.46838322042436,0.05012754527132461,0.2919233810296485
42.0,-6.594604303257362,-73.39524331536012,0.05028050662424637,0.29319584506302215
42.25,-6.582015774253107,-73.32178847243483,0.05042784499550827,0.29444288444805644
42.5,-6.569390320967242,-73.24802188009856,0.050575900875153304,0.29568984028328893
42.75,-6.556727764024152,-73.1739435592895,0.050724674251337074,0.2969367121628404
43.0,-6.544027924051188,-73.09955353104728,0.050874165112157796,0.29818349968083835
43.25,-6.531291408658257,-73.02485498510256,0.05101807521911253,0.29940485430888614
43.5,-6.518518827848203,-72.94985111069336,0.0511626884472148,0.30062612733051336
43.75,-6.505710005842184,-72.87454192827099,0.05130800478489564,0.30184731834797945
44.0,-6.492864766864259,-72.79892745838619,0.05145402422052983,0.30306842696355024
44.25,-6.479983715038292,-72.72301089154499,0.05159450517636107,0.30426409452148495
44.5,-6.4670674568819715,-72.646795417764,0.05173567486148387,0.30545968241688337
44.75,-6.454115820214384,-72.57028105700755,0.05187753326460476,0.306655190260146
45.0,-6.441128632857448,-72.49346782933739,0.05202008037437513,0.30785061766167976
45.25,-6.428106495443469,-72.41635892602449,0.05215713132718195,0.30902059592027803
45.5,-6.415050010999453,-72.33895753785376,0.05229485661285058,0.3101904964607074
45.75,-6.401959010943558,-72.26126368430243,0.052433256220363086,0.31136031890151217
46.0,-6.388833326696708,-72.1832773849431,0.05257233013864756,0.31253006286124285
46.25,-6.375673555393918,-72.10500183180058,0.05270595027321176,0.31367434968111313
46.5,-6.362480296565776,-72.02644021641699,0.05284023033968422,0.3148185607276444
46.75,-6.3492533852306465,-71.94759255778231,0.05297517032732261,0.31596269562752727
47.0,-6.3359926564095845,-71.8684588749799,0.05311077022533181,0.3171067540074583
47.25,-6.322698703734474,-71.7890423607768,0.05324095876417148,0.31822534734291646
47.5,-6.309372123233627,-71.70934620746075,0.05337179282949427,0.3193438668503066
47.75,-6.296012753526727,-71.6293704335344,0.05350327241083355,0.320462312164468
48.0,-6.282620433236086,-71.5491150575917,0.053635397497671024,0.32158068292024616
48.25,-6.269195752484557,-71.46858327313015,0.05376215370150937,0.3226735808214989
48.5,-6.255739303792279,-71.38777827317116,0.05388954102198766,0.3237664068403739
48.75,-6.2422509293813615,-71.30670007572994,0.05401755944891497,0.324859160619862
49.0,-6.228730471476473,-71.22534869891093,0.0541462089720499,0.32595184180295966
49.25,-6.215178516685561,-71.14372733693007,0.054269532139809104,0.3270190424169037
49.5,-6.201595654014699,-71.0618391835305,0.05439347201000095,0.3280861730945583
49.75,-6.1879817292895165,-70.97968425623989,0.05451802857271032,0.329153233487068
50.0,-6.17433658833813,-70.89726257267313,0.054643201817972775,0.3302202232455829
50.25,-6.160660814247767,-70.8145773277526,0.054763091286385714,0.33126172481548155
50.5,-6.146954992504611,-70.73163171593123,0.05488358303871374,0.3323031583955554
50.75,-6.133218972538888,-70.64842575424905,0.0550046770653176,0.33334452364510525
51.0,-6.1194526037832375,-70.56495945983129,0.055126373356509835,0.33438582022343727
51.25,-6.10565646579845,-70.48123602829496,0.05524282849942845,0.3354016210876975
51.5,-6.091831140545096,-70.39725865479102,0.05535987150348754,0.336417355908953
51.75,-6.077976481059059,-70.31302735587177,0.055477502359323735,0.3374330243546632
52.0,-6.06409234037857,-70.22854214817268,0.05559572105752664,0.3384486260922928
52.25,-6.050179294532395,-70.14380622799386,0.05570874128499313,0.33943872468252867
52.5,-6.036237921949895,-70.05882279117273,0.05582233494662052,0.3404287591769148
52.75,-6.022268079273664,-69.97359185377377,0.05593650203332138,0.34141872925107153
53.0,-6.008269623148574,-69.88811343194259,0.05605124253596243,0.34240863458062454
53.25,-5.994243126065928,-69.80239072265114,0.056160827293099055,0.34337302941916714
53.5,-5.980189162918438,-69.71642692241203,0.0562709710532628,0.34433736210933
53.75,-5.966107593956446,-69.63022204680185,0.05638167380764224,0.34530163233489697
54.0,-5.951998279432504,-69.5437761114763,0.056492935547381204,0.34626583977965675
54.25,-5.937861788295191,-69.4570923140683,0.05659908431314528,0.34720452947664227
54.5,-5.923698691895285,-69.3701738517547,0.05670577764669763,0.348143158973014
54.75,-5.909508854091905,-69.28302073962418,0.056813015539502854,0.3490817279607214
55.0,-5.895292138746312,-69.19563299284239,0.056920797982981976,0.35002023613171884
55.25,-5.881049111259265,-69.10801380969272,0.05702351026882495,0.350933219381867
55.5,-5.8667803394345235,-69.02016638800585,0.0571267526831596,0.35184614437944484
55.75,-5.8524856907409974,-68.93209074238239,0.05723052521772662,0.3527590108245698
56.0,-5.838165032649665,-68.84378688749794,0.05733482786422425,0.353671818417364
56.25,-5.823818927008576,-68.75525802227624,0.057434103212687014,0.3545590939965383
56.5,-5.809447938069557,-68.6665073451917,0.05753389424633258,0.35544631327144555
56.75,-5.7950519369123095,-68.57753487035686,0.05763420095717774,0.35633347595037357
57.0,-5.780630794618537,-68.48834061195716,0.057735023337198016,0.3572205817416146
57.25,-5.7661850694788646,-68.3989277695471,0.057830861320469135,0.35808214850324216
57.5,-5.751715322188477,-68.3092995422352,0.05792720054164533,0.35894366090914914
57.75,-5.737221427438859,-68.21945594364581,0.05802404099301951,0.35980511867579584
58.0,-5.72270325992343,-68.12939698747421,0.0581213826668445,0.36066652151964695
58.25,-5.708161374370879,-68.03912587389644,0.058213782885303,0.36150237839106114
58.5,-5.693596327915221,-67.94864580264594,0.05830666989046136,0.36233818285552843
58.75,-5.679007998860709,-67.85795678685888,0.05840004367488868,0.3631739346376838
59.0,-5.66439626551346,-67.76705883974026,0.0584939042311151,0.3640096334621665
59.25,-5.649761679035903,-67.67595516207895,0.058582866311875405,0.3648197794409236
59.5,-5.635104792996556,-67.58464895422463,0.05867230072424222,0.3656298749617194
59.75,-5.620425489313411,-67.4931402288252,0.058762207461060846,0.3664399197573659
60.0,-5.6057236499062535,-67.40142899859532,0.05885258651513879,0.36724991356067915
60.25,-5.59099982236712,-67.30951846492847,0.058938110110612146,0.36803434771089033
60.5,-5.576254556694892,-67.21741182878228,0.05902409157874782,0.3688187333523237
60.75,-5.561487738422263,-67.1251091023163,0.05911053091266734,0.3696030702259703
61.0,-5.546699253083653,-67.03261029775487,0.0591974281054556,0.370387358072825
61.25,-5.531889644696753,-66.93991861708818,0.05927951289193901,0.37114607952153916
61.5,-5.517059459686858,-66.84703726187404,0.05936204108832495,0.3719047544108431
61.75,-5.5022085872023165,-66.75396624378361,0.059445012688011216,0.3726633824899091
62.0,-5.487336916393131,-66.66070557455082,0.05952842768436013,0.37342196350791323
62.25,-5.47244498769889,-66.56725845675528,0.059607073360661726,0.37415497144157495
62.5,-5.457533343967522,-66.47362809254751,0.05968614798032379,0.37488793476536547
62.75,-5.442601877963977,-66.3798144931103,0.05976565153702039,0.3756208532366405
63.0,-5.42765048245479,-66.2858176696871,0.059845584024391295,0.37635372661275934
63.25,-5.4126796942978475,-66.19164082543998,0.05992079031049876,0.3770610202737637
63.5,-5.397690052760119,-66.09728716310524,0.05999641106967367,0.3777682712745954
63.75,-5.382681454224094,-66.00275669337724,0.060072446295866416,0.3784754793807956
64.0,-5.367653795073776,-65.90804942700893,0.06014889598299422,0.379182644357909
64.25,-5.352607608581928,-65.81316856773824,0.0602206626187911,0.3798642230412689
64.5,-5.337543430431128,-65.7181173188808,0.060292829253640975,0.3805457610143028
64.75,-5.3224611606223355,-65.62289569064247,0.06036539588177055,0.38122725805073965
65.0,-5.307360699157955,-65.52750369328567,0.06043836249737454,0.3819087139243114
65.25,-5.292242575722359,-65.43194453111809,0.060506689241408174,0.3825645769744482
65.5,-5.277107322410472,-65.33622140802848,0.06057540150678658,0.3832204012642433
65.75,-5.261954842842644,-65.24033433373418,0.060644499288012826,0.38387618657561534
66.0,-5.246785040640605,-65.14428331800706,0.06071398257955913,0.38453193269048597
66.25,-5.231598441897232,-65.04807156571877,0.06077886920786221,0.3851620794981518
66.5,-5.216395575116677,-64.9517022813255,0.06084412687613409,0.385792189495588
66.75,-5.201176347539603,-64.855175474056,0.06090975557915417,0.38642226247290506
67.0,-5.185940666407976,-64.75849115319154,0.060975755311672215,0.3870522982202162
67.25,-5.170689054220217,-64.66165252416242,0.06103720161663956,0.3876567282195533
67.5,-5.155422035886745,-64.56466279198676,0.06109900447655625,0.3882611233588914
67.75,-5.14013952226944,-64.46752196540479,0.0611611638864781,0.38886548343653465
68.0,-5.124841424231421,-64.37023005320711,0.06122367984143238,0.3894698082507901
68.25,-5.1095282606738275,-64.2727902613776,0.06128168563075317,0.39004852091652964
68.5,-5.094200552910518,-64.17520579549132,0.06134003348638317,0.3906272006726105
68.75,-5.078858215425499,-64.07747666379989,0.06139872340365459,0.3912058473255327
69.0,-5.063501162703946,-63.97960287460327,0.061457755377872264,0.3917844606817991
69.25,-5.048129910047027,-63.88158763443417,0.061512320473517755,0.3923374555266
69.5,-5.032744975169348,-63.783434149419904,0.061567213143232886,0.3928904194121843
69.75,-5.017346276177939,-63.68514242732345,0.061622433382626275,0.39344335215325
70.0,-5.001933731180932,-63.586712475954094,0.06167798118728035,0.3939962535644977
70.25,-4.9865078518769606,-63.488147502388976,0.061729105424546266,0.39452353013642505
70.5,-4.9710691523788055,-63.389450713303276,0.061780542740062686,0.395050777699672
70.75,-4.955617554417419,-63.2906221159713,0.061832293129714645,0.39557799607713656
71.0,-4.9401529797247825,-63.191661717711625,0.06188435658936216,0.3961051850917191
71.25,-4.92467593639455,-63.09257272614173,0.061932039815964755,0.39660674297186077
71.5,-4.909186934935229,-62.99335834848054,0.061980021621437655,0.3971082737939454
71.75,-4.89368590070258,-62.89401859151368,0.06202830200194235,0.3976097773890731
72.0,-4.878172759053327,-62.794553462069,0.06207688095361644,0.398111253588346
72.25,-4.862648014473805,-62.69496616830049,0.06212112302884078,0.3985870923885627
72.5,-4.847112173865911,-62.595259917967,0.06216564918001143,0.39906290608142647
72.75,-4.8315651662111,-62.49543471736545,0.062210459403566336,0.3995386945062412
73.0,-4.816006920491727,-62.39549057283294,0.062255553695920694,0.40001445750231296
73.25,-4.800437937584575,-62.29543069305642,0.062296354489819454,0.40046457686312026
73.5,-4.784858720782694,-62.19525828633108,0.06233742485321281,0.4009146730673531
73.75,-4.769269202694119,-62.094973358465154,0.062378764782815135,0.4013647459625214
74.0,-4.753669315927711,-61.99457591530494,0.06242037427531927,0.40181479539613707
74.25,-4.738059557748573,-61.89406916606705,0.062457733667960216,0.4022391949847131
74.5,-4.722440427838771,-61.793456319579725,0.062495348120131244,0.40266357336756203
74.75,-4.706811862433798,-61.69273738116244,0.06253321762882323,0.4030879304004018
75.0,-4.691173797769903,-61.59191235617072,0.06257134219100664,0.403512265938952
75.25,-4.67552672749846,-61.49098445434772,0.0626052600717669,0.40391094544726763
75.5,-4.659871147688514,-61.38995688505166,0.06263941849859385,0.404309605700767
75.75,-4.644206998203886,-61.288829653113254,0.06267381746875486,0.4047082465633781
76.0,-4.628534218909088,-61.18760276339723,0.06270845697949803,0.4051068678990303
76.25,-4.612853299839816,-61.08627942617043,0.06273893324640291,0.4054798270420951
76.5,-4.5971647334501275,-60.98486285131817,0.06276963554242516,0.40585276888131333
76.75,-4.5814684632330485,-60.8833530431824,0.06280056386510866,0.40622569328882474
77.0,-4.565764432682223,-60.781750006137045,0.06283171821197914,0.40659860013677046
77.25,-4.550053128215794,-60.68005695096997,0.06285875277108356,0.40694583865099104
77.5,-4.534335038670956,-60.57827708809095,0.06288599883888212,0.4072930618123887
77.75,-4.518610111170809,-60.476410421353144,0.06291345641319512,0.4076402695013172
78.0,-4.502878292838998,-60.374456954639626,0.06294112549182598,0.4079874615981313
78.25,-4.487140066474311,-60.272419899256846,0.06296471825663645,0.40830897923977555
78.5,-4.47139591729528,-60.170302466136555,0.06298850800625498,0.40863048347967046
78.75,-4.455645796055942,-60.068104658643115,0.0630124947387784,0.4089519742063856
79.0,-4.439889653510809,-59.96582648016875,0.06303667845228779,0.40927345130849163
79.25,-4.424127968837585,-59.86347114253618,0.06305682934322253,0.40956924785225346
79.5,-4.408361223634409,-59.761041857196844,0.06307716269162678,0.4098650329453856
79.75,-4.3925893722871185,-59.65853862702631,0.06309767849587389,0.41016080648467546
80.0,-4.376812369181956,-59.555961454925935,0.0631183767543226,0.41045656836691113
80.25,-4.361030689873877,-59.453313553232576,0.06313508569820798,0.41072664360457123
80.5,-4.3452448123389615,-59.350598133915256,0.06315196256878147,0.41099670934276367
80.75,-4.329454694595708,-59.24781519936072,0.06316900736469289,0.41126676548649543
81.0,-4.313660294662951,-59.14496475197946,0.06318622008457869,0.4115368119407744
81.25,-4.297862084471294,-59.04205000462052,0.06319948701417998,0.4117811656799507
81.5,-4.282060538373155,-58.93907416976851,0.06321290733625393,0.4120255118708603
81.75,-4.26625561802055,-58.83603724932134,0.06322648104972692,0.41226985042673187
82.0,-4.250447285065766,-58.73293924519863,0.06324020815351306,0.41251418126079487
82.25,-4.234636007813508,-58.62978337075977,0.06325003300709725,0.4127328133237791
82.5,-4.2188222569909835,-58.52657283900315,0.06325999671551288,0.41295143978973353
82.75,-4.203005997884584,-58.423307651337865,0.06327009927796287,0.4131700605801105
83.0,-4.187187195780901,-58.31998780919261,0.06328034069363904,0.41338867561636283
83.25,-4.171366315357251,-58.216616526435466,0.063286723414568,0.41358158583903637
83.5,-4.155543823714137,-58.113197016576905,0.06329323044926906,0.41377449241594993
83.75,-4.13971968977318,-58.009729280537165,0.06329986179722168,0.4139673952767815
84.0,-4.123893882456134,-57.90621331925405,0.06330661745789534,0.4141602943512092
84.25,-4.108066862811478,-57.80265234710274,0.06330955799424755,0.41432748258203456
84.5,-4.092239094311568,-57.699049578104244,0.06331260829990144,0.41449466911840016
84.75,-4.076410549514106,-57.59540501268992,0.06331576837461299,0.4146618538982114
85.0,-4.060581200976861,-57.4917186513067,0.0633190382181294,0.4148290368593739
85.25,-4.04475150611808,-57.38799370883538,0.06331853652234827,0.4149705029584575
85.5,-4.028921924780567,-57.28423339980606,0.06331813004799383,0.41511196931440947
85.75,-4.0130924331589615,-57.18043772416126,0.06331781879509862,0.4152534358733646
86.0,-3.997263007447894,-57.07660668185695,0.06331760276368752,0.4153949025814577
86.25,-3.981434101434026,-56.97274348827829,0.06331365879225473,0.41551064641967844
86.5,-3.965606171329254,-56.86885135846309,0.06330979549097515,0.4156263924661212
86.75,-3.9497791969660008,-56.76493029186501,0.06330601286015781,0.41574214067515214
87.0,-3.933953158176612,-56.660980287949094,0.06330231090010535,0.4158578910011372
87.25,-3.9181285051148445,-56.55700456260359,0.06329492461323759,0.41594791245933743
87.5,-3.9023056903603703,-56.4530063313728,0.06328760444185659,0.41603793807713674
87.75,-3.886484697384245,-56.34898559322151,0.06328035038654797,0.4161279678171346
88.0,-3.870665509657376,-56.24494234712384,0.06327316244789205,0.4162180016419301
88.25,-3.8548485736993365,-56.140879809469936,0.06326233380925955,0.4162823006101646
88.5,-3.839034338456294,-56.0368011963095,0.06325155672805964,0.4163466056893968
88.75,-3.8232227910387824,-55.93270650611842,0.0632408312051545,0.41641091685046144
89.0,-3.8074139185571205,-55.828595737379885,0.06323015724140216,0.4164752340641925
89.25,-3.7916081638954497,-55.72447210698492,0.06321588621786768,0.41651381044103186
89.5,-3.7758059723651867,-55.62033883148751,0.06320165219032864,0.41655239488028734
89.75,-3.7600073347171907,-55.516195908874664,0.06318745515992377,0.41659098736103056
90.0,-3.744212241702036,-55.41204333713863,0.06317329512778883,0.4166295878623326
90.25,-3.728421132567218,-55.307884333670316,0.0631555816891657,0.41664244155421715
90.5,-3.7126344489881884,-55.203722115527036,0.06313789068172232,0.41665530525995415
90.75,-3.6968521853569745,-55.09955668020691,0.06312022210687394,0.4166681789668543
91.0,-3.681074336065251,-54.995388025211234,0.06310257596603404,0.4166810626622275
91.25,-3.665301336722684,-54.89121936842992,0.06308142008486192,0.41666819358286866
91.5,-3.649533625367571,-54.7870539274227,0.06306027206667936,0.41665533646881514
91.75,-3.6337712000339537,-54.682891699198784,0.06303913191317816,0.41664249131561854
92.0,-3.618014058755451,-54.578732680768525,0.06301799962604952,0.4166296581188294
92.25,-3.6022626335027397,-54.474580090519986,0.06299340127738659,0.4165910661886547
92.5,-3.5865173586758066,-54.37043714651447,0.06296879622015229,0.4165524881752533
92.75,-3.570778235951548,-54.26630384527231,0.06294418445631503,0.4165139240824195
93.0,-3.555045267006369,-54.1621801833129,0.0629195659878437,0.4164753739139466
93.25,-3.5393188801708244,-54.05806937952167,0.06289152514907434,0.4164110590595864
93.5,-3.523599506205457,-53.95397465246075,0.06286346302680547,0.41634676007348115
93.75,-3.5078871504308604,-53.84989599816157,0.06283537962328205,0.4162824769676699
94.0,-3.4921818181670674,-53.74583341265255,0.06280727494075075,0.41621820975419044
94.25,-3.4764839341034013,-53.641790115315814,0.0627757915914074,0.4161281719080018
94.5,-3.4607939253598476,-53.537769325213574,0.0627442723802724,0.4160381518815623
94.75,-3.4451118009015387,-53.43377103788836,0.06271271730986727,0.4159481496951576
95.0,-3.429437569692977,-53.32979524887763,0.06268112638271639,0.415858165369072
95.25,-3.413771652781164,-53.225845178059515,0.06264620050431485,0.4157424044686991
95.5,-3.39811447364444,-53.12192404499567,0.06261122418246844,0.41562666333958087
95.75,-3.3824660448933175,-53.01803184473973,0.06257619741997525,0.4155109420102516
96.0,-3.3668263791376067,-52.914168572338184,0.0625411202196374,0.41539524050924403
96.25,-3.3511958937809205,-52.81033744816455,0.06250275179552427,0.4152537564972104
96.5,-3.335575008658884,-52.70654169227935,0.06246431834295475,0.4151122942079475
96.75,-3.319963740028226,-52.60278129924728,0.06242581986500349,0.4149708536782399
97.0,-3.3043621041449076,-52.49905626362387,0.06238725636475036,0.41482943494487057
97.25,-3.2887705147681,-52.39536980627748,0.0623454453799621,0.41466222776820294
97.5,-3.2731893880896625,-52.29172514776691,0.062303554778350145,0.41449504426583145
97.75,-3.257618744013382,-52.18812228216795,0.06226158456326571,0.414327884482793
98.0,-3.2420586024422064,-52.08456120354515,0.06221953473806637,0.4141607484641226
98.25,-3.226509373489833,-51.9810451332612,0.06217428117919892,0.4139678180740026
98.5,-3.21097146970332,-51.877577292372656,0.06212893341178699,0.41377491330971267
98.75,-3.19544491463435,-51.77415767446641,0.06208349143945838,0.41358203422454387
99.0,-3.1799297318336985,-51.67078627311601,0.06203795526584842,0.4133891808717854
99.25,-3.164426327768568,-51.56746631017803,0.061989259120936654,0.4131705272232274
99.5,-3.148935111340199,-51.46420100720629,0.06194045417240834,0.41295190115204106
99.75,-3.133456109749007,-51.36099035729877,0.061891540424167835,0.41273330271977365
100.0,-3.117989350194432,-51.25783435353804,0.06184251788012822,0.41251473198797023
100.25,-3.10253523549618,-51.15473621827406,0.06179037913853458,0.4122703550395244
100.5,-3.0870941709086686,-51.05169917355753,0.06173811699490298,0.4120260076199988
100.75,-3.0716661872818842,-50.948723211997496,0.061685731453414376,0.41178168979919877
101.0,-3.0562513154647677,-50.845808326185555,0.06163322251825957,0.41153740164692715
101.25,-3.0408499546285386,-50.74295773896467,0.061577641170571164,0.41126730136040424
101.5,-3.0254625063798,-50.64017467288198,0.06152192181907591,0.4109972325543564
101.75,-3.010089005218947,-50.53745912005762,0.06146606446823132,0.41072719530684887
102.0,-2.9947294856452586,-50.434811072592176,0.06141006912250595,0.4104571896959443
102.25,-2.979384343180489,-50.33223375382127,0.061351045160439474,0.4101613660361618
102.5,-2.9640539757824493,-50.2297303867881,0.06129186858945145,0.40986557580841493
102.75,-2.9487384216027794,-50.127300963123865,0.06123253941427596,0.4095698190990306
103.0,-2.9334377187919327,-50.02494547443819,0.06117305763965932,0.4092740959943332
103.25,-2.9181522592212312,-49.922667144558964,0.06111059105597325,0.4089525489288812
103.5,-2.9028824371987283,-49.820469197025126,0.061047957254906686,0.4086310372470304
103.75,-2.8876282945281426,-49.718351622978936,0.06098515624147028,0.40830956104337146
104.0,-2.8723898730119393,-49.61631441353904,0.060922188020688085,0.40798812041249216
104.25,-2.857167560870053,-49.51436079302528,0.06085627880910161,0.40764084991151694
104.5,-2.841961748759821,-49.41249398547202,0.060790187768332865,0.4072936167457129
104.75,-2.8267724821378786,-49.31071398153259,0.0607239149036691,0.4069464210179363
105.0,-2.8115998064595367,-49.20902077183464,0.0606574602204121,0.40659926283104036
105.25,-2.796444106292396,-49.107417581189694,0.060588108375530254,0.40622626886704427
105.5,-2.7813057686421323,-49.00590763412722,0.060518560086322885,0.4058533141897934
105.75,-2.7661848426191322,-48.90449092081164,0.06044881535835381,0.40548039891041154
106.0,-2.7510813773323886,-48.8031674313796,0.060378874197202566,0.40510752314001913
106.25,-2.73599575369623,-48.70194039113403,0.06030607971444715,0.4047088056876763
106.5,-2.720928355063733,-48.60081302509924,0.06023307416888267,0.40431012947365635
106.75,-2.7058792341998696,-48.49978532295073,0.06015985756634953,0.40391149461735226
107.0,-2.6908484438681506,-48.39885727433414,0.06008642991270501,0.40351290123815375
107.25,-2.6758363613287046,-48.29803210504356,0.06001019278825077,0.40308846027414025
107.5,-2.660843366281078,-48.197313040597905,0.059933729979164775,0.40266406250003023
107.75,-2.6458695151456655,-48.09670007018374,0.059857041491564004,0.402239708043488
108.0,-2.6309148643413285,-47.99619318295572,0.05978012733158349,0.4018153970321744
108.25,-2.615979787473073,-47.89579560519885,0.05970044756229927,0.40136523253501055
108.5,-2.6010646605859953,-47.79551056292642,0.059620527483222496,0.40091511317933365
108.75,-2.5861695437567453,-47.69533804483606,0.05954036710074672,0.40046503910108106
109.0,-2.571294497060371,-47.59527803959143,0.059459966421284725,0.4000150104361866
109.25,-2.556439890445842,-47.49533377396825,0.0593768440046792,0.3995391223860929
109.5,-2.54160609630289,-47.395508474473964,0.059293466649783154,0.3990632814290719
109.75,-2.5267931783652533,-47.29580212931727,0.05920983436326672,0.398587487709336
110.0,-2.5120012003650016,-47.19621472667084,0.05912594715182043,0.39811174137109384
110.25,-2.497230528594159,-47.09674949380089,0.059039382085991965,0.3976101297498568
110.5,-2.4824815317861835,-46.99740965770885,0.058952547450038716,0.3971085671732802
110.75,-2.4677542773327388,-46.89819520611449,0.05886544325090741,0.39660705379385336
111.0,-2.453048832623748,-46.79910612669945,0.058778069495566326,0.39610558976406174
111.25,-2.4383655602933887,-46.70014564722033,0.058688061779156746,0.395578254554911
111.5,-2.423704825417944,-46.60131699517231,0.05859776985745266,0.3950509703420102
111.75,-2.4090666990478353,-46.50262015778624,0.05850719373767736,0.3945237372861274
112.0,-2.3944512522316743,-46.40405512225277,0.05841633342707689,0.3939965555480267
112.25,-2.3798588439448958,-46.305625116818646,0.058322883059228885,0.39344349673552115
112.5,-2.36528983560571,-46.20733336947269,0.05822913384758192,0.3928904908708564
112.75,-2.35074430192413,-46.109179866956815,0.05813508579963586,0.39233753812308136
113.0,-2.3362223176082906,-46.01116459597066,0.0580407389229145,0.3917846386612405
113.25,-2.321724237973991,-45.913290785251,0.05794384590323229,0.3912058562311638
113.5,-2.307250420780478,-45.81556166328012,0.05784663939791261,0.39062712870051997
113.75,-2.2928009443981896,-45.717977216311,0.057749119414731924,0.3900484562466404
114.0,-2.278375887195617,-45.62053743055228,0.05765128596149178,0.3894698390468521
114.25,-2.263975600828038,-45.52324553523063,0.05755095029000486,0.38886533298611564
114.5,-2.249600439394849,-45.426104759321646,0.05745028648770856,0.3882608837764051
114.75,-2.2352504849277466,-45.329115088589376,0.057349294562655924,0.38765649160333626
115.0,-2.2209258194564105,-45.23227650875146,0.05724797452292625,0.38705215665252046
115.25,-2.2066267909747155,-45.135592249524294,0.057144196200055945,0.38642192694907496
115.5,-2.1923537499213257,-45.039065540376704,0.057040075097871526,0.38579175604824906
115.75,-2.1781067819900293,-44.94269636658379,0.05693561122470262,0.38516164414394494
116.0,-2.1638859728725275,-44.84648471337219,0.056830804588906284,0.38453159143006005
116.25,-2.149691666900413,-44.75043381094794,0.05672358361543497,0.3838756380728129
116.5,-2.1355242108507393,-44.654546889272936,0.05661600521081252,0.38321974546977955
116.75,-2.121383694080219,-44.55882393313335,0.05650806938364514,0.3825639138231504
117.0,-2.107270205943409,-44.46326492726481,0.05639977614256764,0.381908143335111
117.25,-2.0931840871087464,-44.36787310236287,0.05628911251961027,0.381226466313851
117.5,-2.0791256806907974,-44.272651688882405,0.05617807681033295,0.3805448519983992
117.75,-2.065095079710033,-44.17760067112065,0.05606666902361847,0.3798633005992363
118.0,-2.051092377184699,-44.082720033322225,0.055954889168379394,0.37918181232683773
118.25,-2.037117910119203,-43.9880130066721,0.05584078289735736,0.3784744116321652
118.5,-2.0231720179647557,-43.893482822118024,0.05572628988151522,0.3777670755948957
118.75,-2.0092547974064177,-43.799129463468304,0.055611410130012334,0.37705980443380166
119.0,-1.9953663451269559,-43.70495291447654,0.05549614365203903,0.3763525983676504
119.25,-1.9815069944658823,-43.61095640681704,0.05537859473465598,0.37561947399091317
119.5,-1.9676770812101825,-43.51714317193033,0.05526064441062175,0.37488641622317354
119.75,-1.9538767057103397,-43.423513193135776,0.05514229268937229,0.3741534252914979
120.0,-1.9401059683144755,-43.330066453695984,0.05502353958037567,0.37342050142294736
120.25,-1.9263651986963406,-43.23680618577449,0.05490254801859527,0.3726616533561812
120.5,-1.9126547289778295,-43.143735621304515,0.05478114038500208,0.3719028738500071
120.75,-1.8989746631756819,-43.050854743116496,0.05465931668930863,0.37114416313978715
121.0,-1.885325105304205,-42.95816353398202,0.054537076941260754,0.37038552146087816
121.25,-1.8717063813705268,-42.86566522655379,0.05441264273728618,0.36960094969675267
121.5,-1.858118819830588,-42.77336305325764,0.05428777779300703,0.3688164484448135
121.75,-1.8445625283682168,-42.68125699643507,0.05416248211841242,0.3680320179487203
122.0,-1.8310376146647398,-42.589347038366654,0.05403675572352592,0.3672476584521273
122.25,-1.8175444010598005,-42.49763641219419,0.05390887887978096,0.3664373629838957
122.5,-1.8040832123425268,-42.40612835083606,0.053780556623909785,0.365627139979444
122.75,-1.7906541598646675,-42.31482283614483,0.0536517889661781,0.3648169896907316
123.0,-1.7772573549754012,-42.22371984991006,0.05352257591688723,0.364006912369712
123.25,-1.7638931163460294,-42.132822625762564,0.053391256435998846,0.3631708931911642
123.5,-1.7505617650980088,-42.04213439711321,0.053259476867833055,0.3623349484279895
123.75,-1.7372634162518412,-41.95165514532561,0.05312723722293215,0.36149907834044875
124.0,-1.7239981848253891,-41.86138485169833,0.05299453751187522,0.36066328318879665
124.25,-1.710766385820757,-41.771326750351136,0.052859775396657545,0.35980154029421735
124.5,-1.6975683366908738,-41.68148407518731,0.052724538515682005,0.3589398737666038
124.75,-1.6844041561258276,-41.59185680708155,0.052588826879767465,0.35807828387451995
125.0,-1.671273962812997,-41.502444926841385,0.05245264049977078,0.3572167708865237
125.25,-1.6581780680844347,-41.413251669075485,0.05231443575321028,0.35632930427065307
125.5,-1.6451167857236892,-41.32428026817951,0.05217574155908243,0.3554419159733399
125.75,-1.6320902380912665,-41.235530704539194,0.052036557928482705,0.3545546062714534
126.0,-1.619098547544893,-41.147002958471084,0.05189688487254569,0.35366737544185656
126.25,-1.6061420217457185,-41.058700265072694,0.05175523749778757,0.3527541850998535
126.5,-1.5932209708070582,-40.97062585923198,0.05161308599032386,0.3518410750279989
126.75,-1.5803355207606677,-40.882779720845754,0.05147043036152659,0.35092804551146894
127.0,-1.5674857976354553,-40.795161829739534,0.05132727062280812,0.3500150968354335
127.25,-1.5546721054208157,-40.70777542149965,0.05118218062314378,0.3490761827628431
127.5,-1.541894750558981,-40.620623731506306,0.05103657180230702,0.3481373509119911
127.75,-1.5291538627537893,-40.533706739167386,0.05089044417194647,0.34719860157636284
128.0,-1.5164495717061608,-40.447024423817396,0.05074379774375225,0.34625993504943686
128.25,-1.5037821777328886,-40.36058002153141,0.0505952651226077,0.34529529724215907
128.5,-1.4911519836042715,-40.27437676818187,0.050446198988495554,0.3443307436082088
128.75,-1.4785591226970614,-40.188414642687704,0.050296599353341,0.34336627444938206
129.0,-1.4660037283850238,-40.10269362389243,0.05014646622911193,0.34240189006746813
129.25,-1.4534860973115014,-40.01721694835982,0.04999449099003715,0.34141152852173007
129.5,-1.4410065285740128,-39.93198785245448,0.0498419675428714,0.3404212531009075
129.75,-1.4285651592230566,-39.84700631460644,0.04968889589981646,0.33943106411510915
130.0,-1.416162126306075,-39.76227231316816,0.04953527607311798,0.33844096187443684
130.25,-1.403797722792114,-39.67778908519212,0.04937985821977711,0.3374248765867664
130.5,-1.3914722441050653,-39.59355986753506,0.04922387745989389,0.3364088793755983
130.75,-1.379185830970006,-39.509584638138065,0.049067333805946696,0.3353929705593559
131.0,-1.3669386241088874,-39.425863374862594,0.04891022727045891,0.3343771504564554
131.25,-1.3547309128156133,-39.342399315249764,0.04875136680662122,0.3333353414236576
131.5,-1.342562988839604,-39.259195696648426,0.04859192873446194,0.33229362241894783
131.75,-1.3304349965813462,-39.17625249651072,0.048431913066736026,0.33125199376906583
132.0,-1.3183470804381328,-39.0935696922071,0.048271319816244634,0.33021045580074415
132.25,-1.3062995260278818,-39.01115052176727,0.048109016745776174,0.3291429230198789
132.5,-1.2942926214246977,-38.92899822303218,0.04794612136187917,0.32807548221868604
132.75,-1.2823265147053093,-38.84711277296503,0.04778263367758515,0.3270081337322237
133.0,-1.2704013539431822,-38.765494148445256,0.04761855370597306,0.32594087789554266
133.25,-1.2585174210794048,-38.68414558799115,0.04745280803282901,0.32484762136390455
133.5,-1.246675000511923,-38.603070329935704,0.04728645533782189,0.32375445876352194
133.75,-1.23487424399454,-38.52226835075318,0.0471194956342598,0.3226613904377732
134.0,-1.2231153032777262,-38.44173962683199,0.04695192893549944,0.3215684167300291
134.25,-1.2113984566248992,-38.36148739717899,0.046782740663717064,0.32044943644512863
134.5,-1.1997239847570036,-38.281514900619186,0.04661293065830961,0.31933055204306543
134.75,-1.1880920431057482,-38.20182211313791,0.04644249893286178,0.31821176387553995
135.0,-1.1765027870994402,-38.12240901063256,0.046271445501008014,0.3170930722942451
135.25,-1.1649564913229846,-38.04327883259852,0.046098814634700135,0.31594836825379147
135.5,-1.1534534328194834,-37.96443481835279,0.04592554731967784,0.31480376204775545
135.75,-1.1419937706993837,-37.885876943391764,0.04575164356980239,0.31365925403616157
136.0,-1.1305776640696608,-37.80760518312183,0.045577103398986,0.31251484457902645
136.25,-1.1192053838358669,-37.72962277752688,0.04540102994233499,0.3113444167809118
136.5,-1.1078772033624211,-37.65193296641588,0.04522430531855296,0.3101740887687937
136.75,-1.09659328543934,-37.57453572479629,0.045046929541777775,0.3090038609110226
137.0,-1.0853537928530996,-37.49743102758348,0.0448689026261994,0.30783373357594085
137.25,-1.0741589928290587,-37.42062211524981,0.044689386583451715,0.30663758201822594
137.5,-1.0630091550521137,-37.34411222809623,0.04450920465182927,0.3054415321980851
137.75,-1.0519044459926825,-37.267901340641245,0.04432835684574651,0.3042455844921965
138.0,-1.0408450321175733,-37.19198942730922,0.044146843179671144,0.3030497392772301
138.25,-1.029831176971113,-37.116379729060974,0.04396388455513221,0.30182786395813016
138.5,-1.0188631465578364,-37.04107548668939,0.04378024531664771,0.30060609232818025
138.75,-1.0079411110293939,-36.96607667422404,0.04359592547890865,0.2993844247723882
139.0,-0.9970652405337577,-36.891383265598265,0.043410925056660526,0.2981628616757535
139.25,-0.9862357949333845,-36.81699850226134,0.043224523854690076,0.29691526259362677
139.5,-0.9754530365516083,-36.74292562549806,0.043037427310376256,0.2956677691522246
139.75,-0.9647171392221447,-36.669164608849066,0.04284963543868667,0.2944203817448862
140.0,-0.9540282767749613,-36.59571542575667,0.04266114825464455,0.29317310076494263
140.25,-0.943386705389806,-36.52258131815859,0.04247130447965231,0.2918997779182783
140.5,-0.9327926837079742,-36.44976552783151,0.04228075063059199,0.29062656266391146
140.75,-0.9222463892460788,-36.377268027827135,0.04208948672270777,0.28935345540351487
141.0,-0.9117479995169141,-36.30508879109678,0.04189751277130065,0.2880804565387525
141.25,-0.9012977670166825,-36.23323106006656,0.04170422642774236,0.2867814099261606
141.5,-0.8908959467038032,-36.16169807700504,0.041510215275064426,0.2854824728574374
141.75,-0.8805427197786172,-36.09048981447501,0.041315479328787624,0.2841836457425911
142.0,-0.870238267437578,-36.01960624493675,0.04112001860449071,0.2828849289916209
142.25,-0.8599828384925051,-35.949050611304784,0.040923289696864505,0.28156015861182243
142.5,-0.8497766842181045,-35.87882615633955,0.04072582124174032,0.28023549972746253
142.75,-0.8396199894992771,-35.8089328521149,0.04052761325491551,0.2789109527568864
143.0,-0.8295129392169673,-35.739370670600096,0.040328665752246584,0.2775865181184302
143.25,-0.819455778497775,-35.670142855198044,0.04012849428508959,0.27623602397024866
143.5,-0.8094487549318565,-35.60125264916105,0.03992756852872956,0.2748856432690737
143.75,-0.7994920570895047,-35.532700024074025,0.03972588849924041,0.27353537644158976
144.0,-0.7895858735369863,-35.46448495141522,0.03952345421275644,0.27218522391447186
144.25,-0.7797304457148452,-35.39661067507592,0.039319840190641706,0.27080900599682467
144.5,-0.7699260175278521,-35.32908043880027,0.03911545713429219,0.2694329034777506
144.75,-0.7601727812325231,-35.26189421368425,0.038910305060058416,0.26805691679227495
145.0,-0.7504709290812792,-35.19505197071509,0.03870438398435243,0.26668104637541357
145.25,-0.7408206988277727,-35.12855695427243,0.038497327411886086,0.26527910468730487
145.5,-0.7312223306905526,-35.062412408592266,0.0382894870568266,0.26387728034933405
145.75,-0.7216760206131902,-34.99661830428165,0.038080862935801076,0.2624755738048692
146.0,-0.7121819645350922,-34.931174611836774,0.03787145506549932,0.26107398549726885
146.25,-0.7027403965221836,-34.86608457612563,0.0376609559473179,0.25964632003778226
146.5,-0.6933515531059566,-34.80135144187606,0.037449658294858405,0.2582187738799967
146.75,-0.6840156339178692,-34.73697517920617,0.03723756212502451,0.25679134747562493
147.0,-0.6747328385851453,-34.67295575812114,0.03702466745478379,0.2553640412763701
147.25,-0.665503397485148,-34.60929642397733,0.03681072579555188,0.25391065204466257
147.5,-0.6563275434614769,-34.546000421994364,0.03659597084703041,0.2524573840662175
147.75,-0.6472054798343085,-34.48306772180144,0.036380402626399654,0.2510042378010942
148.0,-0.6381374099195158,-34.42049829291271,0.03616402115090494,0.2495512137093423
148.25,-0.629123560405065,-34.35829538117285,0.03594663695531291,0.2480721007046384
148.5,-0.6201641604458286,-34.29646223229333,0.03572842471209334,0.2465931109047566
148.75,-0.6112594170515327,-34.23499881541438,0.03550938443870308,0.24511424477810478
149.0,-0.6024095372275312,-34.17390509955915,0.03528951615266523,0.2436355027930808
149.25,-0.5936147439715584,-34.113184331060644,0.03506868942542718,0.242130666014667
149.5,-0.5848752627489255,-34.052839756122125,0.03484701988889715,0.24062595439263337
149.75,-0.5761913042597401,-33.9928713433949,0.034624507560808586,0.23912136840373802
150.0,-0.5675630791996681,-33.9332790614111,0.034401152458962324,0.23761690852472903
150.25,-0.5589908068753779,-33.87406615699204,0.034176883204814254,0.23608634797194905
150.5,-0.5504747090617848,-33.815235876832794,0.033951756376383334,0.23455591452710547
150.75,-0.5420150001502092,-33.75678818909573,0.03372577199167957,0.23302560867530864
151.0,-0.5336118945274613,-33.69872306182196,0.0334989300687816,0.23149543090165872
151.25,-0.5252656078083094,-33.64104374232111,0.0332712182924796,0.22993914657390876
151.5,-0.5169763580764384,-33.58375347778005,0.033042634173577466,0.22838299130564968
151.75,-0.5087443634152138,-33.52685223587221,0.032813177730361805,0.22682696559034596
152.0,-0.5005698419034209,-33.47033998414768,0.03258284898118898,0.22527106992145174
152.25,-0.49245300546309423,-33.41421997040439,0.03235169468750768,0.22368906181817627
152.5,-0.4843940684858543,-33.358495442320994,0.032119653279582605,0.2221071847259444
152.75,-0.47639325274794325,-33.303166367082,0.03188672477597691,0.2205254391465766
153.0,-0.46845078002095336,-33.248232711746475,0.031652909195324756,0.21894382558188288
153.25,-0.46056685853335144,-33.19369772460066,0.03141831238905583,0.21733609370257095
153.5,-0.4527416989838602,-33.13956465381498,0.031182813693573126,0.21572849478585357
153.75,-0.4449755268424296,-33.085833466085,0.030946413127716385,0.2141210293419091
154.0,-0.4372685675742907,-33.032504127978775,0.03070911071039751,0.21251369788090527
154.25,-0.429621025713509,-32.97957988827084,0.030471071396348352,0.21088024222508692
154.5,-0.4220331082650759,-32.92706399562339,0.03023211541478907,0.2092469214834123
154.75,-0.41450504439348085,-32.87495641624308,0.029992242784836,0.20761373617441958
155.0,-0.40703706325842515,-32.82325711620692,0.029751453525678814,0.205980686816636
155.25,-0.39962936569873964,-32.77196934477773,0.029509971708671243,0.20432150738387883
155.5,-0.39228215502485086,-32.7210963511095,0.029267558442530907,0.2026624648168128
155.75,-0.38499566409661945,-32.670638100919945,0.029024213746650724,0.20100355964233765
156.0,-0.3777701257690485,-32.620594559795045,0.028779937640498125,0.1993447923873422
156.25,-0.37060573718490086,-32.57096897748592,0.028535013325367276,0.19765988917724844
156.5,-0.36350269795920515,-32.52176460363831,0.028289142776154734,0.1959751247843914
156.75,-0.35646124464802464,-32.47298140348101,0.028042326012529997,0.19429049974403442
157.0,-0.3494816138024959,-32.424619342108976,0.02779456305423826,0.1926060145914296
157.25,-0.3425639988684809,-32.376681669761616,0.02754619624583151,0.19089538760363353
157.5,-0.3357085957647768,-32.329171636576426,0.027296868415067864,0.18918490138461802
157.75,-0.3289156447444813,-32.28208920729327,0.027046579581893406,0.18747455647801173
158.0,-0.3221853860556959,-32.23543434651608,0.02679532976633109,0.18576435342743206
158.25,-0.31551800944654856,-32.18921030497253,0.026543520469507077,0.18402800266159708
158.5,-0.3089137071387725,-32.143420333291914,0.026290735358724716,0.18229179461608466
158.75,-0.302372723083331,-32.09806439572513,0.026036974454206663,0.18055572984289076
159.0,-0.29589530122612223,-32.0531424563851,0.025782237776253644,0.17881980889399987
159.25,-0.28948162761670726,-32.008657766487794,0.0255269859958814,0.17705773434981648
159.5,-0.28313189077892237,-31.964613577154218,0.025270743606623115,0.1752958044774958
159.75,-0.2768463383624282,-31.921009852146366,0.025013510628978032,0.17353401983740296
160.0,-0.270625218011751,-31.877846555086137,0.024755287083524636,0.17177238098989153
160.25,-0.26446871207705214,-31.835126937677746,0.024496592824482726,0.1699845826670752
160.5,-0.2583770053834382,-31.792854251533985,0.02423689315830086,0.16819693096765995
160.75,-0.252350349280099,-31.75102845992791,0.023976188105754866,0.16640942646038195
161.0,-0.24638899511102008,-31.70964952599039,0.02371447768770098,0.16462206971396565
161.25,-0.24049312152613075,-31.66872070191391,0.02345234095487678,0.16280854761225447
161.5,-0.23466290965097525,-31.62824523980301,0.023189184013332496,0.16099517408548092
161.75,-0.2288986145351037,-31.588223102441827,0.02292500688412053,0.1591819497107541
162.0,-0.223200491222793,-31.548654252470204,0.022659809588374897,0.15736887506517122
162.25,-0.21756871466290767,-31.509541942568884,0.022394230386663865,0.1555296291843243
162.5,-0.21200346228059683,-31.470889425334168,0.022127616171326425,0.15369053382994974
162.75,-0.20650499282660276,-31.432696663061247,0.02185996696369155,0.15185158958753142
163.0,-0.2010735650463251,-31.39496361789895,0.021591282785171025,0.1500127970425412
163.25,-0.195709350186731,-31.357693543016275,0.021322261119476063,0.14814782738233723
163.5,-0.19041252197174222,-31.320889691501275,0.021052189631922177,0.14628301020013845
163.75,-0.1851833428541246,-31.284552025160217,0.02078106834411492,0.14441834608980553
164.0,-0.180022075281232,-31.248680505650896,0.020508897277743837,0.14255383564518678
164.25,-0.17492888679730195,-31.21327838663058,0.020236433152974697,0.14066314220542195
164.5,-0.1699039474241964,-31.17834892167906,0.019962904394787935,0.13877260319519336
164.75,-0.1649475233175362,-31.143892072113672,0.01968831102506569,0.1368822192167402
165.0,-0.16005988062746115,-31.10990779910119,0.019412653065775266,0.1349919908722893
165.25,-0.1552411831946467,-31.07639935678713,0.019136746486848034,0.13307557365277636
165.5,-0.1504915973380626,-31.043369999243044,0.01885976045961832,0.13115931281432888
165.75,-0.14581139291701645,-31.010819687297325,0.01858169500624483,0.1292432089675665
166.0,-0.14120083978526535,-30.97874838162573,0.018302550148972644,0.1273272627230963
166.25,-0.13666009807909046,-30.947159336862036,0.018023201120809202,0.12538512172366295
166.5,-0.13218933041373712,-30.91605580756952,0.017742757826132247,0.1234431390568224
166.75,-0.1277888103530311,-30.88543775408766,0.017461220287377077,0.12150131534157664
167.0,-0.12345881145517844,-30.855305136601185,0.01717858852706652,0.11955965119691493
167.25,-0.11919949015123381,-30.825661210232113,0.0168957970545941,0.11759178641740292
167.5,-0.11501100535188587,-30.796509230035472,0.016611896494070987,0.11562408192200921
167.75,-0.11089363432631015,-30.767849155861814,0.016326886868209052,0.11365653833812002
168.0,-0.10684765433799313,-30.73968094740484,0.016040768199808902,0.11168915629310867
168.25,-0.10287321811193083,-30.712007860274813,0.01575453428795966,0.10969556773337223
168.5,-0.09897048085342305,-30.684833150018513,0.015467176463196395,0.10770214140927778
168.75,-0.09513972353782667,-30.658156775997554,0.015178694748507563,0.1057088779565976
169.0,-0.09138122713474012,-30.631978697414613,0.014889089166971528,0.10371577801109096
169.25,-0.08769514066226869,-30.60630217036821,0.014599412820682134,0.10169646567099619
169.5,-0.08408161561949128,-30.581130450896854,0.014308597733289252,0.0996773175180652
169.75,-0.08054093668877753,-30.556463497873235,0.014016643928057912,0.09765833419645828
170.0,-0.07707338854666944,-30.532301270009004,0.01372355142834425,0.09563951635032251
170.25,-0.07367911650354945,-30.508647023890923,0.013430432652555566,0.09359448022974638
170.5,-0.07035826835144351,-30.485504016049244,0.013136160304147795,0.09154961024785399
170.75,-0.0671111324805656,-30.46287220486773,0.012840734406662545,0.08950490705719548
171.0,-0.06393799727523279,-30.440751548567,0.012544154983733714,0.08746037131030765
171.25,-0.0608390043372727,-30.419145304222063,0.012247593783390437,0.08538961140913694
171.5,-0.057814297750826256,-30.39805672885491,0.01194986417558634,0.08331901959816806
171.75,-0.054864169614783354,-30.37748578036038,0.011650966184139614,0.08124859653834293
172.0,-0.05198891202206764,-30.35743241646807,0.011350899832961923,0.0791783428905899
172.25,-0.049188662865119914,-30.33789989474122,0.011050896213012258,0.07708185920872056
172.5,-0.046463562519364184,-30.31889147269357,0.010749709347433922,0.07498554556856929
172.75,-0.04381390679319773,-30.300407107731015,0.010447339260321684,0.07288940263947162
173.0,-0.041239991488982324,-30.282446757092135,0.010143785975864975,0.07079343109074941
173.25,-0.03874195078894003,-30.265013678828414,0.009840339941260415,0.06867122362808573
173.5,-0.03631992135894594,-30.248111130945322,0.009535695819533212,0.06654918815865449
173.75,-0.033974202717736296,-30.23173907035984,0.009229853635054717,0.06442732536018675
174.0,-0.03170509437794253,-30.215897453819508,0.008922813412292119,0.062305635910399705
174.25,-0.02951272681073604,-30.200589539864055,0.008615924967987134,0.0601577046668538
174.5,-0.027397232971611132,-30.18581858699069,0.008307823591739422,0.05800994736805288
174.75,-0.02535891609047451,-30.171584551627454,0.007998509308196912,0.055862364700125344
175.0,-0.02339807939105877,-30.157887390030872,0.007687982142104558,0.05371495734918564
175.25,-0.02151484963265282,-30.14473036122891,0.007377651293056378,0.05154130232467662
175.5,-0.01970935605953827,-30.132116724210512,0.007066092663919274,0.049367823196423244
175.75,-0.017981905613623828,-30.120046434914798,0.006753306279617754,0.04719452065895318
176.0,-0.016332805230574808,-30.10851944910726,0.006439292165174542,0.045021395406779983
176.25,-0.014762177956965744,-30.097539026304094,0.006125518916342913,0.042822016601233685
176.5,-0.01327014932503373,-30.087108425985992,0.00581050303595006,0.04062281564345181
176.75,-0.011857029989521003,-30.07722760360314,0.005494244549197066,0.0384237932363632
177.0,-0.01052313059885711,-30.067896514430004,0.005176743481384423,0.03622495008288239
177.25,-0.009268570486070403,-30.059118418471023,0.004859527837731457,0.033999847496230445
177.5,-0.00809347147052163,-30.050896575698616,0.004541054707718863,0.03177492470884985
177.75,-0.006998147920618084,-30.043230941074047,0.004221324116824301,0.029550182432072476
178.0,-0.00598291419838507,-30.03612146938075,0.003900336090626029,0.027325621377215736
178.25,-0.005047885922472966,-30.0295714211114,0.003579678057115964,0.02507479500939548
178.5,-0.0041931811985343815,-30.02358405673015,0.003257747679121766,0.02282415039235163
178.75,-0.0034191181094731906,-30.018159330709345,0.0029345449823976735,0.020573688245820967
179.0,-0.002726014731741984,-30.013297197341387,0.00261006999279971,0.018323409289525673
179.25,-0.0021139829687813923,-30.00900091760718,0.002285969574398766,0.016046859140479496
179.5,-0.0015831372117041146,-30.005273752462625,0.0019605819500630867,0.013770492693712916
179.75,-0.001133799258742128,-30.002115655891124,0.0016339071458234898,0.011494310677369503
180.0,-0.0007662909016068331,-29.99952658169406,0.001305945187813765,0.009218313819578085
180.25,-0.000480720327697361,-29.997509791340573,0.000978402389489989,0.006916039889253062
180.5,-0.00027719821275474734,-29.996068546278288,0.0006495575204547821,0.004613951612708951
180.75,-0.00015605007117059576,-29.995202800001692,0.0003194106070155384,0.0023120497264980063
181.0,-0.0001176014107466408,-29.994912505821134,-1.203832441618491e-05,1.0334967157573077e-05
181.25,-0.0001204993139655432,-29.994911576535895,-1.114614967127318e-05,-2.900769344741811e-06
181.5,-0.0001231751097533633,-29.99491395624769,-1.026146497937211e-05,-1.613700841693879e-05
181.75,-0.000125630670632213,-29.994919645081634,-9.384270411255952e-06,-2.9373745821999708e-05
182.0,-0.00012786786914182295,-29.994928643161778,-8.51456603709975e-06,-4.261097732286654e-05
182.25,-0.00012990358460415142,-29.994940614404044,-7.77215246357354e-06,-5.315903081914007e-05
182.5,-0.0001317544427771012,-29.99495522271204,-7.035707731929508e-06,-6.370750259815936e-05
182.75,-0.00013342193587851726,-29.994972468189914,-6.305231901082799e-06,-7.425638928343338e-05
183.0,-0.00013490755614091351,-29.994992350940972,-5.580725029471043e-06,-8.480568749843794e-05
183.25,-0.00013622589444523838,-29.99501458723213,-4.966762165917047e-06,-9.308469964619491e-05
183.5,-0.0001373913276063086,-29.99503889331963,-4.357483891588714e-06,-0.00010136405777751238
183.75,-0.00013840502677753112,-29.995065269289633,-3.7528902552279417e-06,-0.00010964375924238251
184.0,-0.00013926816312445156,-29.995093715227643,-3.1529813052018636e-06,-0.00011792380139077002
184.25,-0.0001399933311790818,-29.995123992380126,-2.6489637833761334e-06,-0.00012429346597916726
184.5,-0.00014059294534358408,-29.99515586198431,-2.1485501908740707e-06,-0.00013066341466253355
184.75,-0.00014106790660529936,-29.99518932411096,-1.6517405677284662e-06,-0.00013703364540217482
185.0,-0.00014141911596154085,-29.995224378830343,-1.158534953683794e-06,-0.00014340415615937444
185.25,-0.00014165742779703142,-29.995260825984708,-7.484093886813773e-07,-0.0001481731174033263
185.5,-0.00014179354548646617,-29.995298465408315,-3.4098179068743903e-07,-0.00015294230988537624
185.75,-0.00014182814352567592,-29.995337297158787,6.37478077040548e-08,-0.0001577117320793201
186.0,-0.0001417618964186131,-29.99537732129337,4.657793741149767e-07,-0.00016248138245893528
186.25,-0.00014160414300666901,-29.995418370725233,7.959243078279316e-07,-0.00016591410357284135
186.5,-0.00014136409607260272,-29.995460278360675,1.1241275467035182e-06,-0.0001693470108950409
186.75,-0.00014104224104340883,-29.995503044246107,1.4503890644856724e-06,-0.0001727801033271421
187.0,-0.00014063906335262655,-29.995546668427675,1.7747088350736666e-06,-0.00017621337977073828
187.25,-0.0001401625830946683,-29.995591012111298,2.0369143161630125e-06,-0.0001785361139375658
187.5,-0.0001396207156516323,-29.99563593649697,2.297806312208609e-06,-0.00018085899605815482
187.75,-0.00013901378939739056,-29.995681441621592,2.5573848023392502e-06,-0.00018318202538948288
188.0,-0.00013834213271101976,-29.99572752752187,2.8156497657888123e-06,-0.00018550520118851572
188.25,-0.00013761261927390707,-29.995774079567138,3.020325291348059e-06,-0.0001869111802526444
188.5,-0.00013683203628590948,-29.995820983121625,3.2242061701442304e-06,-0.00018831727487354685
188.75,-0.0001360005824107579,-29.995868238214165,3.4272923858669763e-06,-0.00018972348460170004
189.0,-0.00013511845631625287,-29.995915844873476,3.629583922269521e-06,-0.0001911298089875717
189.25,-0.00013419153609388706,-29.99596370906658,3.785716350991579e-06,-0.00019178375053265488
189.5,-0.00013322562889410986,-29.9960117367561,3.941479739481361e-06,-0.00019243778029487038
189.75,-0.00013222082697853757,-29.996059927964062,4.096874075277887e-06,-0.0001930918980654548
190.0,-0.00013117722261189808,-29.99610828271245,4.251899345949702e-06,-0.00019374610363563763
190.25,-0.0001300998302114979,-29.99615672448958,4.367236067901956e-06,-0.00019378812429583645
190.5,-0.00012899360647300635,-29.99620517678003,4.482550049143256e-06,-0.00019383021019366424
190.75,-0.00012785855708275428,-29.99625363960011,4.59784128044855e-06,-0.00019387236131625438
191.0,-0.00012669468772937868,-29.99630211296612,4.713109752594608e-06,-0.00019391457765073497
191.25,-0.00012550626445980635,-29.996350535236033,4.794319113561064e-06,-0.00019346358931020884
191.5,-0.00012429750681808047,-29.996398844764613,4.875784728738447e-06,-0.00019301264698094386
191.75,-0.00012306835074146256,-29.996447041563375,4.957506591609557e-06,-0.0001925617508078969
192.0,-0.00012181873216884598,-29.99649512564388,5.039484695636695e-06,-0.0001921109009360212
192.25,-0.00012055226949203896,-29.99654304795046,5.092296432414766e-06,-0.00019126755669433636
192.5,-0.00011927254409601743,-29.996590759424727,5.145586448645436e-06,-0.00019042424246264804
192.75,-0.00011797943641145034,-29.996638260074214,5.199354740065534e-06,-0.00018958095851150973
193.0,-0.00011667282687007722,-29.996685549906527,5.253601302373631e-06,-0.00018873770511147254
193.25,-0.0001153557741181422,-29.996732590488488,5.282929417347527e-06,-0.00018758695335404865
193.5,-0.00011403130780938152,-29.996779343384603,5.3129097565833395e-06,-0.0001864362183715267
193.75,-0.00011269926488802845,-29.9968258085991,5.34354231768266e-06,-0.00018528550053285842
194.0,-0.00011135948229892233,-29.996871986136323,5.374827098194903e-06,-0.00018413480020699417
194.25,-0.00011001453561694188,-29.99691784649844,5.384877311923719e-06,-0.00018274809766141597
194.5,-0.0001086669781658573,-29.99696336018565,5.395713250888564e-06,-0.00018136140102331197
194.75,-0.00010731661351446667,-29.997008527199483,5.407334914222567e-06,-0.00017997471073715363
195.0,-0.00010596324523179257,-29.997053347541588,5.419742300996002e-06,-0.0001785880272474118
195.25,-0.0001046090326428773,-29.997097799201985,5.414105965995543e-06,-0.0001770252553951467
195.5,-0.00010325611847094223,-29.99714186016904,5.4093549652236e-06,-0.00017546248060491023
195.75,-0.00010190428138238127,-29.997185530442085,5.405489299060251e-06,-0.00017389970337752136
196.0,-0.0001005533000435021,-29.99722881002057,5.402508967814746e-06,-0.00017233692421379917
196.25,-9.920497571536375e-05,-29.99727168314228,5.384245101232787e-06,-0.00017064804774080566
196.5,-9.786109777085538e-05,-29.9973141340436,5.36693789901218e-06,-0.0001689591612068318
196.75,-9.652142704371196e-05,-29.997356162722085,5.350587362537492e-06,-0.00016727026515304708
197.0,-9.518572436733194e-05,-29.99739776917542,5.335193493116758e-06,-0.00016558136012062173
197.25,-9.385548355971717e-05,-29.99743894282841,5.306900387107102e-06,-0.00016380786112621469
197.5,-9.253219046403224e-05,-29.997479673104674,5.279611798048714e-06,-0.00016203434641098846
197.75,-9.121559395076476e-05,-29.997519960000353,5.253327728124664e-06,-0.00016026081654318215
198.0,-8.990544288986663e-05,-29.997559803511734,5.228048179437661e-06,-0.00015848727209103608
198.25,-8.860296765399026e-05,-29.997599197344847,5.1919258726355365e-06,-0.00015666338944155962
198.5,-8.73093938708984e-05,-29.99763813520477,5.15683655763633e-06,-0.00015483948665046947
198.75,-8.60244632922877e-05,-29.99767661708654,5.1227802372471664e-06,-0.00015301556430211269
199.0,-8.474791766916338e-05,-29.997714642985336,5.089756914192531e-06,-0.00015119162298083782
199.25,-8.34807621312033e-05,-29.997752210116506,5.047661653044945e-06,-0.0001493454224128725
199.5,-8.222399971072324e-05,-29.99778931569458,5.0066119749067455e-06,-0.0001474991983280541
199.75,-8.09773690115586e-05,-29.997825959713754,4.966607883061882e-06,-0.00014565295131785242
200.0,-7.974060863673427e-05,-29.997862142168373,4.927649380710657e-06,-0.0001438066819737391
200.25,-7.85145316075141e-05,-29.997897863126575,4.881141063097943e-06,-0.00014196097925035672
200.5,-7.729995100000771e-05,-29.99793312265583,4.835678007613686e-06,-0.00014011525051363803
200.75,-7.60966054982266e-05,-29.997967920749712,4.7912602178949015e-06,-0.00013826949635487138
201.0,-7.490423378528348e-05,-29.99800225740194,4.747887697494987e-06,-0.0001364237173653472
201.25,-7.37234854798195e-05,-29.998036134976434,4.6982711709493865e-06,-0.0001345968739098416
201.5,-7.255501198727822e-05,-29.99806955583658,4.649689194768066e-06,-0.00013277000267970795
201.75,-7.139855466958101e-05,-29.998102519975507,4.6021417728375545e-06,-0.0001309431042601753
202.0,-7.0253854887688e-05,-29.998135027386493,4.555628908961619e-06,-0.00012911617923647473
202.25,-6.91214236957224e-05,-29.998167082257897,4.503989889950933e-06,-0.0001273227871548787
202.5,-6.800177531094759e-05,-29.998198688777652,4.4533664521171144e-06,-0.00012552936614919913
202.75,-6.689465583756141e-05,-29.998229846938603,4.40375859951001e-06,-0.00012373591679393442
203.0,-6.579981137875944e-05,-29.998260556733733,4.355166336098217e-06,-0.00012194243966358536
203.25,-6.471763588697103e-05,-29.99829082377817,4.302402623619728e-06,-0.00012019391087562122
203.5,-6.364852755406937e-05,-29.998320653686704,4.250629065701125e-06,-0.00011844535252016144
203.75,-6.25922388408951e-05,-29.998350046452014,4.199845666484264e-06,-0.00011669676515732111
204.0,-6.154852220726333e-05,-29.998379002066915,4.1500524300317865e-06,-0.00011494814934721767
204.25,-6.051767302338282e-05,-29.998407527238914,4.09690100467174e-06,-0.00011325322163388625
204.5,-5.9499991722921524e-05,-29.998435628675246,4.044709363380385e-06,-0.00011155826412514643
204.75,-5.849523835933875e-05,-29.99846330636853,3.993477510333022e-06,-0.00010986327736393324
205.0,-5.7503172985059594e-05,-29.99849056031153,3.943205449628169e-06,-0.00010816826189318406
205.25,-5.652400834288918e-05,-29.998517398024013,3.890265976974824e-06,-0.00010653343300256985
205.5,-5.555796285177683e-05,-29.998543827025554,3.838252241863383e-06,-0.00010489857442681559
205.75,-5.460480507681538e-05,-29.998569847308794,3.7871642484549137e-06,-0.00010326368668959674
206.0,-5.366430358206668e-05,-29.998595458866507,3.737002000836426e-06,-0.0001016287703145911
206.25,-5.2736602204942743e-05,-29.998620669797138,3.684757194532222e-06,-0.00010005866981367421
206.5,-5.182185089543876e-05,-29.998645488198967,3.6334014605674333e-06,-9.848854001020799e-05
206.75,-5.091982738495485e-05,-29.998669914064738,3.5829348030504893e-06,-9.6918381407127e-05
207.0,-5.00303094038729e-05,-29.998693947387313,3.5333572260186914e-06,-9.534819450736811e-05
207.25,-4.915338366406071e-05,-29.998717596649954,3.4821904697754006e-06,-9.384590180152654e-05
207.5,-4.828914328016723e-05,-29.99874087033582,3.4318743793455645e-06,-9.234358039210762e-05
207.75,-4.743737558523452e-05,-29.998763768437794,3.38240895875444e-06,-9.084123076031996e-05
208.0,-4.659786791130683e-05,-29.998786290948885,3.3337942119592314e-06,-8.933885338737442e-05
208.25,-4.577065993680863e-05,-29.9988084465773,3.2840047906361015e-06,-8.790616922502743e-05
208.5,-4.49557979125188e-05,-29.998830244031172,3.2350266109506997e-06,-8.64734571270877e-05
208.75,-4.4153079027536775e-05,-29.998851683303574,3.1868596768212516e-06,-8.50407175524622e-05
209.0,-4.336230046999056e-05,-29.998872764387695,3.139503992101083e-06,-8.360795096006012e-05
209.25,-4.258346351178331e-05,-29.99889349608573,3.09132023866079e-06,-8.224562877808332e-05
209.5,-4.181657606794841e-05,-29.998913887199834,3.043907877759563e-06,-8.088327955754235e-05
209.75,-4.106144528987569e-05,-29.998933937723294,2.9972669131903624e-06,-7.952090373480217e-05
210.0,-4.031787832801445e-05,-29.998953647649518,2.951397348684438e-06,-7.81585017462299e-05
210.25,-3.958584540408135e-05,-29.99897302576833,2.904987975790392e-06,-7.686644437413088e-05
210.5,-3.886532337346029e-05,-29.998992080869535,2.859310202802019e-06,-7.557436095595018e-05
210.75,-3.815612933571686e-05,-29.999010812946672,2.8143640333735136e-06,-7.428225190554268e-05
211.0,-3.745808038951041e-05,-29.99902922199339,2.7701494711005428e-06,-7.299011763676535e-05
211.25,-3.6771121962140315e-05,-29.99904731670164,2.7256333226793697e-06,-7.176754414779988e-05
211.5,-3.6095206040613484e-05,-29.999065105763382,2.6818094249433e-06,-7.054494567258864e-05
211.75,-3.5430159561819254e-05,-29.99908258917242,2.6386777813982194e-06,-6.93223226027273e-05
212.0,-3.477580946177742e-05,-29.99909976692266,2.5962383954946332e-06,-6.809967532981349e-05
212.25,-3.4132081677027674e-05,-29.99911664754035,2.5536928242098524e-06,-6.69452621921955e-05
212.5,-3.3498908578678063e-05,-29.999133239551764,2.5118009048564517e-06,-6.579082517213706e-05
212.75,-3.287612675332574e-05,-29.999149542950978,2.470562640785759e-06,-6.46363646393991e-05
213.0,-3.226357278673655e-05,-29.999165557732155,2.429978035296812e-06,-6.348188096374446e-05
213.25,-3.1661157605766675e-05,-29.999181292202888,2.3894460860792484e-06,-6.23938810920049e-05
213.5,-3.106879840675393e-05,-29.999196754670802,2.34953018017603e-06,-6.130585846626002e-05
213.75,-3.0486341178469556e-05,-29.999211945130252,2.310230320780406e-06,-6.0217813434996176e-05
214.0,-2.9913631908892627e-05,-29.999226863575682,2.2715465110363416e-06,-5.912974634670149e-05
214.25,-2.9350570286624302e-05,-29.999241518055577,2.233043068165559e-06,-5.810608917246017e-05
214.5,-2.879706207415444e-05,-29.99925591661847,2.195119233158155e-06,-5.7082410381400296e-05
214.75,-2.825296236913699e-05,-29.999270059258997,2.1577750090480147e-06,-5.605871030139724e-05
215.0,-2.7718126268473238e-05,-29.999283945971875,2.121010398822653e-06,-5.503498926032807e-05
215.25,-2.7192445382676306e-05,-29.99929758451653,2.0845274341746987e-06,-5.4073364523054335e-05
215.5,-2.6675817177953904e-05,-29.999310982652432,2.0485889507092187e-06,-5.3111719301977614e-05
215.75,-2.616810553365012e-05,-29.999324140374497,2.0131949513012706e-06,-5.2150053905102645e-05
216.0,-2.5669174328395734e-05,-29.999337057677725,1.9783454387823536e-06,-5.118836864043579e-05
216.25,-2.5178909729161596e-05,-29.99934974201124,1.9438564814191946e-06,-5.0286296235111364e-05
216.5,-2.4697203524407486e-05,-29.99936220082423,1.9098782833985606e-06,-4.9384204464422695e-05
216.75,-2.4223928023957145e-05,-29.999374434111886,1.8764108474386875e-06,-4.848209361729859e-05
217.0,-2.3758955536959858e-05,-29.999386441869472,1.8434541762169501e-06,-4.7579963982669404e-05
217.25,-2.330216897024818e-05,-29.99939823122184,1.8109181081990614e-06,-4.673485188474348e-05
217.5,-2.2853456607391057e-05,-29.99940980929389,1.7788605458111551e-06,-4.5889721517047566e-05
217.75,-2.241269882165962e-05,-29.999421176081096,1.7472814916178172e-06,-4.5044573150265046e-05
218.0,-2.1979775985688637e-05,-29.999432331578987,1.7161809481453537e-06,-4.419940705508074e-05
218.25,-2.155456954314623e-05,-29.999443282580113,1.685545218041952e-06,-4.340859906869096e-05
218.5,-2.113696606364196e-05,-29.99945403587709,1.6553572442457624e-06,-4.261777387882347e-05
218.75,-2.07268536077964e-05,-29.999464591465646,1.625617029171805e-06,-4.182693173876725e-05
219.0,-2.0324120235630846e-05,-29.99947494934157,1.5963245751992795e-06,-4.1036072901812616e-05
219.25,-1.992864739436083e-05,-29.999485115961992,1.5675279090232205e-06,-4.0296887738166244e-05
219.5,-1.954032140399249e-05,-29.999495097784095,1.5391497683670472e-06,-3.9557686403102286e-05
219.75,-1.9159037632861373e-05,-29.999504894803867,1.5111901555009944e-06,-3.881846913337431e-05
220.0,-1.8784691448739663e-05,-29.999514507017352,1.4836490726618142e-06,-3.807923616573713e-05
220.25,-1.8417165487540118e-05,-29.999523940547082,1.4566237516667331e-06,-3.738899915176043e-05
220.5,-1.805634700545051e-05,-29.999533201515657,1.4299892401401024e-06,-3.669874696054733e-05
220.75,-1.7702138299836716e-05,-29.99954228991931,1.403745540212667e-06,-3.600847981317285e-05
221.0,-1.7354441667535868e-05,-29.999551205754333,1.377892653983907e-06,-3.5318197930713184e-05
221.25,-1.701314187892157e-05,-29.99955995481268,1.3525664197534697e-06,-3.467426646784403e-05
221.5,-1.6678128075163575e-05,-29.999568542886376,1.3276047754687303e-06,-3.403032078146757e-05
221.75,-1.6349309108525237e-05,-29.999576969971898,1.3030077231266052e-06,-3.3386361077826827e-05
222.0,-1.6026593830774327e-05,-29.999585236065762,1.2787752646948444e-06,-3.274238756316594e-05
222.25,-1.5709869889603233e-05,-29.9995933466359,1.2550729040715025e-06,-3.214217130056701e-05
222.5,-1.539902905896113e-05,-29.999601307150307,1.2317103807766745e-06,-3.1541941726057936e-05
222.75,-1.5093986379281697e-05,-29.999609117605676,1.2086876966793484e-06,-3.0941699031879555e-05
223.0,-1.4794656890534774e-05,-29.99961677799875,1.1860048536213256e-06,-3.0341443410273766e-05
223.25,-1.4500931689195659e-05,-29.99962429348193,1.163849509128075e-06,-2.97824199615114e-05
223.5,-1.4212705759878975e-05,-29.999631669207687,1.1420106777351714e-06,-2.922338406936307e-05
223.75,-1.392989997409072e-05,-29.99963890517294,1.120488361189708e-06,-2.8664335912875446e-05
224.0,-1.3652435202903284e-05,-29.999646001374636,1.0992825612134573e-06,-2.8105275671096186e-05
224.25,-1.3380206418826043e-05,-29.99965296265966,1.0785968065957208e-06,-2.7585002586272533e-05
224.5,-1.3113112251941135e-05,-29.999659793874958,1.0582056239486452e-06,-2.7064717883179535e-05
224.75,-1.2851079059051494e-05,-29.999666495017646,1.0381090149035133e-06,-2.6544421728452116e-05
225.0,-1.2594033196555176e-05,-29.99967306608488,1.0183069810680416e-06,-2.60241142887261e-05
225.25,-1.2341873819441964e-05,-29.999679511629132,9.990136963178767e-07,-2.554023789222747e-05
225.5,-1.2094503518092094e-05,-29.99968583620293,9.799943752167248e-07,-2.5056350659327596e-05
225.75,-1.1851853801402663e-05,-29.999692039803577,9.612490192861206e-07,-2.457245274500358e-05
226.0,-1.1613856177893125e-05,-29.999698122428427,9.427776300256814e-07,-2.408854430423338e-05
226.25,-1.1380414190800126e-05,-29.999704088347414,9.248007056529246e-07,-2.36388059213277e-05
226.5,-1.1151434605539694e-05,-29.99970994183054,9.070784156031238e-07,-2.3189057441196762e-05
226.75,-1.0926853763353448e-05,-29.999715682875305,8.896107612940515e-07,-2.273929900788336e-05
227.0,-1.0706608005131102e-05,-29.999721311479227,8.7239774412311e-07,-2.2289530765431087e-05
227.25,-1.0490605384712745e-05,-29.999726831642118,8.556626404265981e-07,-2.1871770784556553e-05
227.5,-1.0278756974260835e-05,-29.999732247363834,8.391640646130965e-07,-2.1454001403812764e-05
227.75,-1.007100364163924e-05,-29.999737558642046,8.229020180024812e-07,-2.103622275699997e-05
228.0,-9.867286254384224e-06,-29.99974276547445,8.068765018957065e-07,-2.061843497791917e-05
228.25,-9.667517430675955e-06,-29.999747871603397,7.913106854891871e-07,-2.0230595129882225e-05
228.5,-9.471612612728593e-06,-29.999752880771286,7.759644560145214e-07,-1.9842746538630743e-05
228.75,-9.279516903655348e-06,-29.999757792975945,7.608378146993986e-07,-1.945488932838174e-05
229.0,-9.091175406264705e-06,-29.99976260821524,7.459307627539411e-07,-1.9067023623352923e-05
229.25,-8.906505300831309e-06,-29.999767329986835,7.314640395521891e-07,-1.8707147802691604e-05
229.5,-8.725426407021117e-06,-29.999771961788458,7.172010699598398e-07,-1.8347263856076134e-05
229.75,-8.547887786288812e-06,-29.999776503618094,7.031418551179221e-07,-1.7987371898766854e-05
230.0,-8.37383849980585e-06,-29.99978095547375,6.89286396151165e-07,-1.762747204602475e-05
230.25,-8.203200242485395e-06,-29.999785320621157,6.758511573669847e-07,-1.7293705950396778e-05
230.5,-8.035897173600503e-06,-29.999789602326096,6.626048888445518e-07,-1.695993230812685e-05
230.75,-7.871882050452958e-06,-29.99979380058669,6.495475916435601e-07,-1.6626151226112585e-05
231.0,-7.711107630081511e-06,-29.999797915401096,6.366792668085855e-07,-1.629236281125221e-05
231.25,-7.553500038527867e-06,-29.999801949815676,6.24210662200796e-07,-1.5982952633049966e-05
231.5,-7.3989877006496155e-06,-29.999805906876833,6.119172375705295e-07,-1.5673535451114136e-05
231.75,-7.24752682132915e-06,-29.99980978658283,5.997989939012529e-07,-1.5364111364541385e-05
232.0,-7.0990736052047476e-06,-29.99981358893195,5.878559321624186e-07,-1.5054680472428944e-05
232.25,-6.9535584976418455e-06,-29.999817316763497,5.762919827661551e-07,-1.4767970840513853e-05
232.5,-6.810914086570614e-06,-29.999820972916826,5.648903603821577e-07,-1.4481254712978195e-05
232.75,-6.671099790123699e-06,-29.99982455739032,5.536510659225494e-07,-1.4194532181647913e-05
233.0,-6.534075026207343e-06,-29.99982807018239,5.425741002864671e-07,-1.3907803338349463e-05
233.25,-6.3997744259636135e-06,-29.999831513937266,5.318557611120031e-07,-1.364223467677943e-05
233.5,-6.268134615891449e-06,-29.999834891299226,5.212877790558569e-07,-1.3376659994550853e-05
233.75,-6.13911800660534e-06,-29.99983820226677,5.108701549634605e-07,-1.3111079376718486e-05
234.0,-6.0126870085099235e-06,-29.999841446838424,5.006028896682179e-07,-1.2845492908337559e-05
234.25,-5.8887802887464045e-06,-29.99984462747495,4.906740713400066e-07,-1.2599598352014392e-05
234.5,-5.76733837135693e-06,-29.999847746637137,4.808844708073217e-07,-1.23536982185008e-05
234.75,-5.64832645179449e-06,-29.9998508043236,4.7123408885332547e-07,-1.2107792586550188e-05
235.0,-5.5317097253176775e-06,-29.99985380053298,4.6172292625004265e-07,-1.1861881534916402e-05
235.25,-5.4174307336748375e-06,-29.99985673755372,4.525304832442881e-07,-1.163428351964417e-05
235.5,-5.305433745489219e-06,-29.99985961767431,4.4346689871398213e-07,-1.1406680340806706e-05
235.75,-5.1956865460511085e-06,-29.999862440893466,4.345321733842061e-07,-1.1179072071297309e-05
236.0,-5.0881569204708125e-06,-29.99986520720993,4.257263079697327e-07,-1.0951458784009683e-05
236.25,-4.98279111594298e-06,-29.99986791875055,4.17219999971577e-07,-1.0740865408427854e-05
236.5,-4.879536984597466e-06,-29.99987057764223,4.088329226238057e-07,-1.0530267254692781e-05
236.75,-4.778364718687605e-06,-29.999873183883782,4.0056507659738007e-07,-1.0319664390251444e-05
237.0,-4.679244510300185e-06,-29.99987573747404,3.924164625537228e-07,-1.0109056882551205e-05
237.25,-4.582126138331332e-06,-29.999878240388508,3.845488944710319e-07,-9.914258122852179e-06
237.5,-4.4869608724015935e-06,-29.999880694602734,3.767916143449605e-07,-9.719454943795065e-06
237.75,-4.39372114044406e-06,-29.999883100115618,3.691446227960863e-07,-9.524647407768099e-06
238.0,-4.30237937023778e-06,-29.99988545692608,3.616079204361643e-07,-9.32983557715986e-06
238.25,-4.21288869667056e-06,-29.99988776686804,3.543344657566967e-07,-9.14969942105821e-06
238.5,-4.125203638507738e-06,-29.999890031775447,3.471629972972761e-07,-8.969559179330444e-06
238.75,-4.039298699122419e-06,-29.999892251647292,3.4009351563161586e-07,-8.789414909668629e-06
239.0,-3.955148381745298e-06,-29.99989442648257,3.3312602132527027e-07,-8.609266669765156e-06
239.25,-3.87270900171677e-06,-29.999896557982886,3.2640473277020126e-07,-8.44273522434807e-06
239.5,-3.791938158404272e-06,-29.999898647849864,3.197777276860037e-07,-8.276200003477382e-06
239.75,-3.712812280873662e-06,-29.999900696082577,3.132450066028341e-07,-8.10966106048783e-06
240.0,-3.635307798059198e-06,-29.999902702680092,3.0680657004330623e-07,-7.943118448714451e-06
240.25,-3.55938403210916e-06,-29.999904669220477,3.0059808083808765e-07,-7.789204065920518e-06
240.5,-3.4850014959790067e-06,-29.999906597281832,2.944767315664217e-07,-7.635286195734536e-06
240.75,-3.4121384046239925e-06,-29.999908486863287,2.884425227180127e-07,-7.481364887450254e-06
241.0,-3.340772972877816e-06,-29.999910337963993,2.8249545477559363e-07,-7.327440190361691e-06
241.25,-3.2708673593200037e-06,-29.999912152046793,2.7676287331498915e-07,-7.185221645653487e-06
241.5,-3.202384826387252e-06,-29.99991393057455,2.7111080985100783e-07,-7.042999880893353e-06
241.75,-3.1353052445237504e-06,-29.999915673546468,2.655392648358114e-07,-6.9007749416291055e-06
242.0,-3.0696084840614536e-06,-29.99991738096176,2.600482387151202e-07,-6.758546873408815e-06
242.25,-3.005259373979609e-06,-29.999919054175887,2.547570389323545e-07,-6.627165625256147e-06
242.5,-2.9422237660813533e-06,-29.999920694544326,2.495402213164658e-07,-6.495781404998339e-06
242.75,-2.8804830647726746e-06,-29.999922302066345,2.443977862847964e-07,-6.364394254712261e-06
243.0,-2.8200186743559705e-06,-29.99992387674121,2.3932973424873806e-07,-6.233004216475017e-06
243.25,-2.7607979333504746e-06,-29.99992541982439,2.3444764359804905e-07,-6.11166076852866e-06
243.5,-2.7027891276393335e-06,-29.999926932571363,2.2963425195853625e-07,-5.990314578295946e-06
243.75,-2.645975082421505e-06,-29.99992841498145,2.2488955971526806e-07,-5.86896568463887e-06
244.0,-2.5903386228003666e-06,-29.999929867053982,2.202135672478171e-07,-5.747614126419642e-06
244.25,-2.5358494417632627e-06,-29.999931289951366,2.157104538673399e-07,-5.635564508484558e-06
244.5,-2.4824781094425875e-06,-29.999932684836025,2.1127077757600665e-07,-5.5235123611559515e-06
244.75,-2.4302087665215524e-06,-29.99993405170734,2.068945387289888e-07,-5.411457720319226e-06
245.0,-2.3790255535952107e-06,-29.999935390564684,2.0258173767638287e-07,-5.299400621859986e-06
245.25,-2.3289003692748205e-06,-29.999936702483936,1.984294980056931e-07,-5.195953001871006e-06
245.5,-2.2798059240191053e-06,-29.99993798854099,1.9433582521395626e-07,-5.092503049594413e-06
245.75,-2.2317275760672924e-06,-29.999939248735267,1.903007196286638e-07,-4.9890507981606074e-06
246.0,-2.1846506835773228e-06,-29.9999404830662,1.8632418157262168e-07,-4.885596280700172e-06
246.25,-2.1385492084608183e-06,-29.99994169252924,1.8249662945043013e-07,-4.790107716023352e-06
246.5,-2.0933978637938953e-06,-29.99994287811987,1.787231380266448e-07,-4.694617001454719e-06
246.75,-2.0491831343641274e-06,-29.99994403983756,1.7500370760314277e-07,-4.599124167575592e-06
247.0,-2.005891504884159e-06,-29.999945177681777,1.7133833847747623e-07,-4.503629244967462e-06
247.25,-1.9634988649344955e-06,-29.999946292573295,1.678110965336122e-07,-4.415502578273281e-06
247.5,-1.9219817988987534e-06,-29.9999473854329,1.6433374721279988e-07,-4.327373930388843e-06
247.75,-1.8813278335863145e-06,-29.9999484562601,1.6090629079322512e-07,-4.239243329537651e-06
248.0,-1.8415244957375106e-06,-29.999949505054406,1.5752872754908243e-07,-4.151110803943365e-06
248.25,-1.8025494737338235e-06,-29.99995053266726,1.542791215259853e-07,-4.069791706436283e-06
248.5,-1.7643810984409478e-06,-29.99995153995011,1.5107555390561178e-07,-3.988470783702821e-06
248.75,-1.7270078602260903e-06,-29.999952526902504,1.4791802494424543e-07,-3.907148061786209e-06
249.0,-1.6904182493928477e-06,-29.999953493523996,1.4480653489448666e-07,-3.8258235667298205e-06
249.25,-1.6545916310094472e-06,-29.99995444060169,1.4181349138244362e-07,-3.750797729842557e-06
249.5,-1.619507964086828e-06,-29.99995536892272,1.3886292324786035e-07,-3.675770211854278e-06
249.75,-1.585156629751049e-06,-29.99995627848666,1.3595483072678055e-07,-3.6007410367926626e-06
250.0,-1.5515270090695828e-06,-29.9999571692931,1.3308921405184992e-07,-3.5257102286855235e-06
250.25,-1.5186000283612274e-06,-29.9999580420695,1.3033316199572382e-07,-3.4565007031262502e-06
250.5,-1.486357162872208e-06,-29.999958897543326,1.2761629233364858e-07,-3.387289629596685e-06
250.75,-1.4547886169767779e-06,-29.999959735714192,1.249386052829721e-07,-3.318077030261715e-06
251.0,-1.4238845949952456e-06,-29.99996055658172,1.2230010105790783e-07,-3.2488629272863516e-06
251.25,-1.3936274756109432e-06,-29.999961360818066,1.197628772869876e-07,-3.185027607288016e-06
251.5,-1.3640001447080932e-06,-29.999962149095406,1.172617932398772e-07,-3.121190862246307e-06
251.75,-1.3349935673306723e-06,-29.999962921413385,1.1479684911666187e-07,-3.05735271260492e-06
252.0,-1.3065987084729973e-06,-29.99996367777165,1.1236804511453568e-07,-2.993513178807664e-06
252.25,-1.278799296678169e-06,-29.999964418791127,1.1003280405893702e-07,-2.9346424286686122e-06
252.5,-1.2515795290283555e-06,-29.99996514509275,1.0773089198533047e-07,-2.875770366949447e-06
252.75,-1.2249310732549845e-06,-29.999965856676198,1.0546230907786762e-07,-2.816897012503871e-06
253.0,-1.1988455970437789e-06,-29.99996655354115,1.0322705551803379e-07,-2.758022384185688e-06
253.25,-1.173308082473804e-06,-29.999967236261075,1.0107818320245193e-07,-2.703736802863287e-06
253.5,-1.1483039443550781e-06,-29.999967905409452,9.89600439364867e-08,-2.6494500146522246e-06
253.75,-1.1238254994039648e-06,-29.999968560985984,9.687263788958798e-08,-2.5951620369377227e-06
254.0,-1.0998650642947725e-06,-29.999969202990375,9.481596522874703e-08,-2.5408728871050974e-06
254.25,-1.0764087842760231e-06,-29.99996983195216,9.283899757445052e-08,-2.490821206308162e-06
254.5,-1.0534432041743856e-06,-29.999970448400887,9.089036591802151e-08,-2.44076841518818e-06
254.75,-1.0309612399708597e-06,-29.999971052336278,8.897007041534938e-08,-2.3907145297743977e-06
255.0,-1.0089558076077564e-06,-29.999971643758062,8.707811122005663e-08,-2.340659566096148e-06
255.25,-9.874141308535552e-07,-29.999972223155112,8.525965663736497e-08,-2.294516677069288e-06
255.5,-9.663238023711333e-07,-29.99997279101631,8.346732506989204e-08,-2.248372766761661e-06
255.75,-9.456782913887198e-07,-29.99997334734141,8.170111666102333e-08,-2.2022278499506606e-06
256.0,-9.254710670989577e-07,-29.999973892130154,7.996103155205446e-08,-2.1560819414137625e-06
256.25,-9.056903526064389e-07,-29.999974425833795,7.828869776662852e-08,-2.113547044818429e-06
256.5,-8.863247115208276e-07,-29.999974948903596,7.664044431893081e-08,-2.0710112090226726e-06
256.75,-8.673681237411693e-07,-29.99997546133932,7.50162713408206e-08,-2.0284744476483765e-06
257.0,-8.488145691337854e-07,-29.999975963140745,7.341617896223078e-08,-1.9859367743174977e-06
257.25,-8.306531961634527e-07,-29.999976454724315,7.187850398730237e-08,-1.9467316477743046e-06
257.5,-8.128734675415952e-07,-29.9999769365065,7.036302419478407e-08,-1.9075256576717333e-06
257.75,-7.954698344574184e-07,-29.999977408487077,6.886973970591335e-08,-1.868318816565262e-06
258.0,-7.784367480700411e-07,-29.99997787066584,6.73986506401521e-08,-1.8291111370104376e-06
258.25,-7.617642131760994e-07,-29.99997832342706,6.598503778263218e-08,-1.7929785147642814e-06
258.5,-7.454425245384084e-07,-29.999978767155028,6.459188060885679e-08,-1.7568450986466154e-06
258.75,-7.294665682220668e-07,-29.999979201849545,6.321917923027767e-08,-1.7207109002289105e-06
259.0,-7.13831230264514e-07,-29.999979627510413,6.186693375671013e-08,-1.6845759310827e-06
259.25,-6.985273074537046e-07,-29.999980044492165,6.056759052671795e-08,-1.6512779900986878e-06
259.5,-6.835458640983668e-07,-29.99998045314934,5.928709813013628e-08,-1.6179793194296709e-06
259.75,-6.688821874773116e-07,-29.999980853481762,5.802545666940378e-08,-1.5846799297392802e-06
260.0,-6.545315648439291e-07,-29.99998124548925,5.6782666245450996e-08,-1.5513798316912048e-06
260.25,-6.404855250679261e-07,-29.99998162949884,5.558854702520214e-08,-1.5206967784198997e-06
260.5,-6.267358437960506e-07,-29.999982005837584,5.441179822823532e-08,-1.4900130545683363e-06
260.75,-6.132781784106861e-07,-29.999982374505315,5.325241994868973e-08,-1.4593286699627002e-06
261.0,-6.001081862708544e-07,-29.999982735501867,5.211041227931495e-08,-1.42864363442923e-06
261.25,-5.872180725976536e-07,-29.999983089128882,5.101316459758661e-08,-1.4003723869392543e-06
261.5,-5.74600270222772e-07,-29.99998343568801,4.9931921907284854e-08,-1.372100523281434e-06
261.75,-5.622507778875139e-07,-29.999983775179096,4.886668429490846e-08,-1.3438280525095503e-06
262.0,-5.501655943117189e-07,-29.99998410760199,4.78174518456758e-08,-1.3155549836774333e-06
262.25,-5.383375492714924e-07,-29.999984433234868,4.6809366097985046e-08,-1.2895079436970925e-06
262.5,-5.26759682448457e-07,-29.999984752355918,4.581602612148934e-08,-1.2634603376301667e-06
262.75,-5.154283073898561e-07,-29.999985064964996,4.483743199565529e-08,-1.2374121738181159e-06
263.0,-5.043397376232138e-07,-29.99998537106196,4.387358379876983e-08,-1.2113634606024437e-06
263.25,-4.934873793797582e-07,-29.999985670903325,4.294754624995949e-08,-1.187367370108956e-06
263.5,-4.828648324446187e-07,-29.9999859647456,4.203509334449657e-08,-1.1633707596137665e-06
263.75,-4.724687006478116e-07,-29.999986252588663,4.113622515537675e-08,-1.1393736368015023e-06
264.0,-4.622955878012397e-07,-29.99998653443238,4.025094175450895e-08,-1.1153760093568313e-06
264.25,-4.523394319590527e-07,-29.999986810513253,3.940039065917623e-08,-1.0932708867756976e-06
264.5,-4.4259434963073424e-07,-29.999987081067783,3.856235365481829e-08,-1.0711652865914936e-06
264.75,-4.330572122851394e-07,-29.999987346095857,3.7736830808477603e-08,-1.049059215883251e-06
265.0,-4.2372489137448776e-07,-29.999987605597354,3.6923822186195494e-08,-1.0269526817300393e-06
265.25,-4.145918153917768e-07,-29.999987859790306,3.614270686318489e-08,-1.0065908327820749e-06
265.5,-4.0565257734645687e-07,-29.999988108892737,3.537311869740568e-08,-9.862285452305533e-07
265.75,-3.96904295441505e-07,-29.99998835290454,3.461505775042445e-08,-9.658658255962127e-07
266.0,-3.8834408786462195e-07,-29.999988591825616,3.3868524082885626e-08,-9.455026803998256e-07
266.25,-3.799668352018448e-07,-29.99998882585693,3.315126678219042e-08,-9.267477789686582e-07
266.5,-3.7176756968971714e-07,-29.99998905519947,3.244462688718212e-08,-9.07992474800037e-07
266.75,-3.6374363696973325e-07,-29.999989279853136,3.1748604454391494e-08,-8.89236773900067e-07
267.0,-3.558923826693608e-07,-29.999989499817826,3.106319953949993e-08,-8.704806822748856e-07
267.25,-3.4820910396019877e-07,-29.999989715278783,3.0404659943293815e-08,-8.532069168737561e-07
267.5,-3.406892377907799e-07,-29.999989926421254,2.9755899230270108e-08,-8.359327817136302e-07
267.75,-3.333303394338047e-07,-29.999990133245145,2.9116917452329297e-08,-8.186582823262737e-07
268.0,-3.261299641490963e-07,-29.99999033575037,2.8487714660589542e-08,-8.013834242434815e-07
268.25,-3.190837928347388e-07,-29.999990534107642,2.7883156864457357e-08,-7.85474705691799e-07
268.5,-3.1218763520976796e-07,-29.999990728487695,2.7287605153497037e-08,-7.695656476991449e-07
268.75,-3.0543923974692033e-07,-29.99999091889044,2.6701059575352365e-08,-7.536562553601251e-07
269.0,-2.988363549071115e-07,-29.999991105315793,2.6123520176946634e-08,-7.37746533769372e-07
269.25,-2.9237501492432057e-07,-29.999991287921084,2.5568582002240724e-08,-7.230957602476661e-07
269.5,-2.860513727457199e-07,-29.999991466863644,2.5021937750767994e-08,-7.084446751525524e-07
269.75,-2.79863354885021e-07,-29.999991642143392,2.448358746625966e-08,-6.937932831757771e-07
270.0,-2.7380888784508554e-07,-29.999991813760253,2.3953531191783423e-08,-6.791415890091116e-07
270.25,-2.678843311036211e-07,-29.999991981859203,2.3444195685694698e-08,-6.65649964503616e-07
270.5,-2.620861535276666e-07,-29.999992146585214,2.2942497874443973e-08,-6.521580540357732e-07
270.75,-2.564124456884829e-07,-29.99999230793821,2.2448437798166767e-08,-6.386658619261114e-07
271.0,-2.5086129814737336e-07,-29.999992465918123,2.196201549638759e-08,-6.251733924951809e-07
271.25,-2.454293696716575e-07,-29.999992620658524,2.1494584482101095e-08,-6.127497950236181e-07
271.5,-2.401134198183909e-07,-29.999992772292995,2.1034186522979186e-08,-6.003259351233635e-07
271.75,-2.3491169031916675e-07,-29.99999292082147,2.058082165585343e-08,-5.879018167729093e-07
272.0,-2.2982242289644062e-07,-29.99999306624388,2.0134489916992744e-08,-5.754774439507689e-07
272.25,-2.248425516401419e-07,-29.9999932086833,1.9705559462335047e-08,-5.640378404250453e-07
272.5,-2.199691034993807e-07,-29.999993348262784,1.9283104998368808e-08,-5.525979960921935e-07
272.75,-2.1520045947224876e-07,-29.99999348498228,1.8867126558890133e-08,-5.411579146155831e-07
273.0,-2.105350005484537e-07,-29.999993618841728,1.8457624177177043e-08,-5.297175996586025e-07
273.25,-2.0596991401879105e-07,-29.999993749954495,1.8064061856655958e-08,-5.191845037587798e-07
273.5,-2.0150247272055414e-07,-29.999993878433965,1.7676462330978482e-08,-5.086511869138397e-07
273.75,-1.9713118595114622e-07,-29.999994004280076,1.7294825631152344e-08,-4.981176524968446e-07
274.0,-1.9285456300027816e-07,-29.999994127492776,1.691915178770825e-08,-4.875839038808742e-07
274.25,-1.886700239501073e-07,-29.999994248176503,1.6558075618781724e-08,-4.778858743596805e-07
274.5,-1.8457506768712769e-07,-29.999994366435697,1.620248949495563e-08,-4.6818764213653047e-07
274.75,-1.8056832169649932e-07,-29.999994482270306,1.5852393444676655e-08,-4.584892103170591e-07
275.0,-1.7664841345632526e-07,-29.999994595680285,1.550778749595227e-08,-4.487905820069175e-07
275.25,-1.7281297701822846e-07,-29.999994706761832,1.5176546436941656e-08,-4.3986175826776675e-07
275.5,-1.690597190226958e-07,-29.99999481561115,1.4850359959822084e-08,-4.3093274858071687e-07
275.75,-1.653873758209842e-07,-29.999994922228193,1.4529228090688276e-08,-4.22003555805068e-07
276.0,-1.6179468375787756e-07,-29.999995026612915,1.4213150855230593e-08,-4.1307418280013486e-07
276.25,-1.5827947350362605e-07,-29.999995128853925,1.390930675825468e-08,-4.0485385521417195e-07
276.5,-1.5483964258800548e-07,-29.999995229039833,1.3610116150203465e-08,-3.966333570648689e-07
276.75,-1.51474027635785e-07,-29.999995327170595,1.3315579055012019e-08,-3.8841269098463344e-07
277.0,-1.481814652657966e-07,-29.99999542324617,1.3025695496243133e-08,-3.8019185960588705e-07
277.25,-1.449599667782664e-07,-29.99999551734816,1.2747006414630211e-08,-3.7262407217633607e-07
277.5,-1.418076050522409e-07,-29.99999560955819,1.2472601407892961e-08,-3.650561283087321e-07
277.75,-1.3872330906625e-07,-29.999995699876212,1.2202480497983622e-08,-3.574880304265111e-07
278.0,-1.357060077933784e-07,-29.99999578830219,1.1936643706511703e-08,-3.4991978095312133e-07
278.25,-1.327538784357671e-07,-29.99999587491129,1.1681048462086485e-08,-3.4295296395172636e-07
278.5,-1.2986515490763319e-07,-29.999995959778662,1.1429397074074173e-08,-3.359860034798492e-07
278.75,-1.2703885124235039e-07,-29.99999604290428,1.1181689562606725e-08,-3.290189017684693e-07
279.0,-1.2427398146829884e-07,-29.999996124288106,1.0937925947500598e-08,-3.2205166104857754e-07
279.25,-1.2156887512736386e-07,-29.999996203999356,1.0703529868853513e-08,-3.156382912621317e-07
279.5,-1.1892191398865739e-07,-29.999996282107244,1.047276433277345e-08,-3.092247899086001e-07
279.75,-1.1633219041422399e-07,-29.99999635861174,1.0245629357721512e-08,-3.028111590417254e-07
280.0,-1.1379879676152927e-07,-29.999996433512813,1.0022124961868366e-08,-2.963974007152606e-07
280.25,-1.1132020242778786e-07,-29.9999965068742,9.807186709972694e-09,-2.904936876968525e-07
280.5,-1.0889492490487499e-07,-29.999996578759646,9.595590478083597e-09,-2.8458985403672077e-07
280.75,-1.0652212868566749e-07,-29.99999664916912,9.387336283128647e-09,-2.7868590162539515e-07
281.0,-1.0420097825884372e-07,-29.99999671810259,9.182424141768055e-09,-2.727818323534149e-07
281.25,-1.0193007138825546e-07,-29.99999678561875,8.98534354490162e-09,-2.6734742837270806e-07
281.5,-9.970805012475728e-08,-29.9999968517763,8.791339287654766e-09,-2.6191291377690987e-07
281.75,-9.753414538149909e-08,-29.999996916575203,8.60041138554772e-09,-2.5647829030625865e-07
282.0,-9.540758806778157e-08,-29.999996980015435,8.412559853854602e-09,-2.510435597010016e-07
282.25,-9.332709374491904e-08,-29.99999704215104,8.231866678506016e-09,-2.4604129188651884e-07
282.5,-9.129141875319889e-08,-29.99999710303607,8.05400520710595e-09,-2.4103892265784274e-07
282.75,-8.929985516485067e-08,-29.99999716267049,7.878975453883216e-09,-2.3603645361682497e-07
283.0,-8.735169504857502e-08,-29.999997221054283,7.70677743284009e-09,-2.3103388636532527e-07
283.25,-8.544576204271473e-08,-29.99999727823721,7.541121022206655e-09,-2.2642950936239753e-07
283.5,-8.358091733283993e-08,-29.99999733426903,7.3780710671476694e-09,-2.2182503938761392e-07
283.75,-8.175650930342215e-08,-29.999997389149723,7.217627580707034e-09,-2.172204779154066e-07
284.0,-7.997188633569804e-08,-29.999997442879263,7.059790575720132e-09,-2.1261582642021506e-07
284.25,-7.822597120766237e-08,-29.999997495503468,6.907930291968058e-09,-2.0837779387714336e-07
284.5,-7.651772126750877e-08,-29.99999754706815,6.7584690746725285e-09,-2.041396761077965e-07
284.75,-7.484653674712448e-08,-29.999997597573298,6.61140693579035e-09,-1.999014744692898e-07
285.0,-7.321181787543157e-08,-29.999997647018883,6.466743887086407e-09,-1.9566319031874525e-07
285.25,-7.161257835488647e-08,-29.99999769544709,6.327540297665946e-09,-1.917624441176808e-07
285.5,-7.0047863715941e-08,-29.9999977429001,6.1905448361307374e-09,-1.878616197960168e-07
285.75,-6.851712192525023e-08,-29.999997789377893,6.0557575134403385e-09,-1.8396071860285751e-07
286.0,-6.701980094675137e-08,-29.999997834880453,5.923178340377655e-09,-1.8005974178731334e-07
286.25,-6.555499785791622e-08,-29.99999787944661,5.795585093018556e-09,-1.7646951738035592e-07
286.5,-6.412183903846135e-08,-29.999997923115203,5.670024187023092e-09,-1.728792213708562e-07
286.75,-6.271981640178688e-08,-29.999997965886212,5.546495632436059e-09,-1.6928885490847868e-07
287.0,-6.134842185880201e-08,-29.99999800775962,5.424999439139669e-09,-1.656984191428934e-07
287.25,-6.000682892605282e-08,-29.99999804877118,5.308055773756404e-09,-1.6239406597491726e-07
287.5,-5.869423809608462e-08,-29.999998088956644,5.192982618438572e-09,-1.5908964718291716e-07
287.75,-5.7410181740227185e-08,-29.999998128315994,5.07977998239196e-09,-1.557851638250121e-07
288.0,-5.6154192227527604e-08,-29.999998166849217,4.96844787467271e-09,-1.524806169593262e-07
288.25,-5.4925513142812434e-08,-29.999998204589225,4.8612717241768815e-09,-1.4943943267425188e-07
288.5,-5.372341290451953e-08,-29.99999824156893,4.755817104712095e-09,-1.4639818824833649e-07
288.75,-5.254746112883372e-08,-29.99999827778832,4.6520840247146566e-09,-1.433568846554238e-07
289.0,-5.139722742984799e-08,-29.99999831324737,4.550072492483152e-09,-1.403155228693624e-07
289.25,-5.027201961031776e-08,-29.99999834797639,4.451854127749165e-09,-1.375166004437764e-07
289.5,-4.917116833365238e-08,-29.99999838200567,4.355220150863428e-09,-1.3471762290582961e-07
289.75,-4.8094277501920794e-08,-29.9999984153352,4.260170569556603e-09,-1.31918591151786e-07
290.0,-4.704095101527516e-08,-29.999998447964963,4.166705391432599e-09,-1.2911950607791394e-07
290.25,-4.6010555523148686e-08,-29.99999847992285,4.07670156896976e-09,-1.265435928418944e-07
290.5,-4.500247871879647e-08,-29.999998511236754,3.988155890428854e-09,-1.2396762910463665e-07
290.75,-4.401635606535014e-08,-29.99999854190666,3.9010683628934825e-09,-1.213916156909904e-07
291.0,-4.3051823024185034e-08,-29.999998571932558,3.8154389933305965e-09,-1.1881555342580937e-07
291.25,-4.210830016105818e-08,-29.99999860134012,3.732967567189428e-09,-1.164449209700981e-07
291.5,-4.1185227412564156e-08,-29.999998630155016,3.65183807735861e-09,-1.1407424224123131e-07
291.75,-4.028226929381185e-08,-29.99999865837724,3.572050530328452e-09,-1.1170351799832186e-07
292.0,-3.9399090318300995e-08,-29.999998686006776,3.493604932481911e-09,-1.093327490004862e-07
292.25,-3.853516044338858e-08,-29.999998713067257,3.4180398946516473e-09,-1.0715107317820855e-07
292.5,-3.768996745680742e-08,-29.99999873958231,3.343709826831181e-09,-1.049693549593496e-07
292.75,-3.686320261530971e-08,-29.99999876555193,3.2706147349668746e-09,-1.0278759504251297e-07
293.0,-3.605455717417341e-08,-29.999998790976104,3.198754624906291e-09,-1.0060579412630565e-07
293.25,-3.526354633071668e-08,-29.999998815876587,3.1295215410542657e-09,-9.85980445246877e-08
293.5,-3.4489701694263276e-08,-29.999998840275126,3.061424969795202e-09,-9.65902560805214e-08
293.75,-3.373273913598211e-08,-29.999998864171715,2.9944649165767854e-09,-9.458242943671453e-08
294.0,-3.299237452569152e-08,-29.999998887566342,2.92864138675578e-09,-9.257456523617791e-08
294.25,-3.2268164492063264e-08,-29.999998910479025,2.8652131967510873e-09,-9.072690313012891e-08
294.5,-3.15596807698652e-08,-29.99999893292979,2.8028308961529958e-09,-8.887920543963124e-08
294.75,-3.0866661886120105e-08,-29.999998954918624,2.741494489952052e-09,-8.703147275632852e-08
295.0,-3.0188846366613605e-08,-29.99999897644552,2.6812039830551318e-09,-8.518370567186713e-08
295.25,-2.952582877810867e-08,-29.99999899752891,2.623097137761102e-09,-8.348339010413446e-08
295.5,-2.8877217591151964e-08,-29.999999018187214,2.5659527714376332e-09,-8.178304193855716e-08
295.75,-2.8242772185427804e-08,-29.99999903842043,2.509770888656241e-09,-8.008266171959483e-08
296.0,-2.7622251939487253e-08,-29.999999058228546,2.454551493911443e-09,-7.838224999170967e-08
296.25,-2.701528615470974e-08,-29.999999077628523,2.401322402108415e-09,-7.681755102924378e-08
296.5,-2.6421516929356623e-08,-29.99999909663732,2.3489790192200932e-09,-7.525282220648333e-08
296.75,-2.584072283567432e-08,-29.999999115254933,2.297521349433918e-09,-7.36880640244603e-08
297.0,-2.527268244487124e-08,-29.999999133481353,2.246949396866471e-09,-7.212327698420897e-08
297.25,-2.4717056855740618e-08,-29.999999151332187,2.1981911578629297e-09,-7.06833959233604e-08
297.5,-2.4173518944935868e-08,-29.99999916882305,2.1502479709041505e-09,-6.924348751131949e-08
297.75,-2.3641864948965012e-08,-29.99999918595393,2.1031198398255594e-09,-6.780355220914865e-08
298.0,-2.3121891103385373e-08,-29.999999202724823,2.056806768397379e-09,-6.63635904779125e-08
298.25,-2.2613287611778173e-08,-29.999999219150094,2.012146167971495e-09,-6.503858623036519e-08
298.5,-2.2115755517495887e-08,-29.99999923524411,1.9682355903885365e-09,-6.371355693119842e-08
298.75,-2.1629107314387428e-08,-29.99999925100687,1.925075039161322e-09,-6.238850300468857e-08
299.0,-2.115315549543101e-08,-29.99999926643836,1.882664517742671e-09,-6.106342487511402e-08
299.25,-2.0687616900982656e-08,-29.9999992815518,1.8417592666057844e-09,-5.984414613324566e-08
299.5,-2.0232218347611653e-08,-29.999999296360425,1.8015441896646325e-09,-5.862484444716861e-08
299.75,-1.9786787291365777e-08,-29.99999931086422,1.7620192901363973e-09,-5.740552020730382e-08
300.0,-1.9351151187495396e-08,-29.99999932506318,1.723184571183047e-09,-5.618617380407406e-08
