time_s,x_m,y_m,vx_mps,vy_mps,sampled_inside_union,sampled_collision,sampled_keep_out,sampled_hold_eligible
0.0,0.0,-97.5,0.0,0.12,True,False,False,False
0.25,4.1017911314816e-06,-97.46939893336877,3.326768057514021e-05,0.12480852991331416,True,False,False,False
0.5,-5.482925052519556e-07,-97.43758233575346,-7.000489258390637e-05,0.1297242607457155,True,False,False,False
0.75,-3.810309997151877e-05,-97.40453484706526,-0.00022996863773617397,0.13465566384134295,True,False,False,False
1.0,-8.625634831888439e-05,-97.37024193097346,-0.00015478293756565975,0.13968765780447034,True,False,False,False
1.25,-0.0001460250082374744,-97.33468705919708,-0.0003228889453104351,0.14475133225568024,True,False,False,False
1.5,-0.0002279780476092749,-97.2978766489335,-0.0003322658073037183,0.1497319507370334,True,False,False,False
1.75,-0.0003403873939296587,-97.25979806574705,-0.0005665220423465359,0.15489673684036465,True,False,False,False
2.0,-0.0004895483251514212,-97.22042320426854,-0.0006262746610521893,0.1601021606211656,True,False,False,False
2.25,-0.0006483234660969129,-97.17976150033013,-0.000643446668768662,0.16519147250511038,True,False,False,False
2.5,-0.000810709609815073,-97.13786402293825,-0.0006551902549010125,0.16998834773719637,True,False,False,False
2.75,-0.0009696717061150376,-97.09473456820176,-0.0006160295813837592,0.17504728646268472,True,False,False,False
3.0,-0.001145453286929517,-97.0503430909715,-0.0007897481774683902,0.18008454775774937,True,False,False,False
3.25,-0.0013588387352147084,-97.00471783619841,-0.000916879789309342,0.18491750241295504,True,False,False,False
3.5,-0.0016035750031875352,-96.95788815830984,-0.0010405576178723554,0.18971993235602083,True,False,False,False
3.75,-0.0018870314230478606,-96.90982773852471,-0.0012266182813383056,0.19476344346692565,True,False,False,False
4.0,-0.0022025196433316553,-96.86051916889765,-0.0012968216273897622,0.1997051201683166,True,False,False,False
4.25,-0.0025153841923407703,-96.80996048147688,-0.0012056178258046772,0.20476437059906352,True,False,False,False
4.5,-0.0028566874997713,-96.75815639671994,-0.0015243463395279632,0.2096683375063059,True,False,False,False
4.75,-0.0032236650518896906,-96.70510475843818,-0.0014109955283898817,0.21474475806105295,True,False,False,False
5.0,-0.0035628187855644517,-96.65077718823896,-0.0013017506384307423,0.2198757932330707,True,False,False,False
5.25,-0.003872966197413279,-96.59519097304721,-0.0011789631369616782,0.22481391672442363,True,False,False,False
5.5,-0.00416896411068902,-96.53834995990574,-0.0011885393600756069,0.22991418931005478,True,False,False,False
5.75,-0.004496557845612832,-96.48023888976299,-0.0014317334927532734,0.23497439476046716,True,False,False,False
6.0,-0.004844124825316271,-96.42085811520889,-0.0013483218148753323,0.2400717938082827,True,False,False,False
6.25,-0.0051837920354890895,-96.36021003817297,-0.0013685406496950472,0.24511282438526785,True,False,False,False
6.5,-0.0055439954776178215,-96.29828706100214,-0.0015126006286904897,0.2502710065633324,True,False,False,False
6.75,-0.00593953635720076,-96.23505802704433,-0.0016512277015181547,0.2555612781690358,True,False,False,False
7.0,-0.006362382860080916,-96.1705737786432,-0.0017310964209304685,0.2603127165700587,True,False,False,False
7.25,-0.006800818020906708,-96.10486873623526,-0.0017759121272960588,0.2653276269187618,True,False,False,False
7.5,-0.0072642290159031985,-96.03790634215765,-0.0019309003638688024,0.2703715403144738,True,False,False,False
7.75,-0.0077385283585431576,-95.96967839288274,-0.001863015460104581,0.2754520474846064,True,False,False,False
8.0,-0.008214063763410478,-95.90020192440382,-0.0019408051579940277,0.28035970768080026,True,False,False,False
8.25,-0.008694186076631097,-95.82947482570806,-0.0018996928416883975,0.2854570780091976,True,False,False,False
8.5,-0.00916949032678158,-95.75748858879524,-0.0019022721200814307,0.29043281753658434,True,False,False,False
8.75,-0.009647591782801368,-95.68423825145642,-0.001922055279187963,0.2955698830391371,True,False,False,False
9.0,-0.010114458622461256,-95.60973542040256,-0.0018124191529076,0.30045275505525765,True,False,False,False
9.25,-0.01056382288595607,-95.5339813142032,-0.0017820116188087577,0.30558009167275,True,False,False,False
9.5,-0.01101555079515792,-95.4569770638145,-0.0018313522202130486,0.3104539160886824,True,False,False,False
9.75,-0.011460254329271356,-95.37875252623415,-0.0017258152372665264,0.31534237460410297,True,False,False,False
10.0,-0.011906461390830916,-95.29928833564901,-0.001843367209817156,0.32037116115980946,True,False,False,False
10.25,-0.01238162597497876,-95.21857340671609,-0.0019574802937666665,0.3253482810622823,True,False,False,False
10.5,-0.012867842989118517,-95.13660045791359,-0.0019317762895250967,0.3304353069343197,True,False,False,False
10.75,-0.013354988799032895,-95.05335447327225,-0.001964909694630914,0.33553257332020797,True,False,False,False
11.0,-0.013831958308642152,-94.96886347279208,-0.00185038798670184,0.3403954197239567,True,False,False,False
11.25,-0.014278309471045535,-94.8831580216255,-0.0017199638632641493,0.3452481773123152,True,False,False,False
11.5,-0.014715799255751736,-94.79621680354086,-0.0017794799330486406,0.3502815729760594,True,False,False,False
11.75,-0.01513066254517558,-94.70802615232782,-0.001538958624735192,0.3552436140518044,True,False,False,False
12.0,-0.015518648717834016,-94.6185668466042,-0.001564441764622927,0.36043083413978005,True,False,False,False
12.25,-0.01591743612015409,-94.52784827490851,-0.001625396777060727,0.3653177451725926,True,False,False,False
12.5,-0.01632750546625269,-94.43593273607343,-0.0016547159924964027,0.37000656827227774,True,False,False,False
12.75,-0.01674780435350174,-94.3428081871587,-0.001707205348253055,0.37498982799425135,True,False,False,False
13.0,-0.017179637401866087,-94.24844710489378,-0.0017469962839574266,0.37989883387654777,True,False,False,False
13.25,-0.017613638896044725,-94.15284317561868,-0.001724541152818626,0.38493259820712905,True,False,False,False
13.5,-0.018021177210000804,-94.05598462778104,-0.0015352937225399479,0.38993576665168483,True,False,False,False
13.75,-0.01840613707522908,-93.95788199116701,-0.0015439186135777709,0.39488532707370455,True,False,False,False
14.0,-0.01876886287611563,-93.85853522504357,-0.0013574161228252831,0.399888784330363,True,False,False,False
14.25,-0.01910821553218716,-93.75793572732744,-0.0013569320412800282,0.4049071973531054,True,False,False,False
14.5,-0.019441714994085004,-93.65609382069229,-0.0013105997664174382,0.40982805135980405,True,False,False,False
14.75,-0.01975462912947831,-93.55300240189696,-0.0011922348706845263,0.4149032878433511,True,False,False,False
15.0,-0.02006943497291909,-93.44865503342976,-0.0013257431280289203,0.4198756724815476,True,False,False,False
15.25,-0.020394127122004578,-93.3430837581114,-0.0012713397925234035,0.42469452493609233,True,False,False,False
15.5,-0.020733987671522774,-93.23631429396373,-0.0014470952527768015,0.4294612048155947,True,False,False,False
15.75,-0.021099780992448715,-93.12831338100035,-0.0014787719662421271,0.4345461018779558,True,False,False,False
16.0,-0.02145985576673047,-93.01907032815963,-0.0014013688164159761,0.4393983135501711,True,False,False,False
16.25,-0.02180320319638562,-92.90860503186109,-0.0013449462744529446,0.44432405151856436,True,False,False,False
16.5,-0.022137888083802997,-92.79690311131309,-0.001332064562395183,0.4492913116509455,True,False,False,False
16.75,-0.022474070214771033,-92.68393934698165,-0.0013569091161888714,0.4544188053429313,True,False,False,False
17.0,-0.02281022925946789,-92.56969110242342,-0.0013318779064981753,0.4595671487629918,True,False,False,False
17.25,-0.023117499782591044,-92.4541585992324,-0.0011258030730029957,0.4646928573361784,True,False,False,False
17.5,-0.02338903061231109,-92.33735378400603,-0.0010459672274523333,0.4697456569478374,True,False,False,False
17.75,-0.02366526615580632,-92.21929289881298,-0.001163446159918047,0.47474143567257787,True,False,False,False
18.0,-0.0239193035623579,-92.09999616392744,-0.0008683920088407784,0.4796324155939029,True,False,False,False
18.25,-0.02412907532821836,-91.97945665509015,-0.0008093059184688911,0.4846836495337839,True,False,False,False
18.5,-0.024307763491430608,-91.85764483330648,-0.000619716015154641,0.4898109068608975,True,False,False,False
18.75,-0.024457358514774118,-91.73458970837912,-0.0005765898404115758,0.49463008849203116,True,False,False,False
19.0,-0.024590959445932967,-91.61029433474677,-0.0004917365350370549,0.49973289256672054,True,False,False,False
19.25,-0.024710353137318595,-91.48478263065365,-0.0004629766993670619,0.5043607374667857,True,False,False,False
19.5,-0.024804233371965474,-91.35807485807058,-0.00028759938191118186,0.5093014266631714,True,False,False,False
19.75,-0.024875530484606657,-91.23013438927963,-0.00028231358577431286,0.5142223231661283,True,False,False,False
20.0,-0.024943381742677392,-91.10094628651244,-0.0002600194136646103,0.5192824968694665,True,False,False,False
20.25,-0.025009346974539368,-90.97049321860534,-0.0002672254345869377,0.5243420470667665,True,False,False,False
20.5,-0.025053649027283555,-90.83880318759952,-8.673504078617174e-05,0.5291781839630695,True,False,False,False
20.75,-0.025065317086354837,-90.70587397124197,-6.130737774103255e-06,0.5342555392979423,True,False,False,False
21.0,-0.0250673358374227,-90.57170170484754,-9.560402646780213e-06,0.5391225921808769,True,False,False,False
21.25,-0.02508365008068532,-90.43628349875463,-0.00012047267046794375,0.5442230670192374,True,False,False,False
21.5,-0.025082053618553344,-90.29959356986642,0.00013372267878081911,0.5492963401208494,True,False,False,False
21.75,-0.025045049616323353,-90.16164749119343,0.0001627784799661974,0.5542722865237092,True,False,False,False
22.0,-0.024993420778106595,-90.02244708116771,0.00025072917096306255,0.559330985390033,True,False,False,False
22.25,-0.02489387970449989,-89.88201840605967,0.0005460489071443154,0.5640983876313709,True,False,False,False
22.5,-0.024739898646055303,-89.74036411906158,0.0006862745240501804,0.569135895132742,True,False,False,False
22.75,-0.024559498320924033,-89.59746935646237,0.0007573887892982339,0.5740221989563006,True,False,False,False
23.0,-0.024323156538671956,-89.45332824675997,0.001133824870753273,0.5791066431722532,True,False,False,False
23.25,-0.024022696300647756,-89.30794781781121,0.0012703124690729025,0.5839367755497007,True,False,False,False
23.5,-0.023700134860796366,-89.16131356971206,0.0013106694007617226,0.5891372054386735,True,False,False,False
23.75,-0.023358932367201022,-89.01339059882947,0.0014194323145608236,0.59424655136773,True,False,False,False
24.0,-0.022992579824153845,-88.86420032905505,0.0015118622297488414,0.5992755981133163,True,False,False,False
24.25,-0.02261602917786372,-88.7137633557816,0.001501009179600056,0.6042201890975241,True,False,False,False
24.5,-0.022242852514656235,-88.56207939422883,0.0014848785410066958,0.609251504845317,True,False,False,False
24.75,-0.021852197216651315,-88.40913461461228,0.0016408405137787099,0.614306717382956,True,False,False,False
25.0,-0.021418750643630278,-88.25492166770758,0.0018272120393505336,0.61939684028357,True,False,False,False
25.25,-0.020922399658046854,-88.09944888776626,0.0021440662460216853,0.624385369373831,True,False,False,False
25.5,-0.020381125673111213,-87.94271843173634,0.0021866039964088136,0.6294582748550143,True,False,False,False
25.75,-0.01980308888097252,-87.78474502077097,0.0024381496468311036,0.6343289891520568,True,False,False,False
26.0,-0.019149718886784718,-87.62552195820437,0.0027892937394473527,0.6394554782746388,True,False,False,False
26.25,-0.018415901038722815,-87.46502427232362,0.0030817272122858046,0.6445259812005852,True,False,False,False
26.5,-0.017629533924658332,-87.30327811763358,0.0032096734283358947,0.6494432442568229,True,False,False,False
26.75,-0.016831346342707686,-87.14028216876781,0.003176306404428327,0.6545243498151179,True,False,False,False
27.0,-0.016044277562076666,-86.97601935601568,0.0031207204423358468,0.6595781574426753,True,False,False,False
27.25,-0.015269685804660668,-86.81050526461969,0.003076481034995059,0.6645345778961853,True,False,False,False
27.5,-0.014474303700665651,-86.6437548739689,0.003287041099726345,0.6694685274584464,True,False,False,False
27.75,-0.013637029440840522,-86.47574584675935,0.0034116372577229536,0.67460367847096,True,False,False,False
28.0,-0.012760932677007111,-86.30644768386102,0.0035976251711091834,0.6797816071807684,True,False,False,False
28.25,-0.011815141101285398,-86.13585609471711,0.003969194965900098,0.6849510709387009,True,False,False,False
28.5,-0.010800252027663458,-85.96399698078093,0.004150386430761677,0.6899218234679639,True,False,False,False
28.75,-0.009728574619514364,-85.79089596731495,0.004423501055587245,0.6948862585104986,True,False,False,False
29.0,-0.008581923030948438,-85.61654070193991,0.0047501897987624764,0.6999558336894511,True,False,False,False
29.25,-0.007370930257315519,-85.44093563420373,0.004938217279409322,0.7048846904727563,True,False,False,False
29.5,-0.006103781654333063,-85.26409452554145,0.005199439328183023,0.7098441541972136,True,False,False,False
29.75,-0.004801464619615486,-85.08601965093838,0.00521956014017657,0.7147548407304488,True,False,False,False
30.0,-0.0034674311219808564,-84.9066918840708,0.005453190057216962,0.7198672721834998,True,False,False,False
30.25,-0.0020748414776757414,-84.72611085059489,0.005687990586520615,0.7247809734866195,True,False,False,False
30.5,-0.0006185251902438434,-84.54432367871114,0.005962986402286263,0.7295163756566743,True,False,False,False
30.75,0.000890504130028415,-84.36132366085546,0.006109716728458963,0.7344837533548219,True,False,False,False
31.0,0.0024403159808059675,-84.17706182788834,0.006289261715341598,0.7396108934545804,True,False,False,False
31.25,0.004013907142678577,-83.99152459112054,0.006299946409522143,0.7446869996804478,True,False,False,False
31.5,0.00559450227669264,-83.80474418311974,0.006345273992052032,0.7495562600524421,True,False,False,False
31.75,0.007178107205370788,-83.61675734381133,0.0063240165588736635,0.7543384564189848,True,False,False,False
32.0,0.008744607642984457,-83.42755001168132,0.006208456875307321,0.7593202115161084,True,False,False,False
32.25,0.010311310784347534,-83.23709203649024,0.006325642112136869,0.7643435789641738,True,False,False,False
32.5,0.011906729289725476,-83.04540250580685,0.00643816147420289,0.769172655894471,True,False,False,False
32.75,0.013511125240088984,-82.85246615680943,0.006397491504494124,0.7743181399193306,True,False,False,False
33.0,0.015161912729769396,-82.65822016523633,0.006809311344590411,0.7796497538388897,True,False,False,False
33.25,0.016923708155136392,-82.46269920142406,0.007285511312859677,0.7845179117628446,True,False,False,False
33.5,0.01880171806988835,-82.2659545394829,0.0077390323007139935,0.7894393410082112,True,False,False,False
33.75,0.020771106391015516,-82.06800057067343,0.008016522702866902,0.7941923833055723,True,False,False,False
34.0,0.022815851924550924,-81.86882751881075,0.008341913259294453,0.7991920009179531,True,False,False,False
34.25,0.02492716798276818,-81.66839776720923,0.008549092037367822,0.804245992361316,True,False,False,False
34.5,0.02708717625697219,-81.46669979392986,0.008731454558112492,0.809337776680476,True,False,False,False
34.75,0.02929733712482792,-81.26375060803194,0.0089502964019394,0.8142556898704233,True,False,False,False
35.0,0.031563453694264144,-81.05956108375364,0.009179108370777823,0.8192604827835487,True,False,False,False
35.25,0.03385975969756352,-80.85412884785443,0.00919180547861947,0.8241974032129243,True,False,False,False
35.5,0.03614271945129696,-80.64746991238565,0.0090723326934236,0.82907409180122,True,False,False,False
35.75,0.03842548925812012,-80.4395922658792,0.00919028555340717,0.8339470691297888,True,False,False,False
36.0,0.04072097187060467,-80.23048681281144,0.00917404235419977,0.8388965569437161,True,False,False,False
36.25,0.04307609438939851,-80.0201618993535,0.009667391299197126,0.8437027042067001,True,False,False,False
36.5,0.04549559530782012,-79.80861579074451,0.009689084392904933,0.8486661626199109,True,False,False,False
36.75,0.04792228371952341,-79.595802300665,0.009724911246674475,0.8538417546384763,True,False,False,False
37.0,0.050400159854254965,-79.38170947689586,0.010098575197264485,0.8589008002852538,True,False,False,False
37.25,0.052943418908625785,-79.16634221234376,0.010247981916855074,0.8640373020454282,True,False,False,False
37.5,0.0555310679070892,-78.94970920584504,0.010453680890959554,0.8690267305508814,True,False,False,False
37.75,0.05818520106590798,-78.73182264455373,0.010779859883819794,0.8740657290273732,True,False,False,False
38.0,0.060882434730511616,-78.51267843552358,0.010798483361536645,0.8790879414579041,True,False,False,False
38.25,0.06360304642946164,-78.29228820389761,0.010966876972664578,0.8840338956735522,True,False,False,False
38.5,0.06635383972279914,-78.07062181223628,0.011039966044306728,0.8892972307262563,True,False,False,False
38.75,0.06913288974867887,-77.84767896173078,0.011192901138500192,0.8942455588989754,True,False,False,False
39.0,0.07195494916764529,-77.62346972942578,0.011384063294720137,0.8994282815182222,True,False,False,False
39.25,0.07482383354159104,-77.39798092747868,0.011567488634253656,0.9044821167650015,True,False,False,False
39.5,0.077725331877225,-77.17124734726642,0.011644960904687727,0.9093865176290545,True,False,False,False
39.75,0.08062346597347284,-76.94326496107331,0.011540591845939488,0.9144725817558012,True,False,False,False
40.0,0.08354758965914512,-76.71402434566706,0.011852867599029145,0.9194523120526542,True,False,False,False
40.25,0.08656073998623133,-76.4835313251502,0.012252810626834993,0.9244918143753872,True,False,False,False
40.5,0.08965941999323934,-76.25180654988937,0.012537083843131699,0.9293063609097872,True,False,False,False
40.75,0.09281532551882922,-76.01886106847918,0.01271062766021735,0.9342574740099533,True,False,False,False
41.0,0.09602134393320251,-75.78467345970924,0.012937990241211656,0.9392433747137617,True,False,False,False
41.25,0.09927884300296191,-75.54922428831178,0.013122484291550518,0.9443499790717119,True,False,False,False
41.5,0.10254953198026727,-75.31250035620614,0.013043508080221899,0.9494414852192807,True,False,False,False
41.75,0.10583484265993862,-75.07452088176149,0.013239444836151987,0.9543942918650221,True,False,False,False
42.0,0.10915264316008039,-74.83528198224856,0.013303442657993037,0.9595168982047546,True,False,False,False
42.25,0.1124769081207717,-74.59477190736982,0.013291153374874992,0.9645637019837617,True,False,False,False
42.5,0.11580544374417333,-74.35300533245251,0.013337604037082274,0.9695688929752863,True,False,False,False
42.75,0.11916616762395367,-74.10999306257533,0.013548655203720023,0.9745292461440831,True,False,False,False
43.0,0.12256990547510252,-73.86573569923608,0.013681719590727124,0.9795296480245588,True,False,False,False
43.25,0.12601933624287542,-73.62026069006797,0.013914174064407352,0.9842704034043243,True,False,False,False
43.5,0.12952993711367522,-73.3735706433114,0.014171102937760745,0.9892499464249359,True,False,False,False
43.75,0.13308754687095947,-73.12565399612166,0.014290231373426675,0.9940832198615265,True,False,False,False
44.0,0.13668257437873,-72.87655686933739,0.014470423949861413,0.9986937774240107,True,False,False,False
44.25,0.1403131729205186,-72.62627123110094,0.014574826708239225,1.0035913186244096,True,False,False,False
44.5,0.1439597752821835,-72.37474225478687,0.014598468807177509,1.008640489659193,True,False,False,False
44.75,0.14760335244910838,-72.12194207436298,0.014550631871807204,1.0137609582419325,True,False,False,False
45.0,0.15126340439934727,-71.86788661194078,0.014730248342531903,1.0186827242014271,True,False,False,False
45.25,0.1549352559804527,-71.61261303276231,0.014645019627120136,1.023505917261773,True,False,False,False
45.5,0.15861498077348615,-71.35610737135195,0.014793253861675742,1.0285393600454253,True,False,False,False
45.75,0.16229467001927472,-71.09833951836161,0.014644738141216751,1.0336034778794307,True,False,False,False
46.0,0.16596724225964796,-70.8393195319915,0.014736307334040025,1.0385564044481759,True,False,False,False
46.25,0.16962316080628367,-70.57906755703378,0.014511503882675063,1.0434594164081183,True,False,False,False
46.5,0.173225671481687,-70.31759534773744,0.014309040193024952,1.0483182770510608,True,False,False,False
46.75,0.17678612829253904,-70.05492187888777,0.01417506281011021,1.053069486377723,True,False,False,False
47.0,0.1803191767370852,-69.79103752631755,0.014089790666769207,1.0580053422235678,True,False,False,False
47.25,0.183837191627398,-69.5259012157449,0.014054807945296184,1.0630851456558934,True,False,False,False
47.5,0.18731936555063727,-69.25952787501322,0.013803038096119064,1.0679016039345743,True,False,False,False
47.75,0.19072204572740323,-68.99194102656281,0.013418865046698177,1.072793219888675,True,False,False,False
48.0,0.1940508512971723,-68.72311519028483,0.013212053357893872,1.077813489833504,True,False,False,False
48.25,0.19729973144548005,-68.45302277633961,0.01277947034571639,1.082925862512408,True,False,False,False
48.5,0.20047511814123914,-68.18165807297126,0.012624101345837895,1.08799177908269,True,False,False,False
48.75,0.20362466662660253,-67.90903279991254,0.012572760200320674,1.093010410227571,True,False,False,False
49.0,0.20672847575138156,-67.63515391295729,0.01225818566883675,1.0980207150725811,True,False,False,False
49.25,0.20972849471380248,-67.36005357968082,0.011742415407091476,1.1027819997663724,True,False,False,False
49.5,0.21263045939239616,-67.08376568765776,0.011473749296788757,1.1075211617480827,True,False,False,False
49.75,0.2154466811971338,-66.8062779366704,0.011056483769154085,1.1123808854908168,True,False,False,False
50.0,0.2181063193029848,-66.52758252053383,0.010221074204180045,1.1171825223646905,True,False,False,False
50.25,0.22059432293899756,-66.24777113369262,0.00968334429306151,1.1213086230623908,True,False,False,False
50.5,0.2229449676384878,-65.96690365862182,0.009122221216778723,1.125631230407052,True,False,False,False
50.75,0.22514956210402687,-65.68500407894989,0.00851490578201236,1.1295654642264081,True,False,False,False
51.0,0.2271963464230048,-65.40207565257265,0.007859774177876274,1.133862008557666,True,False,False,False
51.25,0.2290900779921862,-65.1182131898889,0.00729037808891324,1.1370377465952755,True,False,False,False
51.5,0.23087411853722328,-64.83357610714549,0.0069822313970326335,1.1400589444042801,True,False,False,False
51.75,0.23257216784442244,-64.54817716016429,0.006602453124540958,1.1431326672510875,True,False,False,False
52.0,0.23416385775477047,-64.26199307405203,0.006131368808250555,1.1463400660610645,True,False,False,False
52.25,0.2356353022890064,-63.9751789761087,0.005640360488823195,1.1481727637780834,True,False,False,False
52.5,0.23700493767429653,-63.687891686500336,0.005316906925572139,1.150125583584189,True,False,False,False
52.75,0.23830258949793515,-63.400139397618695,0.005064474480708711,1.1518927512683954,True,False,False,False
53.0,0.23952308862623978,-63.111927711358796,0.004699698630372487,1.1538007732020592,True,False,False,False
53.25,0.24067404492840364,-62.823338751464526,0.004508056636724646,1.1549109240202358,True,False,False,False
53.5,0.24177093677095074,-62.534480098330114,0.004267177028582415,1.1559583237653215,True,False,False,False
53.75,0.24279182684415335,-62.24538444095118,0.003900023731206098,1.1568069698816412,True,False,False,False
54.0,0.24372781925367806,-61.95607427210984,0.0035879974775099095,1.1576744102670988,True,False,False,False
54.25,0.2445860840000163,-61.666661138664836,0.0032781165082168516,1.1576306865086663,True,False,False,False
54.5,0.2453368942993198,-61.377268024040966,0.0027283550316877557,1.1575142823141717,True,False,False,False
54.75,0.24597430492876518,-61.08786177748401,0.002370950983489726,1.157735723837735,True,False,False,False
55.0,0.2464998102188462,-60.79843523942623,0.0018330858499647335,1.1576766313347082,True,False,False,False
55.25,0.24694912675048622,-60.50914074052292,0.0017613524523784974,1.156679366654857,True,False,False,False
55.5,0.24736757948895713,-60.220076999041865,0.0015861894984249623,1.1558305817081393,True,False,False,False
55.75,0.24773395247279703,-59.93121277334243,0.001344723971749845,1.1550832466528829,True,False,False,False
56.0,0.2480417963868735,-59.64254220501978,0.0011179517841500705,1.1542813213084773,True,False,False,False
56.25,0.2482860381573341,-59.3541699731532,0.0008358330064593387,1.1526965602225407,True,False,False,False
56.5,0.24844143045232808,-59.066200647468584,0.00040715090206566934,1.1510580856707866,True,False,False,False
56.75,0.24852874143558826,-58.77864739034985,0.0002911776340939245,1.1493679822131109,True,False,False,False
57.0,0.24856618476381942,-58.49150560591378,8.217992139966895e-06,1.1477663199531078,True,False,False,False
57.25,0.2485502376248229,-58.20487585963473,-0.0001360303042219679,1.1452716638791036,True,False,False,False
57.5,0.24850610226185774,-57.91886057814418,-0.00021728086621108672,1.1428505957056585,True,False,False,False
57.75,0.2484484491178951,-57.63345579438873,-0.0002441765000676947,1.1403876768736676,True,False,False,False
58.0,0.24838260372913154,-57.34867155494485,-0.0002828224572126619,1.1378862423209497,True,False,False,False
58.25,0.2483219388115367,-57.064620408178435,-0.00020281398874407976,1.1345229242671155,True,False,False,False
58.5,0.24824753980917388,-56.781383228941436,-0.0003926748746528152,1.1313745275290585,True,False,False,False
58.75,0.24813170313672903,-56.49895238134277,-0.0005343298624300494,1.1280722666155845,True,False,False,False
59.0,0.24793653694238177,-56.21730185573165,-0.0010272769349794879,1.125131984748737,True,False,False,False
59.25,0.24768343792594052,-55.93649568058736,-0.0009978748769262917,1.1213174136335085,True,False,False,False
59.5,0.24741925613768773,-55.65665724070215,-0.0011159497391093373,1.117390116580308,True,False,False,False
59.75,0.247143828479562,-55.3777827480358,-0.0010878283553468916,1.1136058220991896,True,False,False,False
60.0,0.24684099531675416,-55.09983506314232,-0.0013351792473445668,1.1099756803690337,True,False,False,False
60.25,0.24647982236306595,-54.82286994408761,-0.001554603283238931,1.1057452927561182,True,False,False,False
60.5,0.24610727215946793,-54.546956434925555,-0.0014261927358657062,1.101562768433664,True,False,False,False
60.75,0.2457580606165649,-54.272107766688194,-0.0013679084822394542,1.09722657197013,True,False,False,False
61.0,0.24542284282526108,-53.99834449172267,-0.0013142437346142085,1.0928796226945487,True,False,False,False
61.25,0.24509058120684715,-53.72570281610626,-0.0013442853923955177,1.0882537850690408,True,False,False,False
61.5,0.24477562797514482,-53.45423614368596,-0.0011757906264672593,1.0834795784076028,True,False,False,False
61.75,0.24448266459189916,-53.18394641569459,-0.0011683540738765675,1.078838244822194,True,False,False,False
62.0,0.24418861613140397,-52.914798252159144,-0.0011844570880587325,1.0743470649795748,True,False,False,False
62.25,0.24389384035086084,-52.64682672385828,-0.0011742132433376039,1.0694251604615335,True,False,False,False
62.5,0.24360032532554757,-52.38009054465871,-0.0011743747213378846,1.064464273150345,True,False,False,False
62.75,0.2432690205775815,-52.11458493826823,-0.0014765237502029304,1.059580606460248,True,False,False,False
63.0,0.24290174857520322,-51.85029434990805,-0.0014621083161861798,1.054744099062082,True,False,False,False
63.25,0.24254441464094828,-51.58722690023571,-0.0013970297724276892,1.0497954921809391,True,False,False,False
63.5,0.24222531107818773,-51.325405253679314,-0.0011562718649430247,1.0447776575714436,True,False,False,False
63.75,0.2419325562316357,-51.06481736176448,-0.0011862244202523657,1.0399254805711664,True,False,False,False
64.0,0.24163979232885222,-50.80545825024434,-0.0011563561842274353,1.0349474087739579,True,False,False,False
64.25,0.24134022955652362,-50.547326546408954,-0.0012406024713645227,1.0301062298519479,True,False,False,False
64.5,0.24105007141374493,-50.29045505606405,-0.0010811567994369958,1.024865677874661,True,False,False,False
64.75,0.24075835091449008,-50.03487112089863,-0.0012530842875156604,1.0198058196581263,True,False,False,False
65.0,0.24045289928158886,-49.78053334122598,-0.0011909916862552262,1.0148964118688688,True,False,False,False
65.25,0.24016225366553853,-49.52742292514137,-0.0011346361590682781,1.009986911494779,True,False,False,False
65.5,0.23986946408598397,-49.27555301962307,-0.0012081533008351441,1.0049723395829089,True,False,False,False
65.75,0.23957226946119298,-49.02488607387152,-0.001169838295128747,1.0003632228170753,True,False,False,False
66.0,0.23929381486228996,-48.77542018990337,-0.0010582698853825341,0.9953638384093687,True,False,False,False
66.25,0.23906111983907352,-48.52718446673374,-0.0008037468360548514,0.9905219229511033,True,False,False,False
66.5,0.23886379609134148,-48.280165156154055,-0.0007753041493176044,0.9856325590047499,True,False,False,False
66.75,0.23870250356645747,-48.03438920474206,-0.0005155129024082346,0.980575027797927,True,False,False,False
67.0,0.2385627920632222,-47.78988438886684,-0.0006026610628036547,0.9754635074202469,True,False,False,False
67.25,0.2384504164106481,-47.546647052422735,-0.00029681825159610475,0.9704351552975066,True,False,False,False
67.5,0.23841218471561842,-47.30465822086106,-9.502916628495916e-06,0.9654754701076572,True,False,False,False
67.75,0.23843997083087262,-47.063913078280564,0.00023132139989606054,0.9604856478312278,True,False,False,False
68.0,0.2385297289957237,-46.82443592280594,0.00048625800413933974,0.9553315719302213,True,False,False,False
68.25,0.23870785907126998,-46.586219530061676,0.0009383176328381769,0.950399527403464,True,False,False,False
68.5,0.23895017168535096,-46.349245446759646,0.0009997113129595215,0.9453931332245882,True,False,False,False
68.75,0.23924890941958407,-46.11355409637504,0.0013896951172349037,0.9401376330843485,True,False,False,False
69.0,0.23958722198503224,-45.87914307567534,0.0013163352745242402,0.9351505394297407,True,False,False,False
69.25,0.23993500786354485,-45.64596968939024,0.0014654885143276222,0.930236536788777,True,False,False,False
69.5,0.24030417382218874,-45.414060946516145,0.0014873486596580666,0.9250334041430435,True,False,False,False
69.75,0.24068817455787475,-45.18345876886132,0.001584162371286916,0.9197840079678484,True,False,False,False
70.0,0.24112358077101348,-44.95414996741417,0.0018986067957262316,0.9146863739634187,True,False,False,False
70.25,0.24163629560753197,-44.72611332706954,0.002202633065874983,0.9096067201298504,True,False,False,False
70.5,0.24217344963288576,-44.49933217227723,0.0020941311961531974,0.9046425284382247,True,False,False,False
70.75,0.242713693104967,-44.27381132722131,0.0022273341099248727,0.8995242194506864,True,False,False,False
71.0,0.24327115073534034,-44.04953138185413,0.0022318736387210154,0.8947153430587128,True,False,False,False
71.25,0.2438698167270921,-43.826510915137696,0.0025569578169969643,0.8894483600236355,True,False,False,False
71.5,0.2445392282345005,-43.604780694419816,0.002797857763338691,0.8843933830071932,True,False,False,False
71.75,0.24524293473942124,-43.384309765443625,0.0028313211627093472,0.8793740456474368,True,False,False,False
72.0,0.24600493435914234,-43.16512271619952,0.0032641807801927028,0.8741223074951378,True,False,False,False
72.25,0.24683702013313008,-42.94721146004588,0.0033920384244976085,0.8691677296794715,True,False,False,False
72.5,0.24767367548834207,-42.73052847809361,0.003300745254371349,0.8642961345458641,True,False,False,False
72.75,0.24853909553245013,-42.51505719661434,0.0036221606116408466,0.8594740869851099,True,False,False,False
73.0,0.24947195742434736,-42.30080143095598,0.0038402725029845377,0.8545720177181415,True,False,False,False
73.25,0.2504398354721085,-42.08780213330539,0.003902266521156224,0.8494223576416856,True,False,False,False
73.5,0.25142094167948265,-41.87608228310032,0.003946103791663803,0.8443364398658305,True,False,False,False
73.75,0.25243358141173794,-41.66563950778653,0.004154530503452892,0.8392057429938565,True,False,False,False
74.0,0.2534781432018091,-41.4564418585187,0.004201508581233393,0.8343754467196667,True,False,False,False
74.25,0.2545211880784967,-41.24847427210533,0.004142378235043809,0.8293652501621668,True,False,False,False
74.5,0.2555767810868451,-41.04171871264914,0.004301924198214083,0.8246792104452281,True,False,False,False
74.75,0.25666965848983486,-40.836163746979224,0.004440631461987757,0.8197605018367505,True,False,False,False
75.0,0.2578175799700295,-40.631858629720035,0.00474226160915208,0.8146804077988676,True,False,False,False
75.25,0.25903151269647184,-40.42879116747462,0.0049687458569563645,0.8098592688113742,True,False,False,False
75.5,0.26031094364871943,-40.226948270327966,0.005266232883345055,0.8048838803146366,True,False,False,False
75.75,0.26162414028859204,-40.02637500195332,0.005238851920582195,0.7997022692640389,True,False,False,False
76.0,0.2629843546778137,-39.827048411362455,0.005642411632373636,0.7949104174150694,True,False,False,False
76.25,0.26441855021688665,-39.62896426635497,0.005830667582374088,0.7897627248959571,True,False,False,False
76.5,0.26592478958388305,-39.43215262269501,0.006218773143060263,0.784730387792897,True,False,False,False
76.75,0.2675275839680084,-39.23660386727663,0.006603104111523627,0.7796596193192229,True,False,False,False
77.0,0.26920289782237267,-39.04233962654075,0.006798916229924545,0.774454288106509,True,False,False,False
77.25,0.2709418012740171,-38.84932335613937,0.007111861147243787,0.7696758455999717,True,False,False,False
77.5,0.2727397331765474,-38.657525245666115,0.0072711260858922405,0.7647090231705369,True,False,False,False
77.75,0.2745950099348059,-38.46694853585954,0.007570635315886138,0.759904627044126,True,False,False,False
78.0,0.2765189250127368,-38.27757895631703,0.007820228105673304,0.7550519857642122,True,False,False,False
78.25,0.27849721785401327,-38.089462784677174,0.008005627075407364,0.749877369875125,True,False,False,False
78.5,0.2805096125562763,-37.90262196892038,0.0080930568011252,0.7448491479362656,True,False,False,False
78.75,0.2825427323640992,-37.717032980177116,0.008171431866827315,0.7398627546205722,True,False,False,False
79.0,0.28459309966319274,-37.53270412929386,0.008231026522100825,0.7347680468268262,True,False,False,False
79.25,0.28665935631859324,-37.3496274596741,0.00829856293275531,0.7298453037638877,True,False,False,False
79.5,0.2887701793981134,-37.16779840788051,0.008587545149308266,0.7247870833394373,True,False,False,False
79.75,0.29093776234278895,-36.987230629988765,0.008752644339011179,0.719755124228894,True,False,False,False
80.0,0.29316268921012384,-36.80791447098348,0.00904630134382445,0.7147741201272393,True,False,False,False
80.25,0.2954285804213871,-36.62983875569951,0.00908036272518198,0.7098315989331788,True,False,False,False
80.5,0.29772200544960753,-36.452986422637345,0.009266581120578947,0.7049870480072972,True,False,False,False
80.75,0.30007356571840926,-36.27734961526838,0.00954544134871419,0.7001073846533586,True,False,False,False
81.0,0.30247456742672013,-36.10293792789721,0.009662108720796647,0.695186103316533,True,False,False,False
81.25,0.30492212301304167,-35.92974542359755,0.009917880779230158,0.6903539069663813,True,False,False,False
81.5,0.3073923785736206,-35.75777205201291,0.009843700161655809,0.6854330727044875,True,False,False,False
81.75,0.3098794610233,-35.58704410604334,0.010052484414835944,0.6803904753677941,True,False,False,False
82.0,0.31241607431875057,-35.41754837823073,0.010239968379996562,0.6755753294569926,True,False,False,False
82.25,0.31497652487017325,-35.249273834232774,0.010243169346220457,0.6706210222248169,True,False,False,False
82.5,0.317515589860314,-35.08224119560964,0.010068881377343438,0.6656401031921864,True,False,False,False
82.75,0.3200287647089444,-34.91647823529273,0.010036029768557714,0.6604635824403546,True,False,False,False
83.0,0.3225274463616272,-34.751977098694276,0.009952960174864554,0.6555455181791066,True,False,False,False
83.25,0.32500549317005917,-34.5887111054649,0.009870946766877038,0.6505824353881804,True,False,False,False
83.5,0.3274737206813352,-34.42667169474547,0.009874416496647938,0.6457328500401716,True,False,False,False
83.75,0.3299694471777124,-34.26584196998097,0.010090940694483803,0.6409049276618188,True,False,False,False
84.0,0.33249699451841397,-34.10625395456805,0.010128957063948814,0.6357991920573205,True,False,False,False
84.25,0.3350451707656154,-33.947924682421885,0.010255985292054702,0.6308349731356534,True,False,False,False
84.5,0.33760666989673555,-33.7908535196285,0.01023552727538669,0.625734331140196,True,False,False,False
84.75,0.3401564830941995,-33.63505997570101,0.010162495967193269,0.6206140271651317,True,False,False,False
85.0,0.34270472311358063,-33.480534012658616,0.0102229512736519,0.6155936714742749,True,False,False,False
85.25,0.34524367698075104,-33.327271908208935,0.010088200135282275,0.6105031768275607,True,False,False,False
85.5,0.3477552848983252,-33.17526878753035,0.010004193959866521,0.6055217965212678,True,False,False,False
85.75,0.3502722187159371,-33.02449165225328,0.010130821936492068,0.6006952737567358,True,False,False,False
86.0,0.3528364783979209,-32.874931662854195,0.010382792950278589,0.5957846176799689,True,False,False,False
86.25,0.35543219834680295,-32.72662896422857,0.010382481733139076,0.5906369713544225,True,False,False,False
86.5,0.3580314265955042,-32.57959574192615,0.010410872499584922,0.5856288043881944,True,False,False,False
86.75,0.3606438457690734,-32.433807778167626,0.01048801424994884,0.5806748984069862,True,False,False,False
87.0,0.3632788734859436,-32.28928096789246,0.010591723745383079,0.575539574016577,True,False,False,False
87.25,0.3659269323000313,-32.14601767552369,0.01059227835180196,0.5705667648813058,True,False,False,False
87.5,0.36860609812931,-32.00403722308028,0.010840549973214772,0.5652768312587964,True,False,False,False
87.75,0.3713258268784921,-31.863328465042194,0.010916820026368807,0.5603932258551273,True,False,False,False
88.0,0.37408156012855476,-31.723865259651753,0.011128567391713189,0.555312397304748,True,False,False,False
88.25,0.37684780161515274,-31.58566547177044,0.011000891044389205,0.5502859177831588,True,False,False,False
88.5,0.37959971942307236,-31.44875502763531,0.011013953276949545,0.5449976340663618,True,False,False,False
88.75,0.38234975770115387,-31.313124318573117,0.01098588673733333,0.5400480410773032,True,False,False,False
89.0,0.385092987143417,-31.1787548782992,0.01095946458507586,0.5349074836051559,True,False,False,False
89.25,0.3878114160989438,-31.045645053469453,0.01078750209204547,0.5299711312455017,True,False,False,False
89.5,0.390475770120112,-30.913778888536424,0.01052685788286152,0.5249582127924319,True,False,False,False
89.75,0.39311039819983906,-30.783135061297447,0.010549717853298739,0.5201924029641485,True,False,False,False
90.0,0.3957635848602173,-30.65371589637415,0.010675301481776145,0.5151609045821292,True,False,False,False
90.25,0.39845432484529164,-30.525543794361088,0.010850152611091454,0.5102158950373104,True,False,False,False
90.5,0.40119454274931915,-30.39862382069406,0.01107111286655314,0.5051438734666652,True,False,False,False
90.75,0.4039866054676107,-30.27295023385606,0.011264927439421965,0.500244802964381,True,False,False,False
91.0,0.4068206265975539,-30.148485976896616,0.011406791810776121,0.4954692393361289,True,False,False,False
91.25,0.40968067177457607,-30.025251635770903,0.011473092649288537,0.4904054834186842,True,False,False,False
91.5,0.41255008731407944,-29.903297099970935,0.011481744254022897,0.48523080216541364,True,False,False,False
91.75,0.4154378734014948,-29.782598513677346,0.01162008548507981,0.4803578751404198,True,False,False,False
92.0,0.4183365800487871,-29.663152439194562,0.011569082880928274,0.4752107255303968,True,False,False,False
92.25,0.42124193886260697,-29.544979625228386,0.011673313019563132,0.4701717763721368,True,False,False,False
92.5,0.4241559709916448,-29.428045105872002,0.011638485578317887,0.4653043817625058,True,False,False,False
92.75,0.4270661124290543,-29.312350674940298,0.011642169957102204,0.46025106534374344,True,False,False,False
93.0,0.42997918259512935,-29.19791934776068,0.011661915577939587,0.45519955023155106,True,False,False,False
93.25,0.4329095275505463,-29.084734189325804,0.01178038087717331,0.45028170607848367,True,False,False,False
93.5,0.43582898863125363,-28.97279420441004,0.011574832730350407,0.44523819262683567,True,False,False,False
93.75,0.4387386026728263,-28.86211755642626,0.011701602705204683,0.4401749792914863,True,False,False,False
94.0,0.4416529442793421,-28.75274509110394,0.011612624305174358,0.43480475167601756,True,False,False,False
94.25,0.44455729885644996,-28.64467980142548,0.011621733153590335,0.4297175648928821,True,False,False,False
94.5,0.44745216285472006,-28.537904358725164,0.01153668605946628,0.42448598472791427,True,False,False,False
94.75,0.45032672249296424,-28.432427928265675,0.011459304969868401,0.4193254662435349,True,False,False,False
95.0,0.45319894380473225,-28.328195666559314,0.011518014111802439,0.4145326218722371,True,False,False,False
95.25,0.45607883742534294,-28.225174667175786,0.011520673598517992,0.40963537294523295,True,False,False,False
95.5,0.45892637911526846,-28.12338572512953,0.01125919282178911,0.40467618807737216,True,False,False,False
95.75,0.46174821208978595,-28.022847343278354,0.011314995749650137,0.3996308614708796,True,False,False,False
96.0,0.46455208864490544,-27.923539918392827,0.011115564375938745,0.3948285564158613,True,False,False,False
96.25,0.46731699936139465,-27.825441506067886,0.0110032626705687,0.38995875277152664,True,False,False,False
96.5,0.4700566419401881,-27.728587973891667,0.01091339858178024,0.3848695131106838,True,False,False,False
96.75,0.47277763035056514,-27.63299767337539,0.010854036167205917,0.3798528966162846,True,False,False,False
97.0,0.47545269240358434,-27.538651197123905,0.010545995509018065,0.3749189424378405,True,False,False,False
97.25,0.4780900253796667,-27.445560728832362,0.010552186557738364,0.36980480331078996,True,False,False,False
97.5,0.4807142594469122,-27.353727573782486,0.01044122024349637,0.364860447550213,True,False,False,False
97.75,0.4832887312182039,-27.263142796269115,0.01015407891510662,0.35981779962858573,True,False,False,False
98.0,0.4858115646958861,-27.173831285949117,0.010028104377514075,0.35467429480835566,True,False,False,False
98.25,0.4882836483404568,-27.085774266716495,0.009748103915514353,0.349781885451228,False,False,False,False
98.5,0.49070105018663923,-26.998957088677564,0.009590637355381659,0.3447555537062562,False,False,False,False
98.75,0.49309323057448523,-26.91338387012603,0.009546341764947914,0.33983019888221655,False,False,False,False
99.0,0.4954780918232,-26.829072355166065,0.009532061338347893,0.334661922143851,False,False,False,False
99.25,0.4978601430742759,-26.74604908697158,0.009523864666371222,0.3295242241848099,False,False,False,False
99.5,0.5002192695142865,-26.66430360791596,0.009348667852319432,0.32443962477777694,False,False,False,False
99.75,0.5025165502012984,-26.58384125486569,0.009029089600821362,0.3192592297544058,False,False,False,False
100.0,0.5047438168897792,-26.504664302083512,0.008788563167196657,0.3141564151799748,False,False,False,False
100.25,0.5069340958531955,-26.42672776375411,0.00873321440941757,0.30933589667357364,False,False,False,False
100.5,0.5091037512558316,-26.35001971776738,0.008623557056939317,0.30432848155880693,False,False,False,False
100.75,0.5112597246491896,-26.27453491697666,0.008623779909891067,0.29954992474597336,False,False,False,False
101.0,0.5133922597527345,-26.200260812117282,0.008436038625657342,0.2946429318293822,False,False,False,False
101.25,0.5154771844285861,-26.127222970506253,0.008242889304124838,0.2896598192690542,False,False,False,False
101.5,0.5175352717802348,-26.055449341653333,0.00822132612200634,0.28452921358730804,False,False,False,False
101.75,0.5195289338231333,-25.98490942462831,0.007727523740428107,0.2797901691688466,False,False,False,False
102.0,0.5214502810958074,-25.915538117128342,0.007642820127244216,0.27518029881679756,False,False,False,False
102.25,0.5233210569540733,-25.8473422592339,0.007322935085102059,0.2703865944976771,False,False,False,False
102.5,0.525139667309494,-25.780376159989185,0.007225472461743454,0.2653422086488566,False,False,False,False
102.75,0.5269364208594797,-25.714675123247822,0.007148077646582007,0.2602660925788675,False,False,False,False
103.0,0.5287084442668674,-25.65022542374033,0.007027644661315041,0.25533151483557087,False,False,False,False
103.25,0.5304490995618226,-25.58700719641088,0.006897134380606844,0.25041431610462844,False,False,False,False
103.5,0.5321566995488395,-25.525046551201484,0.006763180860677765,0.24527085819978417,False,False,False,False
103.75,0.5338017870240247,-25.464358316831312,0.006397044425346466,0.24023505128112302,False,False,False,False
104.0,0.5353832048787777,-25.40490833031593,0.006253839500833932,0.23536485434336232,False,False,False,False
104.25,0.5369252873966736,-25.346682818603302,0.0060823565008770114,0.23043925552517153,False,False,False,False
104.5,0.5384397502995257,-25.28971918565724,0.006032859586317041,0.22526981270993912,False,False,False,False
104.75,0.5399243890346546,-25.233997763228512,0.005843800981057865,0.22050158454444763,False,False,False,False
105.0,0.5413597780582411,-25.17949944673347,0.005638838467784995,0.21548496673987827,False,False,False,False
105.25,0.542754700847012,-25.12622025706315,0.005520097514685609,0.21074856181763243,False,False,False,False
105.5,0.5440870313578416,-25.074168580083356,0.005138067493727704,0.20566489003871596,False,False,False,False
105.75,0.5453325814653931,-25.023383724465592,0.004825857363779803,0.2006139843387566,False,False,False,False
106.0,0.5465096457566214,-24.973863673366544,0.004590179384113933,0.19554644667347337,False,False,False,False
106.25,0.5476185781303075,-24.92559068981408,0.004280816959959223,0.19063745091310247,False,False,False,False
106.5,0.548655216198058,-24.878565995276922,0.004011809055344884,0.18556013074635355,False,False,False,False
106.75,0.5496404196784387,-24.83277820722262,0.0038693647069335,0.18074218711781012,False,False,False,False
107.0,0.550560438327267,-24.78821115373918,0.0034903181391358314,0.17579427648645396,False,False,False,False
107.25,0.551436283957364,-24.744887135654825,0.0035159759774010813,0.1707978657693494,False,False,False,False
107.5,0.552271670371468,-24.702794011325086,0.0031666581420309796,0.16594716180242494,False,False,False,False
107.75,0.5530418067099137,-24.661923224654394,0.002993968072865969,0.16101914784442833,False,False,False,False
108.0,0.5537603808420438,-24.62230963324298,0.0027541414831016345,0.15588960605784238,False,False,False,False
108.25,0.5544485368210705,-24.583969020423684,0.002750629936139033,0.15083529682761154,False,False,False,False
108.5,0.555105670604894,-24.546893514809707,0.0025059627647374847,0.14576877115154122,False,False,False,False
108.75,0.5556774334836699,-24.51107348384994,0.0020676710987490954,0.1407915178489791,False,False,False,False
109.0,0.556177848211274,-24.476505737505278,0.0019351715289281613,0.13575046540046334,False,False,False,False
109.25,0.5566255542883453,-24.443178432709665,0.0016460168377491742,0.13086800022609718,False,False,False,False
109.5,0.5569888221172444,-24.411094382882553,0.0012596484558110355,0.12580443481780842,False,False,False,False
109.75,0.5572745231001442,-24.380291970639068,0.0010254701794833046,0.12061488520852968,False,False,False,False
110.0,0.5574879869490825,-24.350765225656925,0.0006817677558306292,0.1155991070530678,False,False,False,False
110.25,0.5576107039683559,-24.32251725693449,0.0002994767987998374,0.11038467876901616,False,False,False,False
110.5,0.5576381947070188,-24.295533744849422,-8.001297531578865e-05,0.10548345369002204,False,False,False,False
110.75,0.5575773975070548,-24.26980919669247,-0.0004068521109116177,0.10031296238015175,False,False,False,False
111.0,0.557433383560182,-24.245355314533843,-0.0007457304029776692,0.0953181268384925,False,False,False,False
111.25,0.5572454877001188,-24.222152884079378,-0.0007579094951167176,0.09030131794547082,False,False,False,False
111.5,0.5570587266047857,-24.200169552486997,-0.0007366258087366608,0.08556533278695319,False,False,False,False
111.75,0.5568605849655335,-24.17937527585646,-0.0008489576625781185,0.08078889084804074,False,False,False,False
112.0,0.5566229911031638,-24.159780486307024,-0.001052247654448563,0.07596944471374345,False,False,False,False
112.25,0.5563074791201799,-24.14143028626571,-0.0014723326026355706,0.07083219522260481,False,False,False,False
112.5,0.5558936333829139,-24.124342244487906,-0.0018389009952994974,0.06587217356006785,False,False,False,False
112.75,0.5554125837016246,-24.10847957457108,-0.002009953130036915,0.061029201901409216,False,False,False,False
113.0,0.5548932037174256,-24.09385844218601,-0.002145566651692639,0.05593986996486529,False,False,False,False
113.25,0.5543458040833352,-24.080486351109496,-0.0022340927664527637,0.05103686699353899,False,False,False,False
113.5,0.5537323917915058,-24.068351814482526,-0.0026736768239262183,0.04603946746644056,False,False,False,False
113.75,0.5529991587164821,-24.057486074028066,-0.003192673717729325,0.04088650510056049,False,False,False,False
114.0,0.5521697862905975,-24.047877999426685,-0.003442768587759431,0.03597811528958193,False,False,False,False
114.25,0.5512890505233129,-24.03950639974723,-0.0036035875308462442,0.030994697308192914,False,False,False,False
114.5,0.550367265904281,-24.032412048773605,-0.0037711830871531567,0.025760126281815933,False,False,False,False
114.75,0.5493724729171194,-24.026587230000512,-0.004187624986432982,0.020838463165323062,False,False,False,False
115.0,0.5482694886756718,-24.02198874299672,-0.004636710058120079,0.015949475205030615,False,False,False,False
115.25,0.547065268518982,-24.018617078630683,-0.004997515776510792,0.011023873740211208,False,False,False,False
115.5,0.5457708329136516,-24.01646424569765,-0.005358424181629648,0.006198823750686579,False,False,False,False
115.75,0.5444102531192032,-24.015509323268343,-0.005526663002305735,0.001440571545456324,False,False,False,False
116.0,0.5430179697857119,-24.01576513448977,-0.005612068467587784,-0.003487053264763873,False,False,False,False
116.25,0.5415789847921645,-24.017207445261427,-0.005900242040709697,-0.008051405739337882,False,False,False,False
116.5,0.540064076960579,-24.019783265648144,-0.006219445467720084,-0.012555127259731572,False,False,False,False
116.75,0.5384476983834172,-24.02350122365388,-0.006712020244234622,-0.017188490345935028,False,False,False,False
117.0,0.5367401901791506,-24.028330752484212,-0.00694844722544312,-0.021447718006269982,False,False,False,False
117.25,0.5349677960820952,-24.034216449454117,-0.007231100880768525,-0.025637831104227522,False,False,False,False
117.5,0.5331540499331887,-24.041141153250088,-0.007279257221696961,-0.029759794723337975,False,False,False,False
117.75,0.5313131858313868,-24.049078457381306,-0.007448031013336453,-0.03373862241431627,False,False,False,False
118.0,0.5294272079046262,-24.058047843071368,-0.007640196017987059,-0.038016444988730205,False,False,False,False
118.25,0.5274707393384237,-24.067994348088444,-0.00801188649440144,-0.04155556010468698,False,False,False,False
118.5,0.5254444487492431,-24.078868081864375,-0.00819880423228641,-0.045434292480071185,False,False,False,False
118.75,0.5233660938896184,-24.09072120430165,-0.008428407986276212,-0.049390665370989864,False,False,False,False
119.0,0.5212330088690407,-24.10351699586793,-0.008636610513743143,-0.05297564752980016,False,False,False,False
119.25,0.5190433364944439,-24.11719329788999,-0.00888109495906086,-0.056434745596577546,False,False,False,False
119.5,0.5168112941871299,-24.131772121409867,-0.008975598454042506,-0.06019583365261326,False,False,False,False
119.75,0.5145631437593449,-24.14728525803453,-0.00900995543146786,-0.06390925610548266,False,False,False,False
120.0,0.5122690131644404,-24.163693266278745,-0.009343414540580158,-0.06735477840953448,False,False,False,False
120.25,0.5098999456772051,-24.18090233625569,-0.009609405087551514,-0.07031775632832406,False,False,False,False
120.5,0.5074633877755502,-24.19884083373046,-0.00988332933089501,-0.07319019764409572,False,False,False,False
120.75,0.5049876228270952,-24.217525907467206,-0.009923082940579345,-0.07629038850186655,False,False,False,False
121.0,0.5024748787167858,-24.236980317612556,-0.010179158322002438,-0.07934486851800185,False,False,False,False
121.25,0.4998983891907042,-24.2571589916196,-0.010433016592823502,-0.08208449960443351,False,False,False,False
121.5,0.4972708837632357,-24.278023136774312,-0.010587285967069255,-0.08482864708867059,False,False,False,False
121.75,0.4945977208170326,-24.299571330673484,-0.010798275249967371,-0.08755688421255524,False,False,False,False
122.0,0.4918605601038627,-24.321841115407214,-0.011099297928698107,-0.09060136527670265,False,False,False,False
122.25,0.4890684593199764,-24.34478494433951,-0.011237730149294542,-0.09294925313020076,False,False,False,False
122.5,0.48621888850240735,-24.368301417389794,-0.011559047399031783,-0.09518250097812381,False,False,False,False
122.75,0.4832816940623453,-24.392425026694905,-0.011938755968190811,-0.09780633766359922,False,False,False,False
123.0,0.4802979895838347,-24.417165354029024,-0.011931098120090947,-0.10011628173132073,False,False,False,False
123.25,0.47725202099097713,-24.442447771474534,-0.012436842191200705,-0.10214301015090597,False,False,False,False
123.5,0.4741158153635089,-24.46826160941308,-0.012653013072780004,-0.10436767297676786,False,False,False,False
123.75,0.47093104243189465,-24.49463290710726,-0.01282538160855761,-0.10660269232567525,False,False,False,False
124.0,0.4676852144044901,-24.52152478920843,-0.013141425057759212,-0.1085323346869266,False,False,False,False
124.25,0.4643745083544495,-24.548865855130195,-0.013344380739926389,-0.11019617355242316,False,False,False,False
124.5,0.46099054128244243,-24.576689772743563,-0.013727563696510299,-0.11239513122779321,False,False,False,False
124.75,0.45756656970381654,-24.605037685173418,-0.013664397385522095,-0.11438817416639423,False,False,False,False
125.0,0.4541307359675818,-24.633877098489407,-0.01382245585873406,-0.11632711745968843,False,False,False,False
125.25,0.4506635971850082,-24.66316406337798,-0.013914809715811948,-0.11796859294174152,False,False,False,False
125.5,0.4471703268308247,-24.692836149922627,-0.014031489393006916,-0.11940808841479887,False,False,False,False
125.75,0.44363989069951393,-24.72288296461092,-0.01421214714196295,-0.12096641205901641,False,False,False,False
126.0,0.44006073897213704,-24.753315695934283,-0.014421211405317439,-0.12249541881718774,False,False,False,False
126.25,0.4364429495695346,-24.78412363786606,-0.014521243240222375,-0.12396810720596826,False,False,False,False
126.5,0.4327986988549408,-24.815324659866757,-0.014632920692077387,-0.12564005827062688,False,False,False,False
126.75,0.42912144355527443,-24.846921638039714,-0.014785263308515146,-0.1271357527500716,False,False,False,False
127.0,0.4254054054065741,-24.878912509862264,-0.014943198552788275,-0.1287912069401046,False,False,False,False
127.25,0.4216823613471588,-24.911269228636154,-0.014841274381415975,-0.13006255286048948,False,False,False,False
127.5,0.4179685994168756,-24.94392392974235,-0.014868926542213917,-0.1311750533820044,False,False,False,False
127.75,0.4142545634484955,-24.976850659631044,-0.014843462088570425,-0.13223878812836085,False,False,False,False
128.0,0.4105276141116116,-25.010053517206053,-0.014972241179706884,-0.13338406033037023,False,False,False,False
128.25,0.40678429391987686,-25.043489257523678,-0.014974388627838073,-0.1341018620081678,False,False,False,False
128.5,0.40302616163391347,-25.077144635216598,-0.015090768245678942,-0.13514114856283493,False,False,False,False
128.75,0.39925046215985915,-25.111039967556366,-0.015114911151627353,-0.13602150787909206,False,False,False,False
129.0,0.39544818509925506,-25.14516242547716,-0.015303394247545803,-0.13695813771696025,False,False,False,False
129.25,0.39164337666908783,-25.179511651908033,-0.015135156538634426,-0.13783568959155396,False,False,False,False
129.5,0.3878315143091796,-25.214093255859915,-0.015359835480407747,-0.13881712084062814,False,False,False,False
129.75,0.3839903636092229,-25.24889132973034,-0.015369441477086958,-0.13956746921713456,False,False,False,False
130.0,0.38014104823447586,-25.283883268904166,-0.015425157614930804,-0.14036803892050936,False,False,False,False
130.25,0.3762897406203332,-25.31908150564082,-0.01538538403589731,-0.1412178587226015,False,False,False,False
130.5,0.37244493540100954,-25.35449432677408,-0.015373140061217415,-0.14208471149783736,False,False,False,False
130.75,0.3685933124350562,-25.390119158166165,-0.015439922462159477,-0.14291393334254038,False,False,False,False
131.0,0.3647357544422845,-25.42593726517281,-0.015420609695546235,-0.14363092453144222,False,False,False,False
131.25,0.3608870559476654,-25.46190938629756,-0.015369027443445961,-0.1441460493297463,False,False,False,False
131.5,0.35702189302639437,-25.498023108438638,-0.015552334778583102,-0.14476371051655917,False,False,False,False
131.75,0.35313191530562793,-25.534278072475125,-0.01556753590890964,-0.14527600034217067,False,False,False,False
132.0,0.3492129263772145,-25.570662073157724,-0.01578442516984208,-0.14579598467017676,False,False,False,False
132.25,0.34525756844681743,-25.607154851812187,-0.015858471928226873,-0.14614623758436174,False,False,False,False
132.5,0.34130692045362054,-25.643724568066006,-0.015746737658816085,-0.14641150298056482,False,False,False,False
132.75,0.33738677145048784,-25.680352538730094,-0.015614473922343783,-0.14661227480204989,False,False,False,False
133.0,0.3334862199110535,-25.71704071532012,-0.015589965497363212,-0.14689314022882935,False,False,False,False
133.25,0.32959333893800696,-25.753808897841825,-0.015553116773855248,-0.14725232341894975,False,False,False,False
133.5,0.3257175649874487,-25.790637836314417,-0.015453087412139455,-0.14737919379258782,False,False,False,False
133.75,0.32184200704832266,-25.827509549890113,-0.015551397020665068,-0.1475945055442773,False,False,False,False
134.0,0.31796703645172236,-25.864442748877927,-0.015448394449235897,-0.14787109606938098,False,False,False,False
134.25,0.31412217444139,-25.90145497984309,-0.015310535781227595,-0.14822676464931842,False,False,False,False
134.5,0.3103308285689472,-25.93854486989753,-0.01502025684758531,-0.14849238315385205,False,False,False,False
134.75,0.30656639211340375,-25.975701406924294,-0.015095260621268886,-0.1487599059888911,False,False,False,False
135.0,0.30281424504000853,-26.012913585612434,-0.014921933313652087,-0.1489375398576273,False,False,False,False
135.25,0.29908788664309255,-26.0501276244955,-0.014888919112263822,-0.14877477431946456,False,False,False,False
135.5,0.2953874644451234,-26.087284973276983,-0.014714431652241098,-0.1484840323831499,False,False,False,False
135.75,0.29170011577748045,-26.124402394231236,-0.014784355572671291,-0.148455328658418,False,False,False,False
136.0,0.28799458263178396,-26.161506057548724,-0.014859902515313531,-0.14837397075886294,False,False,False,False
136.25,0.28428363709775795,-26.198588279548808,-0.014827653850073508,-0.14828380828226412,False,False,False,False
136.5,0.28058820121054084,-26.23565621797604,-0.014735831566721628,-0.14825970779264705,False,False,False,False
136.75,0.27688458419336853,-26.27270356850646,-0.014893091904918708,-0.14811908162413173,False,False,False,False
137.0,0.27316845118498345,-26.309713955214576,-0.014835958137200438,-0.14796401742739418,False,False,False,False
137.25,0.2694624801505312,-26.346634623783824,-0.01481175768120733,-0.14740133340822933,False,False,False,False
137.5,0.2657585221481795,-26.383479657446298,-0.014819902932900994,-0.14735893512363493,False,False,False,False
137.75,0.2620387645505072,-26.42026600745041,-0.014938118178167288,-0.1469318537638737,False,False,False,False
138.0,0.25831609313393666,-26.456968037702026,-0.01484323041967787,-0.1466843971951189,False,False,False,False
138.25,0.2545759938237333,-26.493617614123117,-0.015077548424767101,-0.14651219208197253,False,False,False,False
138.5,0.250799273917978,-26.530203682759808,-0.015136179762308227,-0.14617635148375857,False,False,False,False
138.75,0.24702077435537312,-26.566707170502298,-0.015091786721060253,-0.14585155464156294,False,False,False,False
139.0,0.2432617978243332,-26.603101556906257,-0.014979974462239119,-0.1453035471318234,False,False,False,False
139.25,0.23949981891537467,-26.63938287423377,-0.015115823793869797,-0.14494697868035736,False,False,False,False
139.5,0.2356675819262058,-26.675580122125144,-0.015542042938620562,-0.14463096426644892,False,False,False,False
139.75,0.2317683744310351,-26.71169262637791,-0.01565158352602496,-0.14426905942812987,False,False,False,False
140.0,0.22782761726256615,-26.747734901797827,-0.01587445560211832,-0.14406912291867538,False,False,False,False
140.25,0.22386214391776083,-26.78368338955091,-0.01584927990429912,-0.14351878147956593,False,False,False,False
140.5,0.2199325552945831,-26.819513392028778,-0.015587392231592835,-0.14312126303428196,False,False,False,False
140.75,0.21603896740005413,-26.855224313483863,-0.015561259207573576,-0.14256611107025038,False,False,False,False
141.0,0.21213701006116512,-26.890816232817976,-0.015654362710134647,-0.14216923482480617,False,False,False,False
141.25,0.20821704665899238,-26.926281122138324,-0.015705286740843087,-0.1415498749368262,False,False,False,False
141.5,0.20427586289369,-26.96161684820244,-0.015824144984483108,-0.14113592237010053,False,False,False,False
141.75,0.20030895617050415,-26.996811736190146,-0.015911042237330565,-0.14042317333883683,False,False,False,False
142.0,0.1963298871848933,-27.03187884357579,-0.015921481105447815,-0.1401136847621253,True,False,False,False
142.25,0.19236564010624277,-27.06681607554542,-0.015792427380216065,-0.1393841831621889,True,False,False,False
142.5,0.18843865528750123,-27.101597066219657,-0.01562340273207206,-0.13886375816743224,True,False,False,False
142.75,0.1845734459598134,-27.136230212102486,-0.015298210064093456,-0.13820143955456785,True,False,False,False
143.0,0.18074259024243083,-27.170680585680476,-0.01534856087333329,-0.1374015443222638,True,False,False,False
143.25,0.17693346956580308,-27.204913809667193,-0.015124316782279467,-0.13646426871335945,True,False,False,False
143.5,0.17314543363735463,-27.238947203639416,-0.015179908895089415,-0.13580287782314204,True,False,False,False
143.75,0.1693544974422402,-27.27279613450458,-0.01514750449918118,-0.1349885721532788,True,False,False,False
144.0,0.16558572826191958,-27.30643653693776,-0.015002569039163558,-0.1341346609767666,True,False,False,False
144.25,0.16186765873685896,-27.339876088984134,-0.014741916774169134,-0.13338177996865416,True,False,False,False
144.5,0.1581895074711324,-27.373133331671625,-0.014683227414567585,-0.13267616706453483,True,False,False,False
144.75,0.1545165487499912,-27.406238133754208,-0.014700394489654309,-0.13216224797760248,True,False,False,False
145.0,0.15085116780121924,-27.439206156780916,-0.014622598975556783,-0.13158194357066455,True,False,False,False
145.25,0.1472041954259339,-27.471988542919853,-0.014553095305995106,-0.13067715209365796,True,False,False,False
145.5,0.14356437787866463,-27.504561834947552,-0.014565373249970993,-0.12990918297035287,True,False,False,False
145.75,0.13991992949409215,-27.536978185520695,-0.01459016844194097,-0.1294216192770898,True,False,False,False
146.0,0.13628622590305714,-27.569239645009997,-0.014479390010969512,-0.12867006708158046,True,False,False,False
146.25,0.13266858173247195,-27.60132791198026,-0.014461704158967179,-0.12803607034796652,True,False,False,False
146.5,0.12907075022260495,-27.63325445401613,-0.014320886290143853,-0.12737627921536668,True,False,False,False
146.75,0.12551769620701766,-27.66501084262913,-0.014103480271920965,-0.12667485018580033,True,False,False,False
147.0,0.1220108395509384,-27.69656837805,-0.013951289684430428,-0.1257854475297758,True,False,False,False
147.25,0.11851876097746508,-27.727898800741194,-0.013985252015292769,-0.12485793079775548,True,False,False,False
147.5,0.1150583295302249,-27.759018063628883,-0.013698128299832435,-0.12409619937394968,True,False,False,False
147.75,0.11166703585434132,-27.78996935370386,-0.013432166773552788,-0.12351414630087139,True,False,False,False
148.0,0.10833648919637269,-27.82075641020533,-0.013212138026699021,-0.1227823264553432,True,False,False,False
148.25,0.105054728298928,-27.85134991228062,-0.01304187268652579,-0.1219657061996866,True,False,False,False
148.5,0.10180615631531213,-27.881756531069517,-0.012946639737233362,-0.12128725309010185,True,False,False,False
148.75,0.09861115523445439,-27.91197046912186,-0.012613288059503411,-0.12042428275726544,True,False,False,False
149.0,0.09548830202342523,-27.941975203321295,-0.01236946169806627,-0.11961361382627889,True,False,False,False
149.25,0.09240599602029412,-27.971744799313257,-0.012288885897328426,-0.11854316170613265,True,False,False,False
149.5,0.08933913477107529,-28.00128562709096,-0.012245932962448792,-0.11778346456513643,True,False,False,False
149.75,0.08632558662958577,-28.03062041286866,-0.011862368873294598,-0.11689485781909104,True,False,False,False
150.0,0.08335726726409645,-28.05973089164124,-0.01188410111797096,-0.11598897031261014,True,False,False,False
150.25,0.08038250940374018,-28.088623013216864,-0.011913882953640868,-0.11514799948452827,True,False,False,False
150.5,0.07737931705539106,-28.117296196504213,-0.012111570466377031,-0.11423744817617096,True,False,False,False
150.75,0.07437954440222226,-28.145748361815595,-0.011886530388394458,-0.11337989553177687,True,False,False,False
151.0,0.07142569475780354,-28.173974707278887,-0.011744177766007679,-0.11243088159565501,True,False,False,False
151.25,0.06847730802035462,-28.201997884887682,-0.011842852838515818,-0.11175452997155487,True,False,False,False
151.5,0.0655049382079984,-28.229828682553148,-0.011936024801262744,-0.11089184256786103,True,False,False,False
151.75,0.06251690658139902,-28.257448307950447,-0.011968150749294857,-0.11006515758168113,True,False,False,False
152.0,0.05953975580092532,-28.284849029556224,-0.01184896880553241,-0.1091406265010867,True,False,False,False
152.25,0.05662067530689428,-28.312017637408147,-0.01150358771057142,-0.10820826887703346,True,False,False,False
152.5,0.05376952687070973,-28.3389422937607,-0.011305504137908743,-0.10718900061881068,True,False,False,False
152.75,0.050973990744767564,-28.36560536265577,-0.011058684113636459,-0.10611557381208664,True,False,False,False
153.0,0.048225679715862904,-28.39201253503925,-0.010927712751052025,-0.10514181760377772,True,False,False,False
153.25,0.04551573807137872,-28.418168833188915,-0.010751723424589216,-0.10410858418591261,True,False,False,False
153.5,0.04284077377659082,-28.444108393064656,-0.010647925301245734,-0.10340790460615529,True,False,False,False
153.75,0.04018453495846988,-28.469858647435764,-0.010601908946038874,-0.10259413470113492,True,False,False,False
154.0,0.03752541682017931,-28.495409251427215,-0.010670962722208396,-0.10181069072003976,True,False,False,False
154.25,0.03484359717258488,-28.520767065224824,-0.010783523339850184,-0.10105180904856345,True,False,False,False
154.5,0.03215188058256588,-28.545887516618503,-0.010750102330783114,-0.09991180525181065,True,False,False,False
154.75,0.02946901189653432,-28.570769005966422,-0.01071277483115648,-0.09914011305081888,True,False,False,False
155.0,0.026800498166932793,-28.595426650255515,-0.010635239354650557,-0.09812104857200102,True,False,False,False
155.25,0.024163633980235102,-28.61984312133206,-0.01045958873610861,-0.09721073660078432,True,False,False,False
155.5,0.021569507695431,-28.64399555474709,-0.010293308633078261,-0.0960087463964392,True,False,False,False
155.75,0.018989591826125564,-28.66785378747735,-0.010345910157276405,-0.09485711048634324,True,False,False,False
156.0,0.016411463823595745,-28.691408325840648,-0.01027899379360751,-0.09357920272897041,True,False,False,False
156.25,0.013873541603880563,-28.714669419963997,-0.010024283525014374,-0.09250957427200869,True,False,False,False
156.5,0.011386313322903924,-28.737688684620146,-0.009873461566462734,-0.09164455719676277,True,False,False,False
156.75,0.008968219704540226,-28.760481236314988,-0.009471198326873764,-0.09069589428756139,True,False,False,False
157.0,0.006635963946378219,-28.783046964957038,-0.009186766470972574,-0.08982996166523118,True,False,False,False
157.25,0.004340020965491532,-28.805402174064092,-0.009180700598414504,-0.0890117117630864,True,False,False,False
157.5,0.0020892712214614357,-28.827539543180663,-0.008825210557503172,-0.08808727468526305,True,False,False,False
157.75,-0.00013602847931746244,-28.84944341929776,-0.008977098445907846,-0.087143719931434,True,False,False,False
158.0,-0.0023795246460339347,-28.87111553883944,-0.008970785405944672,-0.08623323699720539,True,False,False,False
158.25,-0.004627389764417069,-28.89255189710862,-0.009012043919561102,-0.08525762526638161,True,False,False,False
158.5,-0.006868692052586904,-28.913751201415916,-0.008918287930186493,-0.08433681803134607,True,False,False,False
158.75,-0.009102972832545533,-28.934706678685586,-0.0089558615748276,-0.08330699658355341,True,False,False,False
159.0,-0.011325892644381087,-28.955408712780134,-0.008827403211029552,-0.08230928828395098,True,False,False,False
159.25,-0.013523141253032361,-28.975871521622842,-0.008750499639456021,-0.08139318970819753,True,False,False,False
159.5,-0.015698793754940005,-28.9961088788305,-0.008654637048715785,-0.08050567699103393,True,False,False,False
159.75,-0.017861454316122734,-29.016150271182283,-0.008646583655777492,-0.07982546258250038,True,False,False,False
160.0,-0.02001211125851616,-29.03598399070957,-0.008558579723102276,-0.07884430193287624,True,False,False,False
160.25,-0.02213338147436705,-29.055577165190194,-0.008411493418237666,-0.07790110777947341,True,False,False,False
160.5,-0.024224939417428575,-29.074963657219637,-0.008320903496178016,-0.07719083699692576,True,False,False,False
160.75,-0.026300953992033783,-29.094143825750848,-0.008287124778691096,-0.07625051443744729,True,False,False,False
161.0,-0.02837058027937043,-29.113106801112163,-0.008269810688385771,-0.07545329008545694,True,False,False,False
161.25,-0.030439433589255663,-29.13184598125482,-0.008280922487912908,-0.07446015000815824,True,False,False,False
161.5,-0.03248543918070364,-29.15035158012221,-0.008087040029271403,-0.07358465921028008,True,False,False,False
161.75,-0.03448152731382128,-29.168634658108967,-0.007881580061766116,-0.07267998405465333,True,False,False,False
162.0,-0.03645510372845624,-29.18668804195742,-0.007906943616781166,-0.07174708434169455,True,False,False,False
162.25,-0.038427949533622906,-29.204533867730397,-0.007875754545486412,-0.07101952478264546,True,False,False,False
162.5,-0.040400443084345455,-29.222198544882595,-0.007904126139740437,-0.0702978897600441,True,False,False,False
162.75,-0.042383054994482035,-29.239672924055288,-0.007956693963310486,-0.06949713866538867,True,False,False,False
163.0,-0.04436260659479236,-29.256951783115298,-0.007879647182350156,-0.06873374107870867,True,False,False,False
163.25,-0.04633182175374984,-29.27402214320122,-0.007873989118103818,-0.06782914014209408,True,False,False,False
163.5,-0.04831829984075375,-29.29089227413134,-0.008017770158984354,-0.06713189374312889,True,False,False,False
163.75,-0.050310224747102054,-29.30760102764544,-0.007917573431435261,-0.06653814381625374,True,False,False,False
164.0,-0.05226747492245967,-29.32414737792435,-0.007740361772603711,-0.06583267512264454,True,False,False,False
164.25,-0.05419533167831028,-29.340504901564277,-0.007682416672133536,-0.0650275194598515,True,False,False,False
164.5,-0.05610316662033615,-29.356639890380507,-0.007580171234588193,-0.06405240070974548,True,False,False,False
164.75,-0.05797637830727031,-29.372577793416276,-0.007405465845123841,-0.06345084004773492,True,False,False,False
165.0,-0.05979193602744109,-29.388335810546902,-0.007118917245253215,-0.06261332401323741,True,False,False,False
165.25,-0.06156421083844136,-29.403878044688962,-0.007059197732652101,-0.06172455475362521,True,False,False,False
165.5,-0.0633219344958328,-29.419196476979536,-0.007002506800043438,-0.060822908915811234,True,False,False,False
165.75,-0.06507949005839814,-29.43429330140081,-0.00705785584185722,-0.05995168123603437,True,False,False,False
166.0,-0.06680424808534198,-29.44918567188972,-0.006740136584556702,-0.05918731262997799,True,False,False,False
166.25,-0.06848428433918605,-29.463863778915893,-0.0067000641706028725,-0.05823754735747233,True,False,False,False
166.5,-0.07014536797492023,-29.47831039127295,-0.0065885201225075515,-0.057335362015392854,True,False,False,False
166.75,-0.07177347735259478,-29.492563643923987,-0.0064362943777977995,-0.056690673544828034,True,False,False,False
167.0,-0.07338143856073004,-29.50662187731005,-0.0064273092326738125,-0.055775194390788325,True,False,False,False
167.25,-0.07497809838246344,-29.520484160847424,-0.0063459081150998775,-0.05512308158275714,True,False,False,False
167.5,-0.07657431857161641,-29.534201225514426,-0.006423805603133276,-0.05461342840902343,True,False,False,False
167.75,-0.07816971597277773,-29.547758543922647,-0.006339301425519438,-0.053845126823857184,True,False,False,False
168.0,-0.07973744739336955,-29.561128238736632,-0.006202481112362622,-0.05311244458748684,True,False,False,False
168.25,-0.08125651577301674,-29.574318442089673,-0.005949999866143843,-0.0524092060409239,True,False,False,False
168.5,-0.08275752218904717,-29.58733653276359,-0.006057988185744121,-0.051735509169209035,True,False,False,False
168.75,-0.08426964467037733,-29.600191729822743,-0.006038932562876124,-0.05110606910058127,True,False,False,False
169.0,-0.08576472418670732,-29.61289320198779,-0.0059216472056604725,-0.05050571927752783,True,False,False,False
169.25,-0.08720413987255035,-29.62545042237677,-0.005593626313476271,-0.04995207476026533,True,False,False,False
169.5,-0.0885762990330346,-29.637873745763383,-0.005383598395735766,-0.0494345321341859,True,False,False,True
169.75,-0.08991708578799139,-29.650143085109434,-0.0053426285095399964,-0.04872018649686408,True,False,False,True
170.0,-0.09124397311073257,-29.66223656198017,-0.005272404990559159,-0.048027635089733046,True,False,False,True
170.25,-0.09256247980724557,-29.674161950613552,-0.0052755873063646515,-0.04737547367728951,True,False,False,True
170.5,-0.09387919069479926,-29.685913127852345,-0.005258030093085883,-0.04663394588835507,True,False,False,True
170.75,-0.09517907639347305,-29.697480364772314,-0.005140986880857904,-0.045903960506287374,True,False,False,True
171.0,-0.09641834164080518,-29.708879076358247,-0.0047730770124409655,-0.04528576686794756,True,False,False,True
171.25,-0.09758238369558994,-29.720142934475394,-0.004539216182051248,-0.044825120117751825,True,False,False,True
171.5,-0.09873302056135537,-29.731263432590776,-0.004665814226515949,-0.04413885286956226,True,False,False,True
171.75,-0.0998996589857846,-29.74223131239711,-0.004667242946837416,-0.04360418544639654,True,False,False,True
172.0,-0.10106210450976955,-29.753054335237596,-0.004632262582536311,-0.042980000575484144,True,False,False,True
172.25,-0.10218852008714319,-29.763732404956443,-0.004379011737028319,-0.04244458105192737,True,False,False,True
172.5,-0.103268725387975,-29.774252827275582,-0.004262562416217246,-0.04171880848007931,True,False,False,True
172.75,-0.10430660317524386,-29.784614442863333,-0.004040408696079348,-0.041174137166687,True,False,False,True
173.0,-0.10528381088919789,-29.79485602976641,-0.0037772139932155395,-0.040758582872092226,True,False,False,True
173.25,-0.10619473162851747,-29.80497644365555,-0.003510099851739727,-0.04020475342468029,True,False,False,True
173.5,-0.10705627654251008,-29.814973744327034,-0.0033822189546976584,-0.039773664003873895,True,False,False,True
173.75,-0.1078526893790241,-29.824851443832863,-0.002989034302033777,-0.03924796911238964,True,False,False,True
174.0,-0.10858278437023666,-29.834603408114408,-0.0028516804699193956,-0.038767758089763404,True,False,False,True
174.25,-0.10928452023979815,-29.844233062431147,-0.0027621596213751845,-0.03826948488421158,True,False,False,True
174.5,-0.10996449236405687,-29.853726298560716,-0.0026775615662608374,-0.03767641212828379,True,False,False,True
174.75,-0.11065408013866193,-29.86306504067525,-0.0028390801277021283,-0.03703350955992166,True,False,False,True
175.0,-0.11136643939056465,-29.872257401941592,-0.0028597442090184657,-0.03650537862262496,True,False,False,True
175.25,-0.11205865730617842,-29.88130234727857,-0.002677937833278531,-0.03585420121399398,True,False,False,True
175.5,-0.11267623978472556,-29.89021346298187,-0.002262682549096562,-0.035434763562927456,True,False,False,True
175.75,-0.11323976658066655,-29.899000214506213,-0.002245477648880945,-0.034859250253909756,True,False,False,True
176.0,-0.11380679256190558,-29.907643934833427,-0.0022906766704292587,-0.03429050810241247,True,False,False,True
176.25,-0.1143598724328363,-29.91612941465443,-0.002133896656607805,-0.03359334524694396,True,False,False,True
176.5,-0.11485709906096594,-29.924461393464377,-0.0018438664007864682,-0.03306251257682607,True,False,False,True
176.75,-0.11529559665592927,-29.932648875363043,-0.001664055489306404,-0.03243735956514883,True,False,False,True
177.0,-0.11571556289779787,-29.940664664786873,-0.0016956039526363372,-0.03168895285108332,True,False,False,True
177.25,-0.11615638414890145,-29.948542099926875,-0.0018309323330517784,-0.031330515510113774,True,False,False,True
177.5,-0.11656487219299867,-29.956310414068707,-0.001436923579554261,-0.030816034771899724,True,False,False,True
177.75,-0.11691846158233993,-29.963962860196794,-0.001391752701373433,-0.030403538511539926,True,False,False,True
178.0,-0.11725397549799388,-29.971510869788244,-0.0012923187977217484,-0.02998054759471387,True,False,False,True
178.25,-0.11757158306901062,-29.978941956594053,-0.001248493512192269,-0.029468150983611646,True,False,False,True
178.5,-0.11788492581479762,-29.98624853186497,-0.0012582029006664246,-0.028984450268338215,True,False,False,True
178.75,-0.11821142004845825,-29.993439636899364,-0.0013537095308827722,-0.028544381002422896,True,False,False,True
179.0,-0.1185303059580719,-30.00051123138115,-0.0011973291490918214,-0.02802838959547713,True,False,False,True
179.25,-0.11879215320186275,-30.007479305735217,-0.0008974194128816197,-0.02771623351270043,True,False,False,True
179.5,-0.11897605188661771,-30.014358095348495,-0.0005737321825224658,-0.027314113910963483,True,False,False,True
179.75,-0.11910811098494517,-30.021121670683605,-0.0004826916354891548,-0.026794497353254496,True,False,False,True
180.0,-0.11924230668616485,-30.027750114528967,-0.0005908210615318807,-0.02623304321514047,True,False,False,True
180.25,-0.1193887573551953,-30.034247530611175,-0.0005807384224404725,-0.025746286393120918,True,False,False,True
180.5,-0.11951885130483489,-30.040621366832095,-0.00045996587875511875,-0.025244414760767084,True,False,False,True
180.75,-0.11963486546143011,-30.046863437506943,-0.00046809532472871193,-0.02469214987155444,True,False,False,True
181.0,-0.11972615425140416,-30.052986556084058,-0.00026217736045460805,-0.024292818159434543,True,False,False,True
181.25,-0.11976302191834674,-30.05900757016142,-3.272461865840129e-05,-0.023875316092401042,True,False,False,True
181.5,-0.11976530473515878,-30.064884817335884,1.4531158476586136e-05,-0.02314266575860632,True,False,False,True
181.75,-0.11974280779489431,-30.070608940597754,0.00016549078449637513,-0.022650334568912193,True,False,False,True
182.0,-0.11968224293292581,-30.076203737670525,0.000319079247219619,-0.022108056493658303,True,False,False,True
182.25,-0.11957383601208013,-30.08166137012602,0.0005482284655910531,-0.021553024754610028,True,False,False,True
182.5,-0.11943951305241322,-30.087010669360385,0.0005263846164959581,-0.021241367060859447,True,False,False,True
182.75,-0.11929886485656725,-30.092292129676224,0.0005988227558039733,-0.021010322295358867,True,False,False,True
183.0,-0.11911397772710088,-30.097490129411895,0.0008803154743001079,-0.02057370212929029,True,False,False,True
183.25,-0.11887512991222632,-30.102566777102318,0.001030517448392322,-0.02003949355522341,True,False,False,True
183.5,-0.1186195803649538,-30.10753438781195,0.0010139108472137167,-0.01970139055612321,True,False,False,True
183.75,-0.11837214121472639,-30.11240363102488,0.0009656447110759129,-0.019252550596763462,True,False,False,True
184.0,-0.11814041034730413,-30.117160423086432,0.000888244764412962,-0.0188017785983519,True,False,False,True
184.25,-0.11793074319212028,-30.121798005110353,0.000789139925270905,-0.01829886824935308,True,False,False,True
184.5,-0.11773721764165422,-30.126351623741307,0.0007590804230631869,-0.018130077964251833,True,False,False,True
184.75,-0.1175182135631644,-30.13087183218445,0.000992961523356413,-0.018031611631326053,True,False,False,True
185.0,-0.11723793916901862,-30.13533655221566,0.0012492662428197207,-0.01768617278286733,True,False,False,True
185.25,-0.11690908768876587,-30.139725273935635,0.0013815704060576967,-0.01742361345065295,True,False,False,True
185.5,-0.11654361861539234,-30.14401468660651,0.0015422323882114453,-0.016891703063638408,True,False,False,True
185.75,-0.11613273780513488,-30.148195041461882,0.0017448462666601982,-0.016551154881874655,True,False,False,True
186.0,-0.11570151041820542,-30.152271527122988,0.0017050191356168672,-0.0160607266520414,True,False,False,True
186.25,-0.11524189505024145,-30.156247718266883,0.001971933287642433,-0.015748827663941284,True,False,False,True
186.5,-0.11473468746285968,-30.16012786364207,0.002085770529902164,-0.015292346070208034,True,False,False,True
186.75,-0.1141859863911845,-30.163924539711598,0.002303858049285779,-0.01508108304743649,True,False,False,True
187.0,-0.11357655256599758,-30.16766237757962,0.002571637109667823,-0.014821645143108018,True,False,False,True
187.25,-0.112914313314479,-30.17129978598391,0.0027263282978583965,-0.014277636675547918,True,False,False,True
187.5,-0.11223527503742442,-30.174846082465756,0.0027059954600198353,-0.014092733262242656,True,False,False,True
187.75,-0.11155338633011568,-30.178333909740743,0.002749140974264921,-0.013809889005434168,True,False,False,True
188.0,-0.1108434749336309,-30.18171356333045,0.002930205232659281,-0.013227356783066259,True,False,False,True
188.25,-0.11010264933581383,-30.184977254461913,0.0029964322120073364,-0.012882178512549945,True,False,False,True
188.5,-0.10933154708008218,-30.188149189083724,0.0031724226194839327,-0.012493315054421514,True,False,False,True
188.75,-0.10852426355337652,-30.191231763570986,0.0032858764610035054,-0.01216729154017624,True,False,False,True
189.0,-0.10768583610620484,-30.19420586218507,0.0034215943299655857,-0.011625510168057705,True,False,False,True
189.25,-0.1068024632024961,-30.197087157060807,0.0036454079575148953,-0.011424869939122497,True,False,False,True
189.5,-0.10588812720702877,-30.19989046634686,0.0036693200580186123,-0.01100160660375464,True,False,False,True
189.75,-0.10495892675680864,-30.20262112108424,0.003764298585568876,-0.010843640249886903,True,False,False,True
190.0,-0.1040123712143044,-30.205277124230665,0.003808187318758721,-0.010404389059394377,True,False,False,True
190.25,-0.10309573285847316,-30.207850380337902,0.0035249406761082586,-0.010181633093864663,True,False,False,True
190.5,-0.10221668431505546,-30.21033489061699,0.003507493744008619,-0.009694447493937206,True,False,False,True
190.75,-0.10134597324832888,-30.212749339059034,0.003458201841022094,-0.009621135395144193,True,False,False,True
191.0,-0.10049231269836456,-30.215113588708064,0.0033711136458681847,-0.009292853586358583,True,False,False,True
191.25,-0.09964352171865369,-30.217412123156198,0.003419232941156192,-0.009095426535432672,True,False,False,True
191.5,-0.09876983156779459,-30.219666037764863,0.003570303445324668,-0.008935904576911855,True,False,False,True
191.75,-0.09785657390519213,-30.22189093683364,0.0037357648464780274,-0.008863303573069213,True,False,False,True
192.0,-0.096902708050014,-30.224095733302274,0.0038951704650297386,-0.008775083204878818,True,False,False,True
192.25,-0.09593978758947407,-30.22624482259751,0.0038082270749060974,-0.008417622959966117,True,False,False,True
192.5,-0.09498804572774375,-30.22832269929078,0.003805727980622082,-0.008205390350552282,True,False,False,True
192.75,-0.09403253353951367,-30.230379063076278,0.0038383658943699516,-0.008245523010569538,True,False,False,True
193.0,-0.09306139999123254,-30.232420996844418,0.003930717314218303,-0.00808995584148276,True,False,False,True
193.25,-0.09206338253024796,-30.23439741386316,0.004053457281754795,-0.007721391880433415,True,False,False,True
193.5,-0.09104343932590353,-30.23628684296793,0.0041061193785487905,-0.007394045922739301,True,False,False,True
193.75,-0.08998887618511255,-30.238124619319223,0.004330394011426053,-0.00730818603231877,True,False,False,True
194.0,-0.08887232418367334,-30.239913739255627,0.0046020507822256505,-0.0070047990708544915,True,False,False,True
194.25,-0.0877412088331439,-30.24166089652205,0.004446875253400472,-0.00697244443048458,True,False,False,True
194.5,-0.08662811077757118,-30.243354415993668,0.0044579467733927396,-0.006575712386305055,True,False,False,True
194.75,-0.08552427039589218,-30.244977676913475,0.004372792045512464,-0.006410366943734731,True,False,False,True
195.0,-0.08444581858194455,-30.246553135553548,0.004254843104654541,-0.00619329105652737,True,False,False,True
195.25,-0.08340974922175413,-30.24807102217321,0.0040337349008966504,-0.005949781054568563,True,False,False,True
195.5,-0.08240521152476858,-30.24950661587481,0.004002605944741631,-0.0055349656233616,True,False,False,True
195.75,-0.08142119388508037,-30.250850009729543,0.003869565763304279,-0.00521217267138224,True,False,False,True
196.0,-0.0804731611772501,-30.252111269571323,0.0037147275672395163,-0.004877891464632905,True,False,False,True
196.25,-0.07955247309849155,-30.253299145181806,0.003650801042760503,-0.0046251073921998904,True,False,False,True
196.5,-0.07864643656244555,-30.254426034049015,0.003597513556766954,-0.004389998521493116,True,False,False,True
196.75,-0.07774614584696152,-30.25548507359057,0.003604841319393717,-0.004082318501808132,True,False,False,True
197.0,-0.07682854996283098,-30.256489116205255,0.003735938372247908,-0.003950034775571948,True,False,False,True
197.25,-0.07589677679395054,-30.257446529230396,0.0037182698275261333,-0.003709267759758335,True,False,False,True
197.5,-0.07496804308650695,-30.25835074382334,0.0037116174054946994,-0.003524448356596089,True,False,False,True
197.75,-0.07406328497698704,-30.25919617715587,0.0035264745275742364,-0.003239000848262248,True,False,False,True
198.0,-0.07321224626900978,-30.259978272239287,0.003281856133310386,-0.003017736756307725,True,False,False,True
198.25,-0.07236383135054082,-30.26071291243562,0.00350547827770785,-0.0028594058975485157,True,False,False,True
198.5,-0.07146368425962128,-30.26141437150914,0.003695708693123818,-0.0027522846256652633,True,False,False,True
198.75,-0.07052211971559125,-30.262073115738847,0.0038368299281825633,-0.002517682517009558,True,False,False,True
199.0,-0.06955656553139142,-30.262684129822027,0.0038876175824871842,-0.0023704349367370775,True,False,False,True
199.25,-0.06855958468862045,-30.263259170627716,0.0040882425679254555,-0.002229910423802467,True,False,False,True
199.5,-0.06751374043384663,-30.263772295367115,0.004278545088810227,-0.001875105433201097,True,False,False,True
199.75,-0.06643364900929685,-30.26422817647559,0.004362196205828169,-0.0017719513212820152,True,False,False,True
200.0,-0.0653265954266215,-30.264674944909963,0.004494229780028676,-0.0018022086019085727,True,False,False,True
200.25,-0.06421344504499063,-30.26512514974367,0.00441097371382286,-0.001799422218322828,True,False,False,True
200.5,-0.06313064152812894,-30.265545541182625,0.004251476818880952,-0.0015636942558542044,True,False,False,True
200.75,-0.062067946385966896,-30.26592903647245,0.004250090091192237,-0.0015042679319927927,True,False,False,True
201.0,-0.060988820929694904,-30.266268880379823,0.0043829410515149,-0.0012144958522349667,True,False,False,True
201.25,-0.0599055854260758,-30.266564783063806,0.0042829489753749735,-0.0011527161923116877,True,False,False,True
201.5,-0.05884327011285447,-30.26684543755136,0.004215579376321636,-0.0010925133564708707,True,False,False,True
201.75,-0.05777226630037951,-30.267096130517345,0.004352468215376069,-0.0009130432773803897,True,False,False,True
202.0,-0.05668115965448782,-30.26732470793053,0.00437638488733149,-0.0009155782829940344,True,False,False,True
202.25,-0.05559451599008559,-30.267503783066694,0.0043168021783090964,-0.000517017188845599,True,False,False,True
202.5,-0.05452207299828231,-30.26763031079579,0.004262743984686055,-0.0004951995473114407,True,False,False,True
202.75,-0.053449565793259636,-30.26772946595025,0.004317332414762237,-0.0002980468349828055,True,False,False,True
203.0,-0.05239219793020221,-30.267789936942727,0.004141621250568823,-0.00018570453868449547,True,False,False,True
203.25,-0.05135285043609224,-30.267830982952468,0.004173162926254258,-0.00014266651302832675,True,False,False,True
203.5,-0.05032780506190253,-30.26784364959729,0.004027217580176281,4.134711428232054e-05,True,False,False,True
203.75,-0.049333841146007626,-30.267818718239216,0.0039245049148094015,0.0001581134341100882,True,False,False,True
204.0,-0.04836886100458327,-30.26780353929487,0.0037953180067192777,-3.6669699566574724e-05,True,False,False,True
204.25,-0.04742582444882044,-30.26777486878649,0.0037490031297305565,0.00026603813319810973,True,False,False,True
204.5,-0.04647209521878776,-30.2676922948512,0.0038808429784404058,0.00039454091917418693,True,False,False,True
204.75,-0.04549011488151682,-30.267597931087245,0.003974996654276488,0.00036036031563863784,True,False,False,True
205.0,-0.044517503186652006,-30.26752136784147,0.003805886859223315,0.00025216159429637306,True,False,False,True
205.25,-0.043566851333903665,-30.26745146701358,0.003799333289365519,0.0003070456466918051,True,False,False,True
205.5,-0.0426204931276455,-30.267379150725247,0.003771529159653563,0.00027148728134170427,True,False,False,True
205.75,-0.04167205497821715,-30.267301117678464,0.0038159838511756332,0.0003527729017281946,True,False,False,True
206.0,-0.040717619981933684,-30.26721034895671,0.0038194982143231206,0.00037337654094811993,True,False,False,True
206.25,-0.03975572114768286,-30.267110823840827,0.003875697275056929,0.00042281908759816554,True,False,False,True
206.5,-0.038806181791342716,-30.267006979153237,0.0037206163260096493,0.0004079530342167273,True,False,False,True
206.75,-0.037883135171896044,-30.266893740494925,0.00366376526330687,0.0004979615922237752,True,False,False,True
207.0,-0.03700614816282485,-30.266779979330337,0.0033521228598850324,0.0004121571062747986,True,False,False,True
207.25,-0.036164508811578795,-30.266640617473122,0.003381019480592281,0.0007027350270383402,True,False,False,True
207.5,-0.03535019326221463,-30.266454101383015,0.0031335132170377663,0.0007894170288381027,True,False,False,True
207.75,-0.034613130051078814,-30.266249867171563,0.002762997782438671,0.0008444915951814007,True,False,False,True
208.0,-0.033934346618053765,-30.266033241023965,0.0026672739420120005,0.0008885266105174346,True,False,False,True
208.25,-0.03326088322128239,-30.265802822675127,0.002720439589634264,0.0009548151677145985,True,False,False,True
208.5,-0.03258985047894698,-30.26556468914353,0.0026478220269432104,0.0009502599314911167,True,False,False,True
208.75,-0.03194403548991172,-30.265361005400756,0.002518672435079696,0.0006792221869954906,True,False,False,True
209.0,-0.03131176010312677,-30.265186995971018,0.0025395339309331934,0.0007128512840739349,True,False,False,True
209.25,-0.030666983435380227,-30.264988143502983,0.002618695080837963,0.0008779609968673928,True,False,False,True
209.5,-0.029996121667443587,-30.264752404906055,0.002748211424066899,0.0010079355676478154,True,False,False,True
209.75,-0.029332833834334996,-30.264513530256266,0.002558081461044188,0.0009030795562034509,True,False,False,True
210.0,-0.028723062710074604,-30.26425700536059,0.002320110829509562,0.0011491420452170917,True,False,False,True
210.25,-0.02813464344763585,-30.26397911090279,0.002387236280400369,0.001074007288570356,True,False,False,True
210.5,-0.027514090017143965,-30.26371405485485,0.0025771886621780583,0.0010464231860884824,True,False,False,True
210.75,-0.026841979285498262,-30.263412580600423,0.0027997273671090013,0.0013653498682543084,True,False,False,True
211.0,-0.026129892541552405,-30.263068582812437,0.002896968704058814,0.0013866232676829193,True,False,False,True
211.25,-0.025426814613200757,-30.262739611558477,0.0027276414982679146,0.0012451627282644665,True,False,False,True
211.5,-0.02473029735294967,-30.262401258071264,0.002844517106114068,0.0014616541503060195,True,False,False,True
211.75,-0.024019485689266148,-30.26204466533323,0.0028419696640668178,0.0013910879941083573,True,False,False,True
212.0,-0.02328502264798501,-30.261691891765523,0.0030337385543966738,0.0014310824675015357,True,False,False,True
212.25,-0.02253545907319659,-30.2613521162332,0.0029627565917785172,0.0012871284832848418,True,False,False,True
212.5,-0.02178702612531195,-30.26106574231901,0.0030246804040537003,0.001003856992085982,True,False,False,True
212.75,-0.02102487217739771,-30.26079066738229,0.0030725694861310814,0.00119673798662734,True,False,False,True
213.0,-0.020213755416907366,-30.26051648197504,0.0034163458690895146,0.0009967128599791457,True,False,False,True
213.25,-0.01938227482824967,-30.2602552042142,0.003235508100830527,0.0010935262761967717,True,False,False,True
213.5,-0.01854387445918061,-30.259959219634815,0.0034717120319602834,0.001274328089457979,True,False,False,True
213.75,-0.01770129135788055,-30.259634682425883,0.0032689574067210846,0.0013219886978002495,True,False,False,True
214.0,-0.01687897978479466,-30.259317443760622,0.0033095253090175353,0.001215916799506228,True,False,False,True
214.25,-0.016059723272861426,-30.259014347385985,0.003244526252240161,0.0012088603257492702,True,False,False,True
214.5,-0.015272783610565072,-30.258673134093172,0.0030510205879440986,0.001520864260571394,True,False,False,True
214.75,-0.014502014366879893,-30.258284009494332,0.003115140203501555,0.0015921264849413108,True,False,False,True
215.0,-0.013712814519898326,-30.257868737271764,0.003198471701508954,0.0017300434390604088,True,False,False,True
215.25,-0.012922850136855405,-30.257453569044905,0.00312123040932998,0.0015913096581680111,True,False,False,True
215.5,-0.012152337609596863,-30.257067763944253,0.0030428608649527,0.0014951385357853306,True,False,False,True
215.75,-0.011381259928927356,-30.256694777871306,0.00312576010072781,0.0014887422319924185,True,False,False,True
216.0,-0.0105953011810806,-30.256330441388425,0.003161904087356184,0.001425946223384833,True,False,False,True
216.25,-0.009789330699058418,-30.255957833745715,0.003285872055913746,0.0015549032305324781,True,False,False,True
216.5,-0.008944203081162873,-30.255557537598968,0.0034751577476514065,0.0016474480974892577,True,False,False,True
216.75,-0.008080414479017094,-30.255121557138224,0.003435169399271894,0.001840399358596713,True,False,False,True
217.0,-0.007223250878885282,-30.254651046541003,0.0034221473912994997,0.001923686646885157,True,False,False,True
217.25,-0.006397224964210765,-30.25416174180325,0.0031860663832467434,0.0019907735129842423,True,False,False,True
217.5,-0.005593247590759568,-30.25366545276058,0.0032457516732554356,0.0019795332012457856,True,False,False,True
217.75,-0.004793150040701327,-30.253160787540253,0.0031550362339902525,0.002057797114064074,True,False,False,True
218.0,-0.004018846802837821,-30.252668554694843,0.0030393730372124373,0.0018800765540134567,True,False,False,True
218.25,-0.0032496249405226493,-30.252197850503197,0.0031144025004141186,0.001885549905340624,True,False,False,True
218.5,-0.002442178454673428,-30.25174562045914,0.0033451550641322974,0.0017322686916410382,True,False,False,True
218.75,-0.0015920018619139473,-30.25135135285353,0.0034562285486257013,0.0014218616811894954,True,False,False,True
219.0,-0.0007101624181563399,-30.251003537249535,0.003598481371432574,0.0013606497390872248,True,False,False,True
219.25,0.00016644266845928217,-30.250640001587126,0.0034143770925115597,0.0015476529176223063,True,False,False,True
219.5,0.0010353572750397117,-30.250234676138728,0.0035369537853813613,0.0016949391129561977,True,False,False,True
219.75,0.0019107953465995508,-30.24979969753694,0.0034665594083834864,0.0017848963381550714,True,False,False,True
220.0,0.0027584290653699358,-30.249332996961165,0.00331452592303098,0.0019487226018330818,True,False,False,True
220.25,0.0035772999725901785,-30.248825852795434,0.003236456523813613,0.002108438084424925,True,False,False,True
220.5,0.004348079409173073,-30.248327476963425,0.0029297574226743836,0.001878597487435671,True,False,False,True
220.75,0.005086278448722137,-30.24787155595139,0.002975824656880589,0.001768766265581496,True,False,False,True
221.0,0.00579569250628609,-30.24744107315066,0.0026994790883214654,0.0016751221942658764,True,False,False,True
221.25,0.006482276062049363,-30.247015567162254,0.0027931945394298356,0.0017289168774512645,True,False,False,True
221.5,0.0071554367979817365,-30.246554741054954,0.0025921130265650844,0.0019577109390439213,True,False,False,True
221.75,0.007810323606604256,-30.246085776838562,0.0026469661122137137,0.001793997620527394,True,False,False,True
222.0,0.008472783571193652,-30.2456359785945,0.0026527146900852112,0.0018043877900101868,True,False,False,True
222.25,0.009107516381829108,-30.245191696860573,0.0024251427582408433,0.0017498875370095751,True,False,False,True
222.5,0.009703224702106618,-30.24476003853717,0.0023405195151981273,0.001703387028565151,True,False,False,True
222.75,0.010271033610982114,-30.244337126204016,0.0022019496346133505,0.0016799247010870315,True,False,False,True
223.0,0.010825155854115942,-30.243939695297613,0.0022310113904430036,0.0014995198101808963,True,False,False,True
223.25,0.011351769345839365,-30.243572431984873,0.0019818908850080964,0.0014386101789683745,True,False,False,True
223.5,0.011823640503890051,-30.243166605724852,0.0017931132828420987,0.0018080176992763069,True,False,False,True
223.75,0.01228000228092028,-30.242694289542943,0.001857796325871892,0.0019705056576464954,True,False,False,True
224.0,0.01272759489053476,-30.242186916832264,0.0017229557461687281,0.0020884887406387226,True,False,False,True
224.25,0.013160935320998003,-30.241692050249785,0.0017437472092996513,0.0018704419589461265,True,False,False,True
224.5,0.01358848926155816,-30.24121761474333,0.0016766895319166666,0.001925048414919251,True,False,False,True
224.75,0.01403937538548585,-30.240743128229038,0.0019303944189403247,0.0018708197799981517,True,False,False,True
225.0,0.01450712420756349,-30.240285337503963,0.0018115887558308764,0.0017915172216693726,True,False,False,True
225.25,0.014963175269177764,-30.239806075425314,0.0018368434801085474,0.002042577026474566,True,False,False,True
225.5,0.015406216609990878,-30.239295631124506,0.0017074871676166974,0.0020409895757654752,True,False,False,True
225.75,0.01585761852147573,-30.238785702810535,0.001903727954077223,0.002038418434304771,True,False,False,True
226.0,0.016363187458101662,-30.238266634237238,0.002140830755855861,0.0021141077979056205,True,False,False,True
226.25,0.01689311601879813,-30.23776102920585,0.0020985805261501764,0.0019307364365859529,True,False,False,True
226.5,0.01742746958802646,-30.23726904371681,0.0021762551279960025,0.0020051401524960925,True,False,False,True
226.75,0.017970642738201367,-30.23676776850606,0.0021691301529614113,0.0020050622052608805,True,False,False,True
227.0,0.018537187250479474,-30.236264274856893,0.0023632277147150075,0.002022868688464845,True,False,False,True
227.25,0.019120274137427756,-30.235762746653712,0.0023014643152069244,0.001989362760082582,True,False,False,True
227.5,0.019667250894427196,-30.23523801138356,0.0020743704925324413,0.002208540811650673,True,False,False,True
227.75,0.02018756493511037,-30.234679991635584,0.0020881463544454902,0.0022556158733913604,True,False,False,True
228.0,0.020711146874989254,-30.234140749055463,0.0021004906475334756,0.0020583236037723125,True,False,False,True
228.25,0.021223670501524485,-30.233613134296963,0.001999708278361939,0.0021626039660463145,True,False,False,True
228.5,0.021697034391791794,-30.233063417311687,0.0017872097593784034,0.0022351519506421495,True,False,False,True
228.75,0.02213004053386195,-30.232511885705883,0.001676833974358754,0.0021771113021108782,True,False,False,True
229.0,0.02254580976872518,-30.23195145177484,0.0016493321569668433,0.002306362739127049,True,False,False,True
229.25,0.022944265857966367,-30.2313677171426,0.0015383220099845101,0.002363524784877166,True,False,False,True
229.5,0.023306244367959073,-30.230786245251554,0.0013574990325644636,0.0022882673915950546,True,False,False,True
229.75,0.023644871820009503,-30.230234924213338,0.001351504990660709,0.002122301479262678,True,False,False,True
230.0,0.023986096858671074,-30.229707682368595,0.0013782928586965858,0.0020956307531350645,True,False,False,True
230.25,0.024355932178650546,-30.229164332791736,0.0015804044224521775,0.002251146806552965,True,False,False,True
230.5,0.024743154733391833,-30.228587622150666,0.0015173865800472612,0.0023625442633557216,True,False,False,True
230.75,0.025123000408325318,-30.228003716505285,0.0015213738037778072,0.0023087005237659337,True,False,False,True
231.0,0.02549089449340775,-30.22740218890191,0.0014217973043462143,0.00250352969136736,True,False,False,True
231.25,0.025849426325374316,-30.226767251271585,0.0014464642383715917,0.0025759690256208553,True,False,False,True
231.5,0.026223942577647947,-30.226114701987974,0.0015496722929123623,0.002644415512758305,True,False,False,True
231.75,0.026584582214943975,-30.22546665894025,0.0013354350140033573,0.002539949067451583,True,False,False,True
232.0,0.02688590861713447,-30.224830240387632,0.0010751773335851518,0.0025514238907206103,True,False,False,True
232.25,0.027182531314191613,-30.224180443824977,0.0012978132944758563,0.0026469276202867164,True,False,False,True
232.5,0.02749678686674622,-30.223528431475213,0.0012162238460462183,0.0025691788701129336,True,False,False,True
232.75,0.027792736824569415,-30.22290745151046,0.0011513597879338013,0.002398666963320554,True,False,False,True
233.0,0.0280897976062633,-30.222339551674974,0.0012251025524795355,0.0021445247680571588,True,False,False,True
233.25,0.028410371705931782,-30.221802835558886,0.0013394907363187157,0.0021491933760522113,True,False,False,True
233.5,0.028747462524132735,-30.22129555819539,0.0013572132199079678,0.001909023861038076,True,False,False,True
233.75,0.02909752222502825,-30.22084968175484,0.001443240774668665,0.0016579795526505399,True,False,False,True
234.0,0.029465844450404413,-30.220435897784814,0.0015033365505315347,0.001652286541673002,True,False,False,True
234.25,0.02983901723800726,-30.220017659286444,0.0014820497072652835,0.0016936234522353366,True,False,False,True
234.5,0.030211120723624023,-30.21959817420521,0.001494775279863973,0.001662255997839149,True,False,False,True
234.75,0.030601774808983764,-30.21917576932407,0.00163046262400898,0.001716970258593123,True,False,False,True
235.0,0.030979065357279123,-30.218744492809716,0.0013878633589715877,0.001733264728638011,True,False,False,True
235.25,0.03135034603740826,-30.218298128499477,0.0015823919812147785,0.0018376314130220733,True,False,False,True
235.5,0.03177551025477402,-30.217853113007102,0.0018189109682766023,0.0017224702268574912,True,False,False,True
235.75,0.032239265481678915,-30.217447306152827,0.0018911122071867187,0.0015239778001643312,True,False,False,True
236.0,0.03272431669601506,-30.217079229120856,0.001989287841346657,0.001420629199547616,True,False,False,True
236.25,0.03320238294906235,-30.216712409753324,0.001835251056940544,0.0015139402633695446,True,False,False,True
236.5,0.03365566354091712,-30.21632980926506,0.0017909968548497717,0.0015468678150501198,True,False,False,True
236.75,0.03409117277993206,-30.215941396845015,0.0016930784066170358,0.0015604407770728873,True,False,False,True
237.0,0.0345084267974785,-30.215568809419082,0.0016449405844920302,0.001420263168835443,True,False,False,True
237.25,0.034898965400690665,-30.215183724175464,0.0014793909471666742,0.0016604343882140194,True,False,False,True
237.5,0.035276185304323436,-30.214760945599753,0.0015383741267646137,0.0017217886565176971,True,False,False,True
237.75,0.03567080764132039,-30.214314587982013,0.0016186166320080076,0.0018490647200799667,True,False,False,True
238.0,0.03609425736040137,-30.213843134678996,0.0017689881163910532,0.0019225475269334753,True,False,False,True
238.25,0.03655644665350316,-30.213376115001303,0.0019285160302546327,0.0018135948542243082,True,False,False,True
238.5,0.03704282547708964,-30.21290547287009,0.0019625276417067302,0.0019515389888587337,True,False,False,True
238.75,0.03754378421388062,-30.212393925686307,0.0020451601793005604,0.002140830690782549,True,False,False,True
239.0,0.03804600336721033,-30.21184852661049,0.0019726008151457154,0.0022223687566931753,True,False,False,True
239.25,0.03852248490046856,-30.21128843241843,0.0018392549239524443,0.0022583973516892867,True,False,False,True
239.5,0.03899194064758117,-30.210713098747732,0.0019163992236858867,0.0023442647406980697,True,False,False,True
239.75,0.03946920933764674,-30.210130146679802,0.001901748024525728,0.002319353184056466,True,False,False,True
240.0,0.03995732822215874,-30.20955229717973,0.002003201628728573,0.0023034332513966515,True,False,False,True
240.25,0.04043487944943877,-30.208972467412824,0.0018172112630196527,0.0023352224191211706,True,False,False,True
240.5,0.0408825265652223,-30.208384980511273,0.001763968511942453,0.0023646778130224123,True,False,False,True
240.75,0.041340277409922875,-30.20778334562451,0.0018980462112048906,0.0024483886401530115,True,False,False,True
241.0,0.04183271059022164,-30.20716013617266,0.0020414276900837195,0.0025372734565260856,True,False,False,True
241.25,0.04234210049669845,-30.20652066940405,0.0020336955264566477,0.002578461421371998,True,False,False,True
241.5,0.042815814006177004,-30.205889627565675,0.0017560023898840846,0.002469899466673648,True,False,False,True
241.75,0.04326425214998325,-30.205239177821294,0.0018315277027621973,0.0027336913677943266,True,False,False,True
242.0,0.04372576293150309,-30.204544329143083,0.001860567240852995,0.002825095320020622,True,False,False,True
242.25,0.044186028320029686,-30.203841242395313,0.0018215535375094274,0.0027996023403512294,True,False,False,True
242.5,0.04461098415790782,-30.203145850747216,0.0015780898348315242,0.0027635537983079065,True,False,False,True
242.75,0.04499589661039942,-30.202455502800372,0.0015012094396989776,0.0027592370247520796,True,False,False,True
243.0,0.04534275949088774,-30.201753586052238,0.001273702793735911,0.0028561184097824293,True,False,False,True
243.25,0.04561815586225857,-30.201024513451504,0.0009294795704513575,0.002976494849654731,True,False,False,True
243.5,0.04585196523643512,-30.20029049385287,0.0009409878392963403,0.0028956608544184153,True,False,False,True
243.75,0.0460339231946249,-30.199568761485658,0.0005146742127246237,0.0028782382763367863,True,False,False,True
244.0,0.04616030220032662,-30.198817904603835,0.0004963814590962295,0.00312861850287197,True,False,False,True
244.25,0.04624394077612993,-30.19806018612536,0.00017270873276131082,0.002933159841008892,True,False,False,True
244.5,0.04626791803794396,-30.197306316787532,1.9124888833463375e-05,0.0030978093415792766,True,False,False,True
244.75,0.04624397561832899,-30.196528074786126,-0.00021066138920696257,0.0031281483340399184,True,False,False,True
245.0,0.04620584473919354,-30.195777696458244,-9.440952945120273e-05,0.0028748673287193973,True,False,False,True
245.25,0.04617885227423254,-30.195044545392204,-0.00012151930737402489,0.002990343755524283,True,False,False,True
245.5,0.046128332528259174,-30.194291478730857,-0.0002826345332595104,0.0030342047252842246,True,False,False,True
245.75,0.04605567653523192,-30.193552738827517,-0.00029862836498752507,0.002875716009341907,True,False,False,True
246.0,0.04597884034785293,-30.19282043260356,-0.00031605105648830066,0.0029827354249197208,True,False,False,True
246.25,0.04588587308032752,-30.192046102845378,-0.00042766549158534505,0.003211913163591672,True,False,False,True
246.5,0.04577110923400669,-30.191223007773733,-0.0004904301238155069,0.0033728533270699253,True,False,False,True
246.75,0.04565717450361392,-30.190345416800053,-0.0004210218090278778,0.0036478679185252055,True,False,False,True
247.0,0.04553493483888111,-30.18943516033759,-0.0005568968173331791,0.003634196591537477,True,False,False,True
247.25,0.04538536872594765,-30.18852274286717,-0.0006396291916687673,0.003665150971879011,True,False,False,True
247.5,0.04519034065684071,-30.187619009202038,-0.0009206048587368814,0.003564744839727499,True,False,False,True
247.75,0.044955662874427586,-30.186695835527463,-0.000956793311427348,0.0038206479687590295,True,False,False,True
248.0,0.04471616369616081,-30.185755410394794,-0.0009592112681991917,0.0037027533205666015,True,False,False,True
248.25,0.04446903328750027,-30.18484774940411,-0.0010178456371250839,0.003558540132968327,True,False,False,True
248.5,0.04422134872233584,-30.183976593592703,-0.0009636448621516613,0.0034107012482040293,True,False,False,True
248.75,0.04395076143409463,-30.183103220196458,-0.001201037873546672,0.0035763083033082226,True,False,False,True
249.0,0.04363066908559851,-30.182197202251952,-0.001359691957892687,0.00367185021073539,True,False,False,True
249.25,0.04329881098518102,-30.181260926210946,-0.0012951590862711104,0.003818352033098323,True,False,False,True
249.5,0.042993948180435705,-30.18029977253509,-0.001143738449696754,0.0038708630977220505,True,False,False,True
249.75,0.04271480010328468,-30.179319208957832,-0.0010894365222737276,0.003973640400713074,True,False,False,True
250.0,0.042450619402970846,-30.17831203735167,-0.0010239987435478445,0.004083726279042865,True,False,False,True
250.25,0.0421952413824468,-30.177280822631772,-0.0010190177055402203,0.004165991010533952,True,False,False,True
250.5,0.04194358044093186,-30.176216440078974,-0.0009942526063316424,0.004349067076973674,True,False,False,True
250.75,0.04169693334135278,-30.175134074399462,-0.0009789279265202434,0.004309856914287202,True,False,False,True
251.0,0.04143464813903765,-30.174018558555193,-0.0011193250324987307,0.004614283076576558,True,False,False,True
251.25,0.04114310880414943,-30.1728621225056,-0.0012129875312985633,0.004637214150734162,True,False,False,True
251.5,0.0408380576685229,-30.171691996556827,-0.0012274134396499283,0.004723794799510995,True,False,False,True
251.75,0.04051536753411356,-30.17051260924947,-0.0013541088638002992,0.004711315604275202,True,False,False,True
252.0,0.04020770771076821,-30.169342964198627,-0.001107175947006173,0.004645821521525977,True,False,False,True
252.25,0.03993718515488162,-30.16819789382766,-0.0010570169021178973,0.0045147367171737614,True,False,False,True
252.5,0.03967048259153924,-30.16707646433653,-0.0010766091189272744,0.004456701059010845,True,False,False,True
252.75,0.03939605403048328,-30.16597809524557,-0.0011188313347720096,0.004330255649429699,True,False,False,True
253.0,0.03912031500885068,-30.164892361512226,-0.0010870784918690967,0.004355611223646121,True,False,False,True
253.25,0.038833022167516884,-30.16380909321264,-0.0012112685334589373,0.004310546881726654,True,False,False,True
253.5,0.03849771903270967,-30.162720013163845,-0.001471147965270092,0.004402118010204899,True,False,False,True
253.75,0.03814812290828097,-30.161601064780186,-0.001325607195049562,0.00454945533743195,True,False,False,True
254.0,0.037805509084230055,-30.1604425262463,-0.0014152874804791585,0.004718861388761812,True,False,False,True
254.25,0.037454555994119634,-30.15923289671928,-0.0013923147341567705,0.004958172661491755,True,False,False,True
254.5,0.03709772093205002,-30.157991753861364,-0.0014623646123115106,0.00497097680618295,True,False,False,True
254.75,0.03672705629268027,-30.156761208653535,-0.001502961762614706,0.004873388683981056,True,False,False,True
255.0,0.036340154488762426,-30.155540602854323,-0.001592251026280465,0.004891466127971931,True,False,False,True
255.25,0.03592110577773134,-30.15430795543027,-0.001760131350339815,0.004969729092336756,True,False,False,True
255.5,0.03546934731180772,-30.15304183707685,-0.001853918583402005,0.005159226577331055,True,False,False,True
255.75,0.03502355670960349,-30.151733628656487,-0.0017123924273785723,0.005306427442390599,True,False,False,True
256.0,0.0346118841144119,-30.150387317347345,-0.0015809735392188023,0.005464050640499879,True,False,False,True
256.25,0.034196191121626335,-30.149025582283052,-0.0017445736944747372,0.005429845298139967,True,False,False,True
256.5,0.03376842550394516,-30.147682519124405,-0.0016775621757488836,0.005314653653147831,True,False,False,True
256.75,0.03335686128899665,-30.14635500222325,-0.0016149524749959744,0.005305475653213047,True,False,False,True
257.0,0.032971684482983904,-30.14502722400541,-0.00146646097309366,0.005316736089631136,True,False,False,True
257.25,0.03260718233540991,-30.143675205366737,-0.0014495390430863957,0.005499411424343473,True,False,False,True
257.5,0.03222526010098281,-30.142304060105243,-0.0016058416884806726,0.005469765403904829,True,False,False,True
257.75,0.03181422482208257,-30.140951825539016,-0.001682452077438226,0.005348118348779487,True,False,False,True
258.0,0.031394736176291266,-30.139615271259906,-0.0016734575145884137,0.005344315036063072,True,False,False,True
258.25,0.03098330914906455,-30.13829277478889,-0.001617969013911557,0.00523565150055323,True,False,False,True
258.5,0.030582781264917824,-30.13701107724676,-0.0015862746506415002,0.005017925848292707,True,False,False,True
258.75,0.03019911206300349,-30.135774305260934,-0.0014830923842508973,0.004876240310232381,True,False,False,True
259.0,0.029857738596693932,-30.13456759187827,-0.001247904715361413,0.004777444577462769,True,False,False,True
259.25,0.029545403979894577,-30.133382183402066,-0.0012507790214811988,0.004705823503143748,True,False,False,True
259.5,0.029253830102256382,-30.1321942864479,-0.0010818034184080848,0.004797336199084188,True,False,False,True
259.75,0.02900654765380505,-30.13101583546541,-0.0008964719613522172,0.004630254187686643,True,False,False,True
260.0,0.02881936574848538,-30.129872064010133,-0.0006009937163888597,0.004519889596651585,True,False,False,True
260.25,0.02864849346213204,-30.12875129111082,-0.0007659915389821598,0.0044463091539508354,True,False,False,True
260.5,0.028473834336770205,-30.12762086971921,-0.0006312672799954222,0.004597049277062106,True,False,False,True
260.75,0.028334712036665228,-30.12650161794841,-0.0004817337797222196,0.004356950791258871,True,False,False,True
261.0,0.0282235357987206,-30.125421648013457,-0.00040768313243969424,0.004282801706838581,True,False,False,True
261.25,0.02812689803912241,-30.12435166872346,-0.0003654195040968006,0.004277028628503419,True,False,False,True
261.5,0.02803347899520652,-30.123295106597002,-0.00038194243718668683,0.004175469940954557,True,False,False,True
261.75,0.027951400170252428,-30.122258941491797,-0.00027469398600916,0.004113840789238692,True,False,False,True
262.0,0.02789756322308203,-30.121238287517038,-0.0001560074888228076,0.004051379819023163,True,False,False,True
262.25,0.027871290839768303,-30.120238308766016,-5.418128705825118e-05,0.003948440588889562,True,False,False,True
262.5,0.027868027130230025,-30.119253267670818,2.807004892772691e-05,0.0039318804179974895,True,False,False,True
262.75,0.027891164687692645,-30.118265847671296,0.0001570337696374383,0.003967467419408905,True,False,False,True
263.0,0.02790758369195339,-30.11728690025893,-2.56914757178663e-05,0.0038641291069563843,True,False,False,True
263.25,0.027868105087043914,-30.11631172179026,-0.00029013046905953166,0.003937323573856425,True,False,False,True
263.5,0.027806574070975715,-30.115350161884216,-0.00020213484500372967,0.0037551473782066387,True,False,False,True
263.75,0.027746095686187106,-30.11441104827572,-0.000281691995814571,0.003757768990470522,True,False,False,True
264.0,0.02769251230896392,-30.113445159931203,-0.00014695508492042097,0.0039693250626121794,True,False,False,True
264.25,0.02764558250780626,-30.112436086331254,-0.00022847070331250504,0.0041032714223259905,True,False,False,True
264.5,0.027571838307783255,-30.11141222637328,-0.0003614843842215645,0.004087620782053053,True,False,False,True
264.75,0.027499260152178892,-30.11039591395597,-0.0002191450918128453,0.00404286513658759,True,False,False,True
265.0,0.027443205469793182,-30.10937685302724,-0.00022928608224964363,0.004109623249352855,True,False,False,True
265.25,0.027412509994710708,-30.108320878180074,-1.6256177179406022e-05,0.00433815544339128,True,False,False,True
265.5,0.02739519556022188,-30.1072657626995,-0.00012228149297997996,0.004102778397289179,True,False,False,True
265.75,0.027327772760432287,-30.106267165873508,-0.0004171213518483462,0.0038860240083201172,True,False,False,True
266.0,0.027232042720292456,-30.10530449567267,-0.00034872564954887034,0.0038153311499956643,True,False,False,True
266.25,0.02712718527209934,-30.10437188291069,-0.0004901499566022278,0.0036455842794217972,True,False,False,True
266.5,0.027001755389810762,-30.1034862343489,-0.000513308541483925,0.003439606398315166,True,False,False,True
266.75,0.026854072506314643,-30.102611281116502,-0.0006681431961275178,0.00356003405876741,True,False,False,True
267.0,0.026663475873825514,-30.101730917674498,-0.0008566371673476685,0.0034828912486000565,True,False,False,True
267.25,0.026461016540286434,-30.1008510089573,-0.0007630306057725168,0.0035563696637231036,True,False,False,True
267.5,0.026266302847138167,-30.09996517037424,-0.0007946814244716169,0.0035303419848000347,True,False,False,True
267.75,0.026075641720104854,-30.099074857812187,-0.0007306017947735972,0.003592152470138609,True,False,False,True
268.0,0.02587759358363807,-30.098185331342194,-0.0008537897474159995,0.0035240709040397643,True,False,False,True
268.25,0.025650336706198994,-30.097302828573177,-0.00096426418739005,0.0035359616636751346,True,False,False,True
268.5,0.02538736557447817,-30.096415528831216,-0.0011395024108532199,0.0035624527935469207,True,False,False,True
268.75,0.025084678175063088,-30.09551476134876,-0.0012819891728182457,0.0036437004998526776,True,False,False,True
269.0,0.024743706779537814,-30.09457867956845,-0.0014457630702158864,0.0038449691833253746,True,False,False,True
269.25,0.024398763811748082,-30.09358842514696,-0.001313758846231453,0.0040770537431585215,True,False,False,True
269.5,0.02406650328434069,-30.092585951094772,-0.0013443380892163572,0.003942741557377612,True,False,False,True
269.75,0.023712727541208838,-30.09158476833694,-0.001485856222380237,0.00406673384768672,True,False,False,True
270.0,0.023324035901508854,-30.09056641209399,-0.0016236756944990054,0.004080129089590712,True,False,False,True
270.25,0.022891959007411217,-30.089528631029083,-0.0018329261386259026,0.0042221391579100095,True,False,False,True
270.5,0.02242035411824371,-30.088474860131452,-0.0019399143796249862,0.004208038110026678,True,False,False,True
270.75,0.02192803236521374,-30.087440268701183,-0.0019986728603663354,0.004068698871908536,True,False,False,True
271.0,0.021426317846990468,-30.08644915773007,-0.002015063023983966,0.003860190442263215,True,False,False,True
271.25,0.02093459358208013,-30.085504223465684,-0.0019187463452096337,0.0036992745920482613,True,False,False,True
271.5,0.02047432870483673,-30.084589685820205,-0.0017633805021493904,0.0036170119237833717,True,False,False,True
271.75,0.020018147877495538,-30.083676683781032,-0.0018860595895495748,0.0036870159558587317,True,False,False,True
272.0,0.019541600693957103,-30.082758036242062,-0.0019263202976696771,0.003662168151689206,True,False,False,True
272.25,0.019052975155351225,-30.08186939881234,-0.001982704381506722,0.0034469366019994367,True,False,False,True
272.5,0.018541919715474944,-30.080993639087897,-0.0021057286394671445,0.0035591527923775467,True,False,False,True
272.75,0.018000218817477345,-30.080129199173417,-0.0022278977489011108,0.003356378041622315,True,False,False,True
273.0,0.017465259205975994,-30.079318551827804,-0.0020518006863836907,0.003128784120734895,True,False,False,True
273.25,0.01695882687279195,-30.078558337502223,-0.0019996746401590186,0.0029529255694244996,True,False,False,True
273.5,0.0164439444833946,-30.077814219376815,-0.002119380116300643,0.0030000307197522724,True,False,False,True
273.75,0.015893522090766003,-30.07705909612952,-0.002283995252943645,0.003040970778621319,True,False,False,True
274.0,0.015343077930212624,-30.07628641114569,-0.0021195487364881515,0.0031404935878918882,True,False,False,True
274.25,0.014809677691810309,-30.07551815524931,-0.002147665978042338,0.003005556234087406,True,False,False,True
274.5,0.01427346500420334,-30.074774417094044,-0.0021420413793080298,0.002944348477741495,True,False,False,True
274.75,0.013738456022201135,-30.074035439216075,-0.0021380283820075408,0.0029674741676713164,True,False,False,True
275.0,0.013208094605587193,-30.073322323821706,-0.0021048847229573927,0.002737445862479219,True,False,False,True
275.25,0.012696976253464913,-30.072631157317144,-0.0019840570442104404,0.0027918747823273155,True,False,False,True
275.5,0.012211969939626371,-30.071908142789507,-0.001895974654201796,0.0029922331342959055,True,False,False,True
275.75,0.011738710940378674,-30.071127572963654,-0.0018900728939032338,0.0032523249161176076,True,False,False,True
276.0,0.011281700406455633,-30.07033334578396,-0.001766025672266695,0.003101480826165169,True,False,False,True
276.25,0.010870322325448893,-30.069564725510837,-0.001525004134849347,0.00304745863518886,True,False,False,True
276.5,0.01049048483137484,-30.068816427152107,-0.0015137061109234333,0.002938927169442493,True,False,False,True
276.75,0.010114963474002734,-30.068094933552388,-0.00149047479317605,0.002833019438041878,True,False,False,True
277.0,0.009751036414857493,-30.067404747524687,-0.001420955367147603,0.002688462229233849,True,False,False,True
277.25,0.009394917084203236,-30.066730792005202,-0.001427997947221311,0.0027031825905997264,True,False,False,True
277.5,0.009040254333276123,-30.06606613115111,-0.0014093125154634027,0.0026141024804620366,True,False,False,True
277.75,0.008685016263857858,-30.065398876051265,-0.00143258174112986,0.002723940512140455,True,False,False,True
278.0,0.00834057711513468,-30.06471542441432,-0.0013229296443894817,0.0027436622453405873,True,False,False,True
278.25,0.008006917254066553,-30.064034572276665,-0.0013463531163916637,0.002703157064271729,True,False,False,True
278.5,0.007682635341643983,-30.0633480606602,-0.0012478941484756678,0.0027889265846792193,True,False,False,True
278.75,0.007370397369201289,-30.06265749899546,-0.0012500147118011376,0.0027355669331532123,True,False,False,True
279.0,0.007038620872297446,-30.0619545725028,-0.0014041829582817121,0.0028878595432057807,True,False,False,True
279.25,0.006684611056317935,-30.06123370399431,-0.0014278964529212358,0.0028790907604207623,True,False,False,True
279.5,0.006341063504689032,-30.060516989255596,-0.0013204863224747646,0.0028546170226080103,True,False,False,True
279.75,0.006014832488618136,-30.059790781583477,-0.0012893523902211949,0.002955041419007545,True,False,False,True
280.0,0.005706940796319354,-30.059045913098732,-0.0011737765914356351,0.003003895562410425,True,False,False,True
280.25,0.00542400297832499,-30.058286677121814,-0.0010897197669035147,0.0030699843280164456,True,False,False,True
280.5,0.0051444968809241836,-30.057507428293142,-0.0011463201920766872,0.003164011637667825,True,False,False,True
280.75,0.004841289009871325,-30.05673518340604,-0.001279356971810522,0.0030139600019144785,True,False,False,True
281.0,0.004516191345579254,-30.055983153234216,-0.001321425495234984,0.0030022853389128266,True,False,False,True
281.25,0.004163876066771427,-30.055230283914,-0.0014970950567933963,0.003020685785032065,True,False,False,True
281.5,0.003807291436059562,-30.05446047697825,-0.0013555710084760973,0.0031377563580068683,True,False,False,True
281.75,0.0035001005808372927,-30.05367537647863,-0.0011019553858416784,0.0031430237279192323,True,False,False,True
282.0,0.0032269036190922546,-30.052886142835497,-0.0010836177289485305,0.0031708436882332707,True,False,False,True
282.25,0.002952093746285721,-30.052074323028254,-0.0011148468844250606,0.003323717714005197,True,False,False,True
282.5,0.0026602722966568098,-30.05124661613204,-0.0012197271889421064,0.00329794734386718,True,False,False,True
282.75,0.0023634476352138575,-30.05041120773767,-0.0011548619131450154,0.003385313695546624,True,False,False,True
283.0,0.0020814879453235386,-30.049541432939296,-0.0011007979672737992,0.0035728795942687715,True,False,False,True
283.25,0.0018202537327403827,-30.048658283815485,-0.0009890833720074574,0.0034923028636936154,True,False,False,True
283.5,0.0015888172267877962,-30.047804681373215,-0.0008624234013769789,0.0033365047328809652,True,False,False,True
283.75,0.0013553708521646722,-30.046970481312698,-0.0010051475759689668,0.00333710920735601,True,False,False,True
284.0,0.0011179366204232943,-30.046133655664963,-0.000894324394860625,0.0033574855260647394,True,False,False,True
284.25,0.0009137310009264165,-30.045315399964867,-0.0007393365215499515,0.003188545462379369,True,False,False,True
284.5,0.0007230296269763209,-30.04451953556459,-0.0007862754595183379,0.0031783741652726656,True,False,False,True
284.75,0.0005265415755121653,-30.043699115382193,-0.0007856095040383313,0.00338498723108868,True,False,False,True
285.0,0.0003128652418067041,-30.042852271193713,-0.0009238007479938848,0.0033897793055110946,True,False,False,True
285.25,5.717441783363693e-05,-30.042003605454717,-0.0011217249620750192,0.003399565266849037,True,False,False,True
285.5,-0.00021829187014450724,-30.041156865952633,-0.0010820077634161017,0.003374347005260725,True,False,False,True
285.75,-0.000496909007658637,-30.040320369044643,-0.001146934728173109,0.0033176343800100086,True,False,False,True
286.0,-0.0007821754904281307,-30.039508173219897,-0.001135210162365566,0.0031799311125448567,True,False,False,True
286.25,-0.0010779981477290201,-30.038694386329215,-0.001231356959620918,0.0033303730776802626,True,False,False,True
286.5,-0.0013754602708540109,-30.037862799599736,-0.0011483408328876617,0.0033223129313532654,True,False,False,True
286.75,-0.00166763305858657,-30.037017003713906,-0.0011890300375283186,0.0034440579915096243,True,False,False,True
287.0,-0.001957671092999382,-30.036130772443258,-0.0011312552650828882,0.003645786726661662,True,False,False,True
287.25,-0.0022409156387928424,-30.035212581981888,-0.0011346960600946746,0.003699737288724566,True,False,False,True
287.5,-0.0025679141208511,-30.034291338021912,-0.0014812946290450615,0.003670247068579633,True,False,False,True
287.75,-0.002955797021810055,-30.03335220846074,-0.0016217523720502183,0.003842802663247267,True,False,False,True
288.0,-0.0033812676860689,-30.032403537464635,-0.001782022081982179,0.0037465804159373447,True,False,False,True
288.25,-0.0038086875197102937,-30.03149656759463,-0.0016373590392016603,0.0035091649051964147,True,False,False,True
288.5,-0.004214793099781192,-30.03062859378497,-0.0016114926941815147,0.0034346231333848036,True,False,False,True
288.75,-0.00462238033703466,-30.02977636781228,-0.0016492101183733566,0.003383188204184714,True,False,False,True
289.0,-0.005031815184071668,-30.02895643774662,-0.0016262882336653662,0.00317625016001683,True,False,False,True
289.25,-0.005469950187807916,-30.02814338758964,-0.0018787775427768813,0.0033281749006677376,True,False,False,True
289.5,-0.005939850298995386,-30.027331723309214,-0.0018804387929743846,0.003165139499352789,True,False,False,True
289.75,-0.006396606100798555,-30.026534106587118,-0.001773602919720435,0.003215784204846124,True,False,False,True
290.0,-0.006850079647980891,-30.025731247815475,-0.0018541863496517527,0.003207093565718685,True,False,False,True
290.25,-0.007310441628104906,-30.024943153518958,-0.001828719882605332,0.003097658405417776,True,False,False,True
290.5,-0.0077793900626904845,-30.024173264113696,-0.0019228710813775705,0.0030614657133280405,True,False,False,True
290.75,-0.008259637288721824,-30.023416838318557,-0.0019191135471683858,0.002989940293527302,True,False,False,True
291.0,-0.008749817702067519,-30.02265498250597,-0.0020023189982357444,0.003104914051840052,True,False,False,True
291.25,-0.009228813503262295,-30.021883174274294,-0.001829650823468614,0.003069535522324535,True,False,False,True
291.5,-0.009675748689902649,-30.0211387520361,-0.0017458480605992478,0.0028858344822330125,True,False,False,True
291.75,-0.010117097646391513,-30.02042662571359,-0.001784950700413293,0.002811179784454571,True,False,False,True
292.0,-0.010579303019698961,-30.01975249551774,-0.0019127139790913465,0.002581873827957065,True,False,False,True
292.25,-0.011073605964552079,-30.019108113763075,-0.0020417104773140285,0.0025731923712158018,True,False,False,True
292.5,-0.01157998540108819,-30.018437629036196,-0.0020093045909155096,0.002790682388558297,True,False,False,True
292.75,-0.012107336829235593,-30.017710785667745,-0.0022094849134594837,0.0030240834321681818,True,False,False,True
293.0,-0.012651164357967804,-30.01696271297784,-0.002141141398879037,0.0029604916435970155,True,False,False,True
293.25,-0.013201344200472873,-30.016229289008084,-0.002260302480769522,0.002906911349009922,True,False,False,True
293.5,-0.013776165009417633,-30.015523667342826,-0.0023382800012788935,0.002738069324819373,True,False,False,True
293.75,-0.01437289360462985,-30.014830640815145,-0.0024355424370160494,0.0028061520665811804,True,False,False,True
294.0,-0.014960656874870663,-30.014142268253895,-0.0022665737504252966,0.0027008124929614043,True,False,False,True
294.25,-0.01556409122458559,-30.01347327737898,-0.0025609058267803673,0.002651142256143852,True,False,False,True
294.5,-0.01624325498477297,-30.01284993659724,-0.002872434111622535,0.002335613368819607,True,False,False,True
294.75,-0.01694563437811891,-30.01226829940864,-0.002746602857877063,0.0023174722765650214,True,False,False,True
295.0,-0.01762797061758773,-30.011726875491412,-0.0027121157865185133,0.0020139158098101463,True,False,False,True
295.25,-0.018319946886232265,-30.011214891633102,-0.0028236880575834627,0.002081965575747826,True,False,False,True
295.5,-0.019041756307330734,-30.010688294024384,-0.002950782819984655,0.0021308272765815416,True,False,False,True
295.75,-0.019790128662151026,-30.0101524997333,-0.003036193808848642,0.0021555351046495925,True,False,False,True
296.0,-0.020560086779301774,-30.009618611471335,-0.0031234750186126675,0.0021155792200031106,True,False,False,True
296.25,-0.021338199763428704,-30.00911374919718,-0.0031014471054984136,0.0019233168964364333,True,False,False,True
296.5,-0.022120444979888507,-30.00863426674765,-0.003156515766646048,0.0019125478917171354,True,False,False,True
296.75,-0.022925294852216293,-30.0081639855359,-0.0032822892647974603,0.0018497136602628028,True,False,False,True
297.0,-0.023752789857265876,-30.007703834478516,-0.0033376726251894816,0.001831500020389188,True,False,False,True
297.25,-0.024583755216686588,-30.007259132131832,-0.0033100603187794318,0.0017261161497708537,True,False,False,True
297.5,-0.025402523889567458,-30.00686322661673,-0.003240116064734801,0.001441121376658622,True,False,False,True
297.75,-0.02621882088787187,-30.00656438009832,-0.0032903063879821956,0.0009496555025831637,True,False,False,True
298.0,-0.02704837027747805,-30.006355822356344,-0.003346110625676399,0.0007188116945069147,True,False,False,True
298.25,-0.02788143633161496,-30.006188534456786,-0.0033184273049173623,0.0006194888919582942,True,False,False,True
298.5,-0.028707610832376784,-30.00602246143641,-0.0032909603854691665,0.0007090926814780556,True,False,False,True
298.75,-0.029534260694062977,-30.005849464968637,-0.003322241865684427,0.000674882009913985,True,False,False,True
299.0,-0.030347798278854126,-30.00567198281965,-0.0031860523355972366,0.0007449623419571846,True,False,False,True
299.25,-0.031187518848507723,-30.005503686591616,-0.003531725887344944,0.0006014400726075521,True,False,False,True
299.5,-0.032103205793683184,-30.005350228583104,-0.0037937674815962923,0.0006262487009051645,True,False,False,True
299.75,-0.033067789736130095,-30.005195116539525,-0.003922905304917154,0.0006146598229172143,True,False,False,True
300.0,-0.03405442873139183,-30.00506219889171,-0.003970222463158746,0.00044868582069796113,True,False,False,True
