time_s,x_m,y_m,vx_mps,vy_mps,sampled_inside_union,sampled_collision,sampled_keep_out,sampled_hold_eligible
0.0,0.0,-97.5,0.0,0.12,True,False,False,False
0.25,4.1017911314816e-06,-97.46939893336877,3.326768057514021e-05,0.12480852991331416,True,False,False,False
0.5,-5.482925052519556e-07,-97.43758233575346,-7.000489258390637e-05,0.1297242607457155,True,False,False,False
0.75,-3.810309997151877e-05,-97.40453484706526,-0.00022996863773617397,0.13465566384134295,True,False,False,False
1.0,-8.625634831888439e-05,-97.37024193097346,-0.00015478293756565975,0.13968765780447034,True,False,False,False
1.25,-0.0001460250082374744,-97.33468705919708,-0.0003228889453104351,0.14475133225568024,True,False,False,False
1.5,-0.0002279780476092749,-97.2978766489335,-0.0003322658073037183,0.1497319507370334,True,False,False,False
1.75,-0.0003403873939296587,-97.25979806574705,-0.0005665220423465359,0.15489673684036465,True,False,False,False
2.0,-0.0004895483251514212,-97.22042320426854,-0.0006262746610521893,0.1601021606211656,True,False,False,False
2.25,-0.0006483234660969129,-97.17976150033013,-0.000643446668768662,0.16519147250511038,True,False,False,False
2.5,-0.000810709609815073,-97.13786402293825,-0.0006551902549010125,0.16998834773719637,True,False,False,False
2.75,-0.0009696717061150376,-97.09473456820176,-0.0006160295813837592,0.17504728646268472,True,False,False,False
3.0,-0.001145453286929517,-97.0503430909715,-0.0007897481774683902,0.18008454775774937,True,False,False,False
3.25,-0.0013588387352147084,-97.00471783619841,-0.000916879789309342,0.18491750241295504,True,False,False,False
3.5,-0.0016035750031875352,-96.95788815830984,-0.0010405576178723554,0.18971993235602083,True,False,False,False
3.75,-0.0018870314230478606,-96.90982773852471,-0.0012266182813383056,0.19476344346692565,True,False,False,False
4.0,-0.0022025196433316553,-96.86051916889765,-0.0012968216273897622,0.1997051201683166,True,False,False,False
4.25,-0.0025153841923407703,-96.80996048147688,-0.0012056178258046772,0.20476437059906352,True,False,False,False
4.5,-0.0028566874997713,-96.75815639671994,-0.0015243463395279632,0.2096683375063059,True,False,False,False
4.75,-0.0032236650518896906,-96.70510475843818,-0.0014109955283898817,0.21474475806105295,True,False,False,False
5.0,-0.0035628187855644517,-96.65077718823896,-0.0013017506384307423,0.2198757932330707,True,False,False,False
5.25,-0.003872966197413279,-96.59519097304721,-0.0011789631369616782,0.22481391672442363,True,False,False,False
5.5,-0.00416896411068902,-96.53834995990574,-0.0011885393600756069,0.22991418931005478,True,False,False,False
5.75,-0.004496557845612832,-96.48023888976299,-0.0014317334927532734,0.23497439476046716,True,False,False,False
6.0,-0.004844124825316271,-96.42085811520889,-0.0013483218148753323,0.2400717938082827,True,False,False,False
6.25,-0.0051837920354890895,-96.36021003817297,-0.0013685406496950472,0.24511282438526785,True,False,False,False
6.5,-0.0055439954776178215,-96.29828706100214,-0.0015126006286904897,0.2502710065633324,True,False,False,False
6.75,-0.00593953635720076,-96.23505802704433,-0.0016512277015181547,0.2555612781690358,True,False,False,False
7.0,-0.006362382860080916,-96.1705737786432,-0.0017310964209304685,0.2603127165700587,True,False,False,False
7.25,-0.006800818020906708,-96.10486873623526,-0.0017759121272960588,0.2653276269187618,True,False,False,False
7.5,-0.0072642290159031985,-96.03790634215765,-0.0019309003638688024,0.2703715403144738,True,False,False,False
7.75,-0.0077385283585431576,-95.96967839288274,-0.001863015460104581,0.2754520474846064,True,False,False,False
8.0,-0.008214063763410478,-95.90020192440382,-0.0019408051579940277,0.28035970768080026,True,False,False,False
8.25,-0.008694186076631097,-95.82947482570806,-0.0018996928416883975,0.2854570780091976,True,False,False,False
8.5,-0.00916949032678158,-95.75748858879524,-0.0019022721200814307,0.29043281753658434,True,False,False,False
8.75,-0.009647591782801368,-95.68423825145642,-0.001922055279187963,0.2955698830391371,True,False,False,False
9.0,-0.010114458622461256,-95.60973542040256,-0.0018124191529076,0.30045275505525765,True,False,False,False
9.25,-0.01056382288595607,-95.5339813142032,-0.0017820116188087577,0.30558009167275,True,False,False,False
9.5,-0.01101555079515792,-95.4569770638145,-0.0018313522202130486,0.3104539160886824,True,False,False,False
9.75,-0.011460254329271356,-95.37875252623415,-0.0017258152372665264,0.31534237460410297,True,False,False,False
10.0,-0.011906461390830916,-95.29928833564901,-0.001843367209817156,0.32037116115980946,True,False,False,False
10.25,-0.01238162597497876,-95.21857340671609,-0.0019574802937666665,0.3253482810622823,True,False,False,False
10.5,-0.012867842989118517,-95.13660045791359,-0.0019317762895250967,0.3304353069343197,True,False,False,False
10.75,-0.013354988799032895,-95.05335447327225,-0.001964909694630914,0.33553257332020797,True,False,False,False
11.0,-0.013831958308642152,-94.96886347279208,-0.00185038798670184,0.3403954197239567,True,False,False,False
11.25,-0.014278309471045535,-94.8831580216255,-0.0017199638632641493,0.3452481773123152,True,False,False,False
11.5,-0.014715799255751736,-94.79621680354086,-0.0017794799330486406,0.3502815729760594,True,False,False,False
11.75,-0.01513066254517558,-94.70802615232782,-0.001538958624735192,0.3552436140518044,True,False,False,False
12.0,-0.015518648717834016,-94.6185668466042,-0.001564441764622927,0.36043083413978005,True,False,False,False
12.25,-0.01591743612015409,-94.52784827490851,-0.001625396777060727,0.3653177451725926,True,False,False,False
12.5,-0.01632750546625269,-94.43593273607343,-0.0016547159924964027,0.37000656827227774,True,False,False,False
12.75,-0.01674780435350174,-94.3428081871587,-0.001707205348253055,0.37498982799425135,True,False,False,False
13.0,-0.017179637401866087,-94.24844710489378,-0.0017469962839574266,0.37989883387654777,True,False,False,False
13.25,-0.017613638896044725,-94.15284317561868,-0.001724541152818626,0.38493259820712905,True,False,False,False
13.5,-0.018021177210000804,-94.05598462778104,-0.0015352937225399479,0.38993576665168483,True,False,False,False
13.75,-0.01840613707522908,-93.95788199116701,-0.0015439186135777709,0.39488532707370455,True,False,False,False
14.0,-0.01876886287611563,-93.85853522504357,-0.0013574161228252831,0.399888784330363,True,False,False,False
14.25,-0.01910821553218716,-93.75793572732744,-0.0013569320412800282,0.4049071973531054,True,False,False,False
14.5,-0.019441714994085004,-93.65609382069229,-0.0013105997664174382,0.40982805135980405,True,False,False,False
14.75,-0.01975462912947831,-93.55300240189696,-0.0011922348706845263,0.4149032878433511,True,False,False,False
15.0,-0.02006943497291909,-93.44865503342976,-0.0013257431280289203,0.4198756724815476,True,False,False,False
15.25,-0.020394127122004578,-93.3430837581114,-0.0012713397925234035,0.42469452493609233,True,False,False,False
15.5,-0.020733987671522774,-93.23631429396373,-0.0014470952527768015,0.4294612048155947,True,False,False,False
15.75,-0.021099780992448715,-93.12831338100035,-0.0014787719662421271,0.4345461018779558,True,False,False,False
16.0,-0.02145985576673047,-93.01907032815963,-0.0014013688164159761,0.4393983135501711,True,False,False,False
16.25,-0.02180320319638562,-92.90860503186109,-0.0013449462744529446,0.44432405151856436,True,False,False,False
16.5,-0.022137888083802997,-92.79690311131309,-0.001332064562395183,0.4492913116509455,True,False,False,False
16.75,-0.022474070214771033,-92.68393934698165,-0.0013569091161888714,0.4544188053429313,True,False,False,False
17.0,-0.02281022925946789,-92.56969110242342,-0.0013318779064981753,0.4595671487629918,True,False,False,False
17.25,-0.023117499782591044,-92.4541585992324,-0.0011258030730029957,0.4646928573361784,True,False,False,False
17.5,-0.02338903061231109,-92.33735378400603,-0.0010459672274523333,0.4697456569478374,True,False,False,False
17.75,-0.02366526615580632,-92.21929289881298,-0.001163446159918047,0.47474143567257787,True,False,False,False
18.0,-0.0239193035623579,-92.09999616392744,-0.0008683920088407784,0.4796324155939029,True,False,False,False
18.25,-0.02412907532821836,-91.97945665509015,-0.0008093059184688911,0.4846836495337839,True,False,False,False
18.5,-0.024307763491430608,-91.85764483330648,-0.000619716015154641,0.4898109068608975,True,False,False,False
18.75,-0.024457358514774118,-91.73458970837912,-0.0005765898404115758,0.49463008849203116,True,False,False,False
19.0,-0.024590959445932967,-91.61029433474677,-0.0004917365350370549,0.49973289256672054,True,False,False,False
19.25,-0.024710353137318595,-91.48478263065365,-0.0004629766993670619,0.5043607374667857,True,False,False,False
19.5,-0.024804233371965474,-91.35807485807058,-0.00028759938191118186,0.5093014266631714,True,False,False,False
19.75,-0.024875530484606657,-91.23013438927963,-0.00028231358577431286,0.5142223231661283,True,False,False,False
20.0,-0.024943381742677392,-91.10094628651244,-0.0002600194136646103,0.5192824968694665,True,False,False,False
20.25,-0.025009346974539368,-90.97049321860534,-0.0002672254345869377,0.5243420470667665,True,False,False,False
20.5,-0.025053649027283555,-90.83880318759952,-8.673504078617174e-05,0.5291781839630695,True,False,False,False
20.75,-0.025065317086354837,-90.70587397124197,-6.130737774103255e-06,0.5342555392979423,True,False,False,False
21.0,-0.0250673358374227,-90.57170170484754,-9.560402646780213e-06,0.5391225921808769,True,False,False,False
21.25,-0.02508365008068532,-90.43628349875463,-0.00012047267046794375,0.5442230670192374,True,False,False,False
21.5,-0.025082053618553344,-90.29959356986642,0.00013372267878081911,0.5492963401208494,True,False,False,False
21.75,-0.025045049616323353,-90.16164749119343,0.0001627784799661974,0.5542722865237092,True,False,False,False
22.0,-0.024993420778106595,-90.02244708116771,0.00025072917096306255,0.559330985390033,True,False,False,False
22.25,-0.02489387970449989,-89.88201840605967,0.0005460489071443154,0.5640983876313709,True,False,False,False
22.5,-0.024739898646055303,-89.74036411906158,0.0006862745240501804,0.569135895132742,True,False,False,False
22.75,-0.024559498320924033,-89.59746935646237,0.0007573887892982339,0.5740221989563006,True,False,False,False
23.0,-0.024323156538671956,-89.45332824675997,0.001133824870753273,0.5791066431722532,True,False,False,False
23.25,-0.024022696300647756,-89.30794781781121,0.0012703124690729025,0.5839367755497007,True,False,False,False
23.5,-0.023700134860796366,-89.16131356971206,0.0013106694007617226,0.5891372054386735,True,False,False,False
23.75,-0.023358932367201022,-89.01339059882947,0.0014194323145608236,0.59424655136773,True,False,False,False
24.0,-0.022992579824153845,-88.86420032905505,0.0015118622297488414,0.5992755981133163,True,False,False,False
24.25,-0.02261602917786372,-88.7137633557816,0.001501009179600056,0.6042201890975241,True,False,False,False
24.5,-0.022242852514656235,-88.56207939422883,0.0014848785410066958,0.609251504845317,True,False,False,False
24.75,-0.021852197216651315,-88.40913461461228,0.0016408405137787099,0.614306717382956,True,False,False,False
25.0,-0.021418750643630278,-88.25492166770758,0.0018272120393505336,0.61939684028357,True,False,False,False
25.25,-0.020922399658046854,-88.09944888776626,0.0021440662460216853,0.624385369373831,True,False,False,False
25.5,-0.020381125673111213,-87.94271843173634,0.0021866039964088136,0.6294582748550143,True,False,False,False
25.75,-0.01980308888097252,-87.78474502077097,0.0024381496468311036,0.6343289891520568,True,False,False,False
26.0,-0.019149718886784718,-87.62552195820437,0.0027892937394473527,0.6394554782746388,True,False,False,False
26.25,-0.018415901038722815,-87.46502427232362,0.0030817272122858046,0.6445259812005852,True,False,False,False
26.5,-0.017629533924658332,-87.30327811763358,0.0032096734283358947,0.6494432442568229,True,False,False,False
26.75,-0.016831346342707686,-87.14028216876781,0.003176306404428327,0.6545243498151179,True,False,False,False
27.0,-0.016044277562076666,-86.97601935601568,0.0031207204423358468,0.6595781574426753,True,False,False,False
27.25,-0.015269685804660668,-86.81050526461969,0.003076481034995059,0.6645345778961853,True,False,False,False
27.5,-0.014474303700665651,-86.6437548739689,0.003287041099726345,0.6694685274584464,True,False,False,False
27.75,-0.013637029440840522,-86.47574584675935,0.0034116372577229536,0.67460367847096,True,False,False,False
28.0,-0.012760932677007111,-86.30644768386102,0.0035976251711091834,0.6797816071807684,True,False,False,False
28.25,-0.011815141101285398,-86.13585609471711,0.003969194965900098,0.6849510709387009,True,False,False,False
28.5,-0.010800252027663458,-85.96399698078093,0.004150386430761677,0.6899218234679639,True,False,False,False
28.75,-0.009728574619514364,-85.79089596731495,0.004423501055587245,0.6948862585104986,True,False,False,False
29.0,-0.008581923030948438,-85.61654070193991,0.0047501897987624764,0.6999558336894511,True,False,False,False
29.25,-0.007370930257315519,-85.44093563420373,0.004938217279409322,0.7048846904727563,True,False,False,False
29.5,-0.006103781654333063,-85.26409452554145,0.005199439328183023,0.7098441541972136,True,False,False,False
29.75,-0.004801464619615486,-85.08601965093838,0.00521956014017657,0.7147548407304488,True,False,False,False
30.0,-0.0034674311219808564,-84.9066918840708,0.005453190057216962,0.7198672721834998,True,False,False,False
30.25,-0.0020748414776757414,-84.72611085059489,0.005687990586520615,0.7247809734866195,True,False,False,False
30.5,-0.0006185251902438434,-84.54432367871114,0.005962986402286263,0.7295163756566743,True,False,False,False
30.75,0.000890504130028415,-84.36132366085546,0.006109716728458963,0.7344837533548219,True,False,False,False
31.0,0.0024403159808059675,-84.17706182788834,0.006289261715341598,0.7396108934545804,True,False,False,False
31.25,0.004013907142678577,-83.99152459112054,0.006299946409522143,0.7446869996804478,True,False,False,False
31.5,0.00559450227669264,-83.80474418311974,0.006345273992052032,0.7495562600524421,True,False,False,False
31.75,0.007178107205370788,-83.61675734381133,0.0063240165588736635,0.7543384564189848,True,False,False,False
32.0,0.008744607642984457,-83.42755001168132,0.006208456875307321,0.7593202115161084,True,False,False,False
32.25,0.010311310784347534,-83.23709203649024,0.006325642112136869,0.7643435789641738,True,False,False,False
32.5,0.011906729289725476,-83.04540250580685,0.00643816147420289,0.769172655894471,True,False,False,False
32.75,0.013511125240088984,-82.85246615680943,0.006397491504494124,0.7743181399193306,True,False,False,False
33.0,0.015161912729769396,-82.65822016523633,0.006809311344590411,0.7796497538388897,True,False,False,False
33.25,0.016923708155136392,-82.46269920142406,0.007285511312859677,0.7845179117628446,True,False,False,False
33.5,0.01880171806988835,-82.2659545394829,0.0077390323007139935,0.7894393410082112,True,False,False,False
33.75,0.020771106391015516,-82.06800057067343,0.008016522702866902,0.7941923833055723,True,False,False,False
34.0,0.022815851924550924,-81.86882751881075,0.008341913259294453,0.7991920009179531,True,False,False,False
34.25,0.02492716798276818,-81.66839776720923,0.008549092037367822,0.804245992361316,True,False,False,False
34.5,0.02708717625697219,-81.46669979392986,0.008731454558112492,0.809337776680476,True,False,False,False
34.75,0.02929733712482792,-81.26375060803194,0.0089502964019394,0.8142556898704233,True,False,False,False
35.0,0.031563453694264144,-81.05956108375364,0.009179108370777823,0.8192604827835487,True,False,False,False
35.25,0.03385975969756352,-80.85412884785443,0.00919180547861947,0.8241974032129243,True,False,False,False
35.5,0.03614271945129696,-80.64746991238565,0.0090723326934236,0.82907409180122,True,False,False,False
35.75,0.03842548925812012,-80.4395922658792,0.00919028555340717,0.8339470691297888,True,False,False,False
36.0,0.04072097187060467,-80.23048681281144,0.00917404235419977,0.8388965569437161,True,False,False,False
36.25,0.04307609438939851,-80.0201618993535,0.009667391299197126,0.8437027042067001,True,False,False,False
36.5,0.04549559530782012,-79.80861579074451,0.009689084392904933,0.8486661626199109,True,False,False,False
36.75,0.04792228371952341,-79.595802300665,0.009724911246674475,0.8538417546384763,True,False,False,False
37.0,0.050400159854254965,-79.38170947689586,0.010098575197264485,0.8589008002852538,True,False,False,False
37.25,0.052943418908625785,-79.16634221234376,0.010247981916855074,0.8640373020454282,True,False,False,False
37.5,0.0555310679070892,-78.94970920584504,0.010453680890959554,0.8690267305508814,True,False,False,False
37.75,0.05818520106590798,-78.73182264455373,0.010779859883819794,0.8740657290273732,True,False,False,False
38.0,0.060882434730511616,-78.51267843552358,0.010798483361536645,0.8790879414579041,True,False,False,False
38.25,0.06360304642946164,-78.29228820389761,0.010966876972664578,0.8840338956735522,True,False,False,False
38.5,0.06635383972279914,-78.07062181223628,0.011039966044306728,0.8892972307262563,True,False,False,False
38.75,0.06913288974867887,-77.84767896173078,0.011192901138500192,0.8942455588989754,True,False,False,False
39.0,0.07195494916764529,-77.62346972942578,0.011384063294720137,0.8994282815182222,True,False,False,False
39.25,0.07482383354159104,-77.39798092747868,0.011567488634253656,0.9044821167650015,True,False,False,False
39.5,0.077725331877225,-77.17124734726642,0.011644960904687727,0.9093865176290545,True,False,False,False
39.75,0.08062346597347284,-76.94326496107331,0.011540591845939488,0.9144725817558012,True,False,False,False
40.0,0.08354758965914512,-76.71402434566706,0.011852867599029145,0.9194523120526542,True,False,False,False
40.25,0.08656073998623133,-76.4835313251502,0.012252810626834993,0.9244918143753872,True,False,False,False
40.5,0.08965941999323934,-76.25180654988937,0.012537083843131699,0.9293063609097872,True,False,False,False
40.75,0.09281532551882922,-76.01886106847918,0.01271062766021735,0.9342574740099533,True,False,False,False
41.0,0.09602134393320251,-75.78467345970924,0.012937990241211656,0.9392433747137617,True,False,False,False
41.25,0.09927884300296191,-75.54922428831178,0.013122484291550518,0.9443499790717119,True,False,False,False
41.5,0.10254953198026727,-75.31250035620614,0.013043508080221899,0.9494414852192807,True,False,False,False
41.75,0.10583484265993862,-75.07452088176149,0.013239444836151987,0.9543942918650221,True,False,False,False
42.0,0.10915264316008039,-74.83528198224856,0.013303442657993037,0.9595168982047546,True,False,False,False
42.25,0.1124769081207717,-74.59477190736982,0.013291153374874992,0.9645637019837617,True,False,False,False
42.5,0.11580544374417333,-74.35300533245251,0.013337604037082274,0.9695688929752863,True,False,False,False
42.75,0.11916616762395367,-74.10999306257533,0.013548655203720023,0.9745292461440831,True,False,False,False
43.0,0.12256990547510252,-73.86573569923608,0.013681719590727124,0.9795296480245588,True,False,False,False
43.25,0.12601933624287542,-73.62026069006797,0.013914174064407352,0.9842704034043243,True,False,False,False
43.5,0.12952993711367522,-73.3735706433114,0.014171102937760745,0.9892499464249359,True,False,False,False
43.75,0.13308754687095947,-73.12565399612166,0.014290231373426675,0.9940832198615265,True,False,False,False
44.0,0.13668257437873,-72.87655686933739,0.014470423949861413,0.9986937774240107,True,False,False,False
44.25,0.1403131729205186,-72.62627123110094,0.014574826708239225,1.0035913186244096,True,False,False,False
44.5,0.1439597752821835,-72.37474225478687,0.014598468807177509,1.008640489659193,True,False,False,False
44.75,0.14760335244910838,-72.12194207436298,0.014550631871807204,1.0137609582419325,True,False,False,False
45.0,0.15126340439934727,-71.86788661194078,0.014730248342531903,1.0186827242014271,True,False,False,False
45.25,0.1549352559804527,-71.61261303276231,0.014645019627120136,1.023505917261773,True,False,False,False
45.5,0.15861498077348615,-71.35610737135195,0.014793253861675742,1.0285393600454253,True,False,False,False
45.75,0.16229467001927472,-71.09833951836161,0.014644738141216751,1.0336034778794307,True,False,False,False
46.0,0.16596724225964796,-70.8393195319915,0.014736307334040025,1.0385564044481759,True,False,False,False
46.25,0.16962316080628367,-70.57906755703378,0.014511503882675063,1.0434594164081183,True,False,False,False
46.5,0.173225671481687,-70.31759534773744,0.014309040193024952,1.0483182770510608,True,False,False,False
46.75,0.17678612829253904,-70.05492187888777,0.01417506281011021,1.053069486377723,True,False,False,False
47.0,0.1803191767370852,-69.79103752631755,0.014089790666769207,1.0580053422235678,True,False,False,False
47.25,0.183837191627398,-69.5259012157449,0.014054807945296184,1.0630851456558934,True,False,False,False
47.5,0.18731936555063727,-69.25952787501322,0.013803038096119064,1.0679016039345743,True,False,False,False
47.75,0.19072204572740323,-68.99194102656281,0.013418865046698177,1.072793219888675,True,False,False,False
48.0,0.1940508512971723,-68.72311519028483,0.013212053357893872,1.077813489833504,True,False,False,False
48.25,0.19729973144548005,-68.45302277633961,0.01277947034571639,1.082925862512408,True,False,False,False
48.5,0.20047511814123914,-68.18165807297126,0.012624101345837895,1.08799177908269,True,False,False,False
48.75,0.20362466662660253,-67.90903279991254,0.012572760200320674,1.093010410227571,True,False,False,False
49.0,0.20672847575138156,-67.63515391295729,0.01225818566883675,1.0980207150725811,True,False,False,False
49.25,0.20972849471380248,-67.36005357968082,0.011742415407091476,1.1027819997663724,True,False,False,False
49.5,0.21263045939239616,-67.08376568765776,0.011473749296788757,1.1075211617480827,True,False,False,False
49.75,0.2154466811971338,-66.8062779366704,0.011056483769154085,1.1123808854908168,True,False,False,False
50.0,0.2181063193029848,-66.52758252053383,0.010221074204180045,1.1171825223646905,True,False,False,False
50.25,0.22059432293899756,-66.24777113369262,0.00968334429306151,1.1213086230623908,True,False,False,False
50.5,0.2229449676384878,-65.96690365862182,0.009122221216778723,1.125631230407052,True,False,False,False
50.75,0.22514956210402687,-65.68500407894989,0.00851490578201236,1.1295654642264081,True,False,False,False
51.0,0.2271963464230048,-65.40207565257265,0.007859774177876274,1.133862008557666,True,False,False,False
51.25,0.2290900779921862,-65.1182131898889,0.00729037808891324,1.1370377465952755,True,False,False,False
51.5,0.23087411853722328,-64.83357610714549,0.0069822313970326335,1.1400589444042801,True,False,False,False
51.75,0.23257216784442244,-64.54817716016429,0.006602453124540958,1.1431326672510875,True,False,False,False
52.0,0.23416385775477047,-64.26199307405203,0.006131368808250555,1.1463400660610645,True,False,False,False
52.25,0.2356353022890064,-63.9751789761087,0.005640360488823195,1.1481727637780834,True,False,False,False
52.5,0.23700493767429653,-63.687891686500336,0.005316906925572139,1.150125583584189,True,False,False,False
52.75,0.23830258949793515,-63.400139397618695,0.005064474480708711,1.1518927512683954,True,False,False,False
53.0,0.23952308862623978,-63.111927711358796,0.004699698630372487,1.1538007732020592,True,False,False,False
53.25,0.24067404492840364,-62.823338751464526,0.004508056636724646,1.1549109240202358,True,False,False,False
53.5,0.24177093677095074,-62.534480098330114,0.004267177028582415,1.1559583237653215,True,False,False,False
53.75,0.24279182684415335,-62.24538444095118,0.003900023731206098,1.1568069698816412,True,False,False,False
54.0,0.24372781925367806,-61.95607427210984,0.0035879974775099095,1.1576744102670988,True,False,False,False
54.25,0.2445860840000163,-61.666661138664836,0.0032781165082168516,1.1576306865086663,True,False,False,False
54.5,0.2453368942993198,-61.377268024040966,0.0027283550316877557,1.1575142823141717,True,False,False,False
54.75,0.24597430492876518,-61.08786177748401,0.002370950983489726,1.157735723837735,True,False,False,False
55.0,0.2464998102188462,-60.79843523942623,0.0018330858499647335,1.1576766313347082,True,False,False,False
55.25,0.24694912675048622,-60.50914074052292,0.0017613524523784974,1.156679366654857,True,False,False,False
55.5,0.24736757948895713,-60.220076999041865,0.0015861894984249623,1.1558305817081393,True,False,False,False
55.75,0.24773395247279703,-59.93121277334243,0.001344723971749845,1.1550832466528829,True,False,False,False
56.0,0.2480417963868735,-59.64254220501978,0.0011179517841500705,1.1542813213084773,True,False,False,False
56.25,0.2482860381573341,-59.3541699731532,0.0008358330064593387,1.1526965602225407,True,False,False,False
56.5,0.24844143045232808,-59.066200647468584,0.00040715090206566934,1.1510580856707866,True,False,False,False
56.75,0.24852874143558826,-58.77864739034985,0.0002911776340939245,1.1493679822131109,True,False,False,False
57.0,0.24856618476381942,-58.49150560591378,8.217992139966895e-06,1.1477663199531078,True,False,False,False
57.25,0.2485502376248229,-58.20487585963473,-0.0001360303042219679,1.1452716638791036,True,False,False,False
57.5,0.24850610226185774,-57.91886057814418,-0.00021728086621108672,1.1428505957056585,True,False,False,False
57.75,0.2484484491178951,-57.63345579438873,-0.0002441765000676947,1.1403876768736676,True,False,False,False
58.0,0.24838260372913154,-57.34867155494485,-0.0002828224572126619,1.1378862423209497,True,False,False,False
58.25,0.2483219388115367,-57.064620408178435,-0.00020281398874407976,1.1345229242671155,True,False,False,False
58.5,0.24824753980917388,-56.781383228941436,-0.0003926748746528152,1.1313745275290585,True,False,False,False
58.75,0.24813170313672903,-56.49895238134277,-0.0005343298624300494,1.1280722666155845,True,False,False,False
59.0,0.24793653694238177,-56.21730185573165,-0.0010272769349794879,1.125131984748737,True,False,False,False
59.25,0.24768343792594052,-55.93649568058736,-0.0009978748769262917,1.1213174136335085,True,False,False,False
59.5,0.24741925613768773,-55.65665724070215,-0.0011159497391093373,1.117390116580308,True,False,False,False
59.75,0.247143828479562,-55.3777827480358,-0.0010878283553468916,1.1136058220991896,True,False,False,False
60.0,0.24684099531675416,-55.09983506314232,-0.0013351792473445668,1.1099756803690337,True,False,False,False
60.25,0.24647982236306595,-54.82286994408761,-0.001554603283238931,1.1057452927561182,True,False,False,False
60.5,0.24610727215946793,-54.546956434925555,-0.0014261927358657062,1.101562768433664,True,False,False,False
60.75,0.2457580606165649,-54.272107766688194,-0.0013679084822394542,1.09722657197013,True,False,False,False
61.0,0.24542284282526108,-53.99834449172267,-0.0013142437346142085,1.0928796226945487,True,False,False,False
61.25,0.24509058120684715,-53.72570281610626,-0.0013442853923955177,1.0882537850690408,True,False,False,False
61.5,0.24477562797514482,-53.45423614368596,-0.0011757906264672593,1.0834795784076028,True,False,False,False
61.75,0.24448266459189916,-53.18394641569459,-0.0011683540738765675,1.078838244822194,True,False,False,False
62.0,0.24418861613140397,-52.914798252159144,-0.0011844570880587325,1.0743470649795748,True,False,False,False
62.25,0.24389384035086084,-52.64682672385828,-0.0011742132433376039,1.0694251604615335,True,False,False,False
62.5,0.24360032532554757,-52.38009054465871,-0.0011743747213378846,1.064464273150345,True,False,False,False
62.75,0.2432690205775815,-52.11458493826823,-0.0014765237502029304,1.059580606460248,True,False,False,False
63.0,0.24290174857520322,-51.85029434990805,-0.0014621083161861798,1.054744099062082,True,False,False,False
63.25,0.24254441464094828,-51.58722690023571,-0.0013970297724276892,1.0497954921809391,True,False,False,False
63.5,0.24222531107818773,-51.325405253679314,-0.0011562718649430247,1.0447776575714436,True,False,False,False
63.75,0.2419325562316357,-51.06481736176448,-0.0011862244202523657,1.0399254805711664,True,False,False,False
64.0,0.24163979232885222,-50.80545825024434,-0.0011563561842274353,1.0349474087739579,True,False,False,False
64.25,0.24134022955652362,-50.547326546408954,-0.0012406024713645227,1.0301062298519479,True,False,False,False
64.5,0.24105007141374493,-50.29045505606405,-0.0010811567994369958,1.024865677874661,True,False,False,False
64.75,0.24075835091449008,-50.03487112089863,-0.0012530842875156604,1.0198058196581263,True,False,False,False
65.0,0.24045289928158886,-49.78053334122598,-0.0011909916862552262,1.0148964118688688,True,False,False,False
65.25,0.24016225366553853,-49.52742292514137,-0.0011346361590682781,1.009986911494779,True,False,False,False
65.5,0.23986946408598397,-49.27555301962307,-0.0012081533008351441,1.0049723395829089,True,False,False,False
65.75,0.23957226946119298,-49.02488607387152,-0.001169838295128747,1.0003632228170753,True,False,False,False
66.0,0.23929381486228996,-48.77542018990337,-0.0010582698853825341,0.9953638384093687,True,False,False,False
66.25,0.23906111983907352,-48.52718446673374,-0.0008037468360548514,0.9905219229511033,True,False,False,False
66.5,0.23886379609134148,-48.280165156154055,-0.0007753041493176044,0.9856325590047499,True,False,False,False
66.75,0.23870250356645747,-48.03438920474206,-0.0005155129024082346,0.980575027797927,True,False,False,False
67.0,0.2385627920632222,-47.78988438886684,-0.0006026610628036547,0.9754635074202469,True,False,False,False
67.25,0.2384504164106481,-47.546647052422735,-0.00029681825159610475,0.9704351552975066,True,False,False,False
67.5,0.23841218471561842,-47.30465822086106,-9.502916628495916e-06,0.9654754701076572,True,False,False,False
67.75,0.23843997083087262,-47.063913078280564,0.00023132139989606054,0.9604856478312278,True,False,False,False
68.0,0.2385297289957237,-46.82443592280594,0.00048625800413933974,0.9553315719302213,True,False,False,False
68.25,0.23870785907126998,-46.586219530061676,0.0009383176328381769,0.950399527403464,True,False,False,False
68.5,0.23895017168535096,-46.349245446759646,0.0009997113129595215,0.9453931332245882,True,False,False,False
68.75,0.23924890941958407,-46.11355409637504,0.0013896951172349037,0.9401376330843485,True,False,False,False
69.0,0.23958722198503224,-45.87914307567534,0.0013163352745242402,0.9351505394297407,True,False,False,False
69.25,0.23993500786354485,-45.64596968939024,0.0014654885143276222,0.930236536788777,True,False,False,False
69.5,0.24030417382218874,-45.414060946516145,0.0014873486596580666,0.9250334041430435,True,False,False,False
69.75,0.24068817455787475,-45.18345876886132,0.001584162371286916,0.9197840079678484,True,False,False,False
70.0,0.24112358077101348,-44.95414996741417,0.0018986067957262316,0.9146863739634187,True,False,False,False
70.25,0.24163629560753197,-44.72611332706954,0.002202633065874983,0.9096067201298504,True,False,False,False
70.5,0.24217344963288576,-44.49933217227723,0.0020941311961531974,0.9046425284382247,True,False,False,False
70.75,0.242713693104967,-44.27381132722131,0.0022273341099248727,0.8995242194506864,True,False,False,False
71.0,0.24327115073534034,-44.04953138185413,0.0022318736387210154,0.8947153430587128,True,False,False,False
71.25,0.2438698167270921,-43.826510915137696,0.0025569578169969643,0.8894483600236355,True,False,False,False
71.5,0.2445392282345005,-43.604780694419816,0.002797857763338691,0.8843933830071932,True,False,False,False
71.75,0.24524293473942124,-43.384309765443625,0.0028313211627093472,0.8793740456474368,True,False,False,False
72.0,0.24600493435914234,-43.16512271619952,0.0032641807801927028,0.8741223074951378,True,False,False,False
72.25,0.24683702013313008,-42.94721146004588,0.0033920384244976085,0.8691677296794715,True,False,False,False
72.5,0.24767367548834207,-42.73052847809361,0.003300745254371349,0.8642961345458641,True,False,False,False
72.75,0.24853909553245013,-42.51505719661434,0.0036221606116408466,0.8594740869851099,True,False,False,False
73.0,0.24947195742434736,-42.30080143095598,0.0038402725029845377,0.8545720177181415,True,False,False,False
73.25,0.2504398354721085,-42.08780213330539,0.003902266521156224,0.8494223576416856,True,False,False,False
73.5,0.25142094167948265,-41.87608228310032,0.003946103791663803,0.8443364398658305,True,False,False,False
73.75,0.25243358141173794,-41.66563950778653,0.004154530503452892,0.8392057429938565,True,False,False,False
74.0,0.2534781432018091,-41.4564418585187,0.004201508581233393,0.8343754467196667,True,False,False,False
74.25,0.2545211880784967,-41.24847427210533,0.004142378235043809,0.8293652501621668,True,False,False,False
74.5,0.2555767810868451,-41.04171871264914,0.004301924198214083,0.8246792104452281,True,False,False,False
74.75,0.25666965848983486,-40.836163746979224,0.004440631461987757,0.8197605018367505,True,False,False,False
75.0,0.2578175799700295,-40.631858629720035,0.00474226160915208,0.8146804077988676,True,False,False,False
75.25,0.25903151269647184,-40.42879116747462,0.0049687458569563645,0.8098592688113742,True,False,False,False
75.5,0.26031094364871943,-40.226948270327966,0.005266232883345055,0.8048838803146366,True,False,False,False
75.75,0.26162414028859204,-40.02637500195332,0.005238851920582195,0.7997022692640389,True,False,False,False
76.0,0.2629843546778137,-39.827048411362455,0.005642411632373636,0.7949104174150694,True,False,False,False
76.25,0.26441855021688665,-39.62896426635497,0.005830667582374088,0.7897627248959571,True,False,False,False
76.5,0.26592478958388305,-39.43215262269501,0.006218773143060263,0.784730387792897,True,False,False,False
76.75,0.2675275839680084,-39.23660386727663,0.006603104111523627,0.7796596193192229,True,False,False,False
77.0,0.26920289782237267,-39.04233962654075,0.006798916229924545,0.774454288106509,True,False,False,False
77.25,0.2709418012740171,-38.84932335613937,0.007111861147243787,0.7696758455999717,True,False,False,False
77.5,0.2727397331765474,-38.657525245666115,0.0072711260858922405,0.7647090231705369,True,False,False,False
77.75,0.2745950099348059,-38.46694853585954,0.007570635315886138,0.759904627044126,True,False,False,False
78.0,0.2765189250127368,-38.27757895631703,0.007820228105673304,0.7550519857642122,True,False,False,False
78.25,0.27849721785401327,-38.089462784677174,0.008005627075407364,0.749877369875125,True,False,False,False
78.5,0.2805096125562763,-37.90262196892038,0.0080930568011252,0.7448491479362656,True,False,False,False
78.75,0.2825427323640992,-37.717032980177116,0.008171431866827315,0.7398627546205722,True,False,False,False
79.0,0.28459309966319274,-37.53270412929386,0.008231026522100825,0.7347680468268262,True,False,False,False
79.25,0.28665935631859324,-37.3496274596741,0.00829856293275531,0.7298453037638877,True,False,False,False
79.5,0.2887701793981134,-37.16779840788051,0.008587545149308266,0.7247870833394373,True,False,False,False
79.75,0.29093776234278895,-36.987230629988765,0.008752644339011179,0.719755124228894,True,False,False,False
80.0,0.29316268921012384,-36.80791447098348,0.00904630134382445,0.7147741201272393,True,False,False,False
80.25,0.2954285804213871,-36.62983875569951,0.00908036272518198,0.7098315989331788,True,False,False,False
80.5,0.29772200544960753,-36.452986422637345,0.009266581120578947,0.7049870480072972,True,False,False,False
80.75,0.30007356571840926,-36.27734961526838,0.00954544134871419,0.7001073846533586,True,False,False,False
81.0,0.30247456742672013,-36.10293792789721,0.009662108720796647,0.695186103316533,True,False,False,False
81.25,0.30492212301304167,-35.92974542359755,0.009917880779230158,0.6903539069663813,True,False,False,False
81.5,0.3073923785736206,-35.75777205201291,0.009843700161655809,0.6854330727044875,True,False,False,False
81.75,0.3098794610233,-35.58704410604334,0.010052484414835944,0.6803904753677941,True,False,False,False
82.0,0.31241607431875057,-35.41754837823073,0.010239968379996562,0.6755753294569926,True,False,False,False
82.25,0.31497652487017325,-35.249273834232774,0.010243169346220457,0.6706210222248169,True,False,False,False
82.5,0.317515589860314,-35.08224119560964,0.010068881377343438,0.6656401031921864,True,False,False,False
82.75,0.3200287647089444,-34.91647823529273,0.010036029768557714,0.6604635824403546,True,False,False,False
83.0,0.3225274463616272,-34.751977098694276,0.009952960174864554,0.6555455181791066,True,False,False,False
83.25,0.32500549317005917,-34.5887111054649,0.009870946766877038,0.6505824353881804,True,False,False,False
83.5,0.3274737206813352,-34.42667169474547,0.009874416496647938,0.6457328500401716,True,False,False,False
83.75,0.3299694471777124,-34.26584196998097,0.010090940694483803,0.6409049276618188,True,False,False,False
84.0,0.33249699451841397,-34.10625395456805,0.010128957063948814,0.6357991920573205,True,False,False,False
84.25,0.3350451707656154,-33.947924682421885,0.010255985292054702,0.6308349731356534,True,False,False,False
84.5,0.33760666989673555,-33.7908535196285,0.01023552727538669,0.625734331140196,True,False,False,False
84.75,0.3401564830941995,-33.63505997570101,0.010162495967193269,0.6206140271651317,True,False,False,False
85.0,0.34270472311358063,-33.480534012658616,0.0102229512736519,0.6155936714742749,True,False,False,False
85.25,0.34524367698075104,-33.327271908208935,0.010088200135282275,0.6105031768275607,True,False,False,False
85.5,0.3477552848983252,-33.17526878753035,0.010004193959866521,0.6055217965212678,True,False,False,False
85.75,0.3502722187159371,-33.02449165225328,0.010130821936492068,0.6006952737567358,True,False,False,False
86.0,0.3528364783979209,-32.874931662854195,0.010382792950278589,0.5957846176799689,True,False,False,False
86.25,0.35543219834680295,-32.72662896422857,0.010382481733139076,0.5906369713544225,True,False,False,False
86.5,0.3580314265955042,-32.57959574192615,0.010410872499584922,0.5856288043881944,True,False,False,False
86.75,0.3606438457690734,-32.433807778167626,0.01048801424994884,0.5806748984069862,True,False,False,False
87.0,0.3632788734859436,-32.28928096789246,0.010591723745383079,0.575539574016577,True,False,False,False
87.25,0.3659269323000313,-32.14601767552369,0.01059227835180196,0.5705667648813058,True,False,False,False
87.5,0.36860609812931,-32.00403722308028,0.010840549973214772,0.5652768312587964,True,False,False,False
87.75,0.3713258268784921,-31.863328465042194,0.010916820026368807,0.5603932258551273,True,False,False,False
88.0,0.37408156012855476,-31.723865259651753,0.011128567391713189,0.555312397304748,True,False,False,False
88.25,0.37684780161515274,-31.58566547177044,0.011000891044389205,0.5502859177831588,True,False,False,False
88.5,0.37959971942307236,-31.44875502763531,0.011013953276949545,0.5449976340663618,True,False,False,False
88.75,0.38234975770115387,-31.313124318573117,0.01098588673733333,0.5400480410773032,True,False,False,False
89.0,0.385092987143417,-31.1787548782992,0.01095946458507586,0.5349074836051559,True,False,False,False
89.25,0.3878114160989438,-31.045645053469453,0.01078750209204547,0.5299711312455017,True,False,False,False
89.5,0.390475770120112,-30.913778888536424,0.01052685788286152,0.5249582127924319,True,False,False,False
89.75,0.39311039819983906,-30.783135061297447,0.010549717853298739,0.5201924029641485,True,False,False,False
90.0,0.3957635848602173,-30.65371589637415,0.010675301481776145,0.5151609045821292,True,False,False,False
90.25,0.39845432484529164,-30.525543794361088,0.010850152611091454,0.5102158950373104,True,False,False,False
90.5,0.40119454274931915,-30.39862382069406,0.01107111286655314,0.5051438734666652,True,False,False,False
90.75,0.4039866054676107,-30.27295023385606,0.011264927439421965,0.500244802964381,True,False,False,False
91.0,0.4068206265975539,-30.148485976896616,0.011406791810776121,0.4954692393361289,True,False,False,False
91.25,0.40968067177457607,-30.025251635770903,0.011473092649288537,0.4904054834186842,True,False,False,False
91.5,0.41255008731407944,-29.903297099970935,0.011481744254022897,0.48523080216541364,True,False,False,False
91.75,0.4154378734014948,-29.782598513677346,0.01162008548507981,0.4803578751404198,True,False,False,False
92.0,0.4183365800487871,-29.663152439194562,0.011569082880928274,0.4752107255303968,True,False,False,False
92.25,0.42124193886260697,-29.544979625228386,0.011673313019563132,0.4701717763721368,True,False,False,False
92.5,0.4241559709916448,-29.428045105872002,0.011638485578317887,0.4653043817625058,True,False,False,False
92.75,0.4270661124290543,-29.312350674940298,0.011642169957102204,0.46025106534374344,True,False,False,False
93.0,0.42997918259512935,-29.19791934776068,0.011661915577939587,0.45519955023155106,True,False,False,False
93.25,0.4329095275505463,-29.084734189325804,0.01178038087717331,0.45028170607848367,True,False,False,False
93.5,0.43582898863125363,-28.97279420441004,0.011574832730350407,0.44523819262683567,True,False,False,False
93.75,0.4387386026728263,-28.86211755642626,0.011701602705204683,0.4401749792914863,True,False,False,False
94.0,0.4416529442793421,-28.75274509110394,0.011612624305174358,0.43480475167601756,True,False,False,False
94.25,0.44455729885644996,-28.64467980142548,0.011621733153590335,0.4297175648928821,True,False,False,False
94.5,0.44745216285472006,-28.537904358725164,0.01153668605946628,0.42448598472791427,True,False,False,False
94.75,0.45032672249296424,-28.432427928265675,0.011459304969868401,0.4193254662435349,True,False,False,False
95.0,0.45319894380473225,-28.328195666559314,0.011518014111802439,0.4145326218722371,True,False,False,False
95.25,0.45607883742534294,-28.225174667175786,0.011520673598517992,0.40963537294523295,True,False,False,False
95.5,0.45892637911526846,-28.12338572512953,0.01125919282178911,0.40467618807737216,True,False,False,False
95.75,0.46174821208978595,-28.022847343278354,0.011314995749650137,0.3996308614708796,True,False,False,False
96.0,0.46455208864490544,-27.923539918392827,0.011115564375938745,0.3948285564158613,True,False,False,False
96.25,0.46731699936139465,-27.825441506067886,0.0110032626705687,0.38995875277152664,True,False,False,False
96.5,0.4700566419401881,-27.728587973891667,0.01091339858178024,0.3848695131106838,True,False,False,False
96.75,0.47277763035056514,-27.63299767337539,0.010854036167205917,0.3798528966162846,True,False,False,False
97.0,0.47545269240358434,-27.538651197123905,0.010545995509018065,0.3749189424378405,True,False,False,False
97.25,0.4780900253796667,-27.445560728832362,0.010552186557738364,0.36980480331078996,True,False,False,False
97.5,0.4807142594469122,-27.353727573782486,0.01044122024349637,0.364860447550213,True,False,False,False
97.75,0.4832887312182039,-27.263142796269115,0.01015407891510662,0.35981779962858573,True,False,False,False
98.0,0.4858115646958861,-27.173831285949117,0.010028104377514075,0.35467429480835566,True,False,False,False
98.25,0.48828632141248723,-27.085774412432382,0.009769488382090019,0.34978071770799324,False,False,False,False
98.5,0.49071174236502185,-26.998957673557236,0.00963340562967088,0.34475320612313676,False,False,False,False
98.75,0.4931172877286125,-26.913385190641502,0.00961049318637789,0.33982665936293566,False,False,False,False
99.0,0.49552085965710735,-26.829074710813373,0.00961759524463518,0.33465717859250604,False,False,False,False
99.25,0.4979280633338655,-26.746052842828277,0.009639550007648112,0.3295177632183591,False,False,False,False
99.5,0.5003198799397846,-26.664309195467823,0.009494503680012947,0.32443142934032443,False,False,False,False
99.75,0.502657388295486,-26.583849109862395,0.009205074963946507,0.31924928279059295,False,False,False,False
100.0,0.5049324199173899,-26.50467486453852,0.008994697112356485,0.31414469963498165,False,False,False,False
100.25,0.5071773164126843,-26.426741442499253,0.0089640205864525,0.30932267957132453,False,False,False,False
100.5,0.5094077573054633,-26.350036889936543,0.00887903466788902,0.30431374894285734,False,False,False,False
100.75,0.5116306839474921,-26.27455596319277,0.008903928154821506,0.2995336626603307,False,False,False,False
101.0,0.5138363398580056,-26.200286116492226,0.008740856702660851,0.2946251263185069,False,False,False,False
101.25,0.5160010354643126,-26.127252947080738,0.008576238516721145,0.2896402444937022,False,False,False,False
101.5,0.5181460264146868,-26.055484434760896,0.00858320554479033,0.2845078534081533,False,False,False,False
101.75,0.5202337244929442,-25.984950082637265,0.008117932445712264,0.2797670074470872,False,False,False,False
102.0,0.5222562400054037,-25.91558479244164,0.008061757185058699,0.2751553194141571,False,False,False,False
102.25,0.5242360674847281,-25.847395448572005,0.007776410809874166,0.2703594584455382,False,False,False,False
102.5,0.5261723639884202,-25.780436404956692,0.00771348573679978,0.26531289640958705,False,False,False,False
102.75,0.5280954379343764,-25.71474297033365,0.007670627352486163,0.2602345846154674,False,False,False,False
103.0,0.5300024157052291,-25.65030142431757,0.007584729675867744,0.2552977916116744,False,False,False,False
103.25,0.5318846423571099,-25.587091799087027,0.007472620114747248,0.2503792208024182,False,False,False,False
103.5,0.5337384138008557,-25.52514010029722,0.0073570666734155245,0.24523438041046117,False,False,False,False
103.75,0.5355342726721422,-25.464461159269487,0.007009329674219239,0.24019718059625123,False,False,False,False
104.0,0.5372710617015691,-25.405020815621445,0.006884523541907436,0.23532558035486953,False,False,False,False
104.25,0.5389727660525275,-25.34680527983796,0.006728647030962003,0.23039872060912156,False,False,False,False
104.5,0.540650752340637,-25.28985193915646,0.006694756044739401,0.22522800803815984,False,False,False,False
104.75,0.542302815872893,-25.234141127534713,0.00652130280589501,0.22045850128908448,False,False,False,False
105.0,0.54390953096484,-25.179653742596,0.00633194509586592,0.21544059607339486,False,False,False,False
105.25,0.5454783424973095,-25.126385730894107,0.0062181007996336465,0.2107035082750316,False,False,False,False
105.5,0.5469857858886182,-25.07434540294801,0.005840967215987314,0.20561915085010263,False,False,False,False
105.75,0.5484076729584914,-25.02357206812167,0.005533653303403734,0.20056755673436,False,False,False,False
106.0,0.5497622982388483,-24.9740637102642,0.005302871320763238,0.1954993278836473,False,False,False,False
106.25,0.5510501403604197,-24.925802600504234,0.004999402963995678,0.19058957880723834,False,False,False,False
106.5,0.5522671616610846,-24.87878996850535,0.004736288872146492,0.18551150199034774,False,False,False,False
106.75,0.5534342217956939,-24.833014432568604,0.004599738081406765,0.1806927983777031,False,False,False,False
107.0,0.554537570456233,-24.788459821615472,0.004226584815715774,0.17574412442843074,False,False,False,False
107.25,0.5555985390958581,-24.7451484560656,0.004260693320213734,0.1707467967547951,False,False,False,False
107.5,0.5566211611433963,-24.703068214107017,0.003919825809748073,0.16589517105103507,False,False,False,False
107.75,0.5575806456537659,-24.662210540839208,0.003755585723483213,0.16096623057609166,False,False,False,False
108.0,0.5584906804107241,-24.62261029505741,0.003524208773938745,0.1558357574926414,False,False,False,False
108.25,0.5593728166203732,-24.584283284971956,0.0035324044151721187,0.15078032241827835,False,False,False,False
108.5,0.5602268573754974,-24.54722166438067,0.0032994439808466535,0.14571266427564217,False,False,False,False
108.75,0.5609984538533557,-24.51141580238801,0.002872858599877923,0.14073427188433604,False,False,False,False
109.0,0.5617016286946924,-24.47686251061039,0.002752064862083728,0.13569207372515413,False,False,False,False
109.25,0.5623551135152348,-24.44354995304512,0.002475353372559812,0.13080841288546663,False,False,False,False
109.5,0.5629272708281248,-24.411480950244545,0.002101427712957218,0.1257436447730804,False,False,False,False
109.75,0.5634249719155805,-24.380693886583433,0.001879691678650095,0.12055288542119943,False,False,False,False
110.0,0.563853546369437,-24.3511827934991,0.0015484310157077184,0.11553589048490256,False,False,False,False
110.25,0.5641953627821885,-24.322950831674785,0.001185608568703769,0.11031983831669996,False,False,False,False
110.5,0.5644468199532378,-24.295983733835488,0.0008255865955659292,0.10541697834074386,False,False,False,False
110.75,0.5646148560471111,-24.270276010025107,0.0005182145503414169,0.10024484112150206,False,False,False,False
111.0,0.5647045420776805,-24.245839365066903,0.0001988026364828573,0.09524834865846422,False,False,False,False
111.25,0.5647566807545024,-24.222654667914817,0.00021783358083926095,0.09022922676397323,False,False,False,False
111.5,0.5648177565703252,-24.20068965008203,0.0002703262244714718,0.08549091094929415,False,False,False,False
111.75,0.5648752539463765,-24.179914272081906,0.0001892022461421724,0.08071212070013933,False,False,False,False
112.0,0.5649011009327106,-24.160338970447132,1.711904554727893e-05,0.07589030860213139,False,False,False,False
112.25,0.5648552594756591,-24.142008765409035,-0.00038433521131864186,0.0707513695519854,False,False,False,False
112.5,0.5647157418499844,-24.12494114234157,-0.0007322736102802698,0.06578964779156689,False,False,False,False
112.75,0.5645136776913543,-24.109099317476865,-0.0008846964504245654,0.06094496549654754,False,False,False,False
113.0,0.564277940465919,-24.09449945912028,-0.0010016813780866767,0.05585391238555966,False,False,False,False
113.25,0.5640194244702867,-24.081149105684194,-0.001066909073618128,0.050948921252842526,False,False,False,False
113.5,0.563700720315727,-24.06903680538542,-0.0014831955601383414,0.045949520385065806,False,False,False,False
113.75,0.5632680196644827,-24.058193803241686,-0.001978895733127431,0.04079454349970037,False,False,False,False
114.0,0.5627450037361195,-24.0486089722282,-0.0022056947343464693,0.03588412599091081,False,False,False,False
114.25,0.5621764502108012,-24.040261124037055,-0.002343203590488045,0.030898672502689656,False,False,False,False
114.5,0.5615726752489243,-24.033191035076694,-0.002487489912541653,0.025662052783594097,False,False,False,False
114.75,0.5609017191207004,-24.02739099213823,-0.0028806234321248326,0.020738327788979088,False,False,False,False
115.0,0.5601283987261009,-24.02281779808672,-0.0033064009805365965,0.01584726476564488,False,False,False,False
115.25,0.5592577006807803,-24.01946215009635,-0.0036596407171935767,0.010997952460977439,False,False,False,False
115.5,0.5582986841166878,-24.01730626178496,-0.004012939665197149,0.00624918733935838,False,False,False,False
115.75,0.5572754311621156,-24.016329213299407,-0.004173525553985157,0.0015672156851941742,False,False,False,False
116.0,0.5562223933357554,-24.016543828868986,-0.004251234613218559,-0.0032841329153922784,False,False,False,False
116.25,0.5551244670384888,-24.017926629958918,-0.004532599648363865,-0.007778249276796109,False,False,False,False
116.5,0.5539523250450071,-24.020425382117992,-0.004844954478858439,-0.012211738546826282,False,False,False,False
116.75,0.5526804294623384,-24.024048714318706,-0.005330640600865842,-0.016774873268133178,False,False,False,False
117.0,0.5513191314233832,-24.028766060740836,-0.005560138870126969,-0.02096387647169851,False,False,False,False
117.25,0.5498959762096749,-24.03452216811609,-0.005825491605048852,-0.025084957512736566,False,False,False,False
117.5,0.5484357990973526,-24.041300025527466,-0.0058563076407158665,-0.029137898872909494,False,False,False,False
117.75,0.546952844031413,-24.04907322893642,-0.006007701743623254,-0.03304771412521119,False,False,False,False
118.0,0.5454291249854869,-24.0578612620244,-0.006182447677461436,-0.03725653410348761,False,False,False,False
118.25,0.5438398432597628,-24.067608867679805,-0.006532133323449066,-0.04072427817120744,False,False,False,False
118.5,0.5421862458093325,-24.078265860888944,-0.00669700550587926,-0.0445316519576392,False,False,False,False
118.75,0.5404861005677665,-24.089884404672,-0.006904522981149892,-0.04841667874192691,False,False,False,False
119.0,0.5387367518251512,-24.102427782620083,-0.007090598508400143,-0.05193032729946368,False,False,False,False
119.25,0.5369378687741352,-24.115833044457286,-0.0073007849897267175,-0.0553117475816713,False,False,False,False
119.5,0.5351051958208083,-24.130121410772436,-0.00736094620590716,-0.058995177267457836,False,False,False,False
119.75,0.5332650058557759,-24.145324678029198,-0.007360916592468611,-0.062630960789466,False,False,False,False
120.0,0.531387437910061,-24.161403409605338,-0.00765994480140521,-0.06599886362711038,False,False,False,False
120.25,0.5294432160815684,-24.178266010324286,-0.007894103839378717,-0.06890192004783627,False,False,False,False
120.5,0.5274394660038545,-24.195843060418166,-0.008136162270556895,-0.07171445788180063,False,False,False,False
120.75,0.5254044796200121,-24.214151713157623,-0.008144015767457689,-0.07475476329342456,False,False,False,False
121.0,0.5233404933898228,-24.233214733200626,-0.008368156738031004,-0.07774937591847594,False,False,False,False
121.25,0.5212211376535492,-24.252987438897293,-0.00858694243401705,-0.08043224902762168,False,False,False,False
121.5,0.5190595382277162,-24.27343142872807,-0.008706106688944512,-0.08311965838374873,False,False,False,False
121.75,0.5168610616307463,-24.29454528525435,-0.00888195831084946,-0.0857911772471083,False,False,False,False
122.0,0.5146073757494742,-24.31636655553542,-0.009147810789723137,-0.08877895993672308,False,False,False,False
122.25,0.5123047801971854,-24.338849315586003,-0.009273171233418464,-0.09108310864890691,False,False,False,False
122.5,0.5099479857069487,-24.361893785894157,-0.009581391494353298,-0.09327262475713294,False,False,False,False
122.75,0.507506844992798,-24.38553446044889,-0.009947977863856362,-0.09585273711879026,False,False,False,False
123.0,0.5050224779413602,-24.409780922880152,-0.00992717260629675,-0.09811896429283368,False,False,False,False
123.25,0.5024768001550467,-24.434558984251826,-0.010438437381176214,-0.1001054784782462,False,False,False,False
123.5,0.49983950806179805,-24.459858412168174,-0.010660105737507322,-0.1022899239535354,False,False,False,False
123.75,0.49715227719938865,-24.48570524511433,-0.010837948518579037,-0.10448472284861056,False,False,False,False
124.0,0.49440262558359327,-24.512062606967483,-0.011159442983179117,-0.10637414166591073,False,False,False,False
124.25,0.4915875649317687,-24.538859161828594,-0.011361195806317058,-0.10799827820159387,False,False,False,False
124.5,0.4886995468395763,-24.566128642884443,-0.011743152969158092,-0.11015753423407468,False,False,False,False
124.75,0.48577183355602976,-24.593912193433276,-0.01167873792981143,-0.11211087622968441,False,False,False,False
125.0,0.4828325731637806,-24.622177319721338,-0.011835524740149251,-0.11401011929285898,False,False,False,False
125.25,0.47986439540588793,-24.65088239080682,-0.011910050562854742,-0.11563044236466705,False,False,False,False
125.5,0.47687454464048973,-24.679967296706735,-0.012008889761825766,-0.11704879551602088,False,False,False,False
125.75,0.473851989772853,-24.709421646431668,-0.012171694590133538,-0.11858598693411528,False,False,False,False
126.0,0.47078518409446646,-24.739256630997826,-0.012362893491843666,-0.12009387156878189,False,False,False,False
126.25,0.4676852250355661,-24.769462700375176,-0.01243691720084569,-0.1215546764710172,False,False,False,False
126.5,0.4645653075984889,-24.800058880789027,-0.012522579308434562,-0.12321475876353555,False,False,False,False
126.75,0.46141889031448424,-24.831048052021828,-0.012648899364324156,-0.12469859918932766,False,False,False,False
127.0,0.45824019672340105,-24.862428155231047,-0.01278080483384889,-0.12634221404827725,False,False,False,False
127.25,0.4550608139821199,-24.894169411661313,-0.012654375044281432,-0.12758784931370354,False,False,False,False
127.5,0.451896841657688,-24.9262022244933,-0.012657506521864807,-0.1286746530469406,False,False,False,False
127.75,0.4487387273488859,-24.958500643644935,-0.012607506321948979,-0.12971270488022138,False,False,False,False
128.0,0.4455738354908259,-24.99106877148991,-0.012711734605718183,-0.13083230805287768,False,False,False,False
128.25,0.44239898759868046,-25.02386488956653,-0.012687115444118187,-0.1315366388811933,False,False,False,False
128.5,0.4392160202853954,-25.056877279198943,-0.012776720287334325,-0.13256246973011285,False,False,False,False
128.75,0.4360221804980644,-25.090126261445214,-0.012774080255906428,-0.1334293884889748,False,False,False,False
129.0,0.43280845987864836,-25.12359901102719,-0.012935772253839612,-0.1343525929224172,False,False,False,False
129.25,0.4295994886661565,-25.15729765043407,-0.012736081298657359,-0.13523654115962222,False,False,False,False
129.5,0.42639132645459693,-25.191230268676616,-0.012929310041734083,-0.13622438656302285,False,False,False,False
129.75,0.4231617380714542,-25.225380962600074,-0.012907468889806966,-0.13698116688384618,False,False,False,False
130.0,0.4199318464191494,-25.25972713203658,-0.012931740931650513,-0.13778818631980227,False,False,False,False
130.25,0.4167072919288281,-25.294278502205625,-0.012864774192926753,-0.13862278134624947,False,False,False,False
130.5,0.4134960392749177,-25.32904065250042,-0.012825327845564163,-0.1394744247311633,False,False,False,False
130.75,0.4102847706189458,-25.36401101263017,-0.01286489866300727,-0.1402884525760783,False,False,False,False
131.0,0.40707437098315546,-25.399170851798896,-0.012818365104255729,-0.14099026516093585,False,False,False,False
131.25,0.40387743604621307,-25.43448784697125,-0.012757167269681235,-0.14154570198766236,False,False,False,False
131.5,0.4006664378059361,-25.46995652184644,-0.012930881200882455,-0.14220368063599928,False,False,False,False
131.75,0.3974330203447503,-25.50557651866025,-0.01293651110657884,-0.14275629334369036,False,False,False,False
132.0,0.39417298170958226,-25.541335633516947,-0.013143851322952581,-0.1433166059617848,False,False,False,False
132.25,0.3908779931044886,-25.57721660410631,-0.013216097128616117,-0.14373115194174924,False,False,False,False
132.5,0.38758816020782383,-25.61319058568798,-0.013102597642121126,-0.1440607114123932,False,False,False,False
132.75,0.38432926313852495,-25.649238895322505,-0.012968604424342885,-0.14432577829676543,False,False,False,False
133.0,0.3810903914362641,-25.68536348477014,-0.012942402253973001,-0.14467093975466322,False,False,False,False
133.25,0.3778542095965397,-25.721583153171583,-0.01294709215209125,-0.14508640701470288,False,False,False,False
133.5,0.3746247462229688,-25.757877645603436,-0.012888632618873148,-0.14526953795172776,False,False,False,False
133.75,0.37138510250319307,-25.794228975339088,-0.013028543259442367,-0.1455410867426194,False,False,False,False
134.0,0.36813564196783566,-25.830655846804298,-0.012967172920274661,-0.1458738907650901,False,False,False,False
134.25,0.3649088078157992,-25.86717898065252,-0.012847542041243406,-0.1463111912995273,False,False,False,False
134.5,0.3617309271564023,-25.903800180288666,-0.012575536480381707,-0.14665843143451132,False,False,False,False
134.75,0.3585753818728864,-25.94050843101157,-0.012668859209187549,-0.14700756555016586,False,False,False,False
135.0,0.355427540535098,-25.977292724919582,-0.012513896437569188,-0.14726680032389777,False,False,False,False
135.25,0.35230329163836954,-26.014097544379457,-0.012480086275542408,-0.14717175854277145,False,False,False,False
135.5,0.3492051732142226,-26.050862604732405,-0.012304840587091855,-0.14694874080308262,False,False,False,False
135.75,0.3461203131609761,-26.087604668360008,-0.012374044011365564,-0.14698776169322153,False,False,False,False
136.0,0.3430174440371752,-26.12434990555462,-0.012448908190180304,-0.14697412880543761,False,False,False,False
136.25,0.33991442618710127,-26.161091144149328,-0.012375233377605516,-0.14695578689834984,False,False,False,False
136.5,0.3368372695150203,-26.197836057241876,-0.012242024992667813,-0.14700353040099823,False,False,False,False
136.75,0.33376227323231705,-26.234578346361165,-0.012357939278338885,-0.14693477162484858,False,False,False,False
137.0,0.3306850924650555,-26.27130164142889,-0.012259499510462075,-0.14685159819792096,False,False,False,False
137.25,0.32762787710747415,-26.307951812027714,-0.0121981765269225,-0.1463497723742092,False,False,False,False
137.5,0.3245819511882982,-26.34454156489278,-0.012169233056219773,-0.14636825327510145,False,False,False,False
137.75,0.32152949362844774,-26.381087856517617,-0.012250393387206831,-0.14600207207173646,False,False,False,False
138.0,0.31848338175194535,-26.417565056048424,-0.012118484525519698,-0.1458155366111621,False,False,False,False
138.25,0.3154287066704592,-26.45400622054359,-0.012318907019602079,-0.1457137604542402,False,False,False,False
138.5,0.31234587997324925,-26.490401486889258,-0.01234368202997552,-0.14544836797529348,False,False,False,False
138.75,0.30926973280271963,-26.526731786763616,-0.012265471848107518,-0.14519403839324138,False,False,False,False
139.0,0.3062215580503097,-26.562970604504777,-0.012119881637919364,-0.14471651726235377,False,False,False,False
139.25,0.3031786225313375,-26.599114419579525,-0.0122235763642331,-0.1444339935592559,False,False,False,False
139.5,0.30007346243392663,-26.63519267867792,-0.012617682100555602,-0.14419204207138767,False,False,False,False
139.75,0.29690935503274224,-26.671204712139,-0.012695150478989472,-0.14390421831347572,False,False,False,False
140.0,0.2937117108603027,-26.707165039304197,-0.012885991548135793,-0.14377838101548862,False,False,False,False
140.25,0.2905006026803399,-26.7430492577919,-0.012802828867239633,-0.14329537472676812,False,False,False,False
140.5,0.2873398712968073,-26.778831828891384,-0.01248299157996205,-0.14296522422357347,False,False,False,False
140.75,0.28422962337402013,-26.814512165050377,-0.01239894631451309,-0.14247747297219146,False,False,False,False
141.0,0.281125479395105,-26.850090353360674,-0.012434174953419001,-0.14214803018881444,False,False,False,False
141.25,0.2780141431157413,-26.885557812476403,-0.012456463322585449,-0.14159164063565155,False,False,False,False
141.5,0.274888741032914,-26.920911852943625,-0.012546720750820644,-0.14124067459260345,False,False,False,False
141.75,0.2717447618400488,-26.95614080398691,-0.012605052036688486,-0.14059092825416522,False,False,False,False
142.0,0.2685957575202125,-26.991257727120423,-0.012586959788536592,-0.14034445851971325,False,False,False,False
142.25,0.26546992908533407,-27.02625663661651,-0.012419602418120033,-0.13964683322750604,False,False,False,False
142.5,0.26239093666815577,-27.06110727660219,-0.012212291353342999,-0.1391583062033392,True,False,False,False
142.75,0.2593832891923014,-27.09581804899596,-0.011848829500346037,-0.1385279072141785,True,False,False,False
143.0,0.2564195604687361,-27.13035403169643,-0.011860928359243697,-0.1377599532489435,True,False,False,False
143.25,0.2534692644400532,-27.16468729405256,-0.011741359845867803,-0.13690615687306312,True,False,False,False
143.5,0.250513878465686,-27.198841588799695,-0.011901673930512781,-0.1363281859895181,True,False,False,False
143.75,0.24752940593329706,-27.232832268035416,-0.011974037892218977,-0.13559724107373358,True,False,False,False
144.0,0.24454090252894883,-27.266635251618368,-0.011933917167213787,-0.13482663137246914,True,False,False,False
144.25,0.24157696717301394,-27.30025671687019,-0.011777501899843758,-0.1341451053890207,True,False,False,False
144.5,0.23862688587230646,-27.33371370414772,-0.011823089174080929,-0.1335107885332226,True,False,False,False
144.75,0.23565592300406685,-27.36703606745804,-0.01194457251087863,-0.1330681064958495,True,False,False,False
145.0,0.23266645389015392,-27.400239453597703,-0.011971132878019104,-0.13255898011729442,True,False,False,False
145.25,0.22966993055528442,-27.433274302030526,-0.012000975162437649,-0.131719804531743,True,False,False,False
145.5,0.22665572099859344,-27.46611645329932,-0.012112635549808785,-0.13101739509122223,True,False,False,False
145.75,0.22361203043340172,-27.498818046006026,-0.012236849666638502,-0.13059533485143343,True,False,False,False
146.0,0.22055422537117797,-27.531381116461443,-0.012225526634037821,-0.1299092298594536,True,False,False,False
146.25,0.21748828342584003,-27.563786556958224,-0.012301955213272481,-0.12933428690904034,True,False,False,False
146.5,0.214418621424211,-27.596045029310762,-0.012255284648031496,-0.1287334963113786,True,False,False,False
146.75,0.21137019598270748,-27.628148091716195,-0.01213205879820457,-0.12809101454989455,True,False,False,False
147.0,0.20834441875129608,-27.66006703108623,-0.012074081236389254,-0.12726050587650758,True,False,False,False
147.25,0.20531044805473028,-27.69177221232681,-0.01219760189489396,-0.12638093240255785,True,False,False,False
147.5,0.20228573156767043,-27.723278213245077,-0.012000063184414754,-0.12566709356762412,True,False,False,False
147.75,0.199307753266801,-27.75462820816263,-0.011823713333288254,-0.12513288239913045,True,False,False,False
148.0,0.1963681157320335,-27.78582592364571,-0.011693322924590764,-0.12444885375881462,True,False,False,False
148.25,0.19345529614762944,-27.8168413568748,-0.011609161221502115,-0.12367462000871099,True,False,False,False
148.5,0.19055413661517526,-27.8476804973549,-0.011600055529008271,-0.1230385046906064,True,False,False,False
148.75,0.18768501321953304,-27.878337535455675,-0.01135285472090078,-0.12221782342181794,True,False,False,False
149.0,0.1848664970254287,-27.908795935877226,-0.011195202835017955,-0.12144939481409177,True,False,False,False
149.25,0.1820674353757312,-27.939028260918224,-0.011197192740766995,-0.12040920532627095,True,False,False,False
149.5,0.1792631749477052,-27.969039377564396,-0.011236822356225383,-0.11967972410679215,True,False,False,False
149.75,0.1764915798850308,-27.998852000351096,-0.010935857654653797,-0.11882128656192978,True,False,False,False
150.0,0.17374456164749374,-28.02844785259194,-0.011040206117549451,-0.11794552152677484,True,False,False,False
150.25,0.1709706086127667,-28.057832252833766,-0.011151341685154987,-0.1171296699299085,True,False,False,False
150.5,0.16814788090523922,-28.087003988842234,-0.011430396943331547,-0.1162441918283531,True,False,False,False
150.75,0.16530822920552193,-28.11596096942256,-0.011286738617784765,-0.11541166635842191,True,False,False,False
151.0,0.16249415332624947,-28.144698381193543,-0.01122578174831868,-0.11448763355650225,True,False,False,False
151.25,0.1596659915490536,-28.173238485208127,-0.01139945121971268,-0.11383318218650931,True,False,False,False
151.5,0.15679509656332977,-28.201591679039733,-0.011567629851539045,-0.11299235261037079,True,False,False,False
151.75,0.15388978656294378,-28.22973915975602,-0.011674774732843687,-0.11218748301825503,True,False,False,False
152.0,0.15097660114296632,-28.25767318522439,-0.011630623980545388,-0.11128472489129757,True,False,False,False
152.25,0.14810357762536358,-28.28538010150893,-0.011353478438726347,-0.11037063151445085,True,False,False,False
152.5,0.14528142599160357,-28.312847627530694,-0.011223640704041832,-0.10936958890081065,True,False,False,False
152.75,0.14249782392355562,-28.340058117680183,-0.011045076797124298,-0.10831434913022886,True,False,False,False
153.0,0.1397443816388532,-28.367017253250456,-0.010982371825810754,-0.1073587413438085,True,False,False,False
153.25,0.13701264520446274,-28.393729549081225,-0.010871424004548188,-0.10633963576256993,True,False,False,False
153.5,0.13429962474208476,-28.420228633997926,-0.010832675396607665,-0.10565304722427823,True,False,False,False
153.75,0.13158906637678977,-28.446541931570493,-0.01085171656180256,-0.10485333156103278,True,False,False,False
154.0,0.12885936331114192,-28.47265908772341,-0.01098583585816807,-0.10408390501749507,True,False,False,False
154.25,0.12609195699102876,-28.49858700955595,-0.01115334495825003,-0.10333945384997364,True,False,False,False
154.5,0.12330091557740691,-28.524281172724923,-0.01117488067468318,-0.10221384947140368,True,False,False,False
154.75,0.12050498185647289,-28.549739969816475,-0.011192518139220311,-0.101456525598161,True,False,False,False
155.0,0.11770966082155304,-28.574978510044346,-0.011169955861144526,-0.10045179835199924,True,False,False,False
155.25,0.11493302259341866,-28.599979380643344,-0.011043065874363385,-0.09955517840326485,True,False,False,False
155.5,0.11218693112445885,-28.62471963313838,-0.010925554280674238,-0.09836685263609733,True,False,False,False
155.75,0.10944285695937125,-28.649169097609313,-0.011026932187892528,-0.09722885357341916,True,False,False,False
156.0,0.10668837558150082,-28.673318273475957,-0.011008800077020642,-0.09596455506925143,True,False,False,False
156.25,0.10396240408476089,-28.697176935446493,-0.010798872415030254,-0.09490476048713328,True,False,False,False
156.5,0.10127593015733495,-28.720796223251813,-0.010692838804674996,-0.09404955195233292,True,False,False,False
156.75,0.09864739308814689,-28.744191247063796,-0.010335369651293004,-0.09311067224593216,True,False,False,False
157.0,0.09609349464073072,-28.76736189045615,-0.010095737616025887,-0.09225449748551276,True,False,False,False
157.25,0.0935650746927915,-28.7903239939899,-0.010131545800186664,-0.09144232740848954,True,False,False,False
157.5,0.09107137900986478,-28.813069774528433,-0.009817933476751115,-0.09052394646729645,True,False,False,False
157.75,0.08859266348357467,-28.835583573140372,-0.010011702740038316,-0.0895864241595365,True,False,False,False
158.0,0.0860852806907995,-28.857867120326876,-0.010047274729013926,-0.08868194997874787,True,False,False,False
158.25,0.08356343536543455,-28.879916026721943,-0.01012739657481777,-0.08770929362787146,True,False,False,False
158.5,0.08103843679551206,-28.901728615252026,-0.010072505850904238,-0.0867914197878973,True,False,False,False
158.75,0.07851074317610017,-28.923298107345023,-0.010148946691170885,-0.08576450974918727,True,False,False,False
159.0,0.07598469348495832,-28.944614881366807,-0.010059357450053489,-0.08476969087159776,True,False,False,False
159.25,0.07347514950195415,-28.96569276853726,-0.0100169084280819,-0.08385341049412198,True,False,False,False
159.5,0.07097858796378807,-28.986545156185933,-0.009955500582524562,-0.08296569648481636,True,False,False,False
159.75,0.06848640465589069,-29.00720152621938,-0.00998190212759377,-0.08228526129361122,True,False,False,False
160.0,0.06599761120846478,-29.027650165796338,-0.009928353322994276,-0.08130386037067765,True,False,False,False
160.25,0.06353021984248727,-29.04785780302351,-0.009810688752517137,-0.08035724854017605,True,False,False,False
160.5,0.06108518551593147,-29.067857901299842,-0.009749518962619006,-0.07964354343759811,True,False,False,False
160.75,0.05864833972531502,-29.087650815417664,-0.00974515877271406,-0.07869976991606484,True,False,False,False
161.0,0.056210527790889225,-29.107225671544917,-0.0097572616030577,-0.07789907796090353,True,False,False,False
161.25,0.053766697219251494,-29.126575780499323,-0.009793289336218303,-0.07690179027761294,True,False,False,False
161.5,0.051339485631007716,-29.145691269515186,-0.009624320823957606,-0.07602213777977665,True,False,False,False
161.75,0.04895596326311326,-29.164583195463806,-0.009443772813587365,-0.07511328683135024,True,False,False,False
162.0,0.04658872487328104,-29.183244381564435,-0.009494046334498765,-0.07417619723387613,True,False,False,False
162.25,0.04421638873780125,-29.20169668691888,-0.009484573931627818,-0.07344224649473287,True,False,False,False
162.5,0.041838976093716534,-29.219966244322002,-0.009534658961560886,-0.07271420800819436,True,False,False,False
162.75,0.03944601713557206,-29.238043901344348,-0.009608936986328153,-0.07190704116758803,True,False,False,False
163.0,0.03705069134144569,-29.25592443278246,-0.009553597170346416,-0.07113721555477354,True,False,False,False
163.25,0.03466039262552282,-29.2735943359032,-0.009568706653204398,-0.0702220079866356,True,False,False,False
163.5,0.03224763979431635,-29.291061356741917,-0.009733249644601245,-0.0695141432098748,True,False,False,False
163.75,0.02982425035588293,-29.308364344102205,-0.009653809269319505,-0.06890976316209814,True,False,False,False
164.0,0.02743034726032744,-29.32550226922952,-0.009497348362845858,-0.06819365260764884,True,False,False,False
164.25,0.025060838759196253,-29.34244840886262,-0.009458642886433635,-0.06737546810632061,True,False,False,False
164.5,0.022706543034216223,-29.35916875510211,-0.009375630125962561,-0.06638730963610971,True,False,False,False
164.75,0.020382063263592577,-29.37568875427133,-0.00922015046505019,-0.06577269837635476,True,False,False,False
165.0,0.018110431896319824,-29.392025603526676,-0.008952820643671216,-0.06492212087040446,True,False,False,False
165.25,0.01587787796665735,-29.408143305574,-0.00890752605121742,-0.06401949977858935,True,False,False,False
165.5,0.01365626988485069,-29.42403374179197,-0.008865252644293335,-0.06310399395072706,True,False,False,False
165.75,0.01143122644087698,-29.439699104123832,-0.008935011816175559,-0.06221889812723973,True,False,False,False
166.0,0.009235378924579754,-29.455156544468633,-0.008631695292174547,-0.06144065322799462,True,False,False,False
166.25,0.007080689227871469,-29.470395999931657,-0.008605731583250528,-0.06047499292409629,True,False,False,False
166.5,0.004941426040048915,-29.485399985970282,-0.008508287703730473,-0.059556904571979354,True,False,False,False
166.75,0.0028316131353165056,-29.500206635553557,-0.00837015359001344,-0.05889630511756154,True,False,False,False
167.0,0.0007384265596904507,-29.514814287129667,-0.008375251537172302,-0.05796490701068319,True,False,False,False
167.25,-0.001346762096604398,-29.52922191714211,-0.008306194995051785,-0.05729613959956265,True,False,False,False
167.5,-0.0034345961451101347,-29.543480163760726,-0.008396428105797861,-0.056769824842151255,True,False,False,False
167.75,-0.005524690192107005,-29.557574497852602,-0.008324250597169118,-0.05598485469778365,True,False,False,False
168.0,-0.007590198806461963,-29.571477040339023,-0.00819974799828369,-0.055235496931753565,True,False,False,False
168.25,-0.009610058985746637,-29.58519559987402,-0.007959065641949823,-0.05451300203989986,True,False,False,False
168.5,-0.01161480562231684,-29.59873723180951,-0.00807884243872629,-0.05382004215140404,True,False,False,False
168.75,-0.013633614141793978,-29.612111153542717,-0.008071564879382697,-0.05317133240039572,True,False,False,False
169.0,-0.015638322910347426,-29.62532653212864,-0.00796604717109742,-0.052551706235253196,True,False,False,False
169.25,-0.017590106855232948,-29.638392602279847,-0.007648170505799729,-0.051976884943987264,True,False,False,False
169.5,-0.019477168895512775,-29.65131948051816,-0.007448275327062032,-0.05143815980873361,True,False,False,False
169.75,-0.02133539027894593,-29.664087078372397,-0.007417426691174755,-0.05070262593356551,True,False,False,False
170.0,-0.023182241106569468,-29.676673515976447,-0.007357312932998399,-0.049988880566415324,True,False,False,False
170.25,-0.02502305820522209,-29.68908651641296,-0.007369160628401788,-0.04931512180869596,True,False,False,True
170.5,-0.02686424437530553,-29.70131990550611,-0.007360257078530599,-0.048551991775938726,True,False,False,True
170.75,-0.028690767307765045,-29.713363953107855,-0.007251855812827597,-0.04780039925812912,True,False,False,True
171.0,-0.030458828810831787,-29.725234072980832,-0.006892576173361681,-0.047160593598756524,True,False,False,True
171.25,-0.032153757123643247,-29.73696373418708,-0.006666804980194183,-0.04667671733705213,True,False,False,True
171.5,-0.03383730107785145,-29.74854422744196,-0.0068014800306573685,-0.04596721600475361,True,False,False,True
171.75,-0.035538864263252784,-29.759966293295935,-0.006810973125107425,-0.04540930993202411,True,False,False,True
172.0,-0.03723824906269105,-29.771237691951736,-0.00678404450241987,-0.044761881853238907,True,False,False,True
172.25,-0.03890338595520584,-29.782358225120117,-0.006536998156498657,-0.044202406785477925,True,False,False,True
172.5,-0.04052386205972337,-29.793315096564324,-0.006426740244374711,-0.04345257516334633,True,False,False,True
172.75,-0.04210355686643567,-29.804107146077083,-0.00621076484152898,-0.04288384130099657,True,False,False,True
173.0,-0.043624124542680304,-29.81477315083137,-0.005953735364068116,-0.042444220966176185,True,False,False,True
173.25,-0.045079766886062946,-29.825311821101472,-0.005691349022264316,-0.04186516593257399,True,False,False,True
173.5,-0.04648721363567531,-29.835721071423393,-0.0055681821779406775,-0.041408848255028094,True,False,False,True
173.75,-0.047830705102580216,-29.846004413182463,-0.005179697830664521,-0.04085792244403161,True,False,False,True
174.0,-0.04910905208207505,-29.856155711655337,-0.0050470305562311385,-0.04035247784689716,True,False,False,True
174.25,-0.05035996874616943,-29.86617830716842,-0.004960253536366725,-0.03982829443915882,True,False,False,True
174.5,-0.05158980585590189,-29.8760580067501,-0.0048783851800628915,-0.03920930993290287,True,False,False,True
174.75,-0.052829939274426904,-29.885776734186482,-0.005042619310227039,-0.03854049407406404,True,False,False,True
175.0,-0.05409352129614669,-29.89534260226037,-0.0050659848299613305,-0.037986448314135335,True,False,False,True
175.25,-0.05533747189014368,-29.90475438995182,-0.0048855561443269385,-0.037307870228362836,True,False,False,True
175.5,-0.05650712959828998,-29.914025497743243,-0.004471663579748844,-0.03686103112505274,True,False,False,True
175.75,-0.05762307043240703,-29.923165390896642,-0.004455806428526419,-0.03625811559715802,True,False,False,True
176.0,-0.05874284551773285,-29.932155402203247,-0.00450233822834942,-0.035661970468618916,True,False,False,True
176.25,-0.05984890055682244,-29.940980429637168,-0.004346034029862954,-0.03493826373920304,True,False,False,True
176.5,-0.06089921949637131,-29.949645320058238,-0.004056465104783067,-0.03438088693007383,True,False,False,True
176.75,-0.061890922924861154,-29.958159077500994,-0.0038771010394140102,-0.03372918952251502,True,False,False,True
177.0,-0.0628642049012015,-29.96649450633869,-0.003909081864188761,-0.03295423816389141,True,False,False,True
177.25,-0.063858215927869,-29.974684925530088,-0.004042970197410871,-0.03256910274421359,True,False,False,True
177.5,-0.06481953191428666,-29.982759549305804,-0.003647506825178081,-0.032027924746023395,True,False,False,True
177.75,-0.06572558376983392,-29.990711630855984,-0.0036008667568364064,-0.031588732052662424,True,False,False,True
178.0,-0.0666131910327377,-29.9985526018655,-0.0034999490917158363,-0.03113904553805296,True,False,False,True
178.25,-0.06748240976712729,-30.006269859203766,-0.0034537500083340793,-0.03059901752374919,True,False,False,True
178.5,-0.06834676833919681,-30.01385569732455,-0.0034610704979698113,-0.030087686752363278,True,False,False,True
178.75,-0.069223679286827,-30.021319157864067,-0.0035541731285526996,-0.02961998878596686,True,False,False,True
179.0,-0.0700923790229225,-30.02865620084619,-0.003395373646525572,-0.029076370042713597,True,False,False,True
179.25,-0.0709032278398629,-30.035882784366432,-0.0030913849592650497,-0.028736326779471785,True,False,False,True
179.5,-0.07163510645398401,-30.043013111639564,-0.0027636035297435154,-0.028306322308977148,True,False,False,True
179.75,-0.0723141200259071,-30.05002125370719,-0.0026684535357632973,-0.0277588232028434,True,False,False,True
180.0,-0.07299424093304689,-30.056887293938907,-0.0027724582674033427,-0.027169488845262865,True,False,False,True
180.25,-0.07368541039230808,-30.063615360343505,-0.0027568490151141855,-0.026655043863157375,True,False,False,True
180.5,-0.07435883958642184,-30.07021292523794,-0.0026305347186479965,-0.026125487201312667,True,False,False,True
180.75,-0.07501680165689432,-30.076671803721144,-0.002633107272701005,-0.025545540421768296,True,False,False,True
181.0,-0.07564864724541935,-30.083004810027322,-0.002421617277811115,-0.02511852996703966,True,False,False,True
181.25,-0.07622461149596146,-30.08922903763411,-0.002186055031946944,-0.024675313096198078,True,False,False,True
181.5,-0.07676446176676306,-30.09530307006938,-0.002132675722081673,-0.023916951418607772,True,False,False,True
181.75,-0.0772779996437738,-30.10121755118944,-0.0019755785351591596,-0.0233989123530662,True,False,False,True
182.0,-0.07775193345538439,-30.106996279585754,-0.0018158384838517518,-0.022830929877848374,True,False,False,True
182.25,-0.07817645732651714,-30.11263140535845,-0.0015802977920300523,-0.02225009851061061,True,False,False,True
182.5,-0.0785734655301362,-30.11815174845524,-0.0015957360851209872,-0.021912644808203662,True,False,False,True
182.75,-0.0789625453483093,-30.123597804084614,-0.0015168783077673582,-0.02165580766154596,True,False,False,True
183.0,-0.07930577956314888,-30.128953951492797,-0.001228951869697723,-0.02119339874978533,True,False,False,True
183.25,-0.07959330467781241,-30.134182303052427,-0.0010711962993178344,-0.02063342860052559,True,False,False,True
183.5,-0.07986223790258383,-30.13929517777191,-0.0010802352369317994,-0.020269568303154843,True,False,False,True
183.75,-0.0801373878501626,-30.144303246205574,-0.0011209196428334058,-0.01979497533040432,True,False,False,True
184.0,-0.0804263488897167,-30.149192425770952,-0.0011907237931951362,-0.019318454611438867,True,False,False,True
184.25,-0.08073536627129507,-30.153956223427862,-0.0012813656667197387,-0.01879191809806636,True,False,False,True
184.5,-0.08105840790784086,-30.158630151749435,-0.001302949336654889,-0.01859950643958923,True,False,False,True
184.75,-0.08135385045003345,-30.163264765139484,-0.0010605795381120433,-0.018477423531563626,True,False,False,True
185.0,-0.08158589889383129,-30.167837986574366,-0.0007957732551011553,-0.018108372913559028,True,False,False,True
185.25,-0.08176714985224119,-30.17232924981422,-0.0006542074178668208,-0.01782174635216374,True,False,False,True
185.5,-0.08190946615847018,-30.176715187852878,-0.0004842706373517911,-0.017265773978855,True,False,False,True
185.75,-0.08200405038775657,-30.180986053235596,-0.0002723688369188136,-0.016901169061107783,True,False,False,True
186.0,-0.08207596441949942,-30.185147035897117,-0.0003028949230980043,-0.016386689353025403,True,False,False,True
186.25,-0.08211707527270815,-30.189201931372903,-2.5960401644960294e-05,-0.01605250056281588,True,False,False,True
186.5,-0.08210808729814113,-30.193155209338286,9.790933791708048e-05,-0.015573734838759451,True,False,False,True
186.75,-0.08205509619905438,-30.197019447675117,0.0003260414816752419,-0.015340193364311257,True,False,False,True
187.0,-0.08193885967456191,-30.200819278908067,0.0006038772927005056,-0.015058482693812518,True,False,False,True
187.25,-0.08176713089914121,-30.204513241582482,0.0007700062300674902,-0.014493234364234006,True,False,False,True
187.5,-0.0815757422179099,-30.208110783177997,0.0007611226850969226,-0.01428709756231942,True,False,False,True
187.75,-0.08137863934034137,-30.21164454802935,0.0008157290349856482,-0.013983026396840506,True,False,False,True
188.0,-0.08115064712193444,-30.215064833278934,0.0010082656708824348,-0.01337927375227037,True,False,False,True
188.25,-0.08088872922600393,-30.218363967531385,0.0010871119948102435,-0.013013807701039933,True,False,False,True
188.5,-0.08059337845896705,-30.221566274221587,0.001275732763072981,-0.012604663603866091,True,False,False,True
188.75,-0.08025868745383909,-30.22467415151084,0.0014018279805746608,-0.01225836659847552,True,False,False,True
189.0,-0.07988969080745541,-30.227668485448262,0.0015501982397035123,-0.011696318889342628,True,False,False,True
189.25,-0.0794724640677991,-30.23056504031563,0.0017876365026609205,-0.011476142435401859,True,False,False,True
189.5,-0.0790208667521001,-30.233378726500714,0.00182518384184737,-0.011033350585256623,True,False,False,True
189.75,-0.07855099484668192,-30.236114876972835,0.0019338082102641888,-0.010855863432837478,True,False,False,True
190.0,-0.07806035506360373,-30.238771496619513,0.0019913533854127525,-0.010397099166016685,True,False,False,True
190.25,-0.07759622286981277,-30.241340577999424,0.0017217270147849087,-0.010155526452753645,True,False,False,True
190.5,-0.0771662741442354,-30.243816210327587,0.0017179105640807092,-0.009649531812741335,True,False,False,True
190.75,-0.07674125399894224,-30.246217079522747,0.0016822593507720156,-0.009557418387286914,True,False,False,True
191.0,-0.07632987292207027,-30.248563050558,0.0016088220524870806,-0.009210342971037684,True,False,False,True
191.25,-0.07591986891064292,-30.250838680944888,0.0016712304349042822,-0.008994706007968731,True,False,False,True
191.5,-0.07548139222135629,-30.253065140024894,0.0018365999054415784,-0.00881698222319753,True,False,False,True
191.75,-0.0749997720439483,-30.25525803411976,0.0020163701510594752,-0.00872618748458536,True,False,False,True
192.0,-0.07447396522820574,-30.257426278192817,0.002190094491026742,-0.008619781478693843,True,False,False,True
192.25,-0.07393545711913205,-30.259534364609248,0.002118005811468912,-0.00824490305618677,True,False,False,True
192.5,-0.07340441275055859,-30.261566884929913,0.0021303708728962114,-0.008015260674912195,True,False,False,True
192.75,-0.07286588083603822,-30.263573540951118,0.0021778823863117754,-0.008037991974144962,True,False,False,True
193.0,-0.07230800798117927,-30.265561417666706,0.0022851168485943218,-0.0078650318606919,True,False,False,True
193.25,-0.07171963916451576,-30.267479612513338,0.002421870028976296,-0.007480539805520225,True,False,False,True
193.5,-0.07110584022420309,-30.26930683841355,0.0024885539550526274,-0.007137273683181782,True,False,False,True
193.75,-0.07045391481318551,-30.271078432510812,0.0027268590325273383,-0.007035501562468781,True,False,False,True
194.0,-0.06973649185357286,-30.272797393127917,0.00301255486211707,-0.006716210309937114,True,False,False,True
194.25,-0.06900094451509144,-30.2744704776643,0.002871828466033815,-0.006668452713342068,True,False,False,True
194.5,-0.0682798011467478,-30.276086074688724,0.00289735745164298,-0.006256325888927825,True,False,False,True
194.75,-0.06756430004440474,-30.277627565488764,0.002826668521097986,-0.006075593846826641,True,False,False,True
195.0,-0.06687057001911499,-30.279117408382263,0.002723193708136474,-0.005843139545505066,True,False,False,True
195.25,-0.06621546640164823,-30.28054590073306,0.0025176596947057575,-0.005584779883012511,True,False,False,True
195.5,-0.06558799989554633,-30.281888388852106,0.002502112962735814,-0.005155123603603965,True,False,False,True
195.75,-0.0649771568865931,-30.28313496801425,0.0023846630380948714,-0.004817498620299452,True,False,False,True
196.0,-0.06439840024135221,-30.28429570625819,0.00224542313019064,-0.004468394203644959,True,False,False,True
196.25,-0.06384296907367627,-30.285379596080993,0.002198051348004792,-0.004202719912546707,True,False,False,True
196.5,-0.06329804989555257,-30.286399277776614,0.0021613255447798753,-0.003954730189879508,True,False,False,True
196.75,-0.06275473524987724,-30.287347891104837,0.0021852219293258127,-0.003634178688864649,True,False,False,True
197.0,-0.06218997241281986,-30.288238290807595,0.002332894541924241,-0.0034890328558541254,True,False,False,True
197.25,-0.061606796761551494,-30.289078982922312,0.0023325345700880343,-0.0032365040279394037,True,False,False,True
197.5,-0.061022332638705074,-30.289863537375854,0.00234319703905961,-0.0030399326056342337,True,False,False,True
197.75,-0.06045751460141119,-30.290586373788685,0.0021753753688744186,-0.0027427428746893147,True,False,False,True
198.0,-0.05994208487427893,-30.29124293762169,0.0019480844976924139,-0.002509746360228438,True,False,False,True
198.25,-0.059424967740329536,-30.291849142267143,0.0021888686685766533,-0.002339913504669637,True,False,False,True
198.5,-0.05885182715380956,-30.29241929150427,0.0023962672982371386,-0.0022212999460092505,True,False,False,True
198.75,-0.058232976287291294,-30.292943854040008,0.002554562933924696,-0.001975215264098792,True,False,False,True
199.0,-0.057585841407291095,-30.293417817000456,0.002622531173868483,-0.0018164948275930862,True,False,False,True
199.25,-0.05690292547179554,-30.29385296778154,0.0028408107276452466,-0.0016647320005712901,True,False,False,True
199.5,-0.056166731725293025,-30.294223394166313,0.0030487738719890784,-0.0012986986844903928,True,False,False,True
199.75,-0.05539187489640689,-30.29453377108773,0.003150091666173809,-0.001184326239124323,True,False,False,True
200.0,-0.054585638483537216,-30.29483223200104,0.00329979796983551,-0.0012033751817605136,True,False,False,True
200.25,-0.0537690956470695,-30.29513153784906,0.0032325460131382142,-0.0011910652618262417,True,False,False,True
200.5,-0.052978898010226615,-30.295398650550013,0.0030890583296291937,-0.0009458228177100975,True,False,False,True
200.75,-0.052204805807618,-30.29562648961356,0.0031036859140170024,-0.0008768910697878828,True,False,False,True
201.0,-0.05141027907543331,-30.295808302071144,0.0032525562857786943,-0.0005776226264409585,True,False,False,True
201.25,-0.050607743786553624,-30.295943821021957,0.0031677328571658937,-0.0005065209828730711,True,False,False,True
201.5,-0.04982233590076294,-30.29606176235313,0.003115536908853387,-0.0004370047454538166,True,False,False,True
201.75,-0.04902444547775813,-30.296147414885397,0.003267604400648474,-0.0002482298496809599,True,False,False,True
202.0,-0.04820265693302795,-30.2962086267341,0.0033067047261300863,-0.00024146862633749543,True,False,False,True
202.25,-0.04738172882060933,-30.29621803184246,0.0032607587428161457,0.00016623209126180233,True,False,False,True
202.5,-0.04657159158502708,-30.296172605602266,0.003220342189403588,0.0001971816407883803,True,False,False,True
202.75,-0.04575797911197373,-30.296097524775153,0.0032885771731009606,0.0004034585428712491,True,False,False,True
203.0,-0.044956093728417704,-30.29598147970369,0.0031265174748477307,0.0005249173079064808,True,False,False,True
203.25,-0.044168904563016746,-30.29584374460601,0.003171000880855186,0.0005769592796208404,True,False,False,True
203.5,-0.043392781478584705,-30.295675380072122,0.003038002115893458,0.00076996953069656,True,False,False,True
203.75,-0.042644502600927,-30.29546716929497,0.002948240881401341,0.0008957251492525606,True,False,False,True
204.0,-0.04192196903390927,-30.295266464522783,0.0028320102529083855,0.0007099239865241571,True,False,False,True
204.25,-0.041218222041531805,-30.295050303370843,0.0027979949733043085,0.0010193684359765171,True,False,False,True
204.5,-0.040500707027944914,-30.294778555507616,0.002942137999982236,0.0011546008799503183,True,False,False,True
204.75,-0.03975186466515735,-30.294493336271266,0.003048598433385584,0.001127142973697344,True,False,False,True
205.0,-0.03900931380803673,-30.29422423774908,0.0028917989745143313,0.0010256599868978633,True,False,False,True
205.25,-0.03828581509282761,-30.293960110396412,0.0028961966798801064,0.0010873584198331037,True,False,False,True
205.5,-0.03756387175074977,-30.29369186476262,0.0028793474616696842,0.0010586082390404777,True,False,False,True
205.75,-0.036837109283182894,-30.29341620109895,0.0029347607000948656,0.001146695845945376,True,False,False,True
206.0,-0.03610160987770125,-30.293126102038652,0.002949237244670363,0.0011740952715884035,True,False,False,True
206.25,-0.0353557960275946,-30.29282579174064,0.0030172787935722335,0.001228380697521546,True,False,False,True
206.5,-0.034619380716884106,-30.29251995198854,0.0028740428643153045,0.0012183508236090074,True,False,False,True
206.75,-0.03390649657176541,-30.292203510058478,0.00282903935207757,0.0013131888598389289,True,False,False,True
207.0,-0.033236709833170314,-30.291885339090392,0.0025292470288476743,0.0012322071494355073,True,False,False,True
207.25,-0.032599400484216993,-30.2915404145437,0.002569255675465635,0.0015271854520589893,True,False,False,True
207.5,-0.03198663664407152,-30.291147236454442,0.002332863730444627,0.0016182615491824163,True,False,False,True
207.75,-0.03144834627603578,-30.290735242505956,0.0019734649061126926,0.0016777239230164561,True,False,False,True
208.0,-0.030965556247169942,-30.290309760455564,0.0018888599667975172,0.0017261404567141649,True,False,False,True
208.25,-0.030485389041509395,-30.289869525044995,0.0019524843168976628,0.001795736829289382,True,False,False,True
208.5,-0.030005037603998582,-30.289420748237404,0.0018903271418791647,0.001794483491653659,True,False,False,True
208.75,-0.0295472886123076,-30.289005596483687,0.0017716396220460533,0.0015267417280024473,True,False,False,True
209.0,-0.029100463494401773,-30.288619295787615,0.0018029648734508436,0.0015636608872293851,True,False,False,True
209.25,-0.028638601626909083,-30.288207543378213,0.00189194585592992,0.0017303499988223865,True,False,False,True
209.5,-0.02814819961138512,-30.287758510684604,0.002031282749183024,0.0018618984132838315,True,False,False,True
209.75,-0.027662916303583765,-30.287305949171643,0.0018509740528487046,0.001758610689996341,True,False,False,True
210.0,-0.027228694298457326,-30.28683534603524,0.0016228254038809981,0.0020062359112375245,True,False,False,True
210.25,-0.026813453661497264,-30.286342996422803,0.0016990928114470067,0.0019325537976822456,True,False,False,True
210.5,-0.026363793285410032,-30.285863122705916,0.001898187805019942,0.0019064171666540338,True,False,False,True
210.75,-0.02586028987340635,-30.285346469561162,0.0021298697761347727,0.002226786148265343,True,False,False,True
211.0,-0.02531452455083415,-30.284786932954525,0.002236255032925659,0.002249496674761288,True,False,False,True
211.25,-0.024775375733994923,-30.28424223944214,0.0020769222539309875,0.0021080664463075027,True,False,False,True
211.5,-0.024240288996118558,-30.283688156825473,0.0022037921479492245,0.00232458252567286,True,False,False,True
211.75,-0.02368840930092804,-30.28311582950035,0.002211238850650377,0.0022540353732379134,True,False,False,True
212.0,-0.02311037970971405,-30.282547317301294,0.002413001743505428,0.002294043196912947,True,False,False,True
212.25,-0.022514662922074394,-30.28199170603369,0.0023527191528394742,0.002150852627376553,True,False,False,True
212.5,-0.021917401882866245,-30.281489306287103,0.002425342620798021,0.0018683384983213809,True,False,False,True
212.75,-0.021303744894330425,-30.28099801693405,0.0024839316414339598,0.002061970802309555,True,False,False,True
213.0,-0.020638450073308626,-30.280507430039698,0.0028384082449701567,0.0018626909322515288,True,False,False,True
213.25,-0.019950033601249084,-30.280029734307117,0.0026689327114389474,0.00195889090664653,True,False,False,True
213.5,-0.019251856850678394,-30.279517485919857,0.002916498392487658,0.002139072850795453,True,False,False,True
213.75,-0.01854665699109275,-30.278976840673717,0.002725105031449656,0.002186107163010285,True,False,False,True
214.0,-0.017858888404480376,-30.278443651348628,0.002777033711320653,0.00207940254184869,True,False,False,True
214.25,-0.01717143971320544,-30.27792492024429,0.0027225550849539534,0.0020704514291272906,True,False,False,True
214.5,-0.016513677913787314,-30.277368546625393,0.0025395686523475266,0.0023805547740919073,True,False,False,True
214.75,-0.01586945687498574,-30.27676473759172,0.002614206300032046,0.0024499104583895863,True,False,False,True
215.0,-0.015204175874888988,-30.276135258313047,0.002708054629762499,0.002585914922900526,True,False,False,True
215.25,-0.014535518084639105,-30.275506325046226,0.0026411945662467907,0.0024455575152688715,True,False,False,True
215.5,-0.013883716972406394,-30.27490716154633,0.002573205215205503,0.002347756893951762,True,False,False,True
215.75,-0.013228755787931128,-30.27432122518284,0.0026664836081589237,0.0023397252196151502,True,False,False,True
216.0,-0.012556318876590243,-30.273744347985946,0.0027130057149776,0.002275287969440968,True,False,False,True
216.25,-0.011861380429522658,-30.27315966611674,0.002846513933789553,0.0024021543969773955,True,False,False,True
216.5,-0.011124899945199412,-30.272547819062964,0.003045338586204022,0.002492603287927165,True,False,False,True
216.75,-0.01036737389773342,-30.271900812363665,0.003014887908160624,0.0026834531773615266,True,False,False,True
217.0,-0.00961408859606943,-30.271219801545193,0.003011402279420643,0.002764633699040933,True,False,False,True
217.25,-0.008889648523528934,-30.270520656631685,0.0027841244425978137,0.0028285470368984685,True,False,False,True
217.5,-0.008185056436025332,-30.26981532141775,0.0028526110107506357,0.002814128217646684,True,False,False,True
217.75,-0.007482144089087722,-30.269102405275337,0.002770694955839687,0.0028892086447509535,True,False,False,True
218.0,-0.006802826445053353,-30.268402718001433,0.002663829248922267,0.002708299621857111,True,False,False,True
218.25,-0.006126482523980377,-30.267725381410685,0.0027469224245118364,0.002710385270027643,True,False,False,True
218.5,-0.005409898301994425,-30.26706736646346,0.0029857366947660304,0.002553711792231081,True,False,False,True
218.75,-0.004648568797262875,-30.266468162590705,0.003104869879298644,0.0022399079578770795,True,False,False,True
219.0,-0.003853561767402663,-30.2659162604954,0.00325518039500315,0.0021752946332020914,True,False,False,True
219.25,-0.0030618560926294618,-30.26534960262855,0.0030784823539998303,0.002357984960789295,True,False,False,True
219.5,-0.002275989653588053,-30.264742233712084,0.0032084627632804103,0.0025009541163031634,True,False,False,True
219.75,-0.0014817491357146035,-30.264106291425648,0.0031454695805941037,0.002586590114236411,True,False,False,True
220.0,-0.0007134629873767958,-30.26343970799532,0.0030008347668618648,0.002746090964630069,True,False,False,True
220.25,2.7918211286411414e-05,-30.262733775707485,0.002930229581234104,0.0029013739947628906,True,False,False,True
220.5,0.0007230736699655403,-30.262037720394215,0.002630992111631928,0.002667096723663722,True,False,False,True
220.75,0.001387513816676351,-30.261385229597007,0.0026845183947257077,0.0025528246075095357,True,False,False,True
221.0,0.002025033420730599,-30.26075928776205,0.0024156292918079587,0.0024547354231649362,True,False,False,True
221.25,0.0026415020129090506,-30.260139355980357,0.002516124255823962,0.0025047093556436178,True,False,False,True
221.5,0.0032462423848803102,-30.259485059746776,0.002321820026950858,0.002729678832102557,True,False,False,True
221.75,0.003834402871868649,-30.25882358202956,0.0023834481671329713,0.0025621370952863157,True,False,False,True
222.0,0.004431829999718507,-30.258182227868264,0.0023959695695377884,0.0025686950145647172,True,False,False,True
222.25,0.005003138317951448,-30.257547361426468,0.0021744915582037685,0.002510257400879464,True,False,False,True
222.5,0.005536945339910426,-30.256926103166208,0.0020959599472413232,0.0024598160851684106,True,False,False,True
222.75,0.006044375572382935,-30.256314576528712,0.0019634794098194143,0.002432409505136339,True,False,False,True
223.0,0.00653964118873907,-30.25572951781163,0.0019986282194073878,0.0022480569176838694,True,False,False,True
223.25,0.00700893897302379,-30.25517553080224,0.0017557480776303246,0.002183862056328625,True,False,False,True
223.5,0.007425054275351612,-30.25458380259432,0.0015732089254499961,0.0025499808169654027,True,False,False,True
223.75,0.007827219569894383,-30.253926407095502,0.001644128504294212,0.0027091764872186784,True,False,False,True
224.0,0.008222174591651633,-30.25323477858089,0.0015155225457353047,0.0028238637547311905,True,False,False,True
224.25,0.008604361754996626,-30.25255667169878,0.0015419538094007539,0.002600988810208675,True,False,False,True
224.5,0.00898217203101362,-30.251900203332127,0.0014805331520087583,0.002650763913797184,True,False,False,True
224.75,0.009384723397780978,-30.251244892194258,0.0017398722780289093,0.0025917007385098073,True,False,False,True
225.0,0.009805545674776142,-30.25060748587903,0.0016266980724707228,0.0025075604534063787,True,False,False,True
225.25,0.010216094122535586,-30.249949722493593,0.0016577128610101076,0.002754543706007538,True,False,False,True
225.5,0.010615072571825127,-30.249261796431284,0.001534114262829804,0.0027488764453867404,True,False,False,True
225.75,0.011023850726572538,-30.248575406715368,0.0017361104131910945,0.0027422222376361164,True,False,False,True
226.0,0.011488234453586915,-30.247880897913603,0.0019789662279992904,0.0028138252798985495,True,False,False,True
226.25,0.011978432814781729,-30.24720087619876,0.0019426030648930395,0.002626351867170644,True,False,False,True
226.5,0.012474527656313293,-30.246535499955346,0.002026162374500053,0.0026966502021242827,True,False,False,True
226.75,0.01298091296082791,-30.245861860751514,0.002024919747917632,0.0026924635457187948,True,False,False,True
227.0,0.013512139919596117,-30.24518703070244,0.002224897298343795,0.0027061579928734634,True,False,False,True
227.25,0.014061308716410864,-30.244515270142085,0.0021684495600549944,0.0026679318118971343,True,False,False,True
227.5,0.01457569596072271,-30.24382148295372,0.0019466686956578902,0.002882386604654721,True,False,False,True
227.75,0.015064748390375618,-30.243095592477843,0.001965754812481379,0.002924735402897595,True,False,False,True
228.0,0.01555839594498673,-30.242389661111126,0.0019834066566880495,0.0027227138666227947,True,False,False,True
228.25,0.01604224570469623,-30.24169661326338,0.0018874008287935575,0.0028216779668234827,True,False,False,True
228.5,0.0164881294840852,-30.240982792592057,0.0016796758160485222,0.0028889069881946608,True,False,False,True
228.75,0.016894848512417043,-30.240268487378476,0.0015740705018469526,0.0028255446770043685,True,False,False,True
229.0,0.01728552287177918,-30.239546610592573,0.0015513361194710651,0.0029494717536443487,True,False,False,True
229.25,0.017660010547190186,-30.23880282255663,0.0014445701870064271,0.0030008425998828267,True,False,False,True
229.5,0.01799908128459367,-30.23806274536178,0.0012679881249398396,0.0029197916071408135,True,False,False,True
229.75,0.01831586078046238,-30.23735426771943,0.0012662316988860376,0.0027480296972666497,True,False,False,True
230.0,0.01863629685443146,-30.2366713185695,0.001297253882929354,0.002715560577381935,True,False,False,True
230.25,0.018986341501210216,-30.23597368310676,0.0015031174840296503,0.0028655037156036034,True,False,False,True
230.5,0.019354710995636445,-30.235244080073844,0.0014438485073152867,0.0029713261356422225,True,False,False,True
230.75,0.019716640430189492,-30.234508676060816,0.0014515814247823276,0.0029119052395146275,True,False,False,True
231.0,0.02006755430180014,-30.23375704464371,0.001355747446833517,0.0031011551325989847,True,False,False,True
231.25,0.020409993405411955,-30.232973449881175,0.0013837717013404965,0.003167600325519068,True,False,False,True
231.5,0.020769255833660707,-30.232173742238004,0.0014903336699939069,0.003230050773106337,True,False,False,True
231.75,0.021115479699635942,-30.23138004007769,0.0012794468985602686,0.003119586391959668,True,False,False,True
232.0,0.021403227531516907,-30.230599462133274,0.0010225363187121184,0.0031250613850261353,True,False,False,True
232.25,0.02168706226164339,-30.229807052105176,0.0012481499715218006,0.003214197568773447,True,False,False,True
232.5,0.021989273818450804,-30.229014018386895,0.0011695346006012223,0.003130079589372494,True,False,False,True
232.75,0.022273922848078036,-30.228253609571148,0.0011076410053500222,0.002953196771989246,True,False,False,True
233.0,0.022560424865435535,-30.227547873822267,0.0011843506178714955,0.002692681986816098,True,False,False,True
233.25,0.022871135079083345,-30.226874786191008,0.0013013310774836124,0.0026920080342583345,True,False,False,True
233.5,0.02319900970123989,-30.22623247313571,0.001321642805075464,0.0024464944931417015,True,False,False,True
233.75,0.023540500138098774,-30.225652897192894,0.0014102565718612852,0.0021901046948170654,True,False,False,True
234.0,0.023900899273425848,-30.225106750275895,0.0014729355275649083,0.002179064731783024,True,False,False,True
234.25,0.024266746549894053,-30.224557454195217,0.00145384615953569,0.0022153057134103654,True,False,False,True
234.5,0.024632073531963804,-30.22400818566923,0.001468766317569081,0.00217884108782143,True,False,False,True
234.75,0.025016499398891622,-30.223457271791244,0.0016066453571708925,0.002228456936759665,True,False,False,True
235.0,0.025388109291353756,-30.222898761037904,0.0013662348974370735,0.0022396517560006836,True,False,False,True
235.25,0.02575422535484438,-30.22232658131213,0.001562702919475354,0.0023377675270339843,True,False,False,True
235.5,0.02617470936288952,-30.221757313269617,0.0018011577652592842,0.002216354331434068,True,False,False,True
235.75,0.026634267902504057,-30.221228817004363,0.0018752913216636563,0.0020116088012241706,True,False,False,True
236.0,0.027115605066253823,-30.220739613973844,0.0019753957319354155,0.0019020060050125727,True,False,False,True
236.25,0.027590495118802905,-30.220253359092812,0.0018237328764640418,0.001988047342108103,True,False,False,True
236.5,0.028041192477958693,-30.219753140690493,0.0017818484878007782,0.00201370382533429,True,False,False,True
236.75,0.02847471042317337,-30.219248928290984,0.0016862957372987362,0.0020200043795028074,True,False,False,True
237.0,0.02889056405687042,-30.21876235915473,0.0016405194970183557,0.0018725530263394856,True,False,False,True
237.25,0.029280251010071125,-30.21826504775048,0.0014769981960745622,0.0021059536245292085,True,False,False,True
237.5,0.029657125868925438,-30.217731735812766,0.0015380058811278858,0.0021605361253314984,True,False,False,True
237.75,0.03005190880862514,-30.217176537917965,0.001620269060738526,0.002281039277246983,True,False,False,True
238.0,0.03047602382009782,-30.216597937708592,0.001772657388239028,0.002347748030475538,True,False,False,True
238.25,0.030939437474143912,-30.216025410435286,0.0019346410483735445,0.0022324548840649936,True,False,False,True
238.5,0.03142765414704363,-30.215450846000444,0.001971104820473519,0.002364057156837475,True,False,False,True
238.75,0.031931063325086495,-30.214836962151804,0.0020561859328959943,0.0025470056107671636,True,False,False,True
239.0,0.03243634461512745,-30.21419081239619,0.0019860715575546776,0.0026221990445799734,True,False,False,True
239.25,0.0329164559224605,-30.21353140747821,0.0018548218868242516,0.0026530526735552345,True,False,False,True
239.5,0.03339006513326825,-30.21285805697125,0.0019340594830292923,0.00273374391157322,True,False,False,True
239.75,0.033872010245630496,-30.212178382252755,0.0019214986561820228,0.002703655020624973,True,False,False,True
240.0,0.03436532777998012,-30.21150510458344,0.0020250397083718193,0.002682556571996865,True,False,False,True
240.25,0.03484856270071656,-30.210831101619366,0.0018408422736173088,0.0027094845068728213,True,False,False,True
240.5,0.03530234139963137,-30.21015065695557,0.0017893897089607735,0.0027340776544706154,True,False,False,True
240.75,0.03576667103098675,-30.20945727999466,0.0019252548499669169,0.002812925223395459,True,False,False,True
241.0,0.036266129515276725,-30.20874354440954,0.002070421025769498,0.0028969457712131274,True,False,False,True
241.25,0.03678304255682076,-30.20801472581488,0.0020648868453999416,0.002933603507825577,True,False,False,True
241.5,0.037264828377742046,-30.20729546486288,0.0017893891365445874,0.002820510082254088,True,False,False,True
241.75,0.03772188737045949,-30.206557929027774,0.0018671073214239688,0.003079769271307628,True,False,False,True
242.0,0.03819256689940808,-30.205777127591848,0.001898337175624667,0.0031666392717185606,True,False,False,True
242.25,0.03866250847105925,-30.204989184248106,0.001861192669974948,0.003136910980199379,True,False,False,True
242.5,0.03909760749315967,-30.204209994964113,0.0016195957783599268,0.0030966260696073285,True,False,False,True
242.75,0.03949312953429484,-30.20343690860546,0.001544579807509953,0.003088071872153955,True,False,False,True
243.0,0.039851067811134296,-30.202653312933272,0.0013189351988999963,0.003180714779288144,True,False,False,True
243.25,0.040137968313301936,-30.20184358363945,0.0009762798420990171,0.0032971518769923623,True,False,False,True
243.5,0.040383673507718924,-30.201029892294088,0.0009893537599885902,0.0032123776532992135,True,False,False,True
243.75,0.04057791842121737,-30.200229473347918,0.0005646035648972285,0.003191013961726405,True,False,False,True
244.0,0.04071697496288928,-30.199400915276012,0.0005478720250598806,0.003437452190990537,True,False,False,True
244.25,0.04081364751356749,-30.198566444079553,0.00022548962415849236,0.0032383477750819777,True,False,False,True
244.5,0.04085098107538177,-30.197736733553448,7.319405578283596e-05,0.0033993507922710836,True,False,False,True
244.75,0.04084071676840921,-30.196883562075655,-0.0001553059966897996,0.0034260425731742626,True,False,False,True
245.0,0.04081658530204933,-30.196059166165178,-3.776996145354736e-05,0.0031691136292797658,True,False,False,True
245.25,0.04080387947545356,-30.195252784972666,-6.386601616637874e-05,0.003281938371152563,True,False,False,True
245.5,0.04076789961285717,-30.19442715117773,-0.0002239690051812852,0.003323147082954494,True,False,False,True
245.75,0.040710036376623675,-30.193616507276833,-0.00023895208645911096,0.0031620055368690625,True,False,False,True
246.0,0.04064824544784002,-30.192812960334287,-0.00025536551401094716,0.0032663715509595255,True,False,False,True
246.25,0.04057055182235753,-30.191968031647026,-0.0003661621291758644,0.003493068393110928,True,False,False,True
246.5,0.04047126589946753,-30.19107495792822,-0.0004281103302458027,0.0036515271978343317,True,False,False,True
246.75,0.04037301302669235,-30.190128008704768,-0.00035788697313516763,0.003924059969086086,True,False,False,True
247.0,0.040266658806546424,-30.189149014505187,-0.0004929483280198836,0.003907906361231815,True,False,False,True
247.25,0.040133157810498324,-30.18816846249816,-0.0005750569642569747,0.003936517436210905,True,False,False,True
247.5,0.03995435062903097,-30.18719718016684,-0.0008554102033978989,0.0038337676462292733,True,False,False,True
247.75,0.03973604917746265,-30.18620704378451,-0.0008909775383822768,0.004087326765704167,True,False,False,True
248.0,0.03951308144568439,-30.185200241990366,-0.0008927756877188219,0.003967087756969769,True,False,False,True
248.25,0.03928262136894494,-30.18422694405147,-0.000950918896465321,0.003819301235969906,True,False,False,True
248.5,0.03905172967507335,-30.18329104465988,-0.0008962289667038513,0.003667888740530103,True,False,False,True
248.75,0.038798057296143995,-30.182353821120664,-0.0011331348287412929,0.0038299219088193002,True,False,False,True
249.0,0.03849500139361625,-30.181384846539288,-0.0012913037691991887,0.003921889654426431,True,False,False,True
249.25,0.03818037013155901,-30.18038647448194,-0.0012257328774754523,0.004065080622303,True,False,False,True
249.5,0.037892993438151355,-30.179364052576716,-0.0010732760771979702,0.004114280245774764,True,False,False,True
249.75,0.03763159028120524,-30.178323048703604,-0.0010179398425537445,0.004213745521998378,True,False,False,True
250.0,0.037385412845832765,-30.177256264881375,-0.000951469613171333,0.004320518788995521,True,False,False,True
250.25,0.0371482680708569,-30.176166235285464,-0.0009456811576863487,0.004399717432538929,True,False,False,True
250.5,0.03691504201464043,-30.1750438044357,-0.0009201103579637287,0.004579726954773995,True,False,False,True
250.75,0.03668703101086118,-30.1739041571522,-0.0009039816946660614,0.004537449792597164,True,False,False,True
251.0,0.036443582685582294,-30.172732126510628,-0.0010435765342503723,0.00483880850108177,True,False,False,True
251.25,0.03617105754223988,-30.171519912537107,-0.0011366227607180915,0.00485891205954747,True,False,False,True
251.5,0.035885174468586994,-30.17029471558687,-0.0011504339779869676,0.004942664844464657,True,False,False,True
251.75,0.03558180587126059,-30.169060964287443,-0.0012765162923536483,0.004927357438095977,True,False,False,True
252.0,0.03529362066477664,-30.167837662340624,-0.0010289718471236798,0.004859034797835152,True,False,False,True
252.25,0.03504270366967582,-30.166639614424668,-0.0009783767582944916,0.00472534375968853,True,False,False,True
252.5,0.03479571549616777,-30.165465858977797,-0.0009975343866621832,0.004664701621480096,True,False,False,True
252.75,0.03454110979011553,-30.164315815581794,-0.0010393234695992262,0.00453564948642568,True,False,False,True
253.0,0.034285301724768215,-30.163179059255373,-0.001007138949357265,0.004558398090564461,True,False,False,True
253.25,0.03401802941904029,-30.1620453950611,-0.0011310440148164505,0.004510927145476009,True,False,False,True
253.5,0.03370281789610119,-30.160906520788522,-0.0013906398126640465,0.0046000915099586445,True,False,False,True
253.75,0.03337338412425825,-30.159738379892104,-0.0012448167506697446,0.004745021913122705,True,False,False,True
254.0,0.03305100305796045,-30.158531250596404,-0.0013342160865379394,0.004912020881081461,True,False,False,True
254.25,0.032720337520823484,-30.157273606351758,-0.0013110859086002827,0.005149130895382601,True,False,False,True
254.5,0.032383829216413196,-30.15598499910192,-0.0013809795808853195,0.0051597336929352445,True,False,False,True
254.75,0.032033530232950705,-30.15470753984997,-0.0014214217510768734,0.0050599441355784385,True,False,False,True
255.0,0.031667032676746976,-30.153440570376354,-0.0015105572604014513,0.005075820057091435,True,False,False,True
255.25,0.03126841014613822,-30.152162084403123,-0.0016784158580829159,0.005152083554573037,True,False,False,True
255.5,0.030837083153299312,-30.15085062736876,-0.0017721824762241655,0.0053395815607082285,True,False,False,True
255.75,0.03041172903897775,-30.149497580138604,-0.0016306368167383859,0.005484782935561517,True,False,False,True
256.0,0.03002049766860191,-30.148106929893572,-0.0014991995365764234,0.0056404066327461234,True,False,False,True
256.25,0.02962523792172254,-30.146701333057464,-0.0016628818979817083,0.005604383488185279,True,False,False,True
256.5,0.02921788487232491,-30.145314862571713,-0.001595953594086529,0.005487374087780156,True,False,False,True
256.75,0.028826712295867796,-30.1439443927764,-0.0015334281168389613,0.005476378379790922,True,False,False,True
257.0,0.028461905946386486,-30.142574116085438,-0.0013850218471099173,0.005485821156083688,True,False,False,True
257.25,0.02811774280616532,-30.141180032563476,-0.0013682662626552573,0.005666845439870316,True,False,False,True
257.5,0.027756117878397633,-30.139767235169643,-0.0015247361680421506,0.005635548462863511,True,False,False,True
257.75,0.027365337976855038,-30.13837376119837,-0.0016015147314189522,0.005512250546044836,True,False,False,True
258.0,0.026966062550514626,-30.136996380217727,-0.0015926892574015653,0.005506796467027187,True,False,False,True
258.25,0.02657488488297586,-30.135633450554753,-0.001536742531527756,0.00539663556207334,True,False,False,True
258.5,0.02619472081136508,-30.13431169419541,-0.0015045907706767521,0.005177412281392538,True,False,False,True
258.75,0.02583152966792612,-30.133035237831795,-0.0014009519343577987,0.005034228856403842,True,False,False,True
259.0,0.02551074829911364,-30.131789214575335,-0.001165308523229086,0.004933934978665967,True,False,False,True
259.25,0.02521910048780264,-30.13056485249361,-0.0011678808938628896,0.0048609619176401215,True,False,False,True
259.5,0.02494828880640615,-30.12933833995193,-0.000998604100253013,0.004951122456284568,True,False,False,True
259.75,0.024721843758709543,-30.12812161144253,-0.0008129721976336975,0.0047826881174232744,True,False,False,True
260.0,0.0245555742724113,-30.126939900563443,-0.000517194252104242,0.004670971029178138,True,False,False,True
260.25,0.02440576443336881,-30.125781601295852,-0.0006812916054460307,0.004595438582754773,True,False,False,True
260.5,0.024252392737128172,-30.124614141600542,-0.0005456679612399456,0.004744226193069591,True,False,False,True
260.75,0.02413478257693772,-30.123458339717807,-0.0003952361598515104,0.004502174686009308,True,False,False,True
261.0,0.024045342918665922,-30.12234230798973,-0.0003202882956297306,0.0044260720724846525,True,False,False,True
261.25,0.023970642177891244,-30.121236731419824,-0.0002773183529837704,0.0044185364355106335,True,False,False,True
261.5,0.023899336609373444,-30.120145012703045,-0.00029313594778948213,0.0043152147900487456,True,False,False,True
261.75,0.023839547472380256,-30.119074131796843,-0.0001851831344030995,0.00425182228169782,True,False,False,True
262.0,0.023808176181707684,-30.11801920291003,-6.579325113955842e-05,0.00418759755667736,True,False,False,True
262.25,0.023804526252721146,-30.116985367377946,3.6583964411678865e-05,0.004083077047818741,True,False,False,True
262.5,0.02382402264185668,-30.115966864860304,0.00011938544137669434,0.004064935286749203,True,False,False,True
262.75,0.02387005772413233,-30.114946378874766,0.00024889843021378875,0.00409894038702445,True,False,False,True
263.0,0.02390951146112692,-30.11393476099048,6.672158009027161e-05,0.003994019862970829,True,False,False,True
263.25,0.023893188669333612,-30.112927378127125,-0.00019729721859664814,0.00406506793574146,True,False,False,True
263.5,0.023854918366050124,-30.111934150454612,-0.00010888259185284834,0.003880745108602292,True,False,False,True
263.75,0.023817805295718888,-30.110963905767115,-0.00018802193197595964,0.003881219852691104,True,False,False,True
264.0,0.023787691536621487,-30.109967423090154,-5.286840242777204e-05,0.004090628820646306,True,False,False,True
264.25,0.023764317909938416,-30.108928263287495,-0.00013410816706209582,0.0042226572599403855,True,False,False,True
264.5,0.02371419871503829,-30.1078747966264,-0.0002668470565462587,0.004205088543502317,True,False,False,True
264.75,0.023665314129619128,-30.106829357044415,-0.00012423403506748977,0.004158414666727273,True,False,False,True
265.0,0.023633021316889494,-30.10578164852817,-0.0001341023588109835,0.004223254393639469,True,False,False,True
265.25,0.023626146473518923,-30.104697651378054,7.912486613816631e-05,0.004448702704108127,True,False,False,True
265.5,0.02363270178550683,-30.10361528457934,-2.670485142524558e-05,0.0042102416633026446,True,False,False,True
265.75,0.02358919741654641,-30.10259020744767,-0.0003213508337138478,0.0039904031694704975,True,False,False,True
266.0,0.02351743406117191,-30.101601827981035,-0.0002527629765075157,0.003916626097097169,True,False,False,True
266.25,0.023436671287550018,-30.100644408160843,-0.0003933556189280223,0.003742745719613289,True,False,False,True
266.5,0.023335543706597447,-30.09973498597632,-0.00041568485433532816,0.003532633861792649,True,False,False,True
266.75,0.023212370172404212,-30.098837292673956,-0.0005696924747293369,0.003648927077036552,True,False,False,True
267.0,0.023046489358370375,-30.09793522283171,-0.0007573617269908728,0.0035676493544762305,True,False,False,True
267.25,0.02286893040420194,-30.097034587521193,-0.0006631033563506985,0.0036374242429245067,True,False,False,True
267.5,0.022699279783798508,-30.09612894827253,-0.0006941044371299239,0.00360769266919495,True,False,False,True
267.75,0.022533843905091444,-30.095219761064467,-0.0006293771407091562,0.0036657988927669472,True,False,False,True
268.0,0.02236118267472655,-30.094312286059655,-0.0007519194978777501,0.003594012699113092,True,False,False,True
268.25,0.0221594540024675,-30.093412708691517,-0.0008619091012889384,0.0036026166158831907,True,False,False,True
268.5,0.02192213205571514,-30.09250915609539,-0.0010366643230139264,0.0036258206291447086,True,False,False,True
268.75,0.021645214362345965,-30.091592957572022,-0.0011786699181040906,0.0037037809461331417,True,False,False,True
269.0,0.02133013273522338,-30.090642266632116,-0.0013419644835286834,0.0039017619686194205,True,False,False,True
269.25,0.02101127199574017,-30.089638179225897,-0.0012088998777615868,0.0041309247357227425,True,False,False,True
269.5,0.020705358588610095,-30.088622602712107,-0.0012384203667768995,0.003993690157832124,True,False,False,True
269.75,0.020378194450762506,-30.087609048165525,-0.0013788813738689588,0.004114759457572488,True,False,False,True
270.0,0.020016378494368704,-30.086579050956182,-0.0015156453478982472,0.004125231111369599,True,False,False,True
270.25,0.01961141491530251,-30.085530315485958,-0.0017240502028325003,0.004264672298943394,True,False,False,True
270.5,0.01916713456006874,-30.084466232462955,-0.001830194281817161,0.004248001892382514,True,False,False,True
270.75,0.0187023482030718,-30.083421971306638,-0.0018881100277898413,0.004106092818462128,True,False,False,True
271.0,0.018228379586160977,-30.082421833127988,-0.001903658883951975,0.0038950140766972575,True,False,False,True
271.25,0.017764677431563618,-30.08146847440472,-0.0018059738105483695,0.0037318464996374894,True,False,False,True
271.5,0.01733277660742804,-30.080546075328805,-0.001649240819776878,0.003647331330802434,True,False,False,True
271.75,0.016905301464246333,-30.079625775080977,-0.0017705540064932106,0.003715082089287669,True,False,False,True
272.0,0.016457801284148536,-30.078700392748306,-0.0018094500610661278,0.003687980239213512,True,False,False,True
272.25,0.015998532574440043,-30.077805549463243,-0.0018647201686680368,0.0034707712521801735,True,False,False,True
272.5,0.015517112321213592,-30.076924078321532,-0.001986631540858856,0.003581009375365357,True,False,False,True
272.75,0.01500532469499076,-30.07605442158526,-0.0021076888550777824,0.0033762559281847243,True,False,False,True
273.0,0.014500556167739348,-30.075239052170545,-0.0019304810879888273,0.0031466826822563617,True,False,False,True
273.25,0.014024565334140869,-30.07447457829488,-0.0018774623992373178,0.0029691033244413283,True,False,False,True
273.5,0.013540347486931833,-30.073726630884103,-0.001996276177095723,0.0030144871635785367,True,False,False,True
273.75,0.013020812443024466,-30.07296810874227,-0.002160000559770459,0.003053705407105256,True,False,False,True
274.0,0.012501478201637594,-30.072192455380705,-0.0019946642337329134,0.0031515058974159378,True,False,False,True
274.25,0.011999385233001265,-30.07142163262239,-0.0020220924581186473,0.0030150787550627064,True,False,False,True
274.5,0.011494651967863378,-30.070675700101027,-0.0020157796549372217,0.002952380820632391,True,False,False,True
274.75,0.01099129435784613,-30.06993490045013,-0.0020110792659660077,0.0029740159434019117,True,False,False,True
275.0,0.010492756059532048,-30.06922033597321,-0.001977249028076518,0.0027424966824334067,True,False,False,True
275.25,0.010013439148152066,-30.068528071853212,-0.0018572813325749655,0.0027956049669140516,True,False,False,True
275.5,0.009560019189680809,-30.06780428980816,-0.0017700596423095637,0.002994643170196032,True,False,False,True
275.75,0.009118131281309528,-30.067023282441184,-0.0017650192981832314,0.003253415290417258,True,False,False,True
276.0,0.008692276394673399,-30.066228947574842,-0.0016418342090789974,0.003101252026355729,True,False,False,True
276.25,0.008311838128922696,-30.06546052455719,-0.001401677176666845,0.0030461094727441927,True,False,False,True
276.5,0.007962724248347701,-30.064712703483444,-0.0013912442617799994,0.002936458133569514,True,False,False,True
276.75,0.007617710151717862,-30.063991967075882,-0.0013688786570363483,0.0028294310182891765,True,False,False,True
277.0,0.007284073849575585,-30.06330281802508,-0.0013002255479070415,0.0026837549154916473,True,False,False,True
277.25,0.006958027497009336,-30.06263015762923,-0.0013081440261618535,0.002697528997871136,True,False,False,True
277.5,0.006633218686324828,-30.06196702840657,-0.001290334998974407,0.0026075031043712848,True,False,False,True
277.75,0.006307615392715184,-30.061301541322017,-0.0013144811355305717,0.0027163958485982064,True,False,False,True
278.0,0.005992591728795603,-30.060620093960207,-0.0012057064559289944,0.0027351727905439035,True,False,False,True
278.25,0.005688128111008094,-30.0599414631777,-0.0012300064285917882,0.00269387576051127,True,False,False,True
278.5,0.005392823264215467,-30.05925737081664,-0.0011324243812089094,0.002778853927895555,True,False,False,True
278.75,0.005109343074792679,-30.058569426183542,-0.0011354222848698483,0.002724703419524408,True,False,False,True
279.0,0.004806104973356894,-30.05786931437469,-0.0012904682914180571,0.0028762056691473575,True,False,False,True
279.25,0.004480504101444733,-30.057151440177233,-0.001314339623674297,0.0028667901611049715,True,False,False,True
279.5,0.004165325992158365,-30.056437881419697,-0.0012070876694075356,0.00284166978741672,True,False,False,True
279.75,0.00386742483206602,-30.055714991376533,-0.0011761122518840145,0.0029414476375141402,True,False,False,True
280.0,0.0035878233247458057,-30.054973602146102,-0.0010606953063661616,0.002989655324379798,True,False,False,True
280.25,0.003333127259132936,-30.05421808033609,-0.000976867144635008,0.003054511252351718,True,False,False,True
280.5,0.003081805664628667,-30.053442853867548,-0.001033696902883805,0.0031473058539093135,True,False,False,True
280.75,0.0028067248794210187,-30.05267493950137,-0.0011669636859495756,0.002996021639981658,True,False,False,True
281.0,0.0025096967163610517,-30.051927547978732,-0.0012092628829438845,0.0029831145291043183,True,False,False,True
281.25,0.002185476152598132,-30.051179601032747,-0.0013845000420381743,0.003000477560216019,True,False,False,True
281.5,0.0018570942675610585,-30.050414975855542,-0.0012425441511516877,0.0031165104737387807,True,False,False,True
281.75,0.0015782140486654112,-30.049635316559858,-0.000988497245877563,0.003120739940071331,True,False,False,True
282.0,0.0013334354739121424,-30.048851783627036,-0.0009697288663086938,0.0031475217529945373,True,False,False,True
282.25,0.0010872246036456234,-30.048045991949916,-0.0009999438712516178,0.0032988145126524315,True,False,False,True
282.5,0.0008242555858066187,-30.047224708572045,-0.001103810892316649,0.003271462302957578,True,False,False,True
282.75,0.0005565365686229337,-30.046396119227534,-0.0010379332002301966,0.003357246242127897,True,False,False,True
283.0,0.000303935518660453,-30.045533559153714,-0.000982857705313265,0.003543229155879194,True,False,False,True
283.25,7.228696882557729e-05,-30.044657991002186,-0.0008703384542418498,0.0034613054479685984,True,False,False,True
283.5,-0.00012936280212521667,-30.04381230633341,-0.0007428745613990691,0.0033041598848476236,True,False,False,True
283.75,-0.00033282155289926876,-30.042986360961294,-0.0008847955474358389,0.003303416472456458,True,False,False,True
284.0,-0.0005400674553665999,-30.04215812703045,-0.0007731699114936175,0.0033224444501561276,True,False,False,True
284.25,-0.0007138170948129126,-30.04134877243693,-0.0006168432658773931,0.0031523775594531093,True,False,False,True
284.5,-0.0008737278716642337,-30.040562090944633,-0.0006624440397835033,0.0031410786781796186,True,False,False,True
284.75,-0.0010390908610556073,-30.03975113566087,-0.0006604405285915473,0.0033465634030238087,True,False,False,True
285.0,-0.0012213078198152366,-30.03891403855083,-0.0007972948252924816,0.0033502263800135254,True,False,False,True
285.25,-0.001445407161244158,-30.038075383571012,-0.00099549911178208,0.0033590321453204506,True,False,False,True
285.5,-0.001689352050298457,-30.0372388998573,-0.0009560625096733703,0.003332833846281664,True,False,False,True
285.75,-0.0019365180035416743,-30.03641290372719,-0.0010212705950998814,0.003275141342457506,True,False,False,True
286.0,-0.0021904036477202013,-30.035611453630075,-0.001009827674058649,0.0031364583555924257,True,False,False,True
286.25,-0.0024549248196691765,-30.034808635149684,-0.0011063276356923525,0.0032860985855876243,True,False,False,True
286.5,-0.0027211738014705383,-30.033988217239298,-0.0010236650968023142,0.0032772369040193947,True,False,False,True
286.75,-0.0029822218977704346,-30.033153790531358,-0.0010647083127227682,0.003398180629073035,True,False,False,True
287.0,-0.0032412237964971557,-30.032279128747334,-0.001007287974965394,0.003599108229500392,True,False,False,True
287.25,-0.0034935286193959352,-30.03137268780242,-0.0010111456223589178,0.0036524196935145067,True,False,False,True
287.5,-0.0037896916331317055,-30.030463353103936,-0.0013581613754995604,0.0036222906112210775,True,False,False,True
287.75,-0.004146843403288326,-30.029536292490278,-0.0014990366344701165,0.003794207579828197,True,False,False,True
288.0,-0.0045416873572046,-30.028599850068673,-0.0016597241921092192,0.0036973469427334124,True,False,False,True
288.25,-0.004938763800530794,-30.027705255490087,-0.0015169098521580647,0.0034593962213566114,True,False,False,True
288.5,-0.005314988200191456,-30.026849790643773,-0.0014928924835236265,0.0033843202847668764,True,False,False,True
288.75,-0.005693156535310251,-30.026010207044873,-0.001532459157509602,0.0033323522368011145,True,False,False,True
289.0,-0.006073634826821763,-30.02520305250193,-0.0015113867958562325,0.00312488212003463,True,False,False,True
289.25,-0.006483263654945197,-30.024402893594267,-0.0017656296082454552,0.0032764131114267413,True,False,False,True
289.5,-0.006925095990754893,-30.02360421887648,-0.001769044557022189,0.0031129849528358103,True,False,False,True
289.75,-0.007354222466223174,-30.02281968978233,-0.0016639625775086977,0.003163237893146415,True,False,False,True
290.0,-0.007780505184886274,-30.02203001645591,-0.0017463000962013914,0.0031541564810398585,True,False,False,True
290.25,-0.008214108205128148,-30.02125501907815,-0.0017225343491047548,0.0030458203004105244,True,False,False,True
290.5,-0.008656722778893004,-30.020497951726476,-0.0018183856203958704,0.0030107275498781694,True,False,False,True
290.75,-0.009111061081290308,-30.01975407287934,-0.0018163275111386505,0.002940303033154337,True,False,False,True
291.0,-0.009575757346279929,-30.019004488668838,-0.0019012317394551089,0.003056378655697163,True,False,False,True
291.25,-0.010029681841832568,-30.0182446807313,-0.0017301675323534607,0.003022068716606206,True,False,False,True
291.5,-0.010451946636172799,-30.017511991526238,-0.0016479681085333655,0.002839437174099215,True,False,False,True
291.75,-0.010869025956533473,-30.016811330749103,-0.0016886734586522042,0.002765852880709644,True,False,False,True
292.0,-0.011307362292682513,-30.01614839838421,-0.0018180388187623586,0.0025376182350496396,True,False,False,True
292.25,-0.011778185157547598,-30.015514951153243,-0.001948544896388539,0.002529971916869271,True,False,False,True
292.5,-0.012261461832928854,-30.014855142058693,-0.0019176479812318104,0.0027484979265445515,True,False,False,True
292.75,-0.012766087666699061,-30.0141387152178,-0.0021193366667351483,0.0029829358159150516,True,False,False,True
293.0,-0.013287566615746042,-30.013400799737372,-0.002052500906710971,0.002920381726188202,True,False,False,True
293.25,-0.013815763946775257,-30.012677278146874,-0.0021730827832448936,0.0028678023663235336,True,False,False,True
293.5,-0.014368957369485897,-30.011981308526742,-0.0022524805110257407,0.0026999620804091227,True,False,False,True
293.75,-0.014944413556848531,-30.011297683509206,-0.002351162566548795,0.0027690473636684822,True,False,False,True
294.0,-0.015511259250738707,-30.01061846172236,-0.002183612912144794,0.0026647111344353094,True,False,False,True
294.25,-0.016094120321662284,-30.009958375623246,-0.0024792803404918816,0.002616005534152495,True,False,False,True
294.5,-0.016753044570373236,-30.009343698363768,-0.002792143411843655,0.002301442038589409,True,False,False,True
294.75,-0.01743551807817373,-30.008770483255113,-0.0026676463790185952,0.002284267093002488,True,False,False,True
295.0,-0.018098281916617436,-30.008237239786833,-0.0026344929628845273,0.00198167752750181,True,False,False,True
295.25,-0.018770918689234747,-30.007733199647866,-0.0027465948225205237,0.0020506541532551827,True,False,False,True
295.5,-0.01947352094358762,-30.0072143140061,-0.002874218630596665,0.0021004430133304644,True,False,False,True
295.75,-0.020202818325214637,-30.006685999854767,-0.002960158122197179,0.002126078299758835,True,False,False,True
296.0,-0.020953833526984537,-30.0061593598306,-0.0030479672917170294,0.0020870501722842836,True,False,False,True
296.25,-0.021713136413535228,-30.005661518767,-0.0030264739650098724,0.001895676310139604,True,False,False,True
296.5,-0.02247670511393811,-30.005188835374877,-0.003082076691897854,0.0018857960691016566,True,False,False,True
296.75,-0.02326301192155627,-30.00472513099186,-0.0032083837350801395,0.0018238509032934829,True,False,False,True
297.0,-0.02407209718306081,-30.004271334459087,-0.0032643001197508775,0.0018065266307362667,True,False,False,True
297.25,-0.02488479148762267,-30.003832597442116,-0.0032372641727254382,0.001703366956056897,True,False,False,True
297.5,-0.02568543303602259,-30.003442101167018,-0.0031678950023117415,0.00142059670455969,True,False,False,True
297.75,-0.026483746521279782,-30.003148107717575,-0.003218659133390385,0.000931355677053631,True,False,False,True
298.0,-0.027295455690316814,-30.002943846792377,-0.003275035903070249,0.000702737039779444,True,False,False,True
298.25,-0.028110823486486004,-30.002780321703106,-0.0032479157679690136,0.0006054611175107677,True,False,False,True
298.5,-0.028919440378833143,-30.002617499733148,-0.003221010859279859,0.0006971121055629016,True,False,False,True
298.75,-0.029728672987927383,-30.002447242476453,-0.0032528531753104406,0.0006649489501189984,True,False,False,True
299.0,-0.030524933382207776,-30.00227198761988,-0.003117223306049985,0.0007370771152055017,True,False,False,True
299.25,-0.03134751523971683,-30.00210542757493,-0.0034634450396481835,0.0005954358863879765,True,False,False,True
299.5,-0.03224620038314276,-30.00195323545063,-0.003726033735201803,0.000622125865009407,True,False,False,True
299.75,-0.03319391916409263,-30.00179891891502,-0.003855717579232948,0.0006124186465257254,True,False,False,True
300.0,-0.03416382936795634,-30.001666326321715,-0.0039035796775491543,0.0004483266123799061,True,False,False,True
