time_s,x_m_lo,x_m_hi,y_m_lo,y_m_hi,vx_mps_lo,vx_mps_hi,vy_mps_lo,vy_mps_hi
0.0,0.0,0.0,-30.0,-30.0,0.0,0.0,0.0,0.0
0.25,7.966495000584408e-12,7.966916411135589e-12,-30.000000000000007,-29.999999999999993,6.37319595530886e-11,6.373533083770535e-11,-1.8309119924033632e-14,-1.8308112174220056e-14
0.5,3.1865888398698645e-11,3.186772454491255e-11,-30.000000000000025,-29.999999999999996,1.2746318633022517e-10,1.2747113293159503e-10,-7.267239179940505e-14,-7.266811806672981e-14
0.75,7.169808539050382e-11,7.170248010199383e-11,-30.00000000000006,-30.000000000000018,1.911943874525675e-10,1.912069093746408e-10,-1.630899444366679e-13,-1.6307980602275397e-13
1.0,1.274630776501958e-10,1.2747117475779235e-10,-30.000000000000124,-30.000000000000068,2.549255476232718e-10,2.549426448718345e-10,-2.895617548751356e-13,-2.895431547749447e-13
1.25,1.9832330942613883e-10,1.9833625276234815e-10,-30.00000000000022,-30.00000000000015,3.119563051146695e-10,3.1197797769734263e-10,-4.2539992617523977e-13,-4.2537026738300693e-13
1.5,2.8344122361396844e-10,2.834601570134316e-10,-30.000000000000355,-30.00000000000027,3.689870061576554e-10,3.690132540838955e-10,-5.93502024116538e-13,-5.934587079317053e-13
1.75,3.8281680439048945e-10,3.828428716904409e-10,-30.000000000000536,-30.000000000000437,4.26017637063492e-10,4.260484603445908e-10,-7.938680092525238e-13,-7.938084403619383e-13
2.0,4.964500325103241e-10,4.964843775510508e-10,-30.00000000000077,-30.000000000000657,4.83048184143458e-10,4.830835827925425e-10,-1.0264978404426297e-12,-1.0264194201442794e-12
2.25,6.236045040124534e-10,6.236482706377535e-10,-30.00000000000107,-30.000000000000938,5.34187582919795e-10,5.342275569518281e-10,-1.2948230098600925e-12,-1.2947231394512388e-12
2.5,7.63543811150884e-10,7.635981432085259e-10,-30.000000000001435,-30.00000000000129,5.853268685517107e-10,5.853714179834917e-10,-1.5920794471992588e-12,-1.5919555262823701e-12
2.75,9.162678639036547e-10,9.163339353465895e-10,-30.00000000000188,-30.00000000000172,6.364655471523541e-10,6.365149128085616e-10,-1.9182670131163174e-12,-1.9181163765712868e-12
3.0,1.0817765691801031e-09,1.0818555840669414e-09,-30.00000000000241,-30.000000000002235,6.876040880589694e-10,6.87658269960209e-10,-2.2733855689621673e-12,-2.273205482558764e-12
3.25,1.2594570914138777e-09,1.2595502538086222e-09,-30.000000000003034,-30.000000000002846,7.338400813558423e-10,7.338990795246517e-10,-2.6645935667505218e-12,-2.6643812962577496e-12
3.5,1.4486966514638623e-09,1.448805165436392e-09,-30.00000000000376,-30.000000000003556,7.800763899718522e-10,7.801402044327003e-10,-3.081959313750457e-12,-3.0817121283246867e-12
3.75,1.6494952665710702e-09,1.649620336197622e-09,-30.00000000000459,-30.000000000004373,8.263125211968273e-10,8.263811519761136e-10,-3.525482848480583e-12,-3.525198015583355e-12
4.0,1.8618528910004737e-09,1.8619957203641263e-09,-30.000000000005535,-30.000000000005304,8.725484639326207e-10,8.726219110586761e-10,-3.99516406785265e-12,-3.994838853250671e-12
4.25,2.0849481655920325e-09,2.0851099587831895e-09,-30.00000000000659,-30.000000000006345,9.122137299310058e-10,9.122919934340932e-10,-4.404186059763444e-12,-4.403817729222659e-12
4.5,2.3179598569555265e-09,2.318141818072398e-09,-30.000000000007752,-30.000000000007493,9.518797975789087e-10,9.519628774912231e-10,-4.8356489918236574e-12,-4.8352348128033125e-12
4.75,2.5608879837086688e-09,2.561091316857755e-09,-30.000000000009024,-30.00000000000875,9.915452125189984e-10,9.916331088746659e-10,-5.289552901608562e-12,-5.289090139873071e-12
5.0,2.813732441685855e-09,2.813958350982429e-09,-30.000000000010413,-30.000000000010125,1.0312104468420715e-09,1.0313031596771495e-09,-5.765897553339391e-12,-5.76538347634647e-12
5.25,3.0757767028775985e-09,3.0760263924461894e-09,-30.00000000001192,-30.000000000011617,1.065143641422965e-09,1.065241170775443e-09,-6.224045297614428e-12,-6.22347717112696e-12
5.5,3.3463042406872508e-09,3.346578914662126e-09,-30.000000000013543,-30.000000000013227,1.0990766593325801e-09,1.0991790052423792e-09,-6.7013911649290505e-12,-6.700766253015089e-12
5.75,3.6253150099288136e-09,3.6256158724544634e-09,-30.000000000015287,-30.000000000014957,1.1330094924254944e-09,1.1331166549344685e-09,-7.197935051336096e-12,-7.197250621451061e-12
6.0,3.912809083782945e-09,3.913137339014565e-09,-30.00000000001716,-30.00000000001681,1.166943095780372e-09,1.167055074932306e-09,-7.713677127022373e-12,-7.712930446620916e-12
6.25,4.208461776488556e-09,4.208818628592529e-09,-30.00000000001916,-30.000000000018797,1.198278444683365e-09,1.1983952405239761e-09,-8.227926603684794e-12,-8.227114935138607e-12
6.5,4.511948341980114e-09,4.512334995134493e-09,-30.00000000002129,-30.000000000020915,1.2296140776498174e-09,1.2297356902267556e-09,-8.759904777269523e-12,-8.759025388031729e-12
6.75,4.823268790131728e-09,4.82368644852672e-09,-30.000000000023558,-30.000000000023167,1.2609495055456894e-09,1.2610759349085365e-09,-9.309611668671922e-12,-9.308661822806749e-12
7.0,5.142423068735502e-09,5.142872936573951e-09,-30.000000000025963,-30.000000000025558,1.2922847208489739e-09,1.2924159670492433e-09,-9.877047157180497e-12,-9.876024123833605e-12
7.25,5.469035595433821e-09,5.469518876931691e-09,-30.000000000028514,-30.000000000028095,1.3206154891394889e-09,1.3207515522306252e-09,-1.0469469890850573e-11,-1.0468370935778725e-11
7.5,5.802730725082697e-09,5.803248624469555e-09,-30.000000000031214,-30.00000000003078,1.3489455440753691e-09,1.3490864241127485e-09,-1.1077921394867757e-11,-1.1076743785521017e-11
7.75,6.1435083988963805e-09,6.144062120415877e-09,-30.000000000034067,-30.00000000003362,1.377275842079894e-09,1.3774215391208245e-09,-1.1702401538255438e-11,-1.170114254038904e-11
8.0,6.4913686165904365e-09,6.491959364500793e-09,-30.00000000003708,-30.000000000036618,1.4056058947402958e-09,1.4057564088440174e-09,-1.234291032009013e-11,-1.2341567197764474e-11
8.25,6.8460086191068746e-09,6.846637597681362e-09,-30.00000000004025,-30.000000000039773,1.431514124151797e-09,1.431669455379483e-09,-1.2957876650464974e-11,-1.2956446669433764e-11
8.5,7.207125589389214e-09,7.20779400291664e-09,-30.000000000043574,-30.000000000043084,1.4574216365217533e-09,1.4575817849365085e-09,-1.3587501360941942e-11,-1.3585981786958114e-11
8.75,7.574719467802653e-09,7.575428520587845e-09,-30.00000000004706,-30.000000000046555,1.483329388854849e-09,1.4834943545217112e-09,-1.4231784319014801e-11,-1.4230172416136462e-11
9.0,7.948790253359057e-09,7.949541149723341e-09,-30.000000000050708,-30.000000000050186,1.509236893319723e-09,1.5094066763056612e-09,-1.4890725518842317e-11,-1.4889018556209e-11
9.25,8.328868264415561e-09,8.329662208697246e-09,-30.000000000054516,-30.00000000005398,1.5313871969571964e-09,1.531561797331112e-09,-1.5516356926098426e-11,-1.551455216607264e-11
9.5,8.714483762070367e-09,8.715321958625229e-09,-30.00000000005848,-30.00000000005793,1.5535367858104867e-09,1.5537162036432146e-09,-1.6154520918882e-11,-1.615261562551955e-11
9.75,9.105636687365751e-09,9.106520340567517e-09,-30.00000000006261,-30.00000000006204,1.5756866177861733e-09,1.575870853150481e-09,-1.6805217364941898e-11,-1.68032088039919e-11
10.0,9.50232704021613e-09,9.50325735445696e-09,-30.0000000000669,-30.00000000006632,1.5978362059547884e-09,1.5980252589253767e-09,-1.746844626546824e-11,-1.7466331699290904e-11
10.25,9.90431653846938e-09,9.905294718160351e-09,-30.000000000071356,-30.00000000007076,1.6180797825842476e-09,1.6182736532377497e-09,-1.8123960991910994e-11,-1.8121737687947965e-11
10.5,1.0311366840338677e-08,1.0312394089910266e-08,-30.00000000007598,-30.000000000075367,1.6383226346129207e-09,1.6385213230279014e-09,-1.8790929697814383e-11,-1.8788594921812475e-11
10.75,1.0723477884469344e-08,1.0724555408371912e-08,-30.000000000080767,-30.000000000080142,1.6585657204049994e-09,1.6587692266619558e-09,-1.94693522459745e-11,-1.9466903263679767e-11
11.0,1.1140649668493254e-08,1.1141778671197525e-08,-30.000000000085727,-30.000000000085087,1.6788085534886318e-09,1.679016877669993e-09,-2.0159228627546506e-11,-2.015666270470423e-11
11.25,1.1562445935471737e-08,1.1563627621469285e-08,-30.00000000009086,-30.000000000090207,1.6955615845393324e-09,1.6957747267294596e-09,-2.0851672867301154e-11,-2.084898726965585e-11
11.5,1.1988430367864175e-08,1.1989665941667904e-08,-30.00000000009617,-30.0000000000955,1.712313876576577e-09,1.7125318368617642e-09,-2.1553596538513207e-11,-2.1550788530114566e-11
11.75,1.2418602900817442e-08,1.2419893566962074e-08,-30.000000000101654,-30.000000000100968,1.7290663888022842e-09,1.7292891672707583e-09,-2.2264999497439443e-11,-2.226206634403045e-11
12.0,1.2852963528674389e-08,1.2854310491716944e-08,-30.000000000107317,-30.000000000106617,1.7458186355823313e-09,1.746046232324252e-09,-2.2985881730389763e-11,-2.2982820694324508e-11
12.25,1.329127906516419e-08,1.3292683529684468e-08,-30.000000000113154,-30.00000000011244,1.76070566354078e-09,1.7609380786482403e-09,-2.365327517119949e-11,-2.3650083518219432e-11
12.5,1.3733316389136226e-08,1.3734779559737294e-08,-30.000000000119158,-30.00000000011843,1.7755929352414013e-09,1.7758301688084258e-09,-2.4329092755742856e-11,-2.4325767753282747e-11
12.75,1.4179075500877733e-08,1.4180598582186403e-08,-30.000000000125333,-30.00000000012459,1.7904799654977296e-09,1.7907220176202753e-09,-2.50133344840089e-11,-2.5009873396114604e-11
13.0,1.462855645998384e-08,1.4630140656651156e-08,-30.000000000131678,-30.00000000013092,1.8053677139593818e-09,1.8056145847353392e-09,-2.5706000496984105e-11,-2.570240058600665e-11
13.25,1.5081390563433657e-08,1.5083037080135387e-08,-30.000000000138186,-30.000000000137415,1.8173051284199874e-09,1.8175568179491794e-09,-2.6317673118270113e-11,-2.6313931653336023e-11
13.5,1.5537209055521864e-08,1.553891909695896e-08,-30.00000000014485,-30.000000000144063,1.8292428229069936e-09,1.8294993312911746e-09,-2.6936101348750572e-11,-2.6932215593903414e-11
13.75,1.5996012066098243e-08,1.599778683699734e-08,-30.00000000015167,-30.000000000150866,1.8411812761658724e-09,1.8414426035087308e-09,-2.7561285483077502e-11,-2.7557252700666007e-11
14.0,1.6457799603892917e-08,1.6459640309006818e-08,-30.000000000158646,-30.000000000157826,1.8531190404938659e-09,1.8533851869010241e-09,-2.8193225538685508e-11,-2.8189042991057643e-11
14.25,1.6922286564511486e-08,1.6924194408619638e-08,-30.000000000165784,-30.000000000164945,1.8627766579178247e-09,1.8630476234968393e-09,-2.8838647128727726e-11,-2.8834312081618822e-11
14.5,1.7389187902395085e-08,1.7391164090304065e-08,-30.00000000017308,-30.00000000017223,1.872434058485011e-09,1.8727098433453715e-09,-2.948953454587444e-11,-2.9485044259936856e-11
14.75,1.7858503623241107e-08,1.7860549359785108e-08,-30.000000000180542,-30.000000000179675,1.882091721488124e-09,1.882372325741253e-09,-3.014588780032938e-11,-3.014123954129691e-11
15.0,1.8330233792368615e-08,1.8332350282409927e-08,-30.00000000018817,-30.000000000187285,1.891749644607816e-09,1.89203506836707e-09,-3.080770704051498e-11,-3.0802898072426596e-11
15.25,1.8804113588672384e-08,1.8806302037101876e-08,-30.000000000195957,-30.000000000195055,1.899288743483662e-09,1.8995789868643304e-09,-3.1424537293677036e-11,-3.141956487887688e-11
15.5,1.9279878255411637e-08,1.9282139867149243e-08,-30.000000000203897,-30.00000000020298,1.9068286079908465e-09,1.9071236711101524e-09,-3.204563524250684e-11,-3.204049664333828e-11
15.75,1.9757527863364823e-08,1.9759863843360026e-08,-30.000000000211994,-30.000000000211063,1.9143682730942852e-09,1.9146681560713868e-09,-3.267100104434566e-11,-3.266569352484537e-11
16.0,2.0237062362454624e-08,2.0239473915686935e-08,-30.000000000220247,-30.000000000219302,1.9219077369829107e-09,1.922212439938899e-09,-3.3300634583485425e-11,-3.329515540768931e-11
16.25,2.071835507662306e-08,2.072084340810251e-08,-30.00000000022866,-30.000000000227697,1.9284339929387654e-09,1.9287435159966643e-09,-3.3941573378696556e-11,-3.393591981063975e-11
16.5,2.1201279268487645e-08,2.120384558325525e-08,-30.000000000237232,-30.000000000236255,1.9349595584647236e-09,1.935273901749491e-09,-3.45862065043246e-11,-3.4580375808041484e-11
16.75,2.1685834885647935e-08,2.1688480388776208e-08,-30.00000000024597,-30.000000000244974,1.9414853952171034e-09,1.941804558855631e-09,-3.5234533846119666e-11,-3.522852328225572e-11
17.0,2.2172022055916078e-08,2.2174747952509487e-08,-30.000000000254865,-30.000000000253856,1.9480119832402115e-09,1.948335967361325e-09,-3.588655569232487e-11,-3.5880362526607e-11
17.25,2.265951964391408e-08,2.2662327139109544e-08,-30.00000000026392,-30.000000000262897,1.9519687393887793e-09,1.952297544123237e-09,-3.65160573287926e-11,-3.650967882355881e-11
17.5,2.3148006456124895e-08,2.3150896755092262e-08,-30.000000000273136,-30.000000000272095,1.955925776889627e-09,1.9562594023701225e-09,-3.7147800051827427e-11,-3.7141233469414957e-11
17.75,2.363748262296919e-08,2.3640456930911733e-08,-30.00000000028251,-30.000000000281453,1.9598835764035687e-09,1.9602220227647296e-09,-3.77817841566231e-11,-3.7775026761062504e-11
18.0,2.412794815422682e-08,2.4131007676381698e-08,-30.00000000029204,-30.00000000029097,1.9638406921431895e-09,1.9641839595215765e-09,-3.841800966115597e-11,-3.841105871478296e-11
18.25,2.4619288549975597e-08,2.4622434491614356e-08,-30.00000000030173,-30.000000000300645,1.9668824937979653e-09,1.9672305823320733e-09,-3.904017825033303e-11,-3.903303101717662e-11
18.5,2.5111389492190524e-08,2.5114623058619576e-08,-30.000000000311573,-30.000000000310475,1.9699250638315125e-09,1.9702779736617704e-09,-3.966407048942703e-11,-3.96567242318214e-11
18.75,2.5604250992270328e-08,2.560757338883143e-08,-30.000000000321574,-30.000000000320462,1.9729669566760696e-09,1.97332468794484e-09,-4.0289686399864585e-11,-4.028213838183721e-11
19.0,2.6097873001229305e-08,2.6101285433300053e-08,-30.00000000033173,-30.000000000330605,1.976009134824031e-09,1.97637168767561e-09,-4.0917025872714463e-11,-4.0909273358292065e-11
19.25,2.659218577972364e-08,2.6595689452717943e-08,-30.000000000342045,-30.000000000340904,1.9784931128813574e-09,1.978860487461974e-09,-4.154635971516036e-11,-4.153839996836889e-11
19.5,2.708711946779435e-08,2.7090715587162914e-08,-30.000000000352518,-30.00000000035136,1.9809764114015954e-09,1.981348607859413e-09,-4.2177101242644266e-11,-4.2168931525814835e-11
19.75,2.758267401588547e-08,2.7586363787116285e-08,-30.000000000363148,-30.000000000361975,1.9834599930112003e-09,1.983837011496317e-09,-4.28092503445788e-11,-4.280086792004176e-11
20.0,2.8078849554896145e-08,2.808263418351497e-08,-30.000000000373937,-30.000000000372747,1.985944338724614e-09,1.986326179389062e-09,-4.3442807321339944e-11,-4.343420945142488e-11
20.25,2.8575560851224836e-08,2.8579441542795675e-08,-30.000000000384883,-30.000000000383675,1.9877460528542e-09,1.9881327158519464e-09,-4.406349606548861e-11,-4.4054680010830275e-11
20.5,2.9072722612260487e-08,2.907670057238608e-08,-30.000000000395985,-30.00000000039476,1.9895480563559378e-09,1.989939541842886e-09,-4.468520682663078e-11,-4.46761698461691e-11
20.75,2.957033497049339e-08,2.9574411404815693e-08,-30.00000000040724,-30.000000000406,1.991350830407847e-09,1.9917471385418356e-09,-4.5307939905188703e-11,-4.529867926125096e-11
21.0,3.00683979379023e-08,3.0072574052102986e-08,-30.000000000418652,-30.000000000417398,1.993152929739715e-09,1.9935540606805164e-09,-4.593169532606127e-11,-4.592220828266805e-11
21.25,3.0566932405490246e-08,3.0571209405291164e-08,-30.00000000043022,-30.000000000428948,1.995122831751021e-09,1.9955287856603427e-09,-4.655719544013166e-11,-4.654747925622058e-11
21.5,3.106595944468924e-08,3.1070338535852896e-08,-30.000000000441943,-30.000000000440657,1.9970935026014707e-09,1.997504279642956e-09,-4.718381285063498e-11,-4.717386478853103e-11
21.75,3.156547906704525e-08,3.156996145537531e-08,-30.000000000453824,-30.000000000452523,1.9990634969805565e-09,1.9994790973197825e-09,-4.7811547577376535e-11,-4.7801364901098e-11
22.0,3.2065491223784137e-08,3.2070078115125906e-08,-30.000000000465864,-30.000000000464546,2.0010337776379253e-09,2.0014542014424045e-09,-4.8440399514886e-11,-4.84299794833682e-11
22.25,3.256570561214331e-08,3.257039821238421e-08,-30.000000000478046,-30.000000000476714,2.000681359393268e-09,2.001106606832448e-09,-4.8969356547573406e-11,-4.8958696423139035e-11
22.5,3.3065831818346564e-08,3.3070631333416616e-08,-30.000000000490363,-30.000000000489013,2.0003283203949645e-09,2.0007583916402273e-09,-4.9498116781290236e-11,-4.948721382626121e-11
22.75,3.356586980761888e-08,3.3570777443491206e-08,-30.000000000502812,-30.000000000501444,1.99997562395019e-09,2.000410519174853e-09,-5.0026680139522974e-11,-5.001553161452638e-11
23.0,3.406581972581055e-08,3.4070836688501826e-08,-30.000000000515392,-30.000000000514007,1.9996237517540925e-09,2.0000634711334084e-09,-5.0555046955027374e-11,-5.054365011899548e-11
23.25,3.456549063869642e-08,3.457061813426739e-08,-30.0000000005281,-30.0000000005267,1.997743583503879e-09,1.998188127215038e-09,-5.1061725933016895e-11,-5.105007804657525e-11
23.5,3.506469155388664e-08,3.506993078844258e-08,-30.000000000540936,-30.00000000053952,1.9958637702135853e-09,1.9963131384357113e-09,-5.1567344167064525e-11,-5.155544249083792e-11
23.75,3.556342262037888e-08,3.55687748000701e-08,-30.000000000553896,-30.000000000552465,1.993984793944864e-09,1.9944389868590184e-09,-5.207190199850001e-11,-5.20597437914184e-11
24.0,3.606168386688023e-08,3.606715019790253e-08,-30.000000000566985,-30.000000000565535,1.99210521031112e-09,1.9925642281002995e-09,-5.257539948465943e-11,-5.25629820107342e-11
24.25,3.655931970861187e-08,3.656490139720705e-08,-30.000000000580194,-30.00000000057873,1.9889815583655964e-09,1.9894454012147327e-09,-5.305048690595891e-11,-5.303780742242442e-11
24.5,3.705617474408212e-08,3.706187299653846e-08,-30.000000000593523,-30.000000000592042,1.9858587602613505e-09,1.9863274283573124e-09,-5.35238103092953e-11,-5.3510866075079204e-11
24.75,3.75522490062403e-08,3.755806502889303e-08,-30.00000000060697,-30.00000000060547,1.9827353719103033e-09,1.9832088654418965e-09,-5.399536976733568e-11,-5.398215803967081e-11
25.0,3.80475424680212e-08,3.8053477467253006e-08,-30.000000000620535,-30.000000000619018,1.97961235728451e-09,1.9800906764424774e-09,-5.4465165219001206e-11,-5.445168325850774e-11
25.25,3.854170052194868e-08,3.8547755704190165e-08,-30.000000000634202,-30.000000000632667,1.973652121259685e-09,1.9741352662367044e-09,-5.480387843637692e-11,-5.4790123505368346e-11
25.5,3.903436845250386e-08,3.904054502423404e-08,-30.00000000064795,-30.0000000006464,1.9676913703852635e-09,1.9681793413759493e-09,-5.5139222639606274e-11,-5.5125191995313115e-11
25.75,3.9525546251555974e-08,3.9531845419302756e-08,-30.000000000661785,-30.000000000660215,1.961731069314269e-09,1.9622238665151724e-09,-5.5471197810154653e-11,-5.545688871150074e-11
26.0,4.001523397153299e-08,4.002165694187367e-08,-30.0000000006757,-30.000000000674113,1.9557707378636296e-09,1.9562683614732385e-09,-5.579980406462276e-11,-5.578521377053114e-11
26.25,4.050327923107868e-08,4.050982721064042e-08,-30.000000000689692,-30.000000000688086,1.9485913920347195e-09,1.9490938422534584e-09,-5.6060168875446774e-11,-5.6045294644839736e-11
26.5,4.098952971550367e-08,4.099620391096397e-08,-30.000000000703746,-30.000000000702123,1.941412536993327e-09,1.9419198140235575e-09,-5.631647532774322e-11,-5.630131441954229e-11
26.75,4.147398548751849e-08,4.148078710560569e-08,-30.000000000717865,-30.000000000716224,1.9342336928488335e-09,1.9347457968948546e-09,-5.656872356191244e-11,-5.6553273231650235e-11
27.0,4.1956646610264054e-08,4.196357685775781e-08,-30.000000000732044,-30.000000000730385,1.9270553429346222e-09,1.9275722742026704e-09,-5.6816913723132244e-11,-5.6801171231422806e-11
27.25,4.243749054268808e-08,4.2444550626419844e-08,-30.000000000746297,-30.00000000074462,1.9196961605894706e-09,1.9202179192877194e-09,-5.716476668265532e-11,-5.714872928502975e-11
27.5,4.291649467418706e-08,4.292368580104057e-08,-30.00000000076064,-30.000000000758945,1.912336935632015e-09,1.9128635219705757e-09,-5.7508459400739906e-11,-5.749212435611664e-11
27.75,4.339365905452999e-08,4.3400982431441764e-08,-30.000000000775067,-30.000000000773355,1.9049781514389253e-09,1.9055095656298463e-09,-5.784799199208285e-11,-5.783135655937958e-11
28.0,4.3868983794128545e-08,4.387644062808835e-08,-30.00000000078958,-30.000000000787846,1.897619809774782e-09,1.8981560520320494e-09,-5.818336470790567e-11,-5.8166426142651177e-11
28.25,4.4342334652210044e-08,4.434992615026138e-08,-30.00000000080416,-30.000000000802405,1.889187111183969e-09,1.8897281817235077e-09,-5.838936421660178e-11,-5.837211977432406e-11
28.5,4.481357746044246e-08,4.482130482968306e-08,-30.00000000081879,-30.000000000817018,1.8807554110941995e-09,1.881301310133873e-09,-5.859059651330269e-11,-5.857304344952899e-11
28.75,4.5282712348300805e-08,4.5290576795883105e-08,-30.00000000083347,-30.00000000083168,1.872323748303552e-09,1.872874476063163e-09,-5.878706188687692e-11,-5.876919745713373e-11
29.0,4.574973932536262e-08,4.575774205849425e-08,-30.0000000008482,-30.000000000846388,1.8638921248340652e-09,1.864447681535355e-09,-5.897876035822585e-11,-5.896058181803887e-11
29.25,4.621454237758127e-08,4.6222684603525535e-08,-30.00000000086297,-30.000000000861135,1.8545323557874648e-09,1.8550927416541115e-09,-5.910061221161436e-11,-5.908211681989666e-11
29.5,4.667700543734367e-08,4.668528836342004e-08,-30.000000000877765,-30.000000000875914,1.845172185308573e-09,1.845737400566195e-09,-5.921717202676194e-11,-5.919835703395552e-11
29.75,4.7137128524975365e-08,4.714555335855995e-08,-30.00000000089259,-30.000000000890722,1.8358125788662754e-09,1.8363826237424307e-09,-5.932843984804518e-11,-5.930930251306158e-11
30.0,4.75949118419676e-08,4.7603479790493654e-08,-30.000000000907445,-30.000000000905555,1.8264540203173772e-09,1.8270288950415619e-09,-5.943441613419214e-11,-5.941495371255398e-11
30.25,4.805028910477682e-08,4.80590013757352e-08,-30.000000000922324,-30.000000000920416,1.8165641444324742e-09,1.8171438492361225e-09,-5.954659304322635e-11,-5.952680279214958e-11
30.5,4.850319396913207e-08,4.851205177007175e-08,-30.00000000093723,-30.000000000935305,1.8066748328172514e-09,1.8072593679337364e-09,-5.965317831547456e-11,-5.963305748878621e-11
30.75,4.895362651619578e-08,4.89626310547243e-08,-30.000000000952163,-30.00000000095022,1.7967856062315993e-09,1.7973749718962332e-09,-5.975417213217867e-11,-5.973371798709316e-11
31.0,4.940158682772331e-08,4.94107393115073e-08,-30.00000000096712,-30.00000000096516,1.786896948659393e-09,1.7874911451094267e-09,-5.984957467935807e-11,-5.982878447139496e-11
31.25,4.984682253839346e-08,4.9856124175159094e-08,-30.000000000982098,-30.000000000980116,1.7749888026757993e-09,1.7755878301504219e-09,-5.990531616376487e-11,-5.988418715013703e-11
31.5,5.0289081226475114e-08,5.029853322400861e-08,-30.000000000997087,-30.000000000995087,1.7630807681099002e-09,1.7636846268502402e-09,-5.995432418113712e-11,-5.993285361397445e-11
31.75,5.0728363040582754e-08,5.073796660673085e-08,-30.000000001012086,-30.00000000101007,1.7511738110421033e-09,1.75178250129123e-09,-5.999659907079186e-11,-5.997478420391757e-11
32.0,5.1164668069843414e-08,5.117442441251386e-08,-30.000000001027097,-30.00000000102506,1.739266489492528e-09,1.7398800114954497e-09,-6.00321410279652e-11,-6.000997911858985e-11
32.25,5.15981370418588e-08,5.1608047369020835e-08,-30.000000001042125,-30.000000001040068,1.7284853476152636e-09,1.7291037016189278e-09,-6.012083034429992e-11,-6.009831864624516e-11
32.5,5.20289108599111e-08,5.2038976379595955e-08,-30.000000001057174,-30.000000001055096,1.7177052579312892e-09,1.718328444184583e-09,-6.020342398921025e-11,-6.018055975799105e-11
32.75,5.2456989606767344e-08,5.2467211527068713e-08,-30.00000000107224,-30.000000001070145,1.7069247781902758e-09,1.707552796944026e-09,-6.027992214599738e-11,-6.02567026337398e-11
33.0,5.2882373305639504e-08,5.2892752834714014e-08,-30.000000001087326,-30.000000001085212,1.6961448742019806e-09,1.6967777257089543e-09,-6.035032487099279e-11,-6.032674733321025e-11
33.25,5.330489097498601e-08,5.331542932105373e-08,-30.000000001102425,-30.00000000110029,1.6839965450085313e-09,1.6846342295234358e-09,-6.038379384025313e-11,-6.035985552907016e-11
33.5,5.372437169701154e-08,5.373507006835647e-08,-30.00000000111753,-30.000000001115374,1.671849295795897e-09,1.672491813575381e-09,-6.041039375234844e-11,-6.038609191988879e-11
33.75,5.414081556147104e-08,5.415167516644157e-08,-30.000000001132644,-30.000000001130466,1.6597016846418667e-09,1.6603490359445188e-09,-6.043012480422521e-11,-6.040545670430593e-11
34.0,5.455422259864638e-08,5.4565244645655805e-08,-30.00000000114776,-30.000000001145562,1.6475546776843084e-09,1.648206862770659e-09,-6.044298707094245e-11,-6.04179499539917e-11
34.25,5.496443438156499e-08,5.497562007909196e-08,-30.000000001162874,-30.000000001160654,1.6341396547623487e-09,1.6347966738948689e-09,-6.040614993634676e-11,-6.038074105618005e-11
34.5,5.537129248801236e-08,5.53826430446014e-08,-30.000000001177977,-30.000000001175735,1.620725266092985e-09,1.6213871195360875e-09,-6.036172707268504e-11,-6.033594367972899e-11
34.75,5.5774797076953896e-08,5.578631370121587e-08,-30.00000000119307,-30.000000001190806,1.6073115148941446e-09,1.6079782029141837e-09,-6.030971883662196e-11,-6.028355818299647e-11
35.0,5.617494824795794e-08,5.6186632148570546e-08,-30.000000001208146,-30.000000001205862,1.5938979227715818e-09,1.5945694456368535e-09,-6.025012545199033e-11,-6.022358478812047e-11
35.25,5.6571985638296034e-08,5.658383802400429e-08,-30.000000001223214,-30.00000000122091,1.5824012643619809e-09,1.5830776223427226e-09,-6.024045060110052e-11,-6.021352717910468e-11
35.5,5.696614882043396e-08,5.697817090005068e-08,-30.00000000123828,-30.000000001235957,1.570904257323175e-09,1.5715854506915653e-09,-6.022427492449822e-11,-6.019696599818806e-11
35.75,5.7357437827962125e-08,5.736963081036842e-08,-30.00000000125334,-30.000000001250996,1.5594078676368892e-09,1.560093896667048e-09,-6.020159850228044e-11,-6.017390132207875e-11
36.0,5.7745852755361866e-08,5.7758217849507613e-08,-30.000000001268393,-30.000000001266027,1.547911616448712e-09,1.5486024814167022e-09,-6.017242154629141e-11,-6.014433335923203e-11
36.25,5.813141469155265e-08,5.814395310645699e-08,-30.000000001283446,-30.00000000128106,1.5365839336112586e-09,1.537279634795085e-09,-6.018458373568635e-11,-6.015610179727273e-11
36.5,5.851414466143262e-08,5.8526857606184425e-08,-30.0000000012985,-30.00000000129609,1.5252558861128736e-09,1.525956423792482e-09,-6.019034068250584e-11,-6.016146224315842e-11
36.75,5.8894042694579184e-08,5.890693137833756e-08,-30.000000001313555,-30.000000001311122,1.51392843989473e-09,1.514633814352009e-09,-6.018969245836507e-11,-6.016041476680949e-11
37.0,5.927110888145053e-08,5.928417451344531e-08,-30.00000000132861,-30.000000001326153,1.502601116061868e-09,1.5033113275806495e-09,-6.018263926493239e-11,-6.01529595698935e-11
37.25,5.964519994068804e-08,5.965844373022027e-08,-30.00000000134364,-30.000000001341164,1.4901274335485223e-09,1.4908424824145812e-09,-6.00143598868793e-11,-5.998427543877526e-11
37.5,6.001617254599985e-08,6.002959570244223e-08,-30.00000000135863,-30.00000000135613,1.4776534848222154e-09,1.4783733713232692e-09,-5.98390270242037e-11,-5.980853507175783e-11
37.75,6.038402675160973e-08,6.039763048440715e-08,-30.00000000137357,-30.000000001371053,1.4651802360991415e-09,1.4659049605248511e-09,-5.965664079942062e-11,-5.962573859304952e-11
38.0,6.074876267269101e-08,6.076254819136101e-08,-30.000000001388468,-30.000000001385928,1.4527072087593408e-09,1.453436771401309e-09,-5.946720147018031e-11,-5.943588626029984e-11
38.25,6.11105605030182e-08,6.112452901715146e-08,-30.000000001403322,-30.00000000140076,1.4416755066948874e-09,1.4424099078466609e-09,-5.930853581222443e-11,-5.927680484586152e-11
38.5,6.146960037335557e-08,6.148375309261642e-08,-30.000000001418137,-30.00000000141555,1.4306435289876688e-09,1.4313827689447378e-09,-5.914363236988036e-11,-5.911148289744931e-11
38.75,6.182588233552621e-08,6.184022046965308e-08,-30.00000000143291,-30.0000000014303,1.419612241507808e-09,1.4203563205676064e-09,-5.89724912655652e-11,-5.893992053239736e-11
39.0,6.217940650221622e-08,6.219393126102213e-08,-30.00000000144764,-30.000000001445006,1.4085811652892742e-09,1.4093300837511804e-09,-5.87951127500551e-11,-5.876211800486917e-11
39.25,6.253015602997756e-08,6.254486862335064e-08,-30.000000001462304,-30.00000000145965,1.3974151426448351e-09,1.398168900810171e-09,-5.84797376310952e-11,-5.84463161226091e-11
39.5,6.287811402824359e-08,6.289301566614753e-08,-30.00000000147689,-30.000000001474213,1.386248929475501e-09,1.3870075276475324e-09,-5.815804876958054e-11,-5.812419774651146e-11
39.75,6.322328057012092e-08,6.323837246259546e-08,-30.000000001491397,-30.000000001488697,1.375083491683617e-09,1.3758469301675538e-09,-5.7830046337065265e-11,-5.779576304474146e-11
40.0,6.356565578958715e-08,6.358093914674861e-08,-30.00000000150582,-30.000000001503096,1.3639183503353542e-09,1.3646866294383519e-09,-5.7495730631768465e-11,-5.7461012317211497e-11
40.25,6.39054269408997e-08,6.39209029729414e-08,-30.0000000015202,-30.00000000151745,1.3542509172329372e-09,1.3550240372640961e-09,-5.746693363524823e-11,-5.743177754378481e-11
40.5,6.424278136999878e-08,6.425845128719158e-08,-30.00000000153457,-30.000000001531795,1.3445845727562283e-09,1.3453625340265937e-09,-5.7432670988881826e-11,-5.7397074367531967e-11
40.75,6.457771916872613e-08,6.459358418141887e-08,-30.00000000154893,-30.000000001546134,1.3349178743876005e-09,1.3357006772101628e-09,-5.7392942899611746e-11,-5.735690299539469e-11
41.0,6.491024036930156e-08,6.49263016879216e-08,-30.00000000156328,-30.000000001560462,1.3252517876695051e-09,1.3260394323591994e-09,-5.734774944063451e-11,-5.731126349887466e-11
41.25,6.524049347689901e-08,6.525675231195265e-08,-30.000000001577632,-30.00000000157479,1.3167731205050004e-09,1.3175656073787072e-09,-5.740539573722673e-11,-5.736846100494178e-11
41.5,6.556862704727036e-08,6.55850846093434e-08,-30.000000001591996,-30.000000001589132,1.3082954899733721e-09,1.3090928193499171e-09,-5.745824883720194e-11,-5.742086255971476e-11
41.75,6.589464115922346e-08,6.591129865898161e-08,-30.000000001606374,-30.000000001603485,1.2998174532716999e-09,1.300619625471854e-09,-5.7506308913540645e-11,-5.7468468337867386e-11
42.0,6.621853583187294e-08,6.623539448006238e-08,-30.000000001620762,-30.000000001617853,1.2913399756571538e-09,1.292146991003634e-09,-5.754957601394767e-11,-5.75112783837156e-11
42.25,6.654028131778005e-08,6.655734232522787e-08,-30.000000001635172,-30.00000000163224,1.2826239506376591e-09,1.2834358094551268e-09,-5.7681420896798815e-11,-5.764266346071661e-11
42.5,6.685984780100819e-08,6.687711237862289e-08,-30.000000001649614,-30.00000000164666,1.2739079543411716e-09,1.2747246569562338e-09,-5.780833802459881e-11,-5.776911802798625e-11
42.75,6.717723540940238e-08,6.719470476817435e-08,-30.000000001664088,-30.00000000166111,1.2651929520820049e-09,1.2660144988232144e-09,-5.793032769240228e-11,-5.789064238057838e-11
43.0,6.749244421112871e-08,6.751011956213074e-08,-30.000000001678593,-30.00000000167559,1.2564775011142024e-09,1.2573038923120587e-09,-5.8047390051182965e-11,-5.800723666607784e-11
43.25,6.780540673877146e-08,6.782328929315919e-08,-30.00000000169312,-30.000000001690093,1.2472227653476977e-09,1.248054001334647e-09,-5.809769633664959e-11,-5.80570721235807e-11
43.5,6.811605559146459e-08,6.813414656047701e-08,-30.000000001707658,-30.000000001704606,1.2379681016402469e-09,1.2388041827506817e-09,-5.814277014058513e-11,-5.810167234317511e-11
43.75,6.84243907875003e-08,6.844269138246025e-08,-30.000000001722206,-30.00000000171913,1.228713512211404e-09,1.229554438781664e-09,-5.818261150427561e-11,-5.814103736614632e-11
44.0,6.873041246612868e-08,6.874892389844334e-08,-30.000000001736762,-30.000000001733664,1.2194599625047474e-09,1.2203057348731186e-09,-5.821722074822322e-11,-5.81751675146898e-11
44.25,6.90342283241353e-08,6.905295180529664e-08,-30.000000001751342,-30.00000000174822,1.2110669370490616e-09,1.2119175555557771e-09,-5.835614875230508e-11,-5.831361366529378e-11
44.5,6.933594598833629e-08,6.93548827299216e-08,-30.000000001765954,-30.000000001762807,1.2026744121712415e-09,1.2035298771584824e-09,-5.8490331855056e-11,-5.84473121564923e-11
44.75,6.963556552392618e-08,6.965471673759854e-08,-30.0000000017806,-30.000000001777426,1.1942819082719405e-09,1.1951422200838354e-09,-5.861977020204092e-11,-5.857626313384951e-11
45.0,6.993308693640119e-08,6.995245395431297e-08,-30.000000001795275,-30.000000001792078,1.1858894273637254e-09,1.1867555495705243e-09,-5.874446408151622e-11,-5.870046660979301e-11
45.25,7.022863943681559e-08,7.024822359120599e-08,-30.000000001809994,-30.00000000180677,1.1785306033953945e-09,1.17940157312149e-09,-5.89548236769636e-11,-5.891033277735856e-11
45.5,7.052235216800826e-08,7.054215467080082e-08,-30.000000001824766,-30.00000000182152,1.1711712736876037e-09,1.1720470912833525e-09,-5.916102311686888e-11,-5.911603603130425e-11
45.75,7.081422512416791e-08,7.0834247187374e-08,-30.000000001839588,-30.000000001836316,1.1638124032290251e-09,1.1646930690467323e-09,-5.936306238956863e-11,-5.931757635827182e-11
46.0,7.110425836012591e-08,7.112450119584524e-08,-30.00000000185446,-30.000000001851163,1.1564535121722334e-09,1.1573390265661527e-09,-5.956094161514663e-11,-5.951495388003834e-11
46.25,7.139246083761461e-08,7.141292565803569e-08,-30.000000001869378,-30.000000001866052,1.149166339706556e-09,1.15005670303289e-09,-5.97108270907521e-11,-5.966433489205818e-11
46.5,7.167884164334366e-08,7.169952966074428e-08,-30.00000000188433,-30.00000000188098,1.141880138191827e-09,1.1427753508087283e-09,-5.985659336579077e-11,-5.980959394034819e-11
46.75,7.196340083966469e-08,7.198431326641242e-08,-30.00000000189932,-30.000000001895945,1.1345934645391772e-09,1.1354935268067474e-09,-5.999824057419875e-11,-5.995073116561995e-11
47.0,7.224613842916462e-08,7.226727647771731e-08,-30.000000001914344,-30.000000001910944,1.1273072837198436e-09,1.1282121960001333e-09,-6.013576872802461e-11,-6.008774657483907e-11
47.25,7.252699006901046e-08,7.254835495191673e-08,-30.000000001929397,-30.00000000192597,1.119505871946393e-09,1.120415634603402e-09,-6.022088253946754e-11,-6.017234488189805e-11
47.5,7.280589136115441e-08,7.282748429105412e-08,-30.00000000194447,-30.000000001941014,1.1117045022084177e-09,1.1126191156080957e-09,-6.030158598600085e-11,-6.025253006426939e-11
47.75,7.30828424367422e-08,7.310466462636692e-08,-30.000000001959563,-30.00000000195608,1.1039041396007209e-09,1.1048236041109677e-09,-6.037787937108739e-11,-6.0328302420333e-11
48.0,7.33578433671857e-08,7.337989602935923e-08,-30.000000001974673,-30.000000001971166,1.0961033411578326e-09,1.0970276571484992e-09,-6.044976284902696e-11,-6.039966210947008e-11
48.25,7.363070926548801e-08,7.365299361312686e-08,-30.000000001989797,-30.000000001986265,1.0868238852684321e-09,1.0877530531113187e-09,-6.048835254445985e-11,-6.043772525632019e-11
48.5,7.390125536823617e-08,7.392377261435005e-08,-30.00000000200493,-30.00000000200137,1.0775449768481474e-09,1.078478996917003e-09,-6.052169591510299e-11,-6.047053932029352e-11
48.75,7.416948175237416e-08,7.419223311006643e-08,-30.000000002020073,-30.000000002016485,1.0682661365103637e-09,1.069205009180888e-09,-6.054979313707466e-11,-6.049810446903725e-11
49.0,7.443538855560377e-08,7.445837523807199e-08,-30.00000000203522,-30.000000002031605,1.0589883297044753e-09,1.0599320553543206e-09,-6.057264452410242e-11,-6.05204210196663e-11
49.25,7.469889691593718e-08,7.472212013647356e-08,-30.00000000205035,-30.000000002046704,1.0490786126225607e-09,1.050027191631331e-09,-6.038691094096199e-11,-6.033414983526157e-11
49.5,7.495992781050512e-08,7.498338878249701e-08,-30.00000000206543,-30.000000002061757,1.0391686037124753e-09,1.040122036461726e-09,-6.019557426761755e-11,-6.014227279917458e-11
49.75,7.521848128705064e-08,7.524218122398104e-08,-30.000000002080462,-30.00000000207676,1.029259268575065e-09,1.030217555448303e-09,-5.999863461455159e-11,-5.994479001849891e-11
50.0,7.547455745411251e-08,7.549849756956053e-08,-30.000000002095444,-30.000000002091713,1.0193501279750263e-09,1.0203132693577102e-09,-5.97960922256878e-11,-5.974170173885156e-11
50.25,7.572820869605785e-08,7.57523902036992e-08,-30.000000002110376,-30.00000000210662,1.009859865375562e-09,1.0108278616551029e-09,-5.961348215151552e-11,-5.955854300902703e-11
50.5,7.59794875158463e-08,7.600391162945377e-08,-30.00000000212526,-30.000000002121478,1.0003707508460407e-09,1.0013436024118015e-09,-5.942550667882857e-11,-5.937001611751241e-11
50.75,7.622839408037681e-08,7.625306201382081e-08,-30.0000000021401,-30.00000000213629,9.90881823438322e-10,9.91859530681617e-10,-5.92321661795765e-11,-5.917612143625649e-11
51.0,7.647492837651282e-08,7.649984134376182e-08,-30.00000000215489,-30.00000000215105,9.81392603816166e-10,9.82375167130262e-10,-5.90334606266039e-11,-5.897685893471497e-11
51.25,7.671903722281844e-08,7.674419643793947e-08,-30.000000002169628,-30.00000000216576,9.714782264749529e-10,9.724656462550698e-10,-5.88128221064219e-11,-5.875566070109225e-11
51.5,7.696066750018744e-08,7.698607417734659e-08,-30.00000000218431,-30.000000002180414,9.615640524551194e-10,9.625563290984298e-10,-5.858657800012356e-11,-5.852885411648062e-11
51.75,7.719981925974741e-08,7.722547461321027e-08,-30.000000002198938,-30.00000000219501,9.516500841345066e-10,9.526472180401368e-10,-5.835472842696671e-11,-5.8296439296749e-11
52.0,7.743649267362338e-08,7.74623979177556e-08,-30.000000002213504,-30.000000002209546,9.417372871149483e-10,9.427392786839787e-10,-5.811727377864903e-11,-5.805841663528842e-11
52.25,7.767084123672428e-08,7.769699758599202e-08,-30.000000002228006,-30.000000002224017,9.330512824023959e-10,9.3405813203786e-10,-5.782847814017023e-11,-5.776905021879182e-11
52.5,7.790301826826914e-08,7.792942693723955e-08,-30.000000002242434,-30.000000002238416,9.243650347821434e-10,9.253767428890281e-10,-5.753477166301352e-11,-5.7474770195353523e-11
52.75,7.813302376799293e-08,7.815968603153618e-08,-30.000000002256787,-30.00000000225274,9.156790279492833e-10,9.166960765466174e-10,-5.723615448637745e-11,-5.717557656456321e-11
53.0,7.836085785655437e-08,7.838777498964263e-08,-30.000000002271065,-30.00000000226699,9.069937455988124e-10,9.080156534836769e-10,-5.693262687951368e-11,-5.6871469603837325e-11
53.25,7.858663502867757e-08,7.861380824618402e-08,-30.000000002285276,-30.000000002281173,8.992236889137147e-10,9.002504564971529e-10,-5.6705472200314885e-11,-5.664373280251022e-11
53.5,7.881046971174853e-08,7.883790022864937e-08,-30.00000000229943,-30.000000002295298,8.914538332842133e-10,8.924854609792228e-10,-5.647392494484626e-11,-5.641160065834039e-11
53.75,7.903236207666708e-08,7.906005110804198e-08,-30.000000002313527,-30.000000002309363,8.836851437975578e-10,8.847216320190903e-10,-5.62379855029659e-11,-5.617507356118516e-11
54.0,7.925231223459727e-08,7.928026099562993e-08,-30.000000002327564,-30.00000000232337,8.759161774806863e-10,8.769575266456486e-10,-5.599765412553321e-11,-5.593415175682094e-11
54.25,7.947043742938266e-08,7.949864713536122e-08,-30.000000002341555,-30.000000002337334,8.690854265957842e-10,8.701316371230385e-10,-5.5881964900468816e-11,-5.5817869338249796e-11
54.5,7.96868550135764e-08,7.971532687989395e-08,-30.000000002355517,-30.000000002351268,8.622552928381648e-10,8.633063651485278e-10,-5.576241456906184e-11,-5.5697723045066005e-11
54.75,7.99015650814635e-08,7.99303003236186e-08,-30.00000000236945,-30.00000000236517,8.554252962335144e-10,8.564812307497577e-10,-5.5639003342839714e-11,-5.5573713088796236e-11
55.0,8.011456766753694e-08,8.014356750113407e-08,-30.000000002383352,-30.00000000237904,8.485954384194695e-10,8.496562355663207e-10,-5.55117313018874e-11,-5.5445839546136534e-11
55.25,8.032593429936376e-08,8.035519994011382e-08,-30.00000000239723,-30.000000002392884,8.423376572532985e-10,8.434033174574427e-10,-5.543479258465356e-11,-5.536829655384072e-11
55.5,8.053573662021778e-08,8.056526928393862e-08,-30.000000002411085,-30.000000002406708,8.360809507202719e-10,8.371514744103512e-10,-5.535431701441751e-11,-5.528721393857547e-11
55.75,8.074397471834032e-08,8.077377562095715e-08,-30.00000000242492,-30.000000002420514,8.298238754844456e-10,8.308992630910592e-10,-5.52703047877259e-11,-5.520259189349852e-11
56.0,8.095064856194466e-08,8.098071891949065e-08,-30.000000002438732,-30.000000002434295,8.235669146579364e-10,8.246471666136404e-10,-5.518275583115946e-11,-5.5114430348577964e-11
56.25,8.115573768506893e-08,8.118607871368557e-08,-30.00000000245253,-30.00000000244806,8.171461061408357e-10,8.182312228801424e-10,-5.515088510015362e-11,-5.5081944259248456e-11
56.5,8.135922161654235e-08,8.138983453248003e-08,-30.000000002466322,-30.00000000246182,8.107253815363618e-10,8.11815363495741e-10,-5.511538501267725e-11,-5.5045826038395896e-11
56.75,8.156110037753549e-08,8.159198639715396e-08,-30.000000002480103,-30.00000000247557,8.043047423839204e-10,8.053995900018006e-10,-5.507625561490621e-11,-5.500607573388943e-11
57.0,8.176137398960379e-08,8.179253432937264e-08,-30.000000002493874,-30.00000000248931,7.978841902228976e-10,7.989839039396655e-10,-5.503349695640447e-11,-5.4962693395292244e-11
57.25,8.195997731483946e-08,8.199141319133864e-08,-30.000000002507633,-30.000000002503036,7.909424487220092e-10,7.920470289800087e-10,-5.497730604364991e-11,-5.4905876032469584e-11
57.5,8.215684521664032e-08,8.218855784656061e-08,-30.00000000252138,-30.00000000251675,7.84000802836666e-10,7.85110250080199e-10,-5.491719109327889e-11,-5.484513185697485e-11
57.75,8.235197765891681e-08,8.23839682590603e-08,-30.000000002535106,-30.000000002530445,7.770587726192734e-10,7.781730872946002e-10,-5.485315202544709e-11,-5.478046079065698e-11
58.0,8.254537460599548e-08,8.257764439327607e-08,-30.00000000254882,-30.000000002544123,7.701168413463331e-10,7.712360239016729e-10,-5.4785188760005456e-11,-5.47118627516721e-11
58.25,8.273714498359475e-08,8.276969517503864e-08,-30.00000000256252,-30.00000000255779,7.640462130361165e-10,7.651702639216482e-10,-5.47542176340292e-11,-5.468025407540057e-11
58.5,8.292739771399737e-08,8.296022952674355e-08,-30.00000000257621,-30.00000000257145,7.57975663853661e-10,7.591045835215229e-10,-5.471981524074906e-11,-5.46452113584605e-11
58.75,8.311613281716718e-08,8.314924746846792e-08,-30.000000002589893,-30.0000000025851,7.519051952543302e-10,7.530389841586196e-10,-5.468198162631711e-11,-5.460673464530911e-11
59.0,8.330335031343189e-08,8.333674902065325e-08,-30.000000002603564,-30.00000000259874,7.458348086934689e-10,7.469734672902415e-10,-5.4640716835191377e-11,-5.4564823983791774e-11
59.25,8.348900823346138e-08,8.352269221408364e-08,-30.000000002617202,-30.000000002612346,7.394286025915284e-10,7.405721313387994e-10,-5.4414169746327474e-11,-5.4337628246087076e-11
59.5,8.367306462543217e-08,8.370703509705038e-08,-30.000000002630784,-30.000000002625896,7.330225843088592e-10,7.341709836666046e-10,-5.418400159234958e-11,-5.410680866651249e-11
59.75,8.385551947628953e-08,8.388977765661399e-08,-30.00000000264431,-30.000000002639386,7.266162737693233e-10,7.277695441994792e-10,-5.395021234250491e-11,-5.3872365216008516e-11
60.0,8.403637277336277e-08,8.407091988021948e-08,-30.000000002657774,-30.00000000265282,7.202101541208581e-10,7.213682960873206e-10,-5.371280196912411e-11,-5.363429786521095e-11
60.25,8.421556877280749e-08,8.42504060241387e-08,-30.000000002671175,-30.000000002666184,7.133578962546293e-10,7.14520910223256e-10,-5.3435312885132686e-11,-5.33561490236564e-11
60.5,8.439305173459756e-08,8.442818034846222e-08,-30.000000002684505,-30.00000000267948,7.065058529747514e-10,7.07673739413361e-10,-5.315395041926014e-11,-5.307412402515578e-11
60.75,8.456882171258495e-08,8.46042429071592e-08,-30.000000002697764,-30.00000000269271,6.99654025924155e-10,7.008267853025265e-10,-5.286871469394457e-11,-5.2788222990452346e-11
61.0,8.474287876103233e-08,8.477859375460999e-08,-30.00000000271095,-30.00000000270586,6.928024167457188e-10,6.939800495355921e-10,-5.257960583331813e-11,-5.249844604198341e-11
61.25,8.49151963696039e-08,8.4951206380597e-08,-30.000000002724068,-30.00000000271894,6.857385068072075e-10,6.869210134822852e-10,-5.22887154495975e-11,-5.220688478857675e-11
61.5,8.508574802817593e-08,8.512205427511515e-08,-30.00000000273711,-30.000000002731948,6.786748168433354e-10,6.79862197879283e-10,-5.19938319591085e-11,-5.1911327649945536e-11
61.75,8.52545337317523e-08,8.529113743328749e-08,-30.000000002750077,-30.00000000274488,6.716108669358051e-10,6.728031228102509e-10,-5.169495535485992e-11,-5.161177461401558e-11
62.0,8.542155347576033e-08,8.545845585066098e-08,-30.00000000276297,-30.000000002757737,6.645471403903861e-10,6.657442715829219e-10,-5.1392085622779577e-11,-5.1308225671796116e-11
62.25,8.558675958913121e-08,8.562396191648847e-08,-30.00000000277579,-30.00000000277052,6.571018219647221e-10,6.583043105689888e-10,-5.108480021323993e-11,-5.100025813235668e-11
62.5,8.575010446145839e-08,8.578760802048408e-08,-30.00000000278853,-30.000000002783224,6.496572121396419e-10,6.508645770273417e-10,-5.0773306215429114e-11,-5.0688079089662046e-11
62.75,8.591158820991365e-08,8.594939421973927e-08,-30.00000000280119,-30.00000000279585,6.422128310882946e-10,6.434250727451006e-10,-5.04576037602958e-11,-5.037168881118477e-11
63.0,8.607121089191355e-08,8.610932057179225e-08,-30.00000000281377,-30.000000002808395,6.347686805957698e-10,6.359857995093182e-10,-5.0137692978788634e-11,-5.005108742279051e-11
63.25,8.622885864293261e-08,8.626727321223971e-08,-30.000000002826287,-30.000000002820872,6.264133732275866e-10,6.276353698874779e-10,-4.99206439380112e-11,-4.983334499497022e-11
63.5,8.638441770919389e-08,8.642313838742734e-08,-30.000000002838746,-30.000000002833296,6.18059202644603e-10,6.192860775424023e-10,-4.969887153807057e-11,-4.961087642105392e-11
63.75,8.653788825474112e-08,8.657691626152203e-08,-30.00000000285115,-30.000000002845663,6.097052076262838e-10,6.109369612555213e-10,-4.947237614236891e-11,-4.9383682071219257e-11
64.0,8.668927026351439e-08,8.672860687878898e-08,-30.000000002863494,-30.000000002857973,6.013509085639657e-10,6.025880230322219e-10,-4.9241157853117486e-11,-4.9151761906374576e-11
64.25,8.683860846701145e-08,8.68782549708501e-08,-30.000000002875783,-30.000000002870227,5.933547651748021e-10,5.945967593677207e-10,-4.900903554024248e-11,-4.8918934799528626e-11
64.5,8.698594765707475e-08,8.702590526947101e-08,-30.00000000288801,-30.00000000288242,5.853588012000936e-10,5.866056756172908e-10,-4.8772392763358815e-11,-4.8681584446820216e-11
64.75,8.713128793899907e-08,8.717155788007164e-08,-30.000000002900183,-30.000000002894552,5.773635001693248e-10,5.786152553123827e-10,-4.853122976426153e-11,-4.843971108665547e-11
65.0,8.727462941855857e-08,8.731521290855178e-08,-30.00000000291229,-30.000000002906624,5.693683823878166e-10,5.706250187602827e-10,-4.828554678166222e-11,-4.81933149577452e-11
65.25,8.741611330796844e-08,8.745701156725275e-08,-30.00000000292435,-30.000000002918643,5.625027721864618e-10,5.637642902938496e-10,-4.810868428333428e-11,-4.8015736529556104e-11
65.5,8.75558808130161e-08,8.759709506208861e-08,-30.00000000293636,-30.000000002930616,5.556373075814224e-10,5.569037079312116e-10,-4.792794083994994e-11,-4.783427436937148e-11
65.75,8.769393197030641e-08,8.773546342979133e-08,-30.000000002948326,-30.000000002942546,5.487719902188398e-10,5.500432733204776e-10,-4.7743316533290627e-11,-4.764892855727793e-11
66.0,8.783026681685573e-08,8.787211682790789e-08,-30.000000002960245,-30.000000002954426,5.419068217447548e-10,5.431839513338286e-10,-4.755481172435393e-11,-4.745969918183233e-11
66.25,8.79648944794824e-08,8.800706438338478e-08,-30.00000000297211,-30.000000002966253,5.351145234226143e-10,5.363965367888731e-10,-4.731477645639286e-11,-4.7218936294147706e-11
66.5,8.809782408990914e-08,8.814031510767045e-08,-30.000000002983917,-30.00000000297802,5.283224042356615e-10,5.296093018948386e-10,-4.707090172698592e-11,-4.69743311546867e-11
66.75,8.822905563292183e-08,8.827186898567993e-08,-30.000000002995662,-30.000000002989726,5.215299842004146e-10,5.228217666702121e-10,-4.6823187500324346e-11,-4.6725883729333817e-11
67.0,8.835858909371347e-08,8.840172600273589e-08,-30.000000003007344,-30.000000003001368,5.147377465574702e-10,5.16034414357558e-10,-4.657163374029466e-11,-4.647359398366888e-11
67.25,8.848661827167137e-08,8.853007995835584e-08,-30.00000000301897,-30.000000003012957,5.094957134643967e-10,5.107972671164127e-10,-4.6403081612364235e-11,-4.630430308146441e-11
67.5,8.861333701861443e-08,8.865712470448928e-08,-30.000000003030557,-30.000000003024503,5.042542985082027e-10,5.055607385357537e-10,-4.62315671074806e-11,-4.61320470119731e-11
67.75,8.873874542903239e-08,8.878286033575714e-08,-30.0000000030421,-30.000000003036007,4.990130213332751e-10,5.003243482619371e-10,-4.6057090437063366e-11,-4.595682598661377e-11
68.0,8.886284353752763e-08,8.890728688689343e-08,-30.0000000030536,-30.000000003047468,4.937718831959512e-10,4.950880975532697e-10,-4.587965167939557e-11,-4.577864008536274e-11
68.25,8.898577149223314e-08,8.903054450616326e-08,-30.00000000306507,-30.0000000030589,4.896517789227158e-10,4.909728812382048e-10,-4.5828489102420216e-11,-4.5726727574468177e-11
68.5,8.91076694294188e-08,8.915277332996915e-08,-30.00000000307653,-30.00000000307032,4.855317430917722e-10,4.868577338969152e-10,-4.5774998646010885e-11,-4.567248439549694e-11
68.75,8.922853736631859e-08,8.927397337567819e-08,-30.000000003087973,-30.000000003081723,4.814117766903562e-10,4.827426565186061e-10,-4.5719180352799126e-11,-4.5615910587691673e-11
69.0,8.93483754408163e-08,8.939414478130778e-08,-30.0000000030994,-30.000000003093113,4.772928439297288e-10,4.78628613316508e-10,-4.56610345361623e-11,-4.555700646781709e-11
69.25,8.946723283301218e-08,8.951333672709228e-08,-30.0000000031108,-30.00000000310447,4.735663306956848e-10,4.749069901783863e-10,-4.546949003362537e-11,-4.5364700868315165e-11
69.5,8.958515861521035e-08,8.963159828547038e-08,-30.00000000312215,-30.00000000311578,4.698399639973314e-10,4.711855141153191e-10,-4.5275840324827416e-11,-4.517028727051827e-11
69.75,8.97021527639548e-08,8.97489294331212e-08,-30.00000000313345,-30.00000000312704,4.661132631154082e-10,4.674637044100163e-10,-4.5080085356810895e-11,-4.4973765623162146e-11
70.0,8.981821525601277e-08,8.986533014694752e-08,-30.000000003144702,-30.000000003138254,4.62386710554739e-10,4.6374204356927285e-10,-4.488222507970169e-11,-4.4775135871289704e-11
70.25,8.993335252865675e-08,8.998080686435791e-08,-30.000000003155904,-30.000000003149413,4.587115084753299e-10,4.6007173375506626e-10,-4.467566749874244e-11,-4.4567806025224984e-11
70.5,9.004757102000426e-08,9.009536608380799e-08,-30.000000003167052,-30.000000003160523,4.5503646023174443e-10,4.5640205993601776e-10,-4.446703387932296e-11,-4.435839720736082e-11
70.75,9.016087082882582e-08,9.020900790420534e-08,-30.00000000317815,-30.00000000317158,4.5136204831633855e-10,4.527325413825537e-10,-4.4256324444615e-11,-4.41469096456456e-11
71.0,9.0273252054112e-08,9.032173236447665e-08,-30.000000003189196,-30.00000000318258,4.4768779199740746e-10,4.490631789769497e-10,-4.404353928126559e-11,-4.393334356155614e-11
71.25,9.038481432620391e-08,9.043363909510112e-08,-30.000000003200196,-30.00000000319354,4.4481041563637075e-10,4.461906970825982e-10,-4.390494468749323e-11,-4.379396524992205e-11
71.5,9.049565726847762e-08,9.054482771959339e-08,-30.000000003211163,-30.000000003204466,4.419331534897572e-10,4.433183299580015e-10,-4.3764725223935233e-11,-4.365295927307392e-11
71.75,9.060578090957284e-08,9.065529826673227e-08,-30.000000003222095,-30.000000003215355,4.390560062465402e-10,4.40446078294105e-10,-4.3622880955161656e-11,-4.351032569896915e-11
72.0,9.071518527830154e-08,9.07650507654693e-08,-30.00000000323299,-30.00000000322621,4.361789745956649e-10,4.375739427818269e-10,-4.347941194913066e-11,-4.3366064588788863e-11
72.25,9.082409889104871e-08,9.087431373232953e-08,-30.000000003243873,-30.000000003237048,4.351299408878562e-10,4.3652980577386717e-10,-4.352079340699131e-11,-4.340665114368135e-11
72.5,9.093275024680276e-08,9.098331566644193e-08,-30.000000003254765,-30.000000003247898,4.3408091866432213e-10,4.354856808134084e-10,-4.356158423051856e-11,-4.3446644267114835e-11
72.75,9.104113934846602e-08,9.109205657084988e-08,-30.00000000326567,-30.00000000325876,4.330319081752525e-10,4.3444156815261454e-10,-4.360178442656011e-11,-4.348604396593624e-11
73.0,9.114926613880189e-08,9.120053644865985e-08,-30.000000003276583,-30.000000003269626,4.319824280587799e-10,4.3339746804367926e-10,-4.364139400365772e-11,-4.352485010907845e-11
73.25,9.125717143679634e-08,9.130879611899987e-08,-30.000000003287504,-30.000000003280505,4.31259969991484e-10,4.3267990894125546e-10,-4.3674819671093466e-11,-4.355746940890612e-11
73.5,9.136489612222894e-08,9.141687640159059e-08,-30.000000003298435,-30.00000000329139,4.305375275731981e-10,4.319623660591605e-10,-4.370783944834591e-11,-4.3589680018033556e-11
73.75,9.14724401990334e-08,9.152477730050882e-08,-30.000000003309374,-30.000000003302283,4.298151009757322e-10,4.3124483957118027e-10,-4.374045334054653e-11,-4.362148194328551e-11
74.0,9.157980373138791e-08,9.16324988800763e-08,-30.00000000332032,-30.000000003313186,4.290931719829131e-10,4.305278112631189e-10,-4.3772661500905184e-11,-4.36528753310948e-11
74.25,9.168707372274404e-08,9.174012814388868e-08,-30.000000003331298,-30.000000003324118,4.290667564398146e-10,4.305062969820269e-10,-4.398023797398453e-11,-4.385963423449364e-11
74.5,9.179433709982735e-08,9.184775201881606e-08,-30.000000003342326,-30.000000003335103,4.29040257800382e-10,4.30484700183826e-10,-4.418780226883437e-11,-4.406637815575476e-11
74.75,9.190159384186434e-08,9.195537048423002e-08,-30.000000003353406,-30.000000003346138,4.290136760693918e-10,4.3046302087527004e-10,-4.4395354336328797e-11,-4.4273107049139624e-11
75.0,9.200884392808275e-08,9.206298351950382e-08,-30.000000003364537,-30.000000003357226,4.2898701125164044e-10,4.30441259063132e-10,-4.460289413073007e-11,-4.44798208689097e-11
75.25,9.211608724449946e-08,9.21705910108004e-08,-30.000000003375728,-30.00000000336837,4.2895951345566124e-10,4.3041866485792273e-10,-4.4854971408835174e-11,-4.473106936847305e-11
75.5,9.22233236729324e-08,9.22781928400842e-08,-30.00000000338698,-30.00000000337958,4.2893190738149196e-10,4.3039596296165853e-10,-4.5107035890033176e-11,-4.498230226721797e-11
75.75,9.233055330671566e-08,9.238578910083637e-08,-30.000000003398295,-30.00000000339085,4.289051562582141e-10,4.303741166053984e-10,-4.5359087789167827e-11,-4.5233519783375555e-11
76.0,9.243777623918456e-08,9.249337988653975e-08,-30.000000003409674,-30.00000000340218,4.288782968666945e-10,4.303521625719869e-10,-4.5611127313221945e-11,-4.5484722120539705e-11
76.25,9.254478310928586e-08,9.260075583628912e-08,-30.000000003421096,-30.000000003413557,4.27176670895748e-10,4.286554425522179e-10,-4.571877964126189e-11,-4.559153445608193e-11
76.5,9.265136450936662e-08,9.270770760278156e-08,-30.000000003432547,-30.00000000342496,4.254745367246447e-10,4.269586965394266e-10,-4.582547217030891e-11,-4.56973840524968e-11
76.75,9.275752037262914e-08,9.28142351193684e-08,-30.000000003444022,-30.00000000343639,4.237723763721874e-10,4.2526144333049306e-10,-4.593120474901223e-11,-4.5802270756433934e-11
77.0,9.286325069257895e-08,9.292033831950325e-08,-30.000000003455526,-30.00000000344785,4.2207019024529766e-10,4.2356416494632754e-10,-4.6035977229104506e-11,-4.590619455614984e-11
77.25,9.296872769934781e-08,9.30261894334679e-08,-30.00000000346706,-30.000000003459338,4.2174586529984656e-10,4.2324474834478134e-10,-4.6199979854506654e-11,-4.606934569387058e-11
77.5,9.307412361750367e-08,9.313196074618236e-08,-30.00000000347864,-30.00000000347087,4.2142148134519183e-10,4.229257549492793e-10,-4.636380192751408e-11,-4.6232313333976766e-11
77.75,9.317943849250523e-08,9.32376523032564e-08,-30.000000003490257,-30.00000000348244,4.2109752006951315e-10,4.2260670322607965e-10,-4.652744354909833e-11,-4.639509758221657e-11
78.0,9.328467236983027e-08,9.334326409011788e-08,-30.000000003501917,-30.00000000349405,4.207734999369806e-10,4.222875932533412e-10,-4.6690904687094365e-11,-4.6557698539560706e-11
78.25,9.338969014473082e-08,9.34486610021709e-08,-30.0000000035136,-30.000000003505683,4.193687158931489e-10,4.2088771997860023e-10,-4.6692569672499155e-11,-4.655850053531128e-11
78.5,9.349435672770796e-08,9.355370795006912e-08,-30.00000000352528,-30.000000003517314,4.179639645681053e-10,4.1948788003392576e-10,-4.669344279827999e-11,-4.655850786243481e-11
78.75,9.359867212698333e-08,9.365840494218725e-08,-30.00000000353696,-30.000000003528946,4.16559246297409e-10,4.1808807375686015e-10,-4.6693524084861236e-11,-4.655772053796673e-11
79.0,9.370263635086247e-08,9.376275198698438e-08,-30.000000003548642,-30.000000003540578,4.1515456141661153e-10,4.1668830148493785e-10,-4.669281354927914e-11,-4.655613858233064e-11
79.25,9.380596451543976e-08,9.386646432111198e-08,-30.00000000356031,-30.000000003552195,4.114707821204553e-10,4.130103986390571e-10,-4.658243434000736e-11,-4.644488486478324e-11
79.5,9.390837186754626e-08,9.396925719155573e-08,-30.000000003571948,-30.000000003563784,4.0778806169902085e-10,4.0933259206347853e-10,-4.646997464685977e-11,-4.633154758130432e-11
79.75,9.400985855160794e-08,9.407113062249373e-08,-30.00000000358356,-30.000000003575344,4.0410543781058906e-10,4.0565488264248215e-10,-4.635543452090857e-11,-4.621612705940275e-11
80.0,9.411042453166681e-08,9.417208463832516e-08,-30.00000000359514,-30.000000003586877,4.00422429725356e-10,4.019772712603326e-10,-4.6238814020002236e-11,-4.609862321223592e-11
80.25,9.421004996947985e-08,9.427209940096318e-08,-30.00000000360668,-30.000000003598366,3.9658110916865285e-10,3.981408664204438e-10,-4.602169315479705e-11,-4.588061605184863e-11
80.5,9.430871509650413e-08,9.437115508182003e-08,-30.000000003618165,-30.000000003609802,3.9273994346616906e-10,3.9430461706249845e-10,-4.580240215724963e-11,-4.566043594672137e-11
80.75,9.440641995156825e-08,9.446925171988149e-08,-30.000000003629594,-30.00000000362118,3.888989335382078e-10,3.904685241087845e-10,-4.558094111910051e-11,-4.5438082986899804e-11
81.0,9.450316457373087e-08,9.456638935436389e-08,-30.00000000364097,-30.000000003632508,3.850580803050343e-10,3.86632588481552e-10,-4.535731012700801e-11,-4.5213557260735546e-11
81.25,9.459886457756536e-08,9.46624835999988e-08,-30.00000000365229,-30.000000003643777,3.805419870664136e-10,3.8212141348255093e-10,-4.5130281163011247e-11,-4.498563074857285e-11
81.5,9.469343557798645e-08,9.47574500718596e-08,-30.00000000366355,-30.000000003654986,3.760260530577179e-10,3.776103983491394e-10,-4.4900700366064526e-11,-4.475514958767118e-11
81.75,9.47868776149369e-08,9.485128881004821e-08,-30.000000003674753,-30.000000003666138,3.7151027936119266e-10,3.730995441655489e-10,-4.4668567822871977e-11,-4.452211386642793e-11
82.0,9.487919072863004e-08,9.494399985493762e-08,-30.000000003685898,-30.000000003677233,3.6699466705904506e-10,3.6858885201597353e-10,-4.443388362860807e-11,-4.4286523674934595e-11
82.25,9.497037176582469e-08,9.503558005344682e-08,-30.000000003696975,-30.000000003688257,3.624536742996977e-10,3.6405278005082247e-10,-4.4123811801213657e-11,-4.397554303790751e-11
82.5,9.506041758041708e-08,9.512602625963267e-08,-30.000000003707974,-30.000000003699203,3.579128863011744e-10,3.5951691349010667e-10,-4.381117407098013e-11,-4.366199367716694e-11
82.75,9.514932822373344e-08,9.521533852498258e-08,-30.000000003718895,-30.00000000371007,3.533723041516881e-10,3.5498125342402707e-10,-4.3495970550024305e-11,-4.334587570991111e-11
83.0,9.523710374737205e-08,9.530351690125647e-08,-30.00000000372974,-30.00000000372086,3.4883192893940276e-10,3.504458009427349e-10,-4.317820135723924e-11,-4.302718925333823e-11
83.25,9.532403641157488e-08,9.539085364885845e-08,-30.00000000374052,-30.00000000373159,3.4662941268781e-10,3.482482080717104e-10,-4.3028469781856873e-11,-4.2876537593291316e-11
83.5,9.541041846078694e-08,9.547764101239617e-08,-30.000000003751268,-30.000000003742283,3.444270090422278e-10,3.4605072845826045e-10,-4.2877495114347645e-11,-4.272464002362815e-11
83.75,9.54962499232256e-08,9.556387902025013e-08,-30.000000003761976,-30.000000003752938,3.4222471852965257e-10,3.4385336263137054e-10,-4.2725277419235786e-11,-4.2571496603789986e-11
84.0,9.558153082723998e-08,9.564956770093311e-08,-30.000000003772644,-30.000000003763553,3.400225416770531e-10,3.4165611111999984e-10,-4.2571816761045535e-11,-4.241710739999433e-11
84.25,9.566625596289766e-08,9.573470184467682e-08,-30.000000003783292,-30.000000003774147,3.377785591541712e-10,3.39417054595879e-10,-4.255022798646681e-11,-4.2394587262318443e-11
84.5,9.575042010784755e-08,9.58192762292948e-08,-30.000000003793932,-30.000000003784734,3.355346160443096e-10,3.3717803814429973e-10,-4.2527372643025343e-11,-4.237079773489915e-11
84.75,9.583402327201003e-08,9.590329086487255e-08,-30.00000000380457,-30.000000003795318,3.3329071288442786e-10,3.3493906230421156e-10,-4.250325075289654e-11,-4.2345738839911054e-11
85.0,9.59170654654397e-08,9.598674576163031e-08,-30.0000000038152,-30.000000003805894,3.3104685021147543e-10,3.3270012761455443e-10,-4.247786234164394e-11,-4.231941060122285e-11
85.25,9.599950190724426e-08,9.606959619904338e-08,-30.00000000382578,-30.00000000381642,3.284447327658116e-10,3.3010342042976496e-10,-4.210267366280049e-11,-4.194327913445266e-11
85.5,9.608128790972467e-08,9.61517974895794e-08,-30.000000003836263,-30.00000000382685,3.25843335652641e-10,3.275069526331365e-10,-4.172601615426039e-11,-4.1565675882271335e-11
85.75,9.61624235928404e-08,9.623334969316352e-08,-30.000000003846655,-30.00000000383719,3.232421778827302e-10,3.2491072484943513e-10,-4.1347889953419813e-11,-4.118660111351671e-11
86.0,9.62429090165051e-08,9.631425286987704e-08,-30.00000000385695,-30.000000003847433,3.206412600787841e-10,3.2231473770335745e-10,-4.0968295194286773e-11,-4.0806054963890067e-11
86.25,9.632296863847464e-08,9.639473147764401e-08,-30.00000000386716,-30.00000000385759,3.1983575675166456e-10,3.21514165707757e-10,-4.066826768284929e-11,-4.0505073237684575e-11
86.5,9.640282690903243e-08,9.64750099669165e-08,-30.000000003877297,-30.000000003867672,3.1903044879522066e-10,3.2071378975847557e-10,-4.0367787374283815e-11,-4.020363588838184e-11
86.75,9.648248387704512e-08,9.655508838673029e-08,-30.000000003887358,-30.000000003877677,3.182253364011529e-10,3.199136100492056e-10,-4.006685437706547e-11,-3.990174302953838e-11
87.0,9.656193959142725e-08,9.66349667861696e-08,-30.000000003897345,-30.000000003887607,3.1742041976111384e-10,3.191136267735924e-10,-3.976546880813969e-11,-3.959939476962851e-11
87.25,9.664109927614056e-08,9.671455038936633e-08,-30.000000003907264,-30.000000003897473,3.158570914198941e-10,3.17555232478421e-10,-3.954451767359552e-11,-3.937747811812864e-11
87.5,9.671986814756361e-08,9.679374441286969e-08,-30.00000000391713,-30.00000000390728,3.1429391345949737e-10,3.1599698924768846e-10,-3.932268504074101e-11,-3.9154677142345997e-11
87.75,9.67982462433383e-08,9.687254901489574e-08,-30.00000000392694,-30.000000003917034,3.1273088625344123e-10,3.1443986068107906e-10,-3.909997127360195e-11,-3.893099192878349e-11
88.0,9.687623372160288e-08,9.695096435375446e-08,-30.000000003936695,-30.000000003926733,3.1116897339909533e-10,3.128828839301535e-10,-3.8876376726649205e-11,-3.870642283638384e-11
88.25,9.695384857918973e-08,9.70290083060475e-08,-30.0000000039464,-30.000000003936382,3.097499146936447e-10,3.1146876201810916e-10,-3.8717253370171254e-11,-3.854632210509591e-11
88.5,9.703110868646113e-08,9.710669874230984e-08,-30.000000003956067,-30.000000003945992,3.083309708939614e-10,3.1005475570381326e-10,-3.855733012036519e-11,-3.838541865281007e-11
88.75,9.710801401198437e-08,9.718403569148355e-08,-30.000000003965695,-30.00000000395556,3.069116607269543e-10,3.0864086532825614e-10,-3.8396607041702075e-11,-3.82237124043885e-11
89.0,9.718456452441149e-08,9.726101912239444e-08,-30.00000000397528,-30.000000003965088,3.0549246614354785e-10,3.0722660962045694e-10,-3.8235084064127113e-11,-3.8061203289470846e-11
89.25,9.726066957645368e-08,9.73375583277265e-08,-30.000000003984812,-30.000000003974563,3.033479869441072e-10,3.050870699947869e-10,-3.797419915975694e-11,-3.779932941500353e-11
89.5,9.733623853019452e-08,9.741356266973811e-08,-30.00000000399428,-30.000000003983974,3.012036797611265e-10,3.0294770308573644e-10,-3.771210401954777e-11,-3.7536242477024186e-11
89.75,9.741127142870229e-08,9.748903219167281e-08,-30.00000000400368,-30.000000003993318,2.99059545107658e-10,3.008085094083542e-10,-3.744879874359528e-11,-3.727194257054549e-11
90.0,9.748576831517346e-08,9.75639669971044e-08,-30.000000004013017,-30.000000004002594,2.969155834966803e-10,2.9866997108970187e-10,-3.718428356482696e-11,-3.7006429793968254e-11
90.25,9.755967795775412e-08,9.763831591455677e-08,-30.000000004022287,-30.000000004011802,2.9436159483557477e-10,2.9612140642734317e-10,-3.690973265762754e-11,-3.6730878180069485e-11
90.5,9.763294918574939e-08,9.771202771331043e-08,-30.000000004031488,-30.000000004020944,2.918082668473699e-10,2.93573021534412e-10,-3.663374013936872e-11,-3.6453881987522174e-11
90.75,9.770558210420241e-08,9.77851024383844e-08,-30.00000000404062,-30.000000004030014,2.892551185312853e-10,2.9102481702413535e-10,-3.635630611356209e-11,-3.617544145127957e-11
91.0,9.77775767581076e-08,9.7857540134951e-08,-30.00000000404968,-30.000000004039016,2.8670215049849266e-10,2.884767935096853e-10,-3.607743068371922e-11,-3.589555667315839e-11
91.25,9.78489702630351e-08,9.792937791875871e-08,-30.000000004058666,-30.00000000404794,2.8444593265937476e-10,2.862255209034442e-10,-3.573442748194121e-11,-3.5551541290341145e-11
91.5,9.791979974061987e-08,9.800065291162142e-08,-30.000000004067562,-30.00000000405678,2.821899317864518e-10,2.839744659799319e-10,-3.5390150853138486e-11,-3.520624964265526e-11
91.75,9.799006524517095e-08,9.807136516802752e-08,-30.000000004076373,-30.00000000406553,2.799341484195839e-10,2.817236292810091e-10,-3.504460092113123e-11,-3.4859681855614196e-11
92.0,9.805976683113233e-08,9.81415147426009e-08,-30.0000000040851,-30.000000004074195,2.776785830985784e-10,2.7947301134848347e-10,-3.4697777809739616e-11,-3.451183805303733e-11
92.25,9.812889568695203e-08,9.821109282396997e-08,-30.00000000409376,-30.000000004082796,2.753522901818334e-10,2.7715166654275325e-10,-3.453140160181764e-11,-3.434443831777787e-11
92.5,9.819744298407988e-08,9.828009058376543e-08,-30.00000000410238,-30.000000004091355,2.7302611359445956e-10,2.7483043879092997e-10,-3.4363712298961215e-11,-3.417572264973686e-11
92.75,9.82654087516678e-08,9.834850817172361e-08,-30.000000004110955,-30.00000000409987,2.7070005389308453e-10,2.725102918758158e-10,-3.41947102466132e-11,-3.4005691116834274e-11
93.0,9.833279313940986e-08,9.841634573772053e-08,-30.00000000411949,-30.000000004108344,2.683750748581964e-10,2.701902631320968e-10,-3.402439577896747e-11,-3.383434406112396e-11
93.25,9.839942842275147e-08,9.848343543698108e-08,-30.000000004127955,-30.00000000411675,2.647072369260388e-10,2.665273762220353e-10,-3.3659381165828505e-11,-3.3468294020376715e-11
93.5,9.846514677509791e-08,9.854960944309353e-08,-30.000000004136332,-30.000000004125063,2.610396269454081e-10,2.6286471799643015e-10,-3.3292294602012927e-11,-3.3100169189408374e-11
93.75,9.852994825354689e-08,9.861486781333907e-08,-30.000000004144617,-30.000000004133284,2.573722457949468e-10,2.59202289335927e-10,-3.292313621821301e-11,-3.272996969721635e-11
94.0,9.859383285521428e-08,9.867921060521906e-08,-30.00000000415281,-30.000000004141413,2.5370461274118827e-10,2.555400911211491e-10,-3.2551906145121014e-11,-3.2357695536578085e-11
94.25,9.86568908884314e-08,9.874272812724932e-08,-30.00000000416089,-30.000000004149427,2.507597141669299e-10,2.526001465129964e-10,-3.2009840102828915e-11,-3.1814582427279984e-11
94.5,9.871921273786669e-08,9.880551070408186e-08,-30.00000000416883,-30.000000004157307,2.478151425256081e-10,2.4966052957891924e-10,-3.1466111097227565e-11,-3.1269803510042695e-11
94.75,9.878079848534155e-08,9.88675584177236e-08,-30.000000004176634,-30.00000000416505,2.4487089852234433e-10,2.467212410260439e-10,-3.0920719309782134e-11,-3.072335896971873e-11
95.0,9.884164821285362e-08,9.89288713503582e-08,-30.000000004184304,-30.000000004172655,2.419269828621813e-10,2.437822815614183e-10,-3.0373664930428104e-11,-3.017524899116058e-11
95.25,9.890195800296676e-08,9.898964558473608e-08,-30.000000004191893,-30.00000000418018,2.4055135723707853e-10,2.4241161287900774e-10,-3.0272167423001935e-11,-3.007269304159203e-11
95.5,9.896192389626742e-08,9.905007716163073e-08,-30.000000004199457,-30.00000000418768,2.3917580838043976e-10,2.410410217142208e-10,-3.016989459237656e-11,-2.996935892588523e-11
95.75,9.90215459119888e-08,9.911016616066439e-08,-30.000000004206992,-30.00000000419515,2.3780033662076936e-10,2.3967099000965514e-10,-3.006684662399346e-11,-2.9865246684790574e-11
96.0,9.908082412964768e-08,9.916991266154192e-08,-30.000000004214503,-30.000000004202597,2.3642542389849757e-10,2.383010364838463e-10,-2.9963023693434425e-11,-2.976035650205462e-11
96.25,9.913959018888959e-08,9.922914824389594e-08,-30.000000004221956,-30.000000004209987,2.3370309178060656e-10,2.3558366431779196e-10,-2.961972713514767e-11,-2.9415989843567233e-11
96.5,9.919767569173627e-08,9.92877045099373e-08,-30.000000004229324,-30.00000000421729,2.3098097277274621e-10,2.328665060191489e-10,-2.9274893484341565e-11,-2.9070083247924123e-11
96.75,9.925508069154672e-08,9.934558151321456e-08,-30.000000004236608,-30.000000004224507,2.2825906752663827e-10,2.30149562241646e-10,-2.8928522864867918e-11,-2.8722636835588185e-11
97.0,9.931180524184283e-08,9.940277930743974e-08,-30.0000000042438,-30.000000004231637,2.255373766939525e-10,2.2743283363896167e-10,-2.858061539719042e-11,-2.8373650725328234e-11
97.25,9.936809888086411e-08,9.945954743104295e-08,-30.000000004250932,-30.0000000042387,2.248117608960128e-10,2.2671218083442897e-10,-2.840626500929162e-11,-2.8198218845126024e-11
97.5,9.942421113051837e-08,9.951613540612308e-08,-30.00000000425802,-30.00000000424572,2.240862617670359e-10,2.2599164546427334e-10,-2.823150701326613e-11,-2.8022376508769435e-11
97.75,9.94801420199944e-08,9.957254326206054e-08,-30.00000000426506,-30.000000004252698,2.2336087947954908e-10,2.252712277030318e-10,-2.8056341478620127e-11,-2.7846123780681653e-11
98.0,9.953589157852414e-08,9.962877102827937e-08,-30.00000000427206,-30.00000000425963,2.2263561420605158e-10,2.2455092772521335e-10,-2.7880768468083526e-11,-2.7669460728673995e-11
98.25,9.959153535640512e-08,9.968489425526973e-08,-30.00000000427901,-30.00000000426651,2.225146394024451e-10,2.2443491898873005e-10,-2.765078429624753e-11,-2.7438383660560596e-11
98.5,9.964714890907353e-08,9.974098849866091e-08,-30.0000000042859,-30.000000004273335,2.223938125067644e-10,2.2431905893362854e-10,-2.742073456380622e-11,-2.7207238178728812e-11
98.75,9.970273227350978e-08,9.979705379562693e-08,-30.000000004292733,-30.0000000042801,2.2227313354641777e-10,2.2420334758932804e-10,-2.7190619355471324e-11,-2.697602436958364e-11
99.0,9.975828548670112e-08,9.985309030375217e-08,-30.00000000429951,-30.000000004286807,2.2215260254871279e-10,2.240887482093203e-10,-2.6960439030088534e-11,-2.6744742312753794e-11
99.25,9.981395259354302e-08,9.99092420681268e-08,-30.000000004306248,-30.000000004293476,2.2318426799330194e-10,2.2512538282746548e-10,-2.6886980147505543e-11,-2.6670178577641023e-11
99.5,9.986987762416353e-08,9.996565299867108e-08,-30.000000004312966,-30.000000004300126,2.2421599276343075e-10,2.2616207755303848e-10,-2.6814107711680542e-11,-2.659619843108763e-11
99.75,9.992606059336287e-08,1.0002232311038097e-07,-30.000000004319666,-30.00000000430676,2.2524777660988857e-10,2.271988321388423e-10,-2.674182175642504e-11,-2.6522801910292458e-11
100.0,9.998250151587898e-08,1.0007925241819061e-07,-30.00000000432635,-30.000000004313375,2.262796192834508e-10,2.2823564633766499e-10,-2.6670122313856487e-11,-2.644998904737216e-11
100.25,1.0003902688225222e-07,1.0013626741283714e-07,-30.000000004333007,-30.00000000431996,2.2592333357537113e-10,2.278843329427735e-10,-2.653377629117596e-11,-2.631252674783295e-11
100.5,1.0009546312890012e-07,1.001931945911368e-07,-30.00000000433963,-30.000000004326516,2.2556666148514133e-10,2.2753311556776024e-10,-2.6397231586849708e-11,-2.617486277053219e-11
100.75,1.0015181021943913e-07,1.002500339169038e-07,-30.00000000434622,-30.000000004333035,2.2521008470863957e-10,2.271815126866162e-10,-2.6260488117198276e-11,-2.603699703487298e-11
101.0,1.0020806817770818e-07,1.0030678535397388e-07,-30.000000004352774,-30.00000000433952,2.248536033298342e-10,2.2683000599733255e-10,-2.612354580162561e-11,-2.5898929596783132e-11
101.25,1.002640932743273e-07,1.0036330517316586e-07,-30.000000004359276,-30.00000000434595,2.2334720606571504e-10,2.25328584218915e-10,-2.5831812945536163e-11,-2.5606068754890027e-11
101.5,1.0031974179450488e-07,1.0041944965988742e-07,-30.000000004365702,-30.00000000435231,2.2184099181715807e-10,2.238273462542565e-10,-2.5539230833397758e-11,-2.5312355797048824e-11
101.75,1.0037501378403977e-07,1.0047521886013722e-07,-30.00000000437206,-30.000000004358593,2.2033496094406193e-10,2.2232629246527118e-10,-2.524579957034496e-11,-2.5017790830087353e-11
102.0,1.0042990928882085e-07,1.0053061282000444e-07,-30.00000000437834,-30.000000004364804,2.1882911380628097e-10,2.2082542321382854e-10,-2.4951519259818254e-11,-2.4722373957445306e-11
102.25,1.00484369855989e-07,1.0058557314703226e-07,-30.00000000438453,-30.00000000437092,2.1685547381646162e-10,2.1885724352667802e-10,-2.4510384686318646e-11,-2.4280099820626665e-11
102.5,1.005383370465374e-07,1.0064004146261674e-07,-30.000000004390607,-30.00000000437693,2.1488210087421023e-10,2.1688933169362845e-10,-2.406813684512239e-11,-2.3836709280076216e-11
102.75,1.0059181098748842e-07,1.0069401783378065e-07,-30.000000004396576,-30.000000004382827,2.1290947706344705e-10,2.1492168818872478e-10,-2.3624775888829623e-11,-2.339220262630725e-11
103.0,1.0064479180598242e-07,1.0074750232766526e-07,-30.000000004402434,-30.00000000438861,2.1093712124401674e-10,2.129543134858379e-10,-2.3180301968346364e-11,-2.2946580146749636e-11
103.25,1.0069700180327755e-07,1.0080021724573165e-07,-30.000000004408168,-30.00000000439427,2.0674291728003191e-10,2.0876509145109823e-10,-2.2630494105739187e-11,-2.2395620861775083e-11
103.5,1.007481632905611e-07,1.0085188489937054e-07,-30.000000004413764,-30.00000000439979,2.0254904120702216e-10,2.045761981220547e-10,-2.207831658697292e-11,-2.1842289053959488e-11
103.75,1.0079827634993145e-07,1.0090250537088423e-07,-30.00000000441922,-30.000000004405173,1.9835549402992832e-10,2.0038763450566862e-10,-2.152376959867974e-11,-2.1286584909934227e-11
104.0,1.0084734106373817e-07,1.0095207874282675e-07,-30.00000000442454,-30.000000004410417,1.941622767536121e-10,1.9619940160882301e-10,-2.0966853327491802e-11,-2.072850861294252e-11
104.25,1.008955548417829e-07,1.0100080242520468e-07,-30.000000004429747,-30.00000000441555,1.915479862043538e-10,1.935900962598197e-10,-2.0638970998167242e-11,-2.0399463391129838e-11
104.5,1.0094311507231218e-07,1.0104887380646999e-07,-30.000000004434874,-30.000000004420603,1.8893389666452176e-10,1.909809927430476e-10,-2.0309612706679385e-11,-2.00689393404687e-11
104.75,1.009900218056566e-07,1.0109629293715922e-07,-30.00000000443992,-30.000000004425573,1.8632000875990008e-10,1.8837209168631193e-10,-1.9978778571790528e-11,-1.9736936578026542e-11
105.0,1.0103627509230315e-07,1.0114305986796585e-07,-30.00000000444488,-30.000000004430458,1.8370632311622325e-10,1.857633937173693e-10,-1.9646468707180757e-11,-1.9403455215788577e-11
105.25,1.0108195071802214e-07,1.0118925038486713e-07,-30.000000004449777,-30.000000004435282,1.8169870430664108e-10,1.8376076341139228e-10,-1.94938371149324e-11,-1.9249649255836335e-11
105.5,1.0112712445166498e-07,1.0123494025692195e-07,-30.000000004454638,-30.000000004440068,1.796911865335957e-10,1.8175823497284573e-10,-1.934007272120071e-11,-1.909470762432427e-11
105.75,1.0117179631855086e-07,1.0128012950965747e-07,-30.00000000445946,-30.000000004444814,1.7768377027728606e-10,1.797558088839514e-10,-1.9185175582026374e-11,-1.8938630377292256e-11
106.0,1.0121596634411896e-07,1.0132481828912438e-07,-30.000000004464244,-30.00000000444952,1.7567645601782086e-10,1.7775444885101418e-10,-1.9029146034360297e-11,-1.8781417574168293e-11
106.25,1.0125965816865756e-07,1.01369030356223e-07,-30.000000004469012,-30.000000004454215,1.7385814395569517e-10,1.7594209185292174e-10,-1.9064130476514387e-11,-1.8815215343602157e-11
106.5,1.0130289553486349e-07,1.0141278933345686e-07,-30.00000000447379,-30.000000004458915,1.7204078938037571e-10,1.7412972995737777e-10,-1.909808972115957e-11,-1.8847984774091864e-11
106.75,1.0134567856175978e-07,1.0145609521965616e-07,-30.000000004478576,-30.000000004463622,1.7022342950242037e-10,1.7231736360098152e-10,-1.9131023766725396e-11,-1.8879726132033274e-11
107.0,1.0138800724807507e-07,1.0149894801376026e-07,-30.00000000448337,-30.00000000446834,1.6840606475637948e-10,1.7050499322030936e-10,-1.9162932611641396e-11,-1.8910439412466983e-11
107.25,1.0142974637760583e-07,1.0154121249977682e-07,-30.000000004488154,-30.000000004473048,1.6550698669514466e-10,1.6761091037027905e-10,-1.907219215410604e-11,-1.8818500516978787e-11
107.5,1.014707607457167e-07,1.0158275347328221e-07,-30.000000004492918,-30.000000004477734,1.6260797343565138e-10,1.6471689316985224e-10,-1.8979814605469485e-11,-1.872492165352991e-11
107.75,1.015110503686949e-07,1.0162357095077585e-07,-30.000000004497657,-30.000000004482395,1.5970902567205003e-10,1.6182294231520603e-10,-1.8885800003198208e-11,-1.862970286128009e-11
108.0,1.0155061520279966e-07,1.016636649489312e-07,-30.000000004502375,-30.000000004487035,1.5680966248642133e-10,1.5892905850253383e-10,-1.879014838475868e-11,-1.8532844039780973e-11
108.25,1.0158949482997649e-07,1.0170307511010855e-07,-30.000000004507072,-30.000000004491653,1.5422736653759725e-10,1.5635224278087837e-10,-1.873269440987837e-11,-1.8474179713928563e-11
108.5,1.016277288887924e-07,1.0174184107308876e-07,-30.000000004511755,-30.000000004496258,1.516451156331036e-10,1.537754729599862e-10,-1.867378281443003e-11,-1.841405461451253e-11
108.75,1.016653173905857e-07,1.01779962789223e-07,-30.000000004516423,-30.000000004500848,1.4906291039094343e-10,1.5119826804799572e-10,-1.8613413482698048e-11,-1.835246876542447e-11
109.0,1.0170226034684927e-07,1.0181744021001754e-07,-30.000000004521077,-30.00000000450542,1.4648075142921822e-10,1.4862111027704539e-10,-1.8551586308826458e-11,-1.8289422195638204e-11
109.25,1.0173872815467327e-07,1.0185444373277797e-07,-30.00000000452575,-30.00000000451001,1.452616976967267e-10,1.474070585979644e-10,-1.8756002989162552e-11,-1.8492616594723955e-11
109.5,1.0177489118607245e-07,1.0189114372973492e-07,-30.00000000453047,-30.00000000451465,1.4404254004649556e-10,1.4619290386581004e-10,-1.8959732894880042e-11,-1.8695121340630894e-11
109.75,1.0181074941510373e-07,1.0192754017516176e-07,-30.00000000453524,-30.000000004519343,1.428232787694968e-10,1.44978646373584e-10,-1.9162775971851804e-11,-1.8896936375842962e-11
110.0,1.0184630281589679e-07,1.0196363304340511e-07,-30.000000004540066,-30.000000004524086,1.4160391415672584e-10,1.4376428641431335e-10,-1.9365132162562595e-11,-1.9098061639455975e-11
110.25,1.0188129323988804e-07,1.0199916418611877e-07,-30.000000004544923,-30.00000000452886,1.383194782708075e-10,1.4048485605265413e-10,-1.9418931888652332e-11,-1.9150627558191245e-11
110.5,1.0191546255251408e-07,1.0203387546895731e-07,-30.00000000454979,-30.000000004533646,1.350350232785021e-10,1.3720540745739805e-10,-1.947087651598599e-11,-1.9201335492830743e-11
110.75,1.0194881074909664e-07,1.0206776694766243e-07,-30.00000000455467,-30.000000004538446,1.317505499664219e-10,1.3392642302927654e-10,-1.952096617423044e-11,-1.9250185435126514e-11
111.0,1.019813378251541e-07,1.0210083867817299e-07,-30.000000004559563,-30.000000004543256,1.2846605912107407e-10,1.306474219450136e-10,-1.9569200986581034e-11,-1.92971773751365e-11
111.25,1.0201315927106654e-07,1.0213320615108864e-07,-30.00000000456447,-30.000000004548077,1.2610550935952504e-10,1.282923628239014e-10,-1.9610369732050012e-11,-1.9337100088483938e-11
111.5,1.0204439063810966e-07,1.0216498485770369e-07,-30.000000004569383,-30.00000000455291,1.2374542819765942e-10,1.2593729157196554e-10,-1.965020628442502e-11,-1.9375687585175538e-11
111.75,1.0207503198330248e-07,1.0219617479505629e-07,-30.000000004574307,-30.00000000455775,1.2138533458827735e-10,1.235822087560482e-10,-1.968871063370211e-11,-1.9412939995119335e-11
112.0,1.0210508330360374e-07,1.0222677596032629e-07,-30.000000004579242,-30.0000000045626,1.1902522909617774e-10,1.2122711494298244e-10,-1.972588277665359e-11,-1.9448857308310568e-11
112.25,1.0213453618986563e-07,1.0225677994458756e-07,-30.00000000458417,-30.000000004567443,1.1659787494768195e-10,1.1880477336112524e-10,-1.962760704291329e-11,-1.9349323856076322e-11
112.5,1.0216338224572563e-07,1.0228617835169974e-07,-30.000000004589072,-30.00000000457226,1.1417058591306639e-10,1.1638249778278874e-10,-1.9527961075906328e-11,-1.9248417280146847e-11
112.75,1.0219162148753482e-07,1.0231497119823657e-07,-30.00000000459395,-30.000000004577053,1.1174336257326162e-10,1.1396028879093981e-10,-1.942694491476122e-11,-1.9146137619649853e-11
113.0,1.0221925393178953e-07,1.0234315850091753e-07,-30.0000000045988,-30.00000000458182,1.0931620550918234e-10,1.115381469685295e-10,-1.9324558595218355e-11,-1.9042484910324916e-11
113.25,1.0224621595777164e-07,1.0237067663924821e-07,-30.00000000460364,-30.000000004586575,1.0638000583560904e-10,1.0860696343237426e-10,-1.9333006976896012e-11,-1.904966401348358e-11
113.5,1.0227244393432615e-07,1.0239746198229779e-07,-30.00000000460848,-30.00000000459133,1.0344381012714784e-10,1.0567578475911624e-10,-1.933979726419383e-11,-1.9055182131830605e-11
113.75,1.022979378625322e-07,1.0242351453137012e-07,-30.000000004613323,-30.00000000459609,1.0050761908685955e-10,1.0274461165385473e-10,-1.934492946408762e-11,-1.905903926556474e-11
114.0,1.0232269774364474e-07,1.0244883428794534e-07,-30.000000004618165,-30.000000004600846,9.757143341780334e-11,9.981344482168842e-11,-1.9348403576776932e-11,-1.906123541827285e-11
114.25,1.0234676807703003e-07,1.0247346575161545e-07,-30.000000004623015,-30.00000000460561,9.499123318478735e-11,9.723826432946359e-11,-1.9394025511303767e-11,-1.9105576500690193e-11
114.5,1.0237019335810244e-07,1.0249745341802105e-07,-30.000000004627875,-30.000000004610385,9.241101494884878e-11,9.466306674025663e-11,-1.9438190732406996e-11,-1.9148457972472642e-11
114.75,1.0239297358243845e-07,1.0252079728296536e-07,-30.000000004632746,-30.00000000461517,8.983077932761206e-11,9.208785267373172e-11,-1.9480899228403543e-11,-1.9189879825324437e-11
115.0,1.0241510874576894e-07,1.0254349734240649e-07,-30.000000004637627,-30.000000004619967,8.725052693870545e-11,8.951262274955648e-11,-1.9522150992692527e-11,-1.9229842050949825e-11
115.25,1.0243654195072083e-07,1.0256549669919913e-07,-30.000000004642512,-30.000000004624763,8.42151179125201e-11,8.648223710016287e-11,-1.9502667835446834e-11,-1.9209066456132752e-11
115.5,1.0245721630566117e-07,1.0258673846193862e-07,-30.000000004647394,-30.000000004629555,8.117972688660953e-11,8.345187036514535e-11,-1.9481470471863393e-11,-1.9186573759457468e-11
115.75,1.0247713181518092e-07,1.0260722263544468e-07,-30.000000004652268,-30.00000000463434,7.814435458784023e-11,8.042152327341139e-11,-1.9458558914006942e-11,-1.9162363969599774e-11
116.0,1.0249628848405271e-07,1.0262694922471924e-07,-30.000000004657135,-30.000000004639123,7.510900174307344e-11,7.739119655386426e-11,-1.9433933173942227e-11,-1.9136437098623603e-11
116.25,1.0251459989691481e-07,1.0264583181463036e-07,-30.000000004661995,-30.000000004643894,7.138230893675485e-11,7.366953079299175e-11,-1.9382136198141675e-11,-1.9083336093000572e-11
116.5,1.025319796409827e-07,1.0266378399262386e-07,-30.00000000466684,-30.00000000464865,6.765565143878276e-11,6.994790126273528e-11,-1.932823397797412e-11,-1.9028126940710575e-11
116.75,1.0254842772519508e-07,1.0268080576786922e-07,-30.000000004671673,-30.000000004653394,6.39290301419259e-11,6.622630885790682e-11,-1.9272226532327496e-11,-1.8970809664028867e-11
117.0,1.025639441587138e-07,1.0269689714975965e-07,-30.00000000467649,-30.000000004658123,6.020244593894391e-11,6.25047544733097e-11,-1.9214113885171925e-11,-1.8911384281842565e-11
117.25,1.0257839639176751e-07,1.0271192558875564e-07,-30.000000004681272,-30.000000004662816,5.5415441563306384e-11,5.772278084445834e-11,-1.899359345168894e-11,-1.8689548211026453e-11
117.5,1.0259165188991435e-07,1.0272575855064769e-07,-30.000000004686,-30.000000004667452,5.06285667475441e-11,5.294093770592841e-11,-1.8770368001218882e-11,-1.8465004219226e-11
117.75,1.026037106856877e-07,1.0273839606820204e-07,-30.000000004690673,-30.00000000467203,4.584182263888265e-11,4.815922620699092e-11,-1.8544437606931765e-11,-1.8237752379610406e-11
118.0,1.0261457281190775e-07,1.0274983817447225e-07,-30.000000004695288,-30.000000004676554,4.1055210384515314e-11,4.337764749688607e-11,-1.831580234707979e-11,-1.8007792765348864e-11
118.25,1.0262421456800607e-07,1.027600611691238e-07,-30.00000000469985,-30.000000004681024,3.6078858187780183e-11,3.840632978099946e-11,-1.812197744666969e-11,-1.7812640604835427e-11
118.5,1.026326122501628e-07,1.0276904146897425e-07,-30.00000000470436,-30.000000004685447,3.11026189178689e-11,3.343608915474254e-11,-1.7925340693081838e-11,-1.7614673407927545e-11
118.75,1.0263976588675872e-07,1.0277677922304234e-07,-30.000000004708824,-30.000000004689817,2.612649376716735e-11,2.846596358891709e-11,-1.7725892418995945e-11,-1.7413891239336854e-11
119.0,1.0264567550647266e-07,1.0278327446024255e-07,-30.000000004713236,-30.000000004694137,2.1150483928009593e-11,2.3495954278290083e-11,-1.7523632689124586e-11,-1.7210294162080897e-11
119.25,1.0265040031437231e-07,1.0278858638587878e-07,-30.000000004717585,-30.000000004698393,1.664800887233785e-11,1.899948069723763e-11,-1.721733125009203e-11,-1.6902651921088915e-11
119.5,1.0265399952537065e-07,1.0279277421510081e-07,-30.00000000472186,-30.000000004702574,1.2145708777097263e-11,1.450318302513935e-11,-1.6908486308998896e-11,-1.6592462723460562e-11
119.75,1.026564731833426e-07,1.0279583799202104e-07,-30.000000004726054,-30.000000004706678,7.643584720908889e-12,1.0007062343050327e-11,-1.659709796610098e-11,-1.627972667114473e-11
120.0,1.0265782133243275e-07,1.0279777776102208e-07,-30.000000004730172,-30.000000004710703,3.1416377823507303e-12,5.511119731983214e-12,-1.6283166323348126e-11,-1.5964443862702173e-11
120.25,1.0265815750884674e-07,1.027987070585482e-07,-30.000000004734215,-30.00000000471465,-4.5219880234472205e-13,1.9232884306066074e-12,-1.5989938247669715e-11,-1.5669861163367237e-11
120.5,1.0265759524687416e-07,1.0279873941912829e-07,-30.000000004738183,-30.000000004718522,-4.045869262690125e-12,-1.6643757881564092e-12,-1.569468067074805e-11,-1.537324550820939e-11
120.75,1.0265613458815367e-07,1.0279787488464085e-07,-30.000000004742077,-30.00000000472232,-7.63937273813698e-12,-5.251872061320097e-12,-1.5397393692777244e-11,-1.5074596988951452e-11
121.0,1.0265377557453905e-07,1.0279611349718017e-07,-30.000000004745896,-30.000000004726044,-1.1232708368177676e-11,-8.839199525938089e-12,-1.509807740548107e-11,-1.4773915700704363e-11
121.25,1.0265048302607325e-07,1.0279342007703025e-07,-30.00000000474964,-30.000000004729692,-1.5107652037354677e-11,-1.2708134064114938e-11,-1.4802370325984006e-11,-1.4476840160591637e-11
121.5,1.0264622176248083e-07,1.0278975944415739e-07,-30.00000000475331,-30.000000004733266,-1.8982429329791442e-11,-1.6576901257535705e-11,-1.450447473351605e-11,-1.4177572646148238e-11
121.75,1.02640991825472e-07,1.0278513164051407e-07,-30.000000004756906,-30.000000004736766,-2.2857039317475647e-11,-2.044550017574905e-11,-1.4204390721514137e-11,-1.3876113250810132e-11
122.0,1.0263479325698892e-07,1.0277953670828541e-07,-30.000000004760427,-30.00000000474019,-2.673148107243534e-11,-2.4313929888343482e-11,-1.3902118386803322e-11,-1.3572462069707341e-11
122.25,1.0262744265648427e-07,1.0277279124716759e-07,-30.000000004763816,-30.000000004743484,-3.207325473992297e-11,-2.9649690538131826e-11,-1.3165667900297591e-11,-1.2834629275446949e-11
122.5,1.0261875666436115e-07,1.0276471189780785e-07,-30.00000000476702,-30.000000004746592,-3.741461394937234e-11,-3.498503575210768e-11,-1.2426199212428372e-11,-1.2093774815071286e-11
122.75,1.0260873538439408e-07,1.0275529876422546e-07,-30.00000000477004,-30.000000004749516,-4.2755557420775375e-11,-4.031996424782223e-11,-1.1683712555645564e-11,-1.1349898922723349e-11
123.0,1.0259737892067755e-07,1.0274455195076028e-07,-30.000000004772875,-30.000000004752252,-4.8096083874223564e-11,-4.565447474292616e-11,-1.0938208167481234e-11,-1.0603001834240172e-11
123.25,1.025845142890651e-07,1.0273229835310881e-07,-30.000000004775536,-30.000000004754813,-5.4820909010425616e-11,-5.237424615985951e-11,-1.027947647310343e-11,-9.942874250616881e-12
123.5,1.0256996849725555e-07,1.0271836485881334e-07,-30.00000000477803,-30.000000004757208,-6.154536536177729e-11,-5.909364780494384e-11,-9.616943653581986e-12,-9.278942617501476e-12
123.75,1.0255374163764663e-07,1.0270275156051863e-07,-30.000000004780357,-30.000000004759436,-6.826945131602746e-11,-6.581267806386933e-11,-8.950609917743719e-12,-8.611207143719955e-12
124.0,1.0253583380303914e-07,1.0268545855127299e-07,-30.000000004782517,-30.000000004761496,-7.499316526101341e-11,-7.253133532241482e-11,-8.280475474415423e-12,-7.939668039792361e-12
124.25,1.0251633982791731e-07,1.0266658066580869e-07,-30.00000000478451,-30.00000000476339,-8.095857580898722e-11,-7.849168819077395e-11,-7.611659432941772e-12,-7.269444413368491e-12
124.5,1.0249535454669078e-07,1.0264621273878393e-07,-30.000000004786337,-30.000000004765116,-8.692361401931482e-11,-8.445166772625361e-11,-6.9394718570352805e-12,-6.5958463281600415e-12
124.75,1.0247287805262273e-07,1.0262435486371094e-07,-30.000000004787996,-30.000000004766672,-9.288827846200506e-11,-9.041127249680308e-11,-6.2639129588593505e-12,-5.9188739946355294e-12
125.0,1.024489104393338e-07,1.0260100713445995e-07,-30.000000004789484,-30.00000000476806,-9.885256770715684e-11,-9.637050107046063e-11,-5.584982950577355e-12,-5.238527623263447e-12
125.25,1.0242341538462871e-07,1.0257613322908576e-07,-30.0000000047908,-30.000000004769277,-1.0510780793957673e-10,-1.0262067962997115e-10,-4.883819596530579e-12,-4.535944976690194e-12
125.5,1.0239635656844604e-07,1.0254969682777758e-07,-30.00000000479194,-30.000000004770314,-1.1136265944475452e-10,-1.088704684587627e-10,-4.179120764379039e-12,-3.829823924269038e-12
125.75,1.0236773408815504e-07,1.0252169802815578e-07,-30.000000004792902,-30.000000004771177,-1.1761712072314442e-10,-1.1511986605522808e-10,-3.4708866730820716e-12,-3.120164684958497e-12
126.0,1.0233754804149985e-07,1.0249213692821615e-07,-30.000000004793687,-30.00000000477186,-1.2387119027529402e-10,-1.2136887091785305e-10,-2.7591175449871185e-12,-2.40696747941113e-12
126.25,1.0230589310345954e-07,1.0246110820318992e-07,-30.000000004794288,-30.00000000477236,-1.293682472482578e-10,-1.268608621916296e-10,-1.9965336077199234e-12,-1.6429525352518627e-12
126.5,1.0227286395385067e-07,1.0242870653314631e-07,-30.0000000047947,-30.00000000477267,-1.3486488275085643e-10,-1.323524309833144e-10,-1.2308430967479901e-12,-8.75828082865183e-13
126.75,1.0223846069820552e-07,1.023949320238708e-07,-30.00000000479492,-30.000000004772787,-1.4036109546551345e-10,-1.3784357597326693e-10,-4.620462479198466e-13,-1.0559436318099787e-13
127.0,1.0220268344238577e-07,1.0235978478147876e-07,-30.000000004794945,-30.00000000477271,-1.4585688407475336e-10,-1.4333429584194852e-10,3.0985669783381054e-13,6.677483845648801e-13
127.25,1.021653796917063e-07,1.023231123115393e-07,-30.000000004794742,-30.000000004772403,-1.525730275395763e-10,-1.5004536954829408e-10,1.3686481579417275e-12,1.7279825828842146e-12
127.5,1.0212639697855836e-07,1.0228476214669843e-07,-30.000000004794273,-30.00000000477183,-1.592885837332236e-10,-1.567558549634783e-10,2.4312357601235832e-12,2.7920158594975037e-12
127.75,1.0208573544996104e-07,1.0224473443423046e-07,-30.000000004793538,-30.000000004770992,-1.6600355104556812e-10,-1.634657504753081e-10,3.497619173580413e-12,3.85984788021847e-12
128.0,1.0204339525333588e-07,1.0220302932181273e-07,-30.000000004792536,-30.000000004769888,-1.7271792786662337e-10,-1.701750544717321e-10,4.56779806412516e-12,4.9314783108608755e-12
128.25,1.0199933554187184e-07,1.0215960596289046e-07,-30.00000000479123,-30.000000004768474,-1.7975964010754887e-10,-1.7721169286184333e-10,5.955373839287331e-12,6.320508564037242e-12
128.5,1.0195351543852313e-07,1.021144235408762e-07,-30.000000004789573,-30.00000000476671,-1.8680106285041945e-10,-1.842475591135618e-10,7.346929871510306e-12,7.713522151799863e-12
128.75,1.019059350760768e-07,1.0206748224901583e-07,-30.00000000478757,-30.0000000047646,-1.9384171279504576e-10,-1.912826515364447e-10,8.742465723246834e-12,9.11051877143297e-12
129.0,1.0185659464794339e-07,1.0201878228097786e-07,-30.000000004785218,-30.000000004762143,-2.008815882534204e-10,-1.9831696844022317e-10,1.0141980955255639e-11,1.0511497982002117e-11
129.25,1.0180544731217697e-07,1.0196827679507482e-07,-30.000000004782496,-30.000000004759315,-2.0829695973772121e-10,-2.0572678033481304e-10,1.1694345695100687e-11,1.2065329914460297e-11
129.5,1.0175244624128657e-07,1.0191591890387331e-07,-30.000000004779384,-30.000000004756096,-2.1571146914668628e-10,-2.1313621072877618e-10,1.3250901901741454e-11,1.3623356388159796e-11
129.75,1.0169759165101327e-07,1.0186170876317249e-07,-30.000000004775885,-30.000000004752486,-2.2312511470243438e-10,-2.2054477623015304e-10,1.4811649221613988e-11,1.5185576916400966e-11
130.0,1.0164088375754258e-07,1.0180564658941798e-07,-30.000000004771994,-30.000000004748486,-2.3053789462727978e-10,-2.2795247505918654e-10,1.6376587162935672e-11,1.6751991010790137e-11
130.25,1.0158225675402005e-07,1.0174766657601595e-07,-30.00000000476772,-30.000000004744102,-2.3847800118314044e-10,-2.358874994757217e-10,1.7880442678963315e-11,1.8257325626279002e-11
130.5,1.0152164482787812e-07,1.0168770297086148e-07,-30.00000000476307,-30.00000000473934,-2.464172754769801e-10,-2.438212089725633e-10,1.9388786499667103e-11,1.9767151627364466e-11
130.75,1.0145904818742026e-07,1.0162575604272123e-07,-30.00000000475804,-30.000000004734204,-2.5435571560510824e-10,-2.517540832557641e-10,2.090161801533878e-11,2.1281468542557884e-11
131.0,1.0139446704142584e-07,1.0156182600063685e-07,-30.000000004752632,-30.000000004728687,-2.6229331966404776e-10,-2.5968612041958084e-10,2.2418936754488864e-11,2.2800275898676617e-11
131.25,1.0132789840655356e-07,1.0149590980132834e-07,-30.00000000474684,-30.000000004722786,-2.702556233623306e-10,-2.676433377823654e-10,2.3974266166555646e-11,2.4357097010633954e-11
131.5,1.0125933930309844e-07,1.014280044051526e-07,-30.00000000474066,-30.000000004716494,-2.7821706822105237e-10,-2.7559969525113017e-10,2.5534096565026662e-11,2.5918422057087666e-11
131.75,1.01188789946009e-07,1.0135811002732202e-07,-30.000000004734087,-30.00000000470981,-2.8617765233106033e-10,-2.835551909146471e-10,2.7098427461470236e-11,2.748425055130097e-11
132.0,1.0111625043030802e-07,1.0128622688352679e-07,-30.000000004727124,-30.000000004702738,-2.9413833700751514e-10,-2.915098228618287e-10,2.866725837253694e-11,2.905458228405924e-11
132.25,1.0104167055630266e-07,1.0121230489474205e-07,-30.00000000471978,-30.00000000469528,-3.0250052709594767e-10,-2.9986595915976106e-10,3.015120213208704e-11,3.054003036227303e-11
132.5,1.0096500023675007e-07,1.0113629385358757e-07,-30.000000004712064,-30.000000004687454,-3.108619012742025e-10,-3.082222417079989e-10,3.1639872827445863e-11,3.20302085974406e-11
132.75,1.0088623967587843e-07,1.0105819384415467e-07,-30.000000004703974,-30.000000004679254,-3.192224575371738e-10,-3.16577705275342e-10,3.313327026522678e-11,3.3525116528209025e-11
133.0,1.0080538907841719e-07,1.0097800507143946e-07,-30.00000000469551,-30.000000004670678,-3.275821938799267e-10,-3.249323478547781e-10,3.463139398407607e-11,3.5024753689837285e-11
133.25,1.0072278247611059e-07,1.0089606156745335e-07,-30.000000004686736,-30.000000004661793,-3.3327054516799917e-10,-3.306156043097676e-10,3.561417383364664e-11,3.600904993706128e-11
133.5,1.0063875385218938e-07,1.0081269731569481e-07,-30.000000004677716,-30.00000000465266,-3.389583667213177e-10,-3.3629832995815864e-10,3.660016842118715e-11,3.69965638737424e-11
133.75,1.0055330333925767e-07,1.0072791244903617e-07,-30.00000000466845,-30.00000000464328,-3.4464565717642347e-10,-3.4198052343441346e-10,3.758937744646159e-11,3.798729520472763e-11
134.0,1.0046643107026045e-07,1.0064170710069115e-07,-30.000000004658936,-30.00000000463365,-3.5033241516998585e-10,-3.476621833731215e-10,3.858180060584585e-11,3.898124362469964e-11
134.25,1.0037828302520261e-07,1.0055422731113543e-07,-30.000000004649237,-30.00000000462384,-3.548519138547146e-10,-3.5217610131282524e-10,3.906521953100319e-11,3.946619090831872e-11
134.5,1.0028900513614543e-07,1.0046561907290157e-07,-30.000000004639418,-30.000000004613906,-3.5937116710493425e-10,-3.5668977273758277e-10,3.955119179770687e-11,3.9953694764495555e-11
134.75,1.0019859746458287e-07,1.0037588238755247e-07,-30.000000004629477,-30.000000004603848,-3.6389017383778676e-10,-3.61203678174348e-10,4.003971740465046e-11,4.04437550540106e-11
135.0,1.0010706007227964e-07,1.0028501725692223e-07,-30.000000004619412,-30.00000000459367,-3.6840893297036434e-10,-3.6571733492612287e-10,4.053079634575008e-11,4.093637163595021e-11
135.25,1.0001428298881425e-07,1.0019291371086079e-07,-30.00000000460919,-30.000000004583335,-3.7380767784676085e-10,-3.711109763349196e-10,4.1292204772788356e-11,4.1699320662097836e-11
135.5,9.992015626927611e-08,1.0009946186493104e-07,-30.00000000459878,-30.000000004572808,-3.7920602148067297e-10,-3.76503733800266e-10,4.20566640047999e-11,4.2465323591097e-11
135.75,9.982468001413757e-08,1.0000466188007937e-07,-30.000000004588177,-30.00000000456209,-3.8460396257827147e-10,-3.8189608763806563e-10,4.2824173679582555e-11,4.3234380195577043e-11
136.0,9.972785438439596e-08,9.990851385737466e-08,-30.00000000457738,-30.00000000455118,-3.9000101823378306e-10,-3.872880365523537e-10,4.359473356637667e-11,4.400649011364146e-11
136.25,9.962992662653542e-08,9.98112651037762e-08,-30.00000000456642,-30.0000000045401,-3.9342100950434854e-10,-3.9070195676200444e-10,4.413408630849454e-11,4.4547396124518625e-11
136.5,9.953114390508931e-08,9.971316290449458e-08,-30.000000004555325,-30.00000000452889,-3.968407268731407e-10,-3.941156019717367e-10,4.467537013336444e-11,4.50902367286871e-11
136.75,9.943150628863543e-08,9.961420720797943e-08,-30.000000004544095,-30.000000004517542,-4.0026016952131017e-10,-3.975299345844025e-10,4.5218585162421984e-11,4.5635011770061374e-11
137.0,9.933101384595631e-08,9.951439796288565e-08,-30.00000000453273,-30.000000004506056,-4.0367933662985577e-10,-4.00943990554898e-10,4.576373150585381e-11,4.61817210908618e-11
137.25,9.922988338640197e-08,9.941395197883916e-08,-30.000000004521265,-30.00000000449447,-4.053643319973677e-10,-4.0262387367972565e-10,4.6018551646784964e-11,4.643810717929644e-11
137.5,9.912833169198453e-08,9.931308603812852e-08,-30.000000004509737,-30.00000000448282,-4.0704921551251803e-10,-4.043036438454678e-10,4.627432199623498e-11,4.669544644807973e-11
137.75,9.902635879071742e-08,9.921180016904408e-08,-30.000000004498144,-30.000000004471108,-4.087339867725873e-10,-4.059833006473155e-10,4.653104249479692e-11,4.695373883441744e-11
138.0,9.892396471071475e-08,9.911009439997742e-08,-30.000000004486488,-30.00000000445933,-4.1041864537488247e-10,-4.076628436804867e-10,4.6788713076287625e-11,4.721298427382128e-11
138.25,9.882089947805884e-08,9.900771881749035e-08,-30.000000004474714,-30.000000004447436,-4.141031693670423e-10,-4.113417693784442e-10,4.7457273512885015e-11,4.788312267638404e-11
138.5,9.87169131575687e-08,9.890442354688192e-08,-30.000000004462773,-30.000000004435375,-4.177873480000961e-10,-4.150203486019425e-10,4.812791491821554e-11,4.85553452939518e-11
138.75,9.861200583569437e-08,9.880020861467983e-08,-30.000000004450666,-30.000000004423146,-4.214711803916017e-10,-4.186990620783411e-10,4.880063723512528e-11,4.9229651931457514e-11
139.0,9.850617759910658e-08,9.869507404763293e-08,-30.000000004438387,-30.000000004410747,-4.251546656590906e-10,-4.2237742731107134e-10,4.947544040168289e-11,4.990604239214007e-11
139.25,9.83993405391462e-08,9.858893199756378e-08,-30.000000004425964,-30.0000000043982,-4.2954178359457205e-10,-4.2675894247796476e-10,4.99798925217651e-11,5.041208491609698e-11
139.5,9.829140673111304e-08,9.848169460025442e-08,-30.000000004413412,-30.000000004385527,-4.3392865018315733e-10,-4.3114020517385626e-10,5.048682308197057e-11,5.092060912814656e-11
139.75,9.818237629817673e-08,9.837336191895428e-08,-30.000000004400732,-30.000000004372726,-4.3831478276174777e-10,-4.355212143454468e-10,5.099623193800566e-11,5.1431614749470165e-11
140.0,9.807224924336662e-08,9.826393401717608e-08,-30.000000004387925,-30.000000004359798,-4.427016251154244e-10,-4.399019689395423e-10,5.150811894727082e-11,5.194510177507841e-11
140.25,9.796126567090879e-08,9.815365111983134e-08,-30.00000000437504,-30.000000004346788,-4.451669598617082e-10,-4.423612147952012e-10,5.164048935071797e-11,5.2079075717279424e-11
140.5,9.784966576969316e-08,9.804275329569005e-08,-30.000000004362118,-30.000000004333746,-4.47632255145293e-10,-4.4482138327881017e-10,5.177425113454797e-11,5.221444428644702e-11
140.75,9.773744954965915e-08,9.793124043457223e-08,-30.000000004349165,-30.00000000432067,-4.500975103761967e-10,-4.4728151057427555e-10,5.190940454284344e-11,5.235120745869753e-11
141.0,9.762461702089368e-08,9.781911254684892e-08,-30.000000004336176,-30.000000004307555,-4.525627249644226e-10,-4.4974159608950426e-10,5.2045949553413936e-11,5.248936521522948e-11
141.25,9.751126136329738e-08,9.770646281270541e-08,-30.000000004323198,-30.00000000429445,-4.5428257268098e-10,-4.5145631359340923e-10,5.1847597886807025e-11,5.229262927320313e-11
141.5,9.739747572521785e-08,9.759338438077449e-08,-30.00000000431027,-30.000000004281393,-4.560025688075518e-10,-4.5317117836557526e-10,5.1650216207694757e-11,5.209686630576169e-11
141.75,9.728326000940249e-08,9.747987721429073e-08,-30.000000004297387,-30.000000004268387,-4.577231945450735e-10,-4.548861899927512e-10,5.1453804597275286e-11,5.190207653201818e-11
142.0,9.716861411870145e-08,9.736594121639058e-08,-30.000000004284555,-30.00000000425543,-4.594439678704013e-10,-4.566018296735961e-10,5.125836327974295e-11,5.1708260168002204e-11
142.25,9.705359310544103e-08,9.725163137948561e-08,-30.000000004271747,-30.000000004242494,-4.607241561320839e-10,-4.578768831425521e-10,5.1263898226059654e-11,5.171542305153998e-11
142.5,9.693825204090994e-08,9.713700283535338e-08,-30.000000004258936,-30.00000000422956,-4.6200437801905373e-10,-4.591514874743658e-10,5.127015428197822e-11,5.1723310167993256e-11
142.75,9.682259091674004e-08,9.702205563611513e-08,-30.000000004246125,-30.00000000421662,-4.632846332258698e-10,-4.6042612397331256e-10,5.127713132952154e-11,5.1731921532522344e-11
143.0,9.670660978484105e-08,9.690678977376755e-08,-30.00000000423331,-30.000000004203677,-4.645644398350425e-10,-4.617007923316964e-10,5.128482938723717e-11,5.1741257029149834e-11
143.25,9.659039542929507e-08,9.679129209288322e-08,-30.000000004220514,-30.000000004190753,-4.651504363053155e-10,-4.622806861699769e-10,5.114545489312187e-11,5.160352324364703e-11
143.5,9.64740345601296e-08,9.667564942418228e-08,-30.000000004207752,-30.000000004177863,-4.657365487835245e-10,-4.628606948565179e-10,5.1006408427995554e-11,5.146612101971974e-11
143.75,9.635752714836e-08,9.655986161856729e-08,-30.000000004195027,-30.000000004165006,-4.663227771309231e-10,-4.6344178147425896e-10,5.0867690333714747e-11,5.1329050423397443e-11
144.0,9.624087316503635e-08,9.644392852697609e-08,-30.000000004182333,-30.000000004152184,-4.669091212085201e-10,-4.6402298265808845e-10,5.072930093919292e-11,5.119231152240359e-11
144.25,9.612410380786782e-08,9.632788134740917e-08,-30.00000000416966,-30.00000000413938,-4.67245756947934e-10,-4.643544743375195e-10,5.070716498448755e-11,5.117182905340836e-11
144.5,9.60072502855295e-08,9.62117512888334e-08,-30.000000004156995,-30.000000004126584,-4.675824425627802e-10,-4.6468601472406243e-10,5.0685216520684274e-11,5.115153707088636e-11
144.75,9.589031258556241e-08,9.609553833908217e-08,-30.000000004144333,-30.00000000411379,-4.67919177973929e-10,-4.650176037364819e-10,5.066345557655912e-11,5.1131435600226315e-11
145.0,9.577329063532586e-08,9.597924248600917e-08,-30.000000004131678,-30.000000004101004,-4.682564447142922e-10,-4.6534924129349766e-10,5.064188217919402e-11,5.111152481150723e-11
145.25,9.565616101208563e-08,9.586284030717359e-08,-30.000000004119016,-30.00000000408821,-4.687805535893513e-10,-4.658682014223864e-10,5.0709736560642916e-11,5.118104493031237e-11
145.5,9.553890036174117e-08,9.574630838856735e-08,-30.000000004106337,-30.0000000040754,-4.69304661541597e-10,-4.663871594515234e-10,5.077788446714892e-11,5.125086157313731e-11
145.75,9.542150868453867e-08,9.562964679093266e-08,-30.00000000409364,-30.00000000406257,-4.698287684469483e-10,-4.669056336426331e-10,5.084632575906812e-11,5.132097473655892e-11
146.0,9.530398598075536e-08,9.551285557504333e-08,-30.000000004080928,-30.000000004049724,-4.703528741814341e-10,-4.674241054814527e-10,5.091506030153409e-11,5.139138441884821e-11
146.25,9.51861716155392e-08,9.539577404614142e-08,-30.00000000406813,-30.000000004036792,-4.721620089886276e-10,-4.692280868213393e-10,5.152439381694019e-11,5.200239621464983e-11
146.5,9.506790488459786e-08,9.527824156043231e-08,-30.00000000405518,-30.000000004023708,-4.739717999591182e-10,-4.710317599145897e-10,5.213474768432828e-11,5.2614431638921735e-11
146.75,9.494918574434756e-08,9.516025819503202e-08,-30.00000000404208,-30.00000000401047,-4.757812834365244e-10,-4.728351243263438e-10,5.274612173078051e-11,5.322749078840824e-11
147.0,9.483001427171563e-08,9.504182390676226e-08,-30.000000004028823,-30.00000000399708,-4.775904589884657e-10,-4.746391428458973e-10,5.335851605581893e-11,5.384157348849841e-11
147.25,9.471035480219664e-08,9.492290291101257e-08,-30.00000000401541,-30.00000000398353,-4.796852537499725e-10,-4.767287793821514e-10,5.4022471079559216e-11,5.450721989472977e-11
147.5,9.459017167615636e-08,9.48034595484472e-08,-30.000000004001826,-30.000000003969813,-4.817797111311969e-10,-4.788180773431446e-10,5.4687608035179335e-11,5.5174051238587065e-11
147.75,9.446946497800249e-08,9.468349390377286e-08,-30.000000003988077,-30.00000000395593,-4.838738306311213e-10,-4.80907036225747e-10,5.535392673449554e-11,5.584206732849926e-11
148.0,9.434823473206647e-08,9.456300606182202e-08,-30.00000000397416,-30.000000003941878,-4.859680933608628e-10,-4.829956555268769e-10,5.602142698424192e-11,5.651126811250342e-11
148.25,9.422656194756709e-08,9.444207709231508e-08,-30.00000000396012,-30.0000000039277,-4.874141694596295e-10,-4.84436086995444e-10,5.636806889392571e-11,5.685961383663237e-11
148.5,9.410452766369206e-08,9.432078797453894e-08,-30.000000003945992,-30.000000003913435,-4.888600883471185e-10,-4.858768416609242e-10,5.6715525679670044e-11,5.7208777580790185e-11
148.75,9.398213191978736e-08,9.419913868793931e-08,-30.000000003931778,-30.000000003899082,-4.903058496779893e-10,-4.87317437563853e-10,5.70637973881157e-11,5.7558759256787895e-11
149.0,9.385937475528532e-08,9.407712933245174e-08,-30.000000003917474,-30.00000000388464,-4.917514531069592e-10,-4.887573927447456e-10,5.741288379146477e-11,5.790955877474247e-11
149.25,9.373645682732134e-08,9.395496062571549e-08,-30.00000000390307,-30.0000000038701,-4.915919473896414e-10,-4.885922375689141e-10,5.786813860658647e-11,5.836652998974275e-11
149.5,9.361357886326215e-08,9.383283323519865e-08,-30.000000003888555,-30.000000003855444,-4.914317418711826e-10,-4.884268629912805e-10,5.832329988949715e-11,5.882341082158607e-11
149.75,9.34907408574485e-08,9.371074721574693e-08,-30.000000003873925,-30.000000003840675,-4.912722814277971e-10,-4.882612690497592e-10,5.877836751654062e-11,5.92802012876145e-11
150.0,9.336794274400961e-08,9.358870250179358e-08,-30.00000000385918,-30.00000000382579,-4.911126028756681e-10,-4.88096419006219e-10,5.923334163988864e-11,5.97369015321399e-11
150.25,9.324538844030748e-08,9.346690289060218e-08,-30.000000003844377,-30.000000003810847,-4.893218445848458e-10,-4.863004880045744e-10,5.925248793798877e-11,5.97577769656435e-11
150.5,9.31232818226237e-08,9.334555225875946e-08,-30.00000000382957,-30.000000003795897,-4.875311147530449e-10,-4.845045842404204e-10,5.927061827004737e-11,5.977763945072069e-11
150.75,9.300162288378959e-08,9.322465059940237e-08,-30.00000000381476,-30.000000003780944,-4.857404138117214e-10,-4.827087081430912e-10,5.928773265143236e-11,5.979648900443426e-11
151.0,9.28804116165286e-08,9.310419790556054e-08,-30.00000000379994,-30.000000003765987,-4.839497421923241e-10,-4.80912860141914e-10,5.930383109920571e-11,5.981432564215296e-11
151.25,9.27597873349632e-08,9.298433355186466e-08,-30.00000000378512,-30.000000003751026,-4.810445311990605e-10,-4.780019899268885e-10,5.928762325294918e-11,5.979985914137342e-11
151.5,9.263988935016533e-08,9.286519690989546e-08,-30.00000000377031,-30.000000003736073,-4.781393680911412e-10,-4.750911663669186e-10,5.926976874201729e-11,5.97837492696698e-11
151.75,9.252071765007628e-08,9.274678790770057e-08,-30.000000003755503,-30.000000003721123,-4.752342535676084e-10,-4.721808717708176e-10,5.925026773501418e-11,5.9765996054345e-11
152.0,9.240227222246259e-08,9.262910653335493e-08,-30.0000000037407,-30.000000003706177,-4.723291883274154e-10,-4.692701436113213e-10,5.922912025446438e-11,5.974659952439597e-11
152.25,9.228453531432359e-08,9.251213509436837e-08,-30.000000003725912,-30.000000003691245,-4.695661055349038e-10,-4.665013966624635e-10,5.912441234634356e-11,5.964364586062986e-11
152.5,9.216748922496154e-08,9.239585583015115e-08,-30.00000000371115,-30.00000000367634,-4.668026381490546e-10,-4.63732745492993e-10,5.90181381844211e-11,5.953912910567924e-11
152.75,9.205113386983714e-08,9.22802687166756e-08,-30.000000003696417,-30.000000003661462,-4.640402316708912e-10,-4.609641907656255e-10,5.891029782478849e-11,5.943304945324576e-11
153.0,9.193546910404335e-08,9.216537372974839e-08,-30.00000000368171,-30.000000003646612,-4.612779235413953e-10,-4.581957331428474e-10,5.88008913218431e-11,5.932540722908303e-11
153.25,9.182060938980108e-08,9.205128521149874e-08,-30.000000003667026,-30.000000003631783,-4.575998174196158e-10,-4.545124395053682e-10,5.870962707047622e-11,5.92359105505612e-11
153.5,9.170666919102922e-08,9.19381175057544e-08,-30.000000003652367,-30.00000000361698,-4.5392179982751033e-10,-4.5082923314900134e-10,5.861627921889231e-11,5.914433330130662e-11
153.75,9.159364848548478e-08,9.182587059058482e-08,-30.000000003637734,-30.000000003602196,-4.5024387164949033e-10,-4.471461149560301e-10,5.852084781816277e-11,5.905067552900338e-11
154.0,9.148154725070372e-08,9.171454444383888e-08,-30.00000000362312,-30.000000003587438,-4.465660337699465e-10,-4.434630858087156e-10,5.842333291597085e-11,5.895493728980595e-11
154.25,9.137051002574365e-08,9.160428360488765e-08,-30.000000003608537,-30.00000000357271,-4.417317956098544e-10,-4.3862365512590317e-10,5.829719702645475e-11,5.883058109107707e-11
154.5,9.126068128674532e-08,9.149523261038741e-08,-30.000000003593986,-30.00000000355801,-4.3689814614085264e-10,-4.337843302650153e-10,5.816832353426918e-11,5.870349046046852e-11
154.75,9.115206094659221e-08,9.138739143373771e-08,-30.000000003579466,-30.000000003543345,-4.320646049128637e-10,-4.2894511238565965e-10,5.803671250072836e-11,5.857366559073791e-11
155.0,9.104464897807884e-08,9.128075998784673e-08,-30.00000000356498,-30.00000000352871,-4.27231173087748e-10,-4.241064842594592e-10,5.790236412336646e-11,5.84411065465885e-11
155.25,9.093844535791258e-08,9.117533824973754e-08,-30.00000000355054,-30.00000000351412,-4.223978261880126e-10,-4.192674581826943e-10,5.768056033728527e-11,5.822109526451229e-11
155.5,9.083345005452311e-08,9.107112624835758e-08,-30.000000003536154,-30.000000003499586,-4.175646389383667e-10,-4.144285904897571e-10,5.745601919209968e-11,5.799834993234381e-11
155.75,9.072966302785265e-08,9.096812394396596e-08,-30.000000003521826,-30.00000000348511,-4.1273161250062455e-10,-4.095898823401352e-10,5.7228740776228945e-11,5.777287063850324e-11
156.0,9.062708429775454e-08,9.086633129653191e-08,-30.000000003507555,-30.00000000347069,-4.0789826642450793e-10,-4.0475133489330944e-10,5.69987251831745e-11,5.754465734196706e-11
156.25,9.052576463902281e-08,9.076579914136898e-08,-30.000000003493362,-30.000000003456343,-4.026590559178259e-10,-3.995059585187718e-10,5.661438651509586e-11,5.716212428589308e-11
156.5,9.042575475167068e-08,9.066657829921198e-08,-30.000000003479265,-30.000000003442093,-3.974200954579807e-10,-3.942608309154204e-10,5.622708064736871e-11,5.67766276136251e-11
156.75,9.032705457302902e-08,9.0568668587308e-08,-30.000000003465264,-30.00000000342794,-3.921813863042691e-10,-3.8901691656420296e-10,5.58368079967839e-11,5.638816746951506e-11
157.0,9.022966404011393e-08,9.047206982258988e-08,-30.000000003451362,-30.000000003413884,-3.8694292971571016e-10,-3.8377325349798387e-10,5.54435689722714e-11,5.5996743996220717e-11
157.25,9.013342922715645e-08,9.037662807960902e-08,-30.000000003437528,-30.000000003399897,-3.829356028635719e-10,-3.7976071888589286e-10,5.5300592233962755e-11,5.5855585850486354e-11
157.5,9.003819623193926e-08,9.02821894564689e-08,-30.00000000342373,-30.000000003385946,-3.7892838784724846e-10,-3.7574829482518585e-10,5.5155345653022854e-11,5.571216090686582e-11
157.75,8.994396502638297e-08,9.018875392541152e-08,-30.000000003409966,-30.00000000337203,-3.749212856301678e-10,-3.7173598227715164e-10,5.500782929409796e-11,5.556646923000624e-11
158.0,8.985073552196582e-08,9.009632145843854e-08,-30.000000003396238,-30.00000000335815,-3.709147787877854e-10,-3.677237822030193e-10,5.4858043218446205e-11,5.541851102077468e-11
158.25,8.975877137347531e-08,9.000515577086144e-08,-30.000000003382635,-30.00000000334439,-3.6479850190319743e-10,-3.6160181079556036e-10,5.4030615756094416e-11,5.4592914744029475e-11
158.5,8.966833623199918e-08,8.991552051409103e-08,-30.000000003369237,-30.00000000333084,-3.5868272275463305e-10,-3.5548033583066996e-10,5.319972528903092e-11,5.376385878345395e-11
158.75,8.957942997291972e-08,8.982741550363176e-08,-30.00000000335605,-30.000000003317496,-3.525674428117257e-10,-3.49359840387734e-10,5.23653722351055e-11,5.293134341729073e-11
159.0,8.949205247125184e-08,8.974084055462122e-08,-30.00000000334307,-30.00000000330436,-3.464526635438809e-10,-3.4323984432200744e-10,5.152755701077858e-11,5.209536893225268e-11
159.25,8.940634718185696e-08,8.965593918244707e-08,-30.000000003330342,-30.000000003291476,-3.3918977637962464e-10,-3.3597125744778655e-10,5.0350125008231733e-11,5.0919780856742205e-11
159.5,8.932245752754393e-08,8.957285487044498e-08,-30.000000003317908,-30.000000003278885,-3.3192758298616713e-10,-3.287033630419538e-10,4.9168581434156386e-11,4.9740084533976296e-11
159.75,8.924038333465197e-08,8.949158744528006e-08,-30.00000000330577,-30.00000000326659,-3.2466608510833e-10,-3.2143616284699363e-10,4.798292667868041e-11,4.855628035577782e-11
160.0,8.916012448928559e-08,8.941213673318179e-08,-30.00000000329393,-30.00000000325459,-3.1740480287871523e-10,-3.1416965860525504e-10,4.679316113531977e-11,4.736836858283185e-11
160.25,8.908170866851045e-08,8.933453047174437e-08,-30.000000003282473,-30.000000003242974,-3.09921951554314e-10,-3.066806207354015e-10,4.49301841357532e-11,4.550724868273322e-11
160.5,8.900516342567288e-08,8.925879633504478e-08,-30.00000000327148,-30.000000003231822,-3.024401794783647e-10,-2.9919266080215647e-10,4.306297096502231e-11,4.3641896213573866e-11
160.75,8.893048849073604e-08,8.918493405337444e-08,-30.000000003260958,-30.00000000322114,-2.949594884485754e-10,-2.9170578060069457e-10,4.119152223349843e-11,4.177231178742018e-11
161.0,8.885768359321373e-08,8.911294323617305e-08,-30.0000000032509,-30.00000000321092,-2.874798802623296e-10,-2.842209451500377e-10,3.931583882907492e-11,3.989849601803254e-11
161.25,8.878662331021049e-08,8.904269834047162e-08,-30.000000003241254,-30.000000003201116,-2.810025271987798e-10,-2.7773836350317214e-10,3.7915525453094473e-11,3.850005333709333e-11
161.5,8.871718226359232e-08,8.897407398846615e-08,-30.000000003231957,-30.00000000319166,-2.745259892684219e-10,-2.712565956684441e-10,3.65115451678317e-11,3.7097946806878004e-11
161.75,8.864936024938143e-08,8.890706997650936e-08,-30.00000000322301,-30.000000003182553,-2.680502680273814e-10,-2.6477564319982925e-10,3.5103898432817876e-11,3.5692176888612755e-11
162.0,8.858315706321097e-08,8.884168610056549e-08,-30.000000003214417,-30.0000000031738,-2.6157536503158803e-10,-2.5829550765110705e-10,3.36925857126664e-11,3.428274404521778e-11
162.25,8.851864104461114e-08,8.877799070049635e-08,-30.000000003206175,-30.000000003165393,-2.5455292542014066e-10,-2.5126783415922454e-10,3.230007115644865e-11,3.289211243254157e-11
162.5,8.845588053484478e-08,8.87160521178969e-08,-30.00000000319828,-30.000000003157336,-2.47531294457878e-10,-2.442409679868673e-10,3.090358134031745e-11,3.1497508625043724e-11
162.75,8.83948753315387e-08,8.865587015072667e-08,-30.00000000319074,-30.00000000314963,-2.4051047383174777e-10,-2.372149108188306e-10,2.950311672045292e-11,3.009893307721117e-11
163.0,8.833562517169654e-08,8.859744459652399e-08,-30.000000003183544,-30.000000003142272,-2.334909468405585e-10,-2.301896643396831e-10,2.809867775303515e-11,2.8696386388221045e-11
163.25,8.827803715178815e-08,8.854068261229404e-08,-30.000000003176716,-30.00000000313528,-2.272133639654275e-10,-2.239063606402028e-10,2.658955389453273e-11,2.718915814937348e-11
163.5,8.822201841856324e-08,8.848549134512092e-08,-30.000000003170264,-30.000000003128665,-2.2093665345677871e-10,-2.1762392796846556e-10,2.507687587115763e-11,2.5678379086881374e-11
163.75,8.816756875374166e-08,8.843187057705945e-08,-30.000000003164192,-30.000000003122427,-2.1466081682294216e-10,-2.113423678304529e-10,2.3560644172920715e-11,2.416404969245059e-11
164.0,8.811468793866617e-08,8.837982002958645e-08,-30.0000000031585,-30.00000000311657,-2.0838585557200623e-10,-2.0506216334398996e-10,2.2040859434523075e-11,2.2646170464563192e-11
164.25,8.806325579119394e-08,8.832921946069369e-08,-30.000000003153122,-30.000000003111023,-2.0307142640871096e-10,-1.9974248959965e-10,2.1044581869217305e-11,2.165180148503017e-11
164.5,8.801315217849025e-08,8.827994873788312e-08,-30.000000003147992,-30.000000003105725,-1.977575774948195e-10,-1.9442339475703773e-10,2.004529516447027e-11,2.0654426437931124e-11
164.75,8.796437695533313e-08,8.823200777647145e-08,-30.000000003143114,-30.00000000310068,-1.9244431010743368e-10,-1.8910439847901002e-10,1.904299950968315e-11,1.9654045653970236e-11
165.0,8.79169299761813e-08,8.81853964914567e-08,-30.000000003138485,-30.000000003095884,-1.8713162552362552e-10,-1.8378598365229543e-10,1.8037695099034545e-11,1.8650659460463566e-11
165.25,8.78709978707484e-08,8.814030151289081e-08,-30.00000000313418,-30.00000000309141,-1.8032537474087077e-10,-1.7697400127201665e-10,1.6452981239656012e-11,1.70678671696258e-11
165.5,8.782676721409534e-08,8.80969094161737e-08,-30.00000000313027,-30.000000003087337,-1.7352003537588474e-10,-1.7016292895253636e-10,1.4864414161130838e-11,1.54812250042649e-11
165.75,8.77842377781633e-08,8.805521997358607e-08,-30.00000000312676,-30.00000000308366,-1.6671560906387394e-10,-1.633527683267083e-10,1.3271994377222705e-11,1.389073348492173e-11
166.0,8.774340933448466e-08,8.80152329570004e-08,-30.00000000312365,-30.00000000308038,-1.5991209743982688e-10,-1.5654352102716618e-10,1.1675722403389288e-11,1.229639312705491e-11
166.25,8.770416652417531e-08,8.79768329476718e-08,-30.00000000312097,-30.00000000307753,-1.5403056666453903e-10,-1.5065673482443646e-10,9.816314049633315e-12,1.0438919604448147e-11
166.5,8.766639396349085e-08,8.793990450199564e-08,-30.000000003118757,-30.000000003075147,-1.4815010051947178e-10,-1.4477101188580844e-10,7.953575884783875e-12,8.578119352794865e-12
166.75,8.763009126569409e-08,8.790444735397953e-08,-30.00000000311701,-30.00000000307323,-1.4227166364183262e-10,-1.3888635362215124e-10,6.087508510633305e-12,6.7139932547984966e-12
167.0,8.759525804369453e-08,8.787046123727841e-08,-30.000000003115726,-30.000000003071776,-1.3639429422055103e-10,-1.3300276144385934e-10,4.2181125306678516e-12,4.846542180219353e-12
167.25,8.756170879392313e-08,8.783776064866631e-08,-30.00000000311485,-30.000000003070724,-1.3199983636040406e-10,-1.2860207945315776e-10,2.8711020697109128e-12,3.50148025726997e-12
167.5,8.752925806201239e-08,8.780616013411942e-08,-30.000000003114305,-30.00000000307001,-1.2760615139432245e-10,-1.2420216898042518e-10,1.5216023801019588e-12,2.153932734902703e-12
167.75,8.749790565460672e-08,8.777565950062649e-08,-30.0000000031141,-30.000000003069633,-1.2321324037886743e-10,-1.1980303107967105e-10,1.6961389920796639e-13,8.039000521796054e-13
168.0,8.746765137808641e-08,8.77462585549128e-08,-30.000000003114234,-30.000000003069594,-1.1882110437041476e-10,-1.1540466680471889e-10,-1.1848629356041412e-12,-5.486173535313853e-13
168.25,8.743849348823843e-08,8.771795555311095e-08,-30.000000003114735,-30.00000000306992,-1.1444216912313072e-10,-1.110195019071806e-10,-2.7758497229147508e-12,-2.137641074033379e-12
168.5,8.741043021852193e-08,8.769074872902634e-08,-30.000000003115634,-30.000000003070646,-1.1006414337740621e-10,-1.0663524512489114e-10,-4.369316924981155e-12,-3.7291415732767195e-12
168.75,8.738346134142992e-08,8.766463773509585e-08,-30.000000003116934,-30.00000000307177,-1.0568702818599205e-10,-1.02252860732219e-10,-5.965263747294239e-12,-5.323118334273393e-12
169.0,8.735758662919226e-08,8.763962222349383e-08,-30.000000003118632,-30.000000003073293,-1.0131082460120295e-10,-9.787138655529107e-11,-7.56368941167614e-12,-6.9195708417295856e-12
169.25,8.73328396899504e-08,8.761573580270967e-08,-30.000000003120704,-30.00000000307519,-9.66648251159304e-11,-9.322011508482677e-11,-8.961402203124011e-12,-8.31530738402972e-12
169.5,8.730925415074157e-08,8.759301210012917e-08,-30.000000003123127,-30.000000003077435,-9.2019624399339e-11,-8.856964098781813e-11,-1.0361745971959007e-11,-9.713671806411895e-12
169.75,8.728682981173401e-08,8.757145091626963e-08,-30.000000003125898,-30.000000003080032,-8.737522356805199e-11,-8.391996537871511e-11,-1.1764720267244507e-11,-1.1114663661326759e-11
170.0,8.726556647281683e-08,8.75510520513698e-08,-30.00000000312902,-30.000000003082977,-8.273162373850065e-11,-7.927108937177614e-11,-1.3170324634655812e-11,-1.2518282492754684e-11
170.25,8.724527205641941e-08,8.753162342820921e-08,-30.00000000313245,-30.000000003086228,-7.96238081672855e-11,-7.615799622142683e-11,-1.420376524888248e-11,-1.3549734470302167e-11
170.5,8.722575452001756e-08,8.751297300461438e-08,-30.000000003136137,-30.00000000308974,-7.65165838157355e-11,-7.304549288681972e-11,-1.5238966779518858e-11,-1.4582944263562687e-11
170.75,8.720701371571292e-08,8.749510063303821e-08,-30.000000003140084,-30.000000003093508,-7.340995143134806e-11,-6.993358011327567e-11,-1.6275928890929208e-11,-1.5617911536899648e-11
171.0,8.718904949542029e-08,8.747800616574728e-08,-30.00000000314429,-30.000000003097533,-7.030391176147863e-11,-6.682225864597347e-11,-1.7314651249171906e-11,-1.6654635956370562e-11
171.25,8.71717413062115e-08,8.746156905016578e-08,-30.000000003148738,-30.000000003101803,-6.816169020211157e-11,-6.467475387872021e-11,-1.822128261895581e-11,-1.7559266284989355e-11
171.5,8.715496860758472e-08,8.744566874614476e-08,-30.000000003153414,-30.000000003106297,-6.601998713432689e-11,-6.252776619041756e-11,-1.9129128706358325e-11,-1.8465108227138505e-11
171.75,8.713873126985257e-08,8.743030512435028e-08,-30.000000003158316,-30.00000000311102,-6.387880307389468e-11,-6.038129609465624e-11,-2.003818922154904e-11,-1.937216149129267e-11
172.0,8.712302916319878e-08,8.741547805532002e-08,-30.000000003163446,-30.000000003115968,-6.173813853646173e-11,-5.823534410490254e-11,-2.0948463871309452e-11,-2.0280425782538415e-11
172.25,8.710792592941961e-08,8.740125118120479e-08,-30.000000003168772,-30.000000003121112,-5.908779471643106e-11,-5.557971141337844e-11,-2.159076544500369e-11,-2.0920713890239003e-11
172.5,8.7093485235565e-08,8.738768816940958e-08,-30.000000003174257,-30.000000003126416,-5.643781917577263e-11,-5.292444557987271e-11,-2.223456922113268e-11,-2.1562501092894493e-11
172.75,8.707970698948536e-08,8.737478892814041e-08,-30.000000003179903,-30.00000000313188,-5.378821255223142e-11,-5.026954723994804e-11,-2.287987499114667e-11,-2.2205787178566142e-11
173.0,8.706659109887173e-08,8.736255336544448e-08,-30.00000000318571,-30.000000003137504,-5.113897548346401e-11,-4.7615017029078176e-11,-2.3526682546495948e-11,-2.285057194039743e-11
173.25,8.705411634504513e-08,8.735096026299952e-08,-30.000000003191655,-30.000000003143263,-4.865909779780574e-11,-4.5129844773415505e-11,-2.3957585389188035e-11,-2.3279448878700953e-11
173.5,8.70422615296633e-08,8.73399884228205e-08,-30.000000003197705,-30.00000000314913,-4.617946795885932e-11,-4.2644918934378195e-11,-2.4389894042149766e-11,-2.3709728513014543e-11
173.75,8.703102659068992e-08,8.732963778322892e-08,-30.000000003203866,-30.000000003155105,-4.370008656347985e-11,-4.016024010663528e-11,-2.4823608366299664e-11,-2.4141410702561788e-11
174.0,8.702041146593953e-08,8.731990828239762e-08,-30.000000003210133,-30.000000003161187,-4.122095420846366e-11,-3.767580888479646e-11,-2.5258728222556266e-11,-2.4574495308260364e-11
174.25,8.701042422879927e-08,8.731080799407269e-08,-30.000000003216506,-30.000000003167376,-3.8676984625948656e-11,-3.512653899881331e-11,-2.5683708153108243e-11,-2.499743687399213e-11
174.5,8.700107295359608e-08,8.730234499294045e-08,-30.000000003222986,-30.00000000317367,-3.6133258746218516e-11,-3.257751137678261e-11,-2.611013015489159e-11,-2.5421817393304093e-11
174.75,8.699235757932773e-08,8.729451921835868e-08,-30.000000003229573,-30.000000003180073,-3.3589777181512576e-11,-3.002872662875573e-11,-2.6537994088820484e-11,-2.584763672710955e-11
175.0,8.698427804483894e-08,8.728733060953261e-08,-30.00000000323627,-30.00000000318658,-3.104654054401205e-11,-2.748018536472535e-11,-2.6967299819197243e-11,-2.6274894738015895e-11
175.25,8.697672635260232e-08,8.728067116929594e-08,-30.00000000324302,-30.000000003193147,-2.936700050189194e-11,-2.579533925067679e-11,-2.6987423193528893e-11,-2.6292967271835212e-11
175.5,8.696959454364553e-08,8.727443293903797e-08,-30.000000003249777,-30.000000003199716,-2.7687474328011443e-11,-2.4110505557279503e-11,-2.7008499711977503e-11,-2.6311989830422775e-11
175.75,8.696288261445093e-08,8.72686159156032e-08,-30.000000003256538,-30.00000000320629,-2.6007962427186915e-11,-2.2425684687159026e-11,-2.7030529369347127e-11,-2.6331962403499565e-11
176.0,8.695659056139964e-08,8.726322009573547e-08,-30.000000003263306,-30.000000003212868,-2.4328465204231993e-11,-2.0740877042936616e-11,-2.7053512157053682e-11,-2.635288498248063e-11
176.25,8.695059580872115e-08,8.725812290402755e-08,-30.000000003270085,-30.00000000321946,-2.3629563338247035e-11,-2.0036663301519624e-11,-2.711829471224117e-11,-2.641560420281504e-11
176.5,8.694477571648465e-08,8.725320176111394e-08,-30.00000000327688,-30.000000003226063,-2.2931181678068187e-11,-1.9332486697464275e-11,-2.7183475677591632e-11,-2.6478718569269935e-11
176.75,8.693913021481898e-08,8.724845665768941e-08,-30.00000000328369,-30.000000003232685,-2.2232838781201213e-11,-1.8628347397897294e-11,-2.72490550344232e-11,-2.6542227924943783e-11
177.0,8.693365929401215e-08,8.724388758440695e-08,-30.00000000329052,-30.00000000323932,-2.1534534817139443e-11,-1.7924245569924417e-11,-2.7315032760665886e-11,-2.6606132251153782e-11
177.25,8.692835450331832e-08,8.723948609088632e-08,-30.000000003297366,-30.000000003245976,-2.0903799245355194e-11,-1.728771067062976e-11,-2.739580351366949e-11,-2.6684826200166586e-11
177.5,8.692320739059171e-08,8.723524372534796e-08,-30.000000003304233,-30.00000000325265,-2.02731110881654e-11,-1.6651221719941014e-11,-2.7476934391843042e-11,-2.676387687208434e-11
177.75,8.691821794395951e-08,8.723116047628585e-08,-30.00000000331112,-30.000000003259345,-1.9642470498828845e-11,-1.6014778868727106e-11,-2.7558425369733014e-11,-2.684328423806444e-11
178.0,8.691338615151061e-08,8.722723633215627e-08,-30.000000003318025,-30.00000000326606,-1.9011877630593746e-11,-1.537838226784483e-11,-2.7640276421885886e-11,-2.692304827095835e-11
178.25,8.690865145175533e-08,8.722341073183752e-08,-30.00000000332495,-30.00000000327279,-1.8865726390545885e-11,-1.5226425821987973e-11,-2.7695145513617662e-11,-2.6975826936081122e-11
178.5,8.690395328574027e-08,8.72196231167448e-08,-30.000000003331888,-30.00000000327953,-1.8719607711145284e-11,-1.5074500461223953e-11,-2.7750100617919476e-11,-2.702868820472888e-11
178.75,8.689929164532067e-08,8.721587347910252e-08,-30.00000000333884,-30.00000000328629,-1.857352162935583e-11,-1.492260622012391e-11,-2.780514171614696e-11,-2.7081632059950368e-11
179.0,8.689466652234247e-08,8.721216181112643e-08,-30.000000003345807,-30.00000000329306,-1.8427468182134395e-11,-1.4770743133250903e-11,-2.7860268793043878e-11,-2.7134658481406206e-11
179.25,8.689026173577202e-08,8.720867193215325e-08,-30.000000003352802,-30.00000000329986,-1.6810842209266603e-11,-1.3148306037995694e-11,-2.804137079651876e-11,-2.7313656418698038e-11
179.5,8.68862610927073e-08,8.720558764965196e-08,-30.000000003359844,-30.000000003306702,-1.5194320158147004e-11,-1.1525971379357351e-11,-2.822339061940115e-11,-2.7493568761266326e-11
179.75,8.688266456711915e-08,8.720290893796498e-08,-30.000000003366928,-30.00000000331359,-1.3577902418642485e-11,-9.903739544805711e-12,-2.8406328205677418e-11,-2.7674395451402426e-11
180.0,8.687947213288095e-08,8.720063577133785e-08,-30.00000000337406,-30.000000003320526,-1.1961589380595196e-11,-8.281610921785776e-12,-2.8590183494251745e-11,-2.7856136429703626e-11
180.25,8.687676076101285e-08,8.719884512116352e-08,-30.000000003381256,-30.000000003327525,-9.729417411698187e-12,-6.043621875593297e-12,-2.89228582003036e-11,-2.8186693409654383e-11
180.5,8.687460740849742e-08,8.719761394479792e-08,-30.000000003388536,-30.000000003334605,-7.49743458943373e-12,-3.8058204813112406e-12,-2.9256798911826144e-11,-2.8518512974164707e-11
180.75,8.687301202798078e-08,8.71969421952612e-08,-30.0000000033959,-30.00000000334177,-5.265641451387234e-12,-1.5682072741246166e-12,-2.959200552024792e-11,-2.8851595016356255e-11
181.0,8.687197457197472e-08,8.719682982543967e-08,-30.000000003403347,-30.00000000334902,-3.0340385350983714e-12,6.692172108269202e-13,-2.9928477918691565e-11,-2.9185939429350695e-11
181.25,8.687169582637909e-08,8.719747762160838e-08,-30.000000003410843,-30.000000003356313,8.040689453252661e-13,4.513147761835968e-12,-2.997865660587319e-11,-2.9233986711863214e-11
181.5,8.687237660408136e-08,8.719908639703061e-08,-30.00000000341835,-30.00000000336362,4.642147796598193e-12,8.357051188018752e-12,-3.00310097986311e-11,-2.928420507564895e-11
181.75,8.687401689780887e-08,8.720165614481005e-08,-30.00000000342587,-30.000000003370943,8.480197095685376e-12,1.2200926568743496e-11,-3.008553747976438e-11,-2.933659450350604e-11
182.0,8.68766167000582e-08,8.720518685782027e-08,-30.000000003433406,-30.000000003378275,1.2318215919559503e-11,1.604477298338534e-11,-3.0142239630378046e-11,-2.9391154979926675e-11
182.25,8.688012490403842e-08,8.720962742964794e-08,-30.000000003441016,-30.000000003385683,1.5747364903443683e-11,1.9479751069570896e-11,-3.068880594160688e-11,-2.9935576189268425e-11
182.5,8.688449035674548e-08,8.721492670766718e-08,-30.000000003448765,-30.00000000339323,1.9176205688150682e-11,2.291442247051897e-11,-3.123731534108903e-11,-3.0481937057474417e-11
182.75,8.688971298102647e-08,8.722108461510385e-08,-30.00000000345665,-30.00000000340091,2.2604737448837744e-11,2.634878636379296e-11,-3.178776765410323e-11,-3.103023741151649e-11
183.0,8.68957926995223e-08,8.722810107497827e-08,-30.00000000346467,-30.00000000340873,2.6032959360735215e-11,2.978284192702999e-11,-3.2340162709316356e-11,-3.1580477076672444e-11
183.25,8.690278285124979e-08,8.723602942668724e-08,-30.000000003472834,-30.000000003416687,2.988820193611779e-11,3.364391967491162e-11,-3.290858981759294e-11,-3.2146745367193974e-11
183.5,8.691073677369407e-08,8.724492300809645e-08,-30.00000000348114,-30.000000003424788,3.3743125043204844e-11,3.7504679478065215e-11,-3.347920104941231e-11,-3.271519434678319e-11
183.75,8.691965438687215e-08,8.725478173960418e-08,-30.00000000348959,-30.00000000343303,3.7597727754891326e-11,4.1365120411795217e-11,-3.405199622324799e-11,-3.328582383560675e-11
184.0,8.692953561056933e-08,8.726560554137746e-08,-30.00000000349818,-30.000000003441414,4.145200914414774e-11,4.522524155148273e-11,-3.462697516265576e-11,-3.385863365213725e-11
184.25,8.694036575984746e-08,8.727737972886055e-08,-30.000000003506923,-30.00000000344995,4.518912591500721e-11,4.8968199603572097e-11,-3.5272373553379194e-11,-3.450185948550545e-11
184.5,8.695213014310256e-08,8.729008961083249e-08,-30.00000000351583,-30.000000003458652,4.892588090971472e-11,5.271079741271962e-11,-3.5919889236640674e-11,-3.5147199173544646e-11
184.75,8.696482872997975e-08,8.730373509712048e-08,-30.000000003524896,-30.000000003467512,5.266275484157315e-11,5.645303408255377e-11,-3.6569522010592964e-11,-3.5794652654014736e-11
185.0,8.69784614898995e-08,8.731831609732767e-08,-30.000000003534126,-30.000000003476536,5.6399265199961196e-11,6.019490871668138e-11,-3.7221271666612557e-11,-3.644421984973379e-11
185.25,8.699281276729508e-08,8.733361695627204e-08,-30.000000003543487,-30.000000003485688,5.841091991080016e-11,6.221192924324412e-11,-3.760628893123711e-11,-3.682705148893264e-11
185.5,8.700766693171088e-08,8.734942204388326e-08,-30.000000003552945,-30.000000003494936,6.042236133461196e-11,6.422873802498573e-11,-3.799244719786762e-11,-3.7211020958235135e-11
185.75,8.70230239297646e-08,8.736573130716484e-08,-30.000000003562498,-30.00000000350428,6.24335889868818e-11,6.62453345796144e-11,-3.8379746346089114e-11,-3.759612814061357e-11
186.0,8.703888370795279e-08,8.738254469299974e-08,-30.000000003572147,-30.00000000351372,6.444460238314539e-11,6.82617184248894e-11,-3.8768186257180713e-11,-3.7982372912263965e-11
186.25,8.705524312804323e-08,8.739985906354267e-08,-30.000000003581803,-30.000000003523166,6.643079320355287e-11,7.025328124318553e-11,-3.8425630106318217e-11,-3.7637618450055317e-11
186.5,8.707209912070872e-08,8.741767134985393e-08,-30.000000003591374,-30.000000003532524,6.841718295669525e-11,7.224504454531907e-11,-3.808420067449741e-11,-3.729398753159439e-11
186.75,8.708945173562264e-08,8.743598160199494e-08,-30.00000000360086,-30.000000003541796,7.040377116410109e-11,7.42370078550444e-11,-3.7743898071698004e-11,-3.6951480268554074e-11
187.0,8.710730102233873e-08,8.745478986990808e-08,-30.00000000361026,-30.000000003550984,7.239055734725061e-11,7.622917069606922e-11,-3.740472241467595e-11,-3.661009677091318e-11
187.25,8.712539944138308e-08,8.747384861450858e-08,-30.00000000361955,-30.00000000356006,7.239684855608008e-11,7.624084012055874e-11,-3.686692632874901e-11,-3.607008966568264e-11
187.5,8.714349947198126e-08,8.749291031541174e-08,-30.000000003628706,-30.000000003569003,7.240344977728904e-11,7.625282111744115e-11,-3.632913699887951e-11,-3.553008613782392e-11
187.75,8.716160119163593e-08,8.75119750505105e-08,-30.00000000363773,-30.00000000357781,7.241036100755823e-11,7.626511368562644e-11,-3.57913546029442e-11,-3.4990086363518794e-11
188.0,8.717970467784893e-08,8.753104289769756e-08,-30.00000000364662,-30.000000003586482,7.241758224349207e-11,7.627771782395028e-11,-3.5253579320513856e-11,-3.445009051725496e-11
188.25,8.719792291857911e-08,8.755022684532314e-08,-30.00000000365535,-30.000000003594998,7.33284135666911e-11,7.719393361624558e-11,-3.454181919223105e-11,-3.3736106641368174e-11
188.5,8.721636891819454e-08,8.756963989814729e-08,-30.000000003663907,-30.000000003603336,7.423965331298582e-11,7.811055940057489e-11,-3.3830577537062566e-11,-3.302263805482434e-11
188.75,8.723504277877344e-08,8.758928215864073e-08,-30.000000003672284,-30.000000003611497,7.515130126195023e-11,7.90275949587448e-11,-3.311985458703385e-11,-3.230968498795394e-11
189.0,8.725394460233892e-08,8.760915372921964e-08,-30.000000003680483,-30.00000000361948,7.606335719305975e-11,7.994504007246443e-11,-3.240965057417032e-11,-3.1597247671087443e-11
189.25,8.727310413418193e-08,8.762928435556861e-08,-30.00000000368849,-30.000000003627267,7.721297846300752e-11,8.11000521006617e-11,-3.158341379516787e-11,-3.0768774399225795e-11
189.5,8.729255113052842e-08,8.764970379430778e-08,-30.00000000369629,-30.00000000363485,7.83630732052408e-11,8.225553917901975e-11,-3.07578305908028e-11,-2.994095151145034e-11
189.75,8.731228570971176e-08,8.767041216416524e-08,-30.00000000370388,-30.000000003642224,7.951364114201182e-11,8.34115010320273e-11,-2.993290123035378e-11,-2.911377927703885e-11
190.0,8.733230798999584e-08,8.769140958380023e-08,-30.000000003711268,-30.000000003649394,8.066468199545884e-11,8.456793738405872e-11,-2.91086259814054e-11,-2.8287257965269116e-11
190.25,8.735277494967055e-08,8.771285303189849e-08,-30.000000003718505,-30.000000003656414,8.30710330791165e-11,8.697968555088538e-11,-2.874318412995332e-11,-2.7919566858747774e-11
190.5,8.737384352376728e-08,8.773489956429084e-08,-30.000000003725653,-30.00000000366334,8.547759733909383e-11,8.939261170502734e-11,-2.837910697179927e-11,-2.7553236975753542e-11
190.75,8.739551376550766e-08,8.775754935499898e-08,-30.00000000373271,-30.000000003670177,8.788437419578612e-11,9.180575204548754e-11,-2.8016394895026005e-11,-2.718826843470696e-11
191.0,8.74177857279684e-08,8.778080245749735e-08,-30.000000003739675,-30.00000000367692,9.029136306951229e-11,9.421910599521053e-11,-2.765504802313727e-11,-2.6824661355722605e-11
191.25,8.744037077765511e-08,8.780437023868996e-08,-30.000000003746518,-30.00000000368354,9.038909732127029e-11,9.432320691782149e-11,-2.7025695531631832e-11,-2.6193044912604125e-11
191.5,8.74629803063095e-08,8.782796409071755e-08,-30.000000003753204,-30.00000000369,9.048719480919383e-11,9.442767267408238e-11,-2.6396402101982808e-11,-2.5561483785129535e-11
191.75,8.74856144047374e-08,8.785158410478565e-08,-30.00000000375973,-30.000000003696307,9.058565550769086e-11,9.453250324102956e-11,-2.5767167940859897e-11,-2.4929978181661553e-11
192.0,8.750827316373827e-08,8.787523037209407e-08,-30.0000000037661,-30.000000003702453,9.068447939108105e-11,9.463769859561168e-11,-2.5137993256626835e-11,-2.429852830717474e-11
192.25,8.753090833279952e-08,8.789885464253125e-08,-30.000000003772303,-30.000000003708433,9.039694275333753e-11,9.435653503443104e-11,-2.4437049730408602e-11,-2.359530584618117e-11
192.5,8.75534716681716e-08,8.79224086727493e-08,-30.000000003778332,-30.000000003714238,9.010980988106034e-11,9.407577684671743e-11,-2.3735947342711012e-11,-2.289192077410341e-11
192.75,8.757596327080422e-08,8.794589256410026e-08,-30.000000003784187,-30.000000003719865,8.982308084111235e-11,9.379542410196504e-11,-2.3034686320558703e-11,-2.2188373317965055e-11
193.0,8.759838324166381e-08,8.796930641795356e-08,-30.000000003789864,-30.00000000372532,8.953675570025888e-11,9.351547686957205e-11,-2.2333266896058482e-11,-2.1484663704789673e-11
193.25,8.762060259056827e-08,8.799252124453073e-08,-30.000000003795297,-30.000000003730523,8.821815948033464e-11,9.220326017400717e-11,-2.1055774457484296e-11,-2.020487732454423e-11
193.5,8.764249238164283e-08,8.80154081083613e-08,-30.00000000380041,-30.00000000373541,8.690029307815833e-11,9.08917749147232e-11,-1.9777539999704248e-11,-1.8924345170401715e-11
193.75,8.76640527973812e-08,8.803796719234397e-08,-30.0000000038052,-30.000000003739974,8.558315680799071e-11,8.958102140861562e-11,-1.84985639361602e-11,-1.7643067655802945e-11
194.0,8.768528402035565e-08,8.806019867945661e-08,-30.000000003809674,-30.000000003744216,8.42667509839171e-11,8.827099997240505e-11,-1.7218846680293963e-11,-1.6361045192494623e-11
194.25,8.770624588976688e-08,8.80821624695077e-08,-30.000000003813906,-30.00000000374822,8.342826759809672e-11,8.743938421297349e-11,-1.658253782318707e-11,-1.5722427231949144e-11
194.5,8.772699830456947e-08,8.81039184016573e-08,-30.000000003817977,-30.000000003752064,8.259111412558285e-11,8.660813677202243e-11,-1.594575871294909e-11,-1.5083335264966485e-11
194.75,8.774754147686363e-08,8.812546656801024e-08,-30.000000003821892,-30.000000003755748,8.175432754139692e-11,8.577725785103451e-11,-1.5308509556313214e-11,-1.4443769764551903e-11
195.0,8.776787549839631e-08,8.814680706072165e-08,-30.000000003825647,-30.000000003759272,8.09179080444633e-11,8.494674765138094e-11,-1.4670790565094772e-11,-1.3803730937437562e-11
195.25,8.77878708147703e-08,8.816781032580317e-08,-30.000000003829257,-30.000000003762647,7.904467647225442e-11,8.307942701298167e-11,-1.4136437840866344e-11,-1.3267054888583207e-11
195.5,8.78073978618415e-08,8.818834679952014e-08,-30.00000000383273,-30.00000000376589,7.717175364664618e-11,8.12124167601616e-11,-1.3601028969674088e-11,-1.2729319195563692e-11
195.75,8.78264567168525e-08,8.820841655952518e-08,-30.00000000383607,-30.000000003769,7.529914001522681e-11,7.934571734295913e-11,-1.3064564122746091e-11,-1.2190524034688325e-11
196.0,8.784504745715779e-08,8.822801968358346e-08,-30.000000003839276,-30.000000003771973,7.342683602551106e-11,7.74793292113383e-11,-1.2527043476392616e-11,-1.1650669580572334e-11
196.25,8.786316873589351e-08,8.824715482524241e-08,-30.000000003842356,-30.00000000377482,7.154344094929245e-11,7.560185163954206e-11,-1.2057768639072095e-11,-1.1179057443367243e-11
196.5,8.788081919977383e-08,8.826582063162806e-08,-30.00000000384532,-30.000000003777547,6.966031720691726e-11,7.372464705036821e-11,-1.1587431897937633e-11,-1.0706379901754856e-11
196.75,8.789799891668844e-08,8.828401717104263e-08,-30.000000003848164,-30.00000000378016,6.777746524841649e-11,7.184771589630128e-11,-1.1116033405583284e-11,-1.0232637110022318e-11
197.0,8.791470795463958e-08,8.830174451190144e-08,-30.000000003850893,-30.00000000378265,6.589488552375613e-11,6.997105862976046e-11,-1.0643573316297148e-11,-9.757829222456754e-12
197.25,8.793094701176125e-08,8.831900335275224e-08,-30.00000000385342,-30.00000000378494,6.401768065975126e-11,6.809977788001607e-11,-9.512204444048354e-12,-8.624109046250058e-12
197.5,8.79467168483222e-08,8.833579445427811e-08,-30.000000003855664,-30.000000003786948,6.214112106258604e-11,6.622914405570858e-11,-8.379777277081086e-12,-7.489327073033567e-12
197.75,8.796201762569519e-08,8.83521179782668e-08,-30.000000003857625,-30.00000000378867,6.026520718074404e-11,6.43591576077776e-11,-7.246292183135326e-12,-6.3534836688522295e-12
198.0,8.797684950536511e-08,8.836797408661873e-08,-30.000000003859302,-30.00000000379011,5.838993946255348e-11,6.24898189870084e-11,-6.111749526562887e-12,-5.216579196362813e-12
198.25,8.799095948226478e-08,8.838310977468293e-08,-30.000000003860652,-30.00000000379122,5.449001847397516e-11,5.8595828761819e-11,-4.62113396590869e-12,-3.7235983158033274e-12
198.5,8.800409458489665e-08,8.839727207137863e-08,-30.00000000386163,-30.000000003791957,5.0590945371700975e-11,5.47026880913596e-11,-3.128315956771215e-12,-2.2284114776890816e-12
198.75,8.801625502534903e-08,8.841046118921157e-08,-30.000000003862233,-30.00000000379232,4.6692721089626954e-11,5.081039791198707e-11,-1.6332959822242267e-12,-7.310191617047318e-13
199.0,8.802744101594368e-08,8.842267734092153e-08,-30.00000000386246,-30.00000000379231,4.2795346561444813e-11,4.691895915985509e-11,-1.3607452195330062e-13,7.685781524651243e-13
199.25,8.803765671124077e-08,8.843392468148732e-08,-30.000000003862347,-30.000000003791953,3.893033474891954e-11,4.305988479919069e-11,1.1086570443486877e-12,2.01568908512859e-12
199.5,8.804690624202162e-08,8.844420734210953e-08,-30.00000000386192,-30.000000003791286,3.5066030482665966e-11,3.920151966307043e-11,2.3555713477102007e-12,3.264986265621038e-12
199.75,8.80551897852885e-08,8.84535254400088e-08,-30.00000000386118,-30.000000003790305,3.1202434688254584e-11,3.5343383067442206e-11,3.6046681209008862e-12,4.516469297269402e-12
200.0,8.806250751827504e-08,8.846187909263773e-08,-30.00000000386013,-30.00000000378901,2.7339548291194643e-11,3.1485957552095275e-11,4.855947100383306e-12,5.7701377749302925e-12
200.25,8.806888718827915e-08,8.846929610791672e-08,-30.000000003858805,-30.00000000378744,2.3697902449671695e-11,2.7850255889573736e-11,5.8078120664235895e-12,6.724395625255094e-12
200.5,8.807435651439687e-08,8.847580426556494e-08,-30.00000000385724,-30.000000003785633,2.0056797248215042e-11,2.4215096554865518e-11,6.7617334580462395e-12,7.680713420405812e-12
200.75,8.80789156318972e-08,8.848140370127365e-08,-30.00000000385544,-30.000000003783587,1.641623355878004e-11,2.0580480422393192e-11,7.717710966683796e-12,8.639090853510032e-12
201.0,8.808256467626715e-08,8.848609455095271e-08,-30.000000003853398,-30.0000000037813,1.2776212253190904e-11,1.6946408366449255e-11,8.675744283768837e-12,9.599527617695377e-12
201.25,8.808532853343439e-08,8.848990170095327e-08,-30.0000000038511,-30.000000003778755,9.33474851873814e-12,1.3510895576793074e-11,9.768729775026384e-12,1.0694920078687846e-11
201.5,8.808723210207539e-08,8.84928500503759e-08,-30.000000003848527,-30.000000003775938,5.893904088818218e-12,1.0076003789290674e-11,1.0863658424695576e-11,1.1792259222421625e-11
201.75,8.808827553711928e-08,8.849493975457446e-08,-30.00000000384568,-30.000000003772847,2.4536797873277336e-12,6.641733830309277e-12,1.1960529880176832e-11,1.289154469799218e-11
202.0,8.808845899370114e-08,8.849617096910933e-08,-30.000000003842562,-30.00000000376948,-9.859235619855207e-13,3.208086526066924e-12,1.3059343792258745e-11,1.3992776152800955e-11
202.25,8.808808222926799e-08,8.84968434518535e-08,-30.00000000383929,-30.00000000376596,-2.028182045085488e-12,2.1717857930715158e-12,1.316513654420563e-11,1.4100989978583571e-11
202.5,8.808744490768302e-08,8.849725686709671e-08,-30.000000003835993,-30.000000003762416,-3.070380763077869e-12,1.1355465326907816e-12,1.327151541869642e-11,1.4209793454631813e-11
202.75,8.808654704391851e-08,8.849741123023847e-08,-30.000000003832668,-30.000000003758842,-4.1125194677835516e-12,9.93689955769173e-14,1.3378480380084693e-11,1.4319186546994308e-11
203.0,8.808538865300883e-08,8.84973065567409e-08,-30.000000003829317,-30.000000003755243,-5.154597911038747e-12,-9.367465676316404e-13,1.3486031392724032e-11,1.4429169223413752e-11
203.25,8.808416250637573e-08,8.84971356184542e-08,-30.000000003825985,-30.00000000375166,-4.654599036606519e-12,-4.307830982222097e-13,1.3235390413490934e-11,1.4180963440767626e-11
203.5,8.808306134168748e-08,8.84970911534757e-08,-30.000000003822713,-30.000000003748138,-4.154742359175303e-12,7.503989159411177e-14,1.298446317675563e-11,1.3932474938509341e-11
203.75,8.808208512337962e-08,8.849717312667057e-08,-30.000000003819505,-30.000000003744677,-3.655028000675914e-12,5.807222823644513e-13,1.2733249765560994e-11,1.3683703796294624e-11
204.0,8.808123381585716e-08,8.849738150287411e-08,-30.00000000381636,-30.00000000374128,-3.1554560830050243e-12,1.0862639546702118e-12,1.2481750257867692e-11,1.3434650095473256e-11
204.25,8.808047746272521e-08,8.849768632612232e-08,-30.000000003813252,-30.00000000373792,-2.8953719150699996e-12,1.3523196020831995e-12,1.245242239892253e-11,1.3407771581293025e-11
204.5,8.807978612853023e-08,8.849805766139321e-08,-30.00000000381015,-30.000000003734563,-2.6353045910672613e-12,1.61836013288728e-12,1.2422943960330627e-11,1.3380746028748169e-11
204.75,8.80791598090532e-08,8.849849550489987e-08,-30.000000003807056,-30.000000003731213,-2.3752541753714736e-12,1.8843854851896397e-12,1.2393314948885613e-11,1.3353573446327366e-11
205.0,8.8078598500059e-08,8.849899985283995e-08,-30.00000000380397,-30.00000000372787,-2.1152207323538553e-12,2.1503955971015415e-12,1.2363535374769243e-11,1.3326253844213361e-11
205.25,8.807799173998362e-08,8.849946024408285e-08,-30.000000003800878,-30.000000003724523,-2.7388538396523575e-12,1.5327408934686056e-12,1.24291355464457e-11,1.339431753425945e-11
205.5,8.807722907624773e-08,8.849976622648322e-08,-30.00000000379777,-30.00000000372116,-3.3624500084642444e-12,9.151248655782224e-13,1.2495085020086545e-11,1.3462734072638186e-11
205.75,8.807631051810443e-08,8.849991780972878e-08,-30.000000003794643,-30.000000003717776,-3.986009091084908e-12,2.975476636197983e-13,1.2561383777014433e-11,1.3531503440673207e-11
206.0,8.807523607484372e-08,8.849991500354478e-08,-30.000000003791502,-30.000000003714376,-4.6095309398187975e-12,-3.199905622251912e-13,1.2628031793469822e-11,1.3600625617994089e-11
206.25,8.80740552182863e-08,8.84998072801878e-08,-30.00000000378834,-30.000000003710955,-4.83731199386091e-12,-5.417862486642698e-13,1.2731675679411711e-11,1.3706747216254887e-11
206.5,8.807281742374751e-08,8.849964411540964e-08,-30.00000000378515,-30.00000000370751,-5.0650347882660325e-12,-7.635219282641154e-13,1.2835444932876197e-11,1.3812997733492684e-11
206.75,8.807152270579883e-08,8.849942552421891e-08,-30.000000003781935,-30.000000003704034,-5.292699270338533e-12,-9.851975458413253e-13,1.293933951996621e-11,1.3919377134117332e-11
207.0,8.807017107902492e-08,8.849915152163801e-08,-30.000000003778695,-30.000000003700535,-5.520305387398235e-12,-1.2068130462263947e-12,1.3043359403396555e-11,1.4025885387620887e-11
207.25,8.806881911815982e-08,8.849887868283934e-08,-30.00000000377549,-30.00000000369707,-5.295419521614556e-12,-9.759348090978286e-13,1.2643334391396934e-11,1.3628352300539976e-11
207.5,8.80675233504203e-08,8.849866353547864e-08,-30.000000003772385,-30.000000003693707,-5.070760386148969e-12,-7.452815451260034e-13,1.2243178755909129e-11,1.3230692146511433e-11
207.75,8.806628371911681e-08,8.849850602330594e-08,-30.000000003769383,-30.00000000369044,-4.846328036902197e-12,-5.148533077199772e-13,1.1842892625697111e-11,1.2832905054300222e-11
208.0,8.806510016754578e-08,8.849840609005794e-08,-30.00000000376648,-30.000000003687276,-4.622122529721711e-12,-2.8465015023394933e-13,1.144247612444264e-11,1.2434991152671288e-11
208.25,8.8064125499038e-08,8.849851653950625e-08,-30.000000003763677,-30.00000000368421,-3.175263725144403e-12,1.16820806929002e-12,1.1039646494386582e-11,1.2034667683866488e-11
208.5,8.80635125167032e-08,8.849899017520208e-08,-30.000000003760974,-30.000000003681244,-1.7286331655585273e-12,2.620839810959143e-12,1.0635994986144179e-11,1.1633525900196119e-11
208.75,8.80632611634365e-08,8.849982694048262e-08,-30.000000003758373,-30.00000000367838,-2.822312001396874e-13,4.0732447280943825e-12,1.0231521726868285e-11,1.1231565930508095e-11
209.0,8.806337138204568e-08,8.850102677859842e-08,-30.000000003755872,-30.000000003675616,1.163941821991105e-12,5.525422474071434e-12,9.826226847099874e-12,1.0828787903650314e-11
209.25,8.806386239184771e-08,8.850260890930976e-08,-30.000000003753424,-30.000000003672906,2.7641346133812815e-12,7.131621763935046e-12,9.804998528005141e-12,1.0810080004178093e-11
209.5,8.806475344836072e-08,8.850459258857875e-08,-30.000000003750984,-30.0000000036702,4.36431548815475e-12,8.73781091430805e-12,9.782861526583266e-12,1.0790466990785672e-11
209.75,8.806604454855732e-08,8.850697781382258e-08,-30.000000003748546,-30.000000003667495,5.9644840602994794e-12,1.0343989541678417e-11,9.759815849718845e-12,1.0769948872052705e-11
210.0,8.80677356893136e-08,8.850976458236257e-08,-30.000000003746116,-30.0000000036648,7.56463994380583e-12,1.1950157262536682e-11,9.735861502602404e-12,1.0748525651476642e-11
210.25,8.806986058190601e-08,8.851298660592103e-08,-30.00000000374366,-30.000000003662077,9.434521340274696e-12,1.3826052280984497e-11,9.95078433116731e-12,1.0965983178379977e-11
210.5,8.807245296012349e-08,8.851667761873334e-08,-30.000000003741153,-30.000000003659302,1.1304524918941459e-11,1.5702071268759603e-11,1.0164645876979519e-11,1.1182382996023726e-11
210.75,8.807551285445524e-08,8.852083765173581e-08,-30.00000000373859,-30.000000003656474,1.3174650229044928e-11,1.7578213777603802e-11,1.0377446069014908e-11,1.139772503338476e-11
211.0,8.807904029527775e-08,8.852546673575266e-08,-30.000000003735977,-30.00000000365359,1.5044896819793912e-11,1.945447935922948e-11,1.0589184837943424e-11,1.1612009222828085e-11
211.25,8.808312724037364e-08,8.853065682901483e-08,-30.000000003733355,-30.000000003650698,1.765065119738676e-11,2.2066254522340204e-11,1.0447637386635013e-11,1.1473010770612774e-11
211.5,8.808786561420973e-08,8.853649985643814e-08,-30.00000000373077,-30.00000000364784,2.0256326706301348e-11,2.467795261392108e-11,1.0304612430008774e-11,1.133253839504705e-11
211.75,8.809325539699044e-08,8.85429957986766e-08,-30.000000003728218,-30.00000000364502,2.2861922719197574e-11,2.728957300913892e-11,1.0160110017369202e-11,1.1190592140354211e-11
212.0,8.809929656876336e-08,8.855014463622802e-08,-30.000000003725702,-30.000000003642235,2.546743860875442e-11,2.99011150831793e-11,1.0014130189550462e-11,1.1047172050757545e-11
212.25,8.810595687983984e-08,8.855791411985463e-08,-30.000000003723198,-30.000000003639457,2.781505684001431e-11,3.225476130359326e-11,1.007596932803161e-11,1.1111574511125237e-11
212.5,8.811320410010528e-08,8.856627201989329e-08,-30.00000000372068,-30.000000003636664,3.016271208879217e-11,3.4608446348705967e-11,1.0136476948424961e-11,1.1174649038764665e-11
212.75,8.81210382387434e-08,8.857521834597983e-08,-30.000000003718146,-30.000000003633854,3.251040378967861e-11,3.696216965561933e-11,1.0195653030560794e-11,1.1236395615201169e-11
213.0,8.812945930479654e-08,8.858475310760933e-08,-30.0000000037156,-30.00000000363103,3.485813137725471e-11,3.9315930661427844e-11,1.0253497550881254e-11,1.1296814221960093e-11
213.25,8.813843497588952e-08,8.859484398285997e-08,-30.000000003713097,-30.000000003628255,3.6947195851365346e-11,4.141103036849087e-11,9.798557438689297e-12,1.0844451786651324e-11
213.5,8.814793288128398e-08,8.860545860144739e-08,-30.000000003710714,-30.000000003625594,3.90360057608432e-11,4.350587732815477e-11,9.342432148057822e-12,1.0390907761654692e-11
213.75,8.815795295727585e-08,8.861659690012214e-08,-30.000000003708443,-30.000000003623047,4.1124560602375474e-11,4.5600471039622026e-11,8.885121819735803e-12,9.936182294496434e-12
214.0,8.816849514003523e-08,8.862825881550957e-08,-30.000000003706287,-30.000000003620613,4.3212859872709513e-11,4.769481100215634e-11,8.426626597860327e-12,9.480275525926506e-12
214.25,8.817968828634771e-08,8.864057320485118e-08,-30.00000000370436,-30.000000003618407,4.633218191522305e-11,5.082017556165196e-11,7.04306168536047e-12,8.099302662263112e-12
214.5,8.81916611657756e-08,8.865366883816575e-08,-30.00000000370278,-30.00000000361655,4.945072475391955e-11,5.394476274463094e-11,5.657728936701505e-12,6.716565561360657e-12
214.75,8.820441358342412e-08,8.866754552101566e-08,-30.000000003701548,-30.000000003615035,5.256848763830734e-11,5.7068571803120325e-11,4.270628792551983e-12,5.332064660500561e-12
215.0,8.821794534421091e-08,8.868220305877631e-08,-30.00000000370066,-30.00000000361387,5.568546981808108e-11,6.019160198933367e-11,2.881761691886335e-12,3.945800402046387e-12
215.25,8.823237280988804e-08,8.869775781365818e-08,-30.000000003700084,-30.000000003613014,5.973415330261203e-11,6.424633531516364e-11,1.7728920134209183e-12,2.839537169797691e-12
215.5,8.824781236859117e-08,8.871432617425595e-08,-30.000000003699785,-30.000000003612435,6.378221397163657e-11,6.830044766286866e-11,6.617287266164661e-13,1.7309839298280753e-12
215.75,8.826426386449472e-08,8.87319079852037e-08,-30.000000003699768,-30.000000003612133,6.782965085159046e-11,7.235393806140668e-11,-4.5172781758087167e-13,6.201410364728243e-13
216.0,8.828172714152974e-08,8.875050309089278e-08,-30.000000003700027,-30.00000000361211,7.187646296905799e-11,7.640680553988578e-11,-1.5674772682249882e-12,-4.929911576268869e-13
216.25,8.83001505041785e-08,8.877005979626638e-08,-30.000000003700556,-30.000000003612357,7.551034243138187e-11,8.004674220817354e-11,-2.6141100406477135e-12,-1.5370030661078193e-12
216.5,8.831948226340971e-08,8.879052641275477e-08,-30.00000000370135,-30.000000003612865,7.914363557984647e-11,8.368609441007983e-11,-3.662801790056393e-12,-2.583070344176315e-12
216.75,8.833972227253566e-08,8.881190279413241e-08,-30.000000003702404,-30.000000003613636,8.277634154043059e-11,8.732486127411011e-11,-4.713552185861823e-12,-3.631192657854037e-12
217.0,8.836087038465015e-08,8.883418879395592e-08,-30.00000000370372,-30.000000003614666,8.64084594392535e-11,9.096304192891135e-11,-5.766360895780776e-12,-4.6813696748567524e-12
217.25,8.838298397121607e-08,8.885744178415165e-08,-30.00000000370527,-30.00000000361593,9.050016080970552e-11,9.506080791040269e-11,-6.569877029003624e-12,-5.482250500985701e-12
217.5,8.840612042717844e-08,8.88817191601287e-08,-30.000000003707022,-30.000000003617394,9.459141455587399e-11,9.915812812520144e-11,-7.375711165544913e-12,-6.2854457162544185e-12
217.75,8.843027964050818e-08,8.89070208103227e-08,-30.000000003708973,-30.00000000361906,9.868221969383603e-11,1.0325500159191625e-10,-8.183863054405452e-12,-7.090955064580514e-12
218.0,8.845546149893029e-08,8.893334662292398e-08,-30.000000003711126,-30.000000003620926,1.0277257523977571e-10,1.0735142732926282e-10,-8.994332441197953e-12,-7.89877829665789e-12
218.25,8.848143451557427e-08,8.896046511152806e-08,-30.00000000371342,-30.000000003622933,1.0501153096148873e-10,1.0959645510756873e-10,-9.323619924649156e-12,-8.225416006130087e-12
218.5,8.850796730909749e-08,8.898814483505738e-08,-30.0000000037158,-30.000000003625022,1.0725079024332454e-10,1.1184130670162999e-10,-9.6541774249958e-12,-8.553320252840925e-12
218.75,8.853505989512105e-08,8.901638574939876e-08,-30.000000003718263,-30.000000003627193,1.094898709340122e-10,1.1408598157452629e-10,-9.986004845524405e-12,-8.882491066436254e-12
219.0,8.856271222892976e-08,8.90451878103048e-08,-30.000000003720807,-30.00000000362945,1.1172877249431855e-10,1.1633047918936872e-10,-1.0319102084439296e-11,-9.212928346813533e-12
219.25,8.85910271704898e-08,8.907465387821005e-08,-30.00000000372342,-30.000000003631772,1.1479074380331822e-10,1.193980484275749e-10,-1.0538149575991863e-11,-9.42931253161135e-12
219.5,8.862010759051045e-08,8.910488682429275e-08,-30.00000000372609,-30.00000000363415,1.1785260013789596e-10,1.224655045683732e-10,-1.0758932401202386e-11,-9.647428696766863e-12
219.75,8.8649953460156e-08,8.913588662018673e-08,-30.000000003728815,-30.000000003636583,1.209143407613576e-10,1.255328468774151e-10,-1.0981450497182858e-11,-9.867276777697064e-12
220.0,8.86805647504066e-08,8.916765323734229e-08,-30.000000003731596,-30.00000000363907,1.2397596493703577e-10,1.2860007462037993e-10,-1.1205703799351212e-11,-1.0088856708124888e-11
220.25,8.871180242924695e-08,8.920004764421484e-08,-30.000000003734385,-30.000000003641563,1.2592548532279423e-10,1.305552004574794e-10,-1.1050840816619709e-11,-9.931316995267597e-12
220.5,8.874352750037706e-08,8.92329308449757e-08,-30.000000003737135,-30.00000000364402,1.2787510322881315e-10,1.3251042570124267e-10,-1.089708393976535e-11,-9.774880028207195e-12
220.75,8.877573998811828e-08,8.926630298482114e-08,-30.000000003739846,-30.000000003646434,1.2982481818528236e-10,1.344667131083824e-10,-1.0744433498694216e-11,-9.619545859326714e-12
221.0,8.880843991667448e-08,8.930016420883057e-08,-30.00000000374252,-30.00000000364881,1.3177462972214944e-10,1.3642309898756568e-10,-1.0592889820533718e-11,-9.465314546091305e-12
221.25,8.884160825405895e-08,8.933449548549056e-08,-30.000000003745093,-30.000000003651085,1.3357213808951947e-10,1.3822718359163507e-10,-9.919465884093173e-12,-8.789199063921064e-12
221.5,8.887522601747396e-08,8.93692778324773e-08,-30.000000003747495,-30.00000000365319,1.3537003794212329e-10,1.4003166157806093e-10,-9.24706269646489e-12,-8.114100416519081e-12
221.75,8.890929330473664e-08,8.940451134808255e-08,-30.00000000374973,-30.000000003655128,1.371683288463402e-10,1.4183653251596227e-10,-8.57568047775572e-12,-7.440018827379254e-12
222.0,8.894381021355567e-08,8.944019613049028e-08,-30.000000003751797,-30.000000003656897,1.3896701036845525e-10,1.4364179597436354e-10,-7.905319451460623e-12,-6.766954518301387e-12
222.25,8.897882730536922e-08,8.947638274161468e-08,-30.000000003753694,-30.000000003658496,1.4116979455718492e-10,1.4585116400472216e-10,-7.217195943659993e-12,-6.0761238119766576e-12
222.5,8.901439514328067e-08,8.95131217450358e-08,-30.00000000375542,-30.00000000365992,1.433729791218355e-10,1.480609343190865e-10,-6.530322448517387e-12,-5.386539202567529e-12
222.75,8.905051382731765e-08,8.955041324125861e-08,-30.000000003756973,-30.000000003661174,1.4557656353151637e-10,1.502711063893092e-10,-5.844699194582477e-12,-4.698200915234454e-12
223.0,8.908718339717352e-08,8.958825733065607e-08,-30.000000003758355,-30.000000003662254,1.4778006564318683e-10,1.5248167968717964e-10,-5.160326407016782e-12,-4.011109038917904e-12
223.25,8.912450528656538e-08,8.962675550762552e-08,-30.000000003759606,-30.000000003663203,1.5079508935173481e-10,1.5550377649851465e-10,-4.800218873690274e-12,-3.648278223267967e-12
223.5,8.916258095883043e-08,8.966600923598368e-08,-30.000000003760768,-30.000000003664063,1.5381032858798158e-10,1.5852609075707388e-10,-4.441821046513229e-12,-3.2871529201937505e-12
223.75,8.920141046775983e-08,8.970601857000199e-08,-30.00000000376184,-30.000000003664834,1.5682578262597348e-10,1.6154862173984316e-10,-4.085133052336258e-12,-2.927733253156568e-12
224.0,8.924099386696329e-08,8.974678356377111e-08,-30.000000003762825,-30.000000003665512,1.5984145073970457e-10,1.6457136872375716e-10,-3.7301550095396295e-12,-2.57001934053552e-12
224.25,8.928130082386048e-08,8.978827376478943e-08,-30.00000000376372,-30.000000003666106,1.6261424325787748e-10,1.673502788162875e-10,-3.3861404191393634e-12,-2.223264955785374e-12
224.5,8.932230100481555e-08,8.983045871950046e-08,-30.00000000376453,-30.00000000366661,1.6538724316533412e-10,1.701293982288502e-10,-3.043697967662578e-12,-1.878079055093408e-12
224.75,8.936399446159237e-08,8.98733384801511e-08,-30.000000003765255,-30.00000000366703,1.6816044979456254e-10,1.7290872629649113e-10,-2.7028277752000222e-12,-1.5344617568552905e-12
225.0,8.940638124578796e-08,8.9916913098822e-08,-30.000000003765894,-30.000000003667363,1.7093386247799988e-10,1.7568826235420733e-10,-2.3635299601483656e-12,-1.1924131743844754e-12
225.25,8.944946145614373e-08,8.996118267473884e-08,-30.000000003766473,-30.000000003667633,1.7370784149302397e-10,1.7846836668193815e-10,-2.2119043296109713e-12,-1.0380331147833092e-12
225.5,8.94932351736886e-08,9.000614734961701e-08,-30.000000003767013,-30.000000003667868,1.764819199534588e-10,1.8124905400815562e-10,-2.0618516230099047e-12,-8.852221795588167e-13
225.75,8.953770242320045e-08,9.005180720892149e-08,-30.000000003767518,-30.000000003668063,1.792560971913804e-10,1.8402984205568196e-10,-1.9133720308919557e-12,-7.339804244261056e-13
226.0,8.958286322929015e-08,9.009816227774943e-08,-30.000000003767983,-30.00000000366822,1.820303725388278e-10,1.8681073015931237e-10,-1.7664656123614407e-12,-5.843079034062004e-13
226.25,8.962865937614724e-08,9.014515428057587e-08,-30.000000003768395,-30.00000000366832,1.8433883840703505e-10,1.8912532912095243e-10,-1.4607254388759917e-12,-2.7579782586966046e-13
226.5,8.967503266291443e-08,9.019272495682966e-08,-30.00000000376873,-30.000000003668344,1.8664749178842343e-10,1.9144011754759845e-10,-1.1562947490270508e-12,3.1406439844700234e-14
226.75,8.97219831364005e-08,9.024087435380785e-08,-30.00000000376899,-30.00000000366829,1.8895633212691553e-10,1.9375509488574072e-10,-8.531736493843613e-13,3.373047854740925e-13
227.0,8.976951084327523e-08,9.028960251866912e-08,-30.00000000376917,-30.000000003668163,1.9126535886638807e-10,1.9607026058182436e-10,-5.513622482117199e-13,6.418971061438716e-13
227.25,8.981738472622431e-08,9.033867839458875e-08,-30.000000003769273,-30.000000003667953,1.9172574509479362e-10,1.9653678772637042e-10,-2.037537932414909e-13,9.92290150734562e-13
227.5,8.986537373222333e-08,9.03878709290325e-08,-30.000000003769287,-30.000000003667655,1.9218634325936039e-10,1.970035287691762e-10,1.4359059449894564e-13,1.342422803302001e-12
227.75,8.991347791424226e-08,9.043718017546123e-08,-30.000000003769216,-30.000000003667267,1.9264715324754037e-10,1.9747048360026452e-10,4.906707947618693e-13,1.69229494359949e-12
228.0,8.996169732522293e-08,9.048660618730824e-08,-30.000000003769056,-30.000000003666795,1.9310817494673353e-10,1.9793765210960715e-10,8.374866839114425e-13,2.0419064513803444e-12
228.25,9.000998752572181e-08,9.053610446542063e-08,-30.000000003768843,-30.000000003666266,1.9321344606734213e-10,1.9804859039809202e-10,9.36773895718575e-13,2.1439928191143406e-12
228.5,9.005830405295264e-08,9.058563048730334e-08,-30.000000003768605,-30.00000000366571,1.9331878880044617e-10,1.9815960227118794e-10,1.0359982282855192e-12,2.2460197168503516e-12
228.75,9.010664692481512e-08,9.063518427134945e-08,-30.000000003768342,-30.00000000366513,1.9342420311889746e-10,1.982706877041295e-10,1.1351596409615618e-12,2.3479871056326766e-12
229.0,9.015501615920222e-08,9.068476583594582e-08,-30.000000003768054,-30.00000000366452,1.9352968899553e-10,1.9838184667213523e-10,1.2342580914019278e-12,2.4498949465056197e-12
229.25,9.020353777992252e-08,9.073450120539554e-08,-30.00000000376779,-30.00000000366394,1.946432554825375e-10,1.9950108822978443e-10,9.268439165736892e-13,2.1452935764372014e-12
229.5,9.025233777246421e-08,9.078451648608496e-08,-30.000000003767607,-30.000000003663434,1.9575666355150556e-10,2.0062113657522213e-10,6.187962699095605e-13,1.8400624280772616e-12
229.75,9.030141609718914e-08,9.08348117592747e-08,-30.000000003767497,-30.000000003663004,1.9686991293304672e-10,2.0174102821781696e-10,3.1011497160909523e-13,1.5342015895935656e-12
230.0,9.035077271439176e-08,9.088538698575572e-08,-30.000000003767465,-30.000000003662652,1.9798300335778672e-10,2.0286076289096782e-10,8.001115330338618e-16,1.2277111525420214e-12
230.25,9.040050747633565e-08,9.093634201828876e-08,-30.000000003767532,-30.0000000036624,1.9989505453561532e-10,2.0477946030733822e-10,-4.823356404099553e-13,7.474037868323995e-13
230.5,9.045072021889416e-08,9.098777669324506e-08,-30.00000000376772,-30.000000003662265,2.0180684824877448e-10,2.0669790225194454e-10,-9.665567963262377e-13,2.660149820535016e-13
230.75,9.050141087764348e-08,9.103969094669941e-08,-30.00000000376803,-30.00000000366225,2.037183840362307e-10,2.0861608826652934e-10,-1.4518632154788875e-12,-2.1645511766851217e-13
231.0,9.055257938804457e-08,9.109208471461202e-08,-30.00000000376846,-30.000000003662358,2.0562966143701143e-10,2.105340178928976e-10,-1.938254750354733e-12,-7.000063631253008e-13
231.25,9.060438293153243e-08,9.114511523911935e-08,-30.000000003769017,-30.00000000366259,2.0879864594123678e-10,2.137101382360341e-10,-2.455306432373272e-12,-1.2142136478212358e-12
231.5,9.065697868664685e-08,9.11989397594634e-08,-30.000000003769703,-30.00000000366295,2.119673544067458e-10,2.168859845447416e-10,-2.9741548208967715e-12,-1.7302133928986848e-12
231.75,9.07103665842828e-08,9.125355820704056e-08,-30.00000000377052,-30.00000000366344,2.151357860706888e-10,2.2006155605914373e-10,-3.494799758162348e-12,-2.2480054405935824e-12
232.0,9.076454655514452e-08,9.130897051305729e-08,-30.000000003771465,-30.00000000366406,2.183039401702826e-10,2.232368520194308e-10,-4.017241088101202e-12,-2.767589634835949e-12
232.25,9.081944013673843e-08,9.13650980951199e-08,-30.000000003772556,-30.000000003664823,2.2084466250890242e-10,2.2578375500778035e-10,-4.640799476035654e-12,-3.388286911692773e-12
232.5,9.087496885701208e-08,9.142186236127654e-08,-30.000000003773803,-30.00000000366574,2.233850495738659e-10,2.2833032473811746e-10,-5.265798613537047e-12,-4.010421234089609e-12
232.75,9.093113263207058e-08,9.147926322813657e-08,-30.000000003775206,-30.000000003666813,2.2592510075341986e-10,2.3087656060128156e-10,-5.892238315780049e-12,-4.633992408729769e-12
233.0,9.098793137786612e-08,9.153730067235855e-08,-30.000000003776766,-30.000000003668042,2.2846481543585754e-10,2.33422943600247e-10,-6.520118530771172e-12,-5.259000247398774e-12
233.25,9.104527935265576e-08,9.159588901290664e-08,-30.000000003778396,-30.000000003669342,2.3031899600125651e-10,2.3528379450587057e-10,-6.477583156235374e-12,-5.213588511295823e-12
233.5,9.110309087788206e-08,9.165494257172963e-08,-30.000000003780016,-30.000000003670632,2.321732189038924e-10,2.371446897752158e-10,-6.436100551291819e-12,-5.169225561233039e-12
233.75,9.116136596407342e-08,9.171446129966142e-08,-30.000000003781626,-30.00000000367191,2.340274836965954e-10,2.3900514735181605e-10,-6.395670606700073e-12,-5.125911419106638e-12
234.0,9.122010462164648e-08,9.177444514742476e-08,-30.000000003783228,-30.00000000367318,2.358817899322942e-10,2.40865648403206e-10,-6.356293209526829e-12,-5.083646110201003e-12
234.25,9.127925195973143e-08,9.183483922465811e-08,-30.00000000378483,-30.00000000367445,2.372969186039822e-10,2.4228697392497665e-10,-6.415059719976541e-12,-5.139520993025488e-12
234.5,9.133875307818994e-08,9.189558863173208e-08,-30.00000000378645,-30.000000003675737,2.3871203290156853e-10,2.4370828710963656e-10,-6.474630354398857e-12,-5.196196278846512e-12
234.75,9.139860797338579e-08,9.195669336552001e-08,-30.000000003788085,-30.000000003677037,2.401271324833826e-10,2.4512958761811636e-10,-6.53500510592176e-12,-5.253671960791024e-12
235.0,9.145881664159733e-08,9.201815342281048e-08,-30.000000003789733,-30.000000003678352,2.415422170077566e-10,2.4655087511135e-10,-6.5961839676732325e-12,-5.311948030291907e-12
235.25,9.151945634986447e-08,9.208004607115427e-08,-30.00000000379143,-30.000000003679716,2.435754270983659e-10,2.485902902156152e-10,-6.93206167819049e-12,-5.644919225885344e-12
235.5,9.158060439952441e-08,9.214244855219858e-08,-30.000000003793215,-30.000000003681162,2.4560894812257414e-10,2.5062953668879224e-10,-7.269093111819326e-12,-5.979040558136051e-12
235.75,9.164226080804779e-08,9.220536082372471e-08,-30.00000000379508,-30.000000003682693,2.4764229797843685e-10,2.526686140433576e-10,-7.607278173554306e-12,-6.314312061786023e-12
236.0,9.17044255325813e-08,9.226878284339208e-08,-30.00000000379703,-30.000000003684306,2.4967547617604674e-10,2.547075217918163e-10,-7.946616765001858e-12,-6.650733643522931e-12
236.25,9.176720668130383e-08,9.233282284029591e-08,-30.000000003799116,-30.00000000368605,2.525736555027105e-10,2.576123959480615e-10,-8.668711011735803e-12,-7.369907144621256e-12
236.5,9.183071232629989e-08,9.239758900743777e-08,-30.00000000380138,-30.000000003687976,2.5547144632522614e-10,2.60516883657676e-10,-9.392448498245549e-12,-8.09071987990812e-12
236.75,9.189494237035624e-08,9.246308124811911e-08,-30.000000003803823,-30.000000003690083,2.583688479458929e-10,2.634209842257606e-10,-1.0117829004106141e-11,-8.813171630651524e-12
237.0,9.19598967160852e-08,9.252929946546772e-08,-30.000000003806452,-30.00000000369237,2.6126585966710316e-10,2.6632469695751035e-10,-1.0844852310586719e-11,-9.537262173037293e-12
237.25,9.202562534665561e-08,9.259629364316855e-08,-30.0000000038093,-30.00000000369488,2.645630967150764e-10,2.696286370819489e-10,-1.189098855214951e-11,-1.0580461641526543e-11
237.5,9.20921781549318e-08,9.266411373480427e-08,-30.000000003812413,-30.000000003697647,2.6785928126892007e-10,2.72932008393075e-10,-1.2938993726354401e-11,-1.1625525894069955e-11
237.75,9.215955493789255e-08,9.273275959807275e-08,-30.000000003815785,-30.000000003700677,2.711548941471443e-10,2.762348101003891e-10,-1.3988867511105445e-11,-1.267245447204574e-11
238.0,9.22277555525198e-08,9.280223109047421e-08,-30.00000000381942,-30.00000000370397,2.744499345563995e-10,2.79537041413541e-10,-1.504060958430675e-11,-1.372124705335681e-11
238.25,9.229677678944443e-08,9.287252488275564e-08,-30.00000000382336,-30.000000003707566,2.7771984179191387e-10,2.8281317840658625e-10,-1.641973137593288e-11,-1.509741534211052e-11
238.5,9.236661540840948e-08,9.294363761477683e-08,-30.000000003827644,-30.000000003711506,2.8098899083579547e-10,2.8608855928826644e-10,-1.780070631951821e-11,-1.6475433036419183e-11
238.75,9.243727121976872e-08,9.30155690974119e-08,-30.000000003832273,-30.00000000371579,2.842573809013376e-10,2.893631832744925e-10,-1.918353398624244e-11,-1.7855299709155533e-11
239.0,9.250874403367923e-08,9.308831920154052e-08,-30.00000000383725,-30.00000000372042,2.875250112019818e-10,2.926375311934112e-10,-2.0568214088587473e-11,-1.9237014929804208e-11
239.25,9.258099677090655e-08,9.316185090865147e-08,-30.00000000384256,-30.00000000372538,2.904967780027673e-10,2.9561601770086644e-10,-2.184213713838511e-11,-2.0507969075365304e-11
239.5,9.265399236263451e-08,9.323612709024951e-08,-30.000000003848186,-30.00000000373066,2.9346784716702516e-10,2.985933270509174e-10,-2.3117744846148597e-11,-2.1780603990876835e-11
239.75,9.272773063436458e-08,9.331114751215773e-08,-30.000000003854133,-30.000000003736254,2.964382179795759e-10,3.015699401430155e-10,-2.439503668212859e-11,-2.305491928141901e-11
240.0,9.280221141141945e-08,9.338691200022258e-08,-30.0000000038604,-30.00000000374217,2.9940788972541834e-10,3.0454585626478453e-10,-2.567401225648859e-11,-2.433091455037802e-11
240.25,9.287745624875693e-08,9.346344210992632e-08,-30.000000003866948,-30.00000000374837,3.025507275689104e-10,3.076949405832086e-10,-2.6664420534354896e-11,-2.5318338764573186e-11
240.5,9.295348672852229e-08,9.354075942393927e-08,-30.000000003873744,-30.000000003754813,3.0569302910613665e-10,3.1084349069699786e-10,-2.765661015619997e-11,-2.6307540566169996e-11
240.75,9.303030271654443e-08,9.361886380861608e-08,-30.00000000388079,-30.000000003761507,3.088347935808451e-10,3.139915058525266e-10,-2.8650580820267074e-11,-2.7298519650022533e-11
241.0,9.31079041386647e-08,9.3697755130123e-08,-30.000000003888083,-30.00000000376845,3.1197650184896473e-10,3.1713898529626573e-10,-2.964633222649357e-11,-2.829127585059301e-11
241.25,9.318611333401344e-08,9.377725566791583e-08,-30.00000000389551,-30.000000003775522,3.136970659876335e-10,3.188653227197987e-10,-2.9724799927024356e-11,-2.836674485316187e-11
241.5,9.326475266797087e-08,9.385718790830545e-08,-30.000000003902958,-30.000000003782617,3.1541761069511563e-10,3.2059260604800066e-10,-2.9804244571645726e-11,-2.8443187029992333e-11
241.75,9.33438221356273e-08,9.39375519673135e-08,-30.000000003910426,-30.00000000378973,3.1713813555628627e-10,3.22319871644553e-10,-2.988466641973802e-11,-2.852060237588464e-11
242.0,9.342332173196925e-08,9.40183478404555e-08,-30.000000003917915,-30.000000003796863,3.188586401559999e-10,3.2404711909713435e-10,-2.996606546102038e-11,-2.859899087208648e-11
242.25,9.350330115473744e-08,9.409962522600188e-08,-30.000000003925425,-30.00000000380402,3.2097674515470996e-10,3.261719690690244e-10,-3.006748990670791e-11,-2.86974007315059e-11
242.5,9.358381003957401e-08,9.418143382032674e-08,-30.00000000393296,-30.0000000038112,3.2309433667436943e-10,3.282967892970885e-10,-3.017011644988291e-11,-2.8797008509310052e-11
242.75,9.366484831824688e-08,9.426377361593066e-08,-30.000000003940524,-30.000000003818403,3.252118958163756e-10,3.3042157927373634e-10,-3.027394507515537e-11,-2.8897814048500882e-11
243.0,9.374641598259781e-08,9.434664460518734e-08,-30.000000003948113,-30.000000003825633,3.273294220701362e-10,3.325463384913991e-10,-3.0378975765441247e-11,-2.899981733029908e-11
243.25,9.382844378682449e-08,9.442997742242416e-08,-30.000000003955737,-30.0000000038329,3.288930081442156e-10,3.3411619643749105e-10,-3.055561913692711e-11,-2.9173429251800244e-11
243.5,9.391086247835492e-08,9.45137026951995e-08,-30.000000003963404,-30.000000003840206,3.304565204789584e-10,3.356859827790119e-10,-3.0733150646379063e-11,-2.934792553096029e-11
243.75,9.399367203870712e-08,9.459782046576688e-08,-30.000000003971117,-30.000000003847557,3.3201995869701376e-10,3.3725617875333684e-10,-3.091157038755959e-11,-2.952330612701476e-11
244.0,9.407687244930472e-08,9.468233077628617e-08,-30.000000003978876,-30.000000003854954,3.335833224209382e-10,3.3882630237384816e-10,-3.1090878459618114e-11,-2.9699570995811024e-11
244.25,9.416046710333781e-08,9.476723696028137e-08,-30.000000003986706,-30.00000000386242,3.351738857193571e-10,3.404231460999216e-10,-3.1487882082035894e-11,-3.009352749474325e-11
244.5,9.424445937346157e-08,9.485254233074227e-08,-30.000000003994636,-30.00000000386999,3.367642511246293e-10,3.4201979407856814e-10,-3.1885789070841445e-11,-3.0488383576363553e-11
244.75,9.432884921015473e-08,9.493824683868436e-08,-30.000000004002665,-30.000000003877652,3.383544182529782e-10,3.436162459286558e-10,-3.228459931920097e-11,-3.088413912875489e-11
245.0,9.44136365638001e-08,9.502435043502788e-08,-30.000000004010793,-30.000000003885415,3.3994438672067336e-10,3.452125012691007e-10,-3.268431271350442e-11,-3.128079403830615e-11
245.25,9.449890469412657e-08,9.51109363800398e-08,-30.00000000401908,-30.000000003893334,3.4220058819802556e-10,3.47474991772861e-10,-3.3546270128991225e-11,-3.21396891768676e-11
245.5,9.458473687747759e-08,9.51980878904008e-08,-30.00000000402758,-30.00000000390147,3.444568108865606e-10,3.497370240320248e-10,-3.4409507385120844e-11,-3.2999860501811644e-11
245.75,9.467113305888652e-08,9.528580485148211e-08,-30.0000000040363,-30.00000000390982,3.4671257263083094e-10,3.519985975056094e-10,-3.5274024222548324e-11,-3.3861307886928894e-11
246.0,9.475809312304938e-08,9.537408726892275e-08,-30.000000004045233,-30.000000003918384,3.489678728874285e-10,3.5426067487683863e-10,-3.613982066114491e-11,-3.47240310694853e-11
246.25,9.48456168039702e-08,9.546293499767041e-08,-30.000000004054417,-30.0000000039272,3.5122148068839033e-10,3.5652106195657786e-10,-3.72824105209134e-11,-3.586354360490355e-11
246.5,9.493370380954155e-08,9.555234774615907e-08,-30.00000000406389,-30.000000003936304,3.5347447006116564e-10,3.587808327751204e-10,-3.842627898570328e-11,-3.7004330677032e-11
246.75,9.50223539850885e-08,9.564232536025592e-08,-30.000000004073645,-30.00000000394569,3.557268404627549e-10,3.610399867923129e-10,-3.95714257097725e-11,-3.814639193335121e-11
247.0,9.51115671155989e-08,9.573286768569308e-08,-30.000000004083688,-30.000000003955364,3.5797810973825177e-10,3.632985234681831e-10,-4.07178503439909e-11,-3.928972688850994e-11
247.25,9.520111418262115e-08,9.582374576476405e-08,-30.000000004093938,-30.000000003965244,3.5839839185627093e-10,3.637260751623785e-10,-4.123587919929387e-11,-3.980466171522363e-11
247.5,9.529076628712319e-08,9.591473069898111e-08,-30.00000000410432,-30.000000003975252,3.5881840957055834e-10,3.6415336463168695e-10,-4.175414995584441e-11,-4.0319834095348157e-11
247.75,9.53805234833942e-08,9.600582242277551e-08,-30.000000004114828,-30.000000003985388,3.592391260020027e-10,3.6458039177586747e-10,-4.2272662469618744e-11,-4.0835244155604376e-11
248.0,9.547038582569759e-08,9.609702093075492e-08,-30.000000004125468,-30.000000003995655,3.596595778234995e-10,3.6500763810657866e-10,-4.279141672942486e-11,-4.135089201315824e-11
248.25,9.556025211403252e-08,9.61882250836665e-08,-30.000000004136222,-30.000000004006033,3.5927070639765563e-10,3.6462556337727254e-10,-4.318137692004868e-11,-4.1737741719658026e-11
248.5,9.565002116053254e-08,9.627933369419096e-08,-30.000000004147072,-30.00000000401651,3.58881643148996e-10,3.6424329901532946e-10,-4.357112104681699e-11,-4.2124371271959035e-11
248.75,9.573969291725335e-08,9.637034665473042e-08,-30.00000000415802,-30.000000004027083,3.584923881686678e-10,3.6386036350266686e-10,-4.3960648861728213e-11,-4.2510780565054794e-11
249.0,9.582926733627344e-08,9.646126385771041e-08,-30.000000004169067,-30.00000000403775,3.581029415479734e-10,3.634772385452592e-10,-4.434996012325234e-11,-4.289696948885668e-11
249.25,9.591862078598065e-08,9.655196167206804e-08,-30.000000004180166,-30.00000000404847,3.5672466822176285e-10,3.6210528908062164e-10,-4.437237167969153e-11,-4.291625488997174e-11
249.5,9.600762966935018e-08,9.664231650132841e-08,-30.000000004191268,-30.000000004059196,3.5534641086443166e-10,3.607333577858164e-10,-4.439400727281193e-11,-4.2934760506776915e-11
249.75,9.609629405061685e-08,9.673232835007538e-08,-30.000000004202377,-30.000000004069925,3.5396865141672165e-10,3.593614449921669e-10,-4.44148669128718e-11,-4.2952486487443445e-11
250.0,9.618461399409762e-08,9.682199722297565e-08,-30.00000000421349,-30.000000004080658,3.5259090859535797e-10,3.5798955103088344e-10,-4.443495061351751e-11,-4.2969432975365085e-11
250.25,9.627279597656986e-08,9.691152971776137e-08,-30.000000004224646,-30.000000004091433,3.528649342258373e-10,3.582703909541137e-10,-4.47636919572721e-11,-4.329503327723586e-11
250.5,9.63610464457305e-08,9.700113240308503e-08,-30.000000004235886,-30.00000000410229,3.531388020984891e-10,3.5855107533103385e-10,-4.509259224354862e-11,-4.362078842450056e-11
250.75,9.644936536213159e-08,9.70908052400519e-08,-30.00000000424721,-30.00000000411323,3.5341251214532273e-10,3.588316040965177e-10,-4.542165138762552e-11,-4.394669832904838e-11
251.0,9.653775262610668e-08,9.718054818975099e-08,-30.000000004258613,-30.00000000412425,3.536855826863301e-10,3.591119771855099e-10,-4.5750869301393125e-11,-4.427276276146634e-11
251.25,9.662620702876947e-08,9.72703601040522e-08,-30.000000004270134,-30.000000004135387,3.539495948919343e-10,3.593832941594849e-10,-4.6363980201820365e-11,-4.488271580558563e-11
251.5,9.671472739466748e-08,9.736023980805855e-08,-30.00000000428181,-30.000000004146678,3.5421328856407126e-10,3.596542948234402e-10,-4.697724461725213e-11,-4.549281798297367e-11
251.75,9.680331364415911e-08,9.745018722268469e-08,-30.000000004293636,-30.00000000415812,3.5447666363702114e-10,3.5992497911471904e-10,-4.759066236640584e-11,-4.610306911404072e-11
252.0,9.68919658179894e-08,9.754020226882963e-08,-30.000000004305615,-30.000000004169717,3.547406832692482e-10,3.6019534697067577e-10,-4.820423326969295e-11,-4.671346929502507e-11
252.25,9.698060498872052e-08,9.763020595941176e-08,-30.00000000431778,-30.000000004181494,3.5437261588892484e-10,3.598341116582643e-10,-4.906125447701798e-11,-4.7567315804189197e-11
252.5,9.706915208555288e-08,9.772011928439138e-08,-30.00000000433016,-30.000000004193485,3.540040920836452e-10,3.594724221559436e-10,-4.9918071336360955e-11,-4.842095385129326e-11
252.75,9.715760699439103e-08,9.780994213023215e-08,-30.000000004342755,-30.00000000420569,3.536351119395605e-10,3.5911027855273923e-10,-5.077468358855513e-11,-4.9274383177169374e-11
253.0,9.724596960116103e-08,9.789967432321849e-08,-30.000000004355563,-30.000000004218105,3.532656755429628e-10,3.5874719932573335e-10,-5.1631090843296045e-11,-5.0127603522649706e-11
253.25,9.733421855205801e-08,9.798929444990454e-08,-30.000000004368538,-30.00000000423069,3.527259014515501e-10,3.582137846473182e-10,-5.2100203453694595e-11,-5.059352537567466e-11
253.5,9.742233252979262e-08,9.807878119356212e-08,-30.00000000438163,-30.00000000424339,3.521858902506973e-10,3.57680135105554e-10,-5.256901437782708e-11,-5.105914169601354e-11
253.75,9.751031147510342e-08,9.816813449549166e-08,-30.00000000439484,-30.000000004256204,3.516456420678805e-10,3.5714625083060353e-10,-5.303752348528739e-11,-5.152445234817697e-11
254.0,9.759815538896238e-08,9.825735429702615e-08,-30.000000004408165,-30.000000004269136,3.511056386426849e-10,3.566121319526543e-10,-5.350573064397537e-11,-5.198945733628368e-11
254.25,9.768571587148186e-08,9.834629225904265e-08,-30.000000004421565,-30.000000004282146,3.4937822128635696e-10,3.548915646216313e-10,-5.365595408225577e-11,-5.2136474744311843e-11
254.5,9.777284449254793e-08,9.843480007239406e-08,-30.000000004435005,-30.00000000429519,3.4765074703797326e-10,3.5317094265547764e-10,-5.380520433211008e-11,-5.228251483796876e-11
254.75,9.785954123798912e-08,9.852287772347353e-08,-30.00000000444848,-30.000000004308273,3.4592321630985635e-10,3.514502664693989e-10,-5.3953481366550844e-11,-5.2427577588571754e-11
255.0,9.794580609373704e-08,9.861052519877797e-08,-30.000000004461995,-30.00000000432139,3.4419562951434105e-10,3.497295364786149e-10,-5.4100785153508424e-11,-5.2571662958967844e-11
255.25,9.803165760219859e-08,9.869776110148181e-08,-30.00000000447557,-30.000000004334566,3.4261641998683147e-10,3.4815766763350237e-10,-5.443864639633153e-11,-5.290630151628464e-11
255.5,9.811711428782712e-08,9.878460401680672e-08,-30.00000000448923,-30.00000000434783,3.4103704687079485e-10,3.4658563746860037e-10,-5.477561854109103e-11,-5.324004656667901e-11
255.75,9.82021761097726e-08,9.887105390447022e-08,-30.000000004502972,-30.000000004361173,3.3945751054284297e-10,3.450134463636029e-10,-5.511170149641494e-11,-5.3572898017083666e-11
256.0,9.828684302727909e-08,9.895711072428472e-08,-30.0000000045168,-30.000000004374602,3.378778113796262e-10,3.434410946982429e-10,-5.544689517093129e-11,-5.390485577781948e-11
256.25,9.837107469643849e-08,9.904273401250821e-08,-30.000000004530655,-30.000000004388056,3.3597556529062753e-10,3.415452351609132e-10,-5.534091259590263e-11,-5.379563315428177e-11
256.5,9.845483081494518e-08,9.912788340720339e-08,-30.000000004544486,-30.000000004401485,3.340734061828801e-10,3.396499464974498e-10,-5.5233857857385755e-11,-5.368533435749713e-11
256.75,9.853811140460126e-08,9.921255899094436e-08,-30.000000004558288,-30.000000004414886,3.321713345106464e-10,3.377547475530013e-10,-5.512573113946864e-11,-5.357395943672181e-11
257.0,9.862091648732239e-08,9.929676078621802e-08,-30.000000004572062,-30.00000000442826,3.302693507281553e-10,3.358596387846917e-10,-5.501653249310272e-11,-5.3461508441212025e-11
257.25,9.87032251091751e-08,9.938046777946135e-08,-30.00000000458583,-30.00000000444162,3.281996336069662e-10,3.337963173548909e-10,-5.505452043383453e-11,-5.3496240021039045e-11
257.5,9.878501630236048e-08,9.94636589432466e-08,-30.000000004599602,-30.000000004454993,3.2612992141666865e-10,3.3173300314790156e-10,-5.5091341317795165e-11,-5.3529800668857554e-11
257.75,9.886629006817309e-08,9.954633427944161e-08,-30.000000004613387,-30.000000004468372,3.2406021465186986e-10,3.296696966610361e-10,-5.5126995151901714e-11,-5.3562190388195426e-11
258.0,9.894704640803111e-08,9.96284937900386e-08,-30.00000000462718,-30.00000000448176,3.219905138071745e-10,3.2760639839160676e-10,-5.5161481939683117e-11,-5.3593409179192404e-11
258.25,9.902743180626894e-08,9.971028395994661e-08,-30.00000000464098,-30.000000004495153,3.210926815680944e-10,3.267149710278334e-10,-5.51966344693302e-11,-5.3625289831732285e-11
258.5,9.910759280738112e-08,9.979185127403406e-08,-30.00000000465479,-30.000000004508557,3.2019533681359984e-10,3.25823551839309e-10,-5.523128286604107e-11,-5.365666260384394e-11
258.75,9.918752947306398e-08,9.987319585477474e-08,-30.00000000466861,-30.00000000452197,3.1929799814502055e-10,3.2493310426606313e-10,-5.5265427412481254e-11,-5.368752763550037e-11
259.0,9.926724180486563e-08,9.995431782469647e-08,-30.000000004682438,-30.000000004535387,3.1840066577546246e-10,3.2404266530008963e-10,-5.5299068378373205e-11,-5.3717884926761684e-11
259.25,9.934684777737794e-08,1.0003533515896854e-07,-30.000000004696354,-30.00000000454889,3.1844706444601577e-10,3.240959596853837e-10,-5.5962394995489855e-11,-5.437792370939967e-11
259.5,9.942646530583774e-08,1.0011636577340593e-07,-30.000000004710433,-30.000000004562562,3.1849311335421625e-10,3.241489066223882e-10,-5.662575179419911e-11,-5.503798850700482e-11
259.75,9.950609424260124e-08,1.0019740958114525e-07,-30.00000000472468,-30.000000004576396,3.185383308746492e-10,3.2420150610068257e-10,-5.728913857459842e-11,-5.5698078986841594e-11
260.0,9.958573444002135e-08,1.0027846649532056e-07,-30.000000004739093,-30.000000004590397,3.1858319860599443e-10,3.242537581100394e-10,-5.795255514356154e-11,-5.6358194814175664e-11
260.25,9.966527735940734e-08,1.0035942797782154e-07,-30.000000004753655,-30.000000004604548,3.177601187510699e-10,3.234380648563805e-10,-5.848694119005982e-11,-5.688927567628308e-11
260.5,9.974461447422725e-08,1.0044018550269743e-07,-30.00000000476835,-30.00000000461883,3.169367620878264e-10,3.226220971207611e-10,-5.902086586660278e-11,-5.741989072567212e-11
260.75,9.98237458357064e-08,1.0052073900135254e-07,-30.00000000478318,-30.000000004633243,3.1611409203551455e-10,3.2180585510136384e-10,-5.955432901739259e-11,-5.795004008237177e-11
261.0,9.990267149511894e-08,1.0060108846544216e-07,-30.000000004798142,-30.00000000464779,3.15291145565395e-10,3.2098982060827375e-10,-6.00873306279335e-11,-5.847972385685611e-11
261.25,9.998137045693792e-08,1.0068121296022425e-07,-30.000000004813177,-30.00000000466241,3.1430055652707186e-10,3.2000614588200346e-10,-6.014010202416468e-11,-5.852917323684441e-11
261.5,1.0005982177091696e-07,1.0076109153603654e-07,-30.000000004828227,-30.00000000467704,3.1330996285853354e-10,3.190224688634587e-10,-6.019231710388291e-11,-5.857806212352044e-11
261.75,1.0013802543592792e-07,1.0084072419233576e-07,-30.000000004843287,-30.000000004691685,3.1231936479523173e-10,3.180387897910085e-10,-6.02439758671558e-11,-5.86263905135625e-11
262.0,1.0021598145090155e-07,1.0092011086843672e-07,-30.00000000485836,-30.00000000470634,3.1132876257265067e-10,3.1705462729096975e-10,-6.029507817444283e-11,-5.867415840364887e-11
262.25,1.0029392374760051e-07,1.0099948543648685e-07,-30.00000000487351,-30.00000000472107,3.12209571352742e-10,3.179418781400309e-10,-6.084726865176495e-11,-5.922301054954783e-11
262.5,1.003720862105635e-07,1.010790817816118e-07,-30.000000004888797,-30.000000004735938,3.1309009267268274e-10,3.1882884387809845e-10,-6.139996108501091e-11,-5.977236073884108e-11
262.75,1.004504687678988e-07,1.0115889983250747e-07,-30.000000004904223,-30.00000000475094,3.139703263189884e-10,3.197155242944175e-10,-6.195315531318501e-11,-6.032220880883778e-11
263.0,1.005290713476613e-07,1.0123893951781709e-07,-30.000000004919787,-30.000000004766083,3.1485027207824204e-10,3.2060191917830296e-10,-6.25068511769856e-11,-6.0872554595153e-11
263.25,1.0060805657146773e-07,1.0131936339954485e-07,-30.00000000493553,-30.000000004781402,3.1703144872585233e-10,3.227890656958095e-10,-6.337880617072307e-11,-6.174115573339821e-11
263.5,1.0068758703093178e-07,1.014003341300956e-07,-30.00000000495149,-30.000000004796938,3.1921215730960776e-10,3.24976709733448e-10,-6.42519986764638e-11,-6.261099045617096e-11
263.75,1.0076766260897177e-07,1.01481851713381e-07,-30.00000000496767,-30.00000000481269,3.213923973038328e-10,3.271638875444556e-10,-6.512642870114105e-11,-6.348205850074221e-11
264.0,1.0084828318837461e-07,1.0156391603277908e-07,-30.00000000498407,-30.000000004828664,3.2357216818293886e-10,3.2935059860617326e-10,-6.60020959803329e-11,-6.435435960268884e-11
264.25,1.0092958131081474e-07,1.016466596305561e-07,-30.000000005000736,-30.000000004844903,3.2681270580138476e-10,3.325980787759907e-10,-6.725863800456738e-11,-6.56075312491496e-11
264.5,1.0101168942184835e-07,1.017302150130623e-07,-30.000000005017714,-30.000000004861455,3.300520768870729e-10,3.358448763968281e-10,-6.851701701647854e-11,-6.686253554653742e-11
264.75,1.0109460728994626e-07,1.0181458200956333e-07,-30.00000000503501,-30.00000000487832,3.3329076227204756e-10,3.3909099069184583e-10,-6.977723263129389e-11,-6.81193719735539e-11
265.0,1.0117833474358581e-07,1.0189976044913064e-07,-30.00000000505262,-30.0000000048955,3.3652876117652037e-10,3.42336420884382e-10,-7.103928446254688e-11,-6.937804013864908e-11
265.25,1.0126293722056068e-07,1.0198581577015281e-07,-30.00000000507054,-30.00000000491299,3.4029095315159155e-10,3.4610604652866613e-10,-7.225830395006115e-11,-7.059367147825721e-11
265.5,1.0134848028310635e-07,1.02072813415058e-07,-30.000000005088765,-30.000000004930783,3.4405344569236026e-10,3.498750118987544e-10,-7.347945580210841e-11,-7.181143097817086e-11
265.75,1.014349638858481e-07,1.0216075327886637e-07,-30.000000005107296,-30.00000000494888,3.4781527466960797e-10,3.5364379770427736e-10,-7.470273978534718e-11,-7.303131853001835e-11
266.0,1.0152238786278191e-07,1.0224963525637249e-07,-30.000000005126132,-30.000000004967283,3.515764391781565e-10,3.5741192143098873e-10,-7.592815565996447e-11,-7.425333376084899e-11
266.25,1.0161061240990255e-07,1.0233931954416898e-07,-30.000000005145242,-30.00000000498596,3.542198598711195e-10,3.600623037349431e-10,-7.690347892745044e-11,-7.522525216876367e-11
266.5,1.0169949774675095e-07,1.0242966630219383e-07,-30.000000005164598,-30.000000005004882,3.568627569644893e-10,3.627116832229894e-10,-7.788030132747498e-11,-7.619866562795697e-11
266.75,1.0178904374234763e-07,1.0252067533986535e-07,-30.000000005184198,-30.000000005024045,3.5950512982176745e-10,3.6536054087338914e-10,-7.885862242856687e-11,-7.717357384178717e-11
267.0,1.0187925026555403e-07,1.0261234652664491e-07,-30.000000005204043,-30.000000005043454,3.6214697780659337e-10,3.680088760525338e-10,-7.983844193577957e-11,-7.814997651361258e-11
267.25,1.0197023648865396e-07,1.0270479903541697e-07,-30.000000005224237,-30.000000005063214,3.657426491201013e-10,3.7161103696431074e-10,-8.16665222632566e-11,-7.997463605588155e-11
267.5,1.0206212150394526e-07,1.0279815195908071e-07,-30.00000000524489,-30.00000000508343,3.6933731528927516e-10,3.7521219513845747e-10,-8.349664012623945e-11,-8.180132918552856e-11
267.75,1.0215490512023526e-07,1.0289240516724697e-07,-30.000000005266,-30.000000005104102,3.72931457061153e-10,3.788133129368533e-10,-8.532879523957664e-11,-8.363005547271074e-11
268.0,1.0224858714611499e-07,1.0298755852931104e-07,-30.000000005287568,-30.00000000512523,3.7652459195878265e-10,3.8241342627348775e-10,-8.716298730178552e-11,-8.546081448111367e-11
268.25,1.0234325482799198e-07,1.0308369929228396e-07,-30.00000000530964,-30.000000005146866,3.808166693596149e-10,3.867124845287626e-10,-8.937729195886247e-11,-8.767168185334441e-11
268.5,1.0243899537641702e-07,1.0318091466732073e-07,-30.000000005332268,-30.000000005169053,3.85107524285556e-10,3.910103227275355e-10,-9.15940283143623e-11,-8.988497669634478e-11
268.75,1.0253580842544087e-07,1.0327920434927857e-07,-30.00000000535545,-30.000000005191794,3.8939667409234246e-10,3.9530693984058174e-10,-9.381319568359148e-11,-9.210069818072974e-11
269.0,1.0263369360885623e-07,1.0337856803275746e-07,-30.00000000537919,-30.00000000521509,3.9368459936001475e-10,3.996023348390798e-10,-9.603479336999807e-11,-9.431884547850367e-11
269.25,1.0273256458823956e-07,1.0347891937994037e-07,-30.000000005403493,-30.00000000523895,3.9728303413986035e-10,4.0320824177746577e-10,-9.833969371119644e-11,-9.662029091711528e-11
269.5,1.0283233501728007e-07,1.0358017204512383e-07,-30.000000005428372,-30.000000005263384,4.0088019656903926e-10,4.0681287879604986e-10,-1.0064663363499632e-10,-9.892377142945526e-11
269.75,1.0293300469818488e-07,1.0368232577092157e-07,-30.00000000545383,-30.000000005288395,4.044770490057398e-10,4.1041672664408387e-10,-1.0295561256417209e-10,-1.0122928657282261e-10
270.0,1.0303457343294466e-07,1.0378538029973162e-07,-30.000000005479865,-30.000000005313986,4.080726273603226e-10,4.1401930284689657e-10,-1.052666299133325e-10,-1.0353683589157331e-10
270.25,1.031370191477411e-07,1.0388931355834527e-07,-30.00000000550647,-30.000000005340144,4.1149289353913645e-10,4.1744656931379807e-10,-1.0753416186710737e-10,-1.0580089557033601e-10
270.5,1.032403197728304e-07,1.0399410341742753e-07,-30.000000005533646,-30.00000000536687,4.1491190965711673e-10,4.2087210655059983e-10,-1.0980363222084694e-10,-1.0806688953898564e-10
270.75,1.0334447499559448e-07,1.0409974950476987e-07,-30.00000000556139,-30.000000005394163,4.1832967489142473e-10,4.242963953492433e-10,-1.1207504013645145e-10,-1.1033481709086382e-10
271.0,1.0344948450320962e-07,1.0420625150816029e-07,-30.0000000055897,-30.000000005422024,4.2174618841953335e-10,4.277194348899748e-10,-1.1434838490556967e-10,-1.1260467751592412e-10
271.25,1.0355534915894789e-07,1.0431361029148326e-07,-30.000000005618517,-30.000000005450392,4.2517090582644736e-10,4.311506807605737e-10,-1.1613580451030246e-10,-1.1438860879457226e-10
271.5,1.0366206993207323e-07,1.0442182688481736e-07,-30.00000000564778,-30.000000005479205,4.285951274699999e-10,4.345819149337338e-10,-1.179251652572862e-10,-1.1617447709891758e-10
271.75,1.0376964663834029e-07,1.0453090116473259e-07,-30.000000005677492,-30.000000005508465,4.320183709140093e-10,4.3801217336423265e-10,-1.1971646686368445e-10,-1.179622820062097e-10
272.0,1.0387807903309617e-07,1.0464083288719064e-07,-30.00000000570765,-30.000000005538173,4.354406353344985e-10,4.4144145523106313e-10,-1.2150970877869376e-10,-1.1975202296394995e-10
272.25,1.0398748449640135e-07,1.0475173949306883e-07,-30.000000005738286,-30.000000005568353,4.3980290011198156e-10,4.4581122152979635e-10,-1.2350821126751502e-10,-1.2174702009942399e-10
272.5,1.0409798038894749e-07,1.0486373840387642e-07,-30.000000005769422,-30.00000000559903,4.4416406920340116e-10,4.5017989460853185e-10,-1.2550918549769703e-10,-1.237444844385725e-10
272.75,1.042095664366819e-07,1.0497682934617766e-07,-30.000000005801056,-30.00000000563021,4.485241415595125e-10,4.5454747342119254e-10,-1.2751263085061003e-10,-1.257444153627645e-10
273.0,1.0432224236528962e-07,1.0509101204627528e-07,-30.00000000583319,-30.00000000566189,4.5288311613133385e-10,4.58913956921964e-10,-1.295185467042362e-10,-1.2774681225167494e-10
273.25,1.0443611160892169e-07,1.052063898787373e-07,-30.000000005865907,-30.000000005694147,4.5807060255091653e-10,4.6410847313397964e-10,-1.321544353570171e-10,-1.30379177536576e-10
273.5,1.045512775423112e-07,1.0532306615871457e-07,-30.00000000589928,-30.000000005727063,4.6325663412120044e-10,4.693015369751652e-10,-1.3479326219532755e-10,-1.3301447673867183e-10
273.75,1.0466773980158993e-07,1.0544104052295887e-07,-30.000000005933316,-30.00000000576064,4.684412095950973e-10,4.744931472014118e-10,-1.37435026400582e-10,-1.3565270903259947e-10
274.0,1.0478549802257796e-07,1.0556031254770947e-07,-30.000000005968012,-30.000000005794877,4.736243277258995e-10,4.796828209569065e-10,-1.4007972701119876e-10,-1.3829387359638414e-10
274.25,1.0490453738825068e-07,1.0568086735636174e-07,-30.000000006003397,-30.000000005829804,4.786903453424437e-10,4.847553966852831e-10,-1.4295708592813248e-10,-1.4116769246242183e-10
274.5,1.0502484305961283e-07,1.0580269011054254e-07,-30.000000006039503,-30.00000000586545,4.837547731733677e-10,4.898263851179704e-10,-1.4583731401515247e-10,-1.440443764927867e-10
274.75,1.0514641469926728e-07,1.0592578053367908e-07,-30.00000000607633,-30.000000005901814,4.888180916128966e-10,4.948967482640706e-10,-1.4872041064988838e-10,-1.469239249271932e-10
275.0,1.052692519695125e-07,1.0605013834889488e-07,-30.00000000611388,-30.000000005938897,4.938798178314056e-10,4.999655216849368e-10,-1.5160637520549714e-10,-1.498063369971903e-10
275.25,1.0539328539708928e-07,1.0617569408355509e-07,-30.000000006152128,-30.000000005976684,4.983873648721846e-10,5.044801184268468e-10,-1.5433944077802558e-10,-1.5253584580051768e-10
275.5,1.0551844546291471e-07,1.0630237827940334e-07,-30.000000006191062,-30.000000006015153,5.028929237599562e-10,5.089932111295965e-10,-1.5707505990413546e-10,-1.5526790373761593e-10
275.75,1.0564473173001653e-07,1.0643019056029473e-07,-30.00000000623068,-30.000000006054304,5.073969750227751e-10,5.135047987124138e-10,-1.5981323173479423e-10,-1.5800250981784442e-10
276.0,1.0577214382135306e-07,1.0655913054981424e-07,-30.000000006270984,-30.00000000609414,5.118995175770602e-10,5.18014880094902e-10,-1.6255395541927543e-10,-1.6073966318708726e-10
276.25,1.0590077206705903e-07,1.0668928851852254e-07,-30.000000006311986,-30.000000006134677,5.171261988437368e-10,5.232486210890855e-10,-1.6541484217749879e-10,-1.6359697520487103e-10
276.5,1.0603070678591473e-07,1.0682075472562662e-07,-30.000000006353705,-30.000000006175927,5.223513027047105e-10,5.284807871918708e-10,-1.6827868927886319e-10,-1.6645724327372994e-10
276.75,1.0616194758341166e-07,1.0695352877724695e-07,-30.00000000639614,-30.000000006217892,5.275748279034949e-10,5.33711377149766e-10,-1.711454958336297e-10,-1.6932046650053571e-10
277.0,1.0629449406472727e-07,1.0708761021898915e-07,-30.00000000643929,-30.000000006260574,5.327967731840133e-10,5.389399080976048e-10,-1.740152608141454e-10,-1.7218664399046607e-10
277.25,1.0642830312648059e-07,1.0722295588790116e-07,-30.000000006483113,-30.000000006303924,5.376755063430298e-10,5.438252294469642e-10,-1.7651659480152712e-10,-1.7468438646285547e-10
277.5,1.0656333169998925e-07,1.0735952271593173e-07,-30.00000000652756,-30.0000000063479,5.425528671612081e-10,5.487091809813133e-10,-1.7902069209734484e-10,-1.7718488821588463e-10
277.75,1.0669957950222294e-07,1.0749731048088384e-07,-30.000000006572638,-30.0000000063925,5.47429336077674e-10,5.535927247546727e-10,-1.8152755220460178e-10,-1.796881486061713e-10
278.0,1.0683704624985811e-07,1.0763631896026803e-07,-30.00000000661834,-30.00000000643773,5.523044303076523e-10,5.584748963732619e-10,-1.840371746150522e-10,-1.8219416699233204e-10
278.25,1.0697560873809371e-07,1.0777642501011804e-07,-30.000000006664607,-30.00000000648352,5.5619530903633e-10,5.623733366373572e-10,-1.8603788999816446e-10,-1.8419127390761404e-10
278.5,1.0711514381006941e-07,1.0791750553440915e-07,-30.000000006711375,-30.000000006529813,5.600851001761672e-10,5.66270691850607e-10,-1.8804081050947152e-10,-1.861905813676362e-10
278.75,1.0725565119377101e-07,1.0805956026176201e-07,-30.000000006758643,-30.000000006576602,5.639738027910274e-10,5.701669610800729e-10,-1.9004593553376377e-10,-1.8819208875718765e-10
279.0,1.0739713061695025e-07,1.0820258898076563e-07,-30.000000006806413,-30.000000006623893,5.678614159450014e-10,5.740626250051317e-10,-1.920532645971338e-10,-1.9019579546105756e-10
279.25,1.0753935125552236e-07,1.0834636080777021e-07,-30.000000006854613,-30.000000006671613,5.699035809448601e-10,5.76111880099768e-10,-1.934783689237292e-10,-1.916172728393074e-10
279.5,1.0768208234025657e-07,1.0849064485377932e-07,-30.000000006903168,-30.000000006719688,5.719449852140927e-10,5.781603770144983e-10,-1.949046324174623e-10,-1.9303990506720357e-10
279.75,1.0782532368090867e-07,1.086354408689853e-07,-30.000000006952078,-30.00000000676812,5.739856282603807e-10,5.802076336479294e-10,-1.963320545150703e-10,-1.944636917143139e-10
280.0,1.0796907508711144e-07,1.0878074860345819e-07,-30.000000007001347,-30.000000006816904,5.760255095916961e-10,5.822541311228614e-10,-1.9776063465129166e-10,-1.9588863235190038e-10
280.25,1.0811325690421085e-07,1.0892648852358646e-07,-30.000000007050872,-30.00000000686595,5.774289906947244e-10,5.836651941529734e-10,-1.98391676409748e-10,-1.9651603028436736e-10
280.5,1.0825778961292872e-07,1.0907258117093366e-07,-30.000000007100557,-30.00000000691515,5.788326425201498e-10,5.850759488560542e-10,-1.9902351645035876e-10,-1.971442220381917e-10
280.75,1.0840267319570173e-07,1.0921902646837601e-07,-30.000000007150398,-30.00000000696451,5.802359831167172e-10,5.864863948958732e-10,-1.9965615459854016e-10,-1.9777320757192503e-10
281.0,1.0854790751447879e-07,1.0936582433870568e-07,-30.0000000072004,-30.000000007014023,5.816385305331869e-10,5.878965319362947e-10,-2.0028959068140261e-10,-1.9840298657306844e-10
281.25,1.0869329118087603e-07,1.095127734543829e-07,-30.000000007250573,-30.00000000706371,5.814307515694077e-10,5.876963451683713e-10,-2.010559554574255e-10,-1.9916568966018723e-10
281.5,1.0883862285415822e-07,1.0965967247531581e-07,-30.00000000730094,-30.00000000711359,5.812225856150347e-10,5.874957739849717e-10,-2.018222070374964e-10,-1.999282749458618e-10
281.75,1.0898390255798664e-07,1.0980652136560836e-07,-30.0000000073515,-30.000000007163663,5.810149959415536e-10,5.872953000487089e-10,-2.0258834534100933e-10,-2.0069074248570483e-10
282.0,1.0912913031603446e-07,1.0995332008937714e-07,-30.00000000740225,-30.000000007213924,5.8080701937241e-10,5.870944417980596e-10,-2.0335437028766297e-10,-2.0145309233085626e-10
282.25,1.092742209691199e-07,1.1009998342788461e-07,-30.000000007453078,-30.000000007264262,5.799182406545331e-10,5.86212302370892e-10,-2.0322483452166374e-10,-2.0131987725665906e-10
282.5,1.0941908944249184e-07,1.1024642624682452e-07,-30.000000007503875,-30.00000000731457,5.790295816757207e-10,5.853302852698464e-10,-2.0309479993543465e-10,-2.0118615929375385e-10
282.75,1.0956373576611141e-07,1.1039264857680515e-07,-30.00000000755464,-30.00000000736484,5.781410426470452e-10,5.844483907088295e-10,-2.0296426659679898e-10,-2.0105193850657465e-10
283.0,1.0970816003019404e-07,1.1053865056889124e-07,-30.000000007605372,-30.00000000741508,5.772531053915364e-10,5.835675821257948e-10,-2.0283323485787843e-10,-2.009172151025517e-10
283.25,1.098523471694186e-07,1.1068441721861176e-07,-30.000000007656155,-30.000000007465367,5.76243981116448e-10,5.825655891190195e-10,-2.0336647679746844e-10,-2.014467610256487e-10
283.5,1.0999628193543782e-07,1.1082993333847025e-07,-30.00000000770707,-30.000000007515787,5.752341197616715e-10,5.815633432435128e-10,-2.0389915201080276e-10,-2.0197573573826636e-10
283.75,1.1013996420421323e-07,1.1097519886527992e-07,-30.000000007758118,-30.00000000756634,5.74224003179022e-10,5.805608447423051e-10,-2.0443126035564878e-10,-2.0250413895825798e-10
284.0,1.1028339391196787e-07,1.1112021373591473e-07,-30.000000007809298,-30.000000007617025,5.73213631608378e-10,5.79558093858502e-10,-2.0496280169146795e-10,-2.0303197054000156e-10
284.25,1.1042659188107202e-07,1.1126499871319521e-07,-30.000000007860613,-30.000000007667843,5.723700933965768e-10,5.787216973300835e-10,-2.0550008460138118e-10,-2.035655392045307e-10
284.5,1.1056957893336229e-07,1.1140957455940899e-07,-30.000000007912064,-30.000000007718793,5.715262971080734e-10,5.778850453365488e-10,-2.0603689446276162e-10,-2.04098630464048e-10
284.75,1.1071235500434451e-07,1.1155394121071519e-07,-30.000000007963646,-30.000000007769877,5.706822429429798e-10,5.770481380810482e-10,-2.0657323113336537e-10,-2.0463124416953208e-10
285.0,1.1085492002957456e-07,1.1169809854312221e-07,-30.000000008015363,-30.000000007821093,5.698379311015006e-10,5.762104941547415e-10,-2.071090943313405e-10,-2.0516338017365561e-10
285.25,1.109971005300703e-07,1.1184187301810114e-07,-30.00000000806718,-30.00000000787241,5.676060725503047e-10,5.739853061391545e-10,-2.0735281345306647e-10,-2.054033680110157e-10
285.5,1.1113872305438924e-07,1.1198509130526802e-07,-30.000000008119056,-30.00000000792378,5.653741217165174e-10,5.717609916884354e-10,-2.0759527423608504e-10,-2.0564209313654866e-10
285.75,1.1127978763972891e-07,1.121277535026781e-07,-30.000000008170993,-30.000000007975213,5.631425607453388e-10,5.695365881149187e-10,-2.0783647689769325e-10,-2.058795556358031e-10
286.0,1.114202942632186e-07,1.122698595881177e-07,-30.00000000822299,-30.000000008026706,5.609104269459002e-10,5.673120959548764e-10,-2.0807642138891503e-10,-2.0611575545333015e-10
286.25,1.1156026066497497e-07,1.1241142736256286e-07,-30.000000008274927,-30.00000000807814,5.588208773952747e-10,5.652301906766127e-10,-2.0735537312803035e-10,-2.0539095787427198e-10
286.5,1.1169970473593477e-07,1.1255247471760893e-07,-30.000000008326683,-30.00000000812939,5.567317806005438e-10,5.631487407904495e-10,-2.0663314746105158e-10,-2.0466497824125155e-10
286.75,1.118386265893493e-07,1.1269300182736821e-07,-30.000000008378258,-30.000000008180457,5.546431370605521e-10,5.610682284105597e-10,-2.0590974478014485e-10,-2.0393781680513152e-10
287.0,1.1197702645899761e-07,1.1283300886607851e-07,-30.00000000842965,-30.000000008231343,5.525559104980322e-10,5.589881724269321e-10,-2.0518516548116906e-10,-2.0320947410107285e-10
287.25,1.1211487883579313e-07,1.1297247020491136e-07,-30.000000008480953,-30.000000008282136,5.502631265693613e-10,5.567025617230122e-10,-2.0517739440982975e-10,-2.03197935244441e-10
287.5,1.1225215802267754e-07,1.131113601474703e-07,-30.000000008532254,-30.000000008332925,5.479703912393177e-10,5.544170022666332e-10,-2.051683305860311e-10,-2.0318509924666864e-10
287.75,1.12388864031869e-07,1.1324967864643458e-07,-30.00000000858355,-30.00000000838371,5.456777050558012e-10,5.521310129966644e-10,-2.0515797389912013e-10,-2.0317096613840371e-10
288.0,1.1252499687572264e-07,1.1338742565462116e-07,-30.000000008634846,-30.000000008434494,5.43385068566808e-10,5.498450760759749e-10,-2.0514632424660946e-10,-2.0315553594521206e-10
288.25,1.1266071624014997e-07,1.1352476097900862e-07,-30.000000008686257,-30.000000008485394,5.423697793538175e-10,5.488374523130825e-10,-2.0609166215126357e-10,-2.0409708891741707e-10
288.5,1.127961817810623e-07,1.1366184433637462e-07,-30.000000008737906,-30.000000008536528,5.413544804599032e-10,5.478293399182092e-10,-2.0703643008491426e-10,-2.0503806739171396e-10
288.75,1.1293139337566655e-07,1.137986756045917e-07,-30.00000000878979,-30.000000008587897,5.403382089022531e-10,5.468207391356983e-10,-2.0798062777488617e-10,-2.0597847108895461e-10
289.0,1.1306635084102846e-07,1.1393525466159351e-07,-30.000000008841912,-30.000000008639503,5.393214465341793e-10,5.458116502101075e-10,-2.0892425494003374e-10,-2.0691829959654968e-10
289.25,1.132010555507283e-07,1.1407158288162758e-07,-30.00000000889423,-30.000000008691302,5.383161938620256e-10,5.448140736510365e-10,-2.0954653351774478e-10,-2.0753677484172134e-10
289.5,1.1333550890864989e-07,1.1420766172944729e-07,-30.0000000089467,-30.000000008743257,5.373106323210423e-10,5.438166725090817e-10,-2.1016824800094718e-10,-2.0815468117778803e-10
289.75,1.1346971095800886e-07,1.1434349118873567e-07,-30.000000008999326,-30.000000008795364,5.363057253739528e-10,5.428189654142373e-10,-2.1078939834835732e-10,-2.087720187078504e-10
290.0,1.1360366174208053e-07,1.1447907118303474e-07,-30.00000000905211,-30.00000000884763,5.353005100355189e-10,5.418209526083486e-10,-2.1140998438894316e-10,-2.0938878752714824e-10
290.25,1.1373725826910941e-07,1.1461429872125947e-07,-30.00000000910497,-30.000000008899967,5.334717274093169e-10,5.399993751980613e-10,-2.114107773457285e-10,-2.0938575885362191e-10
290.5,1.1387039760577546e-07,1.1474907081055953e-07,-30.00000000915783,-30.000000008952306,5.316429871568176e-10,5.381773612358316e-10,-2.1141053991098714e-10,-2.0938169551406986e-10
290.75,1.140030797627267e-07,1.1488338740205338e-07,-30.00000000921069,-30.000000009004644,5.29814289714659e-10,5.363553927731865e-10,-2.1140927197203578e-10,-2.0937659753063825e-10
291.0,1.1413530475072027e-07,1.1501724862757389e-07,-30.00000000926355,-30.00000000905698,5.27985635519415e-10,5.345344334737548e-10,-2.1140697383532015e-10,-2.0937046492716734e-10
291.25,1.1426700229582593e-07,1.1515058427406575e-07,-30.000000009316402,-30.000000009109304,5.255947540408633e-10,5.321507679744802e-10,-2.113249776440126e-10,-2.092846297184692e-10
291.5,1.1439810207143414e-07,1.152833240155937e-07,-30.00000000936923,-30.000000009161607,5.232034795711806e-10,5.297671937947103e-10,-2.112416332461707e-10,-2.0919744174782264e-10
291.75,1.1452860403957004e-07,1.1541546787505943e-07,-30.00000000942204,-30.00000000921389,5.208122942937118e-10,5.273837115090533e-10,-2.1115694069616724e-10,-2.0910890092799232e-10
292.0,1.146585082226031e-07,1.155470158755083e-07,-30.000000009474824,-30.00000000926615,5.184211987797838e-10,5.250003216921083e-10,-2.1107090004329285e-10,-2.0901900731334976e-10
292.25,1.1478771277342425e-07,1.1567786623070945e-07,-30.000000009527533,-30.000000009318327,5.152152796743041e-10,5.218025926041415e-10,-2.105267808333365e-10,-2.0847103030668638e-10
292.5,1.1491611588812261e-07,1.1580791719763107e-07,-30.000000009580102,-30.00000000937037,5.120097098396845e-10,5.186052154990238e-10,-2.0998085298755515e-10,-2.0792123969273317e-10
292.75,1.1504371777451474e-07,1.1593716886436512e-07,-30.000000009632537,-30.000000009422276,5.088054532666741e-10,5.154081911468002e-10,-2.0943311670945475e-10,-2.0736963594912863e-10
293.0,1.1517051864060888e-07,1.1606562131919606e-07,-30.000000009684832,-30.000000009474043,5.056015474979148e-10,5.122115203172139e-10,-2.0888357219576488e-10,-2.0681621953887414e-10
293.25,1.1529636062907396e-07,1.161931166452713e-07,-30.000000009736926,-30.000000009525603,5.011344821539393e-10,5.077512110217984e-10,-2.0780291906416593e-10,-2.057316902141748e-10
293.5,1.154210859326649e-07,1.1631949697582495e-07,-30.00000000978875,-30.000000009576894,4.966680685638329e-10,5.032915562045421e-10,-2.067197431641145e-10,-2.0464463395931662e-10
293.75,1.1554469471445386e-07,1.1644476259501366e-07,-30.0000000098403,-30.00000000962791,4.922023077972541e-10,4.988335201621737e-10,-2.056340451461307e-10,-2.0355505114221428e-10
294.0,1.1566718713778041e-07,1.1656891378726222e-07,-30.00000000989158,-30.000000009678658,4.877372009234857e-10,4.943761407432433e-10,-2.0454582564609756e-10,-2.024629421324764e-10
294.25,1.1578866854380503e-07,1.1669205583421268e-07,-30.00000000994265,-30.00000000972919,4.841141231243012e-10,4.907603115207222e-10,-2.039465272410233e-10,-2.0185974964163585e-10
294.5,1.1590924416742617e-07,1.1681429397144732e-07,-30.000000009993567,-30.000000009779573,4.804909417433582e-10,4.871448630654559e-10,-2.0334518370141966e-10,-2.0125450743542563e-10
294.75,1.1602891404305825e-07,1.1693562829426676e-07,-30.000000010044335,-30.000000009829805,4.768681392596685e-10,4.835297962477351e-10,-2.0274179524098532e-10,-2.0064721559101843e-10
295.0,1.1614767826553396e-07,1.1705605889818914e-07,-30.00000001009495,-30.000000009879884,4.732457165401566e-10,4.799151119377722e-10,-2.0213636207680705e-10,-2.0003787432380566e-10
295.25,1.162654149423311e-07,1.1717546395158007e-07,-30.000000010145307,-30.0000000099297,4.686478572257621e-10,4.753254753918839e-10,-2.006446452922864e-10,-1.9854224457419135e-10
295.5,1.1638200226450415e-07,1.1729372170638273e-07,-30.00000001019529,-30.00000000997914,4.640508796083451e-10,4.707367232934066e-10,-1.991503326495115e-10,-1.9704401396943165e-10
295.75,1.1649744057301798e-07,1.1741083238384699e-07,-30.000000010244896,-30.000000010028206,4.5945574801261935e-10,4.661488567463681e-10,-1.9765342465193244e-10,-1.9554318328372108e-10
296.0,1.1661173020911255e-07,1.1752679620549866e-07,-30.00000001029413,-30.000000010076896,4.548615003150637e-10,4.6156187685436645e-10,-1.9615392179791692e-10,-1.940397532850873e-10
296.25,1.1672469386187722e-07,1.1764143586111669e-07,-30.000000010342795,-30.000000010125017,4.4884802755808587e-10,4.555556746629138e-10,-1.9310163917661354e-10,-1.9098353905759548e-10
296.5,1.1683615436681924e-07,1.1775457412669723e-07,-30.000000010390696,-30.000000010172375,4.4283631781363724e-10,4.495507566349816e-10,-1.9004595948305753e-10,-1.879239234324996e-10
296.75,1.1694611216487184e-07,1.1786621138366311e-07,-30.000000010437834,-30.000000010218965,4.368263725223738e-10,4.4354760582614846e-10,-1.8698688358232567e-10,-1.8486090740970585e-10
297.0,1.1705456769732835e-07,1.1797634819440252e-07,-30.000000010484204,-30.00000001026479,4.308181931244748e-10,4.3754718690368197e-10,-1.8392441274845916e-10,-1.8179449198403808e-10
297.25,1.1716155006473948e-07,1.1808501372036032e-07,-30.000000010529853,-30.000000010309893,4.250410191644034e-10,4.317772945792437e-10,-1.8120940629865759e-10,-1.790755363426415e-10
297.5,1.1726708833493822e-07,1.1819223696986143e-07,-30.000000010574823,-30.000000010354317,4.192654155018732e-10,4.260089753276665e-10,-1.7849113653706043e-10,-1.7635331291770867e-10
297.75,1.1737118284047042e-07,1.1829801833634746e-07,-30.00000001061911,-30.000000010398058,4.134909019086602e-10,4.2024223053592535e-10,-1.7576960435513886e-10,-1.736278224627955e-10
298.0,1.1747383391422787e-07,1.1840235821360668e-07,-30.00000001066272,-30.000000010441116,4.07717961380173e-10,4.144770615907268e-10,-1.7304481064436393e-10,-1.7089906573284707e-10
298.25,1.1757494559930443e-07,1.1850516064542886e-07,-30.000000010705726,-30.00000001048357,4.011757326131309e-10,4.0794260719209807e-10,-1.7095219392904742e-10,-1.6880248124878572e-10
298.5,1.1767442187922513e-07,1.1860632961603572e-07,-30.00000001074821,-30.000000010525504,3.94634720220038e-10,4.01409371955853e-10,-1.6885588130342116e-10,-1.6670219610314788e-10
298.75,1.1777226305827938e-07,1.187058654906157e-07,-30.000000010790167,-30.00000001056691,3.8809492576820224e-10,3.948778390646965e-10,-1.6675587359363438e-10,-1.6459821098247335e-10
299.0,1.1786846944114837e-07,1.1880376863474987e-07,-30.0000000108316,-30.00000001060779,3.815563508245284e-10,3.883475284770299e-10,-1.6465217162952905e-10,-1.6249052658007812e-10
299.25,1.1796295769384664e-07,1.1889995559474904e-07,-30.00000001087252,-30.000000010648154,3.7434987354204476e-10,3.8114835512521466e-10,-1.6266074576170246e-10,-1.6049511352069203e-10
299.5,1.1805564447184225e-07,1.1899434290637831e-07,-30.00000001091294,-30.000000010688023,3.6714455329871707e-10,3.739503416143554e-10,-1.6066524794683736e-10,-1.5849562402726961e-10
299.75,1.1814653006461083e-07,1.1908693085981418e-07,-30.000000010952864,-30.00000001072739,3.5994039182146353e-10,3.667534896744941e-10,-1.5866567884102672e-10,-1.5649205875420858e-10
300.0,1.1823561476205976e-07,1.1917771968546414e-07,-30.000000010992288,-30.000000010766257,3.5273739083695517e-10,3.595573194233411e-10,-1.5666203896753166e-10,-1.5448441835760062e-10
