time_s,x_m,y_m,vx_mps,vy_mps
0.0,1.0,-70.0,0.0,0.08
0.25,0.9999718359589536,-69.97937592540785,-0.00022484505472776528,0.08499261793759529
0.5,0.9998878128064822,-69.95750368049875,-0.00044686588702330665,0.08998536226798398
0.75,0.9997486382424808,-69.93438323387666,-0.0006660624791396258,0.09497823139288253
1.0,0.9995550162482266,-69.91001455453706,-0.0008824348135483967,0.09997122371642514
1.25,0.9993075185529056,-69.8843976193308,-0.0010970754589154086,0.1049642781648558
1.5,0.9990067131580271,-69.85753240540025,-0.001308891845937063,0.1099574532343637
1.75,0.9986533077757546,-69.82941888279588,-0.0015178839576870107,0.11495074732493726
2.0,0.9982480073298831,-69.8000570219558,-0.0017240517774466252,0.11994415884065254
2.25,0.9977913611964354,-69.76944680224229,-0.0019286401472955184,0.12493761813034014
2.5,0.997283922471951,-69.73758820330838,-0.002130404231021288,0.12993119235148984
2.75,0.9967263951493038,-69.70448119661884,-0.00232934401249163,0.1349248799102067
3.0,0.9961194869511615,-69.67012575404262,-0.0025254594758080673,0.139918679205668
3.25,0.9954637267536097,-69.63452185754583,-0.002720161534876961,0.1449125111435785
3.5,0.9947596424941366,-69.5976694893589,-0.002912039288601731,0.14990645242481038
3.75,0.9940079428217312,-69.55956862235928,-0.0031010927216755385,0.1549005014475503
4.0,0.9932093317322951,-69.52021922979097,-0.003287321818942937,0.15989465661799507
4.25,0.992364317591782,-69.47962129634148,-0.003472318674428959,0.16488882840630062
4.5,0.9914734078249227,-69.43777480693466,-0.0036544912144478303,0.1698831040451379
4.75,0.9905373082796263,-69.39467973580606,-0.003833839424437102,0.17487748193683808
5.0,0.9895567248062074,-69.35033605758305,-0.00401036329006825,0.17987196048374424
5.25,0.9885321387302624,-69.30474375976823,-0.004185852693288555,0.18486643863637875
5.5,0.987464032296127,-69.25790283006236,-0.0043585177805373215,0.1898610152635074
5.75,0.9863531141315903,-69.20981324405852,-0.004528358538034835,0.19485568876437068
6.0,0.9852000882091017,-69.16047497773852,-0.0046953749522157945,0.19985045754166866
6.25,0.984005410664748,-69.10988802153588,-0.004861573018749926,0.20484520778561402
6.5,0.9827695357562309,-69.05805236607785,-0.005024946779124365,0.2098400512467901
6.75,0.981493171158693,-69.00496798827757,-0.005185496220287078,0.2148349863264675
7.0,0.9801770226850669,-68.95063486541625,-0.005343221329392231,0.21983001142712297
7.25,0.9788215156807943,-68.89505299101666,-0.005500364518775003,0.22482499854279417
7.5,0.977427075472248,-68.83822235878863,-0.005654683422810156,0.2298200737524163
7.75,0.9759944087744897,-68.78014294692049,-0.005806178029148679,0.23481523545928712
8.0,0.9745242213705939,-68.72081473398114,-0.005954848325698592,0.239810482065946
8.25,0.9730169068697904,-68.66023771673639,-0.006103195733550157,0.24480566981010576
8.5,0.971472859789934,-68.59841189213402,-0.006248718888732879,0.24980094067150113
8.75,0.9698927840154368,-68.53533723959936,-0.00639141777955822,0.2547962930557428
9.0,0.9682773862230452,-68.47101373895016,-0.006531292394644603,0.25979172536437695
9.25,0.966627024544182,-68.40544139042268,-0.0066711283916408015,0.264787076002002
9.5,0.9649420561521899,-68.33862019441966,-0.006808140181513975,0.26978250494361294
9.75,0.9632231886123536,-68.27055013154003,-0.006942327753250183,0.27477801059066603
10.0,0.9614711276237577,-68.2012311828389,-0.00707369109619109,0.27977359134672963
10.25,0.9596861911656288,-68.13066335222938,-0.007205328448977491,0.28476906587737766
10.5,0.9578686971866363,-68.05884664373374,-0.007334141654095863,0.2897646140749066
10.75,0.9560193541291887,-67.98578103916486,-0.007460130701269246,0.2947602343406891
11.0,0.9541388657758816,-67.91146652065393,-0.007583295580368063,0.2997559250786383
11.25,0.95222750993298,-67.83590309613385,-0.0077070790646198845,0.3047514827166318
11.5,0.9502855606471892,-67.7590907735237,-0.00782803847593283,0.30974710957809826
11.75,0.9483137244357785,-67.68102953569915,-0.007946173804592005,0.31474280406657634
12.0,0.9463127078107567,-67.60171936596832,-0.008061485041178207,0.31973856458378697
12.25,0.9442827381392874,-67.5211602764606,-0.008177795716148337,0.3247341624508606
12.5,0.9422240446113878,-67.43935227933841,-0.008291282409641748,0.32972982531362865
12.75,0.9401373327401484,-67.35629535852749,-0.008401945112559386,0.33472555157492573
13.0,0.9380233089634009,-67.27198949841309,-0.00850978381607663,0.3397213396356221
13.25,0.9358821464577871,-67.18643471570971,-0.008619044080160995,0.34471693220706956
13.5,0.9337140220787362,-67.09963102722135,-0.008725480472837693,0.34971258578561454
13.75,0.9315196421868832,-67.01157841788843,-0.008829092985561213,0.35470829877492
14.0,0.9292997122048349,-66.92227687303973,-0.008929881610079377,0.3597040695751527
14.25,0.92705434829374,-66.83172641450241,-0.009032561255939,0.3646996084343867
14.5,0.92478366749424,-66.73992706407259,-0.009132417161109366,0.3696952045786135
14.75,0.9224883760722452,-66.64687880759251,-0.009229449317612728,0.3746908564088347
15.0,0.9201691784223176,-66.55258163134864,-0.009323657717639197,0.3796865623327021
15.25,0.9178261271363339,-66.45703556278337,-0.009420281174378542,0.38468199532188235
15.5,0.91545927195419,-66.36024062918634,-0.009514081044361675,0.3896774821708969
15.75,0.9130693208956808,-66.2621968173247,-0.009605057320084084,0.39467302128235043
16.0,0.9106569782469159,-66.16290411431774,-0.009693209994243793,0.3996686110594176
16.25,0.9082222218137478,-66.06236255382642,-0.009784365105417636,0.4046638814418985
16.5,0.9057650302672288,-65.96057216935527,-0.00987269681004313,0.4096592025928086
16.75,0.9032861096421912,-65.8575329484512,-0.009958205101190734,0.4146545729096649
17.0,0.9007861641026402,-65.75324487896981,-0.01004088997200063,0.41964999079935916
17.25,0.8982650891691242,-65.64770800158739,-0.010127238718568257,0.4246450363217013
17.5,0.8957227802868526,-65.5409223567716,-0.010210764268935593,0.4296401298912417
17.75,0.893159942421369,-65.43288793276484,-0.010291466616522832,0.4346352699111883
18.0,0.8905772805312351,-65.32360471803662,-0.010369345754711823,0.4396304547865543
18.25,0.8879746003402226,-65.21307276139851,-0.010451637443933376,0.4446252062412016
18.5,0.8853516991079671,-65.10129211113279,-0.010531106181797686,0.4496200034508978
18.75,0.8827092816470061,-64.98826275596262,-0.010607751962018963,0.4546148448180423
19.0,0.8800480564830286,-64.87398468509271,-0.010681574778466013,0.45960972874171707
19.25,0.8773677189862983,-64.75845795642466,-0.010760662467148768,0.46460410832393717
19.5,0.8746679607085155,-64.64168262727016,-0.010836927489529559,0.4695985318478177
19.75,0.8719494890797328,-64.52365868691861,-0.010910369839608552,0.4745929977154434
20.0,0.8692130105873579,-64.40438612501389,-0.010980989511547419,0.47958750432903097
20.25,0.8664580961933742,-64.28386500997769,-0.011057850643122008,0.48458142318869457
20.5,0.8636843195423021,-64.16209540982256,-0.011131889440785421,0.4895753847292908
20.75,0.8608923860042389,-64.0390773141253,-0.011203105898620551,0.4945693873551479
21.0,0.8580830018680741,-63.91481071285795,-0.011271500011076178,0.49956342946680177
21.25,0.8552555996075444,-63.78929568701836,-0.01134726272986123,0.5045567849808721
21.5,0.852409607845023,-63.662532316941366,-0.011420203503046032,0.5095501825552589
21.75,0.8495457335890767,-63.53452059239423,-0.01149032232487119,0.5145436205941666
22.0,0.8466646819746515,-63.405260503414745,-0.011557619189706402,0.519537097499343
22.25,0.8437657207751379,-63.27475214594614,-0.011633596298129954,0.5245297694059058
22.5,0.8408481176195315,-63.142995615143946,-0.011706751916370044,0.529522483493679
22.75,0.8379125783300907,-63.009990900738615,-0.011777086038712213,0.5345152381662971
23.0,0.8349598077859455,-62.875737992752036,-0.01184459865945544,0.5395080318284292
23.25,0.8319888828154054,-62.74023700504327,-0.011922332137674331,0.5444998770646683
23.5,0.8289988772825457,-62.60348805059705,-0.011997244662435236,0.5494917654753286
23.75,0.8259904957885671,-62.46549111880644,-0.012069336227798051,0.5544836954653313
24.0,0.8229644438507449,-62.326246199491386,-0.01213860682804263,0.559475665437618
24.25,0.8199195689428163,-62.1857534285851,-0.01221992712990689,0.5644665098359625
24.5,0.816854716479591,-62.04401294088058,-0.01229842711533758,0.5694573994394272
24.75,0.8137705916565283,-61.90102472529825,-0.012374106778176491,0.5744483326494364
25.0,0.8106678996544298,-61.756788771131866,-0.012446966112277386,0.5794393078728516
25.25,0.8075452117193427,-61.611305242298045,-0.012534072519593327,0.5844289311345269
25.5,0.8044010988601789,-61.46457430154522,-0.012618359375806555,0.5894186028749832
25.75,0.8012362668115184,-61.31659593697269,-0.012699826674248814,0.5944083214967588
26.0,0.7980514212928667,-61.1673701370539,-0.012778474408308524,0.5993980854051014
26.25,0.794844796379991,-61.01689710141923,-0.012874047512402183,0.6043862084914307
26.5,0.7916146314542667,-60.86517702831708,-0.012966801994261493,0.6093743848434213
26.75,0.7883616299238173,-60.71220990463854,-0.013056737846494242,0.6143626128688835
27.0,0.785086497043173,-60.557995717703335,-0.013143855062016402,0.6193508909716862
27.25,0.7817870499099553,-60.40256423483514,-0.013251284754979477,0.6241009822024455
27.5,0.7784610802635189,-60.24594522165072,-0.013356030565070308,0.6288511334466679
27.75,0.775109259496608,-60.088138663270676,-0.013458092483876728,0.6336013431837936
28.0,0.771732258051056,-59.92914454529558,-0.013557470503266486,0.6383516098979447
28.25,0.7683274470688658,-59.76909892128883,-0.013680675286374365,0.6420133936298794
28.5,0.7648920921480771,-59.608137842663574,-0.013801811924471864,0.6456752464729183
28.75,0.7614267119123044,-59.44626129235504,-0.013920880408051249,0.649337167253998
29.0,0.7579318231127621,-59.2834692534137,-0.01403788072731689,0.6529991548075991
29.25,0.7544047141026118,-59.11988270556301,-0.014178724115745986,0.6556932409426908
29.5,0.7508425856795634,-58.95562262626871,-0.014318046886295135,0.6583874063209922
29.75,0.7472458171755236,-58.79068899583872,-0.014455849027923247,0.6610816500807918
30.0,0.743614787911112,-58.62508179474494,-0.014592130529573283,0.663775971361279
30.25,0.7399467900326635,-58.45890837521488,-0.014751680916240961,0.6656113998263768
30.5,0.7362390332962039,-58.29227608733411,-0.014910196547974791,0.6674469182533725
30.75,0.7324917771449825,-58.12518490866598,-0.01506767741204839,0.6692825260581546
31.0,0.7287052810114847,-57.95763481690527,-0.015224123495658985,0.671118222653877
31.25,0.7248769275330895,-57.78972085099822,-0.015402607151148905,0.6721935216132774
31.5,0.7210040271679609,-57.62153804766452,-0.015580486197142508,0.673268921368815
31.75,0.717086733843905,-57.453086381881974,-0.015757760619733198,0.6743444215759175
32.0,0.7131251977565642,-57.28436582856773,-0.015934430404703,0.675420021892404
32.25,0.7091169913734929,-57.115460306822634,-0.016131188430680773,0.6758241709521584
32.5,0.705059622900062,-56.94645373387208,-0.016327721677667918,0.6762284312512823
32.75,0.700953149385473,-56.777346081951535,-0.016524030129878152,0.6766328026622415
33.0,0.6967976269407808,-56.608137323277745,-0.016720113771513022,0.6770372850567464
33.25,0.6925909189863516,-56.438901341186615,-0.016933568372713315,0.6768505919104667
33.5,0.688330833246656,-56.26971201727519,-0.017147132614287533,0.6766640195431034
33.75,0.6840173432040483,-56.100569321323114,-0.017360806479274044,0.6764775680154902
34.0,0.6796504214001361,-55.93147322315389,-0.017574589950417323,0.6762912373904304
34.25,0.6752283273067627,-55.76248855421459,-0.01780222623753882,0.6755861356529727
34.5,0.6707492730822904,-55.59368014454744,-0.018030265626245892,0.6748811628005195
34.75,0.6662131602804149,-55.425047962045625,-0.018258708098634766,0.6741763190572835
35.0,0.6616198867307501,-55.2565919743118,-0.018487553636172757,0.6734716046526027
35.25,0.6569682163493455,-55.088368854001246,-0.018725923951715337,0.6723133798839303
35.5,0.6522568703069994,-54.92043527301561,-0.018964953913077155,0.6711552901457224
35.75,0.6474856846411539,-54.75279119765764,-0.019204643501214647,0.6699973358083064
36.0,0.642654493534237,-54.585436593816986,-0.019444992696672124,0.6688395172459473
36.25,0.6377677488064696,-54.41842078706162,-0.0196491089997431,0.667286956091029
36.5,0.6328298660844834,-54.25179310614311,-0.019854108245001417,0.6657345106500199
36.75,0.6278406229034424,-54.085553522069695,-0.020059990416224874,0.6641821814231154
37.0,0.6227997986575121,-53.91970200574595,-0.02026675549686447,0.6626299689111459
37.25,0.6177128689461111,-53.75428126156331,-0.020428856956636703,0.6607359993090596
37.5,0.6125852797393175,-53.58933399834436,-0.02059203468161864,0.6588421217090574
37.75,0.6074167613391996,-53.4248601929618,-0.020756288658821558,0.656948336720215
38.0,0.6022070449724424,-53.26085982219248,-0.0209216188750235,0.6550546449514789
38.25,0.5969611789492902,-53.09736963578945,-0.021045512126902845,0.6528668578607587
38.5,0.5916841840401864,-52.934426387372035,-0.021170648005791888,0.6506791412057714
38.75,0.5863757515542769,-52.77203005922143,-0.02129702650154932,0.6484914956878588
39.0,0.581035568131202,-52.61018063350127,-0.021424647604057954,0.6463039220136608
39.25,0.5756682830867976,-52.448909511722775,-0.021513866918784222,0.6438650603478232
39.5,0.5702785195848581,-52.28824809906308,-0.02160447100694316,0.641426249544435
39.75,0.5648659324943689,-52.1281963827025,-0.021696459861459863,0.6389874903869552
40.0,0.5594301738875603,-51.96875434948092,-0.021789833474820323,0.6365487836583703
40.25,0.5539755181250493,-51.809948602867415,-0.021847659132525378,0.6338971951107258
40.5,0.5485062188662255,-51.65180574926539,-0.021906989984899976,0.6312456396999298
40.75,0.5430218970948664,-51.49432578019403,-0.02196782602712742,0.6285941182786355
41.0,0.5375221803032527,-51.33750868718987,-0.022030167254437842,0.6259426316948705
41.25,0.5320109869211201,-51.181376773464784,-0.022059642586627203,0.6231126805528199
41.5,0.5264922251140166,-51.025952345410374,-0.022090724065513635,0.6202827465389423
41.75,0.5209654920647122,-50.87123539868105,-0.02212341168891782,0.617452830560964
42.0,0.5154303858871894,-50.717225928568745,-0.02215770545386682,0.6146229335291838
42.25,0.5098905017425694,-50.56394239007566,-0.022161652660502136,0.6116453751579984
42.5,0.5043494177100108,-50.41140324081053,-0.02216728954141032,0.6086678195001624
42.75,0.49880671464160736,-50.259608480025086,-0.022174616096207758,0.605690267506361
43.0,0.49326196965492874,-50.10855810667312,-0.0221836323242509,0.6027127201333302
43.25,0.4877184684777026,-49.958267136299874,-0.02216466716313794,0.5996150414737836
43.5,0.48217948924211823,-49.80875058683006,-0.022147459630699362,0.5965173525820517
43.75,0.4766445911189018,-49.66000846071995,-0.022132009728259648,0.5934196544542005
44.0,0.4711133369996867,-49.512040760193656,-0.022118317457039585,0.5903219480830033
44.25,0.46558872711896326,-49.36485943157891,-0.022078862903463323,0.5871286771838158
44.5,0.46007375385783633,-49.218476423388694,-0.02204122003598976,0.5839353844803111
44.75,0.45456796457684945,-49.072891740925584,-0.02200538885769291,0.580742070995498
45.0,0.4490709084790798,-48.92810538951632,-0.02197136937183152,0.5775487377521287
45.25,0.44358531765233483,-48.78412658103183,-0.0219136683288381,0.5742817251513995
45.5,0.43811392126847126,-48.64096452974607,-0.02185782064978261,0.5710146804342533
45.75,0.43265625392210005,-48.49861924349535,-0.021803826339063526,0.5677476046508035
46.0,0.4272118529950046,-48.35709072989449,-0.021751685401010856,0.5644804988480169
46.25,0.42178320343822656,-48.21638576986562,-0.021677812535253367,0.5611591732821853
46.5,0.41637278817467305,-48.07651114649033,-0.021605823703363815,0.5578378064600723
46.75,0.4109801340881331,-47.93746686988893,-0.021535718911072838,0.5545163994477224
47.0,0.40560477084931756,-47.79925294996122,-0.021467498164006504,0.5511949533107634
47.25,0.4002489526648137,-47.661874010491914,-0.02137937093366961,0.5478365540814014
47.5,0.39491492763467884,-47.52533467705968,-0.02129314863978804,0.5444781055377491
47.75,0.38960221952786533,-47.389634961732725,-0.021208831289197767,0.5411196087584081
48.0,0.3843103530212843,-47.254774876610405,-0.02112641888882419,0.5377610648209517
48.25,0.37904136521875725,-47.12075713578547,-0.021025807843287614,0.5343808529168297
48.5,0.37379729021140334,-46.98758445495381,-0.02092711399022753,0.5310005846424904
48.75,0.3685776490804541,-46.85525684814754,-0.020830337337676204,0.5276202610804125
49.0,0.3633819619740629,-46.72377432897863,-0.020735477893320663,0.5242398833168654
49.25,0.35821206539494876,-46.59313792561381,-0.02062401627212585,0.5208513331892347
49.5,0.3530697938104894,-46.463348667605004,-0.020514476465676182,0.5174627205530985
49.75,0.3479546675529265,-46.3344065705016,-0.020406858482592723,0.514074046495343
50.0,0.3428662041619721,-46.20631164932671,-0.02030116233145178,0.5106853121042172
50.25,0.3378060542836593,-46.079063448193736,-0.02018035504252739,0.5073002858245177
50.5,0.3327758663642605,-45.95266151205249,-0.02006146746986069,0.503915191749167
50.75,0.32777516156051434,-45.8271058579508,-0.01994449962306398,0.5005300309640551
51.0,0.3228034563906878,-45.702396502067735,-0.019829451511140204,0.4971448045566922
51.25,0.3178622295929852,-45.57853168629138,-0.019700683523848815,0.4937737099705788
51.5,0.31295295544970264,-45.45550965316393,-0.019573827257867958,0.49040254308372616
51.75,0.3080751553733455,-45.33333042065748,-0.01944888272353698,0.4870313049780487
52.0,0.30322835263328685,-45.211994006484446,-0.019325849930898517,0.483659996733354
52.25,0.29841386163206945,-45.091497513911854,-0.01919039412616997,0.48031193102271336
52.5,0.29363299637228574,-44.97183804723868,-0.019056836894411296,0.4769637892231889
52.75,0.28888528323677876,-44.85301562542325,-0.018925178246162605,0.4736155724119044
53.0,0.2841702476694626,-44.73503026711797,-0.018795418192219117,0.47026728165978643
53.25,0.27948905394215706,-44.617878085074416,-0.018654442715203216,0.466950161645859
53.5,0.2748428689157495,-44.50155519289595,-0.018515348177928062,0.46363296241511603
53.75,0.2702312218953694,-44.38606161028162,-0.018378134591305266,0.4603156850358551
54.0,0.26565364496943455,-44.27139735679242,-0.018242801966761167,0.4569983305659699
54.25,0.26111116107964494,-44.15755768738207,-0.018097377113666338,0.4537190109384243
54.5,0.25660480044026845,-44.04453785803627,-0.0179538116842319,0.45043960957219575
54.75,0.2521340995190347,-43.93233788924048,-0.017812105690097918,0.4471601275174199
55.0,0.24769859199703342,-43.82095780088513,-0.017672259142354624,0.4438805658301198
55.25,0.24329917774052,-43.710392110097835,-0.01752336381172776,0.4406449463990128
55.5,0.2389367582034993,-43.60063533471996,-0.017376303047120456,0.4374092432592607
55.75,0.23461087363158015,-43.491687495396334,-0.017231076860170086,0.4341734574484868
56.0,0.2303210661173206,-43.38354861269988,-0.01708768526256023,0.4309375900049605
56.25,0.22606811785226574,-43.276212573068996,-0.016936213013326942,0.42775071296328926
56.5,0.22185281053880668,-43.16967326339193,-0.016786547616703056,0.42456375074955643
56.75,0.21767469483627214,-43.0639307048497,-0.01663868908489815,0.4213767043813746
57.0,0.21353331674140738,-42.95898491819744,-0.01649263742942913,0.41818957488525743
57.25,0.20942934913263545,-42.854829255431454,-0.016339402159377556,0.415055712995606
57.5,0.2053634687341986,-42.75145706892802,-0.016187943609164077,0.4119217649261825
57.75,0.20133522913794508,-42.648868380082426,-0.016038261791075405,0.4087877316821328
58.0,0.1973441885974609,-42.54706321000179,-0.015890356716802646,0.4056536142687741
58.25,0.1933909173412335,-42.44603446253237,-0.015736097990644717,0.4025763507689456
58.5,0.1894759927513873,-42.34577504178433,-0.015583583823007334,0.3994990005002321
58.75,0.185598978635897,-42.24628496937787,-0.015432814226066113,0.3964215644507056
59.0,0.18175943972839773,-42.14756426669687,-0.01528378921199905,0.3933440436055794
59.25,0.17795785513130027,-42.0496054663127,-0.015129177274455993,0.390326344611781
59.5,0.17419470960874578,-41.95240110163752,-0.014976276055091865,0.38730855864123187
59.75,0.17046957502892057,-41.85595119416821,-0.014825085566146375,0.38429068666193755
60.0,0.16678202417441823,-41.76025576534265,-0.014675605819898782,0.3812727296399593
60.25,0.16313245105748597,-41.665307045973805,-0.014521246303107506,0.3783170097355307
60.5,0.15952126035953934,-41.57109726763713,-0.014368562298586227,0.37536120298135295
60.75,0.15594803157488038,-41.47762645178138,-0.01421755381794574,0.3724053103312737
61.0,0.1524123441913663,-41.38489461961821,-0.01406822087340659,0.3694493327337332
61.25,0.14891451895550586,-41.292893761948584,-0.013914659212065444,0.36655751430701583
61.5,0.14545487826009676,-41.20161586965828,-0.013762736768599543,0.3636656094771036
61.75,0.14203301427700832,-41.111060964383846,-0.01361245355558953,0.3607736191707702
62.0,0.13864851638874343,-41.021229067277474,-0.013463809584702016,0.35788154431426794
62.25,0.13530163196684766,-40.93211198357107,-0.013311535176955151,0.3550551113001961
62.5,0.1319926158180988,-40.843701518819024,-0.013160862854615131,0.3522285926010419
62.75,0.12872106753384524,-40.75599769433144,-0.013011792630038328,0.3494019891205886
63.0,0.12548658669969318,-40.66900053118849,-0.012864324514956567,0.3465753017671547
63.25,0.12228935757573518,-40.58270169819535,-0.01271377462505343,0.3438153482219473
63.5,0.1191295692295379,-40.49709286413973,-0.012564789070726036,0.34105530995776007
63.75,0.11600683354632901,-40.412174050274174,-0.012417367863913939,0.33829518785439516
64.0,0.11292075590366753,-40.32794527715563,-0.012271511016107052,0.3355349828017728
64.25,0.10987146508673792,-40.24439812051398,-0.012123074452109854,0.33284225683256313
64.5,0.1068590910830844,-40.161524155656075,-0.011976164051733316,0.33014944732926826
64.75,0.10388325543230915,-40.0793234036446,-0.011830779827077698,0.3274565551507482
65.0,0.10094357502483547,-39.997795884978984,-0.01168692178985535,0.3247635811620489
65.25,0.09804012352896674,-39.91693312010464,-0.011540942357401572,0.3221385246128247
65.5,0.09517298142569233,-39.83672662972601,-0.011396450669242796,0.3195133859071884
65.75,0.09234177537262084,-39.7571764340983,-0.011253446736714544,0.31688816588726254
66.0,0.08954613387198136,-39.678282553508254,-0.0111119305716268,0.3142628653931119
66.25,0.08678608337898512,-39.60003648734907,-0.010968710325238197,0.3117056496982659
66.5,0.08406165718110878,-39.52242973526635,-0.010826939308940492,0.30914835339511
66.75,0.08137249264267034,-39.44546231731644,-0.010686617534247426,0.30659097730455065
67.0,0.07871822713291557,-39.36913425322013,-0.010547745012127727,0.3040335222465613
67.25,0.07609884515583334,-39.293437051196726,-0.010407547308391094,0.3015440807618728
67.5,0.07351433525634174,-39.21836221938793,-0.010268760360822922,0.2990545603687798
67.75,0.07096434735789718,-39.143909777596214,-0.010131384180599619,0.2965649618639321
68.0,0.06844852581342764,-39.07007974492315,-0.009995418778288495,0.29407528604938077
68.25,0.06596681856359941,-38.99686366471841,-0.009858471154315027,0.2916533432440215
68.5,0.06351917572055112,-38.92425307970589,-0.009722895971137832,0.28923132336015933
68.75,0.06110525598114835,-38.85224800925134,-0.009588693239829756,0.2868092271708559
69.0,0.05872471523096223,-38.780848472581106,-0.009455862971247932,0.2843870554532586
69.25,0.05637746392923189,-38.710046069820216,-0.009322359844744957,0.28203215320303104
69.5,0.05406342291240239,-38.639832402169894,-0.00919019110635571,0.2796771758097803
69.75,0.05178225677301307,-38.57020748821258,-0.009059356766797352,0.2773221240280719
70.0,0.04953363196731661,-38.50117134634909,-0.008929856835791762,0.27496699861486035
70.25,0.047317432586441256,-38.43271565515849,-0.008799962043737293,0.2726785198729355
70.5,0.04513354379009834,-38.3648320927048,-0.008671363938747442,0.2703899680199363
70.75,0.04298164244020767,-38.29752067717682,-0.008544062531345223,0.26810134378743744
71.0,0.040861404449735475,-38.230781426713584,-0.008418057831881813,0.2658126479099018
71.25,0.03877268405429411,-38.16460611440655,-0.008291907024858367,0.26358983803395414
71.5,0.03671534479679034,-38.09898651357417,-0.008167015635031347,0.2613669571526691
71.75,0.03468907099735216,-38.03392264170462,-0.008043383672006209,0.2591440059782199
72.0,0.032693547884133686,-37.969414516387445,-0.007921011145922058,0.2569209852226982
72.25,0.030728608485062134,-37.90545402041061,-0.007798714025155126,0.25476297111257074
72.5,0.028794089432210034,-37.84203303641541,-0.0076776395483825755,0.25260488816860943
72.75,0.02688968506594086,-37.77915158182616,-0.007557787725666711,0.25044673708165355
73.0,0.02501509256736419,-37.71680967339864,-0.007439158566173269,0.2482885185402291
73.25,0.023170122253040836,-37.65499931636702,-0.007320800996532172,0.24619432586450232
73.5,0.021354591646575116,-37.59371251574035,-0.007203629852833723,0.2441000665725927
73.75,0.019568206805275396,-37.53294928841339,-0.007087645144889999,0.2420057413320727
74.0,0.01781067009281551,-37.47270965054003,-0.006972846881390014,0.23991135081740775
74.25,0.016081776132205496,-37.412985740466674,-0.006858492868369509,0.2378799194362428
74.5,0.014381327550566333,-37.35376969613342,-0.006745289666597036,0.23584842369128972
74.75,0.012709035371855712,-37.295061533671706,-0.006633237285414692,0.2338168642344962
75.0,0.01106461340379034,-37.236861269250475,-0.006522335734040645,0.2317852417173849
75.25,0.009447840263693795,-37.179161182655214,-0.006412029284825045,0.22981543952456607
75.5,0.007858506025569697,-37.1219535547162,-0.00630283867702542,0.22784557524644988
75.75,0.006296329283305319,-37.06523840030041,-0.006194763918723138,0.22587564951822142
76.0,0.004761031355553575,-37.009015735012596,-0.006087805019104817,0.22390566296835573
76.25,0.00325238196170439,-36.95327798858331,-0.005981571883148219,0.2219962982681621
76.5,0.001770154714201738,-36.898017590781464,-0.005876420295762894,0.2200868737802823
76.75,0.0003140800845507398,-36.843234556505244,-0.005772350265354859,0.2181773901173636
77.0,-0.0011161123826429024,-36.788928900379936,-0.00566936180015605,0.21626784788855044
77.25,-0.0025206620599349107,-36.735093208113945,-0.005567211101236175,0.21441768046735962
77.5,-0.003899803645332551,-36.68172006516483,-0.005466108364388621,0.21256745555492498
77.75,-0.005253801508071976,-36.628809485411026,-0.005366053596744864,0.21071717374892204
78.0,-0.006582917252951306,-36.57636148301595,-0.0052670468068122325,0.20886683563942804
78.25,-0.007887397570072726,-36.52436880424259,-0.005168972583561644,0.2070745866369252
78.5,-0.009167485543056735,-36.47282419453704,-0.005071913462110257,0.20528228244242758
78.75,-0.010423436982742548,-36.42172766752078,-0.0049758694502209586,0.20348992363123378
79.0,-0.011655504935976377,-36.37107923710619,-0.004880840555694967,0.20169751077731754
79.25,-0.012863941534982897,-36.32087181330804,-0.004786823186270779,0.19996187148597222
79.5,-0.01404899741852715,-36.271098305950176,-0.004693788803112796,0.19822617928900893
79.75,-0.015210917303973726,-36.2217587282822,-0.004601737413818904,0.1964904347419015
80.0,-0.016349947750992022,-36.17285309308475,-0.004510669025446903,0.19475463840220972
80.25,-0.017466346361723888,-36.12437447751148,-0.004420676571511815,0.19307427809052088
80.5,-0.01856036473328043,-36.07631595823258,-0.004331635744856524,0.1913938671405739
80.75,-0.019632241452108908,-36.028677548158406,-0.004243546553060681,0.18971340608907744
81.0,-0.020682215987073094,-35.98145925946604,-0.004156409002572671,0.18803289547827984
81.25,-0.021710547542479263,-35.93465433797811,-0.004070398467240492,0.1864064683291553
81.5,-0.02271749141661824,-35.88825602943131,-0.003985308965743797,0.18477999278545526
81.75,-0.023703278410939648,-35.842264345622205,-0.003901140504509723,0.1831534693677947
82.0,-0.02466813845005219,-35.79667929883121,-0.0038178930906066708,0.18152689859854848
82.25,-0.025612333095928887,-35.75149430443499,-0.003735811587407413,0.1799530498577238
82.5,-0.02653611926940836,-35.706702777797744,-0.0036546212940609876,0.17837915493687453
82.75,-0.027439718494694454,-35.66230473057774,-0.003574322216895777,0.17680521433974328
83.0,-0.02832335510698334,-35.61830017434121,-0.0034949143624593768,0.1752312285723729
83.25,-0.029187289106083345,-35.57468269487675,-0.0034167002092760565,0.17370859997313143
83.5,-0.03003177698203277,-35.53144587798075,-0.003339348214626746,0.1721859273722132
83.75,-0.030857034969165337,-35.48858973470228,-0.003262858384300224,0.17066321125918163
84.0,-0.031663278348685125,-35.446114275769084,-0.003187230724592094,0.1691404521207809
84.25,-0.03245076533959899,-35.40401325778897,-0.0031128144681199094,0.16766768666027723
84.5,-0.03321975447532999,-35.36228043620235,-0.00303923208951562,0.16619487934092128
84.75,-0.033970451381393256,-35.320915821507555,-0.002966483594723436,0.16472203063305416
85.0,-0.034703066381117684,-35.27991942427912,-0.002894568989633528,0.1632491410104947
85.25,-0.035417855471572245,-35.23928517003574,-0.0028238743496639893,0.16182488714927512
85.5,-0.036115071514039615,-35.199006984171845,-0.002753986075767302,0.16040059352420652
85.75,-0.03679491634623736,-35.159084876474985,-0.0026849041729657755,0.15897626059312558
86.0,-0.03745759183483307,-35.11951885690685,-0.0026166286471396363,0.1575518888121424
86.25,-0.038103350514711094,-35.08030301947726,-0.0025495734012492763,0.1561748041246083
86.5,-0.03873244382961627,-35.04143145788364,-0.0024832977718727764,0.15479768172633804
86.75,-0.03934506362621114,-35.00290418182971,-0.002417801764647294,0.15342052205572648
87.0,-0.03994140914933876,-34.96472120000335,-0.0023530853842780794,0.15204332555773653
87.25,-0.04052172719820279,-34.9268767735389,-0.0022895821914944575,0.1507120799360603
87.5,-0.04108626457377398,-34.88936516292897,-0.0022268326221510856,0.14938079860411477
87.75,-0.041635208025840045,-34.85218637710836,-0.0021648366809257635,0.14804948198905404
88.0,-0.042168747090291704,-34.81534042468247,-0.0021035943729577483,0.14671813051670196
88.25,-0.042687125137534566,-34.77882173163212,-0.002043551529282546,0.14543140891926465
88.5,-0.043190583826069995,-34.7426247230103,-0.001984237062605615,0.14414465356246695
88.75,-0.04367930514573969,-34.70674940756038,-0.0019256509779162212,0.14285786485900917
89.0,-0.04415347009561323,-34.6711957933727,-0.0018677932797203228,0.14157104321958713
89.25,-0.04461331808603156,-34.635958468806265,-0.0018111154304281535,0.14032754805822886
89.5,-0.0450590861307923,-34.60103202195936,-0.001755141449251131,0.1390840210373751
89.75,-0.045490947947683526,-34.5664164609481,-0.0016998713412590613,0.1378404625513261
90.0,-0.045909080015950995,-34.53211179332545,-0.0016453051102858218,0.13659687299836468
90.25,-0.04631371633970664,-34.49811276769006,-0.0015918938970217317,0.13539532617115727
90.5,-0.04670508405190386,-34.46441413262094,-0.0015391627698937704,0.1341937493209039
90.75,-0.04708335447572566,-34.43101589550881,-0.0014871117324233227,0.13299214283639926
91.0,-0.04744869613633338,-34.397918063750105,-0.0014357407891182061,0.13179050709880705
91.25,-0.04780133610244842,-34.36511554336028,-0.0013854954523068105,0.1306296517018212
91.5,-0.04814149755318212,-34.332603240281834,-0.0013359071325463184,0.12946876806743704
91.75,-0.04846934317494686,-34.30038116161726,-0.0012869758337187912,0.12830785656836977
92.0,-0.048785040314783715,-34.26844931417183,-0.0012387015601342949,0.1271469175781207
92.25,-0.04908880479557186,-34.23680275896466,-0.0011915194945609012,0.1260255193641964
92.5,-0.049380853369552224,-34.205436556576856,-0.0011449720788350437,0.12490409463981945
92.75,-0.049661344090489445,-34.17435071379338,-0.0010990593169145774,0.12378264376338732
93.0,-0.0499304359187973,-34.14354523702535,-0.0010537812123909349,0.12266116709342038
93.25,-0.05018834207465008,-34.11301533853421,-0.0010095584762224719,0.12157801565959833
93.5,-0.05043526671587341,-34.082756231447476,-0.000965948710945963,0.12049483937845946
93.75,-0.05067136621337333,-34.05276792113239,-0.0009229519186964227,0.11941163860283882
94.0,-0.050896793336244084,-34.02305041423059,-0.0008805681036428287,0.11832841367882146
94.25,-0.05111175339920551,-33.99359907159011,-0.0008391998888974961,0.11728232343801276
94.5,-0.051316443712818745,-33.96440925448691,-0.0007984236383460908,0.11623620996074796
94.75,-0.05151101470866496,-33.935480968521695,-0.0007582393547064872,0.11519007358679753
95.0,-0.05169561403207474,-33.90681421943433,-0.0007186470416496865,0.1141439146482975
95.25,-0.05187043657778382,-33.87840451395679,-0.0006800280984077742,0.11313372561505038
95.5,-0.05203567493250432,-33.85024735842532,-0.0006419807719707099,0.11212351489542921
95.75,-0.05219147378624264,-33.822342758220174,-0.000604505065041408,0.11111328281635455
96.0,-0.052337975030329865,-33.7946907187503,-0.0005676009809500587,0.11010302969799189
96.25,-0.052475367954143586,-33.76728688855153,-0.0005316260155026065,0.1091276080853402
96.5,-0.052603835070472144,-33.740126916270235,-0.0004962029632946327,0.10815216627669424
96.75,-0.0527235155436351,-33.713210806844884,-0.00046133182745474594,0.10717670458552968
97.0,-0.05283454762877679,-33.686538565391096,-0.000427012610176275,0.10620122332509005
97.25,-0.052937110560534975,-33.66010597929062,-0.00039357663143674976,0.10525946198401252
97.5,-0.053031379757111745,-33.633908835968825,-0.00036067349134961957,0.10431768187837015
97.75,-0.05311749003073204,-33.607947139945175,-0.00032830319263198876,0.10337588331034207
98.0,-0.05319557619715459,-33.5822208956994,-0.0002964657373017432,0.10243406658479035
98.25,-0.053265806686248564,-33.55672602622049,-0.00026546438720946586,0.10152488531363998
98.5,-0.053328351857341784,-33.531458454273825,-0.000234977414533169,0.10061568665249022
98.75,-0.053383338697669626,-33.506418184380806,-0.00020500482199197617,0.09970647089011721
99.0,-0.05343089694864487,-33.48160522048444,-0.0001755466115278409,0.09879723831840581
99.25,-0.053471189947258815,-33.45701561721922,-0.00014687645150518458,0.09791958404122758
99.5,-0.053504376644016055,-33.432645429838416,-0.00011870280620229073,0.09704191368548322
99.75,-0.05353058192584983,-33.40849466179264,-9.102567735398692e-05,0.09616422753121764
100.0,-0.05354992983591144,-33.38456331729546,-6.384506726677536e-05,0.09528652586207112
100.25,-0.053562576008955746,-33.36084757982346,-3.740384515033002e-05,0.09443937102949274
100.5,-0.05356867177395986,-33.33734363289853,-1.1441857449639992e-05,0.09359220137590189
100.75,-0.05356833653843043,-33.31405148025108,1.404089360694527e-05,0.09274501717244447
101.0,-0.053561690651629315,-33.29097112558735,3.904440550970417e-05,0.09189781868862765
101.25,-0.053548880253761276,-33.26809887751713,6.335752179967985e-05,0.09108016481006818
101.5,-0.05353005011004368,-33.24543104449811,8.720811626221348e-05,0.09026249730983625
101.75,-0.053505315233818525,-33.222967629982804,0.00011059618703106872,0.08944481644955023
102.0,-0.053474790641523384,-33.200708637391514,0.00013352173195272515,0.088627122489045
102.25,-0.05343861588713493,-33.178650497039044,0.00015580594711646356,0.08783799824704254
102.5,-0.05339692462166518,-33.15678963928066,0.00017764380185646134,0.08704886152544578
102.75,-0.053349830499915,-33.13512606744142,0.0001990352937183415,0.0862597125762075
103.0,-0.05329744337149696,-33.11365978432039,0.00021998042136224527,0.08547055165150004
103.25,-0.05323989441597449,-33.09238733857961,0.00024033312539141483,0.08470901256166184
103.5,-0.05317731187335507,-33.07130527906579,0.0002602550936616002,0.0839474620797816
103.75,-0.05310980349351653,-33.05041360848108,0.0002797463248367313,0.08318590045202585
104.0,-0.05303747517914481,-33.02971232971556,0.0002988068172727551,0.08242432791882626
104.25,-0.0529604507321464,-33.00919810633017,0.00031732342596060836,0.08168945610022994
104.5,-0.05287884929564783,-32.98886760229415,0.00033542440288122227,0.08095457392413224
104.75,-0.05279277299132431,-32.968720820396186,0.00035310974636963005,0.0802196816248918
105.0,-0.05270232851227945,-32.948757762383124,0.00037037945593783317,0.07948477944021441
105.25,-0.052607597619631574,-32.928814817941806,0.000387516177436327,0.08005877383388534
105.5,-0.05250854255919031,-32.90872837618422,0.0004049776880019895,0.08063275844255119
105.75,-0.052405081561821214,-32.88849843955411,0.00042276398620207795,0.08120673308095297
106.0,-0.052297133799437415,-32.8681250105228,0.0004408750708239442,0.08178069756668385
106.25,-0.05218464412979279,-32.847621716614384,0.00045908498644323115,0.08224565116381193
106.5,-0.052067569129748685,-32.827002185791834,0.0004775580255644771,0.08271059438630277
106.75,-0.05194584266835309,-32.80626642062531,0.0004962941868048784,0.08317552708483292
107.0,-0.051819399499538066,-32.7854144232446,0.0005152934688868391,0.08364044910836634
107.25,-0.051688212451304796,-32.76445888035796,0.0005342426103639927,0.08400389219386313
107.5,-0.05155226206398314,-32.74341247805058,0.000553397470699997,0.08436732450148102
107.75,-0.05141149624708257,-32.7222752189916,0.000572758048112236,0.08473074591425897
108.0,-0.05126586481825254,-32.70104710610036,0.0005923243410497839,0.08509415631732055
108.25,-0.05111536472231911,-32.67973992231404,0.0006117117529917324,0.08536330973150294
108.5,-0.05095999794417592,-32.658365451784974,0.0006312515642007896,0.0856324521364005
108.75,-0.05079972766099636,-32.63692369680073,0.0006509437731202217,0.08590158344421993
109.0,-0.05063451345537367,-32.61541466092502,0.0006707883777199442,0.0861707035675534
109.25,-0.05046437392320176,-32.593849262459955,0.0006903442308235086,0.08635248216743993
109.5,-0.05028933263344161,-32.57223842068855,0.0007100030757211037,0.08653424967589404
109.75,-0.05010936478653577,-32.55058213830057,0.0007297649105899931,0.08671600603607703
110.0,-0.04992444188909052,-32.528880418454236,0.0007496297335039676,0.08689775118507644
110.25,-0.04973460089427307,-32.50714335326077,0.0007691134812905578,0.08699876795377973
110.5,-0.04953988085957944,-32.48538103534969,0.0007886545536366987,0.08709977368329103
110.75,-0.04934026848764267,-32.463593467336715,0.0008082529492854859,0.08720076834252478
111.0,-0.04913574957427421,-32.44178065207241,0.0008279086663610519,0.08730175189849007
111.25,-0.04892637240184511,-32.41995189254855,0.0008471072537469607,0.08732832262077912
111.5,-0.048712194838858865,-32.39811649169016,0.0008663210718204625,0.08735488247939877
111.75,-0.04849321188773848,-32.376274452142944,0.000885550119264826,0.08738143146454702
112.0,-0.04826941950685269,-32.35442577666812,0.0009047943944034617,0.08740796956752661
112.25,-0.04804087793305574,-32.3325790158669,0.0009235205153390255,0.08736611803817389
112.5,-0.047807659700315176,-32.31074271875813,0.0009422231808399253,0.087324255926081
112.75,-0.04756976879904574,-32.288916888700896,0.0009609023882360332,0.08728238323991415
113.0,-0.04732721098158127,-32.267101528124265,0.000979558136372717,0.08724049999301983
113.25,-0.04708005899830558,-32.24530446999632,0.0009976485418678946,0.0871359636825439
113.5,-0.046828391645596976,-32.22353354721782,0.0010156800495189633,0.08703141715471237
113.75,-0.046572223309071244,-32.201788762345124,0.0010336526576412639,0.08692686044276336
114.0,-0.04631156930062827,-32.180070117810864,0.0010515663650426874,0.08682229358093414
114.25,-0.04604651197263408,-32.158384764529096,0.0010688802321464769,0.08666052968728412
114.5,-0.04577713619636937,-32.13673985382284,0.0010861028452574042,0.08649875602297238
114.75,-0.045503466577299805,-32.11513538777831,0.001103234203332637,0.08633697264194466
115.0,-0.045225525861138295,-32.09357136859932,0.0011202743055618788,0.08617517959690986
115.25,-0.04494340218117121,-32.072054299582504,0.0011366916577817063,0.0859613714721573
115.5,-0.04465719002896515,-32.05059068348717,0.0011529883329812196,0.08574755409758276
115.75,-0.04436691858811029,-32.0291805231046,0.0011691643288738174,0.08553372753603136
116.0,-0.04407261787725211,-32.0078238204041,0.001185219644734531,0.08531989185762995
116.25,-0.04377438176621197,-31.98652646433075,0.0012006398382766945,0.08505895573570928
116.5,-0.04347230978761815,-31.96529434329331,0.0012159127104252113,0.08479801093357416
116.75,-0.04316643734079867,-31.944127459735604,0.001231038259377891,0.08453705753301291
117.0,-0.04285680255136118,-31.923025815377553,0.0012460164845175675,0.0842760956179322
117.25,-0.04254350221175498,-31.901994717173256,0.00126035674506203,0.0839726875931396
117.5,-0.04222663725700561,-31.88103947212903,0.0012745256724944337,0.08366927150339612
117.75,-0.04190625299149794,-31.86016008218834,0.0012885232656662249,0.08336584744810865
118.0,-0.04158239001386242,-31.83935654920713,0.001302349524035927,0.08306241552312825
118.25,-0.04125514906721281,-31.818633629906365,0.0013155435487958514,0.08272093874773052
118.5,-0.04092463433717574,-31.79799608048518,0.001328544719712936,0.08237945456383448
118.75,-0.04059089454492425,-31.777443903011367,0.0013413530352777217,0.0820379630811709
119.0,-0.040253975567463046,-31.75697709933654,0.0013539684949568573,0.08169646440707347
119.25,-0.03991398031555316,-31.736599906573,0.0013659651197970232,0.08132107647472854
119.5,-0.03957101084723147,-31.716316561702406,0.00137774971948873,0.08094568181445888
119.75,-0.03922512301821826,-31.696127066184804,0.0013893222933457627,0.08057028054956443
120.0,-0.038876368025272855,-31.67603142174608,0.001400682840759511,0.08019487279710716
120.25,-0.03852484642533163,-31.656033375973173,0.0014114447538577102,0.07978949325343185
120.5,-0.03817066385924046,-31.636136675680195,0.001421977687482541,0.07938410768568935
120.75,-0.037813876948729445,-31.61634132247713,0.0014322816411952086,0.07897871622626247
121.0,-0.037454542333774515,-31.596647318073657,0.0014423566130825488,0.07857331900223737
121.25,-0.0370927592093353,-31.57705794859552,0.0014518591418351615,0.0781416369735443
121.5,-0.03672863236573229,-31.55757650007954,0.0014611178226705476,0.07770994964118354
121.75,-0.0363622212247179,-31.53820297426442,0.0014701326539810558,0.0772782571399442
122.0,-0.03599358605304164,-31.51893737216852,0.0014789036351559454,0.07684655960646895
122.25,-0.0356228268055398,-31.499782546847154,0.0014871335907316041,0.0763920415038273
122.5,-0.03525004106689961,-31.480741351604454,0.001495106787943963,0.07593751881555835
122.75,-0.03487529492034775,-31.46181378756053,0.0015028232270244135,0.07548299169211221
123.0,-0.03449865071342308,-31.44299985598593,0.0015102829067656781,0.0750284602734663
123.25,-0.03412020463127492,-31.424302003730464,0.0015172374814099582,0.07455435751465059
123.5,-0.03374005373500821,-31.40572267750262,0.001523924227370313,0.07408025089836567
123.75,-0.033358264529032906,-31.387261878466056,0.0015303431436033965,0.07360614057481227
124.0,-0.03297490442584645,-31.368919607520372,0.0015364942296822587,0.0731320266970167
124.25,-0.032590063193915796,-31.35069793123353,0.001542179959247915,0.07264138349095203
124.5,-0.032203835772341566,-31.332598916197064,0.0015475885091805197,0.07215073714750903
124.75,-0.031816291191736075,-31.31462256312565,0.001552719878909578,0.07166008782253128
125.0,-0.0314274993901215,-31.296768872467975,0.001557574068615647,0.07116943567558742
125.25,-0.031037545814135467,-31.279039555784397,0.0015620058470792939,0.07066509676411402
125.5,-0.030646519691749214,-31.261436324333403,0.001566152703135558,0.0701607554253515
125.75,-0.03025449289774692,-31.243959178259022,0.001570014637190531,0.06965641182201524
126.0,-0.029861535563650683,-31.22660811864031,0.0015735916484364496,0.06915206611487751
126.25,-0.029467731645092768,-31.209384524973796,0.0015767918028242317,0.06863668449387533
126.5,-0.029073162905939157,-31.192289776791522,0.0015797007926628276,0.06812130114351982
126.75,-0.02867790455606976,-31.175323874464024,0.0015823186170269288,0.06760591623048266
127.0,-0.028282027165018722,-31.15848681877471,0.0015846452758483676,0.06709052991692126
127.25,-0.027885610581884646,-31.141779680656057,0.0015866426938618214,0.0665665745124259
127.5,-0.02748873124364614,-31.12520353156584,0.0015883440996243628,0.06604261806137823
127.75,-0.02709146335244066,-31.108758371721223,0.0015897494924380362,0.0655186607293332
128.0,-0.026693881111951277,-31.092444201318095,0.001590858872710016,0.06499470268721289
128.25,-0.026296056678512744,-31.076261805213832,0.0015916881855347828,0.06446446595429703
128.5,-0.025898062159403226,-31.060211968266408,0.0015922179339477455,0.06393422883614763
128.75,-0.025499972190030622,-31.044294690861648,0.0015924481175123573,0.0634039915015342
129.0,-0.025101863165814167,-31.028509972517533,0.001592378737466968,0.06287375412388167
129.25,-0.024703799644657878,-31.01285833316706,0.0015920795488275838,0.06233935956001124
129.5,-0.024305847712476947,-30.997340292712693,0.0015914784439805818,0.061804965250654036
129.75,-0.023908083729188557,-30.981955850758318,0.0015905754232124411,0.06127057136658841
130.0,-0.023510585011122794,-30.966705006979165,0.0015893704870666783,0.06073617808147233
130.25,-0.023113408549069958,-30.95158803638071,0.0015879866595388328,0.06019958764178844
130.5,-0.022716616235300184,-30.936605213167642,0.0015862996729975737,0.05966299807109578
130.75,-0.022320283075556252,-30.921756537271406,0.0015843095275987831,0.05912640954139912
131.0,-0.02192448684040267,-30.907042008190206,0.0015820162239752536,0.05858982222416413
131.25,-0.021529277904314748,-30.892461675168548,0.0015795952136831853,0.05805284361046867
131.5,-0.021134713129085835,-30.878015586376634,0.0015768708235197257,0.05751586645345269
131.75,-0.020740867608896933,-30.86370374169708,0.0015738430528187339,0.056978890923550046
132.0,-0.02034781640479245,-30.849526140761476,0.0015705119022154934,0.056441917192853436
132.25,-0.01995560788580026,-30.835482624854095,0.001567104136035967,0.05590621102008956
132.5,-0.019564289287423733,-30.821573035177575,0.0015633937060445524,0.05537050685968543
132.75,-0.019173936309110132,-30.807797371093162,0.0015593806133119767,0.05483480488538473
133.0,-0.01878462562444461,-30.79415563214621,0.0015550648575083231,0.05429910526670411
133.25,-0.01839639613669215,-30.780647469991333,0.00155072316207739,0.05376619207859889
133.5,-0.01800929002213395,-30.76727253562763,0.001546080379443572,0.053233281432496816
133.75,-0.017623381543293494,-30.754030828989553,0.0015411365093251778,0.05270037349698202
134.0,-0.017238746647434845,-30.740922348674218,0.0015358915526628297,0.05216746844167881
134.25,-0.016855419389322786,-30.727946573349506,0.0015306706178821808,0.05163873558859893
134.5,-0.01647343682973562,-30.715102980568535,0.0015251509560394658,0.051110005776713104
134.75,-0.016092869501426493,-30.702391570097763,0.0015193325674176042,0.05058127916944796
135.0,-0.015713793497016276,-30.689812341067036,0.0015132154521914284,0.05005255593665732
135.25,-0.015336240458639759,-30.67736461330244,0.0015071713458541108,0.04952926429445809
135.5,-0.014960233968694845,-30.665047708255504,0.0015008315845760137,0.049005976152906444
135.75,-0.014585848953203537,-30.652861624954678,0.0014941961686353866,0.048482691680569075
136.0,-0.014213161223598413,-30.640806362033395,0.001487265099138331,0.04795941104604556
136.25,-0.01384218984914721,-30.628881097991474,0.0014804548196317366,0.04744270154258171
136.5,-0.013472958546787307,-30.617085010855426,0.0014733526025040994,0.04692599597524401
136.75,-0.013105538038119117,-30.605418099740437,0.0014659584480787163,0.0464092945069413
137.0,-0.012740001860055687,-30.593880363657195,0.0014582723570920539,0.04589259730373204
137.25,-0.01237636727383803,-30.582470851950404,0.0014507534171314812,0.04538349731678746
137.5,-0.012014648717179208,-30.571188614870792,0.0014429468371533818,0.044874401665645575
137.75,-0.011654917108267257,-30.56003365103221,0.0014348526176803586,0.04436531051077532
138.0,-0.011297246252379494,-30.54900595939968,0.0014264707594128026,0.04385622401767357
138.25,-0.010941643923633037,-30.538104474500248,0.0014183008201186231,0.043355653554697636
138.5,-0.010588118750556187,-30.5273281320024,0.0014098480576811775,0.042855087791698825
138.75,-0.010236741742797418,-30.516676930600244,0.0014011124727223226,0.04235452689018257
139.0,-0.009887585713716278,-30.506150868445697,0.0013920940672201426,0.04185397101358803
139.25,-0.009540651570312557,-30.4957487786975,0.0013833305927829775,0.04136274872774433
139.5,-0.009195943427061688,-30.48546949338163,0.0013742895765646024,0.04087153148069221
139.75,-0.008853529506643322,-30.475313012061317,0.0013649710174756038,0.040380319424495756
140.0,-0.00851348156501463,-30.465279332774088,0.0013553749173814758,0.03988911271963617
140.25,-0.008175795005281523,-30.455367198366822,0.0013460748756643284,0.039407961744421585
140.5,-0.007840467451785973,-30.44557535093098,0.0013365029795639888,0.03892681610695245
140.75,-0.007507566800907791,-30.435903789549375,0.001326659229082039,0.038445675960720654
141.0,-0.007177161721577359,-30.426352512218088,0.0013165436259633956,0.037964541460020235
141.25,-0.006849242577099064,-30.416920182441338,0.0013067632084429043,0.03749409503891201
141.5,-0.006523802009796866,-30.40760546388766,0.0012967169820621086,0.03702365422590859
141.75,-0.006200906386278101,-30.398408354393723,0.0012864049485052098,0.03655321917000558
142.0,-0.00588062141414033,-30.38932885353513,0.0012758271078297523,0.03608279002401474
142.25,-0.005562935546570749,-30.380365555072153,0.0012656214846346672,0.03562359697258145
142.5,-0.005247833039652526,-30.371517054202325,0.0012551564086435221,0.035164409766588196
142.75,-0.004935378984805069,-30.362783349822454,0.0012444318803686155,0.03470522855362527
143.0,-0.004625638286730777,-30.35416443966164,0.0012334479015595895,0.03424605348017427
143.25,-0.00431859265728135,-30.345658860282597,0.00122287100824673,0.033798583433559765
143.5,-0.004014222998538164,-30.337265147713758,0.001212041283954697,0.03335111944218419
143.75,-0.003712592690382225,-30.3289832998494,0.0012009587299901467,0.03290366164811208
144.0,-0.0034137662579485314,-30.320813315792993,0.0011896233461972106,0.03245621019657295
144.25,-0.0031177186975218474,-30.312753682198554,0.0011787276942657188,0.03202085869331427
144.5,-0.0028244242142580543,-30.30480288565055,0.001167586055872874,0.03158551342137947
144.75,-0.002533944693851368,-30.29696092488703,0.001156198431313843,0.03115017451935002
145.0,-0.002246343822238987,-30.289227798094153,0.001144564821863009,0.030714842129639455
145.25,-0.001961593081879295,-30.281601951148275,0.0011334013274782104,0.030291935470835408
145.5,-0.0016796631177941937,-30.27408182985768,0.0011219988762534855,0.02986903519538453
145.75,-0.0014006131442490174,-30.266667432811357,0.0011103574682889486,0.02944614143802528
146.0,-0.0011245033328955271,-30.25935875865837,0.001098477104047868,0.02902325433267412
146.25,-0.0008513017995139492,-30.252154220008197,0.0010870949519921555,0.028613054291077165
146.5,-0.0005809750197246364,-30.245052230475732,0.001075481019159663,0.02820286075385863
146.75,-0.00031358047610221526,-30.238052788814997,0.0010636353062875165,0.027792673851857033
147.0,-4.9176493236732346e-05,-30.231155893150575,0.0010515578145059504,0.02738249371600454
147.25,0.00021227371512310057,-30.224359931330753,0.0010400043331419556,0.026985202018698123
147.5,0.0004708068042744773,-30.217663291674086,0.0010282263614478718,0.026587916920302195
147.75,0.0007263671821131856,-30.211065972415504,0.0010162239010415922,0.02619063854858426
148.0,0.0009788992565076175,-30.2045679717745,0.0010039969528622406,0.02579336702959419
148.25,0.001228442691689683,-30.198167659809826,0.0009923175174794685,0.025409129678642745
148.5,0.0014750389938812864,-30.191863406672816,0.0009804209653015358,0.025024898996259485
148.75,0.0017186335755031725,-30.18565520992878,0.0009683072978628263,0.024640675105566768
149.0,0.00195917349065441,-30.179543068587343,0.0009559765151155031,0.024256458127830716
149.25,0.002196701409775241,-30.173525340128478,0.0009442144646778297,0.02388536953063598
149.5,0.0024312626600059206,-30.167600382971884,0.0009322427236637884,0.023514287645434784
149.75,0.002662804402229012,-30.16176819531957,0.0009200612942139447,0.023143212593183693
150.0,0.002891274715341699,-30.156028775515377,0.0009076701758703731,0.022772144488690544
150.25,0.003116721776006658,-30.150380476207914,0.0008958667456657188,0.022414251393931054
150.5,0.003339192908517515,-30.144821649441973,0.0008838610777462536,0.02205636503190191
150.75,0.003558636270811518,-30.139352292983606,0.0008716531745689218,0.021698485521576067
151.0,0.003775002576781895,-30.133972406205107,0.0008592430352254224,0.021340612973773043
151.25,0.003988341224376091,-30.12868033997061,0.0008474373114332398,0.020995918254841126
151.5,0.004198705151814286,-30.123474446478507,0.0008354368049145952,0.020651230269422796
151.75,0.004406044234936081,-30.11835472436665,0.000823241516388025,0.020306549126406982
152.0,0.004610310343746097,-30.11332117165848,0.0008108514471925898,0.019961874937063303
152.25,0.004811555659073908,-30.1083721447935,0.0007990803366889759,0.01963034116829251
152.5,0.005009836054246784,-30.103506000631413,0.0007871218766775448,0.019298814110677256
152.75,0.005205101478298394,-30.09872273721648,0.0007749760685738238,0.01896729387213125
153.0,0.005397306547827888,-30.09402235291923,0.0007626429128171491,0.018635780558171805
153.25,0.005586507438073116,-30.089403213517887,0.0007509411236617178,0.018317333446324538
153.5,0.0057727629678758175,-30.084863685742963,0.0007390593751208513,0.017998893000089146
153.75,0.005956024102563555,-30.080403766975977,0.0007269976702300798,0.017680459328881768
154.0,0.006136247311925054,-30.076023455549613,0.000714756009244949,0.017362032532504956
154.25,0.006313490963066464,-30.071721131240107,0.000703156035962299,0.017056564153022164
154.5,0.006487811626243037,-30.067495173050826,0.0006913834352533232,0.016751102386611094
154.75,0.006659167601660287,-30.063345579289916,0.0006794382075668501,0.016445647327306273
155.0,0.006827516191359038,-30.05927234855081,0.0006673203539265746,0.01614019907381564
155.25,0.006992915536875708,-30.055273877262813,0.0006558524929549878,0.01584757097752172
155.5,0.007155427426023454,-30.051348562283707,0.0006442192564961799,0.015554949414560685
155.75,0.007315011960382437,-30.047496401887123,0.0006324206451345932,0.015262334477869002
156.0,0.007471624453056637,-30.043717394664938,0.0006204566595515645,0.014969726262956432
156.25,0.0076253286389101355,-30.040009957817755,0.0006091490174673572,0.014689772381058522
156.5,0.00777618720943626,-30.03637250861973,0.0005976831584495954,0.014409824940161877
156.75,0.007924158284058366,-30.03280504511136,0.0005860590833751123,0.014129884030853707
157.0,0.008069203649391841,-30.02930756597736,0.0005742767928124462,0.013849949740428852
157.25,0.008211384477598045,-30.025878512006628,0.0005631553125774735,0.01358247917205987
157.5,0.008350767286892123,-30.0225163252095,0.0005518826655982051,0.013315014935416857
157.75,0.008487312839844278,-30.01922100375302,0.0005404588524693249,0.013047557119077176
158.0,0.008620982857322507,-30.015992545728196,0.0005288838743811447,0.012780105806753591
158.25,0.008751842730669396,-30.012829419345547,0.0005179723692782176,0.012524905416680235
158.5,0.008879955916993842,-30.009730092257254,0.000506916627564559,0.012269711239714789
158.75,0.009005287651706391,-30.00669456286074,0.0004957166500654253,0.01201452335746795
159.0,0.009127802129156771,-30.003722830065108,0.0004843724374089878,0.011759341850817763
159.25,0.009247563146286834,-30.000813389651906,0.0004736926273931838,0.011516178760558155
159.5,0.009364636823906241,-29.997964739276014,0.00046287537966165776,0.011273021751988747
159.75,0.009478988946471307,-29.995176878048902,0.000451920694062434,0.011029870900612563
160.0,0.0095905865493305,-29.992449803407748,0.0004408285724719699,0.010786726282349024
160.25,0.009699492591461014,-29.9897820442977,0.00043040013235325775,0.010555350187348258
160.5,0.009805775737013692,-29.98717212837608,0.0004198409114543958,0.010323980028579077
160.75,0.009909402517950961,-29.984620054091344,0.0004091509113364686,0.010092615881474995
161.0,0.010010341340491077,-29.98212581999008,0.0003983301321515559,0.009861257815895181
161.25,0.010108656155585575,-29.979687987822828,0.00038817074776792415,0.009641403178507185
161.5,0.010204415583433582,-29.97730511834525,0.00037788709027893747,0.009421554323424177
161.75,0.010297589511638588,-29.97497721030496,0.00036747916025326594,0.009201711320580789
162.0,0.010388145038166149,-29.972704262161383,0.00035694695856589714,0.008981874240303193
162.25,0.010476148594956611,-29.97048486994946,0.0003470723840705639,0.008773262344140687
162.5,0.01056167094774238,-29.968317630316466,0.00033707988574413483,0.008564656063849015
162.75,0.010644679743625691,-29.96620254151992,0.0003269694650509733,0.00835605547186035
163.0,0.010725146335099632,-29.964139602259785,0.00031674112204189975,0.00814746063011523
163.25,0.010803136324638878,-29.962127444632106,0.00030716523642556476,0.00794980150248449
163.5,0.010878719650009638,-29.960164701117243,0.0002974776137800311,0.0077521478233833
163.75,0.010951866235433651,-29.95825137032752,0.000287678254391438,0.007554499655436014
164.0,0.011022548837283555,-29.95638745092254,0.0002777671594666811,0.007356857064363552
164.25,0.011090833701683976,-29.95457161253767,0.00026850203969929626,0.0071698512942713725
164.5,0.011156790452085489,-29.9528025250228,0.00025913119972274107,0.006982850794880797
164.75,0.011220390439812086,-29.951080186486784,0.0002496546409417877,0.006795855627122253
165.0,0.011281608547976354,-29.94940459640606,0.00024007236256731734,0.006608865848058045
165.25,0.01134051143154206,-29.947774462407953,0.0002311283473627329,0.006432206255889771
165.5,0.011397165202848268,-29.94618849278598,0.00022208445604317284,0.006255551752676911
165.75,0.011451546193284005,-29.944646686064708,0.00021294068880119837,0.006078902392952919
166.0,0.011503627859426312,-29.943149040927494,0.00020369704695961943,0.005902258235186824
166.25,0.011553478596578964,-29.941694305163654,0.0001950828085531056,0.005735631452641716
166.5,0.01160116281361194,-29.940281225157268,0.0001863743605376167,0.00556900957112407
166.75,0.011646657921462793,-29.938909800071645,0.00017757170381655502,0.005402392643695582
167.0,0.011689940503552824,-29.93758002843206,0.00016867483885615875,0.005235780721802617
167.25,0.011731075050141865,-29.93629069713719,0.00016039746129661858,0.005078868651503273
167.5,0.011770130210555878,-29.935040593476298,0.00015203136072339252,0.004921961286706008
167.75,0.011807082752399481,-29.93382971598454,0.0001435765382216056,0.0047650586803960815
168.0,0.011841911316907684,-29.932658063312694,0.00013503299447626543,0.004608160880717542
168.25,0.011874679815623936,-29.93152446307196,0.00012709804462542051,0.004460642035668423
168.5,0.011905453617702667,-29.930427742278816,0.00011907967697599026,0.004313127703955881
168.75,0.011934212527351405,-29.92936789907946,0.00011097789334239827,0.00416561793138911
169.0,0.011960936128573985,-29.928344932757675,0.00010279269404783048,0.004018112764070174
169.25,0.01198568777135585,-29.92735771071313,9.520429586653417e-05,0.0038796635429223705
169.5,0.012008533000223691,-29.926405100612342,8.75376029656344e-05,0.0037412186357157775
169.75,0.012029451535076308,-29.92548710128226,7.97926165161944e-05,0.0036027780874220224
170.0,0.012048423140635665,-29.924603711314795,7.196933703159519e-05,0.0034643419440724436
170.25,0.012065512186583171,-29.92375383870188,6.473025073471667e-05,0.0033346377743667817
170.5,0.01208078327371337,-29.92293639180337,5.741780987369299e-05,0.0032049377196115046
170.75,0.012094216146271921,-29.92215136920642,5.0032014771730915e-05,0.0030752418222064963
171.0,0.012105793156697624,-29.92139877071326,4.257286536409055e-05,0.002945550124192619
171.25,0.012115576881166107,-29.92067754390984,3.56845647435447e-05,0.002824266529440814
171.5,0.012123629947224187,-29.919986637431172,2.872766588576936e-05,0.0027029868501563807
171.75,0.012129935710950645,-29.919326050336718,2.1702169092675805e-05,0.0025817111245696324
172.0,0.01213447565608521,-29.918695781549722,1.4608075012398358e-05,0.0024604393939225942
172.25,0.012137311006821902,-29.91809482001682,8.070823092766466e-06,0.0023472529741201975
172.5,0.012138505089104827,-29.91752215472063,1.4695462752026267e-06,0.0022340702679029953
172.75,0.012138039274373146,-29.91697778434001,-5.195754244326223e-06,0.002120891316598447
173.0,0.012135900461236252,-29.91646170840449,-1.1925078745401996e-05,0.002007716152604922
173.25,0.012132146759015559,-29.91597295570865,-1.8112152582239194e-05,0.0019023054742831125
173.5,0.01212683837921504,-29.915510554851277,-2.435885860437026e-05,0.0017968983127779879
173.75,0.012119961903836048,-29.915074505801478,-3.066519687631303e-05,0.0016914947007158382
174.0,0.01211150131073815,-29.914664807294155,-3.703116685323249e-05,0.0015860946719746154
174.25,0.01210151522675264,-29.91428052799902,-4.2869997366863644e-05,0.0014881410838876682
174.5,0.012090061459447823,-29.913920736527654,-4.8764247672132555e-05,0.0013901908174142883
174.75,0.012077129173979833,-29.913585432683973,-5.471391785687174e-05,0.0012922438986042203
175.0,0.012062700275760169,-29.9132746145774,-6.0719006391825314e-05,0.0011943003636388423
175.25,0.012046834665301936,-29.912987390929356,-6.62125118249951e-05,0.0011034887435022358
175.5,0.01202959051164101,-29.91272286998962,-7.175740308130313e-05,0.0010126802440995105
175.75,0.012010952101084053,-29.91248105038398,-7.735367873108745e-05,0.0009218748988310804
176.0,0.011990909106215553,-29.912261932292967,-8.30013398528881e-05,0.0008310727323742611
176.25,0.011969516429283669,-29.912064661829202,-8.815335152884823e-05,0.0007470921436036393
176.5,0.011946829706968204,-29.91188838631929,-9.3352890713716e-05,0.0006631144805755562
176.75,0.011922836545204707,-29.91173310462759,-9.859995597755883e-05,0.000579139772892496
177.0,0.011897526329689089,-29.911598816212983,-0.00010389454735698633,0.0004951680464512446
177.25,0.011870952234503006,-29.91148470644078,-0.00010870974028555358,0.00041771234060329566
177.5,0.011843167535002495,-29.911389960104394,-0.00011356877388798287,0.0003402593718137742
177.75,0.011814163091837089,-29.911314576308413,-0.00011847164736263072,0.00026280916515880425
178.0,0.01178392862070711,-29.911258555110532,-0.0001234183612145029,0.00018536174241829412
178.25,0.011752514008141556,-29.911221118692282,-0.0001279021782255932,0.00011413010279611082
178.5,0.011719973669644038,-29.911201490048064,-0.00013242631946637495,4.29010125698326e-05
178.75,0.011686297000709138,-29.911199668047466,-0.00013699078469702614,-2.832550691642176e-05
179.0,0.0116514742630332,-29.91121565197184,-0.00014159557291951869,-9.954943276161804e-05
179.25,0.011615556424165544,-29.911248701969082,-0.00014575416085808868,-0.00016485201975309312
179.5,0.011578593557700651,-29.911298077421474,-0.0001499497237653774,-0.00023015224279144693
179.75,0.011540578093244094,-29.911363777892728,-0.00015418226170785254,-0.00029545008405354765
180.0,0.011501499771253301,-29.91144580215259,-0.00015845177351728884,-0.00036074551995492915
180.25,0.011461407032045037,-29.91154344664519,-0.00016229192181038687,-0.00042040784825791544
180.5,0.011420350448329388,-29.91165600601416,-0.0001661658583947609,-0.0004800679955947682
180.75,0.011378321632142302,-29.9117834804478,-0.00017007358275126366,-0.0005397259416180536
181.0,0.01133531147238462,-29.91192586903066,-0.00017401509517818436,-0.0005993816684473844
181.25,0.011291368036583956,-29.912082502590476,-0.00017754416473429735,-0.0006536859408097136
181.5,0.0112465383253674,-29.912252711636654,-0.0001811039952471019,-0.0007079882090340682
181.75,0.011200813261836197,-29.912436496061414,-0.00018469458668379096,-0.000762288452743863
182.0,0.01115418674176359,-29.91263385518469,-0.0001883159384681657,-0.0008165866576892415
182.25,0.011106704356697686,-29.912844154512996,-0.00019154180414173577,-0.0008658081696024071
182.5,0.011058412606533997,-29.913066758699333,-0.00019479555910024288,-0.0009150278501007542
182.75,0.011009304354686257,-29.913301668135265,-0.00019807720332894185,-0.0009642456829680224
183.0,0.010959372798785304,-29.913548881615,-0.0002013867357022192,-0.0010134616512893866
183.25,0.010908660246150247,-29.9138077979811,-0.00020431772667341835,-0.001057868528022047
183.5,0.010857211602473816,-29.914077816058086,-0.00020727388674940395,-0.001102273739514905
183.75,0.010805021086523417,-29.914358934719772,-0.0002102552148046874,-0.0011466772718803785
184.0,0.010752081669952864,-29.91465115424073,-0.00021326171110456343,-0.0011910791089297572
184.25,0.010698436321804389,-29.914953905505318,-0.00021590655219822646,-0.0012309320719937073
184.5,0.010644127550554617,-29.91526662016985,-0.0002185739896494454,-0.0012707835334413485
184.75,0.010589148573755883,-29.91558929748062,-0.00022126402225248337,-0.0013106334792817198
185.0,0.010533494431516627,-29.91592193706786,-0.00022397664970916914,-0.0013504818965547059
185.25,0.010477204838497251,-29.91626400176255,-0.00022634441218601087,-0.0013860340847118807
185.5,0.010420319254413071,-29.916614954023515,-0.00022873233952246802,-0.0014215849253731657
185.75,0.010362836363529315,-29.916974794136397,-0.00023114043249177624,-0.0014571344124160025
186.0,0.010304747514678558,-29.917343521060797,-0.00023356868953879756,-0.0014926825297342282
186.25,0.010246093888416833,-29.917720629166975,-0.0002356687302892263,-0.001524179349877612
186.5,0.010186912878806423,-29.918105610990015,-0.00023778664418409173,-0.001555674977708034
186.75,0.010127200288933096,-29.918498466562642,-0.00023992243109105527,-0.0015871694021106005
187.0,0.010066951970514368,-29.918899195688805,-0.0002420760916308981,-0.0016186626145976459
187.25,0.010006202643280683,-29.919307320695008,-0.00024391801335000435,-0.0016463416340930287
187.5,0.00994499005338372,-29.919722365677007,-0.0002457756510375192,-0.0016740196065191792
187.75,0.00988331095951871,-29.920144330048785,-0.00024764900467109247,-0.0017016965235239299
188.0,0.009821163843226139,-29.920573214072153,-0.0002495380742947445,-0.0017293723788954123
188.25,0.009758580589616893,-29.9210085683418,-0.00025113167014473303,-0.001753463248771186
188.5,0.00969559693727325,-29.92144994564551,-0.0002527389541845046,-0.0017775532120878077
188.75,0.009632210504567952,-29.921897345004385,-0.00025435992542871544,-0.0018016422634342937
189.0,0.009568415785232019,-29.922350766666877,-0.0002559945845594311,-0.0018257303919419746
189.25,0.009504247425773072,-29.922809789529094,-0.0002573498005910904,-0.001846454790328237
189.5,0.00943973929220677,-29.923273993923463,-0.00025871680236236316,-0.0018671784186102065
189.75,0.009374887798341974,-29.923743378988828,-0.00026009558837254004,-0.0018879012692210745
190.0,0.009309691029621123,-29.924217944942008,-0.00026148615980823436,-0.0019086233389574248
190.25,0.009244179963593111,-29.9246972973665,-0.0002626130497688367,-0.001926194964036859
190.5,0.009178385824731145,-29.925181042792985,-0.000263749943078255,-0.001943765949433007
190.75,0.009112305646557272,-29.925669180640995,-0.00026489683896103317,-0.0019613362891195106
191.0,0.009045937322900165,-29.926161710755736,-0.0002660537367312754,-0.001978905976266673
191.25,0.008979309976596227,-29.926658265336926,-0.00026696242491996286,-0.0019935305442561617
191.5,0.00891245420619949,-29.927158476137237,-0.0002678794499293355,-0.002008154595345007
191.75,0.008845369539797155,-29.927662342800453,-0.0002688048114242794,-0.002022778127217094
192.0,0.008778052526604192,-29.92816986550606,-0.0002697385101186958,-0.00203740113408793
192.25,0.008710529973588932,-29.928680700360097,-0.0002704391476971435,-0.002049276415540621
192.5,0.008642831854988119,-29.929194503876932,-0.00027114656753193106,-0.0020611512998153737
192.75,0.00857495631278943,-29.92971127602992,-0.0002718607696805195,-0.002073025782089963
193.0,0.00850690153940662,-29.930231016564246,-0.0002725817541369413,-0.002084899858486915
193.25,0.008438693698648896,-29.930753406113492,-0.00027308449047839384,-0.00209421572649455
193.5,0.008370359517862585,-29.931278124433017,-0.0002735925627463387,-0.0021035313108000286
193.75,0.008301897681870393,-29.931805171540802,-0.00027410597000658565,-0.0021128466046295598
194.0,0.008233306875469129,-29.93233454745427,-0.00027462471250714465,-0.0021221616065363663
194.25,0.008164611111425312,-29.932865955104305,-0.00027493966457763086,-0.002129100109520326
194.5,0.008095837515998525,-29.933399097832563,-0.0002752586076866237,-0.0021360384342852656
194.75,0.008026982653056203,-29.9339339746354,-0.000275581541369925,-0.0021429765768851343
195.0,0.007958046518803528,-29.934470586229875,-0.00027590846629164945,-0.0021499145346436863
195.25,0.007889053060533517,-29.935008656652773,-0.00027604568190804646,-0.00215464998570614
195.5,0.007820024362937635,-29.935547911150152,-0.00027618564259372647,-0.0021593853567038993
195.75,0.0077509593268980485,-29.93608834893519,-0.00027632834810582124,-0.0021641206472707954
196.0,0.007681859272523115,-29.936629971197494,-0.00027647379919523707,-0.0021688558563280036
196.25,0.007612745220313375,-29.93717252268815,-0.000276443234432322,-0.002171554936514284
196.5,0.007543638325575826,-29.937715748863745,-0.00027641426308288447,-0.0021742540341150762
196.75,0.007474537768230979,-29.93825964965499,-0.00027638688489364793,-0.002176953146467454
197.0,0.007405443688088646,-29.938804224970596,-0.00027636109954342486,-0.002179652273869124
197.25,0.007336377782351315,-29.93934924086075,-0.0002761725909481913,-0.0021804741579856055
197.5,0.00726735843187045,-29.9398944623478,-0.0002759846141606112,-0.002181296148545964
197.75,0.007198385318208839,-29.940439888941484,-0.00027579716818735417,-0.002182118245379677
198.0,0.007129458824716662,-29.940985521265986,-0.00027561025353779744,-0.0021829404481228457
198.25,0.007060598128215424,-29.94153114357062,-0.00027527349650455224,-0.0021820369337954013
198.5,0.0069918227533795835,-29.94207653967235,-0.0002749362945438649,-0.0021811336118117567
198.75,0.006923130621767355,-29.942621710059584,-0.00027459864734610817,-0.0021802304791745945
199.0,0.006854524453456278,-29.943166655122862,-0.00027426055580166697,-0.00217932753894914
199.25,0.006786018160582493,-29.943711176451128,-0.0002737850832266464,-0.0021768431936529907
199.5,0.006717631378158458,-29.944255076672416,-0.0002733082707010309,-0.0021743591181470987
199.75,0.00664936438660062,-29.944798355810335,-0.0002728301187011825,-0.0021718753127360326
200.0,0.006581217414177429,-29.945341014115236,-0.00027235062685222744,-0.0021693917779198493
200.25,0.006513205600947575,-29.945882871054604,-0.00027174578470290367,-0.0021654640908772512
200.5,0.0064453451464265565,-29.946423746548927,-0.0002711387868516782,-0.002161536746437873
200.75,0.0063776358346425265,-29.946963639983814,-0.0002705296321688991,-0.0021576097445483782
201.0,0.006310079212640324,-29.94750255139074,-0.0002699183206825023,-0.002153683087985313
201.25,0.0062426890147576275,-29.948040316804825,-0.00026919325677612904,-0.0021484426346929054
201.5,0.006175482040495461,-29.948576772227142,-0.0002684652932571918,-0.0021432025934489227
201.75,0.006108456328775573,-29.949111917553147,-0.0002677344302079651,-0.0021379629639467906
202.0,0.006041613652696163,-29.94964575306569,-0.0002670006677390896,-0.0021327237483327
202.25,0.005974967551882816,-29.950178129985023,-0.00026616431310899635,-0.002126294367346291
202.5,0.005908530721677298,-29.95070889978791,-0.00026532438586329005,-0.0021198654602988636
202.75,0.005842304280448361,-29.951238062568255,-0.0002644808856795272,-0.002113437028647899
203.0,0.005776289399615419,-29.951765618193583,-0.00026363381260041674,-0.002107009076568184
203.25,0.005710499417061739,-29.952291432839402,-0.0002626948697319123,-0.0020995080380554016
203.5,0.005644944035835196,-29.95281537252532,-0.00026175174740025037,-0.0020920075317687357
203.75,0.005579623801776505,-29.953337436698053,-0.0002608044447761082,-0.002084507558466479
204.0,0.005514541821608352,-29.953857626122957,-0.0002598529622740986,-0.00207700812373123
204.25,0.00544970770619613,-29.954375820394617,-0.00025881989418247153,-0.002068546314522333
204.5,0.005385132109296087,-29.954891899331006,-0.0002577821016376408,-0.0020600850905442562
204.75,0.005320817487964194,-29.95540586327625,-0.0002567395854676732,-0.0020516244564365007
205.0,0.005256762727017518,-29.955917711493196,-0.00025569234375470706,-0.0020431644112875653
205.25,0.005192979202560787,-29.95642733781461,-0.0002545733564424321,-0.0020338465269540496
205.5,0.005129475853128376,-29.95693463476151,-0.00025344915939623514,-0.0020245292771588633
205.75,0.005066253558996081,-29.957439602038146,-0.0002523197522956641,-0.002015212663924777
206.0,0.005003314798141084,-29.957942240684808,-0.00025118513632164247,-0.002005896692019537
206.25,0.004940668663902676,-29.95844245543538,-0.00024998817445847504,-0.001995821425417691
206.5,0.004878321423909737,-29.95894015129193,-0.0002487855734225608,-0.001985746837240506
206.75,0.00481627486436989,-29.95943532886573,-0.0002475773330616188,-0.001975672928871637
207.0,0.004754532852940388,-29.95992798806851,-0.00024636345348631045,-0.0019655997084739012
207.25,0.0046930999656091,-29.96041804567956,-0.0002450961965630369,-0.0019548599402597435
207.5,0.004631984712451329,-29.9609054184427,-0.00024382292341872808,-0.0019441208914715324
207.75,0.004571188277508618,-29.96139010608535,-0.00024254363290488606,-0.0019333825628130537
208.0,0.004510712588130196,-29.96187210923119,-0.00024125832660969182,-0.0019226449600930886
208.25,0.004450565389619647,-29.96235135639154,-0.00023992817506977154,-0.0019113279591058585
208.5,0.004390749347254408,-29.962827773647145,-0.00023859167889391658,-0.001900011710424632
208.75,0.0043312691732208825,-29.963301362509473,-0.00023724883938156666,-0.0018886962205144377
209.0,0.004272126229289677,-29.963772122489335,-0.0002358996555696935,-0.0018773814920502088
209.25,0.004213324306186246,-29.9642399914105,-0.00023451373364716255,-0.0018655691046235163
209.5,0.004154869185092417,-29.964704907084197,-0.00023312118564162293,-0.0018537575009080804
209.75,0.004096762170543605,-29.965166869705968,-0.00023172201179587348,-0.0018419466852828805
210.0,0.004039008187702398,-29.965625880347975,-0.00023031621334743818,-0.0018301366662231329
210.25,0.003981608158175795,-29.96608188545075,-0.0002288813571177037,-0.0018179055170610158
210.5,0.003924567479702985,-29.966534833005312,-0.00022743963740490258,-0.001805675181768459
210.75,0.0038678894108765084,-29.966984723426588,-0.00022599105405968212,-0.001793445665221407
211.0,0.0038115726854745834,-29.967431556030423,-0.0002245356072250182,-0.0017812169686758736
211.25,0.003755623410409958,-29.967875288071305,-0.00022305837146660568,-0.001768638660692425
211.5,0.003700044232382393,-29.968315875473657,-0.00022157407403217838,-0.001756061189757262
211.75,0.00364483752430372,-29.96875331866379,-0.0002200827150018389,-0.0017434845615664787
212.0,0.0035900037941829317,-29.96918761785266,-0.00021858429466649343,-0.0017309087777237758
212.25,0.0035355465393248076,-29.96961873754636,-0.000217070944515875,-0.0017180500778052105
212.5,0.0034814691310983883,-29.97004664293163,-0.00021555037295546003,-0.0017051922366032339
212.75,0.003427772248472755,-29.97047133376881,-0.00021402257954594717,-0.0016923352569068405
213.0,0.0033744574197607756,-29.970892810265642,-0.00021248756479776143,-0.0016794791423576218
213.25,0.0033215281046233033,-29.971311045291166,-0.0002109440775077201,-0.0016664021850192553
213.5,0.0032689860407670206,-29.97172601104497,-0.00020939324385375185,-0.0016533261029570416
213.75,0.0032168317876859615,-29.972137707965693,-0.00020783506416561376,-0.0016402509007000655
214.0,0.003165067880389691,-29.97254613625931,-0.00020626953764435463,-0.0016271765805432907
214.25,0.003113696067837154,-29.972951276031644,-0.00020470160474777427,-0.0016139390533271123
214.5,0.0030627184014727234,-29.9733531062587,-0.00020312623278653102,-0.001600702416130679
214.75,0.0030121335554019724,-29.973751627382455,-0.0002015434223248888,-0.001587466671296175
215.0,0.0029619469233445406,-29.974146839829935,-0.00019995317347935165,-0.0015742318251276667
215.25,0.0029121578358399713,-29.97453872981093,-0.00019836620103459712,-0.0015608871626263076
215.5,0.002862764679281239,-29.974927283533813,-0.00019677172761241313,-0.0015475433985299458
215.75,0.0028137728144705517,-29.975312501653434,-0.00019516975358922078,-0.0015342005409811244
216.0,0.0027651829707719664,-29.975694384154085,-0.00019356027858525443,-0.0015208585919454802
216.25,0.0027169929953806174,-29.97607292334013,-0.0001919593909863876,-0.001507456158907996
216.5,0.00266920526203868,-29.97644811264094,-0.00019035096890367142,-0.0014940546345432399
216.75,0.0026218179156026916,-29.976819950906833,-0.00018873501090004713,-0.0014806540197132667
217.0,0.002574836216439025,-29.977188439246778,-0.00018711151809587545,-0.0014672543214556046
217.25,0.0025282603438170257,-29.97755357605923,-0.00018550155538352847,-0.001453839604199134
217.5,0.002482087712521044,-29.97791535928627,-0.00018388404864661673,-0.0014404257984348533
217.75,0.0024363200287946,-29.978273788904083,-0.0001822589979520381,-0.0014270129099370598
218.0,0.0023909597885810887,-29.978628865567917,-0.0001806264047988504,-0.001413600944269395
218.25,0.0023460049075690772,-29.978980592861596,-0.0001790119354191863,-0.0014002157202871364
218.5,0.002301454485495315,-29.979328973463915,-0.00017738993710092466,-0.001386831412915143
218.75,0.0022573108984895937,-29.97967400847791,-0.00017576041052726893,-0.00137344802510278
219.0,0.0022135748871951366,-29.980015697873554,-0.00017412335532507317,-0.0013600655597689514
219.25,0.002170246094609845,-29.98035404974818,-0.00017250867096883782,-0.0013467480890971225
219.5,0.0021273222348329283,-29.980689072190465,-0.000170886494686745,-0.0013334315332721722
219.75,0.0020848030182393043,-29.9810207653862,-0.00016925682657931845,-0.0013201158949293537
220.0,0.0020426937430180134,-29.981349130218614,-0.00016761966775945963,-0.0013068011829699328
220.25,0.0020009901732190886,-29.981674178603225,-0.00016600879608631713,-0.0012935863683193112
220.5,0.0019596905946651327,-29.981995923815624,-0.00016439048977816978,-0.001280372467323977
220.75,0.0019187967311853713,-29.982314365591293,-0.00016276474821557557,-0.0012671594849539267
221.0,0.0018783092895507522,-29.982629503886596,-0.00016113157102258524,-0.0012539474231539369
221.25,0.0018382256112022273,-29.982941355580138,-0.00015952827794638025,-0.0012408669868709927
221.5,0.0017985450541329613,-29.98324993710542,-0.00015791762344372767,-0.001227787460833167
221.75,0.0017592681241846168,-29.983555249088518,-0.00015629960878716515,-0.0012147088474706315
222.0,0.0017203955003130182,-29.983857291477754,-0.00015467423361475996,-0.0012016311515097786
222.25,0.0016819255280020062,-29.984156084534888,-0.00015308202748953725,-0.0011887138031806894
222.5,0.0016438546101027124,-29.984451648505093,-0.00015148255085766643,-0.0011757973564068382
222.75,0.0016061842938632099,-29.984743983560342,-0.00014987580449800364,-0.0011628818166715754
223.0,0.001568916242792247,-29.985033089421698,-0.00014826178778869215,-0.0011499671879412706
223.25,0.0015320478151030264,-29.985318989947384,-0.00014668392775185612,-0.0011372387738161247
223.5,0.0014955744805773676,-29.985601708750345,-0.00014509890309757217,-0.0011245112537922894
223.75,0.0014594978635794093,-29.985881245543165,-0.00014350671386786223,-0.0011117846325594182
224.0,0.001423820315457737,-29.98615760094824,-0.00014190735957245182,-0.0010990589132159679
224.25,0.0013885385433539637,-29.98643080106492,-0.00014034686436980442,-0.00108654258578855
224.5,0.0013536481481515518,-29.986700872429182,-0.00013877932243689522,-0.0010740271430079386
224.75,0.0013191496919458868,-29.98696781496186,-0.00013720473449991416,-0.0010615125882481617
225.0,0.0012850464410655241,-29.9872316292863,-0.0001356231007533515,-0.0010489989273479421
225.25,0.001251332580742474,-29.98749234349686,-0.00013408275331586172,-0.0010367152854046406
225.5,0.0012180057518342232,-29.98774998707034,-0.00013253548972689405,-0.001024432517031048
225.75,0.0011850646070256806,-29.98800455967248,-0.00013098130978193845,-0.0010121506245499168
226.0,0.001152514165784508,-29.988256062389333,-0.0001294202146473189,-0.0009998696156696429
226.25,0.001120348903358084,-29.988504525561105,-0.00012790256627226437,-0.0009878368603916097
226.5,0.0010885639257462749,-29.98874998065706,-0.00012637814223270816,-0.0009758049661939069
226.75,0.00105716149621782,-29.988992428049045,-0.00012484694266165497,-0.000963773936787473
227.0,0.0010261420171385394,-29.989231867861868,-0.00012330896764460586,-0.0009517437746578955
227.25,0.000995501205196049,-29.989468332691352,-0.000121816352641059,-0.0009399778469337616
227.5,0.000965233424885808,-29.989701856465842,-0.00012031711148721008,-0.0009282127629501937
227.75,0.0009353428621622093,-29.989932439346283,-0.0001188112450092732,-0.0009164485321124139
228.0,0.000905828181155857,-29.990160080521505,-0.00011729875110687987,-0.0009046851524173254
228.25,0.0008766869349676024,-29.99038481620989,-0.0001158332866550496,-0.0008931998698567902
228.5,0.0008479123126111471,-29.990606680759694,-0.00011436135347386162,-0.0008817154175663376
228.75,0.0008195065811444673,-29.990825674073147,-0.0001128829509706164,-0.000870231800258468
229.0,0.0007914709287303126,-29.991041796490027,-0.00011139807947615349,-0.000858749020371753
229.25,0.000763799868848573,-29.991255084398237,-0.00010996167804729756,-0.0008475562107896355
229.5,0.0007364897339880809,-29.991465574431093,-0.00010851897164273344,-0.0008363642155330517
229.75,0.0007095417102173562,-29.991673266692928,-0.00010706996081175091,-0.000825173039733991
230.0,0.0006829560837079692,-29.991878161048255,-0.00010561464444664576,-0.0008139826831699928
230.25,0.0006567269058146192,-29.99208029521584,-0.00010420902069846472,-0.0008030923118834271
230.5,0.0006308519048137162,-29.99227970741678,-0.00010279726250556759,-0.0007922027406280499
230.75,0.0006053295037192105,-29.99247639702375,-0.00010137936866144726,-0.0007813139678947424
231.0,0.0005801617252319347,-29.99267036436868,-9.995533929529898e-05,-0.0007704259980635251
231.25,0.0005553450930670421,-29.992861648323384,-9.858201704640579e-05,-0.0007598462949127095
231.5,0.0005308722477581536,-29.993050287689222,-9.72027341679324e-05,-0.0007492673710098619
231.75,0.0005067443673060565,-29.993236282096724,-9.581749042528176e-05,-0.0007386892287246078
232.0,0.000482964308336791,-29.993419632109333,-9.442628552592397e-05,-0.000728111871683185
232.25,0.00045952452497839837,-29.993600376964572,-9.308660899930155e-05,-0.0007178494396500504
232.5,0.0004364210848450591,-29.99377855663382,-9.174115043946579e-05,-0.0007075877685680015
232.75,0.00041365497850441357,-29.993954171186395,-9.038990923572465e-05,-0.0006973268608313649
233.0,0.0003912271966267711,-29.994127220691325,-8.903288611277621e-05,-0.0006870667194172412
233.25,0.00036913181978912425,-29.994297745074356,-8.772802382466666e-05,-0.0006771266571295199
233.5,0.0003473628835812522,-29.9944657842531,-8.641755929292977e-05,-0.0006671873342746177
233.75,0.0003259240081684953,-29.994631339014223,-8.510149431514152e-05,-0.0006572487586195937
234.0,0.000304813419756698,-29.994794408684974,-8.377982717486937e-05,-0.0006473109266801001
234.25,0.00028402670127701865,-29.99495503433219,-8.251078029004183e-05,-0.0006376969330466889
234.5,0.00026355759190021866,-29.995113256527944,-8.123631515494223e-05,-0.0006280836594255753
234.75,0.0002434077837789081,-29.995269075785735,-7.995643209302711e-05,-0.0006184711079508013
235.0,0.00022357915217788838,-29.995422491945686,-7.867113024676714e-05,-0.0006088592820206756
235.25,0.00020406428538255657,-29.995573545997114,-7.743874328604294e-05,-0.000599573759143915
235.5,0.00018485872736515878,-29.995722278532156,-7.620112212956831e-05,-0.0005902889351090837
235.75,0.00016596397811386107,-29.995868690503013,-7.495826740154532e-05,-0.0005810048128310645
236.0,0.0001473801086337494,-29.99601278102334,-7.371017880584974e-05,-0.0005717213961204135
236.25,0.00012910138873274463,-29.996154591551925,-7.251514533345577e-05,-0.0005627655505508904
236.5,0.00011112120484855245,-29.996294163068978,-7.131506315440767e-05,-0.0005538103809252378
236.75,9.344206951092598e-05,-29.996431496086934,-7.010993264162241e-05,-0.000544855892181875
237.0,7.606559678003248e-05,-29.99656659087306,-6.889975384936908e-05,-0.0005359020863685342
237.25,5.8986063088797926e-05,-29.996699488418496,-6.774262648460289e-05,-0.0005272760231813698
237.5,4.219680075069536e-05,-29.996830229459373,-6.658063585687074e-05,-0.0005186506170891382
237.75,2.5697496958998738e-05,-29.996958813980875,-6.541378192426173e-05,-0.000510025867899636
238.0,9.489696537257173e-06,-29.997085242237628,-6.424206433774948e-05,-0.0005014017795782706
238.25,-6.430643990698592e-06,-29.997209555695807,-6.312326257697926e-05,-0.0004931045885018563
238.5,-2.2071978846961306e-05,-29.997331794125635,-6.199978136353645e-05,-0.0004848080306904911
238.75,-3.743128552123137e-05,-29.997451959164696,-6.087162320994599e-05,-0.00047651211048132836
239.0,-5.250780031884766e-05,-29.99757005013588,-5.973878577202746e-05,-0.000468216828388242
239.25,-6.730837500234398e-05,-29.997686107741433,-5.865859806573892e-05,-0.00046024667737648697
239.5,-8.183811255788936e-05,-29.997800173173204,-5.757391596315081e-05,-0.000452277138546367
239.75,-9.609548229370143e-05,-29.997912246215527,-5.6484739665130235e-05,-0.00044430821460794006
240.0,-0.00011008010012830253,-29.998022327300752,-5.539106991249432e-05,-0.00043633990797170905
240.25,-0.00012379784830084567,-29.998130456687313,-5.4349667734862606e-05,-0.000428694121004232
240.5,-0.0001372547170305459,-29.998236674850084,-5.3303954437942946e-05,-0.0004210489249222033
240.75,-0.0001504502031359228,-29.998340981535808,-5.2253928433797225e-05,-0.00041340432176162773
241.0,-0.00016338207187531828,-29.998443377216518,-5.11995904116172e-05,-0.00040576031227905317
241.25,-0.00017605709048242952,-29.998543901432182,-5.01970325111345e-05,-0.00039843544576465256
241.5,-0.00018848136249479454,-29.99864259463789,-4.919034334306682e-05,-0.00039111114649593293
241.75,-0.0002006526585534852,-29.998739457071036,-4.817952324588648e-05,-0.00038378741997000383
242.0,-0.00021257143933948753,-29.99883448821504,-4.716457116248768e-05,-0.0003764642650150746
242.25,-0.00022424106068900793,-29.99892772882078,-4.6200810964382166e-05,-0.00036945618550288394
242.5,-0.00023567171784852226,-29.99901921627097,-4.5233097108576814e-05,-0.00036244864940633044
242.75,-0.000246858873735676,-29.999108952669502,-4.42614301905328e-05,-0.00035544166157798783
243.0,-0.0002578029291525183,-29.99919693703879,-4.328581030416806e-05,-0.0003484352251688062
243.25,-0.0002685098517912152,-29.99928320868222,-4.23607031238421e-05,-0.00034173916858427114
243.5,-0.00027898456747797685,-29.999367806476556,-4.1431819371703926e-05,-0.0003350436377316461
243.75,-0.00028922587584723404,-29.999450730386446,-4.049915791196762e-05,-0.00032834863444213
244.0,-0.00029923270330106634,-29.999531980824933,-3.956271942925915e-05,-0.00032165416003294105
244.25,-0.0003090126025130055,-29.99961159544903,-3.867603224171762e-05,-0.00031526481463450373
244.5,-0.00031857048088552797,-29.99968961266926,-3.7785739790456574e-05,-0.0003088759720371075
244.75,-0.0003279053933601764,-29.999766033110895,-3.689184281397556e-05,-0.00030248763441182564
245.0,-0.000337016972663114,-29.999840856024736,-3.5994340248049483e-05,-0.00029609980240124617
245.25,-0.0003459092952311568,-29.99991412006627,-3.5145751434435824e-05,-0.0002900113548404334
245.5,-0.0003545898082692844,-29.99998586196833,-3.42937276847019e-05,-0.00028392338867216054
245.75,-0.00036305558409726083,-30.000056081960427,-3.343826860789656e-05,-0.0002778359075603522
246.0,-0.00037130842847636977,-30.000124779890612,-3.2579373319366334e-05,-0.0002717489079405102
246.25,-0.00037935207693905307,-30.00019199283014,-3.1768486399276485e-05,-0.00026595511050153523
246.5,-0.00038719299286176634,-30.000257757075985,-3.095432880036858e-05,-0.0002601617714096844
246.75,-0.00039482863150367017,-30.000322073968672,-3.013690320303325e-05,-0.0002543688952705302
247.0,-0.00040226047594972233,-30.00038494199972,-2.931620662985357e-05,-0.0002485764818843262
247.25,-0.00040949223678694716,-30.00044639777716,-2.8542550578179726e-05,-0.00024307070154474153
247.5,-0.00041653137479978294,-30.000506477321924,-2.7765787379653573e-05,-0.0002375653586952539
247.75,-0.00042337508577067797,-30.00056518084656,-2.6985916881716587e-05,-0.00023206045773666752
248.0,-0.00043002414524471484,-30.000622507534363,-2.620293795384948e-05,-0.00022655599802037926
248.25,-0.000436482236846176,-30.000678493530486,-2.546597756087482e-05,-0.0002213312750471595
248.5,-0.0004427564702226731,-30.00073317327035,-2.472606787869841e-05,-0.00021610696786376513
248.75,-0.0004488442297112713,-30.00078654740619,-2.3983209944740402e-05,-0.00021088308140591297
249.0,-0.00045474737334508513,-30.000838615297834,-2.3237402462836232e-05,-0.000205659615800446
249.25,-0.000460470061366763,-30.000889411026094,-2.2536543004623988e-05,-0.0002007087030057792
249.5,-0.0004660166870423237,-30.000938969337124,-2.183288825474e-05,-0.0001957581895490959
249.75,-0.0004713864822641679,-30.00098729035688,-2.1126439211767434e-05,-0.00019080807527568105
250.0,-0.00047657944333548896,-30.00103437350433,-2.0417194326563526e-05,-0.00018585835967269875
250.25,-0.0004816015501422632,-30.001080252101815,-1.9751782815852215e-05,-0.00018117378115216178
250.5,-0.0004864561376720346,-30.001124960245395,-1.9083726835955606e-05,-0.00017648957984310487
250.75,-0.0004911431930048465,-30.001168497120272,-1.841302551996299e-05,-0.00017180575686352509
251.0,-0.0004956620038982976,-30.001210862842335,-1.773967887349487e-05,-0.0001671223151230585
251.25,-0.0005000175543576665,-30.001252090307467,-1.710901653611402e-05,-0.00016269639422885395
251.5,-0.0005042155633184076,-30.00129221147331,-1.6475856122508126e-05,-0.00015827083147069556
251.75,-0.0005082551772336458,-30.00133122577527,-1.5840194542024455e-05,-0.0001538456268093049
252.0,-0.0005121367630046193,-30.001369133504237,-1.5202033568154083e-05,-0.00014942078242393368
252.25,-0.0005158632157131886,-30.001405966722675,-1.4605377197690617e-05,-0.00014524568878608525
252.5,-0.000519439122573325,-30.001441756517377,-1.4006362757709723e-05,-0.00014107093479425278
252.75,-0.0005228647729634675,-30.001476502723325,-1.3404990048114518e-05,-0.00013689651935158164
253.0,-0.0005261413494339262,-30.001510204911533,-1.2801259853291447e-05,-0.00013272244471320785
253.25,-0.0005292714412966292,-30.00154289379069,-1.2237826883601532e-05,-0.00012879023002080166
253.5,-0.000532261377389555,-30.001574599458657,-1.1672172592826213e-05,-0.0001248583332053994
253.75,-0.0005351087521424024,-30.001605322306343,-1.1104297053594891e-05,-0.0001209267582210364
254.0,-0.000537812251471763,-30.001635063132586,-1.0534201158152179e-05,-0.00011699550578514447
254.25,-0.0005403804068141369,-30.00166384944688,-1.0003175252563945e-05,-0.00011329813514650886
254.5,-0.0005428149012690166,-30.00169171175712,-9.470060031963046e-06,-0.00010960106561313044
254.75,-0.0005451142725768343,-30.00171865018404,-8.934856833307803e-06,-0.00010590430055740729
255.0,-0.0005472798695371699,-30.001744664500887,-8.397564518251854e-06,-0.00010220783794247853
255.25,-0.0005493175589807752,-30.00176978276878,-7.898100253748985e-06,-9.87372252414204e-05
255.5,-0.0005512294695840386,-30.001794033433953,-7.396675003087938e-06,-9.526689686684158e-05
255.75,-0.0005530161048935443,-30.001817416524407,-6.893288176788859e-06,-9.179685261107529e-05
256.0,-0.0005546759838766595,-30.00183993192953,-6.387939900674711e-06,-8.832709425271946e-05
256.25,-0.0005562139605895744,-30.00186160729221,-5.919162696828295e-06,-8.507512921309618e-05
256.5,-0.0005576338280540233,-30.001882469846414,-5.448548154533828e-06,-8.182343042265287e-05
256.75,-0.0005589369617118134,-30.001902519120826,-4.976094946172738e-06,-7.857199768959651e-05
257.0,-0.0005601221264731964,-30.001921755666007,-4.501803687308181e-06,-7.532083164277785e-05
257.25,-0.0005611928942118829,-30.001940205815444,-4.062823227145296e-06,-7.227940400590386e-05
257.5,-0.0005621527996677084,-30.00195789567497,-3.6221224117907735e-06,-6.923822574083914e-05
257.75,-0.0005630024370092226,-30.001974825253978,-3.179703161493297e-06,-6.619729863060579e-05
258.0,-0.0005637423333627187,-30.001990994337643,-2.735564095086851e-06,-6.315662070025117e-05
258.25,-0.0005643749073149838,-30.00200642839955,-2.3254659298407865e-06,-6.031764818022771e-05
258.5,-0.0005649055500549446,-30.002021152996225,-1.9137640647828857e-06,-5.747891001844361e-05
258.75,-0.0005653327793190303,-30.00203516754948,-1.5004566195145341e-06,-5.4640404641267384e-05
259.0,-0.0005656564745321502,-30.0020484727736,-1.0855436151230302e-06,-5.180213355224875e-05
259.25,-0.0005658805728221262,-30.002061092478968,-7.034039921360868e-07,-4.9157587229995035e-05
259.5,-0.0005660092403304035,-30.002073051139597,-3.197688945022481e-07,-4.6513256615557315e-05
259.75,-0.0005660403459536911,-30.002084349109644,6.536162605597085e-08,-4.386914535617007e-05
260.0,-0.0005659762830486402,-30.002094985617873,4.519886180054389e-07,-4.122525097837889e-05
260.25,-0.0005658192060286425,-30.002104984778754,8.071069670864683e-07,-3.876716467474736e-05
260.5,-0.0005655729436261175,-30.002114369717148,1.1636157701902516e-06,-3.630928038385801e-05
260.75,-0.0005652371191636449,-30.002123140017954,1.5215155004452696e-06,-3.3851597764034274e-05
261.0,-0.0005648115587208467,-30.00213129593428,1.8808057814928558e-06,-3.139411811683062e-05
261.25,-0.0005642999265321239,-30.002138859915267,2.209843503526987e-06,-2.911461740437275e-05
261.5,-0.0005637074902594797,-30.002145853194193,2.540171577615491e-06,-2.683530149320434e-05
261.75,-0.0005630323317788287,-30.00215227655901,2.871789889224985e-06,-2.4556173923097414e-05
262.0,-0.0005622734245299102,-30.00215813052729,3.204698120304328e-06,-2.22772342180488e-05
262.25,-0.0005614341557804718,-30.002163436423736,3.5086063945310997e-06,-2.016854994132638e-05
262.5,-0.000560519649860048,-30.002168214801003,3.813707637807806e-06,-1.8060037597514257e-05
262.75,-0.0005595278896193417,-30.00217246599737,4.1200034746891046e-06,-1.5951698363370924e-05
263.0,-0.0005584606246381421,-30.002176189928562,4.42749303510015e-06,-1.3843531098374192e-05
263.25,-0.0005573182893211494,-30.00217940761357,4.7072184101992764e-06,-1.1898013384938122e-05
263.5,-0.0005561067516574138,-30.002182138651722,4.988045491767512e-06,-9.952652874466815e-06
263.75,-0.0005548251249403925,-30.0021843837705,5.269974762460439e-06,-8.007450203509653e-06
264.0,-0.0005534721121643531,-30.002186142362817,5.5530051385546675e-06,-6.062410285176931e-06
264.25,-0.0005520517659814645,-30.002187434344695,5.809494158758033e-06,-4.27254101805698e-06
264.5,-0.00055056795562145,-30.002188278959693,6.06699692168311e-06,-2.482816425765148e-06
264.75,-0.000549020374736874,-30.002188675542577,6.325513912212866e-06,-6.93236956494082e-07
265.0,-0.0005474063906884481,-30.002188625365484,6.585044560587783e-06,1.0961949102721243e-06
265.25,-0.0005457304513424204,-30.002188146279202,6.819242555008986e-06,2.73778760646906e-06
265.5,-0.0005439971625100301,-30.002187256573905,7.054370544552768e-06,4.379249608574367e-06
265.75,-0.0005422036484714821,-30.002185956627727,7.290429570060153e-06,6.0205770233841165e-06
266.0,-0.0005403507988135676,-30.002184246384513,7.527418287398002e-06,7.661770156136027e-06
266.25,-0.00053844208487313,-30.00218214351403,7.740260465190218e-06,9.16230355666308e-06
266.5,-0.0005364799012016295,-30.002179665291322,7.953954065560709e-06,1.0662715213446766e-05
266.75,-0.0005344642776313693,-30.002176811929395,8.168497707544686e-06,1.2163005328912235e-05
267.0,-0.0005323952442051054,-30.002173583640854,8.383891583731151e-06,1.3663174569451894e-05
267.25,-0.0005302759754925146,-30.00216999697361,8.576307812820094e-06,1.502969815827401e-05
267.5,-0.0005281068589833019,-30.00216606885985,8.769498574444368e-06,1.6396111000023826e-05
267.75,-0.0005258897312434092,-30.00216179895234,8.963464586085601e-06,1.776241393239716e-05
268.0,-0.0005236237619202077,-30.00215718773562,9.158205297718491e-06,1.9128606783009377e-05
268.25,-0.0005213127135719687,-30.002152250359398,9.331114715634137e-06,2.0367998553741392e-05
268.5,-0.0005189587974499273,-30.002147003192412,9.504727197261198e-06,2.1607292041354026e-05
268.75,-0.000516560182675061,-30.00214144654902,9.679042929394699e-06,2.2846487677160595e-05
269.0,-0.0005141177740420929,-30.0021355801302,9.85406246176157e-06,2.4085583371893833e-05
269.25,-0.0005116343498092908,-30.00212941891079,1.0008373273071025e-05,2.5204542718292536e-05
269.5,-0.0005091127051496794,-30.002122977862147,1.016331944904414e-05,2.6323414438895828e-05
269.75,-0.0005065519931328558,-30.002116257237635,1.0318900700592715e-05,2.744219834250924e-05
270.0,-0.0005039531435010025,-30.002109256731064,1.0475117692684832e-05,2.8560894239698587e-05
270.25,-0.0005013169201401071,-30.00210199098052,1.061172489250084e-05,2.9565935833878922e-05
270.5,-0.0004986468377769732,-30.00209447400315,1.0748902227478152e-05,3.0570898387803115e-05
270.75,-0.0004959429619280629,-30.002086705767432,1.0886651419197979e-05,3.1575785070413045e-05
271.0,-0.0004932052877808844,-30.002078686019452,1.1024971771009251e-05,3.258059504552247e-05
271.25,-0.0004904343384480812,-30.002070428503657,1.11447563194908e-05,3.347804386128836e-05
271.5,-0.00048763345655900036,-30.002061946562648,1.1265050166561763e-05,3.437542333560248e-05
271.75,-0.00048480287119681683,-30.002053240604067,1.1385854539622264e-05,3.527273682066384e-05
272.0,-0.00048194157169482115,-30.002044310207616,1.1507169402215356e-05,3.616997932998933e-05
272.25,-0.00047905175343561585,-30.00203516810484,1.1610993018808247e-05,3.696596338351193e-05
272.5,-0.0004761375423105246,-30.002025826902983,1.1715270162852842e-05,3.776189183611976e-05
272.75,-0.0004731961737399352,-30.002016286742915,1.1820000001570852e-05,3.8557758722229795e-05
273.0,-0.00047022782814460485,-30.002006547806282,1.1925182878243235e-05,3.9353566745866696e-05
273.25,-0.00046723541169076035,-30.001996621869043,1.2013892322186581e-05,4.005402365900761e-05
273.5,-0.00046422081495054064,-30.00198652054363,1.2103001722219009e-05,4.075442952062645e-05
273.75,-0.0004611834224241057,-30.00197624451205,1.2192509280653518e-05,4.145478568261082e-05
274.0,-0.0004581249250209901,-30.001965792495778,1.2282417619205455e-05,4.215509253792197e-05
274.25,-0.00045504560097129996,-30.001955177114404,1.2356839194184455e-05,4.276575950958393e-05
274.5,-0.00045194811846695215,-30.001944409246352,1.243160852656966e-05,4.3376383244481885e-05
274.75,-0.00044883159731283224,-30.00193348868312,1.2506725970792831e-05,4.39869653847125e-05
275.0,-0.0004456961862225081,-30.001922415375155,1.2582191889279337e-05,4.459750485535902e-05
275.25,-0.00044254354240660617,-30.00191120003824,1.2643134121026467e-05,4.512391924149959e-05
275.5,-0.0004393762216273078,-30.00189985310042,1.2704376707854681e-05,4.56502981398904e-05
275.75,-0.00043619254624081925,-30.00188837485763,1.2765920021785837e-05,4.617664114550728e-05
276.0,-0.00043299349778180114,-30.001876764749117,1.2827764693475185e-05,4.670295013521928e-05
276.25,-0.0004297798054698349,-30.00186503354957,1.2876012925384928e-05,4.715044733286577e-05
276.5,-0.0004265553969388288,-30.00185318977849,1.2924518896707815e-05,4.759791876528475e-05
276.75,-0.00042331875442895106,-30.001841234172353,1.297327991216235e-05,4.804536217095564e-05
277.0,-0.00042006924696884557,-30.001829167181977,1.3022296474783646e-05,4.849277631778793e-05
277.25,-0.000416808902198064,-30.001816997453076,1.3058615991712319e-05,4.886649780141185e-05
277.5,-0.0004135408590359953,-30.001804734005525,1.309515112263987e-05,4.9240202456962595e-05
277.75,-0.00041026155723951677,-30.001792377263982,1.3131900130684826e-05,4.9613881692111296e-05
278.0,-0.00040697318302783966,-30.001779927256663,1.3168863108106721e-05,4.9987540617702576e-05
278.25,-0.0004036776449923802,-30.00176739217999,1.3193998395652495e-05,5.029242831662366e-05
278.5,-0.00040037590336265493,-30.001754780295236,1.3219309157812276e-05,5.059730109674489e-05
278.75,-0.00039706779105492157,-30.00174209337575,1.3244793965964952e-05,5.090215838953458e-05
279.0,-0.00039375287182754265,-30.001729329364476,1.327045642157687e-05,5.120700292070545e-05
279.25,-0.0003904334389623389,-30.001716497559354,1.3285127687320819e-05,5.144779680260364e-05
279.5,-0.00038710930192418575,-30.00170360562186,1.3299938903039987e-05,5.168858235240071e-05
279.75,-0.0003837826750973348,-30.001690653568666,1.331488833299782e-05,5.192936053149389e-05
280.0,-0.0003804519428411537,-30.00167764168922,1.332997709026229e-05,5.21701288485779e-05
280.25,-0.0003771184073059112,-30.0016645761785,1.3334884994699314e-05,5.2351378445455286e-05
280.5,-0.0003737832193838549,-30.001651465732458,1.3339897975320203e-05,5.253262394049523e-05
280.75,-0.0003704465460301491,-30.001638310058787,1.3345016209774518e-05,5.271386729532949e-05
281.0,-0.00036710869942809096,-30.001625109307117,1.3350239820505982e-05,5.289510761785929e-05
281.25,-0.00036377114693442766,-30.001611870109873,1.3346057341927231e-05,5.302116606037652e-05
281.5,-0.0003604344789243243,-30.001598599389222,1.3341950230526256e-05,5.3147227171505705e-05
281.75,-0.00035709990374183906,-30.001585297000002,1.3337917212787043e-05,5.3273291641801607e-05
282.0,-0.0003537656844807653,-30.001571962787512,1.3333959754502356e-05,5.339935784530325e-05
282.25,-0.00035043419149278463,-30.001558603087982,1.3321344895428355e-05,5.3474390115689e-05
282.5,-0.0003471051498253685,-30.001545225112647,1.3308774626727415e-05,5.3549429538946355e-05
282.75,-0.0003437805165496477,-30.001531827977892,1.3296250667281517e-05,5.3624476940476506e-05
283.0,-0.0003404588583214968,-30.001518412412185,1.3283772619582246e-05,5.369953132186269e-05
283.25,-0.0003371412400705047,-30.00150498371355,1.3263355768171337e-05,5.3727511886281154e-05
283.5,-0.00033382799570107083,-30.001491547914117,1.3242957738725247e-05,5.37555039110978e-05
283.75,-0.0003305196171551975,-30.001478105597133,1.3222578156509013e-05,5.37835067066255e-05
284.0,-0.00032721630291875596,-30.001464656461415,1.3202217788818582e-05,5.381152112036181e-05
284.25,-0.0003239189865885672,-30.001451205359412,1.3174603884121006e-05,5.37962410308855e-05
284.5,-0.00032062890187597917,-30.001437758025816,1.3146985220216512e-05,5.378097648660713e-05
284.75,-0.00031734551977870637,-30.001424314893264,1.3119360008660708e-05,5.3765728086932905e-05
285.0,-0.00031406889998168377,-30.001410875216344,1.3091729806416486e-05,5.375049450892686e-05
285.25,-0.00031080116892290245,-30.00139744443212,1.3057501902599689e-05,5.3695566426510594e-05
285.5,-0.00030754063093554705,-30.001384028274337,1.3023244388198074e-05,5.3640654444067435e-05
285.75,-0.00030428970729263127,-30.00137062422588,1.2988961403018195e-05,5.358576451073729e-05
286.0,-0.00030104670295696994,-30.001357235075385,1.2954649210451807e-05,5.353089375022661e-05
286.25,-0.0002978128711311286,-30.001343863607012,1.291436802049184e-05,5.3439749759462944e-05
286.5,-0.0002945891785908683,-30.001330514665604,1.2874038509622099e-05,5.3348628009197486e-05
286.75,-0.0002913768787382618,-30.001317188087285,1.283366128920771e-05,5.325753053923709e-05
287.0,-0.00028817384273619086,-30.00130388533635,1.2793235129052172e-05,5.3166455562343815e-05
287.25,-0.00028498221711148903,-30.001290608896312,1.2747437839646936e-05,5.3042358368226355e-05
287.5,-0.00028180106767454715,-30.001277363762267,1.2701573065966587e-05,5.291828667605826e-05
287.75,-0.00027863253752221485,-30.001264149470025,1.265564176015227e-05,5.279424353163289e-05
288.0,-0.0002754749418366505,-30.001250965862965,1.260964336233239e-05,5.2670224202919944e-05
288.25,-0.00027232911887413946,-30.00123781734009,1.2558843758080085e-05,5.251626653638632e-05
288.5,-0.0002691966447152848,-30.00122470755961,1.2507960183587297e-05,5.236233843520403e-05
288.75,-0.0002660758411344068,-30.001211636365166,1.2456992519518928e-05,5.2208437905564565e-05
289.0,-0.00026296885677692337,-30.001198603287648,1.2405939985242476e-05,5.205456570701808e-05
289.25,-0.0002598743283695693,-30.001185611997848,1.2350628645817208e-05,5.187367597582986e-05
289.5,-0.0002567939916538337,-30.00117266659182,1.229521653681176e-05,5.169281898977502e-05
289.75,-0.0002537269061096882,-30.001159766172954,1.2239705667896339e-05,5.151199315166017e-05
290.0,-0.00025067449372863035,-30.001146911008618,1.218409528386255e-05,5.1331198107144466e-05
290.25,-0.0002476361328470436,-30.001134104028583,1.2124737946199449e-05,5.1126149964026845e-05
290.5,-0.0002446131183820467,-30.001121348002684,1.2065268077808555e-05,5.0921135485342396e-05
290.75,-0.0002416040830425795,-30.00110864365666,1.2005684852905985e-05,5.0716153890655475e-05
291.0,-0.00023861000315822986,-30.00109598993301,1.1945988445387357e-05,5.051120547677833e-05
291.25,-0.00023563071701354857,-30.001083391083124,1.1883031856681214e-05,5.0284611698154445e-05
291.5,-0.00023266780627871433,-30.001070847810183,1.1819950366802334e-05,5.0058052951249594e-05
291.75,-0.00022972021029390964,-30.001058361720986,1.175674287752504e-05,4.983152951641944e-05
292.0,-0.00022678905995533058,-30.0010459321956,1.1693410651429648e-05,4.9605042284517925e-05
292.25,-0.000223873598712853,-30.001033561721908,1.1627277521505941e-05,4.9359368489622014e-05
292.5,-0.0002209742562407712,-30.00102125336667,1.1561007219267061e-05,4.911373194886843e-05
292.75,-0.0002180927449720834,-30.001009005324256,1.149460191790519e-05,4.886813435858228e-05
293.0,-0.00021522801058009754,-30.00099681920092,1.1428060360051118e-05,4.862257413672355e-05
293.25,-0.00021238003277293803,-30.000984696740815,1.1359153291617963e-05,4.836014247949151e-05
293.5,-0.00020954879323487432,-30.000972639687998,1.1290100315884677e-05,4.80977496067154e-05
293.75,-0.0002067354286754027,-30.00096064741794,1.1220903128501825e-05,4.7835396266685154e-05
294.0,-0.00020393961863700129,-30.000948720793136,1.1151559889802098e-05,4.757308316006627e-05
294.25,-0.00020116061998579876,-30.000936862300925,1.1080261476614783e-05,4.7296072160061796e-05
294.5,-0.00019839930031692328,-30.000925073380078,1.1008809086686389e-05,4.701910144700566e-05
294.75,-0.00019565664676983907,-30.000913352963334,1.0937203625868697e-05,4.674217204473325e-05
295.0,-0.00019293146313689076,-30.000901702217327,1.0865443902038918e-05,4.646528235827037e-05
295.25,-0.0001902227071997131,-30.000890122749826,1.0792114740802716e-05,4.617573627347802e-05
295.5,-0.00018753476992632454,-30.00087861477594,1.0718624642275243e-05,4.588623513153203e-05
295.75,-0.00018486454639663884,-30.00086717963286,1.0644973080189968e-05,4.559677487999539e-05
296.0,-0.00018221302505002566,-30.00085581625111,1.0571161092369497e-05,4.530735553635833e-05
296.25,-0.00017957947364629983,-30.000844527117447,1.0496140277815869e-05,4.500719158581279e-05
296.5,-0.00017696358229764067,-30.00083331309359,1.0420952743873946e-05,4.4707070159669704e-05
296.75,-0.00017436840598905937,-30.000822173374452,1.0345598629515895e-05,4.440699189584348e-05
297.0,-0.0001717917233718858,-30.000811108993833,1.0270077059990057e-05,4.410695590674656e-05
297.25,-0.00016923322623958308,-30.000800120812805,1.0193686869698626e-05,4.3797961964561726e-05
297.5,-0.00016669467309094797,-30.000789209956533,1.011712342428861e-05,4.348901140028421e-05
297.75,-0.0001641745711102548,-30.00077837671357,1.0040387852586208e-05,4.318010470868988e-05
298.0,-0.00016167303155338757,-30.0007676203184,9.96348084559423e-06,4.287124091497433e-05
298.25,-0.00015919181445677976,-30.000756941893904,9.886020753781255e-06,4.255508737720794e-05
298.5,-0.00015672989069004167,-30.000746343047197,9.808383524934072e-06,4.2238976843363276e-05
298.75,-0.00015428809677523999,-30.000735822263348,9.730570868851651e-06,4.192291102680927e-05
299.0,-0.00015186452605395808,-30.000725381458974,9.652580311755865e-06,4.160688767940989e-05
299.25,-0.00014946047853771206,-30.000715020436953,9.574334245539273e-06,4.128512502478601e-05
299.5,-0.00014707637565880566,-30.00070473930811,9.495909670753644e-06,4.096340745888609e-05
299.75,-0.0001447127938934194,-30.000694538621776,9.417304500006218e-06,4.064173498751951e-05
300.0,-0.00014236736571617963,-30.00068441897849,9.3385189077963e-06,4.0320105397015124e-05
