time_s,x_m_lo,x_m_hi,y_m_lo,y_m_hi,vx_mps_lo,vx_mps_hi,vy_mps_lo,vy_mps_hi
0.0,1.0,1.0,-70.0,-70.0,0.0,0.0,0.08,0.08
0.25,0.9999942461791367,0.9999942461791377,-69.97982407298883,-69.97982407298878,-4.589787548126171e-05,-4.589787547644541e-05,0.0814074204168532,0.08140742041685325
0.5,0.9999771174081228,0.999977117408126,-69.95929628764677,-69.95929628764665,-9.099960059881348e-05,-9.099960058918082e-05,0.08281486657218796,0.08281486657218809
0.75,0.999948812725001,0.9999488127250078,-69.93841663759547,-69.9384166375953,-0.0001353051717480455,-0.00013530517173359637,0.08422233801563446,0.08422233801563464
1.0,0.9999095311687075,0.999909531168719,-69.9171851165692,-69.91718511656897,-0.0001788145853887591,-0.00017881458536949345,0.0856298342968208,0.08562983429682106
1.25,0.999859103618945,0.9998591036189624,-69.89560405576404,-69.89560405576376,-0.0002244748818901429,-0.00022447488186606068,0.08701865644958359,0.08701865644958391
1.5,0.9997973591933227,0.9997973591933471,-69.87367578621054,-69.8736757862102,-0.00026934959166492343,-0.0002693495916360245,0.08840750420942195,0.08840750420942234
1.75,0.9997244942889716,0.9997244942890043,-69.85140030156249,-69.8514003015621,-0.00031343871112769783,-0.0003134387110939822,0.08979637713194172,0.08979637713194218
2.0,0.9996407053039116,0.9996407053039539,-69.82877759558477,-69.82877759558431,-0.000356742236753976,-0.0003567422367154436,0.09118527477274671,0.09118527477274725
2.25,0.9995458315911632,0.9995458315912161,-69.80580996582178,-69.80580996582127,-0.0004021182696243911,-0.00040211826958104176,0.09255576760946271,0.09255576760946332
2.5,0.999439710767053,0.9994397107671178,-69.78249970965932,-69.78249970965875,-0.00044671912704948746,-0.0004467191270013213,0.09392628589539646,0.09392628589539717
2.75,0.999322536625889,0.9993225366259669,-69.75884682078991,-69.75884682078929,-0.0004905448054646659,-0.0004905448054116825,0.0952968291920433,0.09529682919204409
3.0,0.9991945029628632,0.9991945029629553,-69.73485129301568,-69.734851293015,-0.0005335953013663897,-0.0005335953013085892,0.09666739706089654,0.09666739706089741
3.25,0.9990554567289414,0.9990554567290489,-69.71051539495582,-69.71051539495508,-0.0005786470877803452,-0.0005786470877177275,0.09801979166573002,0.09801979166573098
3.5,0.9989052431602349,0.9989052431603591,-69.68584139507715,-69.68584139507635,-0.0006229339790487782,-0.0006229339789813431,0.09937221153926877,0.09937221153926981
3.75,0.9987440534809738,0.9987440534811161,-69.66082928711657,-69.66082928711572,-0.0006664559716314894,-0.000666455971559237,0.1007246562488235,0.10072465624882464
4.0,0.9985720789162659,0.9985720789164272,-69.63547906491918,-69.63547906491827,-0.0007092130620500054,-0.0007092130619729355,0.10207712536170295,0.10207712536170419
4.25,0.998389173259368,0.9983891732595497,-69.60979297227243,-69.60979297227146,-0.0007539064055404759,-0.0007539064054585884,0.10341162002627707,0.1034116200262784
4.5,0.9981951886074383,0.9981951886076414,-69.58377325281704,-69.58377325281602,-0.0007978450217153015,-0.0007978450216285964,0.10474613975966778,0.10474613975966922
4.75,0.9979903136427458,0.9979903136429717,-69.55741990033917,-69.55741990033809,-0.0008410289070618509,-0.0008410289069703282,0.10608068413493756,0.10608068413493911
5.0,0.9977747370484304,0.9977747370486802,-69.53073290873172,-69.53073290873058,-0.0008834580581287052,-0.0008834580580323649,0.10741525272514695,0.10741525272514861
5.25,0.9975483188067377,0.9975483188070127,-69.50371450049334,-69.50371450049215,-0.0009277637663825468,-0.0009277637662813887,0.10873201735925142,0.10873201735925321
5.5,0.9973109172199,0.9973109172202013,-69.47636689798112,-69.47636689797987,-0.0009713248187029218,-0.0009713248185969458,0.1100488068457429,0.11004880684574482
5.75,0.9970627184523372,0.9970627184526661,-69.4486900950346,-69.4486900950333,-0.0010141412116074547,-0.0010141412114966603,0.11136562076338112,0.11136562076338316
6.0,0.9968039086693324,0.9968039086696902,-69.42068408559867,-69.4206840855973,-0.0010562129416737682,-0.0010562129415581554,0.11268245869092383,0.112682458690926
6.25,0.9965343534812853,0.996534353481673,-69.3923510739475,-69.39235107394607,-0.0011001061184687314,-0.0011001061183483001,0.11398163865693323,0.11398163865693552
6.5,0.9962539168323594,0.9962539168327782,-69.36369326421844,-69.36369326421695,-0.001143264628123804,-0.0011432646279985542,0.1152808432447933,0.11528084324479572
6.75,0.9959627823897722,0.9959627823902234,-69.33471065030797,-69.33471065030642,-0.0011856884671892413,-0.0011856884670591729,0.1165800720389143,0.11658007203891683
7.0,0.9956611338215963,0.995661133822081,-69.30540322621648,-69.30540322621488,-0.0012273776322736232,-0.0012273776321387359,0.11787932462370447,0.11787932462370714
7.25,0.9953488418806969,0.9953488418812164,-69.27577318064205,-69.27577318064039,-0.0012708371037136112,-0.001270837103573905,0.11916104406942932,0.11916104406943212
7.5,0.9950257756654857,0.9950257756660411,-69.24582270215022,-69.2458227021485,-0.0013135718261952664,-0.0013135718260507412,0.12044278789447083,0.12044278789447377
7.75,0.9946921163636302,0.9946921163642228,-69.21555178469742,-69.21555178469565,-0.001355581796302475,-0.0013555817961531306,0.12172455568884978,0.12172455568885286
8.0,0.9943480451636451,0.9943480451642761,-69.18496042234257,-69.18496042234074,-0.0013968670106777156,-0.0013968670105235523,0.12300634704258503,0.12300634704258827
8.25,0.9939934375433144,0.993993437543985,-69.15405079049462,-69.15405079049273,-0.0014398748037433976,-0.001439874803584415,0.12427071179600223,0.12427071179600561
8.5,0.9936281673360269,0.9936281673367382,-69.12282506443407,-69.12282506443212,-0.0014821677057639388,-0.0014821677056001366,0.12553510067601795,0.12553510067602153
8.75,0.9932524132649678,0.9932524132657211,-69.09128323817981,-69.09128323817781,-0.001523745713357326,-0.0015237457131887045,0.12679951327822947,0.12679951327823324
9.0,0.9928663540541605,0.9928663540549569,-69.05942530585186,-69.0594253058498,-0.0015646088232013854,-0.0015646088230279443,0.1280639491982321,0.1280639491982361
9.25,0.9924698695476466,0.9924698695484875,-69.02725343154334,-69.02725343154123,-0.00160714971510946,-0.001607149714931199,0.12931104928095385,0.12931104928095807
9.5,0.9920628379536452,0.9920628379545318,-68.99476977922268,-68.9947697792205,-0.0016489855225395916,-0.0016489855223565109,0.13055817322893024,0.13055817322893468
9.75,0.9916454355436949,0.9916454355446283,-68.9619743429734,-68.96197434297117,-0.0016901162421484933,-0.0016901162419605924,0.1318053206433059,0.13180532064331058
10.0,0.9912178385901632,0.9912178385911445,-68.9288671169788,-68.92886711697649,-0.0017305418706474735,-0.0017305418704547523,0.13305249112522366,0.13305249112522854
10.25,0.9907799309951196,0.9907799309961502,-68.89545025571712,-68.89545025571476,-0.0017726030030507747,-0.001772603002853233,0.13428240293391577,0.13428240293392088
10.5,0.9903315950321009,0.990331595033182,-68.86172591354551,-68.86172591354308,-0.0018139688138928628,-0.0018139688136905006,0.13551233833923249,0.13551233833923781
10.75,0.9898730045319117,0.9898730045330445,-68.82769408461397,-68.82769408461148,-0.0018546392998684165,-0.0018546392996612337,0.13674229694784118,0.13674229694784673
11.0,0.9894043333261764,0.989404333327362,-68.79335476317083,-68.79335476316828,-0.0018946144577248489,-0.0018946144575128453,0.13797227836640738,0.13797227836641318
11.25,0.9889254691113912,0.9889254691126309,-68.75871009554429,-68.75871009554167,-0.0019361849948846333,-0.0019361849946678087,0.13918506656546162,0.13918506656546764
11.5,0.9884362979617065,0.9884362979630014,-68.72376222794468,-68.72376222794199,-0.0019770699363724506,-0.0019770699361508037,0.14039787808637033,0.1403978780863766
11.75,0.9879369912764497,0.9879369912778011,-68.68851115459,-68.68851115458725,-0.00201726927892018,-0.002017269278693711,0.1416107125413027,0.14161071254130922
12.0,0.9874277204557588,0.9874277204571679,-68.65295686979523,-68.65295686979242,-0.0020567830193151584,-0.002056783019083867,0.14282356954242606,0.14282356954243283
12.25,0.9869083767614925,0.9869083767629604,-68.6171015129983,-68.61710151299543,-0.0020978538849000827,-0.002097853884663969,0.14401928870539377,0.1440192887054008
12.5,0.9863788498384011,0.9863788498399291,-68.58094722352243,-68.5809472235195,-0.0021382488493735152,-0.002138248849132579,0.14521503091030263,0.1452150309103099
12.75,0.9858393086621672,0.9858393086637565,-68.54449399565492,-68.54449399565192,-0.0021779679095062384,-0.0021779679092604797,0.14641079577480592,0.14641079577481345
13.0,0.9852899222092739,0.9852899222109257,-68.50774182377866,-68.50774182377559,-0.00221701106212361,-0.0022170110618730285,0.147606582916555,0.14760658291656278
13.25,0.9847305851140057,0.9847305851157212,-68.47069284152379,-68.47069284152066,-0.0022575746614582177,-0.002257574661202813,0.148785278947015,0.148785278947023
13.5,0.9841611903979601,0.9841611903997405,-68.43334918240873,-68.43334918240555,-0.002297472027806632,-0.002297472027546404,0.14996399773519914,0.14996399773520744
13.75,0.9835819046197832,0.9835819046216298,-68.39571084079118,-68.39571084078793,-0.002336703157981088,-0.0023367031577160367,0.15114273890422983,0.15114273890423838
14.0,0.9829928943389118,0.9829928943408256,-68.35777781112301,-68.3577778111197,-0.0023752680488451127,-0.0023752680485752374,0.15232150207722758,0.1523215020772364
14.25,0.9823940573966784,0.9823940573986607,-68.31955222215538,-68.31955222215201,-0.002415318058103216,-0.0024153180578285168,0.15348321344002822,0.15348321344003732
14.5,0.9817852900254508,0.9817852900275028,-68.28103620253057,-68.28103620252713,-0.002454711480270289,-0.002454711479990766,0.15464494727275246,0.15464494727276185
14.75,0.9811667563723964,0.9811667563745193,-68.24222974667752,-68.24222974667403,-0.0024934483121972057,-0.002493448311912859,0.1558067032039792,0.15580670320398887
15.0,0.9805386205854634,0.9805386205876585,-68.20313284911805,-68.2031328491145,-0.0025315285507869476,-0.0025315285504977766,0.15696848086228554,0.15696848086229548
15.25,0.9799007835718954,0.9799007835741639,-68.16374763451994,-68.16374763451633,-0.002571059731378085,-0.002571059731084089,0.15811323964984797,0.15811323964985818
15.5,0.9792531446330932,0.9792531446354362,-68.12407622744492,-68.12407622744125,-0.002609943952138255,-0.0026099439518394345,0.15925802061656477,0.1592580206165753
15.75,0.9785958655094043,0.978595865511823,-68.08411862239394,-68.08411862239022,-0.0026481812099587126,-0.0026481812096550675,0.16040282339646084,0.16040282339647163
16.0,0.9779291079419467,0.9779291079444423,-68.04387481395948,-68.0438748139557,-0.002685771501782195,-0.002685771501473725,0.16154764762355925,0.16154764762357035
16.25,0.9772527757828988,0.9772527757854726,-68.00334692340664,-68.0033469234028,-0.0027247795461693494,-0.002724779545856054,0.16267548047709704,0.16267548047710845
16.5,0.9765667712812055,0.9765667712838587,-67.96253707189716,-67.96253707189327,-0.0027631502424303044,-0.0027631502421121834,0.1638033352165789,0.1638033352165906
16.75,0.9758712537742829,0.9758712537770167,-67.92144525400462,-67.92144525400067,-0.002800883587497009,-0.0028008835871740625,0.16493121148146683,0.16493121148147885
17.0,0.9751663826003074,0.975166382603123,-67.88007146439274,-67.88007146438873,-0.00283797957835396,-0.0028379795780261877,0.16605910891122122,0.16605910891123352
17.25,0.9744520644529292,0.9744520644558279,-67.83841782150517,-67.83841782150111,-0.0028764609760331544,-0.0028764609757005563,0.1671700378175974,0.16717003781761
17.5,0.9737282044247362,0.9737282044277191,-67.79648644368477,-67.79648644368065,-0.002914314624363994,-0.0029143146240265694,0.1682809883147178,0.1682809883147307
17.75,0.9729949594534448,0.9729949594565132,-67.75427732557823,-67.75427732557405,-0.0029515405203197264,-0.002951540519977475,0.16939196004747434,0.16939196004748755
18.0,0.9722524864775218,0.9722524864806767,-67.71179046192104,-67.7117904619168,-0.002988138660925287,-0.0029881386605782093,0.17050295266075724,0.17050295266077076
18.25,0.9715006949466554,0.9715006949498981,-67.6690279688308,-67.66902796882651,-0.0030260905593799663,-0.0030260905590280616,0.171596995639442,0.17159699563945585
18.5,0.9707394927112696,0.9707394927146014,-67.62599196232688,-67.62599196232253,-0.003063424296578443,-0.0030634242962217116,0.1726910599120545,0.17269105991206865
18.75,0.9699690343120526,0.9699690343154745,-67.58268243712948,-67.58268243712507,-0.003100139869536432,-0.003100139869174873,0.17378514512891047,0.17378514512892493
19.0,0.9691894742904325,0.9691894742939459,-67.53909938804627,-67.53909938804179,-0.0031362372753185527,-0.003136237274952166,0.17487925094032397,0.17487925094033877
19.25,0.9684007247778939,0.9684007247814999,-67.49524492929012,-67.49524492928559,-0.0031736573949124806,-0.0031736573945412663,0.17595642263703765,0.17595642263705277
19.5,0.967602696308138,0.9676026963118378,-67.45112117497816,-67.45112117497357,-0.0032104689325622975,-0.003210468932186255,0.1770336153295705,0.17703361532958595
19.75,0.9667955410270196,0.9667955410308144,-67.40672811990443,-67.40672811989978,-0.0032466718853262507,-0.00324667188494538,0.17811082867365713,0.17811082867367292
20.0,0.9659794110811228,0.965979411085014,-67.3620657589491,-67.3620657589444,-0.0032822662503103985,-0.0032822662499246993,0.17918806232503054,0.17918806232504667
20.25,0.9651542212222064,0.965154221226195,-67.31713620477781,-67.31713620477304,-0.0033191527862976617,-0.0033191527859071338,0.18024837452324227,0.18024837452325873
20.5,0.9643198846054565,0.9643198846095438,-67.27194156996282,-67.27194156995797,-0.0033554403124907554,-0.003355440312095399,0.1813087074181417,0.1813087074181585
20.75,0.9634765509836851,0.9634765509878723,-67.22648184937232,-67.2264818493674,-0.0033911288259901727,-0.003391128825589987,0.18236906067087824,0.18236906067089537
21.0,0.9626243701104233,0.9626243701147117,-67.1807570379592,-67.18075703795422,-0.003426218323942401,-0.003426218323537386,0.1834294339425997,0.18342943394261715
21.25,0.9617632593048911,0.9617632593092817,-67.13476924714435,-67.1347692471393,-0.0034625698799814067,-0.0034625698795715623,0.1844728960036971,0.1844728960037149
21.5,0.9608931342907188,0.960893134295213,-67.08852058825768,-67.08852058825258,-0.003498331992583104,-0.00349833199216843,0.18551637846155913,0.18551637846157726
21.75,0.960014142429124,0.9600141424337229,-67.04201105624168,-67.04201105623652,-0.0035335046588881596,-0.0035335046584686553,0.18655988098274678,0.18655988098276527
22.0,0.9591264310820334,0.9591264310867382,-66.9952406461222,-66.99524064611698,-0.003568087876084309,-0.0035680878756599744,0.1876034032338194,0.18760340323383826
22.25,0.9582299200931942,0.9582299200980061,-66.94821146833068,-66.94821146832541,-0.00360390338791135,-0.0036039033874821847,0.18863002247523686,0.18863002247525607
22.5,0.9573245277115543,0.9573245277164746,-66.90092563320995,-66.90092563320462,-0.0036391390180163094,-0.003639139017582313,0.18965666181289256,0.18965666181291213
22.75,0.9564103989078973,0.9564103989129271,-66.85338313577694,-66.85338313577155,-0.0036737947635826908,-0.0036737947631438634,0.1906833209187564,0.19068332091877635
23.0,0.955487678653705,0.9554876786588457,-66.8055839711306,-66.80558397112516,-0.003707870621840217,-0.0037078706213965586,0.19170999946479667,0.191709999464817
23.25,0.9545562892813572,0.9545562892866098,-66.75753024892761,-66.75753024892211,-0.0037431493032282774,-0.0037431493027797877,0.19271978148545252,0.19271978148547325
23.5,0.9536161515290633,0.9536161515344292,-66.70922407873833,-66.70922407873276,-0.0037778576609420493,-0.003777857660488728,0.19372958330137444,0.19372958330139553
23.75,0.9526674079780897,0.9526674079835701,-66.66066545565427,-66.66066545564863,-0.003811995692208063,-0.0038119956917499094,0.19473940458993913,0.1947394045899606
24.0,0.9517102012103904,0.9517102012159864,-66.61185437484758,-66.61185437484188,-0.0038455633942965336,-0.003845563393833548,0.19574924502852176,0.19574924502854363
24.25,0.9507444560155611,0.9507444560212739,-66.56279294537991,-66.56279294537414,-0.0038803047031525212,-0.003880304702684703,0.196742193988521,0.19674219398854326
24.5,0.9497700955895205,0.9497700955953513,-66.51348327622888,-66.51348327622306,-0.003914485243527759,-0.003914485243055106,0.19773516244250663,0.19773516244252926
24.75,0.9487872601247315,0.9487872601306814,-66.46392536256066,-66.46392536255476,-0.003948105012689044,-0.003948105012211556,0.19872815007326058,0.1987281500732836
25.0,0.9477960898143342,0.9477960898204045,-66.41411919962069,-66.41411919961473,-0.003981164007948899,-0.0039811640074665765,0.1997211565635633,0.1997211565635867
25.25,0.946796511879945,0.9467965118861369,-66.36406689602545,-66.36406689601944,-0.004015367598145507,-0.00401536759765835,0.2006972754232734,0.20069727542329718
25.5,0.9457884519498833,0.945788451956198,-66.31377056030972,-66.31377056030365,-0.004049019972876493,-0.0040490199723845,0.2016734134754938,0.20167341347551798
25.75,0.9447720478283527,0.9447720478347914,-66.26323018771436,-66.26323018770823,-0.0040821211294518964,-0.004082121128955067,0.20264957040841045,0.202649570408435
26.0,0.9437474373202238,0.9437474373267878,-66.21244577355816,-66.21244577355198,-0.004114671065225188,-0.004114671064723524,0.2036257459102077,0.2036257459102327
26.25,0.9427145500595029,0.9427145500661934,-66.16141942613699,-66.16141942613075,-0.004148336743419047,-0.004148336742912546,0.2045850366334085,0.20458503663343386
26.5,0.9416733140871859,0.9416733140940041,-66.11015325366726,-66.11015325366097,-0.004181460757549091,-0.004181460757037753,0.20554434624753362,0.20554434624755938
26.75,0.9406238648196207,0.9406238648265678,-66.05864725146456,-66.05864725145821,-0.004214043104967443,-0.004214043104451269,0.2065036744461721,0.20650367444619827
27.0,0.9395663376738117,0.9395663376808889,-66.00690141492106,-66.00690141491464,-0.00424608378306857,-0.004246083782547559,0.20746302092291147,0.20746302092293806
27.25,0.938500664681294,0.9385006646885025,-65.95491785211476,-65.95491785210827,-0.004279211471655877,-0.004279211471130029,0.2084054846510423,0.2084054846510693
27.5,0.937426776280801,0.937426776288142,-65.9026986710465,-65.90269867103993,-0.004311807046433218,-0.004311807045902532,0.20934796696846733,0.20934796696849475
27.75,0.9363448055011117,0.9363448055085865,-65.85024386710656,-65.85024386709993,-0.004343870504795058,-0.004343870504259534,0.21029046757417796,0.2102904675742058
28.0,0.9352548853716514,0.9352548853792612,-65.79755343576052,-65.79755343575383,-0.00437540184417736,-0.004375401843636997,0.2112329861671642,0.21123298616719247
28.25,0.9341569503046441,0.93415695031239,-65.74462948495236,-65.74462948494559,-0.0044079915980408625,-0.004407991597495661,0.21215862337097016,0.21215862337099883
28.5,0.9330509331196577,0.9330509331275411,-65.69147412255111,-65.69147412254429,-0.0044400587875786995,-0.004440058787028659,0.21308427886247094,0.21308427886250003
28.75,0.9319369644580952,0.9319369644661171,-65.63808734402183,-65.63808734401495,-0.004471603410226944,-0.004471603409672064,0.21400995234606,0.2140099523460895
29.0,0.9308151749619948,0.9308151749701565,-65.58446914490342,-65.58446914489649,-0.004502625463464245,-0.004502625462904526,0.2149356435261293,0.2149356435261592
29.25,0.929685501415745,0.9296855014240477,-65.53062163307428,-65.53062163306728,-0.004534677404194394,-0.004534677403629835,0.21584445412914888,0.21584445412917921
29.5,0.9285478790111724,0.9285478790196173,-65.47654691634006,-65.476546916333,-0.0045662163296227125,-0.004566216329053314,0.21675328271833258,0.21675328271836336
29.75,0.9274024360024183,0.9274024360110067,-65.4222449902405,-65.42224499023338,-0.004597242237229259,-0.00459724223665502,0.21766212900347556,0.2176621290035068
30.0,0.9262493006442494,0.9262493006529824,-65.3677158503879,-65.3677158503807,-0.004627755124532212,-0.0046277551239531315,0.21857099269437158,0.21857099269440325
30.25,0.9250884120843877,0.9250884120932666,-65.31296160464987,-65.31296160464261,-0.0046592694434861425,-0.004659269442902222,0.2194629761812735,0.21946297618130564
30.5,0.9239197078780467,0.9239197078870726,-65.25798436082358,-65.25798436081627,-0.0046902802959518375,-0.004690280295363075,0.220354977352917,0.2203549773529496
30.75,0.9227433138921588,0.9227433139013329,-65.20278411452347,-65.20278411451608,-0.0047207876794506465,-0.004720787678857043,0.22124699592449887,0.2212469959245319
31.0,0.9215593559942715,0.9215593560035953,-65.14736086143513,-65.14736086142767,-0.00475079159154336,-0.004750791590943952,0.22213903161121448,0.22213903161124796
31.25,0.9203677756881304,0.9203677756976051,-65.09171670945896,-65.09171670945143,-0.004781768538173574,-0.004781768537569324,0.22301418711887816,0.22301418711891208
31.5,0.9191685128849917,0.9191685128946184,-65.03585376642712,-65.03585376641954,-0.004812251567115466,-0.004812251566506373,0.22388936001000198,0.22388936001003634
31.75,0.917961691064583,0.9179616910743631,-64.97977202802868,-64.97977202802102,-0.004842240675930173,-0.004842240675316238,0.2247645500051843,0.22476455000521914
32.0,0.9167474337072367,0.9167474337171713,-64.92347149002254,-64.9234714900148,-0.0048717358622205565,-0.004871735861601779,0.22563975682502216,0.22563975682505746
32.25,0.9155256846689676,0.9155256846790579,-64.86695426037592,-64.86695426036812,-0.004902175716007134,-0.004902175715383513,0.2264980832180416,0.22649808321807735
32.5,0.9142963862132952,0.9142963862235426,-64.81022244699004,-64.81022244698218,-0.004932131201044044,-0.004932131200415578,0.22735642669339784,0.22735642669343406
32.75,0.9130596594327073,0.913059659443113,-64.75327604562858,-64.75327604562065,-0.004961602314935755,-0.004961602314301483,0.22821478697709097,0.22821478697712766
33.0,0.9118156254202855,0.9118156254308508,-64.6961150521237,-64.6961150521157,-0.004990589055325207,-0.004990589054686091,0.22907316379511972,0.22907316379515688
33.25,0.9105642303799302,0.9105642303906563,-64.63874157453536,-64.6387415745273,-0.005020492131121519,-0.005020492130477558,0.2299146597310845,0.22991465973112213
33.5,0.9093054189230206,0.9093054189339088,-64.58115772085976,-64.58115772085164,-0.0050499203873629874,-0.005049920386714182,0.23075617244844093,0.23075617244847907
33.75,0.9080393097547403,0.9080393097657918,-64.52336348693514,-64.52336348692694,-0.005078873821698784,-0.005078873821045133,0.23159770167859095,0.23159770167862956
34.0,0.9067660215808561,0.9067660215920721,-64.46535886866685,-64.46535886865858,-0.005107352431812089,-0.005107352431153592,0.2324392471529351,0.2324392471529742
34.25,0.9054855029514829,0.9054855029628646,-64.40714597422685,-64.40714597421851,-0.005136719058363685,-0.005136719057700342,0.2332639111360237,0.23326391113606332
34.5,0.904197700824175,0.9041977008357236,-64.3487269117255,-64.34872691171711,-0.005165620414901688,-0.005165620414233499,0.2340885915997449,0.234088591599785
34.75,0.9029027315167254,0.902902731528442,-64.29010167707557,-64.29010167706711,-0.005194056499115796,-0.005194056498442761,0.23491328828090258,0.23491328828094318
35.0,0.9016007113475,0.9016007113593859,-64.23127026625559,-64.23127026624707,-0.005222027308731761,-0.005222027308053878,0.23573800091629937,0.23573800091634048
35.25,0.9002915912112931,0.9002915912233496,-64.17223478756314,-64.17223478755454,-0.005250857827767716,-0.005250857827084985,0.23654583134171286,0.23654583134175447
35.5,0.8989753204102879,0.8989753204225162,-64.11299734923645,-64.1129973492278,-0.005279232626737334,-0.0052792326260497555,0.23735367794719325,0.23735367794723536
35.75,0.8976520128747855,0.8976520128871865,-64.05355794726275,-64.05355794725402,-0.005307151703371244,-0.0053071517026788174,0.2381615404749467,0.2381615404749893
36.0,0.8963217825356492,0.8963217825482244,-63.99391657769365,-63.993916577684885,-0.005334615055438648,-0.005334615054741373,0.2389694186671781,0.23896941866722124
36.25,0.8949845826306576,0.8949845826434081,-63.934075348961336,-63.93407534895253,-0.0053629098230680745,-0.005362909822365951,0.23976041385910882,0.23976041385915245
36.5,0.8936403648049208,0.8936403648178479,-63.874036369440816,-63.87403636943198,-0.005390758421025432,-0.0053907584203184596,0.24055142493074227,0.24055142493078643
36.75,0.8922892406011361,0.892289240614241,-63.81379963519372,-63.813799635184836,-0.005418160847083396,-0.0054181608463715735,0.24134245162968718,0.24134245162973186
37.0,0.8909313215625528,0.8909313215758368,-63.75336514234476,-63.75336514233584,-0.005445117099051645,-0.005445117098334972,0.24213349370355097,0.2421334937035962
37.25,0.8895665632707292,0.8895665632841934,-63.69273499946585,-63.69273499945688,-0.005472876465917634,-0.005472876465196112,0.24290765194507202,0.24290765194511776
37.5,0.8881949197144943,0.8881949197281399,-63.631911315073964,-63.631911315064954,-0.005500199213975484,-0.005500199213249112,0.2436818257661302,0.24368182576617647
37.75,0.8868165000488238,0.8868165000626521,-63.5708940853051,-63.570894085296054,-0.0055270853410403125,-0.005527085340309089,0.24445601491973695,0.24445601491978375
38.0,0.8854314134292356,0.8854314134432477,-63.50968330635699,-63.50968330634791,-0.005553534844962673,-0.005553534844226599,0.2452302191589025,0.24523021915894982
38.25,0.8840396177815433,0.8840396177957405,-63.448281086943254,-63.44828108693414,-0.005580759158843393,-0.005580759158102467,0.24598753871781256,0.24598753871786044
38.5,0.8826410694387689,0.8826410694531523,-63.38668953572481,-63.386689535715654,-0.00560755640525976,-0.005607556404513984,0.24674487355629096,0.24674487355633937
38.75,0.8812358751680469,0.881235875182618,-63.32490864891197,-63.32490864890277,-0.0056339265820690146,-0.0056339265813179044,0.2475022234327522,0.24750222343280112
39.0,0.8798241417370437,0.8798241417518037,-63.262938422775434,-63.26293842276619,-0.0056598696871617785,-0.0056598696864058155,0.24825958810560955,0.248259588105659
39.25,0.8784058294160406,0.8784058294309907,-63.200780966170015,-63.20078096616073,-0.005686559295096929,-0.0056865592943361135,0.24900006725419777,0.24900006725424775
39.5,0.8769808968824652,0.8769808968976065,-63.13843838790005,-63.13843838789072,-0.0057128313873882255,-0.005712831386622557,0.24974056138258194,0.24974056138263248
39.75,0.8755494485154914,0.8755494485308253,-63.07591068425012,-63.075910684240746,-0.005738685961935664,-0.005738685961165142,0.25048107025457983,0.25048107025463107
40.0,0.8741115886948146,0.8741115887103421,-63.01319785156384,-63.01319785155442,-0.0057641230166712975,-0.00576412301589592,0.25122159363400814,0.25122159363406005
40.25,0.8726672800369436,0.872667280052666,-62.95030199883468,-62.95030199882523,-0.005790278252575563,-0.005790278251795331,0.2519452306652649,0.2519452306653175
40.5,0.8712164835654729,0.8712164835813915,-62.88722523500788,-62.88722523499839,-0.005816025525123025,-0.0058160255243379375,0.2526688823767343,0.25266888237678753
40.75,0.8697593012714997,0.8697593012876157,-62.82396755644223,-62.82396755643269,-0.005841364832254672,-0.0058413648314647295,0.2533925485376377,0.2533925485376916
41.0,0.8682958351466319,0.8682958351629464,-62.76052895955421,-62.76052895954463,-0.005866296171945352,-0.005866296171150554,0.2541162289171954,0.25411622891724994
41.25,0.866826050154284,0.8668260501707983,-62.69691155347166,-62.69691155346204,-0.00589191736523475,-0.005891917364435096,0.25482302215891134,0.2548230221589666
41.5,0.8653499096648993,0.8653499096816146,-62.63311744727638,-62.63311744726672,-0.005917140147901131,-0.005917140147096619,0.25552982978144306,0.25552982978149896
41.75,0.8638675132813864,0.8638675132983039,-62.569146637401346,-62.56914663739164,-0.005941964517926879,-0.0059419645171175095,0.2562366515594157,0.25623665155947234
42.0,0.8623789606071542,0.8623789606242751,-62.50499912033586,-62.50499912032611,-0.005966390473327387,-0.00596639047251316,0.2569434872674535,0.25694348726751076
42.25,0.8608842189531999,0.8608842189705254,-62.440677005336624,-62.44067700532683,-0.005991477948894217,-0.005991477948075132,0.257633435091794,0.25763343509185194
42.5,0.8593832540374958,0.8593832540550271,-62.376182401616525,-62.37618240160669,-0.00601617656699307,-0.006016176566169127,0.2583233969977372,0.2583233969977959
42.75,0.8578761630746566,0.857876163092395,-62.31151530568265,-62.31151530567277,-0.006040486325648613,-0.006040486324819811,0.2590133727653125,0.2590133727653719
43.0,0.8563630432797867,0.8563630432977334,-62.24667571409709,-62.24667571408717,-0.0060644072229169505,-0.006064407222083289,0.25970336217454804,0.25970336217460815
43.25,0.8548438643147608,0.8548438643329169,-62.18166573623903,-62.18166573622907,-0.0060889612801315095,-0.0060889612792929875,0.2603764630049645,0.2603764630050253
43.5,0.8533185942483805,0.8533185942667473,-62.116487481446086,-62.11648748143608,-0.006113136033426928,-0.006113136032583545,0.2610495776179401,0.2610495776180017
43.75,0.8517873279068682,0.8517873279254469,-62.05114094629943,-62.05114094628938,-0.0061369314808681534,-0.00613693148001991,0.26172270579890855,0.26172270579897083
44.0,0.8502501601169257,0.8502501601357175,-61.985626127433875,-61.985626127423785,-0.006160347620553857,-0.006160347619700752,0.2623958473333023,0.2623958473333653
44.25,0.8487070628926184,0.8487070629116246,-61.91994513434403,-61.9199451343339,-0.006184368549059852,-0.006184368548201886,0.26305209965026694,0.26305209965033066
44.5,0.8471580066548963,0.847158006674118,-61.85410007648513,-61.85410007647496,-0.0062080197275550105,-0.006208019726692182,0.2637083654509112,0.26370836545097565
44.75,0.8456030838414991,0.8456030838609375,-61.7880909505124,-61.78809095050218,-0.006231301154147863,-0.006231301153280171,0.26436464452607317,0.2643646445261383
45.0,0.8440423868906356,0.8440423869102921,-61.72191775313335,-61.72191775312308,-0.006254212826976925,-0.00625421282610437,0.2650209366665898,0.26502093666665566
45.25,0.8424758901700443,0.84247589018992,-61.65558259395022,-61.65558259393991,-0.006277700905277893,-0.006277700904400474,0.26566033901299835,0.2656603390130649
45.5,0.8409035664543109,0.8409035664744069,-61.58908758252813,-61.58908758251778,-0.006300828787803705,-0.006300828786921422,0.2662997545443645,0.2662997545444318
45.75,0.839325505792611,0.8393255058129286,-61.5224327155963,-61.5224327155859,-0.0063235964727035195,-0.0063235964718163715,0.26693918305693104,0.26693918305699904
46.0,0.8377417982345792,0.8377417982551196,-61.45561798993491,-61.45561798992446,-0.00634600395815828,-0.0063460039572662665,0.2675786243469397,0.2675786243470084
46.25,0.8361524205026388,0.8361524205234033,-61.3886455152459,-61.38864551523541,-0.006368959457306741,-0.006368959456409861,0.2682011753294913,0.2682011753295607
46.5,0.8345573477260296,0.8345573477470195,-61.321517401196324,-61.32151740118579,-0.006391564315204692,-0.006391564314302946,0.2688237391984319,0.2688237391985021
46.75,0.832956667565291,0.8329566675865073,-61.25423364458938,-61.25423364457879,-0.0064138185300442645,-0.006413818529137652,0.26944631575540917,0.2694463157554801
47.0,0.8313504676814102,0.8313504677028543,-61.18679424227784,-61.18679424226721,-0.0064357221000468385,-0.006435722099135359,0.27006890480206974,0.2700689048021414
47.25,0.829738727153882,0.829738727175555,-61.119201304055316,-61.119201304044644,-0.006458145272580574,-0.006458145271664227,0.2706746030923099,0.2706746030923823
47.5,0.8281214234689921,0.8281214234908952,-61.051456939682716,-61.051456939672,-0.006480227358643227,-0.0064802273577220125,0.27128031397051344,0.27128031397058655
47.75,0.8264986418985797,0.8264986419207142,-60.98356114603717,-60.9835611460264,-0.006501968356468635,-0.0065019683555425515,0.27188603724373295,0.27188603724380683
48.0,0.824870467714922,0.8248704677372891,-60.915513920044035,-60.91551392003323,-0.006523368264318072,-0.006523368263387118,0.2724917727190201,0.2724917727190947
48.25,0.8232368823563186,0.8232368823789196,-60.847317371580296,-60.84731737156944,-0.006545259349406279,-0.006545259348470456,0.27308061705491327,0.27308061705498865
48.5,0.8215978656678417,0.8215978656906775,-60.778973610492464,-60.778973610481565,-0.006566818903017713,-0.006566818902077019,0.27366947368047956,0.27366947368055566
48.75,0.8199535005325761,0.8199535005556481,-60.71048263373157,-60.71048263372062,-0.006588046923429783,-0.0065880469224842185,0.2742583424081766,0.2742583424082535
49.0,0.8183038698340346,0.818303869857344,-60.64184443829552,-60.64184443828453,-0.006608943408943842,-0.006608943407993406,0.27484722305046116,0.2748472230505388
49.25,0.8166489573716927,0.8166489573952409,-60.5730611341365,-60.57306113412546,-0.006630302627213798,-0.00663030262625849,0.27541921223556676,0.2754192122356452
49.5,0.8149887453517857,0.8149887453755736,-60.504134831178476,-60.504134831167384,-0.006651339869183472,-0.006651339868223292,0.27599121341217997,0.2759912134122592
49.75,0.8133233142685993,0.8133233142926284,-60.43506552644633,-60.43506552643519,-0.006672055133169703,-0.0066720551322046505,0.2765632263981637,0.2765632263982437
50.0,0.8116527446168371,0.8116527446411086,-60.36585321701049,-60.3658532169993,-0.0066924484175157955,-0.006692448416545869,0.27713525101138,0.27713525101146075
50.25,0.8099770225573898,0.8099770225819047,-60.29650001289024,-60.296500012879,-0.006713275988035531,-0.006713275987060731,0.2776903839143491,0.2776903839144306
50.5,0.8082961326579009,0.8082961326826607,-60.227008024078884,-60.2270080240676,-0.0067337911375725795,-0.006733791136592905,0.27824552851078427,0.2782455285108666
50.75,0.8066101530238217,0.8066101530488274,-60.15737724767515,-60.15737724766382,-0.006753993864487247,-0.006753993863501734,0.27880068462395374,0.27880068462403684
51.0,0.8049191617610103,0.8049191617862635,-60.08760768082194,-60.08760768081056,-0.006773884167161606,-0.006773884166171217,0.2793558520771248,0.27935585207720876
51.25,0.8032231473946729,0.8032231474201749,-60.01770143359781,-60.017701433586375,-0.006794180286077252,-0.006794180285081988,0.2798941276295599,0.2798941276296446
51.5,0.8015220968567678,0.8015220968825195,-59.947660616057554,-59.94766061604607,-0.006814173539435771,-0.006814173538435631,0.28043241457753054,0.28043241457761603
51.75,0.7998160858638843,0.7998160858898872,-59.87748522537372,-59.877485225362186,-0.006833863925638727,-0.00683386392463371,0.2809707127497103,0.28097071274979657
52.0,0.7981051901330088,0.7981051901592641,-59.80717525876165,-59.80717525875007,-0.006853251443111004,-0.0068532514421011095,0.28150902197477184,0.28150902197485894
52.25,0.7963894005548982,0.796389400581407,-59.736732826351414,-59.73673282633978,-0.0068730162968938455,-0.006873016295879073,0.28203043917072285,0.2820304391708107
52.5,0.7946687064270663,0.7946687064538298,-59.66616003825151,-59.66616003823983,-0.00689248784061879,-0.0068924878395991394,0.2825518674643843,0.282551867464473
52.75,0.7929431810772232,0.7929431811042427,-59.59545689170827,-59.595456891696536,-0.006911666072726684,-0.006911666071702155,0.28307330668983527,0.2830733066899248
53.0,0.7912128978334652,0.7912128978607418,-59.524623384009466,-59.524623383997685,-0.006930550991684461,-0.006930550990655052,0.2835947566811538,0.2835947566812442
53.25,0.7894778499534391,0.7894778499809741,-59.45366162532921,-59.45366162531737,-0.00694978475622942,-0.00694978475519513,0.28409931457439463,0.28409931457448584
53.5,0.7877380291015601,0.7877380291293549,-59.382573725822304,-59.38257372581041,-0.006968734766252766,-0.006968734765213595,0.28460388326762043,0.28460388326771247
53.75,0.7859935062166487,0.7859935062447044,-59.31135968280881,-59.31135968279686,-0.00698740102023868,-0.006987401019193664,0.2851084626003156,0.28510846260040845
54.0,0.7842443522379012,0.7842443522662194,-59.24001949364893,-59.24001949363693,-0.007005783516693933,-0.007005783515644034,0.2856130524119636,0.2856130524120573
54.25,0.7824905627912634,0.782490562819845,-59.16855526855368,-59.16855526854163,-0.007024486356701489,-0.0070244863556467065,0.2861007501134426,0.28610075011353714
54.5,0.7807321319094649,0.7807321319383111,-59.09696911771704,-59.09696911770494,-0.007042914997731853,-0.0070429149966721874,0.2865884583172742,0.2865884583173695
54.75,0.778969128142435,0.7789691281715472,-59.025261038532804,-59.02526103852065,-0.00706106943830865,-0.007061069437244102,0.28707617686834813,0.2870761768684443
55.0,0.7772016200404688,0.7772016200698482,-58.95343102843355,-58.95343102842134,-0.007078949676981821,-0.007078949675912388,0.2875639056115534,0.2875639056116504
55.25,0.7754296055981129,0.7754296056277608,-58.881481197660186,-58.88148119764793,-0.007097121754740374,-0.007097121753666056,0.2880347422887291,0.2880347422888269
55.5,0.7736530812167198,0.7736530812466372,-58.809413656438814,-58.8094136564265,-0.007115029189039493,-0.007115029187960291,0.2885055891707168,0.2885055891708154
55.75,0.7718721130573338,0.7718721130875221,-58.73722840223694,-58.73722840222457,-0.007132671978446301,-0.007132671977362212,0.28897644610781165,0.2889764461079111
56.0,0.770086767281355,0.7700867673118154,-58.66492543255949,-58.664925432547065,-0.00715005012154905,-0.007150050120460075,0.2894473129503081,0.28944731295040843
56.25,0.7682970442542193,0.768297044284953,-58.59250685767083,-58.59250685765834,-0.0071676915809852065,-0.007167691579891344,0.2899012878223784,0.28990128782247954
56.5,0.766502942748195,0.7665029427792033,-58.51997478782272,-58.51997478781018,-0.0071850779524252496,-0.007185077951326499,0.29035527260180144,0.2903552726019034
56.75,0.7647045265354552,0.7647045265667393,-58.44732922055637,-58.44732922054377,-0.0072022092344788,-0.007202209233375162,0.29080926714427785,0.29080926714438066
57.0,0.7629018593885182,0.7629018594200793,-58.37457015344905,-58.374570153436395,-0.0072190854257757646,-0.007219085424667238,0.29126327130550744,0.2912632713056111
57.25,0.7610949440435242,0.7610949440753635,-58.30169969678207,-58.30169969676937,-0.007236196412185016,-0.0072361964110716,0.2917003836436282,0.29170038364373274
57.5,0.7592837816434765,0.7592837816755952,-58.22871996082643,-58.22871996081367,-0.007253061865979136,-0.007253061864860831,0.29213750559172474,0.2921375055918301
57.75,0.7574684335716979,0.7574684336040972,-58.15563094319698,-58.15563094318417,-0.00726968178580925,-0.007269681784686055,0.2925746370109029,0.2925746370110091
58.0,0.755648961211846,0.7556489612445271,-58.08243264154332,-58.08243264153046,-0.007286056170345916,-0.00728605616921783,0.2930117777622679,0.29301177776237497
58.25,0.7538253696749481,0.7538253697079123,-58.00912716615812,-58.009127166145205,-0.007302636795388351,-0.007302636794255373,0.2934320268826463,0.29343202688275427
58.5,0.7519976624789299,0.7519976625121784,-57.93571662732597,-57.935716627313,-0.0073189814430883815,-0.007318981441950511,0.2938522853156865,0.2938522853157954
58.75,0.7501658986182912,0.7501658986518253,-57.86220102273538,-57.86220102272235,-0.007335090112136198,-0.007335090110993435,0.2942725529278997,0.29427255292800947
59.0,0.7483301370878562,0.7483301371216771,-57.78858035010824,-57.78858035009516,-0.007350962801245634,-0.007350962800097978,0.2946928295857964,0.29469282958590703
59.25,0.7464903853719421,0.746490385406051,-57.71485671974261,-57.714856719729475,-0.007367013189137318,-0.007367013187984769,0.29509621485256166,0.2950962148526732
59.5,0.7446466493618044,0.7446466493962024,-57.6410322419307,-57.64103224191751,-0.007382837154822549,-0.007382837153665105,0.29549960913474504,0.29549960913485745
59.75,0.7427989856631533,0.7427989856978418,-57.56710691443466,-57.56710691442141,-0.007398434697033924,-0.007398434695871586,0.2959030123042629,0.2959030123043762
60.0,0.7409474508820137,0.7409474509169939,-57.493080735048665,-57.493080735035356,-0.007413805814523709,-0.007413805813356475,0.29630642423303094,0.2963064242331451
60.25,0.7390920548775517,0.7390920549128247,-57.418955814071005,-57.41895581405764,-0.007429326076735015,-0.007429326075562885,0.29669294505160365,0.2966929450517187
60.5,0.7372328059159149,0.737232805951482,-57.34473426179637,-57.344734261782946,-0.007444629471716207,-0.00744462947053918,0.29707947458841377,0.29707947458852973
60.75,0.7353697582140645,0.7353697582499269,-57.27041607606053,-57.27041607604705,-0.007459715998242024,-0.0074597159970601,0.29746601272078277,0.2974660127208996
61.0,0.7335029659892652,0.7335029660254242,-57.19600125472993,-57.19600125471639,-0.007474585655106504,-0.007474585653919682,0.29785255932603144,0.2978525593261492
61.25,0.731632441477023,0.7316324415134797,-57.12149190809803,-57.12149190808444,-0.007489575890856007,-0.007489575889664286,0.29822221514255404,0.29822221514267266
61.5,0.7297581953198731,0.7297581953566288,-57.04689014645692,-57.04689014644327,-0.007504358814170327,-0.007504358812973225,0.2985918793801894,0.29859187938030896
61.75,0.7278802793460724,0.7278802793831284,-56.972195967715976,-56.97219596770227,-0.007518934423866079,-0.007518934422664078,0.298961551921664,0.2989615519217845
62.0,0.7259987453841719,0.7259987454215294,-56.8974093698139,-56.89740936980014,-0.007533302718775681,-0.00753330271756878,0.2993312326497037,0.29933123264982503
62.25,0.7241136080462454,0.7241136080839057,-56.822532463034584,-56.82253246302076,-0.0075477630250898285,-0.007547763023878026,0.29968402294829094,0.2996840229484132
62.5,0.7222248803514469,0.7222248803894114,-56.74756735766278,-56.7475673576489,-0.007562025573559183,-0.007562025572342479,0.30003682137092114,0.3000368213710443
62.75,0.7203326117393808,0.7203326117776504,-56.67251405168147,-56.67251405166753,-0.007576090363042935,-0.007576090361821329,0.30038962780572565,0.30038962780584977
63.0,0.7184368516499343,0.7184368516885105,-56.597372543101585,-56.59737254308759,-0.0075899573924154695,-0.00758995739118896,0.3007424421408352,0.30074244214096024
63.25,0.7165376170721384,0.7165376171110222,-56.522144942192874,-56.52214494217882,-0.00760388786279692,-0.0076038878615655075,0.3010783664423349,0.3010783664424609
63.5,0.7146349234021585,0.7146349234413513,-56.446833359228194,-56.446833359214075,-0.007617630129701807,-0.00761763012846549,0.30141429857086055,0.3014142985709875
63.75,0.7127288176910018,0.7127288177305047,-56.371437792264096,-56.371437792249914,-0.007631184192029707,-0.007631184190788486,0.3017502384199483,0.3017502384200762
64.0,0.7108193469899484,0.7108193470297626,-56.295958239383744,-56.2959582393695,-0.007644550048695987,-0.007644550047449861,0.30208618588313363,0.30208618588326247
64.25,0.7089065306669039,0.7089065307070307,-56.22039681083866,-56.220396810824354,-0.007657950760855176,-0.007657950759604144,0.30240524374109007,0.30240524374121985
64.5,0.7069903864969665,0.7069903865374071,-56.144755616885725,-56.14475561687136,-0.0076711728236615526,-0.007671172822405614,0.3027243091290993,0.30272430912923004
64.75,0.705070959142607,0.7050709591833625,-56.06903465565506,-56.06903465564063,-0.007684216236057709,-0.007684216234796863,0.30304338194610214,0.3030433819462338
65.0,0.7031482932665586,0.7031482933076303,-55.99323392530204,-55.99323392528755,-0.0076970809969994945,-0.0076970809957337405,0.3033624620910387,0.30336246209117135
65.25,0.701222410615535,0.7012224106569243,-55.91735553605602,-55.91735553604146,-0.0077099520286913305,-0.007709952027420668,0.30366465309075696,0.3036646530908906
65.5,0.6992933313435031,0.6992933313852111,-55.84140159815394,-55.84140159813931,-0.007722653964895538,-0.007722653963619966,0.3039668513235989,0.30396685132373347
65.75,0.6973610977244623,0.6973610977664902,-55.765372109799465,-55.76537210978478,-0.0077351868045943345,-0.007735186803313853,0.3042690566939097,0.3042690566940452
66.0,0.6954257520326643,0.6954257520750134,-55.68926706922019,-55.68926706920544,-0.007747550546786682,-0.00774755054550129,0.30457126910603394,0.3045712691061704
66.25,0.6934873183942954,0.693487318436967,-55.613088586619554,-55.61308858660474,-0.007759891969927732,-0.0077598919686374295,0.3048565928627387,0.30485659286287614
66.5,0.6915458193428584,0.6915458193858536,-55.53683877221083,-55.536838772195956,-0.007772073851168461,-0.007772073849872765,0.3051419235556785,0.30514192355581693
66.75,0.6896012947639506,0.6896012948072707,-55.46051762427124,-55.460517624256305,-0.007784096189532622,-0.007784096188232013,0.30542726109460283,0.3054272610947422
67.0,0.6876537845434115,0.6876537845870578,-55.384125141100576,-55.384125141085576,-0.007795958984059141,-0.007795958982753619,0.3057126053892607,0.30571260538940104
67.25,0.6857033151886914,0.6857033152326653,-55.30766343287305,-55.307663432857986,-0.007807770855676892,-0.007807770854366456,0.30598106154472543,0.30598106154486676
67.5,0.6837499116146231,0.6837499116589256,-55.23113460977496,-55.231134609759835,-0.007819432738688759,-0.007819432737373405,0.30624952433956876,0.30624952433971103
67.75,0.6817936113184749,0.6817936113631073,-55.15453867015708,-55.15453867014189,-0.007830944632160977,-0.007830944630840705,0.3065179936889443,0.30651799368908755
68.0,0.6798344517977472,0.6798344518427107,-55.07787561239138,-55.07787561237612,-0.007842306535173149,-0.00784230653384796,0.3067864695080052,0.3067864695081495
68.25,0.6778724619400451,0.6778724619853411,-55.001147546619514,-55.00114754660419,-0.007853588920579734,-0.007853588919249624,0.30703805773073883,0.3070380577308841
68.5,0.675907669040425,0.6759076690860546,-54.92435658299749,-54.9243565829821,-0.00786473087036906,-0.007864730869033066,0.30728965229603145,0.3072896522961777
68.75,0.6739401082079028,0.6739401082538675,-54.8475027199496,-54.84750271993414,-0.007875732383647426,-0.007875732382306511,0.3075412531244407,0.30754125312458797
69.0,0.6719698145517168,0.6719698145980177,-54.77058595592,-54.770585955904465,-0.007886593459535091,-0.007886593458189253,0.3077928601365237,0.30779286013667195
69.25,0.6699968193402642,0.6699968193869028,-54.6936084010147,-54.693608400999096,-0.0078973464183293,-0.00789734641697854,0.3080275801197973,0.3080275801199465
69.5,0.6680211522494642,0.6680211522964415,-54.61657216535632,-54.61657216534065,-0.007907968494172189,-0.007907968492816506,0.3082623061488439,0.30826230614899414
69.75,0.6660428460001613,0.6660428460474785,-54.53947724744266,-54.53947724742693,-0.007918459686212272,-0.007918459684851666,0.308497038149625,0.3084970381497762
70.0,0.6640619333134111,0.6640619333610696,-54.46232364579006,-54.46232364577426,-0.007928819993610933,-0.007928819992245404,0.3087317760481014,0.30873177604825364
70.25,0.6620784478392164,0.6620784478872174,-54.3851134704662,-54.38511347045034,-0.007939043578243233,-0.007939043576872296,0.3089496275067262,0.3089496275068795
70.5,0.6600924216351741,0.6600924216835189,-54.307848831557635,-54.30784883154171,-0.007949145832256022,-0.00794914583088016,0.3091674847143676,0.3091674847145219
70.75,0.6581038850340402,0.65810388508273,-54.230529727635684,-54.23052972761969,-0.007959126754842186,-0.007959126753461396,0.30938534760239067,0.30938534760254593
71.0,0.6561128683687714,0.6561128684178075,-54.15315615728883,-54.15315615727276,-0.007968986345202293,-0.007968986343816577,0.3096032161021599,0.3096032161023162
71.25,0.6541194076707598,0.6541194077201437,-54.07573023054383,-54.075730230527704,-0.007978680609180423,-0.007978680607788816,0.30980419877185905,0.3098041987720164
71.5,0.6521235373790667,0.6521235374287995,-53.99825405744856,-53.99825405743237,-0.00798826309452708,-0.007988263093130544,0.31000518689384854,0.31000518689400697
71.75,0.6501252854384457,0.6501252854885287,-53.92072763664785,-53.92072763663158,-0.007997733800476128,-0.007997733799074664,0.31020618040489684,0.31020618040505626
72.0,0.6481246797938413,0.6481246798442757,-53.84315096680233,-53.84315096678599,-0.008007092726269002,-0.008007092724862608,0.31040717924177197,0.3104071792419324
72.25,0.6461217588595949,0.646121758910382,-53.76552615789544,-53.76552615787903,-0.008016257709928089,-0.008016257708516283,0.3105912928775425,0.31059129287770393
72.5,0.6441165594577934,0.6441165595089346,-53.68785531993395,-53.687855319917475,-0.00802532046658763,-0.008025320465170892,0.3107754116688998,0.31077541166906225
72.75,0.6421091071452776,0.642109107196774,-53.6101384516362,-53.610138451619655,-0.008034280995523673,-0.008034280994102002,0.3109595355580156,0.31095953555817907
73.0,0.640099427479068,0.640099427530921,-53.53237555173498,-53.53237555171836,-0.008043139296018017,-0.008043139294591412,0.31114366448706104,0.3111436644872256
73.25,0.6380875612559115,0.6380875613081222,-53.45456873016809,-53.4545687301514,-0.008051775043334096,-0.008051775041902557,0.31131090886236384,0.31131090886252943
73.5,0.6360735476803783,0.6360735477329479,-53.37672009689892,-53.37672009688216,-0.008060318114917222,-0.00806031811348075,0.3114781580965747,0.31147815809674134
73.75,0.6340574099214871,0.634057409974417,-53.29882965071929,-53.298829650702466,-0.008068768510084168,-0.00806876850864276,0.3116454121372682,0.3116454121374359
74.0,0.6320391711484268,0.632039171201718,-53.22089739043414,-53.22089739041724,-0.008077126228158055,-0.008077126226711712,0.3118126709320187,0.31181267093218745
74.25,0.6300188745407103,0.6300188745943641,-53.14292542593354,-53.14292542591657,-0.008085232779485798,-0.008085232778034518,0.3119630458371743,0.31196304583734413
74.5,0.6279965616857538,0.6279965617397716,-53.06491586713539,-53.06491586711835,-0.008093256205969918,-0.008093256204513701,0.3121134253045819,0.3121134253047528
74.75,0.6259722533648486,0.6259722534192316,-52.98686871290501,-52.9868687128879,-0.008101196506968866,-0.00810119650550771,0.3122638092872189,0.31226380928739084
75.0,0.6239459703594457,0.623945970414195,-52.90878396211946,-52.90878396210228,-0.008109053681847072,-0.008109053680380977,0.31241419773806245,0.3124141977382354
75.25,0.6219177582317333,0.6219177582868503,-52.830663724618994,-52.830663724601735,-0.008116631077510237,-0.008116631076039204,0.3125477029801949,0.31254770298036894
75.5,0.6198876609518851,0.6198876610073708,-52.752510110273924,-52.752510110256594,-0.008124134898834519,-0.008124134897358545,0.31268121248794595,0.3126812124881211
75.75,0.6178556969135606,0.6178556969694163,-52.67432311802305,-52.674323118005645,-0.008131565145220033,-0.008131565143739118,0.31281472621969564,0.31281472621987183
76.0,0.6158218845105691,0.6158218845667962,-52.59610274681557,-52.596102746798095,-0.008138921816072031,-0.008138921814585214,0.3129482441338236,0.3129482441340009
76.25,0.6137862716892867,0.6137862717458865,-52.51785110644039,-52.517851106422846,-0.00814597008352839,-0.00814597008203663,0.31306487953224543,0.31306487953242385
76.5,0.6117489048041568,0.6117489048611306,-52.43957030671872,-52.43957030670111,-0.008152954326757925,-0.008152954325261221,0.31318151889966794,0.3131815188998474
76.75,0.6097097998613058,0.6097097999186549,-52.361260346662846,-52.36126034664516,-0.008159874545203859,-0.008159874543702213,0.31329816219987344,0.313298162200054
77.0,0.6076689728669994,0.6076689729247251,-52.282921225294096,-52.28292122527634,-0.008166730738309853,-0.00816673073680278,0.313414809396644,0.3134148093968257
77.25,0.605626474150862,0.6056264742089655,-52.204555052348006,-52.20455505233018,-0.008173249911745157,-0.00817324991023314,0.3135145747868206,0.31351457478700334
77.5,0.6035823524506693,0.6035823525091519,-52.12616393759468,-52.12616393757678,-0.008179714610665578,-0.008179714609148615,0.31361434384939907,0.3136143438495829
77.75,0.6015366213851147,0.6015366214439776,-52.04774788011987,-52.047747880101895,-0.008186124834554548,-0.008186124833032639,0.31371411655356396,0.3137141165537489
78.0,0.5994892945730205,0.599489294632265,-51.96930687901703,-51.96930687899898,-0.008192480582897014,-0.008192480581370157,0.3138138928684995,0.31381389286868555
78.25,0.5974404247277352,0.5974404247873625,-51.89084304396696,-51.89084304394883,-0.008198470691887871,-0.008198470690356067,0.3138967880969529,0.31389678809714006
78.5,0.5953900629708435,0.5953900630308548,-51.812358484687266,-51.81235848466906,-0.00820441587566846,-0.008204415874131706,0.31397968670122606,0.31397968670141435
78.75,0.5933382205337078,0.5933382205941043,-51.73385320033717,-51.7338532003189,-0.008210316133761688,-0.008210316132219985,0.3140625886559055,0.3140625886560948
79.0,0.5912849086478089,0.5912849087085921,-51.65532719008226,-51.65532719006391,-0.008216171465694509,-0.008216171464147857,0.31414549393557717,0.31414549393576763
79.25,0.5892301824098183,0.5892301824709891,-51.57678256354708,-51.576782563528646,-0.008221632542211652,-0.008221632540660048,0.31421151886087195,0.3142115188610635
79.5,0.5871740953247294,0.5871740953862893,-51.49822143039525,-51.49822143037674,-0.008227058242407805,-0.008227058240850765,0.31427754686542236,0.31427754686561504
79.75,0.585116656236677,0.5851166562986272,-51.41964378985946,-51.41964378984087,-0.008232448565847516,-0.008232448564285524,0.31434357792921647,0.31434357792941026
80.0,0.5830578739899043,0.583057874052246,-51.3410496411774,-51.34104964115873,-0.00823780351209877,-0.008237803510531824,0.31440961203224205,0.31440961203243695
80.25,0.5809978060658778,0.5809978061286123,-51.26244109391604,-51.2624410938973,-0.008242735575502279,-0.008242735573930378,0.3144587665237356,0.3144587665239316
80.5,0.5789365083544736,0.5789365084176022,-51.183820257683664,-51.18382025766485,-0.008247641811054092,-0.008247641809477237,0.31450792379793147,0.3145079237981286
80.75,0.5768739873127041,0.576873987376228,-51.10518713178642,-51.10518713176753,-0.00825252221835991,-0.0082525222167781,0.3145570838402191,0.3145570838404173
81.0,0.5748102493976796,0.5748102494615999,-51.02654171553412,-51.02654171551515,-0.008257376797029708,-0.008257376795442943,0.3146062466359877,0.3146062466361871
81.25,0.5727453544750835,0.5727453545394016,-50.94788611843502,-50.94788611841597,-0.008261779870465209,-0.008261779868873486,0.3146385305720615,0.314638530572262
81.5,0.5706793608190972,0.5706793608838143,-50.869222450040944,-50.86922245002181,-0.00826616666409226,-0.00826616666249558,0.31467081699429716,0.31467081699449884
81.75,0.568612272499717,0.5686122725648344,-50.79055070973149,-50.79055070971228,-0.008270537177558435,-0.008270537175956794,0.31470310589348544,0.3147031058936883
82.0,0.5665440935870266,0.5665440936525455,-50.711870896888584,-50.71187089686929,-0.008274891410514969,-0.008274891408908368,0.3147353972604167,0.3147353972606207
82.25,0.5644748863316371,0.5644748863975588,-50.63318512096054,-50.63318512094117,-0.008278765510592197,-0.008278765508980638,0.31475081052927667,0.31475081052948184
82.5,0.5624047113927464,0.562404711459072,-50.5544954914415,-50.55449549142205,-0.00828263287847359,-0.00828263287685707,0.3147662259877675,0.31476622598797377
82.75,0.5603335704534421,0.5603335705201729,-50.47580200778453,-50.475802007765004,-0.008286493513848827,-0.008286493512227343,0.3147816436320807,0.3147816436322881
83.0,0.5582614651968896,0.5582614652640268,-50.39710466944365,-50.397104669424046,-0.008290347416407995,-0.008290347414781548,0.31479706345840774,0.3147970634586163
83.25,0.5561884602582383,0.5561884603257833,-50.31840558580629,-50.31840558578661,-0.008293692561986078,-0.008293692560354185,0.3147956059559519,0.31479560595616163
83.5,0.5541146186813143,0.5541146187492684,-50.23970686630794,-50.239706866288174,-0.008297040522545237,-0.00829704052090838,0.31479415034660635,0.3147941503468172
83.75,0.5520399397624057,0.5520399398307702,-50.16100851047512,-50.161008510455275,-0.008300391297817733,-0.00830039129617591,0.3147926966319633,0.3147926966321753
84.0,0.549964422797868,0.549964422866644,-50.08231051783396,-50.08231051781404,-0.008303744887533947,-0.008303744885886194,0.3147912448136149,0.3147912448138281
84.25,0.5478881348067413,0.5478881348759304,-50.00361499770977,-50.00361499768976,-0.008306561101783063,-0.008306561100130342,0.3147729164455596,0.31477291644577393
84.5,0.5458111412168329,0.5458111412864363,-49.92492405947816,-49.92492405945807,-0.008309389677749156,-0.008309389676091466,0.31475458967410697,0.31475458967432246
84.75,0.543733438937742,0.5437334390077608,-49.84623770273911,-49.84623770271894,-0.008312230615206823,-0.008312230613543683,0.3147362645062497,0.31473626450646636
85.0,0.5416550248791239,0.5416550249495596,-49.76755592709085,-49.76755592707059,-0.008315083913927216,-0.008315083912259108,0.3147179409489804,0.31471794094919825
85.25,0.5395759684441325,0.5395759685149863,-49.688880841795616,-49.68888084177527,-0.008317371217352309,-0.00831737121567923,0.3146827416286608,0.3146827416288798
85.5,0.5374963374447798,0.537496337516053,-49.61021455616821,-49.61021455614778,-0.008319680428786893,-0.008319680427108843,0.3146475436084477,0.3146475436086679
85.75,0.5354161264040865,0.5354161264757804,-49.53155706988205,-49.531557069861535,-0.00832201154804525,-0.008322011546362229,0.31461234690073414,0.3146123469009555
86.0,0.5333353298451202,0.5333353299172359,-49.45290838260746,-49.45290838258686,-0.0083243645749405,-0.008324364573252505,0.3145771515179128,0.31457715151813537
86.25,0.5312540195568797,0.5312540196294184,-49.3742706035432,-49.37427060352252,-0.008326122973303048,-0.008326122971610079,0.31452508116203964,0.3145250811622634
86.5,0.5291722657373136,0.5291722658102768,-49.295645841942836,-49.29564584192207,-0.008327912825520626,-0.008327912823822201,0.31447301180978005,0.31447301181000503
86.75,0.5270900605229765,0.5270900605963653,-49.217034097553224,-49.21703409753237,-0.008329734131447442,-0.008329734129744042,0.31442094347892685,0.31442094347915306
87.0,0.5250073960504591,0.5250073961242748,-49.138435370116795,-49.138435370095856,-0.008331586890937857,-0.008331586889229482,0.3143688761872728,0.31436887618750026
87.25,0.5229243464926552,0.5229243465668991,-49.05985176876767,-49.05985176874665,-0.008332816404707682,-0.00833281640299433,0.3142999347217362,0.3142999347219648
87.5,0.520840984431501,0.5208409845061743,-48.981285402697026,-48.981285402675915,-0.008334086917723747,-0.008334086916005417,0.31423099396333154,0.3142309939635614
87.75,0.5187572996171975,0.5187572996923016,-48.902736271725175,-48.90273627170398,-0.008335398429883786,-0.008335398428160477,0.3141620539352515,0.3141620539354826
88.0,0.5166732817999722,0.5166732818755082,-48.82420437566664,-48.82420437564535,-0.00833675094108075,-0.008336750939352463,0.31409311466068845,0.3140931146609207
88.25,0.5145890075374303,0.5145890076133994,-48.74569182359025,-48.74569182356887,-0.008337451583287915,-0.008337451581554649,0.31400730201662735,0.31400730201686083
88.5,0.5125045517963125,0.512504551872716,-48.66720072462414,-48.667200724602665,-0.008338202769678121,-0.008338202767939874,0.313921489783224,0.3139214897834587
88.75,0.5104199019405806,0.5104199020174198,-48.588731078662065,-48.58873107864051,-0.00833900450018998,-0.008339004498446751,0.3138356779890703,0.3138356779893062
89.0,0.5083350453342121,0.5083350454114882,-48.51028288559065,-48.510282885569,-0.008339856774759609,-0.008339856773011398,0.31374986666275817,0.3137498666629953
89.25,0.5062500609199193,0.5062500609976335,-48.43185825441278,-48.431858254391045,-0.00834002855436008,-0.008340028552606885,0.3136471827764831,0.3136471827767215
89.5,0.5041650260496431,0.5041650261277966,-48.353459294192916,-48.353459294171095,-0.008340260422623544,-0.008340260420865366,0.3135444990043964,0.313544499004636
89.75,0.5020799257012202,0.5020799257798143,-48.27508600489826,-48.27508600487635,-0.008340552379529733,-0.00834055237776657,0.31344181538048915,0.31344181538072996
90.0,0.49999474485249296,0.49999474493152873,-48.196738386487525,-48.19673838646552,-0.008340904425054552,-0.008340904423286406,0.31333913193875246,0.3133391319389945
90.25,0.49790956482955406,0.4979095649090327,-48.11841854789695,-48.11841854787485,-0.008340547363900313,-0.008340547362127181,0.3132195767522871,0.3132195767525304
90.5,0.4958244653678192,0.495824465447742,-48.0401285981266,-48.04012859810441,-0.008340259935426298,-0.008340259933648179,0.31310002138355303,0.31310002138379756
90.75,0.49373942905911544,0.4937394291394836,-47.961868537217114,-47.96186853719483,-0.008340042139654795,-0.008340042137871689,0.31298046587194017,0.3129804658721859
91.0,0.4916544384952651,0.4916544385760798,-47.88363836519929,-47.883638365176914,-0.008339893976601493,-0.008339893974813398,0.31286091025683854,0.3128609102570855
91.25,0.4895695773886719,0.4895695774699345,-47.80544019094246,-47.805440190919995,-0.008339008072176711,-0.008339008070383626,0.31272448371438544,0.3127244837146336
91.5,0.4874849278611568,0.4874849279428686,-47.72727612338202,-47.72727612335947,-0.0083382013439876,-0.008338201342189525,0.31258805669320483,0.3125880566934543
91.75,0.485400470118653,0.4854004702008151,-47.64914616263205,-47.649146162609405,-0.00833747379209708,-0.008337473790294014,0.3124516292380854,0.31245162923833614
92.0,0.4833161843670783,0.48331618444969204,-47.571050308795435,-47.5710503087727,-0.008336825416563515,-0.008336825414755457,0.3123152013938158,0.31231520139406777
92.25,0.4812321567027757,0.4812321567858423,-47.49299067067386,-47.49299067065103,-0.008335410684401377,-0.008335410682588326,0.3121619034455106,0.31216190344576383
92.5,0.4791484716316002,0.4791484717151209,-47.41496935713731,-47.41496935711439,-0.008334084671564978,-0.008334084669746932,0.31200860472202785,0.31200860472228237
92.75,0.4770651069737071,0.4770651070576832,-47.336986368373296,-47.33698636835028,-0.008332847378158825,-0.008332847376335785,0.3118553052735546,0.3118553052738104
93.0,0.4749820405492265,0.47498204063365923,-47.25904170455679,-47.259041704533686,-0.008331698804280583,-0.008331698802452547,0.3117020051502779,0.311702005150535
93.25,0.4728993608381944,0.472899360923085,-47.18113747442111,-47.18113747439791,-0.008329755260953477,-0.008329755259120443,0.31153183575211485,0.3115318357523732
93.5,0.47081715473025415,0.4708171548156039,-47.10327578677007,-47.10327578674678,-0.008327909979570836,-0.008327909977732804,0.31136166528233344,0.311361665282593
93.75,0.46873539765990097,0.46873539774571105,-47.025456641864636,-47.02545664184125,-0.008326162960280922,-0.008326162958437891,0.3111914937965188,0.31119149379677963
94.0,0.4666540650615942,0.4666540651478659,-46.94768003995188,-46.94768003992839,-0.008324514203221901,-0.008324514201373872,0.3110213213502561,0.31102132135051824
94.25,0.4645732478009816,0.4645732478877163,-46.86994808969664,-46.86994808967306,-0.008322041849011133,-0.008322041847157142,0.3108342804586583,0.3108342804589217
94.5,0.46249303515341367,0.46249303524061275,-46.79226289983658,-46.792262899812904,-0.008319677298896797,-0.008319677297037805,0.31064723819900136,0.31064723819926604
94.75,0.46041340016784255,0.46041340025550725,-46.71462447070609,-46.71462447068232,-0.008317420553067058,-0.008317420551203063,0.31046019463226826,0.3104601946325342
95.0,0.45833431589317464,0.45833431598130625,-46.63703280262432,-46.637032802600444,-0.00831527161170058,-0.0083152716098311,0.31027314981944204,0.3102731498197093
95.25,0.4562558755794259,0.4562558756680257,-46.55949000418711,-46.559490004163145,-0.008312270455898357,-0.008312270454023874,0.31006923739535697,0.3100692373956256
95.5,0.45417817088641055,0.4541781709754799,-46.481998184065375,-46.48199818404131,-0.008309386645871842,-0.008309386643992354,0.3098653233067771,0.309865323307047
95.75,0.4521011724776559,0.452101172567196,-46.404557342666926,-46.40455734264277,-0.008306620181850542,-0.008306620179966048,0.30966140762008293,0.3096614076203542
96.0,0.4500248510166328,0.4500248511066451,-46.327167480383004,-46.327167480358746,-0.008303971064055306,-0.00830397106216436,0.3094574904016552,0.3094574904019278
96.25,0.44794930213737216,0.447949302227858,-46.24983070573998,-46.24983070571563,-0.00830044111783599,-0.008300441115940036,0.3092367064098112,0.30923670641008516
96.5,0.44587461988379956,0.44587461997476024,-46.17254912734153,-46.17254912731708,-0.008297038058597068,-0.008297038056696106,0.3090159204570429,0.3090159204573182
96.75,0.44380077253413575,0.44380077262557255,-46.095322745668916,-46.09532274564437,-0.008293761886609873,-0.008293761884703902,0.3087951326151282,0.30879513261540475
97.0,0.44172772836653496,0.4417277284584491,-46.01815156118545,-46.0181515611608,-0.00829061260213575,-0.00829061260022477,0.30857434295584507,0.30857434295612296
97.25,0.43965558540020117,0.4396555854925939,-45.941037682347904,-45.941037682323156,-0.008286553866458903,-0.008286553864542913,0.3083366873619687,0.3083366873622479
97.5,0.43758444006432934,0.43758444015720194,-45.863983217692606,-45.86398321766776,-0.008282631558492957,-0.008282631556571956,0.30809902951073886,0.3080990295110194
97.75,0.4355142582519524,0.43551425834530605,-45.78698816777425,-45.7869881677493,-0.008278845678551305,-0.00827884567662529,0.30786136947933057,0.30786136947961246
98.0,0.43344500585602636,0.43344500594986235,-45.71005253312822,-45.71005253310317,-0.008275196226935067,-0.008275196225004038,0.3076237073449189,0.3076237073452021
98.25,0.43137678328010987,0.4313767833744295,-45.63317842214124,-45.633178422116096,-0.00827060870835996,-0.008270608706423916,0.30736918011848063,0.3073691801187652
98.5,0.429309689337849,0.42930968943265346,-45.55636794328182,-45.556367943256575,-0.008266167157749955,-0.008266167155808897,0.30711465033826346,0.30711465033854934
98.75,0.42724368753720793,0.42724368763249854,-45.479621097178075,-45.47962109715273,-0.008261871575459786,-0.008261871573513711,0.3068601180868391,0.3068601180871263
99.0,0.4251787413860638,0.42517874148184176,-45.402937884437485,-45.40293788441204,-0.008257721961830585,-0.008257721959879493,0.3066055834467794,0.30660558344706795
99.25,0.4231149536716125,0.4231149537678791,-45.32632041337628,-45.326320413350736,-0.008252605671701914,-0.008252605669745804,0.3063341845605828,0.3063341845608727
99.5,0.4210524255912342,0.4210524256879907,-45.249770792394735,-45.24977079236909,-0.008247644889313639,-0.00824764488735251,0.3060627828241881,0.3060627828244793
99.75,0.4189911182679441,0.4189911183651917,-45.1732890221944,-45.17328902216865,-0.008242839615061106,-0.008242839613094957,0.3057913783255634,0.30579137832585596
100.0,0.4169309928246601,0.4169309929224001,-45.09687510345484,-45.096875103428985,-0.008238189849327868,-0.008238189847356697,0.3055199711526772,0.3055199711529711
100.25,0.4148721544329521,0.41487215453118576,-45.02053114442173,-45.020531144395775,-0.008232544792137558,-0.008232544790161365,0.3052317005801014,0.30523170058039667
100.5,0.4128147066746713,0.4128147067733999,-44.944259253427035,-44.94425925340098,-0.008227064781984188,-0.008227064780002971,0.30494342686091064,0.3049434268612073
100.75,0.4107586082880036,0.41075860838722833,-44.86805943124574,-44.86805943121958,-0.008221749819304682,-0.00822174981731844,0.30465515008846933,0.30465515008876737
101.0,0.4087038180110273,0.40870381811074946,-44.79193167862949,-44.79193167860322,-0.008216599904522358,-0.008216599902531093,0.3043668703561421,0.30436687035644155
101.25,0.4066504434001387,0.4066504435003595,-44.71587810375319,-44.715878103726816,-0.008210426080187275,-0.008210426078190985,0.30406172807231013,0.30406172807261095
101.5,0.40459859042211227,0.404598590522833,-44.639900814880285,-44.6399008148538,-0.0082044268417057,-0.008204426839704383,0.30375658234544617,0.30375658234574837
101.75,0.4025482154304246,0.4025482155316465,-44.56399981285919,-44.5639998128326,-0.008198602189555653,-0.008198602187549309,0.3034514332743106,0.3034514332746142
102.0,0.4004992747784345,0.40049927488015885,-44.488175098513615,-44.48817509848693,-0.008192952124201668,-0.008192952122190294,0.3031462809576641,0.3031462809579691
102.25,0.39845187840553026,0.3984518785077583,-44.41242877994714,-44.41242877992035,-0.008186249546351818,-0.008186249544335415,0.30282426694231906,0.30282426694262543
102.5,0.39640613466157615,0.39640613476430914,-44.336762965354104,-44.3367629653272,-0.008179731092688493,-0.00817973109066706,0.3025022491875326,0.30250224918784036
102.75,0.3943619975154601,0.3943619976186993,-44.26117765565635,-44.26117765562934,-0.008173396763732731,-0.008173396761706267,0.3021802277974608,0.30218022779776993
103.0,0.3923194209359418,0.3923194210396885,-44.185672851749665,-44.18567285172255,-0.008167246559989313,-0.008167246557957817,0.30185820287626003,0.30185820287657056
103.25,0.3902785172471179,0.3902785173513733,-44.110250661666434,-44.11025066163921,-0.008160015227559944,-0.008160015225523416,0.3015193171079136,0.3015193171082255
103.5,0.3882393971836583,0.3882393972884237,-44.034913193532056,-44.03491319350473,-0.008152977557169675,-0.008152977555128112,0.30118042730371547,0.30118042730402883
103.75,0.38620201232998275,0.38620201243525937,-43.95966044834179,-43.95966044831436,-0.008146133549380154,-0.008146133547333557,0.30084153357321725,0.30084153357353205
104.0,0.3841663142703723,0.3841663143761615,-43.884492427063535,-43.884492427035994,-0.008139483204738335,-0.008139483202686221,0.3005026360259707,0.3005026360262869
104.25,0.3821324177130096,0.3821324178193127,-43.80941123765816,-43.80941123763051,-0.008131723120679151,-0.008131723118622,0.3001468784854909,0.30014687848580845
104.5,0.3801004357767484,0.3801004358835667,-43.73441898818184,-43.73441898815408,-0.008124166236028418,-0.008124166233965746,0.29979111661275076,0.29979111661306973
104.75,0.3780703176616609,0.3780703177689957,-43.659515679703254,-43.659515679675394,-0.008116812551388875,-0.008116812549321166,0.29943535052269704,0.2994353505230174
105.0,0.3760420125676705,0.3760420126755231,-43.58470131326238,-43.58470131323441,-0.008109662067347726,-0.008109662065274978,0.29907958033027665,0.2990795803305984
105.25,0.37401563758680934,0.374015637695181,-43.509977996748326,-43.50997799672025,-0.008101373235534816,-0.008101373233457027,0.2987069510007946,0.2987069510011177
105.5,0.37199130822187837,0.3719913083307703,-43.435347838147734,-43.43534783811955,-0.008093297140015207,-0.008093297137932377,0.2983343170426456,0.2983343170429702
105.75,0.36996897128872336,0.3699689713981369,-43.360810838602724,-43.36081083857443,-0.008085433781433213,-0.008085433779344857,0.29796167857617134,0.2979616785764973
106.0,0.3679485736030311,0.3679485737129676,-43.286366999225336,-43.286366999196936,-0.00807778316041628,-0.008077783158322882,0.2975890357217135,0.29758903572204093
106.25,0.36593023464038493,0.36593023475084563,-43.21201842783281,-43.2120184278043,-0.008068965586142894,-0.00806896558404445,0.2971995345872678,0.2971995345875966
106.5,0.36391407228723494,0.3639140723982211,-43.13776723234215,-43.137767232313536,-0.008060370284562645,-0.008060370282459157,0.2968100285277514,0.2968100285280817
106.75,0.36190003097532175,0.36190003108683466,-43.06361341396891,-43.06361341394018,-0.008051997256361179,-0.008051997254252645,0.29642051766890054,0.2964205176692323
107.0,0.3598880551362168,0.3598880552482577,-42.989556973897194,-42.98955697386836,-0.008043846502206912,-0.00804384650009333,0.2960310021364516,0.2960310021367848
107.25,0.3578782666287064,0.35787826674127654,-42.915600019872095,-42.91560001984315,-0.008034500192581256,-0.008034500190462627,0.2956246291833153,0.29562462918364985
107.5,0.355870785722542,0.3558707858356427,-42.84174465974069,-42.84174465971163,-0.008025385691562302,-0.008025385689438141,0.29521825100870847,0.2952182510090445
107.75,0.35386555446548057,0.3538655545791132,-42.767990894791964,-42.76799089476279,-0.008016502999877018,-0.008016502997747808,0.29481186774376156,0.294811867744099
108.0,0.35186251490509957,0.35186251501926535,-42.694338726282105,-42.694338726252816,-0.008007852118235272,-0.00800785211610101,0.29440547951960544,0.29440547951994434
108.25,0.349861791284062,0.3498617913987622,-42.620790261884075,-42.62079026185467,-0.007997977074004965,-0.007997977071865652,0.29398223473372836,0.2939822347340687
108.5,0.347863506256094,0.34786350637132996,-42.547347609375095,-42.54734760934558,-0.007988343373808349,-0.007988343371663981,0.29355898442998124,0.293558984430323
108.75,0.34586759948509066,0.34586759960086355,-42.47401077011756,-42.47401077008793,-0.007978951018414683,-0.007978951016265261,0.2931357287448885,0.29313572874523175
109.0,0.34387401063475687,0.34387401075106794,-42.40077974543974,-42.40077974541,-0.007969800008575282,-0.007969800006420806,0.2927124678149751,0.2927124678153198
109.25,0.3418828663319495,0.34188286644880006,-42.327656642942436,-42.32765664291258,-0.00795939622697683,-0.007959396224817297,0.29227235118271716,0.2922723511830633
109.5,0.33989429161468687,0.33989429173207825,-42.25464357033294,-42.25464357030296,-0.007949243324353697,-0.007949243322189105,0.29183222873618786,0.29183222873653547
109.75,0.3379082237631233,0.3379082238810568,-42.18174052904707,-42.18174052901698,-0.007939341301518157,-0.007939341299347544,0.29139210061730547,0.2913921006176545
110.0,0.33592460005721275,0.33592460017568976,-42.10894752048518,-42.108947520454976,-0.007929690159259603,-0.007929690157083932,0.29095196696798864,0.2909519669683392
110.25,0.3339435495065638,0.3339435496255856,-42.0362666521755,-42.03626665214517,-0.007918757648097217,-0.007918757645916485,0.29049497847888633,0.29049497847923833
110.5,0.33196519953204473,0.3319651996516126,-41.96370003175499,-41.96370003172455,-0.007908085550364137,-0.007908085548178343,0.29003798387911567,0.29003798387946916
110.75,0.32998948503019127,0.3299894851503065,-41.891247660732915,-41.891247660702355,-0.007897673866912763,-0.007897673864721426,0.28958098331598836,0.28958098331634335
111.0,0.32801634089732856,0.32801634101799254,-41.81890954058169,-41.81890954055102,-0.007887522598574899,-0.007887522596378498,0.28912397693681663,0.2891239769371731
111.25,0.32604589852780597,0.3260458986490199,-41.74668777875707,-41.746687778726276,-0.007876061348762054,-0.007876061346560588,0.2886501165797033,0.2886501165800613
111.5,0.32407828772733094,0.32407828784909615,-41.67458448282579,-41.67458448279488,-0.007864870046344782,-0.00786487004413777,0.2881762498155193,0.2881762498158788
111.75,0.3221134410089426,0.32211344113126045,-41.602599654370536,-41.60259965433951,-0.00785394869221585,-0.007853948690003772,0.2877023767969697,0.28770237679733063
112.0,0.3201512908854591,0.32015129100833095,-41.53073329493581,-41.53073329490466,-0.007843297287249716,-0.007843297285031609,0.2872284976767598,0.2872284976771222
112.25,0.31819197113281333,0.31819197125624055,-41.458987511904546,-41.45898751187328,-0.007831307313981944,-0.007831307311758769,0.2867377654430027,0.28673776544336665
112.5,0.3162356139383952,0.3162356140623791,-41.38736441277295,-41.38736441274157,-0.007819596821585893,-0.007819596819357648,0.2862470265057812,0.28624702650614664
112.75,0.31428214943186944,0.3142821495564112,-41.315863999197134,-41.31586399916563,-0.0078081658109975804,-0.007808165808764268,0.2857562810231931,0.28575628102356004
113.0,0.3123315077426694,0.3123315078677704,-41.24448627279366,-41.24448627276203,-0.007797014283130262,-0.007797014280891399,0.2852655291533368,0.28526552915370523
113.25,0.310383825029455,0.3103838251551166,-41.17323334087264,-41.173233340840895,-0.007784495591477898,-0.007784495589233965,0.2847579250346659,0.28475792503503583
113.5,0.3084392358624418,0.30843923598866524,-41.10210731085968,-41.10210731082781,-0.007772265913685486,-0.007772265911436484,0.2842503139161394,0.28425031391651084
113.75,0.30649766798804223,0.30649766811482887,-41.031108184484296,-41.03110818445231,-0.007760325250730133,-0.007760325248475096,0.28374269596124796,0.2837426959616209
114.0,0.30455904915242726,0.3045590492797785,-40.96023596343515,-40.96023596340304,-0.007748673603565573,-0.007748673601305463,0.2832350713334825,0.283235071333857
114.25,0.3026235178982613,0.30262351802617843,-40.88949275494968,-40.88949275491745,-0.007735626187401556,-0.007735626185136373,0.2827105953203246,0.2827105953207006
114.5,0.30069121117986297,0.30069121130834725,-40.818880666383045,-40.81888066635069,-0.007722877317596384,-0.007722877315326126,0.2821861120109164,0.28218611201129395
114.75,0.2987620543605147,0.2987620544895674,-40.7483996995382,-40.74839969950572,-0.007710426995168968,-0.007710426992893635,0.28166162157414093,0.28166162157451996
115.0,0.2968359728032472,0.2968359729328696,-40.678049856175875,-40.678049856143275,-0.007698275221113529,-0.007698275218833119,0.2811371241788816,0.2811371241792621
115.25,0.29491310743293786,0.29491310756313127,-40.60783324346048,-40.607833243427756,-0.007684699087665353,-0.007684699085379866,0.28059577626441073,0.2805957762647928
115.5,0.2929935975862168,0.2929935977169826,-40.53775196867642,-40.53775196864357,-0.007671431032585941,-0.007671431030294412,0.28005442075729886,0.2800544207576825
115.75,0.291077366243359,0.2910773663746985,-40.46780603370006,-40.46780603366709,-0.007658471056934085,-0.007658471054637477,0.279513057831821,0.2795130578322062
116.0,0.2891643363843775,0.289164336516292,-40.39799544036421,-40.397995440331115,-0.007645819161746172,-0.0076458191594444835,0.27897168766225283,0.2789716876626396
116.25,0.2872546513163607,0.28725465144885154,-40.32832229576024,-40.32832229572701,-0.007631714317275629,-0.007631714314967895,0.27841346783986615,0.27841346784025445
116.5,0.2853484527582489,0.28534845289131755,-40.25878870710173,-40.258788707068376,-0.007617927082691782,-0.007617927080378966,0.2778552401284511,0.27785524012884094
116.75,0.2834456613074321,0.2834456614410798,-40.18939467633849,-40.18939467630501,-0.007604457459096915,-0.007604457456779015,0.27729700470767454,0.27729700470806595
117.0,0.281546197561028,0.2815461976952561,-40.12014020537539,-40.12014020534179,-0.007591305447567415,-0.0075913054452444294,0.276738761757204,0.276738761757597
117.25,0.27965020720975575,0.2796502073445655,-40.05102740123079,-40.05102740119706,-0.007576671885999003,-0.00757667188367045,0.2761636700200956,0.27616367002049014
117.5,0.2777578343562851,0.2777578344916779,-39.98205837104749,-39.982058371013636,-0.007562365465347446,-0.007562365463013806,0.27558857009756793,0.275588570097964
117.75,0.2758689972152434,0.27586899735122056,-39.91323311684873,-39.913233116814745,-0.007548386186755869,-0.007548386184416178,0.27501346217467937,0.275013462175077
118.0,0.27398361400097554,0.27398361413753847,-39.844551640611456,-39.84455164057734,-0.007534734051340661,-0.007534734048995881,0.274438346436489,0.2744383464368882
118.25,0.2721018327856396,0.27210183292278967,-39.776016049280855,-39.776016049246614,-0.007519571783155031,-0.007519571780804679,0.27384638277891177,0.27384638277931256
118.5,0.2702238000534431,0.27022380019118175,-39.70762844992884,-39.70762844989447,-0.007504746186424665,-0.0075047461840682585,0.2732544106395301,0.2732544106399325
118.75,0.26834943163637365,0.2683494317747023,-39.63938884465206,-39.639388844617564,-0.007490257262334013,-0.007490257259972514,0.2726624302087937,0.2726624302091977
119.0,0.266478643366126,0.2664786435050459,-39.57129723549955,-39.57129723546492,-0.007476105012040905,-0.007476105009673831,0.272070441677153,0.27207044167755856
119.25,0.26461158569849624,0.26461158583800876,-39.503355729343326,-39.50335572930856,-0.007460414029143171,-0.007460414026771002,0.2714616060934145,0.27146160609382164
119.5,0.26274840750142886,0.2627484076415353,-39.43556643318439,-39.43556643314949,-0.007445069247748538,-0.007445069245371274,0.27085276173148176,0.2708527617318905
119.75,0.2608890222243942,0.2608890223650958,-39.36792934919281,-39.36792934915778,-0.007430070669083264,-0.007430070666700903,0.2702439087871954,0.27024390878760574
120.0,0.2590333433165596,0.25903334345785767,-39.3004444794897,-39.300444479454534,-0.007415418294345661,-0.007415418291958202,0.2696350474563969,0.26963504745680883
120.25,0.2571815236156731,0.25718152375756903,-39.233113930873856,-39.233113930838556,-0.007399198601148356,-0.007399198598754836,0.26900933994128573,0.2690093399416993
120.5,0.2553337143717302,0.2553337145142254,-39.165939810275304,-39.16593981023987,-0.007383334639010663,-0.007383334636612043,0.2683836233515928,0.268383623352008
120.75,0.25348982665180686,0.2534898267949026,-39.098922119937534,-39.09892211990197,-0.007367826409200403,-0.007367826406796199,0.2677578978885496,0.2677578978889663
121.0,0.2516497715226658,0.2516497716663635,-39.03206086205373,-39.032060862018035,-0.00735267391295661,-0.007352673910547305,0.2671321637533881,0.26713216375380644
121.25,0.24981370420385834,0.24981370434815908,-38.9653581433494,-38.965358143313566,-0.007335925514079803,-0.007335925511665394,0.2664895843023531,0.26648958430277303
121.5,0.24798177832728188,0.24798177847218703,-38.8988160706835,-38.898816070647534,-0.007319542375329104,-0.007319542372909108,0.2658469954803513,0.26584699548077284
121.75,0.24615390257774075,0.24615390272325163,-38.83243464637295,-38.83243464633685,-0.007303524498012932,-0.007303524495587831,0.26520439749400454,0.2652043974944277
122.0,0.24432998563971575,0.24432998578583368,-38.76621387268301,-38.76621387264677,-0.007287871883410803,-0.007287871880980596,0.26456179054993545,0.2645617905503603
122.25,0.24251018511502118,0.2425101852617474,-38.700155856265745,-38.70015585622937,-0.007270594778814508,-0.007270594776379193,0.2639023391593901,0.26390233915981653
122.5,0.24069465701791673,0.2406946571652525,-38.63426270390895,-38.634262703872444,-0.007253692462917365,-0.007253692460476941,0.26324287810149277,0.2632428781019208
122.75,0.238883307651058,0.2388833077990047,-38.56853441800297,-38.568534417966326,-0.007237164937071287,-0.007237164934625271,0.2625834075882555,0.2625834075886852
123.0,0.23707604331676665,0.23707604346532563,-38.502971000885125,-38.50297100084835,-0.007221012202596027,-0.0072210122001449,0.2619239278316911,0.2619239278321224
123.25,0.23527302399904673,0.23527302414821924,-38.4375745591343,-38.437574559097385,-0.007203206391842414,-0.0072032063893861745,0.2612476044962833,0.2612476044967163
123.5,0.23347440809444678,0.2334744082442341,-38.37234719946732,-38.37234719943027,-0.007185784897870716,-0.007185784895409364,0.26057127119713797,0.2605712711975726
123.75,0.23168009952359658,0.231680099674,-38.30728892434795,-38.30728892431077,-0.007168747722073927,-0.00716874771960746,0.25989492815165705,0.2598949281520933
124.0,0.22989000220678166,0.22989000235780244,-38.2423997361856,-38.24239973614828,-0.007152094865813006,-0.007152094863341423,0.2592185755772432,0.2592185755776811
124.25,0.22810427850948595,0.22810427866112537,-38.17768174148562,-38.17768174144817,-0.007133760353159955,-0.007133760350683254,0.2585253802940769,0.2585253802945164
124.5,0.22632308920983704,0.22632308936209639,-38.1131370468936,-38.113137046856004,-0.00711581968488015,-0.007115819682398331,0.25783217475078973,0.2578321747512309
124.75,0.22454633584656172,0.22454633599944226,-38.0487656549467,-38.04876565490897,-0.007098272862407665,-0.007098272859920728,0.25713895917017326,0.2571389591706161
125.0,0.22277391995803233,0.22277392011153538,-37.984567568126415,-37.98456756808854,-0.0070811198871437,-0.007081119884651642,0.25644573377501984,0.25644573377546426
125.25,0.22100600629098205,0.22100600644510898,-37.92054489286458,-37.92054489282656,-0.007062256677712093,-0.00706225667521395,0.25573566654139085,0.25573566654183694
125.5,0.21924275800488682,0.21924275815963903,-37.85669973573546,-37.856699735697305,-0.007043796839751838,-0.007043796837248572,0.25502558875126047,0.2550255887517082
125.75,0.21748407425669364,0.2174840744120724,-37.79303209934967,-37.793032099311375,-0.007025740374739052,-0.007025740372230662,0.25431550063280955,0.254315500633259
126.0,0.21572985420298454,0.21572985435899114,-37.729541986260756,-37.72954198622233,-0.007008087284116857,-0.007008087281603343,0.2536054024142198,0.2536054024146709
126.25,0.21398026497276704,0.21398026512940277,-37.66623150282711,-37.66623150278854,-0.006988695373840999,-0.006988695371322358,0.25287846322678037,0.2528784632272331
126.5,0.21223547210789065,0.2122354722651568,-37.6031027555518,-37.60310275551309,-0.006969716361643423,-0.006969716359119655,0.25215151318645657,0.252151513186911
126.75,0.21049537238364555,0.21049537254154344,-37.54015574711885,-37.54015574708,-0.006951150249040846,-0.006951150246511469,0.25142455252681833,0.2514245525272744
127.0,0.20875986257494683,0.20875986273347782,-37.4773904801539,-37.477390480114906,-0.006932997037516872,-0.006932997034982366,0.2506975814814364,0.2506975814818942
127.25,0.20702911219212525,0.20702911235129068,-37.41480906094172,-37.414809060902584,-0.006913076428955755,-0.006913076426415637,0.24995377033797422,0.24995377033843358
127.5,0.20530328915845264,0.20530328931825387,-37.352413595914044,-37.352413595874765,-0.0068935782445875525,-0.006893578242042303,0.249209948045246,0.24920994804570692
127.75,0.20358228786768537,0.20358228802812367,-37.290204087828315,-37.290204087788894,-0.006874502485970062,-0.0068745024834196795,0.24846611484221043,0.24846611484267295
128.0,0.20186600271319444,0.20186600287427114,-37.228180539382244,-37.22818053934268,-0.006855849154628089,-0.00685584915207209,0.2477222709678271,0.2477222709682912
128.25,0.20015460558695194,0.20015460574866853,-37.16634505678706,-37.16634505674735,-0.0068353998468119025,-0.006835399844249805,0.24696158786578776,0.24696158786625347
128.5,0.1984482667939705,0.19844826695632842,-37.10469974640318,-37.10469974636333,-0.00681538248880923,-0.006815382486241515,0.24620089331810002,0.24620089331856734
128.75,0.19674687834659602,0.1967468785095966,-37.043244611061475,-37.043244611021485,-0.006795797082220154,-0.006795797079647302,0.2454401875691111,0.24544018756958
129.0,0.1950503322567787,0.19505033242042324,-36.98197965353173,-36.98197965349159,-0.0067766436286097196,-0.006776643626031729,0.24467947086316907,0.24467947086363956
129.25,0.1933588027976275,0.1933588029619173,-36.920906979951695,-36.92090697991141,-0.006755665623618072,-0.006755665621034942,0.24390191579941356,0.24390191579988565
129.5,0.19167246265539087,0.1916724628203272,-36.860028696610556,-36.86002869657012,-0.006735129093569486,-0.006735129090981215,0.2431243489936283,0.243124348994102
129.75,0.18999120146112705,0.18999120162671135,-36.7993448064126,-36.79934480637202,-0.006715034040106326,-0.006715034037511951,0.24234677069554877,0.24234677069602406
130.0,0.18831490884548824,0.18831490901172201,-36.73885531219969,-36.73885531215896,-0.006695380464834119,-0.0066953804622336376,0.24156918115491127,0.24156918115538817
130.25,0.18664376146187206,0.1866437616287567,-36.67856232003586,-36.67856231999498,-0.006673873770549395,-0.0066738737679437705,0.24077475412817181,0.24077475412865032
130.5,0.18497793437691498,0.1849779345444518,-36.61846793613883,-36.61846793609781,-0.006652818075844687,-0.006652818073233917,0.23998031506302564,0.23998031506350576
130.75,0.18331731484051098,0.1833173150087013,-36.55857216348631,-36.55857216344514,-0.006632213382402475,-0.006632213379786077,0.2391858642145961,0.23918586421507784
131.0,0.1816617901021378,0.18166179027098298,-36.498875004992236,-36.49887500495092,-0.006612059691869485,-0.00661205968924794,0.23839140183800747,0.23839140183849086
131.25,0.1800115391965423,0.1800115393660437,-36.43937856664706,-36.43937856660559,-0.006590024306702166,-0.006590024304074991,0.23758010284601852,0.23758010284650355
131.5,0.1783667395718095,0.17836673974196843,-36.38008495459715,-36.380084954555535,-0.006568449445258586,-0.006568449442626261,0.23676879151924482,0.2367687915197315
131.75,0.17672727609679217,0.17672727626760992,-36.32099417189365,-36.320994171851886,-0.006547335109262787,-0.006547335106625311,0.23595746811819737,0.23595746811868568
132.0,0.17509303363991655,0.17509303381139446,-36.262106221522565,-36.26210622148064,-0.0065266813004031775,-0.006526681297760068,0.23514613290338818,0.23514613290387812
132.25,0.17346419361637094,0.17346419378851038,-36.20342320940056,-36.20342320935848,-0.006504117229041116,-0.0065041172263928535,0.23431796194541932,0.2343179619459109
132.5,0.17184093585478138,0.17184093602758366,-36.14494724160248,-36.14494724156025,-0.0064820232050521774,-0.00648202320239876,0.23348977835629017,0.2334897783567834
132.75,0.170223142843083,0.17022314301654937,-36.08667832125288,-36.0866783212105,-0.006460399230203168,-0.006460399227544595,0.23266158240189913,0.232661582402394
133.0,0.16861069706877374,0.16861069724290564,-36.02861645140984,-36.028616451367306,-0.006439245306223695,-0.006439245303559003,0.2318333743481456,0.23183337434864215
133.25,0.16700378232949603,0.16700378250429498,-35.97076373791674,-35.97076373787406,-0.006416152536267048,-0.006416152533596235,0.23098833141954658,0.23098833142004477
133.5,0.16540258083642884,0.16540258101189623,-35.91312228677739,-35.913122286734556,-0.006393539336844157,-0.0063935393341681855,0.2301432755634046,0.23014327556390443
133.75,0.16380697269671202,0.1638069728728493,-35.85569210118975,-35.85569210114677,-0.006371405709761946,-0.006371405707079852,0.22929820705100518,0.22929820705150666
134.0,0.16221683801703854,0.1622168381938471,-35.79847318428399,-35.798473184240855,-0.006349751656789062,-0.006349751654101807,0.2284531261536348,0.22845312615413796
134.25,0.16063236297526656,0.1606323631527477,-35.7414676418297,-35.741467641786414,-0.0063261301927632655,-0.006326130190070848,0.2275912112537527,0.2275912112542575
134.5,0.1590537321628901,0.15905373234104508,-35.68467757975914,-35.6846775797157,-0.00630299782193651,-0.006302997819238929,0.22672928312994736,0.22672928313045382
134.75,0.15748082330637742,0.15748082348520756,-35.628103001343696,-35.6281030013001,-0.0062803545461577615,-0.006280354543455016,0.22586734205889117,0.2258673420593993
135.0,0.15591351413173957,0.15591351431124614,-35.5717439097856,-35.57174390974185,-0.006258200367236387,-0.006258200364528477,0.22500538831725747,0.22500538831776726
135.25,0.15435199319729942,0.15435199337748373,-35.51560241078084,-35.51560241073693,-0.0062340502106866145,-0.006234050207973537,0.22412660144406185,0.2241266014445733
135.5,0.152796447475115,0.15279644765597836,-35.4596806101903,-35.45968061014623,-0.0062103986695090044,-0.0062103986667907595,0.2232478010505635,0.22324780105107664
135.75,0.1512467523111062,0.1512467524926499,-35.40397851135878,-35.403978511314556,-0.006187245745593364,-0.00618724574286995,0.2223689874188213,0.22236898741933614
136.0,0.1497027830507252,0.1497027832329505,-35.3484961175606,-35.34849611751621,-0.006164591440791947,-0.006164591438063362,0.2214901608308952,0.22149016083141174
136.25,0.14816473063329136,0.14816473081619955,-35.29323553441804,-35.29323553437349,-0.006139912588023969,-0.006139912585290213,0.22059450198300742,0.22059450198352562
136.5,0.1466327844119587,0.1466327845955511,-35.23819886772052,-35.23819886767581,-0.006115741872307783,-0.0061157418695688545,0.21969882931843515,0.21969882931895504
136.75,0.14510681735222183,0.1451068175364998,-35.18338612088629,-35.18338612084142,-0.0060920792955762035,-0.0060920792928316194,0.21880314312462357,0.21880314312514515
137.0,0.1435867024190974,0.1435867026040623,-35.12879729726172,-35.12879729721669,-0.006068924859720279,-0.006068924856970039,0.21790744368901888,0.21790744368954218
137.25,0.14207263293091715,0.1420726331165705,-35.07443450239521,-35.07443450235002,-0.006043717321927635,-0.006043717319171256,0.2169949128665739,0.2169949128670989
137.5,0.14056480061994686,0.14056480080629008,-35.02029984200455,-35.0202998419592,-0.006019027442373026,-0.0060190274396114685,0.2160823679310689,0.2160823679315956
137.75,0.1390630760713795,0.13906307625841388,-34.96639331958139,-34.96639331953588,-0.005994855223029619,-0.005994855220262884,0.21516980917533504,0.21516980917586342
138.0,0.1375673298699197,0.13756733005764665,-34.91271493854419,-34.912714938498524,-0.005971200665831112,-0.005971200663058234,0.21425723689220452,0.21425723689273463
138.25,0.13607775771326797,0.13607775790168888,-34.859266804367344,-34.859266804321514,-0.005945464450367201,-0.005945464447589142,0.21332783409625278,0.2133278340967846
138.5,0.13459455371315832,0.1345945539022745,-34.80605102269688,-34.806051022650884,-0.005920255413833664,-0.005920255411050423,0.2123984168908695,0.21239841689140304
138.75,0.13311758607460547,0.13311758626441836,-34.753067597097875,-34.75306759705172,-0.005895573558245227,-0.0058955735554558405,0.21146898557427152,0.21146898557480676
139.0,0.13164672300212563,0.13164672319263662,-34.70031653106086,-34.700316531014536,-0.005871418885574861,-0.00587141888278029,0.2105395404446768,0.21053954044521375
139.25,0.1301821625745259,0.1301821627657363,-34.64779992998677,-34.647799929940284,-0.005845153984903777,-0.00584515398210402,0.20959326567189168,0.2095932656724304
139.5,0.128724101284746,0.1287241014766571,-34.59551989945042,-34.595519899403776,-0.005819425783362538,-0.005819425780557594,0.2086469761932991,0.20864697619383954
139.75,0.12727240495774558,0.1272724051503587,-34.54347644309033,-34.54347644304352,-0.0057942342830071885,-0.005794234280197057,0.20770067231250133,0.20770067231304348
140.0,0.12582693941797543,0.12582693961129185,-34.491669564469085,-34.49166956442211,-0.005769579485852382,-0.005769579483037062,0.20675435433310177,0.20675435433364567
140.25,0.12438790512482044,0.12438790531884146,-34.440101368914014,-34.44010136886688,-0.005742785895682933,-0.005742785892861941,0.20579120758147545,0.20579120758202107
140.5,0.12295550095189746,0.12295550114662443,-34.38877396192856,-34.388773961881256,-0.005716538524349662,-0.005716538521523479,0.20482804582766317,0.20482804582821051
140.75,0.12152959034423418,0.1215295905396684,-34.337687347224644,-34.33768734717717,-0.005690837373951382,-0.005690837371120006,0.20386486938065235,0.20386486938120144
141.0,0.12011003674633908,0.12011003694248197,-34.286841528436945,-34.28684152838931,-0.005665682446542984,-0.005665682443705451,0.20290167854943159,0.2029016785499824
141.25,0.11869704299765528,0.11869704319450831,-34.2362386108193,-34.236238610771494,-0.005638360165755142,-0.005638360162911932,0.20192165981590932,0.20192165981646187
141.5,0.11729081035195706,0.1172908105495216,-34.1858806998039,-34.18588069975593,-0.005611593623018713,-0.005611593620170306,0.2009416257838218,0.2009416257843761
141.75,0.11589119987446314,0.1158912000727405,-34.1357677991761,-34.135767799127954,-0.005585382820473588,-0.005585382817619985,0.19996157676754134,0.1999615767680974
142.0,0.11449807262986283,0.1144980728288543,-34.085899912642645,-34.08589991259433,-0.0055597277602153815,-0.00555972775735658,0.19898151308144144,0.19898151308199927
142.25,0.11311163383668586,0.11311163403639285,-34.0362791453833,-34.03627914533481,-0.005531876794478005,-0.0055318767916130406,0.19798462236766218,0.19798462236822179
142.5,0.11173208712789272,0.11173208732831665,-33.98690760275842,-33.98690760270976,-0.005504591085512075,-0.0055045910826419095,0.1969877160589415,0.19698771605950288
142.75,0.11035929118901683,0.110359291390159,-33.937785288626785,-33.937785288577956,-0.005477870635499766,-0.0054778706326243974,0.19599079447503628,0.19599079447559944
143.0,0.10899310470505183,0.10899310490691361,-33.888912206767216,-33.88891220671822,-0.00545171544657717,-0.0054517154436961165,0.19499385793570465,0.19499385793626958
143.25,0.10763373527371037,0.10763373547629311,-33.840290462285644,-33.84029046223648,-0.005423335799799712,-0.005423335796913453,0.19398009524131427,0.19398009524188098
143.5,0.10628138890723521,0.10628138911054033,-33.79192216047086,-33.79192216042153,-0.005395530928021107,-0.0053955309251286785,0.19296631665560834,0.19296631665617683
143.75,0.10493592191159791,0.10493592211562684,-33.74380730525505,-33.74380730520554,-0.005368300833463402,-0.005368300830565766,0.19195252250372807,0.19195252250429834
144.0,0.10359719059222007,0.10359719079697431,-33.69594590048911,-33.69594590043943,-0.005341645518304372,-0.005341645515400083,0.1909387131108159,0.19093871311138796
144.25,0.10226540492648127,0.10226540513196229,-33.64834005120499,-33.648340051155145,-0.005312737189536411,-0.0053127371866269115,0.18990807843675694,0.1899080784373308
144.5,0.10094077330639081,0.10094077351259992,-33.600991862619736,-33.600991862569714,-0.005284413153498941,-0.00528441315058423,0.18887742757500764,0.18887742757558326
144.75,0.09962314965848197,0.09962314986542045,-33.553901338738946,-33.55390133868875,-0.005256673412457014,-0.00525667340953709,0.18784676085609323,0.18784676085667065
145.0,0.0983123879087278,0.09831238811639698,-33.507068483485604,-33.50706848343523,-0.005229517968627199,-0.005229517965702061,0.1868160786105402,0.18681607861111943
145.25,0.09700870041275515,0.09700870062115632,-33.4604954018177,-33.460495401767155,-0.005200080967287204,-0.0052000809643568515,0.18576857195745541,0.18576857195803645
145.5,0.09571229794091993,0.09571229815005451,-33.41418419888058,-33.41418419882986,-0.005171237775916148,-0.005171237772979616,0.18472104882031068,0.18472104882089352
145.75,0.09442303204044077,0.0944230322503102,-33.36813487875325,-33.368134878702364,-0.005142988396818954,-0.005142988393877204,0.18367350953501496,0.18367350953559963
146.0,0.09314075425796571,0.0931407544685714,-33.322347445430786,-33.32234744537972,-0.005115332832255799,-0.005115332829307867,0.1826259544374786,0.18262595443806506
146.25,0.09186567932930052,0.09186567954064391,-33.27682400379767,-33.27682400374643,-0.005085367151319698,-0.005085367148366546,0.18156157580239213,0.18156157580298043
146.5,0.09059802040507949,0.09059802061716186,-33.23156665892799,-33.23156665887657,-0.005056004797097916,-0.0050560047941395425,0.18049718038687199,0.18049718038746213
146.75,0.08933762665332945,0.0893376268661522,-33.18657541497419,-33.18657541492259,-0.005027245771938861,-0.0050272457689747845,0.17943276853221066,0.1794327685328026
147.0,0.08808434724149646,0.088084347455061,-33.1418502760034,-33.141850275951626,-0.004999090078140783,-0.004999090075171002,0.1783683405797019,0.17836834058029566
147.25,0.0868383992850155,0.08683839949932332,-33.09739334682632,-33.09739334677437,-0.0049685957139994985,-0.004968595711023529,0.1772870899620515,0.17728708996264708
147.5,0.08559999831424933,0.08559999852930185,-33.053206732445474,-33.05320673239334,-0.004938714192824682,-0.004938714189843487,0.17620582226759152,0.17620582226818893
147.75,0.08436899111815657,0.0843689913339551,-33.00929043708673,-33.00929043703442,-0.0049094455170063025,-0.00490944551401988,0.1751245378429976,0.17512453784359686
148.0,0.08314522448510457,0.0831452247016506,-32.965644464889294,-32.96564446483681,-0.004880789688884534,-0.004880789685891437,0.1740432370349468,0.1740432370355479
148.25,0.08192891790886415,0.08192891812615917,-32.92227092058996,-32.922270920537294,-0.004849766647287666,-0.00484976664428934,0.1729451144349588,0.1729451144355617
148.5,0.08072028929823342,0.08072028951627874,-32.879171909119606,-32.87917190906676,-0.004819365964416219,-0.004819365961412661,0.17184697446178843,0.17184697446239316
148.75,0.07951918306322611,0.07951918328202309,-32.83634743477752,-32.836347434724495,-0.004789587642701238,-0.004789587639691966,0.17074881746749426,0.17074881746810086
149.0,0.07832544361325461,0.07832544383280463,-32.793797501774975,-32.79379750172177,-0.004760431684522413,-0.004760431681507906,0.1696506438041363,0.16965064380474473
149.25,0.07713929282142339,0.07713929304172774,-32.751524214774946,-32.75152421472156,-0.004728879962250124,-0.004728879959230383,0.16853564922149536,0.16853564922210565
149.5,0.07596095097596345,0.07596095119702352,-32.70952967863672,-32.70952967858315,-0.004697960113968356,-0.0046979601109428965,0.16742063696929732,0.16742063696990947
149.75,0.07479026010806716,0.07479026032988431,-32.667813897733005,-32.66781389767925,-0.00466767214214875,-0.004667672139118053,0.1663056074049834,0.1663056074055974
150.0,0.07362706224831529,0.07362706247089082,-32.626376876347145,-32.626376876293214,-0.004638016049212439,-0.004638016046176504,0.1651905608859962,0.1651905608866121
150.25,0.07247158164860472,0.07247158187194007,-32.58522071906875,-32.585220719014636,-0.004605935646386946,-0.004605935643344807,0.16405869431672496,0.1640586943173427
150.5,0.0713240409760581,0.07132404120015469,-32.544347530685975,-32.544347530631676,-0.004574496632324087,-0.004574496629276706,0.1629268097815218,0.1629268097821414
150.75,0.07018427988316933,0.07018428010802848,-32.50375731564495,-32.50375731559046,-0.00454369900953875,-0.004543699006486126,0.1617949076432103,0.16179490764383178
151.0,0.06905213802181023,0.06905213824743331,-32.463450078301086,-32.463450078246424,-0.004513542780492787,-0.004513542777434438,0.16066298826461547,0.16066298826523884
151.25,0.06792784202169938,0.06792784224808789,-32.42342792316985,-32.423427923115,-0.004480933704018344,-0.004480933700953786,0.1595142497110143,0.15951424971163955
151.5,0.06681161692788075,0.06681161715503611,-32.383692954967465,-32.38369295491243,-0.0044489755305852415,-0.004448975527515436,0.15836549289511015,0.1583654928957373
151.75,0.0657033000142735,0.06570330024219703,-32.34424517821349,-32.344245178158275,-0.004417668262748722,-0.004417668259673668,0.1572167181851087,0.15721671818573774
152.0,0.06460272855416449,0.06460272878285749,-32.30508459733543,-32.30508459728002,-0.00438701190301232,-0.004387011899932017,0.1560679259492171,0.156067925949848
152.25,0.06351013155653663,0.06351013178600041,-32.26621331677508,-32.26621331671949,-0.004353874147262249,-0.004353874144176695,0.15490231540945254,0.15490231541008537
152.5,0.062425736445797665,0.06242573667603352,-32.22763344117729,-32.22763344112151,-0.00432139680833851,-0.0043213968052477035,0.15373668631101067,0.1537366863116454
152.75,0.061349378117415226,0.06134937834842447,-32.18934497513503,-32.18934497507906,-0.004289579888838386,-0.004289579885742326,0.15257103902747896,0.15257103902811558
153.0,0.06028089146621434,0.06028089169799829,-32.151347923147874,-32.15134792309171,-0.004258423391305652,-0.004258423388204337,0.15140537393244632,0.15140537393308484
153.25,0.05922050787937096,0.05922050811193098,-32.113644389583634,-32.11364438952728,-0.004224756958238248,-0.004224756955131195,0.1502228914075035,0.15022289140814393
153.5,0.058168457159585234,0.05816845739292271,-32.07623647901541,-32.07623647895886,-0.004191760455288541,-0.004191760452176231,0.14904039002750996,0.1490403900281523
153.75,0.057124571823996835,0.05712457205811307,-32.03912419610958,-32.039124196052846,-0.004159433885094892,-0.0041594338819773225,0.1478578701714347,0.14785787017207896
154.0,0.0560886843890925,0.05608868462398894,-32.00230754543781,-32.00230754538089,-0.004127777250242277,-0.0041277772471184845,0.1466753322182482,0.14667533221889437
154.25,0.055061028619773085,0.05506102885545116,-31.965788631294124,-31.965788631237025,-0.004093582144572637,-0.004093582141443583,0.14547597770735402,0.1454759777080021
154.5,0.05404183669656313,0.054041836933024154,-31.9295695581801,-31.92956955812282,-0.004060066481817741,-0.004060066478683425,0.14427660404503825,0.14427660404568826
154.75,0.05303093875839773,0.053030938995643026,-31.89365033083554,-31.89365033077809,-0.004027230264658232,-0.004027230261518651,0.14307721161565115,0.14307721161630307
155.0,0.05202816494354883,0.052028165181579704,-31.85803095390418,-31.85803095384655,-0.003995073495718843,-0.003995073492573996,0.14187780080354445,0.1418778008041983
155.25,0.05103375139447567,0.0510337516332935,-31.822713531606144,-31.822713531548338,-0.003960349722506471,-0.003960349719355875,0.14066157430702136,0.14066157430767712
155.5,0.05004793266936049,0.050047932908966655,-31.787700168371334,-31.787700168313346,-0.0039263149045131234,-0.00392631490135726,0.13944532836270854,0.13944532836336623
155.75,0.0490705365290572,0.04907053676945302,-31.752990869012976,-31.75299086895481,-0.0038929690444602753,-0.003892969041299144,0.1382290633603372,0.13822906336099683
156.0,0.04810139073374635,0.04810139097493314,-31.71858563824687,-31.71858563818853,-0.003860312145013381,-0.0038603121418469798,0.13701277968964004,0.13701277969030162
156.25,0.04714073380422912,0.047140734046208194,-31.684486580219257,-31.684486580160737,-0.003825059702062594,-0.0038250596988909217,0.1357796812077061,0.1357796812083696
156.5,0.046188802677129166,0.04618880291990185,-31.65069579928838,-31.650695799229677,-0.0037905057261402365,-0.003790505722963292,0.13454656298161288,0.13454656298227835
156.75,0.04524542273534285,0.04524542297891058,-31.617213300340886,-31.617213300282003,-0.0037566502200093417,-0.003756650216826161,0.1333134254064723,0.13331342540713975
157.0,0.0443104193610828,0.044310419605447134,-31.58403908816465,-31.584039088105587,-0.003723493186376564,-0.0037234931831871456,0.13208026887739782,0.13208026887806723
157.25,0.04338403345292681,0.043384033698089304,-31.55117526683198,-31.551175266772734,-0.003687712075025207,-0.0036877120718295494,0.1308302984105766,0.130830298411248
157.5,0.042466504325374674,0.04246650457133689,-31.51862394062942,-31.518623940569995,-0.00365263894201784,-0.003652638938815942,0.12958030790322725,0.1295803079039006
157.75,0.04155765498348876,0.0415576552302522,-31.48638511451705,-31.48638511445744,-0.0036182737901580904,-0.0036182737869504314,0.12833029775584204,0.12833029775651736
158.0,0.04065730843163751,0.040657308679203544,-31.45445879335481,-31.454458793295018,-0.0035846166221938126,-0.003584616618980873,0.12708026836891484,0.12708026836959213
158.25,0.03976570794726004,0.03976570819563,-31.422847081141686,-31.422847081081713,-0.003548306834113642,-0.0035483068308954212,0.12581342591281663,0.1258134259134959
158.5,0.03888309522381644,0.03888309547299171,-31.391552082093156,-31.391552082032998,-0.0035127145352019567,-0.0035127145319779713,0.12454656311981654,0.12454656312049772
158.75,0.03800929088865774,0.0380092911386397,-31.36057380124271,-31.36057380118237,-0.0034778397283039423,-0.003477839725074673,0.12327968039578698,0.12327968039647008
159.0,0.03714411556843076,0.03714411581922078,-31.329912243522376,-31.329912243461845,-0.003443682416208176,-0.0034436824129731396,0.12201277814660194,0.12201277814728696
159.25,0.03628781491746572,0.036287815169065256,-31.29956951285683,-31.299569512796115,-0.003406843957851029,-0.003406843954610224,0.12072906370465157,0.12072906370533851
159.5,0.03544063300621373,0.03544063325862415,-31.269547713389503,-31.2695477133286,-0.0033707324989899284,-0.003370732495743835,0.11944532862942905,0.11944532863011792
159.75,0.03460238808443853,0.03460238833766116,-31.239846850227302,-31.23984685016621,-0.003335348042513063,-0.00333534803926168,0.11816157333218666,0.11816157333287747
160.0,0.03377289840118931,0.033772898655225536,-31.210466928374323,-31.210466928313043,-0.0033006905912487667,-0.003300690587991611,0.11687779822417828,0.11687779822487102
160.25,0.03295241198852929,0.03295241224338056,-31.181410051681578,-31.18141005162011,-0.0032633234613393645,-0.0032633234580764347,0.11557721179485947,0.11557721179555415
160.5,0.03214117529474183,0.032141175550409525,-31.152678324221046,-31.15267832415939,-0.00322669284076136,-0.0032266928374931362,0.11427660443589743,0.11427660443659406
160.75,0.03133900419212669,0.03133900444861213,-31.12427175117306,-31.124271751111216,-0.003190798732444019,-0.0031907987291705,0.11297597656392398,0.11297597656462255
161.0,0.0305457145522588,0.030545714809563293,-31.0961903376138,-31.09619033755176,-0.003155641139256877,-0.0031556411359780615,0.1116753285955726,0.11167532859627312
161.25,0.029761556784241954,0.02976155704236689,-31.068436187320266,-31.06843618725804,-0.003117745341072572,-0.0031177453377879767,0.11035787017989239,0.11035787018059487
161.5,0.028986779713499614,0.028986779972446496,-31.0410114042927,-31.041011404230282,-0.003080595561560896,-0.003080595558270038,0.10904039053819956,0.10904039053890399
161.75,0.028221196834991143,0.028221197094761417,-31.01391599378485,-31.01391599372224,-0.003044191803691709,-0.0030441918003955505,0.10772289009250523,0.10772289009321162
162.0,0.027464621642940713,0.027464621903535765,-30.98714996094496,-30.98714996088216,-0.003008534070376712,-0.00300853406707477,0.10640536926482218,0.10640536926553053
162.25,0.026717306923940146,0.026717307185361423,-30.96071540947616,-30.960715409413165,-0.002970109602626852,-0.002970109599319125,0.10507103886296981,0.10507103886368013
162.5,0.025979503881000458,0.025979504143249406,-30.934614443307023,-30.934614443243838,-0.0029324406623967144,-0.002932440659083201,0.10373668693873457,0.10373668693944686
162.75,0.02525102363186397,0.025251023894941976,-30.90884706776472,-30.908847067701345,-0.002895527252698199,-0.0028955272493793793,0.10240231391950658,0.10240231392022084
163.0,0.024531677293527645,0.024531677557436033,-30.883413288069583,-30.88341328800601,-0.002859369376482282,-0.002859369373158155,0.10106792023267765,0.1010679202333939
163.25,0.023821720029592798,0.023821720294332896,-30.858315207851042,-30.858315207787278,-0.0028204162407177054,-0.0028204162373882697,0.09971671784317686,0.09971671784389509
163.5,0.023121405420179143,0.02312140568575228,-30.833554930966237,-30.83355493090228,-0.002782228140826748,-0.0027822281374920025,0.09836549363492368,0.0983654936356439
163.75,0.02243054220593532,0.02243054247234288,-30.80913246281576,-30.80913246275161,-0.0027448050798628675,-0.0027448050765223287,0.09701424804068698,0.09701424804140918
164.0,0.021748939126754258,0.021748939393997635,-30.78504780869201,-30.785047808627663,-0.002708147060818242,-0.0027081470574723903,0.0956629814932373,0.09566298149396149
164.25,0.021076853722688565,0.021076853990769202,-30.76130307215043,-30.761303072085887,-0.0026686652620682787,-0.002668665258716149,0.09429490711710194,0.09429490711782812
164.5,0.020414541950408812,0.02041454221932822,-30.7379003569764,-30.737900356911663,-0.002629958007051708,-0.002629958003693781,0.09292681062584737,0.09292681062657555
164.75,0.019761810173593543,0.019761810443353112,-30.714839668643933,-30.714839668579,-0.0025920252988630623,-0.0025920252954998177,0.09155869245762091,0.09155869245835109
165.0,0.019118464755155315,0.019118465025756377,-30.692121012517504,-30.692121012452375,-0.0025548671405357212,-0.002554867137167158,0.0901905530505716,0.09019055305130379
165.25,0.018484765612419463,0.018484765883863528,-30.669746492078925,-30.669746492013598,-0.0025148566762696863,-0.0025148566728943585,0.08880560668591339,0.0888056066866476
165.5,0.01786097107942865,0.01786097135171729,-30.647718211042186,-30.64771821097666,-0.0024756302631033745,-0.0024756302597222436,0.08742063790976762,0.08742063791050383
165.75,0.017246885143014572,0.017246885416149237,-30.62603617495472,-30.626036174888995,-0.0024371879041733564,-0.002437187900786421,0.08603564716565974,0.08603564716639797
166.0,0.016642311789232644,0.01664231206321472,-30.604700389253075,-30.60470038918715,-0.0023995296025532504,-0.002399529599160991,0.084650634897117,0.08465063489785725
166.25,0.01604751331151856,0.01604751358634938,-30.5837129573452,-30.583712957279072,-0.002358990478553349,-0.0023589904751557637,0.08324881654391453,0.08324881654465681
166.5,0.015462750420124701,0.015462750695805593,-30.563075982873457,-30.563075982807128,-0.002319244912526445,-0.002319244909123533,0.08184697548285924,0.08184697548360355
166.75,0.014887824725159225,0.014887825001691519,-30.542789471458697,-30.54278947139217,-0.0022802929076506644,-0.002280292904242424,0.0804451121628545,0.08044511216360084
167.0,0.014322537835943677,0.014322538113328705,-30.522853428609547,-30.522853428542817,-0.0022421344670408272,-0.002242134463627257,0.07904322703280546,0.07904322703355382
167.25,0.013767154422937269,0.013767154701176485,-30.503269957659878,-30.503269957592945,-0.002201066680797253,-0.0022010666773773883,0.0776245366927148,0.0776245366934652
167.5,0.013221937573515585,0.013221937852610442,-30.484041162180223,-30.484041162113087,-0.002160801958904984,-0.0021608019554797864,0.0762058233484045,0.07620582334915695
167.75,0.012686686521187061,0.01268668680113889,-30.465167047864853,-30.465167047797514,-0.0021213403045832217,-0.00212134030115269,0.07478708745415556,0.07478708745491004
168.0,0.012161200498663288,0.012161200779473426,-30.446647620294463,-30.446647620226923,-0.002082681720987505,-0.0020826817175516373,0.07336832946425076,0.07336832946500728
168.25,0.011645746553123025,0.011645746834792803,-30.428484982729213,-30.42848498266147,-0.0020410852714320958,-0.0020410852679908914,0.0719327671360655,0.07193276713682406
168.5,0.011140590148760636,0.01114059043129139,-30.410681238668158,-30.410681238600212,-0.0020003013921134336,-0.0020003013886668907,0.07049718150729306,0.07049718150805367
168.75,0.010645528142607988,0.010645528426001112,-30.39323639387899,-30.393236393810838,-0.0019603300862922764,-0.0019603300828399117,0.06906157303759175,0.06906157303835442
169.0,0.010160357390889876,0.010160357675146827,-30.376150454014482,-30.376150453946124,-0.0019211713571644013,-0.0019211713537062144,0.06762594218662171,0.06762594218738643
169.25,0.009685347316974065,0.009685347602096299,-30.359425522260803,-30.35942552219224,-0.0018790462464878485,-0.0018790462430238381,0.06617350787127954,0.06617350787204632
169.5,0.00922076576134355,0.009220766047332522,-30.343063702045267,-30.343063701976497,-0.0018377432114379591,-0.0018377432079681238,0.06472104995898374,0.06472104995975257
169.75,0.008766407204677444,0.00876640749153455,-30.327064999208986,-30.327064999140006,-0.0017972622553175293,-0.001797262251842349,0.06326856891476967,0.06326856891554057
170.0,0.00832206612683733,0.008322066414563966,-30.311429419476806,-30.311429419407617,-0.0017576033813640197,-0.0017576033778830117,0.061816065203674574,0.06181606520444751
170.25,0.00788801432726059,0.007888014615858155,-30.296159065961074,-30.29615906589168,-0.00171494961172166,-0.0017149496082353043,0.060346758900803876,0.060346758901578854
170.5,0.00746452202259928,0.007464522312069106,-30.281256042017528,-30.281256041947923,-0.0016731274226035044,-0.0016731274191117997,0.058877428704614175,0.058877428705391206
170.75,0.007051381317302976,0.007051381607646462,-30.266720353560693,-30.26672035349088,-0.0016321368173534238,-0.001632136813855887,0.05740807508551762,0.0574080750862967
171.0,0.006648384314993622,0.006648384606212224,-30.252552006387493,-30.25255200631747,-0.0015919777992486352,-0.0015919777957452647,0.055938698513928214,0.055938698514709354
171.25,0.0062558051914472865,0.006255805483542404,-30.238753103536364,-30.23875310346613,-0.001548795369657489,-0.001548795366148765,0.05445252022388858,0.05445252022467178
171.5,0.005873916539754095,0.005873916832727066,-30.225325748291368,-30.225325748220925,-0.0015064540249933728,-0.0015064540214792936,0.05296631774416388,0.05296631774494914
171.75,0.005502508088257648,0.005502508382109933,-30.212269946640454,-30.2122699465698,-0.0014649537686421948,-0.0014649537651217962,0.051480091550542756,0.05148009155133008
172.0,0.005141369564463629,0.005141369859196687,-30.19958570445262,-30.199585704381757,-0.001424294603921411,-0.0014242946003956544,0.049993842118815725,0.049993842119605114
172.25,0.004790777520032139,0.00479077781564737,-30.187275124692313,-30.187275124621237,-0.0013805835160472,-0.0013805835125156028,0.048490791842601806,0.04849079184339327
172.5,0.004451006924036843,0.0044510072205357675,-30.17534031057184,-30.17534031050055,-0.001337723017008733,-0.0013377230134708118,0.04698771708033756,0.0469877170811311
172.75,0.004121845128839074,0.004121845426223152,-30.16378126815257,-30.163781268081067,-0.0012957131102325108,-0.0012957131066892273,0.045484618313187834,0.045484618313983455
173.0,0.003803079485951901,0.003803079784222533,-30.152598003375573,-30.152598003303858,-0.0012545537990781537,-0.0012545537955290249,0.0439814960223194,0.0439814960231171
173.25,0.003494988922882963,0.0034949892220416698,-30.1417926191317,-30.14179261905977,-0.0012103140538891975,-0.00121031405033374,0.04246157375777638,0.04246157375857617
173.5,0.0031978507846528496,0.0031978510847010936,-30.1313672185619,-30.131367218489757,-0.0011669344009514052,-0.0011669343973905813,0.04094162671081818,0.040941626711620056
173.75,0.0029114500477637095,0.002911450348702953,-30.12132180780096,-30.121321807728602,-0.0011244148437337975,-0.0011244148401666422,0.03942165536798557,0.03942165536878955
174.0,0.0026355716878590806,0.0026355719896909067,-30.11165639286203,-30.11165639278946,-0.0010827553856362325,-0.0010827553820627446,0.037901660215821295,0.037901660216627366
174.25,0.0023704970081997547,0.0023704973109256863,-30.10237307656184,-30.10237307648905,-0.0010379869838708648,-0.0010379869802915245,0.036364865964969476,0.03636486596577765
174.5,0.0021165057296591385,0.002116506033280639,-30.09347396196946,-30.093473961896454,-0.0009940881772773902,-0.0009940881736921958,0.034828046635337895,0.03482804663614817
174.75,0.0018733804530039878,0.0018733807575224597,-30.08495905529309,-30.08495905521987,-0.0009510589693663841,-0.0009510589657758163,0.03329120271884299,0.033291202719655376
175.0,0.0016409037781321637,0.0016409040835489504,-30.076828362617963,-30.076828362544525,-0.0009088993635784251,-0.0009088993599824823,0.03175433470740317,0.03175433470821767
175.25,0.001419359383756257,0.0014193596900727026,-30.069083986687115,-30.069083986613457,-0.0008636023073957888,-0.0008636023037944696,0.03020066846881115,0.030200668469627743
175.5,0.0012090293663006913,0.0012090296735182001,-30.061728030498166,-30.06172803042429,-0.0008191843488135166,-0.0008191843452063378,0.028646976855075865,0.02864697685589456
175.75,0.0010096939509200143,0.0010096942590399913,-30.054760500332744,-30.05476050025865,-0.0007756454913827764,-0.0007756454877702183,0.027093260363489136,0.027093260364309937
176.0,0.0008211333618897158,0.0008211336709135056,-30.04818140234815,-30.048181402273833,-0.0007329857385848659,-0.0007329857349669269,0.025539519491344767,0.025539519492167678
176.25,0.0006436336539406469,0.0006436339638696549,-30.041992839213822,-30.041992839139287,-0.0006871600246270065,-0.0006871600210032034,0.0239689812628601,0.023968981263685123
176.5,0.00047747929961482086,0.00047747961045045294,-30.036196913856028,-30.03619691378127,-0.000642222910203725,-0.000642222906574538,0.022398417362866633,0.022398417363693773
176.75,0.0003224481485777809,0.00032244846032150365,-30.03079363262981,-30.03079363255483,-0.0005981743989096718,-0.0005981743952741363,0.020827828294031285,0.020827828294860542
177.0,0.00017831804960560715,0.00017831836225894757,-30.02578300176454,-30.02578300168934,-0.000555014494265902,-0.000555014490624498,0.01925721455902298,0.019257214559854356
177.25,4.537743231990841e-05,4.537774588433373e-05,-30.021167123855555,-30.021167123780135,-0.0005086601272088711,-0.0005086601235615972,0.017669804342596136,0.01766980434342964
177.5,-7.608685574688702e-05,-7.608654126996939e-05,-30.016948101757244,-30.016948101681603,-0.0004632038611264603,-0.0004632038574737968,0.016082368158297465,0.016082368159133095
177.75,-0.0001862993402943363,-0.00018629902490366904,-30.01312594189807,-30.013125941822206,-0.00041864569965391194,-0.00041864569599657975,0.014494906514168696,0.01449490651500645
178.0,-0.0002854845479218043,-0.0002854842316161899,-30.00970065057949,-30.0097006505034,-0.0003749856463544455,-0.0003749856426922023,0.012907419918253595,0.012907419919093478
178.25,-0.0003733516737005811,-0.0003733513564788518,-30.00667433032304,-30.006674330246728,-0.0003281026265525607,-0.0003281026228858866,0.011303137713234162,0.011303137714076176
178.5,-0.0004496114946917862,-0.0004496111765527739,-30.00404908391157,-30.004049083835035,-0.00028212720867263924,-0.0002821272050010512,0.009698829243979926,0.009698829244824073
178.75,-0.0005144909118369627,-0.0005144905927794987,-30.001824917846964,-30.001824917770204,-0.00023705939639099687,-0.0002370593927149751,0.008094495023907154,0.008094495024753439
179.0,-0.000568216826987625,-0.0005682165070106008,-30.000001838502747,-30.00000183842576,-0.00019289919331109113,-0.0001928991896306341,0.006490135566434178,0.0064901355672825995
179.25,-0.0006104960595638626,-0.0006104957386661088,-29.99858194832638,-29.998581948249164,-0.00014548751738073027,-0.00014548751369535486,0.004868981374567637,0.004868981375418197
179.5,-0.0006410370108759569,-0.0006410366890562438,-29.99756735002886,-29.997567349951417,-9.899294382369501e-05,-9.899294013339979e-05,0.0032478006221012623,0.003247800622953962
179.75,-0.000660068956983562,-0.0006600686342407197,-29.99695805018549,-29.99695805010782,-5.3415476358338676e-05,-5.341547266360377e-05,0.0016265938278255815,0.001626593828680423
180.0,-0.0006678211748667087,-0.0006678208511995066,-29.996754055241876,-29.99675405516398,-8.755118629321092e-06,-8.755114929181789e-06,5.361510533205287e-06,5.361511390190563e-06
180.25,-0.0006697467353819937,-0.0006697464107891409,-29.996753762782394,-29.99675376270427,-6.650156206186223e-06,-6.650152501122703e-06,-3.022033077691485e-06,-3.022032218561713e-06
180.5,-0.0006711466483333796,-0.000671146322813705,-29.996755566357546,-29.99675556627919,-4.549938146160108e-06,-4.549934436652472e-06,-1.140676608883461e-05,-1.1406765227557544e-05
180.75,-0.0006720220998327443,-0.0006720217733850765,-29.996759466264347,-29.99675946618576,-2.4544646179873044e-06,-2.4544609035524282e-06,-1.9792685816371476e-05,-1.9792684952944304e-05
181.0,-0.0006723742760340099,-0.0006723739486570568,-29.99676546279914,-29.996765462720322,-3.637357892737037e-07,-3.6373206942846153e-07,-2.8179789576354584e-05,-2.8179788710774238e-05
181.25,-0.0006722529739336764,-0.0006722526456260851,-29.99677334245715,-29.996773342378102,1.3335230204363182e-06,1.3335267456934421e-06,-3.485763447771806e-05,-3.4857633609981324e-05
181.5,-0.0006717078293151546,-0.0006717075000756323,-29.996782891696313,-29.996782891617034,3.0270043336282405e-06,3.027008063817154e-06,-4.153643842166887e-05,-4.153643755177268e-05
181.75,-0.000670739786569529,-0.0006707394563968424,-29.996794110756117,-29.996794110676607,4.716708014714933e-06,4.716711749837159e-06,-4.8216199271303526e-05,-4.821619839924493e-05
182.0,-0.0006693497901217874,-0.0006693494590146428,-29.996806999875524,-29.996806999795783,6.4026339280526555e-06,6.402637668591332e-06,-5.489691488964207e-05,-5.4896914015417996e-05
182.25,-0.000667580096420297,-0.0006675797643774002,-29.996821378844476,-29.996821378764505,7.75442212084432e-06,7.754425866319364e-06,-6.0134964130690944e-05,-6.013496325429832e-05
182.5,-0.0006654728258473707,-0.0006654724928674876,-29.996837067421257,-29.99683706734105,9.10324888153575e-06,9.103252631948687e-06,-6.537377721818169e-05,-6.537377633961754e-05
182.75,-0.0006630287187745625,-0.0006630283848564584,-29.996854065796615,-29.996854065716175,1.0449114101936188e-05,1.044911785728855e-05,-7.061335247685232e-05,-7.061335159611371e-05
183.0,-0.0006602485156003851,-0.0006602481807428249,-29.996872374160883,-29.99687237408021,1.1792017674565641e-05,1.179202143485896e-05,-7.585368823137992e-05,-7.58536873484639e-05
183.25,-0.0006571679747056258,-0.0006571676389073741,-29.996891840907068,-29.99689184082616,1.285193033756844e-05,1.2851934102804251e-05,-7.988038111920549e-05,-7.988038023410912e-05
183.5,-0.0006538227400081499,-0.0006538224032679709,-29.996912314401367,-29.996912314320223,1.3909568082182508e-05,1.3909571852362347e-05,-8.39076729385312e-05,-8.390767205125153e-05
183.75,-0.000650213380248119,-0.0006502130425647764,-29.996933794793353,-29.996933794711975,1.4964930823922102e-05,1.4964934599047505e-05,-8.793556240245087e-05,-8.793556151298496e-05
184.0,-0.0006463404641867481,-0.0006463401255590054,-29.99695628223228,-29.996956282150663,1.601801847884746e-05,1.601802225891998e-05,-9.196404822401067e-05,-9.196404733235557e-05
184.25,-0.000642234157279975,-0.0006422338177065951,-29.996979649651863,-29.996979649570008,1.6832153521845228e-05,1.68321573068664e-05,-9.497538514795269e-05,-9.497538425410545e-05
184.5,-0.0006379245290553402,-0.0006379241885350258,-29.997003769963204,-29.99700376988111,1.764458901089651e-05,1.764459280134949e-05,-9.79871821338336e-05,-9.798718123779113e-05
184.75,-0.0006334120044093485,-0.0006334116629408015,-29.9970286432812,-29.99702864319887,1.845532488188073e-05,1.8455328677285457e-05,-0.00010099943822022679,-0.00010099943732198598
185.0,-0.0006286970082546641,-0.0006286966658367065,-29.997054269720508,-29.997054269637935,1.926436106964038e-05,1.9264364869516786e-05,-0.00010401215244566879,-0.00010401215154522685
185.25,-0.0006238048984721563,-0.0006238045551036701,-29.997080543239605,-29.997080543156795,1.987231395899653e-05,1.987231776334617e-05,-0.00010617605759253143,-0.00010617605668988568
185.5,-0.000618760952892975,-0.0006187606085727212,-29.99710735777795,-29.997107357694897,2.0479047434931476e-05,2.0479051244719126e-05,-0.00010834030630333243,-0.00010834030539847988
185.75,-0.0006135654763764104,-0.0006135651311031498,-29.997134713421346,-29.997134713338053,2.1084561449981552e-05,2.1084565264245544e-05,-0.00011050489788825714,-0.00011050489698119486
186.0,-0.000608218773793823,-0.0006082184275664361,-29.997162610255426,-29.99716261017189,2.1688855955049308e-05,2.1688859773791197e-05,-0.00011266983165746336,-0.00011266983074818865
186.25,-0.0006027420755921443,-0.0006027417284094515,-29.997190960223165,-29.99719096013939,2.2124592873778422e-05,2.212459669748138e-05,-0.00011412995128879216,-0.0001141299503773022
186.5,-0.0005971565457507487,-0.0005971561976115095,-29.997219675251603,-29.997219675167585,2.255950906698047e-05,2.2559512895646055e-05,-0.0001155903171771234,-0.00011559031626341523
186.75,-0.0005914623894552856,-0.000591462040358259,-29.99724875540225,-29.997248755317987,2.299360450052602e-05,2.2993608334155793e-05,-0.00011705092885817715,-0.00011705092794224781
187.0,-0.0005856598119000925,-0.0005856594618440374,-29.997278200736492,-29.997278200651984,2.3426879139037785e-05,2.3426882977633313e-05,-0.0001185117858676538,-0.00011851178494950033
187.25,-0.0005797665076274123,-0.0005797661566110871,-29.997307938554894,-29.997307938470144,2.3719473112456006e-05,2.3719476956018857e-05,-0.00011939078888372495,-0.00011939078796334436
187.5,-0.0005738001163098529,-0.0005737997643320154,-29.997337896144728,-29.997337896059733,2.4011575494174333e-05,2.4011579342706076e-05,-0.00012026995727631495,-0.00012026995635370429
187.75,-0.0005677607608481479,-0.0005677604079076159,-29.997368073547303,-29.997368073462063,2.4303186261728966e-05,2.430319011474956e-05,-0.00012114929076733239,-0.00012114928984248882
188.0,-0.0005616485641488732,-0.0005616482102444642,-29.99739847080386,-29.997398470718373,2.4594305390847636e-05,2.4594309248840262e-05,-0.00012202878907867278,-0.00012202878815159349
188.25,-0.0005554781918734866,-0.0005554778370040175,-29.99742902830458,-29.997429028218846,2.4768635856879225e-05,2.4768639719363847e-05,-0.00012243123306367003,-0.00012243123213435213
188.5,-0.0005492642646987493,-0.0005492639088630367,-29.99745968642862,-29.997459686342637,2.4942744583330023e-05,2.4942748450789832e-05,-0.0001228337756018178,-0.00012283377467025842
188.75,-0.0005430068380612304,-0.0005430064812579703,-29.997490445200597,-29.99749044511437,2.51166315568116e-05,2.5116635429729784e-05,-0.00012323641656767837,-0.00012323641563387441
189.0,-0.0005367059674008998,-0.0005367056096287874,-29.997521304645108,-29.99752130455863,2.529029676350713e-05,2.529030064140366e-05,-0.00012363915583580605,-0.00012363915489975444
189.25,-0.0005303737326889692,-0.00053037337394682,-29.997552216284813,-29.997552216198088,2.5367580548515883e-05,2.536758443091073e-05,-0.00012365396901954634,-0.0001236539680812442
189.5,-0.0005240221773186072,-0.0005240218176052363,-29.997583131633277,-29.997583131546303,2.5444862029927572e-05,2.544486591730393e-05,-0.00012366882592081368,-0.0001236688249802582
189.75,-0.0005176513018664664,-0.0005176509411806281,-29.99761405070143,-29.997614050614207,2.5522141201716488e-05,2.552214509407595e-05,-0.00012368372653830348,-0.00012368372559549165
190.0,-0.0005112611069107658,-0.0005112607452512142,-29.9976449735002,-29.99764497341273,2.559941805737587e-05,2.5599421954720022e-05,-0.00012369867087070748,-0.00012369866992563633
190.25,-0.0005048614678063709,-0.0005048611051718595,-29.997675860998324,-29.997675860910604,2.5597723836721185e-05,2.559772773905162e-05,-0.0001234013139070734,-0.00012340131295973997
190.5,-0.0004984622304629022,-0.0004984618668522445,-29.997706674157094,-29.99770667406912,2.5596203969987835e-05,2.5596207876824536e-05,-0.00012310395603439147,-0.00012310395508479289
190.75,-0.0004920633512919521,-0.0004920629867039611,-29.99773741297629,-29.997737412888064,2.5594858456591294e-05,2.5594862368417465e-05,-0.0001228065973512906,-0.00012280659639942403
191.0,-0.00048566478670514386,-0.00048566442113851205,-29.997768077455724,-29.997768077367247,2.5593687296868412e-05,2.5593691214167267e-05,-0.00012250923795639992,-0.00012250923700226225
191.25,-0.00047927453825199524,-0.0004792741717054747,-29.997798636558006,-29.997798636469277,2.5528352796267223e-05,2.5528356718077135e-05,-0.00012196357409078,-0.00012196357313436828
191.5,-0.00047290058407282136,-0.00047290021654528404,-29.99782905923971,-29.997829059150728,2.5463333105939398e-05,2.546333703226197e-05,-0.00012141787335559338,-0.0001214178723969049
191.75,-0.0004665428454644241,-0.0004665424769547416,-29.99785934549164,-29.997859345402404,2.539862823091925e-05,2.5398632161756085e-05,-0.00012087213592892434,-0.0001208721349679564
192.0,-0.00046020124372229585,-0.0004602008742292794,-29.997889495304648,-29.997889495215155,2.5334238176647152e-05,2.5334242112481466e-05,-0.00012032636198886027,-0.00012032636102561001
192.25,-0.0004538821886145157,-0.00045388181813697576,-29.997919484386596,-29.99791948429685,2.5218273471750858e-05,2.5218277412102646e-05,-0.000119586282621863,-0.00011958628165632756
192.5,-0.00044759207159292106,-0.00044759170012966795,-29.997949288440516,-29.997949288350515,2.510273348870592e-05,2.5102737434058406e-05,-0.00011884613777572382,-0.00011884613680790036
192.75,-0.0004413307864759861,-0.0004413304140257694,-29.99797890745006,-29.997978907359805,2.4987618236011213e-05,2.4987622186366006e-05,-0.00011810592769070324,-0.00011810592672058874
193.0,-0.0004350982270798923,-0.0004350978536414612,-29.998008341398958,-29.998008341308445,2.4872927723508507e-05,2.4872931678867222e-05,-0.00011736565260706677,-0.00011736565163465827
193.25,-0.0004288994580670384,-0.0004288990836391418,-29.998037571667517,-29.99803757157675,2.4717309202718202e-05,2.4717313163082455e-05,-0.00011647648114726136,-0.00011647648017255584
193.5,-0.0004227395300663514,-0.00042273915464767747,-29.99806657963222,-29.998066579541195,2.4562199628244453e-05,2.4562203594097473e-05,-0.00011558722180063332,-0.00011558722082362766
193.75,-0.0004166183158397235,-0.00041661793942889984,-29.99809536527113,-29.998095365179847,2.4407599012310154e-05,2.4407602983653563e-05,-0.00011469787485508855,-0.00011469787387577947
194.0,-0.000410535688145886,-0.00041053531074153977,-29.998123928562386,-29.998123928470843,2.4253507367979278e-05,2.42535113448147e-05,-0.00011380844059853993,-0.00011380843961692417
194.25,-0.00040449557602197203,-0.00040449519762285053,-29.998152255638992,-29.99815225554719,2.40674848972767e-05,2.4067488878642533e-05,-0.00011280815466280671,-0.00011280815367888126
194.5,-0.00039850189805963956,-0.00039850151866454973,-29.998180332630973,-29.99818033253891,2.388203407780398e-05,2.388203806418346e-05,-0.00011180776365897783,-0.00011180776267273983
194.75,-0.0003925545113442434,-0.0003925541309519918,-29.998208159512107,-29.998208159419782,2.369715492425475e-05,2.3697158915167897e-05,-0.00011080726791043083,-0.00011080726692187741
195.0,-0.0003866532729574822,-0.00038665289156687504,-29.99823573625624,-29.998235736163657,2.3512847451185453e-05,2.351285144711551e-05,-0.0001098066677405515,-0.0001098066667496798
195.25,-0.0003808011582348592,-0.00038080077584464204,-29.99826305296035,-29.998263052867504,2.3304173062971173e-05,2.330417706391977e-05,-0.00010872694539980045,-0.00010872694440660744
195.5,-0.0003750011350587693,-0.0003750007516676873,-29.99829009971913,-29.998290099626026,2.3096115081698698e-05,2.3096119087667472e-05,-0.00010764710518979971,-0.0001076471041942824
195.75,-0.00036925304932532187,-0.00036925266493211976,-29.998316876503164,-29.998316876409795,2.2888673524601253e-05,2.288867753559184e-05,-0.00010656714745924506,-0.00010656714646140045
196.0,-0.00036355674692645684,-0.000363556361529879,-29.99834338328311,-29.99834338318948,2.2681848407800897e-05,2.268185242381494e-05,-0.00010548707255684173,-0.0001054870715566668
196.25,-0.0003579144048135975,-0.0003579140184124481,-29.99836961344592,-29.998369613352025,2.245699620489704e-05,2.245700022545457e-05,-0.00010435420866887925,-0.00010435420766637113
196.5,-0.0003523281949683557,-0.00035232780756149856,-29.998395560376874,-29.998395560282713,2.2232790269854012e-05,2.2232794294956664e-05,-0.00010322121776859173,-0.00010322121676374766
196.75,-0.0003467979558215477,-0.00034679756740778615,-29.998421224044264,-29.998421223949837,2.2009230620411615e-05,2.200923465054265e-05,-0.00010208810022156704,-0.00010208809921438416
197.0,-0.00034132352579951394,-0.00034132313637759074,-29.998446604416475,-29.99844660432178,2.1786317274636167e-05,2.1786321309797234e-05,-0.00010095485639340317,-0.00010095485538387847
197.25,-0.0003359064163585172,-0.0003359060259271746,-29.9984716975947,-29.99847169749974,2.155066889181218e-05,2.1550672932004928e-05,-9.979054711248724e-05,-9.97905461006177e-05
197.5,-0.0003305481360335747,-0.0003305477445916148,-29.998496499678954,-29.998496499583727,2.1315684349339192e-05,2.1315688394083658e-05,-9.862610471699666e-05,-9.86261037027794e-05
197.75,-0.00032524851886229746,-0.00032524812640852193,-29.998521010636008,-29.998521010540514,2.108136366561882e-05,2.1081367715398268e-05,-9.746152958245982e-05,-9.746152856589195e-05
198.0,-0.00032000739887759553,-0.00032000700541068517,-29.998545230432725,-29.998545230336966,2.0847706859856576e-05,2.0847710915154275e-05,-9.629682208441599e-05,-9.629682106549436e-05
198.25,-0.00031482573690990205,-0.00031482534242859754,-29.99856915739429,-29.99856915729826,2.060570077086171e-05,2.0605704830716093e-05,-9.511884754346463e-05,-9.511884652218623e-05
198.5,-0.0003097044925467691,-0.00030970409704987085,-29.99859278984512,-29.99859278974882,2.0364366026594603e-05,2.0364370091488942e-05,-9.394073629361179e-05,-9.394073526997372e-05
198.75,-0.000304643497949583,-0.0003046431014358308,-29.998616127751088,-29.99861612765452,2.0123702646499897e-05,2.0123706716435854e-05,-9.276248871463135e-05,-9.276248768863059e-05
199.0,-0.0002996425852749493,-0.00029964218774308256,-29.99863917107816,-29.99863917098132,1.9883710649379494e-05,1.9883714724358733e-05,-9.15841051863079e-05,-9.158410415794142e-05
199.25,-0.00029470226136989257,-0.00029470186281859,-29.998661919958607,-29.998661919861497,1.9638992367655987e-05,1.9638996448161783e-05,-9.040691526680922e-05,-9.040691423607386e-05
199.5,-0.00028982303320190805,-0.0002898226336299082,-29.998684374524288,-29.998684374426904,1.939494475605962e-05,1.939494884113042e-05,-8.922958710397513e-05,-8.922958607086787e-05
199.75,-0.00028500473310113156,-0.000285004332507293,-29.998706534740688,-29.99870653464303,1.9151567833241226e-05,1.91515719228787e-05,-8.80521210771973e-05,-8.805212004171538e-05
200.0,-0.000280247193392996,-0.0002802467917760565,-29.998728400573384,-29.998728400475454,1.8908861618172286e-05,1.8908865713341328e-05,-8.687451756587858e-05,-8.687451652801895e-05
200.25,-0.00027555055016229013,-0.0002755501475209267,-29.998749973607776,-29.998749973509568,1.866439479534651e-05,1.866439889556718e-05,-8.570973445158665e-05,-8.570973341134616e-05
200.5,-0.00027091494071053586,-0.00027091453704348545,-29.998771255429116,-29.998771255330634,1.8420591389813927e-05,1.8420595495087906e-05,-8.4544813234153e-05,-8.45448121915286e-05
200.75,-0.0002663401991810247,-0.00026633979448702374,-29.998792246002928,-29.998792245904173,1.8177451420647793e-05,1.817745553097676e-05,-8.337975428886687e-05,-8.337975324385553e-05
201.0,-0.00026182615971217924,-0.000261825753990024,-29.998812945294826,-29.998812945195798,1.793497490772537e-05,1.7934979022629393e-05,-8.221455799102836e-05,-8.22145569436272e-05
201.25,-0.0002573726582679905,-0.00025737225151647677,-29.998833356043807,-29.9988333559445,1.769314513488769e-05,1.769314925485006e-05,-8.107141099410276e-05,-8.107140994430886e-05
201.5,-0.0002529795328993949,-0.00025297912511725794,-29.998853480988952,-29.99885348088937,1.745196630619996e-05,1.7451970431222362e-05,-7.99281273822417e-05,-7.992812633005202e-05
201.75,-0.0002486466208679282,-0.00024864621205390275,-29.998873320096155,-29.998873319996296,1.7211438441067765e-05,1.7211442571151888e-05,-7.878470752367867e-05,-7.878470646909016e-05
202.0,-0.00024437375943029424,-0.00024437334958311467,-29.998892873331403,-29.998892873231267,1.697156155874047e-05,1.6971565693888004e-05,-7.764115178665808e-05,-7.764115072966772e-05
202.25,-0.00024016054385014139,-0.00024016013296854175,-29.998912144335574,-29.99891214423516,1.6734268812733194e-05,1.673427295294583e-05,-7.652685915427238e-05,-7.652685809487712e-05
202.5,-0.00023600657215806916,-0.00023600616024072277,-29.99893113674982,-29.99893113664913,1.649761045725494e-05,1.6497614603015983e-05,-7.541243246878873e-05,-7.541243140698539e-05
202.75,-0.00023191168575397372,-0.00023191127279955346,-29.99894985054068,-29.998949850439708,1.6261586512069908e-05,1.6261590662899443e-05,-7.429787208907662e-05,-7.429787102486203e-05
203.0,-0.0002278757260329496,-0.00022787531204018815,-29.998968285674767,-29.998968285573515,1.6026196995826812e-05,1.6026201151726537e-05,-7.318317837401628e-05,-7.318317730738738e-05
203.25,-0.0002238980994856547,-0.00022389768445328428,-29.998986446481727,-29.998986446380194,1.5794917834692887e-05,1.57949219956645e-05,-7.210325545474538e-05,-7.210325438569912e-05
203.5,-0.00021997821588880538,-0.0002199777998155578,-29.99900433729162,-29.999004337189803,1.556425339534157e-05,1.5564257561386775e-05,-7.102320187859698e-05,-7.102320080713032e-05
203.75,-0.00021611592155954405,-0.00021611550444415072,-29.999021958071822,-29.999021957969724,1.5334203697060185e-05,1.5334207868180682e-05,-6.994301799331417e-05,-6.994301691942405e-05
204.0,-0.00021231106281039035,-0.000212310644651522,-29.9990393087898,-29.99903930868742,1.510476875754368e-05,1.5104772934222783e-05,-6.886270414665062e-05,-6.886270307033385e-05
204.25,-0.0002085628998498633,-0.00020856248064613007,-29.999056394286377,-29.99905639418371,1.4880633715518297e-05,1.4880637897757714e-05,-6.78212472758064e-05,-6.782124619705965e-05
204.5,-0.00020487069655739828,-0.0002048702763074701,-29.999073219402902,-29.99907321929995,1.4657091416031583e-05,1.4657095603351415e-05,-6.67796637831763e-05,-6.677966270199638e-05
204.75,-0.00020123430474516262,-0.0002012338834478294,-29.99908978410776,-29.999089784004525,1.4434141876659802e-05,1.4434146068580148e-05,-6.573795400406936e-05,-6.573795292045334e-05
205.0,-0.00019765357622094737,-0.00019765315387499852,-29.999106088369423,-29.9991060882659,1.4211785114836952e-05,1.4211789311841141e-05,-6.469611827380478e-05,-6.469611718774976e-05
205.25,-0.00019412765963173248,-0.00019412723623583666,-29.999122137392366,-29.999122137288555,1.3995642450515386e-05,1.3995646653086746e-05,-6.369604482837052e-05,-6.369604373987329e-05
205.5,-0.00019065570756906876,-0.00019065528312189414,-29.999137936381675,-29.99913793627758,1.3780068905305517e-05,1.3780073112964154e-05,-6.269584927562259e-05,-6.269584818467996e-05
205.75,-0.0001872375777510992,-0.00018723715225143396,-29.999153485306866,-29.999153485202488,1.356506449583245e-05,1.3565068708098476e-05,-6.169553193750638e-05,-6.169553084411543e-05
206.0,-0.0001838731278917674,-0.00018387270133839927,-29.999168784137535,-29.999168784032868,1.3350629239066318e-05,1.3350633456423066e-05,-6.0695093135977074e-05,-6.069509204013491e-05
206.25,-0.00018056142531320133,-0.00018056099770479722,-29.99918383831838,-29.999183838213426,1.3143082123123114e-05,1.3143086346053921e-05,-5.9738334004596594e-05,-5.97383329063e-05
206.5,-0.00017730154146267978,-0.00017730111279790615,-29.99919865329478,-29.999198653189538,1.293607941747385e-05,1.2936083645498835e-05,-5.87814576212713e-05,-5.878145652051709e-05
206.75,-0.00017409334023556675,-0.00017409291051314983,-29.99921322903746,-29.99921322893193,1.2729621138611121e-05,1.2729625371732014e-05,-5.782446429396933e-05,-5.782446319075443e-05
207.0,-0.00017093668552311945,-0.00017093625474172487,-29.99922756551722,-29.9992275654114,1.2523707302896862e-05,1.2523711541597007e-05,-5.6867354330668386e-05,-5.686735322498959e-05
207.25,-0.00016783058916056018,-0.0001678301573188531,-29.999241668317715,-29.999241668211603,1.2325150108923314e-05,1.2325154352722833e-05,-5.595503084751434e-05,-5.595502973936844e-05
207.5,-0.0001647740672123053,-0.00016477363430907085,-29.99925554302331,-29.999255542916906,1.2127111991105572e-05,1.212711623952459e-05,-5.504259519069779e-05,-5.504259408008186e-05
207.75,-0.00016176698990734198,-0.0001617665559413649,-29.999269189606,-29.999269189499305,1.1929592965227555e-05,1.1929597218749423e-05,-5.4130047653855734e-05,-5.413004654076683e-05
208.0,-0.00015880922747072703,-0.00015880879244073136,-29.999282608037852,-29.999282607930866,1.1732593046948605e-05,1.1732597305575063e-05,-5.321738853063417e-05,-5.3217387415069225e-05
208.25,-0.00015589975517050141,-0.00015589931907521078,-29.999295803958816,-29.999295803851535,1.154326760190112e-05,1.154327186563391e-05,-5.2349961273033656e-05,-5.234996015498959e-05
208.5,-0.0001530375525455877,-0.0001530371153837253,-29.99930878300959,-29.999308782902013,1.1354435646974333e-05,1.1354439915815203e-05,-5.148242705677964e-05,-5.148242593625337e-05
208.75,-0.0001502224962216379,-0.0001502220579918663,-29.99932154516347,-29.999321545055597,1.1166097196703881e-05,1.1166101471136189e-05,-5.06147861610353e-05,-5.0614785038023615e-05
209.0,-0.0001474544628205646,-0.00014745402352148575,-29.999334090393816,-29.99933409028565,1.0978252266470182e-05,1.0978256546495677e-05,-4.9747038864972286e-05,-4.974703773947183e-05
209.25,-0.00014473241063878175,-0.0001447319702690573,-29.999346424328767,-29.999346424220306,1.07982431799392e-05,1.0798247465078024e-05,-4.892442371771572e-05,-4.892442258972328e-05
209.5,-0.00014205530223394277,-0.0001420548607922942,-29.999358552597215,-29.999358552488456,1.0618702053315971e-05,1.0618706343569876e-05,-4.810170687469257e-05,-4.810170574420506e-05
209.75,-0.00013942302061429118,-0.0001394225780993793,-29.999370475173766,-29.999370475064712,1.0439628900830751e-05,1.0439633196683106e-05,-4.727888860062392e-05,-4.7278887467638125e-05
210.0,-0.00013683544878446673,-0.0001368350051948917,-29.9993821920331,-29.999382191923747,1.02610237370831e-05,1.0261028038535664e-05,-4.645596916023902e-05,-4.6455968024751586e-05
210.25,-0.00013429154026560342,-0.00013429109560002513,-29.99939370873827,-29.99939370862862,1.0090318200646001e-05,1.0090322507218923e-05,-4.567765604981243e-05,-4.567765491182013e-05
210.5,-0.0001317902527901402,-0.00013178980704727837,-29.999405030853104,-29.999405030743155,9.92005539215531e-06,9.920059703850353e-06,-4.489924649934506e-05,-4.4899245358844805e-05
210.75,-0.00012933147567440896,-0.00012933102885298283,-29.99941615835352,-29.99941615824327,9.75023532505732e-06,9.750239641876252e-06,-4.412074075928436e-05,-4.412073961627306e-05
211.0,-0.00012691509823139325,-0.00012691465033006145,-29.9994270912155,-29.999427091104955,9.580858012692074e-06,9.580862335118272e-06,-4.3342139080085474e-05,-4.33421379345599e-05
211.25,-0.00012454008077089038,-0.00012453963178837127,-29.999437834893953,-29.99943783478311,9.419351334895791e-06,9.419355661967802e-06,-4.2607273260909635e-05,-4.26072721128667e-05
211.5,-0.000122205387731635,-0.0001222049376667067,-29.999448394844542,-29.999448394733395,9.258262644862619e-06,9.258266977063826e-06,-4.187231619833561e-05,-4.187231504777236e-05
211.75,-0.0001199109146150997,-0.00011991046346641953,-29.999458771044484,-29.999458770933035,9.097591955279936e-06,9.097596293093725e-06,-4.1137268128815804e-05,-4.1137266975729e-05
212.0,-0.00011765655691947739,-0.00011765610468576239,-29.999468963471056,-29.999468963359305,8.93733927969803e-06,8.937343622162953e-06,-4.040212928880962e-05,-4.0402128133196175e-05
212.25,-0.000115441291555064,-0.00011544083823509095,-29.999478977437118,-29.999478977325065,8.784849283536729e-06,8.784853631136176e-06,-3.970958477872734e-05,-3.970958362058429e-05
212.5,-0.0001132640994532295,-0.00011326364504571456,-29.999488818256278,-29.999488818143924,8.632753181097251e-06,8.632757533833005e-06,-3.9016954119018046e-05,-3.901695295834229e-05
212.75,-0.00011112488213904629,-0.00011112442664264495,-29.99949848590703,-29.99949848579437,8.481050984351683e-06,8.481055342707136e-06,-3.8324237532504206e-05,-3.832423636929251e-05
213.0,-0.00010902354113454533,-0.00010902308454791265,-29.999507980367916,-29.99950798025495,8.329742705659185e-06,8.32974706915451e-06,-3.763143524201504e-05,-3.763143407626416e-05
213.25,-0.00010695907662184662,-0.00010695861894375762,-29.999517306784632,-29.99951730667136,8.186035154777034e-06,8.186039522932408e-06,-3.697988489581976e-05,-3.697988372752673e-05
213.5,-0.00010493049267728315,-0.00010493003390645219,-29.99952647030361,-29.999526470190034,8.042698162490807e-06,8.04270253627124e-06,-3.632825336147958e-05,-3.63282521906413e-05
213.75,-0.00010293769665979121,-0.00010293723679475159,-29.99953547090458,-29.999535470790693,7.899731740113386e-06,7.899736120002283e-06,-3.5676540848616776e-05,-3.5676539675229725e-05
214.0,-0.00010098059592536958,-0.00010098013496465417,-29.99954430856732,-29.999544308453125,7.757135899831943e-06,7.757140285349486e-06,-3.5024747566859865e-05,-3.502474639092053e-05
214.25,-9.90582185890558e-05,-9.90577565313174e-05,-29.999552988251885,-29.99955298813738,7.6219408009242514e-06,7.6219451915906225e-06,-3.441271614864856e-05,-3.441271497015369e-05
214.5,-9.716959651931316e-05,-9.716913336329445e-05,-29.999561514919044,-29.99956151480423,7.487093769063034e-06,7.487098164639226e-06,-3.380060835128233e-05,-3.380060717022888e-05
214.75,-9.531464269809985e-05,-9.531417844257315e-05,-29.999569888549726,-29.999569888434603,7.352594814485024e-06,7.3525992149728364e-06,-3.318842437165958e-05,-3.318842318804458e-05
215.0,-9.349327010467485e-05,-9.349280474841204e-05,-29.99957810912491,-29.999578109009477,7.218443948547448e-06,7.218448353948683e-06,-3.257616440668491e-05,-3.257616322050538e-05
215.25,-9.170453937748849e-05,-9.170407291932118e-05,-29.99958618140482,-29.99958618128907,7.091456281759558e-06,7.091460691594409e-06,-3.200206282616798e-05,-3.200206163742108e-05
215.5,-8.994751475699704e-05,-8.994704719575639e-05,-29.99959411015036,-29.9995941100343,6.964795096679038e-06,6.964799511430924e-06,-3.1427889503197664e-05,-3.142788831188055e-05
215.75,-8.82221146214383e-05,-8.822164595595503e-05,-29.99960189534362,-29.99960189522725,6.838460403984367e-06,6.838464823173485e-06,-3.085364462246211e-05,-3.085364342857194e-05
216.0,-8.652825734657086e-05,-8.652778757561504e-05,-29.999609536966737,-29.999609536850055,6.7124522128308305e-06,6.712456637422214e-06,-3.027932836865521e-05,-3.027932717218901e-05
216.25,-8.486504037277458e-05,-8.486456949505561e-05,-29.99961703957174,-29.99961703945474,6.593334550381986e-06,6.593338979895837e-06,-2.9741500345201572e-05,-2.974149914615622e-05
216.5,-8.323156458451682e-05,-8.323109259886407e-05,-29.999624407711316,-29.999624407594006,6.474522730108681e-06,6.4745271640652015e-06,-2.9203605025386573e-05,-2.920360382375922e-05
216.75,-8.162775352015408e-05,-8.162728042542656e-05,-29.99963164136867,-29.999631641251046,6.356016760803908e-06,6.356021199445722e-06,-2.8665642582222327e-05,-2.866564137801019e-05
217.0,-8.005353071567315e-05,-8.005305651072939e-05,-29.99963874052704,-29.9996387404091,6.2378166526320954e-06,6.237821095720214e-06,-2.8127613188726378e-05,-2.8127611981926673e-05
217.25,-7.850803023983212e-05,-7.850755492356034e-05,-29.999645709525527,-29.99964570940727,6.1262348479804286e-06,6.126239295516673e-06,-2.7624364123449188e-05,-2.76243629140592e-05
217.5,-7.699038944438831e-05,-7.698991301564612e-05,-29.999652552703864,-29.999652552585292,6.014939210940156e-06,6.0149436631671555e-06,-2.712105201915443e-05,-2.7121050807171363e-05
217.75,-7.550053678632414e-05,-7.550005924393863e-05,-29.999659270046312,-29.999659269927424,5.903929750425276e-06,5.903934207344855e-06,-2.661767703772482e-05,-2.661767582314582e-05
218.0,-7.4038400720372e-05,-7.403792206313972e-05,-29.99966586153717,-29.999665861417967,5.793206475521911e-06,5.793210937376702e-06,-2.6114239341048168e-05,-2.6114238123870317e-05
218.25,-7.260315509903464e-05,-7.260267532572155e-05,-29.999672331300506,-29.99967233118098,5.688803072686387e-06,5.688807539478219e-06,-2.5643857433503337e-05,-2.5643856213723634e-05
218.5,-7.119397689497455e-05,-7.119349600437625e-05,-29.99967868346099,-29.999678683341145,5.584667138694002e-06,5.5846716101838995e-06,-2.5173416542354067e-05,-2.5173415319969586e-05
218.75,-6.98107992399006e-05,-6.981031723075205e-05,-29.99968491800389,-29.999684917883727,5.480798682183778e-06,5.480803159095992e-06,-2.4702916818905498e-05,-2.4702915593913168e-05
219.0,-6.845355526333987e-05,-6.845307213434546e-05,-29.999691034914523,-29.999691034794036,5.377197711971351e-06,5.377202193826103e-06,-2.4232358414467635e-05,-2.4232357186864322e-05
219.25,-6.712145775296312e-05,-6.71209735029171e-05,-29.999697038102955,-29.99969703798215,5.279623993956099e-06,5.279628480514422e-06,-2.3793139794588317e-05,-2.379313856437109e-05
219.5,-6.581372245462385e-05,-6.581323708225978e-05,-29.99970293147984,-29.999702931358712,5.182300016970814e-06,5.1823045089569644e-06,-2.3353866049528965e-05,-2.3353864816694746e-05
219.75,-6.453028693203829e-05,-6.452980043596888e-05,-29.99970871503141,-29.99970871490996,5.085225789222273e-06,5.085230286878898e-06,-2.2914537320566405e-05,-2.2914536085111847e-05
220.0,-6.3271088747029e-05,-6.32706011257461e-05,-29.999714388743943,-29.99971438862217,4.9884013176532835e-06,4.988405821704646e-06,-2.2475153748981748e-05,-2.247515251090323e-05
220.25,-6.203538004817124e-05,-6.203489130022644e-05,-29.99971995631572,-29.999719956193623,4.897307101621561e-06,4.897311610865478e-06,-2.206541181540497e-05,-2.2065410574699015e-05
220.5,-6.0822415781716593e-05,-6.0821925905691154e-05,-29.999725421445575,-29.999725421323156,4.8064458596411725e-06,4.806450375042716e-06,-2.1655618417251966e-05,-2.1655617173915146e-05
220.75,-5.963213770322976e-05,-5.9631646697674346e-05,-29.999730784120665,-29.99973078399792,4.715817599088925e-06,4.715822119927528e-06,-2.1245773686314312e-05,-2.124577244034315e-05
221.0,-5.8464487566438206e-05,-5.8463995429993315e-05,-29.999736044328166,-29.999736044205093,4.625422327285713e-06,4.62542685356323e-06,-2.0835877754387504e-05,-2.0835876505778713e-05
221.25,-5.7318758075562714e-05,-5.7318264806838284e-05,-29.999741205558987,-29.999741205435587,4.540449790386132e-06,4.540454322345225e-06,-2.0453960730571346e-05,-2.0453959479321568e-05
221.5,-5.6194244575631866e-05,-5.619375017323738e-05,-29.999746271304545,-29.99974627118082,4.455694400859953e-06,4.4556989382616744e-06,-2.0071995700633904e-05,-2.0071994446739783e-05
221.75,-5.509089277897289e-05,-5.509039724145715e-05,-29.99975124155286,-29.999751241428804,4.371156165339742e-06,4.371160708908371e-06,-1.9689982787413754e-05,-1.9689981530871795e-05
222.0,-5.400864839626137e-05,-5.4008151722052316e-05,-29.999756116291973,-29.99975611616759,4.286835090405951e-06,4.2868396403841565e-06,-1.9307922113753342e-05,-1.9307920854559777e-05
222.25,-5.294684284075742e-05,-5.2946345028372834e-05,-29.99976089881139,-29.999760898686677,4.207643058771745e-06,4.207647614198169e-06,-1.8952225700617915e-05,-1.8952224438769182e-05
222.5,-5.190481001407083e-05,-5.1904311062148414e-05,-29.99976559240111,-29.999765592276066,4.128653260921647e-06,4.128657821798158e-06,-1.8596484547078076e-05,-1.8596483282570883e-05
222.75,-5.088249935697886e-05,-5.088199926406556e-05,-29.999770197049962,-29.999770196924587,4.049865703066523e-06,4.04987027011741e-06,-1.8240698767535982e-05,-1.8240697500366826e-05
223.0,-4.987986030859174e-05,-4.987935907317383e-05,-29.999774712746802,-29.999774712621093,3.971280392331928e-06,3.9712849653182565e-06,-1.78848684763975e-05,-1.788486720656275e-05
223.25,-4.889626143909339e-05,-4.8895759059716875e-05,-29.999779142585933,-29.999779142459893,3.897541930811373e-06,3.897546509494213e-06,-1.755383755709183e-05,-1.755383628458798e-05
223.5,-4.793107365939867e-05,-4.793057013457898e-05,-29.999783489662125,-29.99978348953575,3.823991674884773e-06,3.823996259747615e-06,-1.7222764978407644e-05,-1.722276370323112e-05
223.75,-4.698424991728503e-05,-4.6983745245507043e-05,-29.999787753964974,-29.99978775383827,3.750629631142035e-06,3.7506342219459525e-06,-1.689165084681157e-05,-1.689164956895873e-05
224.0,-4.605574315903861e-05,-4.605523733881682e-05,-29.999791935484108,-29.99979193535707,3.677455804923864e-06,3.67746040167074e-06,-1.656049526877346e-05,-1.656049398824073e-05
224.25,-4.5144959406476925e-05,-4.514445243632535e-05,-29.999796037125282,-29.99979603699791,3.608843387230962e-06,3.6088479899226823e-06,-1.62526276050276e-05,-1.6252626321811403e-05
224.5,-4.425130687938449e-05,-4.425079875784679e-05,-29.999800061794694,-29.999800061666985,3.5404060020834734e-06,3.5404106104811196e-06,-1.594472117789451e-05,-1.594471989199134e-05
224.75,-4.337474181889423e-05,-4.337423254451359e-05,-29.999804009482663,-29.99980400935462,3.4721436553247823e-06,3.472148269671051e-06,-1.5636776086388772e-05,-1.5636774797795116e-05
225.0,-4.25152204647738e-05,-4.2514710036123016e-05,-29.999807880179535,-29.999807880051158,3.404056352033847e-06,3.4040609718490194e-06,-1.5328792429527974e-05,-1.532879113824039e-05
225.25,-4.167218470333085e-05,-4.167167311892206e-05,-29.99981167661049,-29.999811676481777,3.3402568521443317e-06,3.340261478393527e-06,-1.5042649149964496e-05,-1.5042647855979408e-05
225.5,-4.08450784821906e-05,-4.084456574041507e-05,-29.99981540150112,-29.999815401372068,3.2766200304616945e-06,3.2766246631468115e-06,-1.4756469826106902e-05,-1.4756468529420452e-05
225.75,-4.003386113112449e-05,-4.0033347230463296e-05,-29.999819054842423,-29.999819054713033,3.213145892398623e-06,3.213150530799144e-06,-1.4470254549980802e-05,-1.4470253250589337e-05
226.0,-3.9238491978615845e-05,-3.92379769176399e-05,-29.99982263662542,-29.999822636495693,3.149834442847149e-06,3.1498390869649776e-06,-1.4184003413614721e-05,-1.4184002111514792e-05
226.25,-3.845844725931159e-05,-3.845793103653112e-05,-29.999826149402843,-29.999826149272774,3.0905484955171582e-06,3.0905531458358117e-06,-1.3918210307242432e-05,-1.391820900243045e-05
226.5,-3.7693205138640646e-05,-3.769268775253532e-05,-29.9998295957278,-29.99982959559739,3.031413654570022e-06,3.0314183108506024e-06,-1.3652383706544014e-05,-1.3652382399016322e-05
226.75,-3.6942727839495745e-05,-3.694220928851464e-05,-29.99983297559193,-29.999832975461178,2.9724299240962287e-06,2.972434586822259e-06,-1.3386523696998993e-05,-1.3386522386751864e-05
227.0,-3.620697758363112e-05,-3.620645786622283e-05,-29.999836288986888,-29.999836288855793,2.9135973091132252e-06,2.9136019778050068e-06,-1.31206303640894e-05,-1.3120629051119106e-05
227.25,-3.54854640249494e-05,-3.548494313962225e-05,-29.999839538300886,-29.999839538169446,2.858534539888507e-06,2.8585392145479558e-06,-1.287387636066589e-05,-1.2873875044968832e-05
227.5,-3.477769862371868e-05,-3.4777176569070816e-05,-29.99984272592249,-29.99984272579071,2.8036120502384e-06,2.803616730145016e-06,-1.2627091248834916e-05,-1.2627089930407706e-05
227.75,-3.4083646309569935e-05,-3.408312308413883e-05,-29.99984585184394,-29.999845851711815,2.748829843963988e-06,2.748834530323722e-06,-1.2380275107951455e-05,-1.2380273786790562e-05
228.0,-3.340327201094728e-05,-3.3402747613269906e-05,-29.99984891605748,-29.99984891592501,2.6941879267591355e-06,2.6941926183698807e-06,-1.2133428017373027e-05,-1.2133426693474921e-05
228.25,-3.273611630189251e-05,-3.273559073065588e-05,-29.999851920794914,-29.9998519206621,2.6430794390369978e-06,2.6430841359006797e-06,-1.1904466576090995e-05,-1.1904465249452487e-05
228.5,-3.208172144464484e-05,-3.208119469844517e-05,-29.999854868288377,-29.999854868155214,2.592101112982834e-06,2.5921058158237986e-06,-1.1675476260410647e-05,-1.1675474931028335e-05
228.75,-3.1440054898189555e-05,-3.1439526975532284e-05,-29.99985775853066,-29.999857758397148,2.5412529533767747e-06,2.541257662196952e-06,-1.1446457143963773e-05,-1.1446455811834053e-05
229.0,-3.081108412041109e-05,-3.081055501989148e-05,-29.99986059151457,-29.99986059138071,2.490534964245293e-06,2.490539678324198e-06,-1.121740930038424e-05,-1.1217407965503713e-05
229.25,-3.019437853216022e-05,-3.0193848252373057e-05,-29.999863369324192,-29.999863369189985,2.4431298605476465e-06,2.443134580609632e-06,-1.1005063160349394e-05,-1.100506182271466e-05
229.5,-2.9589509130558714e-05,-2.9588977670007985e-05,-29.99986609404393,-29.999866093909375,2.3958454716815823e-06,2.3958501977285863e-06,-1.079269023818688e-05,-1.0792688897794327e-05
229.75,-2.8996445736411873e-05,-2.8995913093631185e-05,-29.9998687656671,-29.999868765532195,2.348681801539937e-06,2.3486865333330934e-06,-1.0580290602184049e-05,-1.0580289259030135e-05
230.0,-2.841515816961561e-05,-2.8414624343168178e-05,-29.999871384187024,-29.999871384051772,2.301638853504963e-06,2.301643591046214e-06,-1.036786432063031e-05,-1.036786297471156e-05
230.25,-2.7845244863320336e-05,-2.7844709851738794e-05,-29.999873951547457,-29.999873951411853,2.2576862471135263e-06,2.2576909906456235e-06,-1.0171014937214437e-05,-1.0171013588527311e-05
230.5,-2.728630572071555e-05,-2.7285769522592248e-05,-29.99987646969244,-29.999876469556483,2.213845544566301e-06,2.2138502933687737e-06,-9.97414072219856e-06,-9.97413937073965e-06
230.75,-2.673831276548691e-05,-2.6737775379473906e-05,-29.99987893861577,-29.999878938479462,2.170116748688135e-06,2.1701215030037383e-06,-9.777241738885433e-06,-9.777240384651464e-06
231.0,-2.620123802052691e-05,-2.620069944527578e-05,-29.999881358311264,-29.999881358174605,2.126499862999436e-06,2.126504622589316e-06,-9.580318050579744e-06,-9.580316693567439e-06
231.25,-2.5674707140883693e-05,-2.5674167374985316e-05,-29.99988373059034,-29.999883730453327,2.0857644558621804e-06,2.0857692214507097e-06,-9.397910660782561e-06,-9.397909300988504e-06
231.5,-2.515834715158458e-05,-2.5157806193539054e-05,-29.999886057264693,-29.999886057127323,2.0451327407889937e-06,2.045137512378129e-06,-9.215480256978755e-06,-9.215478894399321e-06
231.75,-2.4652132129236226e-05,-2.4651589977543153e-05,-29.99988833832857,-29.999888338190846,2.0046047207971385e-06,2.004609498388839e-06,-9.03302689782601e-06,-9.033025532457579e-06
232.0,-2.4156036149633878e-05,-2.415549280276227e-05,-29.99989057377625,-29.999890573638165,1.9641803993606034e-06,1.9641851831976373e-06,-8.850550641983916e-06,-8.850549273822794e-06
232.25,-2.3669710132692782e-05,-2.3669165589111162e-05,-29.99989276529482,-29.999892765156382,1.92644374327599e-06,1.926448533119515e-06,-8.68159433116659e-06,-8.681592960209082e-06
232.5,-2.319280627427287e-05,-2.319226053253957e-05,-29.99989491457165,-29.999894914432854,1.8888031316936006e-06,1.8888079270639718e-06,-8.51261670052277e-06,-8.51261532676539e-06
232.75,-2.2725300562961076e-05,-2.272475362163394e-05,-29.999897021601413,-29.99989702146226,1.8512585669122274e-06,1.8512633682930258e-06,-8.34361780438385e-06,-8.343616427823102e-06
233.0,-2.2267168986561817e-05,-2.2266620844198195e-05,-29.9998990863788,-29.99989908623929,1.8138100528932531e-06,1.8138148598048385e-06,-8.17459769708298e-06,-8.174596317715377e-06
233.25,-2.18180867528685e-05,-2.1817537408025244e-05,-29.99990111047334,-29.999901110333468,1.7788626379881386e-06,1.7788674509140973e-06,-8.018155248476243e-06,-8.018153866298285e-06
233.5,-2.1377730256801103e-05,-2.137717970791417e-05,-29.999903095454794,-29.999903095314565,1.7440041523512446e-06,1.7440089717751656e-06,-7.861693055857895e-06,-7.861691670865813e-06
233.75,-2.0946077265658002e-05,-2.094552551116286e-05,-29.99990504131824,-29.999905041177648,1.7092345990579247e-06,1.7092394245001752e-06,-7.705211169534571e-06,-7.705209781724596e-06
234.0,-2.0523105545971404e-05,-2.052255258439332e-05,-29.999906948058758,-29.999906947917804,1.6745539811621887e-06,1.674558812383945e-06,-7.5487096398144435e-06,-7.548708249183009e-06
234.25,-2.0108511819179545e-05,-2.0107957649073396e-05,-29.999908817136433,-29.999908816995116,1.6422095514262168e-06,1.642214388429463e-06,-7.403908648986042e-06,-7.403907255529644e-06
234.5,-1.970199391105111e-05,-1.9701438530911074e-05,-29.999910650011575,-29.999910649869896,1.6099474322854826e-06,1.6099522755538181e-06,-7.259089384739035e-06,-7.259087988454033e-06
234.75,-1.930353124363069e-05,-1.9302974651860144e-05,-29.99991244667962,-29.99991244653758,1.5777676261916872e-06,1.5777724759679075e-06,-7.114251893636018e-06,-7.11425049451857e-06
235.0,-1.8913103238232016e-05,-1.891254543332414e-05,-29.99991420713602,-29.999914206993616,1.5456701365400002e-06,1.5456749918628734e-06,-6.969396222240831e-06,-6.9693948202872975e-06
235.25,-1.853042790041778e-05,-1.8529868880985666e-05,-29.99991593273774,-29.999915932594973,1.5157452590574306e-06,1.5157501199289516e-06,-6.835414673469288e-06,-6.835413268676299e-06
235.5,-1.8155224262094214e-05,-1.8154664026720348e-05,-29.99991762484196,-29.999917624698828,1.4858965410131088e-06,1.4859014076760803e-06,-6.701416218239378e-06,-6.701414810603491e-06
235.75,-1.7787473283077325e-05,-1.7786911830343695e-05,-29.999919283444456,-29.999919283300958,1.4561239850014495e-06,1.4561288572170648e-06,-6.56740089963393e-06,-6.567399489151707e-06
236.0,-1.7427155922627106e-05,-1.74265932510249e-05,-29.99992090854102,-29.999920908397154,1.4264275928761708e-06,1.426432471609656e-06,-6.4333687607372374e-06,-6.433367347405025e-06
236.25,-1.7074010160280945e-05,-1.7073446268270748e-05,-29.999922501392184,-29.999922501247948,1.3987502466700725e-06,1.3987551312010139e-06,-6.3094378717905155e-06,-6.309436455604596e-06
236.5,-1.672777492876899e-05,-1.6727209814931286e-05,-29.999924063258668,-29.999924063114065,1.3711433465710652e-06,1.3711482366606638e-06,-6.185491346160321e-06,-6.185489927117246e-06
236.75,-1.638843261633746e-05,-1.6387866279282334e-05,-29.99992559413657,-29.9999255939916,1.3436068943942686e-06,1.343611790044534e-06,-6.06152922369726e-06,-6.061527801793649e-06
237.0,-1.6055965610750807e-05,-1.6055398049087843e-05,-29.999927094022,-29.999927093876654,1.3161408921787012e-06,1.3161457933916447e-06,-5.937551544253094e-06,-5.937550119485567e-06
237.25,-1.5730130897269603e-05,-1.5729562109547678e-05,-29.999928564084858,-29.99992856393914,1.2905476726110596e-06,1.2905525798703073e-06,-5.822948846163548e-06,-5.822947418528578e-06
237.5,-1.5410686345920178e-05,-1.541011633056726e-05,-29.999930005495234,-29.999930005349142,1.2650195954652612e-06,1.265024509254442e-06,-5.708331688846354e-06,-5.708330258340147e-06
237.75,-1.5097615670721781e-05,-1.5097044426165342e-05,-29.999931418249517,-29.999931418103053,1.2395566637427295e-06,1.2395615835822507e-06,-5.593700109152322e-06,-5.593698675771078e-06
238.0,-1.479090258515597e-05,-1.4790330109883174e-05,-29.999932802344105,-29.999932802197268,1.2141588787436114e-06,1.2141638046354949e-06,-5.479054143933331e-06,-5.4790527076733915e-06
238.25,-1.4490321771343298e-05,-1.4489748063901002e-05,-29.999934158864466,-29.999934158717256,1.1904976686580606e-06,1.1905026001227188e-06,-5.373106455780313e-06,-5.373105016638152e-06
238.5,-1.4195648732354667e-05,-1.4195073791229023e-05,-29.999935488896234,-29.999935488748648,1.1668966804663323e-06,1.166901618469016e-06,-5.267145399913241e-06,-5.267143957885191e-06
238.75,-1.3906868412399207e-05,-1.3906292236075856e-05,-29.99993679243607,-29.999936792288107,1.1433559167069584e-06,1.1433608602864734e-06,-5.1611710103993255e-06,-5.161169565481722e-06
239.0,-1.3623965755173621e-05,-1.3623388342228e-05,-29.999938069480645,-29.999938069332305,1.1198753789407933e-06,1.1198803283399773e-06,-5.055183321306742e-06,-5.055181873496118e-06
239.25,-1.3346730787823724e-05,-1.3346152136800662e-05,-29.999939321036756,-29.99993932088804,1.0980136361558427e-06,1.0980185913767303e-06,-4.957263454508556e-06,-4.9572620038013765e-06
239.5,-1.3074954298869172e-05,-1.307437440834309e-05,-29.999940548111358,-29.99994054796226,1.0762075520691342e-06,1.0762125128729564e-06,-4.8593312366340105e-06,-4.8593297830268115e-06
239.75,-1.2808622373401988e-05,-1.2808041241916696e-05,-29.999941750701364,-29.999941750551887,1.0544571285472552e-06,1.0544620954176633e-06,-4.76138669916888e-06,-4.76138524265812e-06
240.0,-1.254772109607932e-05,-1.2547138722117915e-05,-29.999942928803698,-29.999942928653844,1.0327623672026285e-06,1.0327673401416643e-06,-4.663429873599988e-06,-4.663428414181993e-06
240.25,-1.2292056100993936e-05,-1.2291472483039008e-05,-29.999944083351444,-29.99994408320121,1.0125661648679374e-06,1.0125711438776452e-06,-4.5729501276894655e-06,-4.572948665360558e-06
240.5,-1.2041433727839357e-05,-1.2040848864403082e-05,-29.999945215277826,-29.999945215127212,9.924213920251153e-07,9.92426376866736e-07,-4.482458971674907e-06,-4.482457506431477e-06
240.75,-1.1795841119119289e-05,-1.179525500868323e-05,-29.999946324579994,-29.999946324429,9.723280496600873e-07,9.723330408172826e-07,-4.391956434649448e-06,-4.391954966487815e-06
241.0,-1.1555265416911895e-05,-1.1554678057987206e-05,-29.99994741125511,-29.999947411103737,9.522861401912718e-07,9.522911369436753e-07,-4.301442545707044e-06,-4.301441074623601e-06
241.25,-1.1319527646197837e-05,-1.1318939037295156e-05,-29.999948476167273,-29.999948476015515,9.336239441150406e-07,9.336289471871247e-07,-4.2178529295900335e-06,-4.2178514555811625e-06
241.5,-1.1088449485451443e-05,-1.1087859625080896e-05,-29.99994952018071,-29.999949520028572,9.150092606984476e-07,9.150142693698514e-07,-4.134252770022834e-06,-4.134251293084924e-06
241.75,-1.0862019056340124e-05,-1.0861427943101623e-05,-29.999950543292794,-29.999950543140272,8.964420912823041e-07,8.964471055550872e-07,-4.050642093882724e-06,-4.050640614012362e-06
242.0,-1.0640224480227614e-05,-1.0639632112720556e-05,-29.999951545500895,-29.99995154534799,8.779224369552122e-07,8.779274568314362e-07,-3.96702092804787e-06,-3.96701944524164e-06
242.25,-1.0422898314274398e-05,-1.0422304691007362e-05,-29.999952527606,-29.99995252745271,8.606942041576333e-07,8.606992303617805e-07,-3.889818215775855e-06,-3.889816730030136e-06
242.5,-1.0209873721305983e-05,-1.0209278840726831e-05,-29.999953490409208,-29.999953490255532,8.435098533062067e-07,8.435148855995382e-07,-3.812605770195924e-06,-3.812604281506958e-06
242.75,-1.0001139730741202e-05,-1.000054359129728e-05,-29.99995443390809,-29.999954433754027,8.263693851573698e-07,8.263744237827613e-07,-3.735383616131561e-06,-3.735382124495583e-06
243.0,-9.796685371660594e-06,-9.79608797185893e-06,-29.999955358100223,-29.999955357945773,8.092728016610584e-07,8.09277845898164e-07,-3.658151778406872e-06,-3.6581502838202626e-06
243.25,-9.59635561599515e-06,-9.595756954402454e-06,-29.999956263727224,-29.999956263572386,7.933719968915513e-07,7.933770469832515e-07,-3.586862677930135e-06,-3.5868611803893994e-06
243.5,-9.399995996590547e-06,-9.39939607171281e-06,-29.999957151530825,-29.9999571513756,7.775117117860544e-07,7.775167679752324e-07,-3.5155645940981944e-06,-3.5155630935997045e-06
243.75,-9.207596383355513e-06,-9.206995193607906e-06,-29.999958021508785,-29.999958021353173,7.616919477461869e-07,7.616970105165342e-07,-3.4442575498329348e-06,-3.4442560463728523e-06
244.0,-9.019146645789385e-06,-9.018544189526355e-06,-29.99995887365887,-29.999958873502866,7.459127066454548e-07,7.459177759990542e-07,-3.3729415680570963e-06,-3.3729400616314528e-06
244.25,-8.83450417250631e-06,-8.833900448202187e-06,-29.999959708667294,-29.9999597085109,7.31233314442233e-07,7.312383894179454e-07,-3.3071243908460726e-06,-3.3071228814511687e-06
244.5,-8.653526871160263e-06,-8.652921877288853e-06,-29.999960527220388,-29.999960527063603,7.16591331344707e-07,7.165964129078443e-07,-3.2412989203327866e-06,-3.2412974079649156e-06
244.75,-8.476205389306032e-06,-8.475599124250319e-06,-29.99996132931608,-29.999961329158904,7.019867587026627e-07,7.019918466145091e-07,-3.1754651776795137e-06,-3.1754636623347686e-06
245.0,-8.302530374131982e-06,-8.301922836274429e-06,-29.999962114952304,-29.999962114794734,6.874195980977137e-07,6.874246926011685e-07,-3.109623184049163e-06,-3.109621665723629e-06
245.25,-8.132369783528094e-06,-8.131760971280737e-06,-29.999962884764138,-29.999962884606173,6.738708817878293e-07,6.738759824033763e-07,-3.048870163739115e-06,-3.048868642428948e-06
245.5,-7.965592055673304e-06,-7.964981967507857e-06,-29.99996363938676,-29.9999636392284,6.603566962853413e-07,6.603618030150789e-07,-2.9881094889171486e-06,-2.9881079646186414e-06
245.75,-7.802188557700743e-06,-7.801577192148598e-06,-29.99996437881826,-29.999964378659506,6.46877042909942e-07,6.468821552743591e-07,-2.927341179116992e-06,-2.9273396518265685e-06
246.0,-7.642150656504959e-06,-7.641538012036779e-06,-29.999965103056727,-29.99996510289758,6.334319222506184e-07,6.334370412150426e-07,-2.8665652538731866e-06,-2.866563723587129e-06
246.25,-7.485356805964522e-06,-7.484742880960147e-06,-29.99996581268911,-29.999965812529563,6.209241937240938e-07,6.209293190498251e-07,-2.81049256780992e-06,-2.8104910345243116e-06
246.5,-7.331685903707182e-06,-7.331070696606122e-06,-29.999966508302435,-29.999966508142492,6.084483361523934e-07,6.084534676007349e-07,-2.754412815351877e-06,-2.754411279062931e-06
246.75,-7.181129981950695e-06,-7.1805134912220345e-06,-29.999967189894942,-29.9999671897346,5.96004349883382e-07,5.960094874564451e-07,-2.698326014527937e-06,-2.6983244752319375e-06
247.0,-7.033681072736509e-06,-7.033063296848802e-06,-29.99996785746487,-29.99996785730413,5.835922359796933e-07,5.835973796795921e-07,-2.6422321833674605e-06,-2.6422306410606865e-06
247.25,-6.889226143760505e-06,-6.888607081181779e-06,-29.999968511555288,-29.99996851139415,5.720520972217075e-07,5.720572470505586e-07,-2.5904900148608324e-06,-2.5904884695395625e-06
247.5,-6.7476525733884624e-06,-6.747032222586215e-06,-29.999969152709347,-29.99996915254781,5.605413673016634e-07,5.605465232615862e-07,-2.538741326612325e-06,-2.538739778272837e-06
247.75,-6.60895300930604e-06,-6.608331368747237e-06,-29.999969780925422,-29.999969780763482,5.49060047058018e-07,5.490652091511344e-07,-2.486986135258253e-06,-2.4869845838968226e-06
248.0,-6.4731200989901635e-06,-6.472497167171343e-06,-29.99997039620189,-29.999970396039547,5.376081373221701e-07,5.376133053097983e-07,-2.4352244574353365e-06,-2.435222903048302e-06
248.25,-6.340049341237309e-06,-6.339425116594274e-06,-29.999970999040734,-29.99997099887799,5.269624468711562e-07,5.269676214778414e-07,-2.3874852500244747e-06,-2.3874836926080377e-06
248.5,-6.20963661439398e-06,-6.2090110953319025e-06,-29.999971589944025,-29.99997158978088,5.16343890187707e-07,5.16349070933967e-07,-2.3397400282028375e-06,-2.339738467753134e-06
248.75,-6.081875135000425e-06,-6.081248319923943e-06,-29.99997216891026,-29.999972168746712,5.057524674143653e-07,5.057576547839445e-07,-2.2919888073195766e-06,-2.291987243832739e-06
249.0,-5.956758119411562e-06,-5.956130006664579e-06,-29.999972735937945,-29.99997273577399,4.951881798911919e-07,4.951933738862254e-07,-2.2442316027243996e-06,-2.2442300361964224e-06
249.25,-5.83418886682123e-06,-5.8335594547471144e-06,-29.999973291490882,-29.999973291326523,4.853700126238659e-07,4.853752132464919e-07,-2.2001909079880905e-06,-2.200189338414963e-06
249.5,-5.714071027133506e-06,-5.713440314135295e-06,-29.99997383603295,-29.999973835868186,4.755768768010549e-07,4.755820835718019e-07,-2.1561446663624145e-06,-2.156143093740264e-06
249.75,-5.5963983424038835e-06,-5.59576632700448e-06,-29.999974369562768,-29.999974369397595,4.6580877308945204e-07,4.658139855288513e-07,-2.1120928920071495e-06,-2.1120913163323773e-06
250.0,-5.481164554552034e-06,-5.480531235273806e-06,-29.999974892078953,-29.99997489191337,4.560657019089371e-07,4.560709205007464e-07,-2.068035599082655e-06,-2.0680340203516564e-06
250.25,-5.368280121217015e-06,-5.367645496461389e-06,-29.999975404010307,-29.999975403844314,4.4701361263042143e-07,4.470188378584012e-07,-2.0274143115039437e-06,-2.0274127297128343e-06
250.5,-5.257655824277766e-06,-5.257019892385431e-06,-29.9999759057857,-29.999975905619294,4.379846108633073e-07,4.3798984272960885e-07,-1.9867879098436904e-06,-1.9867863249884545e-06
250.75,-5.149285891735804e-06,-5.148648651107111e-06,-29.999976397403852,-29.999976397237035,4.2897869757235356e-07,4.2898393559751885e-07,-1.946156407162247e-06,-1.9461548192390033e-06
251.0,-5.0431645514123485e-06,-5.042526000507313e-06,-29.999976878863492,-29.999976878696263,4.19995873235166e-07,4.2000111742135165e-07,-1.9055198165203668e-06,-1.9055182255253662e-06
251.25,-4.93920916903305e-06,-4.938569306250946e-06,-29.999977350560915,-29.999977350393273,4.116507342840866e-07,4.1165598511506394e-07,-1.8680587317517024e-06,-1.8680571376810592e-06
251.5,-4.83733741000885e-06,-4.836696233688209e-06,-29.999977812892478,-29.999977812724424,4.0332688650549823e-07,4.0333214398342933e-07,-1.8305929323034005e-06,-1.8305913351530903e-06
251.75,-4.737543951417067e-06,-4.7369014598958794e-06,-29.999978265857003,-29.999978265688537,3.950243309355862e-07,3.95029595062636e-07,-1.7931224302198138e-06,-1.793120829985809e-06
252.0,-4.639823470197015e-06,-4.63917966181273e-06,-29.999978709453316,-29.999978709284434,3.8674306764220195e-07,3.8674833842053815e-07,-1.755647237545594e-06,-1.7556456342238686e-06
252.25,-4.544100010620278e-06,-4.543454883709804e-06,-29.999979144047174,-29.999979143877876,3.790478811522886e-07,3.7905315858408175e-07,-1.7211028426962044e-06,-1.7211012362827309e-06
252.5,-4.45029789348726e-06,-4.4496514464772635e-06,-29.99997957000439,-29.999979569834675,3.713723281949132e-07,3.713776115599185e-07,-1.6865541003653656e-06,-1.686552490856322e-06
252.75,-4.358412210364938e-06,-4.3577644416815414e-06,-29.999979987323876,-29.999979987153747,3.6371640916892704e-07,3.637216991917384e-07,-1.6520010216595492e-06,-1.6519994090511035e-06
253.0,-4.268438052691063e-06,-4.267788960669543e-06,-29.999980396004553,-29.999980395834005,3.5608012470927534e-07,3.5608542139207145e-07,-1.6174436176857197e-06,-1.6174420019738407e-06
253.25,-4.180305002109316e-06,-4.179654585084404e-06,-29.999980796384136,-29.99998079621317,3.489872970031447e-07,3.4899260034810705e-07,-1.5855923303085267e-06,-1.5855907114891768e-06
253.5,-4.093942895613728e-06,-4.0932911519798105e-06,-29.999981188800398,-29.99998118862901,3.419125721144522e-07,3.4191788164215296e-07,-1.553737035761302e-06,-1.5537354138305813e-06
253.75,-4.009347207468092e-06,-4.008694135739413e-06,-29.999981573252334,-29.99998157308053,3.3485595029772906e-07,3.3486126552874306e-07,-1.5218777442843006e-06,-1.5218761192385802e-06
254.0,-3.926513411843012e-06,-3.925859010473066e-06,-29.999981949738952,-29.999981949566724,3.27817432043968e-07,3.2782275394370864e-07,-1.4900144661183986e-06,-1.4900128379539086e-06
254.25,-3.845376917348033e-06,-3.844721184669365e-06,-29.999982318571956,-29.999982318399304,3.21277305501396e-07,3.212826340720555e-07,-1.4606488817315493e-06,-1.4606472504442452e-06
254.5,-3.765873368267029e-06,-3.765216302611636e-06,-29.9999826800631,-29.999982679890028,3.147538688192418e-07,3.1475920406301514e-07,-1.4312796024289753e-06,-1.4312779680148124e-06
254.75,-3.6879985920594038e-06,-3.6873401918791364e-06,-29.99998303421146,-29.999983034037967,3.082471226012273e-07,3.0825246355708813e-07,-1.4019066376517397e-06,-1.401905000106951e-06
255.0,-3.611748416064231e-06,-3.6110886798705904e-06,-29.999983381016122,-29.999983380842206,3.0175706720626303e-07,3.0176241435802356e-07,-1.3725299968413245e-06,-1.3725283561622662e-06
255.25,-3.537062898746578e-06,-3.536401824930113e-06,-29.999983720764845,-29.999983720590507,2.957296355371624e-07,2.957349893686376e-07,-1.34545917144704e-06,-1.3454575276297987e-06
255.5,-3.463882316129253e-06,-3.463219903140162e-06,-29.999984053745436,-29.999984053570675,2.8971758968389585e-07,2.897229492340672e-07,-1.3183849407908397e-06,-1.3183832938316417e-06
255.75,-3.3922028217282623e-06,-3.391539068076394e-06,-29.999984379957045,-29.999984379781857,2.8372092988654225e-07,2.837262956392299e-07,-1.2913073135761503e-06,-1.2913056634713536e-06
256.0,-3.322020569030154e-06,-3.3213554731044013e-06,-29.999984699398823,-29.99998469922321,2.7773965614068187e-07,2.7774502857970863e-07,-1.2642262985068764e-06,-1.2642246452525577e-06
256.25,-3.253280260484888e-06,-3.252613820673591e-06,-29.999985012336328,-29.999985012160284,2.7218517581573627e-07,2.721905544617037e-07,-1.2392731597181e-06,-1.2392715033103406e-06
256.5,-3.1859267992674055e-06,-3.185259014018552e-06,-29.999985319035154,-29.999985318858684,2.666448775923709e-07,2.666502624474952e-07,-1.2143168828676233e-06,-1.214315223302636e-06
256.75,-3.1199566398966442e-06,-3.1192875075974666e-06,-29.99998561949452,-29.99998561931762,2.611187611157378e-07,2.6112415266384987e-07,-1.1893574759780529e-06,-1.1893558132519126e-06
257.0,-3.0553662368000746e-06,-3.0546957557770482e-06,-29.999985913713644,-29.999985913536314,2.556068274724211e-07,2.5561222571574276e-07,-1.164394947072207e-06,-1.1643932811808524e-06
257.25,-2.9921042354378338e-06,-2.9914324040168785e-06,-29.999986201938057,-29.999986201760294,2.5049136154185e-07,2.504967664826058e-07,-1.141399809103965e-06,-1.141398140043331e-06
257.5,-2.9301194669580406e-06,-2.9294462834645194e-06,-29.999986484413323,-29.999986484235126,2.4538896448095495e-07,2.453943761213723e-07,-1.1184017811025314e-06,-1.1184001088685532e-06
257.75,-2.869408664110456e-06,-2.8687341268691745e-06,-29.99998676113872,-29.99998676096009,2.402996365521212e-07,2.4030505489443044e-07,-1.0954008704608197e-06,-1.0953991950494289e-06
258.0,-2.8099685594893345e-06,-2.8092926668847422e-06,-29.999987032113534,-29.99998703193447,2.352233787370157e-07,2.3522880330183767e-07,-1.0723970845719561e-06,-1.0723954059792205e-06
258.25,-2.751751171954402e-06,-2.75107392237039e-06,-29.99998729756405,-29.999987297384553,2.305177287134323e-07,2.3052315998461476e-07,-1.0512065415133065e-06,-1.0512048597352925e-06
258.5,-2.6947086915232843e-06,-2.6940300833431846e-06,-29.999987557716597,-29.999987557536667,2.258241219691525e-07,2.2582955946732194e-07,-1.0300133399572587e-06,-1.0300116549900308e-06
258.75,-2.638838107325511e-06,-2.6381581389922965e-06,-29.999987812570513,-29.999987812390145,2.2114255890917673e-07,2.211480026365743e-07,-1.008817486716475e-06,-1.0088157985562327e-06
259.0,-2.584136408419822e-06,-2.583455078375906e-06,-29.999988062125134,-29.99998806194433,2.1647303969480902e-07,2.1647848965367853e-07,-9.876189886039075e-07,-9.87617297246845e-07
259.25,-2.5305600621095922e-06,-2.5298773687366237e-06,-29.99998830658916,-29.999988306407918,2.1213958030322946e-07,2.1214503697742946e-07,-9.68092757044669e-07,-9.680910624868441e-07
259.5,-2.4780656934774238e-06,-2.4773816351564908e-06,-29.999988546171323,-29.99998854598964,2.078172183280193e-07,2.0782268123818707e-07,-9.485640772625253e-07,-9.485623794999999e-07
259.75,-2.4266505281297274e-06,-2.4259651033015567e-06,-29.99998878087101,-29.999988780688888,2.0350595408500525e-07,2.0351142323339273e-07,-9.290329555350569e-07,-9.290312545640182e-07
260.0,-2.3763117916243913e-06,-2.375624998729146e-06,-29.999989010687614,-29.99998901050505,1.992057876465446e-07,1.9921126303540642e-07,-9.094993981400789e-07,-9.094976939567144e-07
260.25,-2.327009146586251e-06,-2.326320984003329e-06,-29.999989235813672,-29.999989235630668,1.9521707672711844e-07,1.9522255884032396e-07,-8.915086248883025e-07,-8.915069174886618e-07
260.5,-2.2787024011842322e-06,-2.278012867232265e-06,-29.999989456441753,-29.99998945625831,1.9123859061068032e-07,1.912440794504897e-07,-8.735155981854027e-07,-8.735138875653972e-07
260.75,-2.2313889992185188e-06,-2.230698092215573e-06,-29.999989672571296,-29.99998967238741,1.872703292896514e-07,1.8727582485832767e-07,-8.555203238153741e-07,-8.555186099709167e-07
261.0,-2.1850663844011926e-06,-2.1843741027249696e-06,-29.999989884201742,-29.999989884017413,1.8331229347641696e-07,1.8331779529461394e-07,-8.375228075622718e-07,-8.375210904894151e-07
261.25,-2.13969726004368e-06,-2.1390036020713146e-06,-29.999990091510504,-29.99999009132573,1.7964227143053898e-07,1.7964777998213723e-07,-8.209468786828661e-07,-8.209451583776478e-07
261.5,-2.095244463577444e-06,-2.0945494277457052e-06,-29.999990294675023,-29.999990294489805,1.759816703950702e-07,1.7598718471911697e-07,-8.043688764016914e-07,-8.043671528602953e-07
261.75,-2.0517056398205598e-06,-2.0510092245656485e-06,-29.99999049369478,-29.99999049350912,1.7233048980446389e-07,1.7233601086645705e-07,-7.877888060478916e-07,-7.877870792664951e-07
262.0,-2.0090784336123696e-06,-2.008380637339817e-06,-29.999990688569266,-29.999990688383157,1.6868873005413616e-07,1.6869425713393433e-07,-7.712066729506329e-07,-7.712049429253399e-07
262.25,-1.9673283979903617e-06,-1.9666292191051292e-06,-29.999990879462317,-29.99999087927576,1.6531300120279247e-07,1.6531853502509296e-07,-7.559373435884117e-07,-7.55935610315324e-07
262.5,-1.9264212098280434e-06,-1.9257206466442204e-06,-29.999991066537795,-29.99999106635079,1.6194595042156927e-07,1.6195149098865423e-07,-7.406661070913091e-07,-7.406643705663244e-07
262.75,-1.886354699627175e-06,-1.8856527504582807e-06,-29.999991249795226,-29.999991249607774,1.5858757755602058e-07,1.5859312487017505e-07,-7.253929683683099e-07,-7.253912285873276e-07
263.0,-1.8471266978380879e-06,-1.8464233610572706e-06,-29.999991429234136,-29.999991429046233,1.5523788317203584e-07,1.552434367539356e-07,-7.101179323283903e-07,-7.101161892874461e-07
263.25,-1.808705586681666e-06,-1.808000860721703e-06,-29.999991605005537,-29.999991604817183,1.5213233828412117e-07,1.5213789813605674e-07,-6.960529175375814e-07,-6.960511712328391e-07
263.5,-1.7710598626168244e-06,-1.770353745849719e-06,-29.999991777260465,-29.99999177707166,1.4903478648074218e-07,1.4904035308661878e-07,-6.81986148256562e-07,-6.819843986840473e-07
263.75,-1.7341875273095114e-06,-1.733480018076592e-06,-29.99999194599848,-29.999991945809224,1.459452282651369e-07,1.459508013864446e-07,-6.679176290070994e-07,-6.679158761627699e-07
264.0,-1.6980865823001054e-06,-1.6973776790324285e-06,-29.99999211121915,-29.99999211102944,1.4286366413862507e-07,1.4286924329605058e-07,-6.538473643109666e-07,-6.538456081909831e-07
264.25,-1.662727991882035e-06,-1.662017693040183e-06,-29.999992273061554,-29.99999227287139,1.4000628634561535e-07,1.4001187178226606e-07,-6.408915399867192e-07,-6.408897805873078e-07
264.5,-1.628082825577271e-06,-1.6273711295309478e-06,-29.9999924316648,-29.99999243147418,1.3715627127022304e-07,1.3716186347001506e-07,-6.279341013779529e-07,-6.279323386951328e-07
264.75,-1.5941492426509237e-06,-1.593436147739157e-06,-29.999992587028487,-29.999992586837408,1.3431361935622737e-07,1.3431921808066165e-07,-6.14975052649826e-07,-6.149732866795461e-07
265.0,-1.5609254022272799e-06,-1.5602109069089223e-06,-29.99999273915221,-29.999992738960675,1.3147833128644655e-07,1.3148393581541468e-07,-6.020143979674733e-07,-6.020126287059576e-07
265.25,-1.5283841745911998e-06,-1.5276682772944261e-06,-29.999992888164265,-29.999992887972272,1.2885262002648362e-07,1.2885823132552187e-07,-5.900817390769297e-07,-5.900799665203252e-07
265.5,-1.4964985270776874e-06,-1.4957812261698922e-06,-29.99999303419297,-29.999993034000518,1.2623369034086785e-07,1.2623930793067928e-07,-5.781475967873818e-07,-5.781458209317038e-07
265.75,-1.4652667643048117e-06,-1.4645480582130122e-06,-29.999993177237954,-29.999993177045045,1.2362154213626002e-07,1.2362716601916234e-07,-5.662119749348943e-07,-5.66210195776288e-07
266.0,-1.4346871908238782e-06,-1.4339670779745117e-06,-29.99999331729885,-29.99999331710548,1.2101617604011138e-07,1.2102180621842502e-07,-5.542748773558112e-07,-5.54273094890425e-07
266.25,-1.404735948347107e-06,-1.404014427196131e-06,-29.999993454493403,-29.999993454299574,1.185948050503677e-07,1.1860044128560964e-07,-5.432812623448565e-07,-5.432794765689053e-07
266.5,-1.375389267640516e-06,-1.3746663366433076e-06,-29.999993588939383,-29.99999358874509,1.161796819109083e-07,1.1618532444621026e-07,-5.322862793756194e-07,-5.322844902853089e-07
266.75,-1.3466455867593112e-06,-1.3459212442803623e-06,-29.999993720636443,-29.99999372044169,1.1377080647943807e-07,1.137764557987405e-07,-5.212899319825641e-07,-5.212881395738982e-07
267.0,-1.3185033437342572e-06,-1.3177775880772766e-06,-29.999993849584246,-29.999993849389032,1.1136817909377429e-07,1.1137383519940852e-07,-5.102922237001477e-07,-5.102904279689901e-07
267.25,-1.290940191043013e-06,-1.290213020511126e-06,-29.999993975891805,-29.999993975696125,1.0913800136631942e-07,1.0914366426061968e-07,-5.001679721580938e-07,-5.001661731003085e-07
267.5,-1.2639338636163952e-06,-1.2632052765422441e-06,-29.999994099668143,-29.999994099471998,1.0691357700645766e-07,1.06919246450955e-07,-4.900424606730017e-07,-4.900406582845173e-07
267.75,-1.2374829230457063e-06,-1.236752917761349e-06,-29.999994220912946,-29.999994220716335,1.046949065485049e-07,1.0470058278634522e-07,-4.799156924996119e-07,-4.799138867763562e-07
268.0,-1.2115859308490444e-06,-1.2108545057160537e-06,-29.9999943396259,-29.999994339428824,1.0248199004378408e-07,1.0248767259569809e-07,-4.6978767089275e-07,-4.6978586183071993e-07
268.25,-1.1862220270604143e-06,-1.1854891804397772e-06,-29.99999445590735,-29.999994455709803,1.0043012339661824e-07,1.004358127465634e-07,-4.604636574580068e-07,-4.6046184505319764e-07
268.5,-1.161370427560474e-06,-1.1606361577523892e-06,-29.99999456985765,-29.999994569659634,9.838355576158632e-08,9.838925191191099e-08,-4.5113848481939274e-07,-4.5113666906765473e-07
268.75,-1.1370298075648328e-06,-1.136294112929113e-06,-29.999994681476508,-29.999994681278025,9.634228738947652e-08,9.634798986091988e-08,-4.418121559743989e-07,-4.418103368717237e-07
269.0,-1.113198842286763e-06,-1.1124617212428347e-06,-29.999994790763644,-29.999994790564692,9.430631804819336e-08,9.431202684310926e-08,-4.3248467392052865e-07,-4.3248285146303933e-07
269.25,-1.0898587043083732e-06,-1.0891201552750736e-06,-29.999994897811597,-29.999994897612172,9.24155990037882e-08,9.242131412453322e-08,-4.2389869911897755e-07,-4.238968733027971e-07
269.5,-1.0669906361971937e-06,-1.0662506575325693e-06,-29.99999500271292,-29.999995002513025,9.052975913568547e-08,9.053548106623097e-08,-4.1531165615318004e-07,-4.153098269742868e-07
269.75,-1.0445934181326184e-06,-1.0438520081339238e-06,-29.999995105467352,-29.999995105266983,8.86487986560654e-08,8.865452739877362e-08,-4.06723547783398e-07,-4.067217152376389e-07
270.0,-1.0226658302110415e-06,-1.0219229871749404e-06,-29.999995206074622,-29.99999520587378,8.677271801674317e-08,8.677845357397926e-08,-3.9813437676994996e-07,-3.981325408531668e-07
270.25,-1.0011901866211386e-06,-1.0004459089039047e-06,-29.999995304619926,-29.99999530441861,8.503317957224617e-08,8.50389214647661e-08,-3.9022782918781074e-07,-3.902259898959816e-07
270.5,-9.801488660467373e-07,-9.794031520642535e-07,-29.99999540118847,-29.99999540098668,8.329813391589031e-08,8.330388214606473e-08,-3.8232029885234386e-07,-3.823184561815833e-07
270.75,-9.595407452085988e-07,-9.587935933761548e-07,-29.99999549578001,-29.999995495577743,8.156758170524672e-08,8.1573336275449e-08,-3.7441178830523065e-07,-3.744099422516481e-07
271.0,-9.393647006632255e-07,-9.38616109395518e-07,-29.9999955883943,-29.999995588191556,7.984152359680816e-08,7.984728450941439e-08,-3.665023000885281e-07,-3.6650045064823145e-07
271.25,-9.196041742360894e-07,-9.188541418870185e-07,-29.99999567910976,-29.99999567890654,7.824337745125951e-08,7.824914519026057e-08,-3.592211663303339e-07,-3.5921931349928956e-07
271.5,-9.002426671323671e-07,-8.994911919950364e-07,-29.999995768004823,-29.999995767801124,7.66493690307773e-08,7.665514359855496e-08,-3.519391297019234e-07,-3.5193727347596303e-07
271.75,-8.81279144872924e-07,-8.805262252398415e-07,-29.999995855079263,-29.99999585487509,7.50594987182494e-08,7.506528011718835e-08,-3.446561925440501e-07,-3.446543329190019e-07
272.0,-8.627125729131285e-07,-8.619582071364071e-07,-29.99999594033286,-29.999995940128205,7.34737666547646e-08,7.347955440564034e-08,-3.3737235719746766e-07,-3.373704941693047e-07
272.25,-8.445276033159421e-07,-8.437717897470974e-07,-29.99999602383808,-29.999996023632946,7.200662500914317e-08,7.201241959595799e-08,-3.3066920549896065e-07,-3.3066733906364427e-07
272.5,-8.267089429704006e-07,-8.259516799001488e-07,-29.999996105667407,-29.999996105461793,7.054329266113985e-08,7.054909408628697e-08,-3.239652249444066e-07,-3.2396335509776e-07
272.75,-8.092556395382566e-07,-8.084969253169166e-07,-29.999996185820635,-29.999996185614542,6.908376972144825e-08,6.908957750571171e-08,-3.172604176885541e-07,-3.1725854442653835e-07
273.0,-7.921667405935017e-07,-7.914065736309946e-07,-29.99999626429756,-29.999996264090985,6.762805678145986e-08,6.763387092723842e-08,-3.105547858863586e-07,-3.1055290920506795e-07
273.25,-7.75428327470948e-07,-7.746667061765951e-07,-29.999996341164955,-29.999996340957896,6.627983264386406e-08,6.628565315355919e-08,-3.0438419437483653e-07,-3.043823142703635e-07
273.5,-7.590265320893468e-07,-7.582634547514656e-07,-29.99999641648961,-29.999996416282062,6.493511487179105e-08,6.494094271103113e-08,-2.9821284119124337e-07,-2.9821095765939953e-07
273.75,-7.429604777567341e-07,-7.421959426630405e-07,-29.99999649027133,-29.999996490063296,6.359390426986086e-08,6.359973847782917e-08,-2.9204072831929246e-07,-2.9203884135589565e-07
274.0,-7.272292876703982e-07,-7.26463293228409e-07,-29.999996562509924,-29.999996562301405,6.225620091943401e-08,6.226204149854059e-08,-2.8586785774268655e-07,-2.858659673438225e-07
274.25,-7.118206772275761e-07,-7.110532217840036e-07,-29.99999663326673,-29.999996633057723,6.101322073819892e-08,6.10190681724686e-08,-2.8018641341314994e-07,-2.8018451957476484e-07
274.5,-6.967224082682615e-07,-6.959534901090131e-07,-29.999996702603084,-29.99999670239359,5.977346906792389e-08,5.977932335977243e-08,-2.745042668676999e-07,-2.745023695856016e-07
274.75,-6.819336736274847e-07,-6.811632910378634e-07,-29.999996770518816,-29.999996770308837,5.853694620640308e-08,5.854280735824913e-08,-2.688214199327372e-07,-2.688195192027354e-07
275.0,-6.674536660659244e-07,-6.666818173306283e-07,-29.99999683701375,-29.99999683680328,5.7303652450655756e-08,5.73095204649209e-08,-2.6313787443483006e-07,-2.6313597025273097e-07
275.25,-6.532705705376701e-07,-6.52497254000993e-07,-29.999996902144634,-29.999996901933674,5.616160702309081e-08,5.616748142058748e-08,-2.5790902882128e-07,-2.5790712118302433e-07
275.5,-6.393726149476079e-07,-6.385978289532372e-07,-29.999996965968226,-29.999996965756775,5.502253296032502e-08,5.5028414225092475e-08,-2.5267953801605903e-07,-2.526776269175862e-07
275.75,-6.257590564504324e-07,-6.249827992812466e-07,-29.999997028484366,-29.99999702827242,5.388643029516352e-08,5.389231842963194e-08,-2.4744940370016354e-07,-2.474474891372713e-07
276.0,-6.124291521626253e-07,-6.116514221008953e-07,-29.99999708969289,-29.999997089480452,5.275329930050432e-08,5.27591943071068e-08,-2.4221862755454316e-07,-2.422167095230292e-07
276.25,-5.993721636756283e-07,-5.98592959003016e-07,-29.999997149645782,-29.99999714943285,5.170306457575334e-08,5.17089664569259e-08,-2.374043663837667e-07,-2.3740244487942724e-07
276.5,-5.865773919022102e-07,-5.8579671095997e-07,-29.999997208395037,-29.99999720818161,5.065556560585599e-08,5.0661473882425506e-08,-2.325895118904626e-07,-2.3258758690922986e-07
276.75,-5.740441529023021e-07,-5.73261994031078e-07,-29.999997265940504,-29.99999726572658,4.9610802401620794e-08,4.961671755764097e-08,-2.277740656222085e-07,-2.2777213716001e-07
277.0,-5.617717626128117e-07,-5.609881241526373e-07,-29.999997322282034,-29.999997322067614,4.8568775936423683e-08,4.8574697492727055e-08,-2.2295802912685838e-07,-2.2295609717961965e-07
277.25,-5.497504429233041e-07,-5.489653232437017e-07,-29.999997377467665,-29.999997377252747,4.760220127655143e-08,4.760812947639133e-08,-2.1852685499315035e-07,-2.1852491955686524e-07
277.5,-5.37970452121306e-07,-5.371838495610854e-07,-29.99999743154543,-29.999997431330016,4.663814484921639e-08,4.6644079695042976e-08,-2.1409513480050106e-07,-2.140931958710927e-07
277.75,-5.264311605896318e-07,-5.256430735170907e-07,-29.9999974845152,-29.999997484299286,4.5676607126795614e-08,4.5682548380255855e-08,-2.096628699734974e-07,-2.0966092754695365e-07
278.0,-5.151319387435811e-07,-5.143423654963026e-07,-29.999997536376835,-29.99999753616042,4.471758737703169e-08,4.472353552219338e-08,-2.052300619367918e-07,-2.0522811600902658e-07
278.25,-5.040644790971008e-07,-5.032734179819531e-07,-29.999997587174146,-29.99999758695723,4.3822476397077465e-08,4.3828431195593284e-08,-2.0114829205938717e-07,-2.0114634262625274e-07
278.5,-4.932205072232644e-07,-4.924279565465007e-07,-29.99999763695095,-29.999997636733536,4.2929685207797647e-08,4.293564690293517e-08,-1.9706601649279668e-07,-1.970640635501379e-07
278.75,-4.825994431174924e-07,-4.818054012148507e-07,-29.999997685707125,-29.999997685489205,4.203921426444984e-08,4.204518237706149e-08,-1.9298323654934611e-07,-1.929812800930817e-07
279.0,-4.722007067818632e-07,-4.71405172048667e-07,-29.99999773344254,-29.999997733224117,4.115106305851089e-08,4.1157037591063843e-08,-1.888999535412852e-07,-1.8889799356745684e-07
279.25,-4.620163634666425e-07,-4.612193341771947e-07,-29.999997780197603,-29.999997779978674,4.032403954408722e-08,4.033002146227558e-08,-1.8514041482479568e-07,-1.851384513291743e-07
279.5,-4.520385089084345e-07,-4.512399832762187e-07,-29.999997826012724,-29.999997825793287,3.949915301342074e-08,3.950514183810565e-08,-1.813804088835642e-07,-1.8137844186178562e-07
279.75,-4.422666088967303e-07,-4.4146658525501456e-07,-29.999997870887782,-29.99999787066784,3.867640318303938e-08,3.868239843508484e-08,-1.776199369260928e-07,-1.7761796637406384e-07
280.0,-4.3270012929195325e-07,-4.3189860597338614e-07,-29.999997914822664,-29.99999791460222,3.7855789768958334e-08,3.78617919324552e-08,-1.738590001610033e-07,-1.7385702607462435e-07
280.25,-4.23331651886358e-07,-4.2252862722296804e-07,-29.999997957854433,-29.99999795763348,3.7092357560722335e-08,3.709836615654032e-08,-1.7039501945451065e-07,-1.7039304182968516e-07
280.5,-4.1415378652370904e-07,-4.1334925887700477e-07,-29.999998000020152,-29.99999799979869,3.633089343555285e-08,3.6336908706982475e-08,-1.66930607447707e-07,-1.6692862628040345e-07
280.75,-4.0516604107007107e-07,-4.0436000874073797e-07,-29.999998041319714,-29.999998041097744,3.557139829877313e-08,3.55774204891078e-08,-1.634657652543054e-07,-1.6346378054035166e-07
281.0,-3.963679233157408e-07,-3.955603845737414e-07,-29.999998081753013,-29.99999808153053,3.4813871851203835e-08,3.4819900962933906e-08,-1.600004939881048e-07,-1.5999850572326135e-07
281.25,-3.8775260436121025e-07,-3.8694355753608576e-07,-29.999998121354604,-29.999998121131608,3.410898176699761e-08,3.411501732100432e-08,-1.568120998456615e-07,-1.5681010802582162e-07
281.5,-3.7931328140567946e-07,-3.7850272488654877e-07,-29.999998160159045,-29.999998159935537,3.34059038685912e-08,3.341194586737053e-08,-1.536233074750567e-07,-1.5362131209624683e-07
281.75,-3.710495014718877e-07,-3.702374335870439e-07,-29.99999819816624,-29.999998197942215,3.270463760244677e-08,3.271068653010958e-08,-1.504341179013951e-07,-1.5043211895949866e-07
282.0,-3.6296081157050924e-07,-3.6214723064762033e-07,-29.999998235376086,-29.999998235151548,3.200518361862164e-08,3.2011238996057645e-08,-1.472445321496657e-07,-1.4724252964057595e-07
282.25,-3.550405428277284e-07,-3.542254471938367e-07,-29.99999827181989,-29.999998271594837,3.1357244656895464e-08,3.136330696822123e-08,-1.443057915745579e-07,-1.443037854941549e-07
282.5,-3.4728205010482943e-07,-3.4646543802614905e-07,-29.999998307528966,-29.999998307303397,3.0710975468194005e-08,3.071704471591707e-08,-1.413666849475815e-07,-1.4136467529161212e-07
282.75,-3.3968491596924977e-07,-3.3886678565116616e-07,-29.99999834250322,-29.99999834227713,3.006637596694593e-08,3.007245263518886e-08,-1.3842721321341387e-07,-1.3842519997748375e-07
283.0,-3.322487228292652e-07,-3.3142907253673743e-07,-29.999998376742557,-29.99999837651595,2.9423447512015196e-08,2.9429530640067526e-08,-1.3548737731681808e-07,-1.354853604966755e-07
283.25,-3.249675985955062e-07,-3.241464265627636e-07,-29.999998410276405,-29.99999841004928,2.8825802466383424e-08,2.883189326079171e-08,-1.3278328406300493e-07,-1.3278126365431713e-07
283.5,-3.178356934902474e-07,-3.1701299789068847e-07,-29.999998443134185,-29.99999844290654,2.822969449197038e-08,2.823579223283628e-08,-1.3007885317042941e-07,-1.3007682916873256e-07
283.75,-3.1085262325788426e-07,-3.100284023545793e-07,-29.999998475315817,-29.99999847508765,2.763512349115552e-08,2.764122818100167e-08,-1.2737408550835797e-07,-1.2737205790939046e-07
284.0,-3.0401800366726323e-07,-3.031922557828532e-07,-29.999998506821214,-29.999998506592526,2.7042089365949464e-08,2.7048200525689382e-08,-1.2466898194606362e-07,-1.2466695074569842e-07
284.25,-2.973263146687203e-07,-2.9649903812521417e-07,-29.999998537677236,-29.999998537448025,2.6491658442386085e-08,2.6497776556160164e-08,-1.2217907944905115e-07,-1.2217704464315473e-07
284.5,-2.9077205649761396e-07,-2.8994324961638846e-07,-29.999998567910744,-29.999998567681008,2.5942642753784964e-08,2.5948767342512474e-08,-1.196888659867225e-07,-1.1968682757116441e-07
284.75,-2.8435487538891865e-07,-2.8352453649071724e-07,-29.999998597521657,-29.9999985972914,2.539504195040786e-08,2.5401173498234943e-08,-1.1719834235955667e-07,-1.1719630033019838e-07
285.0,-2.7807441763498496e-07,-2.7724254497971576e-07,-29.999998626509903,-29.99999862627912,2.484885592298284e-08,2.4854994432446604e-08,-1.1470750936803092e-07,-1.1470546372060238e-07
285.25,-2.7192506887684737e-07,-2.7109166063348156e-07,-29.999998654900665,-29.999998654669355,2.4346150937251128e-08,2.4352297133309785e-08,-1.1241847631421247e-07,-1.1241642704422913e-07
285.5,-2.6590123365700205e-07,-2.6506628805407687e-07,-29.99999868271913,-29.999998682487295,2.384474762333772e-08,2.385090030450452e-08,-1.1012915926093071e-07,-1.1012710636405308e-07
285.75,-2.6000258666284056e-07,-2.591661020787608e-07,-29.999998709965233,-29.99999870973287,2.3344645138456394e-08,2.335080430727739e-08,-1.0783955894394609e-07,-1.0783750241616502e-07
286.0,-2.5422880279249e-07,-2.533907774545198e-07,-29.9999987366389,-29.99999873640601,2.2845842639508605e-08,2.285200950256286e-08,-1.055496760992155e-07,-1.0554761593618296e-07
286.25,-2.4857425574634046e-07,-2.4773468782090486e-07,-29.99999876276307,-29.99999876252965,2.239073319931794e-08,2.2396907036739626e-08,-1.0344356871701316e-07,-1.0344150491423988e-07
286.5,-2.430333364272017e-07,-2.4219222417038957e-07,-29.999998788360678,-29.999998788126728,2.1936820829481417e-08,2.1943001643825707e-08,-1.013372042297072e-07,-1.013351367829113e-07
286.75,-2.3760574558395496e-07,-2.3676308731141758e-07,-29.999998813431663,-29.999998813197184,2.1484105398224645e-08,2.1490292710437605e-08,-9.923058331428803e-08,-9.922851221931872e-08
287.0,-2.322911840285618e-07,-2.314469780553105e-07,-29.999998837975962,-29.99999883774095,2.1032586532680016e-08,2.1038780826934602e-08,-9.712370664774094e-08,-9.712163190044265e-08
287.25,-2.2708594001256589e-07,-2.262401846529714e-07,-29.99999886201462,-29.999998861779076,2.060954916690627e-08,2.0615749964154327e-08,-9.518546124711022e-08,-9.518338284332877e-08
287.5,-2.2198631768294813e-07,-2.2113901125073982e-07,-29.999998885568687,-29.99999888533261,2.0187613047287097e-08,2.0193820831707363e-08,-9.324697685677919e-08,-9.324489479235733e-08
287.75,-2.1699204165529783e-07,-2.1614318246356306e-07,-29.9999989086381,-29.99999890840149,1.976677875678424e-08,1.977299304933434e-08,-9.13082540998702e-08,-9.130616837065374e-08
288.0,-2.121028365198999e-07,-2.1125242288108326e-07,-29.999998931222805,-29.99999893098566,1.9347045914871064e-08,1.9353267199735518e-08,-8.93692935995662e-08,-8.936720420139281e-08
288.25,-2.0731385473264062e-07,-2.064618848983417e-07,-29.999998953342473,-29.999998953104793,1.896497709465914e-08,1.8971205374413445e-08,-8.758795817759672e-08,-8.758586510616924e-08
288.5,-2.0262026366752724e-07,-2.0176673582849984e-07,-29.99999897501678,-29.999998974778563,1.858392014279054e-08,1.8590155901625286e-08,-8.580640691615148e-08,-8.580431016702635e-08
288.75,-1.9802181019552704e-07,-1.9716672260208148e-07,-29.999998996245672,-29.999998996006916,1.8203876354826842e-08,1.8210118632099608e-08,-8.402464038785369e-08,-8.402253995673513e-08
289.0,-1.9351824113465405e-07,-1.9266159215685786e-07,-29.999999017029097,-29.9999990167898,1.782484485883266e-08,1.7831093657127855e-08,-8.224265916532006e-08,-8.224055504817347e-08
289.25,-1.8910586887222918e-07,-1.8824765687950348e-07,-29.99999903738516,-29.999999037145322,1.7474288275771813e-08,1.7480543597676644e-08,-8.060574367947667e-08,-8.060363587226743e-08
289.5,-1.8478101946972467e-07,-1.839212428308434e-07,-29.999999057331966,-29.99999905709159,1.7124661984137043e-08,1.7130923832241524e-08,-7.896863015662431e-08,-7.896651865531785e-08
289.75,-1.805434604641877e-07,-1.7968211739677316e-07,-29.99999907686947,-29.99999907662855,1.6775965104686138e-08,1.6782234685613306e-08,-7.733131912310967e-08,-7.732920392331896e-08
290.0,-1.7639295934159718e-07,-1.7553004800242156e-07,-29.999999095997623,-29.99999909575616,1.6428198925207636e-08,1.6434475519135667e-08,-7.569381110518477e-08,-7.569169220239514e-08
290.25,-1.723259672167049e-07,-1.7146148585219317e-07,-29.99999911473263,-29.999999114490624,1.610788086646656e-08,1.6114164475994642e-08,-7.418616307889534e-08,-7.418404046879099e-08
290.5,-1.6833894750522543e-07,-1.674728944213539e-07,-29.999999133090704,-29.999999132848153,1.5788419622169602e-08,1.5794709768287848e-08,-7.267833410038693e-08,-7.267620777878486e-08
290.75,-1.6443168605415576e-07,-1.635640595562499e-07,-29.999999151071798,-29.9999991508287,1.546981478744117e-08,1.5476111954366598e-08,-7.117032465423052e-08,-7.116819461694804e-08
291.0,-1.6060396872143524e-07,-1.597347669636651e-07,-29.999999168675867,-29.999999168432222,1.5152066679617994e-08,1.5158371592376745e-08,-6.96621352253172e-08,-6.96600014678274e-08
291.25,-1.5685280633164402e-07,-1.559820275277287e-07,-29.999999185917765,-29.999999185673573,1.485736400937212e-08,1.48636754665454e-08,-6.827297761129252e-08,-6.827084012920507e-08
291.5,-1.5317522095956805e-07,-1.523028634128758e-07,-29.999999202812354,-29.999999202567615,1.4563450541819357e-08,1.4569769027633302e-08,-6.688365351612972e-08,-6.688151230525348e-08
291.75,-1.495710153559093e-07,-1.4869707721865064e-07,-29.99999921935959,-29.999999219114304,1.4270325865947133e-08,1.4276652105437008e-08,-6.549416338649229e-08,-6.549201844229354e-08
292.0,-1.4603999216344133e-07,-1.451644716473736e-07,-29.999999235559436,-29.9999992353136,1.3977991256195516e-08,1.3984324047951659e-08,-6.410450766880918e-08,-6.410235898689761e-08
292.25,-1.4258018358749358e-07,-1.4170307899402093e-07,-29.999999251425447,-29.999999251179055,1.370059868046229e-08,1.3706938508719966e-08,-6.282348440850174e-08,-6.282133198467772e-08
292.5,-1.3918963222377126e-07,-1.3831094173323862e-07,-29.99999926697118,-29.999999266724238,1.3423933562085045e-08,1.3430280911082614e-08,-6.154230444190285e-08,-6.154014827169229e-08
292.75,-1.3586815604912356e-07,-1.3498787790142037e-07,-29.9999992821966,-29.999999281949105,1.3147997171548733e-08,1.315435108069158e-08,-6.026096818074316e-08,-6.02588082598164e-08
293.0,-1.3261557302380773e-07,-1.31733705428065e-07,-29.999999297101667,-29.999999296853616,1.2872788371103525e-08,1.2879150047054092e-08,-5.897947603700577e-08,-5.897731236095208e-08
293.25,-1.2942922643525192e-07,-1.2854576753974064e-07,-29.999999311698886,-29.99999931145028,1.2618096217801203e-08,1.2624464940777091e-08,-5.7798206780818316e-08,-5.779603934509081e-08
293.5,-1.2630646898787417e-07,-1.2542141703050827e-07,-29.999999326000772,-29.99999932575161,1.2364075245069602e-08,1.2370451017709446e-08,-5.661679364354081e-08,-5.6614622443796566e-08
293.75,-1.2324713287890372e-07,-1.2236048609693713e-07,-29.999999340007285,-29.999999339757565,1.2110725513924633e-08,1.2117108338870089e-08,-5.5435237004866276e-08,-5.5433062036762346e-08
294.0,-1.2025105029033593e-07,-1.1936280692036177e-07,-29.99999935371839,-29.999999353468112,1.1858047085221116e-08,1.186443696511686e-08,-5.425353724452493e-08,-5.425135850371329e-08
294.25,-1.1731523694525097e-07,-1.1642539522320087e-07,-29.999999367146206,-29.999999366895366,1.1628562405621029e-08,1.1634959343114766e-08,-5.316889670733791e-08,-5.3166714189468846e-08
294.5,-1.1443671771568066e-07,-1.135452758768239e-07,-29.999999380302842,-29.999999380051445,1.1399694164158877e-08,1.1406098161901338e-08,-5.2084126533033286e-08,-5.2081940233753694e-08
294.75,-1.1161533848521764e-07,-1.107222947641604e-07,-29.999999393188272,-29.999999392936314,1.1171442415809579e-08,1.117785347645452e-08,-5.099922707033484e-08,-5.099703698529161e-08
295.0,-1.0885094512372928e-07,-1.0795629775441397e-07,-29.99999940580246,-29.99999940554994,1.0943807215400096e-08,1.0950225341604304e-08,-4.9914198668000176e-08,-4.9912004792840195e-08
295.25,-1.0614181268316212e-07,-1.0524555992896731e-07,-29.99999941815622,-29.999999417903137,1.0729346870543954e-08,1.07357718241612e-08,-4.8915816489604426e-08,-4.891361882003931e-08
295.5,-1.034862243528045e-07,-1.0258836453664494e-07,-29.999999430260374,-29.999999430006724,1.0515454336578831e-08,1.0521885879465785e-08,-4.791731315915557e-08,-4.791511169102906e-08
295.75,-1.0088403832401436e-07,-9.998456964773576e-08,-29.999999442114884,-29.99999944186067,1.030212846085162e-08,1.0308567799704011e-08,-4.691868899780239e-08,-4.691648372668002e-08
296.0,-9.833511277532242e-08,-9.743403337990219e-08,-29.999999453719724,-29.99999945346494,1.0089370498633014e-08,1.0095816913701745e-08,-4.591994432658383e-08,-4.591773524790008e-08
296.25,-9.58372221660515e-08,-9.493453031220243e-08,-29.9999994650847,-29.99999946482935,9.893841528500321e-09,9.900294781651298e-09,-4.499978232095339e-08,-4.4997569430409696e-08
296.5,-9.338814836280288e-08,-9.24838423707709e-08,-29.99999947621962,-29.999999475963705,9.698836053057592e-09,9.705295906159625e-09,-4.4079509859903455e-08,-4.407729315333678e-08
296.75,-9.098776060645112e-08,-9.008183876571236e-08,-29.99999948712446,-29.999999486867974,9.504353155921367e-09,9.510820093264204e-09,-4.3159127239378215e-08,-4.3156906712553335e-08
297.0,-8.863592818637784e-08,-8.772838878573862e-08,-29.999999497799188,-29.999999497542134,9.310393365418694e-09,9.316866908071025e-09,-4.223863475513683e-08,-4.22364104038199e-08
297.25,-8.633099341291523e-08,-8.542183474051133e-08,-29.999999508252852,-29.999999507995227,9.12916514352971e-09,9.13564577578717e-09,-4.1390606868980765e-08,-4.138837868892979e-08
297.5,-8.407130542701489e-08,-8.31605257703108e-08,-29.999999518494498,-29.9999995182363,8.9484190673331e-09,8.954906310270274e-09,-4.054247660547744e-08,-4.054024459245518e-08
297.75,-8.185674374702752e-08,-8.094434139281576e-08,-29.999999528524096,-29.999999528265327,8.768154698631882e-09,8.774649036550299e-09,-3.96942442372506e-08,-3.969200838701167e-08
298.0,-7.968718788046459e-08,-7.877316111486487e-08,-29.999999538341626,-29.99999953808228,8.588372562337406e-09,8.594873516317545e-09,-3.884591003693953e-08,-3.8843670345241604e-08
298.25,-7.756117592434288e-08,-7.664552303280144e-08,-29.999999547955582,-29.999999547695662,8.419796988687286e-09,8.426305043036578e-09,-3.806566461296184e-08,-3.806342107555444e-08
298.5,-7.54772523938488e-08,-7.455997166113768e-08,-29.999999557374466,-29.99999955711397,8.251665159560405e-09,8.258179835365232e-09,-3.72853239581751e-08,-3.728307657081082e-08
298.75,-7.343530640800424e-08,-7.25163961182205e-08,-29.99999956659825,-29.99999956633718,8.083976633729303e-09,8.090498415303003e-09,-3.6504888323479195e-08,-3.6502637081902474e-08
299.0,-7.143522719615126e-08,-7.051468548221248e-08,-29.999999575626916,-29.99999957536527,7.916730969859951e-09,7.923260582325038e-09,-3.5724357959855957e-08,-3.572210285947207e-08
299.25,-6.947570346848667e-08,-6.855352852283542e-08,-29.999999584468483,-29.999999584206257,7.759526693716413e-09,7.766062935750505e-09,-3.500810401860441e-08,-3.5005845054958624e-08
299.5,-6.755542993383628e-08,-6.663162003854007e-08,-29.999999593130976,-29.99999959286817,7.602729427839114e-09,7.609272783764803e-09,-3.42917612687166e-08,-3.4289498437549953e-08
299.75,-6.567430486502594e-08,-6.474885824127279e-08,-29.999999601614373,-29.999999601350986,7.446338969083298e-09,7.452889441614221e-09,-3.35753299405087e-08,-3.357306323742402e-08
300.0,-6.383222646527689e-08,-6.290514139377752e-08,-29.99999960991865,-29.99999960965468,7.2903560774306165e-09,7.296913187671381e-09,-3.285881026418645e-08,-3.285653968492447e-08
