time_s,x_m_lo,x_m_hi,y_m_lo,y_m_hi,vx_mps_lo,vx_mps_hi,vy_mps_lo,vy_mps_hi
0.0,1.0,1.0,-70.0,-70.0,0.0,0.0,0.08,0.08
0.25,0.9999718354870298,0.9999718354870303,-69.97937592540632,-69.97937592540626,-0.00022484540147667698,-0.00022484540147667658,0.08499261794819596,0.08499261794819603
0.5,0.9998878126511492,0.9998878126511501,-69.95750368049325,-69.95750368049313,-0.00044686658030458816,-0.0004468665803045871,0.08998536228887966,0.08998536228887978
0.75,0.9997486375502452,0.9997486375502466,-69.93438323386236,-69.93438323386219,-0.0006660635187221711,-0.0006660635187221692,0.09497823142443039,0.09497823142443057
1.0,0.9995550162466171,0.9995550162466189,-69.91001455451465,-69.91001455451442,-0.0008824361991938009,-0.0008824361991937981,0.09997122375721748,0.09997122375721772
1.25,0.9993075182350223,0.9993075182350245,-69.8843976192976,-69.88439761929732,-0.001097077185218748,-0.001097077185218744,0.10496427821578601,0.10496427821578631
1.5,0.999006713008892,0.9990067130088947,-69.85753240535513,-69.85753240535479,-0.0013088939126350604,-0.0013088939126350548,0.10995745329436438,0.10995745329436475
1.75,0.9986533066350012,0.9986533066350043,-69.82941888273194,-69.82941888273155,-0.0015178863644975255,-0.0015178863644975185,0.11495074739531179,0.11495074739531222
2.0,0.9982480051843329,0.9982480051843364,-69.80005702187214,-69.80005702187168,-0.0017240545240868714,-0.001724054524086863,0.1199441589209779,0.1199441589209784
2.25,0.9977913591261949,0.9977913591261989,-69.76944680214045,-69.76944680213994,-0.001928643227966048,-0.001928643227966038,0.12493761822150558,0.12493761822150615
2.5,0.9972839189275532,0.9972839189275576,-69.73758820318365,-69.73758820318308,-0.002130407645406968,-0.0021304076454069557,0.12993119245562676,0.12993119245562745
2.75,0.9967263906620398,0.9967263906620447,-69.70448119646804,-69.70448119646741,-0.002329347760268597,-0.0023293477602685823,0.13492488002568515,0.13492488002568595
3.0,0.9961194804072936,0.9961194804072989,-69.67012575385934,-69.67012575385866,-0.0025254635566358445,-0.002525463556635827,0.13991867933401533,0.13991867933401628
3.25,0.9954637178803581,0.9954637178803639,-69.63452185732628,-69.63452185732554,-0.0027201659425209147,-0.0027201659425208943,0.14491251128735472,0.14491251128735577
3.5,0.9947596327948413,0.9947596327948475,-69.59766948910396,-69.59766948910317,-0.002912044022710087,-0.002912044022710064,0.1499064525817569,0.14990645258175808
3.75,0.9940079312290904,0.994007931229097,-69.55956862205684,-69.55956862205599,-0.0031010977818532303,-0.0031010977818532043,0.15490050161955488,0.15490050161955618
4.0,0.9932093192652622,0.9932093192652695,-69.52021922944877,-69.52021922944786,-0.0032873272048261548,-0.003287327204826126,0.15989465680307305,0.15989465680307446
4.25,0.99236430397744,0.9923643039774477,-69.47962129595211,-69.47962129595115,-0.0034723243796635603,-0.0034723243796635286,0.16488882861202828,0.16488882861202983
4.5,0.991473392435087,0.9914733924350952,-69.43777480648856,-69.43777480648754,-0.0036544972386239214,-0.0036544972386238867,0.16988310427196732,0.16988310427196898
4.75,0.9905372907189991,0.9905372907190078,-69.39467973529507,-69.39467973529399,-0.003833845767133518,-0.00383384576713348,0.17487748218521762,0.17487748218521942
5.0,0.989556704913587,0.9895567049135962,-69.35033605700804,-69.3503360570069,-0.004010369950844575,-0.004010369950844531,0.17987196075409848,0.17987196075410042
5.25,0.9885321173718503,0.9885321173718599,-69.30474375911645,-69.30474375911525,-0.004185859664808217,-0.0041858596648081696,0.18486643892407112,0.18486643892407317
5.5,0.987464010440884,0.987464010440894,-69.25790282933998,-69.25790282933873,-0.004358525062359877,-0.004358525062359824,0.18986101556681528,0.18986101556681745
5.75,0.9863530902015226,0.9863530902015331,-69.20981324326017,-69.20981324325886,-0.004528366129686424,-0.0045283661296863665,0.19485568908465833,0.1948556890846606
6.0,0.9852000627380254,0.9852000627380363,-69.16047497685793,-69.16047497685656,-0.004695382853200674,-0.004695382853200611,0.19985045787991992,0.1998504578799223
6.25,0.9840053833890736,0.9840053833890849,-69.10988802056458,-69.10988802056316,-0.004861581221734727,-0.0048615812217346595,0.20484520813638296,0.20484520813638546
6.5,0.9827695074860472,0.982769507486059,-69.05805236502174,-69.05805236502025,-0.005024955283600581,-0.005024955283600508,0.20984005160966104,0.20984005160966365
6.75,0.9814931411072516,0.9814931411072639,-69.00496798712489,-69.00496798712334,-0.005185505025728406,-0.005185505025728328,0.21483498670208728,0.21483498670209
7.0,0.9801769903342317,0.9801769903342444,-68.95063486416896,-68.95063486416736,-0.005343230435274321,-0.005343230435274237,0.21983001181598744,0.21983001181599027
7.25,0.9788214809509119,0.9788214809509251,-68.89505298967504,-68.89505298967337,-0.005500373918004716,-0.005500373918004626,0.22482499895123847,0.22482499895124142
7.5,0.9774270387323886,0.9774270387324022,-68.83822235735218,-68.83822235735046,-0.00565469311482641,-0.005654693114826314,0.22982007418111247,0.22982007418111552
7.75,0.9759943697516867,0.9759943697517008,-68.78014294537645,-68.78014294537468,-0.00580618801339396,-0.005806188013393858,0.23481523590795447,0.23481523590795764
8.0,0.9745241800848896,0.9745241800849042,-68.72081473232332,-68.72081473232149,-0.005954858601587863,-0.005954858601587756,0.23981048253410261,0.2398104825341059
8.25,0.9730168631347783,0.9730168631347933,-68.66023771497123,-68.66023771496934,-0.006103206291400012,-0.006103206291399899,0.24480567026912184,0.24480567026912523
8.5,0.9714728122936314,0.9714728122936468,-68.59841189026223,-68.59841189026028,-0.006248729727913528,-0.006248729727913409,0.24980094112313983,0.24980094112314333
8.75,0.9698927336262334,0.9698927336262493,-68.53533723761626,-68.53533723761426,-0.0063914288994866226,-0.006391428899486498,0.2547962934985202,0.25479629349852395
9.0,0.9682773332002512,0.9682773332002675,-68.47101373685271,-68.47101373685065,-0.006531303794703447,-0.006531303794703316,0.25979172579762017,0.25979172579762416
9.25,0.966626968880201,0.9666269688802178,-68.40544138821795,-68.40544138821583,-0.006671140065321404,-0.006671140065321267,0.2647870764645538,0.264787076464558
9.5,0.9649419985182408,0.9649419985182581,-68.33862019209514,-68.33862019209296,-0.006808152128137773,-0.006808152128137629,0.26978250543573107,0.2697825054357355
9.75,0.9632231281676958,0.9632231281677136,-68.27055012910792,-68.27055012910569,-0.006942339972191666,-0.006942339972191516,0.2747780111135416,0.27477801111354627
10.0,0.9614710638846032,0.9614710638846216,-68.20123118027934,-68.20123118027705,-0.0070737035867481386,-0.0070737035867479816,0.27977359190036893,0.2797735919003738
10.25,0.9596861244497021,0.9596861244497209,-68.13066334953626,-68.13066334953392,-0.007205341201935906,-0.007205341201935742,0.2847690664552747,0.28476906645527983
10.5,0.9578686286293325,0.9578686286293517,-68.05884664091289,-68.05884664091047,-0.007334154668759817,-0.007334154668759647,0.28976461467659825,0.2897646146766036
10.75,0.9560192824618782,0.9560192824618979,-67.9857810361923,-67.98578103618982,-0.007460143976914873,-0.007460143976914696,0.29476023496676296,0.2947602349667685
11.0,0.9541387919882709,0.9541387919882912,-67.91146651755696,-67.91146651755443,-0.007583309116322001,-0.0075833091163218175,0.29975592572818655,0.2997559257281923
11.25,0.9522274329076458,0.9522274329076666,-67.8359030928782,-67.83590309287561,-0.007707092850546702,-0.007707092850546511,0.3047514833725037,0.30475148337250973
11.5,0.9502854809024719,0.9502854809024932,-67.75909077010212,-67.75909077009948,-0.007828052511081367,-0.007828052511081164,0.3097471102404502,0.3097471102404565
11.75,0.9483136419923859,0.9483136419924078,-67.68102953212252,-67.68102953211981,-0.007946188088249291,-0.007946188088249076,0.3147428047344919,0.3147428047344984
12.0,0.9463126221994156,0.9463126221994379,-67.60171936223256,-67.60171936222979,-0.0080614995725997,-0.008061499572599475,0.3197385652570892,0.319738565257096
12.25,0.9442826496095795,0.9442826496096024,-67.52116027255981,-67.52116027255697,-0.008177810483145614,-0.008177810483145377,0.32473416309101577,0.32473416309102277
12.5,0.9422239522896977,0.9422239522897211,-67.43935227527075,-67.43935227526785,-0.008291297411433932,-0.008291297411433682,0.32972982592134575,0.32972982592135297
12.75,0.940137236236474,0.940137236236498,-67.35629535431596,-67.356295354313,-0.008401960348385765,-0.008401960348385503,0.33472555215059685,0.33472555215060434
13.0,0.938023207448854,0.9380232074488786,-67.2719894940454,-67.27198949404237,-0.008509799285148145,-0.00850979928514787,0.3397213401812818,0.3397213401812895
13.25,0.9358820412357721,0.9358820412357972,-67.18643471121364,-67.18643471121055,-0.008619059774848845,-0.008619059774848559,0.34471693277415455,0.3447169327741625
13.5,0.9337139128841185,0.9337139128841442,-67.09963102257436,-67.09963102257122,-0.008725496392283824,-0.008725496392283526,0.3497125863751563,0.34971258637516445
13.75,0.9315195283630288,0.931519528363055,-67.01157841307521,-67.01157841307202,-0.008829109128938218,-0.008829109128937907,0.3547082993868671,0.35470829938687554
14.0,0.9292995936437387,0.9292995936437655,-66.92227686806321,-66.92227686805995,-0.008929897976523066,-0.008929897976522744,0.3597040702118624,0.35970407021187106
14.25,0.927054225339557,0.9270542253395843,-66.83172640935976,-66.83172640935643,-0.009032577834008727,-0.009032577834008392,0.3646996090967016,0.3646996090967105
14.5,0.9247835400385335,0.9247835400385613,-66.73992705874112,-66.73992705873773,-0.009132433949906893,-0.009132433949906546,0.3696952052671528,0.36969520526716193
14.75,0.9224882436770684,0.9224882436770968,-66.64687880208555,-66.64687880208211,-0.009229466316229135,-0.009229466316228776,0.3746908571258702,0.3746908571258795
15.0,0.9201690421935307,0.9201690421935597,-66.55258162567067,-66.55258162566717,-0.00932367492521292,-0.00932367492521255,0.3796865630755035,0.3796865630755131
15.25,0.917825986681001,0.9178259866810305,-66.45703555691513,-66.45703555691158,-0.00942029857771436,-0.009420298577713976,0.3846819960787533,0.3846819960787631
15.5,0.9154591282036462,0.9154591282036763,-66.36024062314303,-66.36024062313942,-0.009514098642545023,-0.009514098642544625,0.3896774829417644,0.3896774829417744
15.75,0.9130691726593265,0.9130691726593572,-66.26219681108908,-66.26219681108542,-0.00960507511220096,-0.00960507511220055,0.3946730220672782,0.39467302206728844
16.0,0.9106568259477502,0.9106568259477814,-66.16290410788733,-66.1629041078836,-0.009693227979404109,-0.009693227979403685,0.399668611858032,0.3996686118580424
16.25,0.9082220657204548,0.9082220657204866,-66.06236254719587,-66.0623625471921,-0.009784383271651277,-0.00978438327165084,0.4046638822679918,0.4046638822680025
16.5,0.9057648695958781,0.9057648695959104,-65.96057216252285,-65.96057216251901,-0.009872715156458586,-0.009872715156458135,0.4096592034444037,0.4096592034444146
16.75,0.9032859434267679,0.9032859434268008,-65.85753294137629,-65.8575329413724,-0.009958223626759537,-0.009958223626759074,0.4146545737901111,0.4146545737901222
17.0,0.9007859930676108,0.9007859930676442,-65.75324487166351,-65.75324487165956,-0.010040908675713504,-0.010040908675713027,0.4196499917079536,0.41964999170796496
17.25,0.8982649134682928,0.8982649134683268,-65.64770799406037,-65.64770799405636,-0.010127257586533274,-0.010127257586532783,0.42464503725845626,0.42464503725846786
17.5,0.8957225995407762,0.8957225995408108,-65.54092234903037,-65.5409223490263,-0.010210783300170664,-0.010210783300170159,0.4296401308565806,0.4296401308565924
17.75,0.8931597570851963,0.8931597570852315,-65.43288792476125,-65.43288792475713,-0.010291485809943667,-0.010291485809943149,0.43463527090528914,0.4346352709053012
18.0,0.8905770919033312,0.890577091903367,-65.32360470983998,-65.3236047098358,-0.01036936510939613,-0.010369365109395597,0.4396304558075407,0.43963045580755294
18.25,0.8879744053349723,0.8879744053350086,-65.21307275292081,-65.21307275291657,-0.010451656945958964,-0.010451656945958418,0.44462520730460636,0.44462520730461885
18.5,0.88535149867638,0.8853514986764168,-65.10129210237501,-65.10129210237072,-0.010531125830184934,-0.010531125830184373,0.4496200045543437,0.4496200045543564
18.75,0.8827090776664378,0.8827090776664753,-64.98826274696404,-64.98826274695969,-0.010607771755716573,-0.010607771755715999,0.4546148459598538,0.45461484595986673
19.0,0.8800478480455907,0.8800478480456287,-64.87398467584856,-64.87398467584416,-0.010681594716422256,-0.010681594716421666,0.45960972992423427,0.4596097299242474
19.25,0.8773675045842116,0.8773675045842503,-64.7584579468515,-64.75845794684703,-0.010760682530583193,-0.010760682530582587,0.4646041095089433,0.4646041095089567
19.5,0.8746677420025721,0.8746677420026113,-64.64168261743245,-64.64168261742793,-0.010836947677470102,-0.010836947677469483,0.46959853303394256,0.4695985330339562
19.75,0.8719492659682581,0.8719492659682978,-64.52365867680595,-64.52365867680138,-0.01091039015098182,-0.010910390150981185,0.47459299890249446,0.4745929989025084
20.0,0.8692127821503522,0.8692127821503927,-64.40438611458569,-64.40438611458106,-0.010981009945242991,-0.010981009945242341,0.4795875055178581,0.47958750551787227
20.25,0.8664578632106074,0.8664578632106484,-64.28386499925048,-64.2838649992458,-0.011057871184054947,-0.01105787118405428,0.48458142441051055,0.48458142441052493
20.5,0.8636840817529072,0.8636840817529489,-64.16209539882375,-64.162095398819,-0.011131910087879678,-0.011131910087878996,0.4895753859840106,0.4895753859840252
20.75,0.8608921433617436,0.8608921433617859,-64.03907730283484,-64.03907730283004,-0.011203126650794114,-0.011203126650793416,0.4945693886418088,0.49456938864182365
21.0,0.858082753623061,0.8580827536231038,-63.91481070121224,-63.91481070120741,-0.011271520867100975,-0.011271520867100262,0.4995634307873523,0.49956343078736737
21.25,0.8552553442652686,0.8552553442653121,-63.789295674964734,-63.789295674959874,-0.011347283671287872,-0.011347283671287142,0.5045567863357511,0.5045567863357666
21.5,0.8524093469496404,0.8524093469496846,-63.662532304539425,-63.66253230453453,-0.011420224528796213,-0.011420224528795465,0.5095501839437412,0.5095501839437572
21.75,0.8495454671635801,0.849545467163625,-63.53452057962095,-63.53452057961603,-0.011490343433790772,-0.011490343433790007,0.5145436220149927,0.5145436220150091
22.0,0.8466644103959221,0.8466644103959676,-63.405260490293045,-63.405260490288086,-0.01155764038066208,-0.011557640380661297,0.5195370989531726,0.5195370989531894
22.25,0.8437654443735338,0.84376544437358,-63.274752132457415,-63.27475213245243,-0.01163361755039352,-0.01163361755039272,0.5245297708951461,0.5245297708951634
22.5,0.8408478367449995,0.8408478367450464,-63.14299560133042,-63.142995601325396,-0.011706773228836467,-0.01170677322883565,0.5295224850181027,0.5295224850181205
22.75,0.8379122928838775,0.837912292883925,-63.00999088656632,-63.00999088656126,-0.011777107410138514,-0.01177710741013768,0.5345152397259703,0.5345152397259885
23.0,0.834959518165161,0.8349595181652092,-62.875737978218396,-62.8757379782133,-0.011844620088672965,-0.011844620088672111,0.5395080334226732,0.5395080334226918
23.25,0.8319885876844708,0.8319885876845197,-62.74023699012817,-62.74023699012304,-0.011922353598257577,-0.011922353598256705,0.5444998786280373,0.5444998786280564
23.5,0.8289985764455826,0.8289985764456321,-62.60348803530652,-62.60348803530135,-0.01199726615323992,-0.01199726615323903,0.5494917670080685,0.549491767008088
23.75,0.8259901896879007,0.8259901896879509,-62.46549110315925,-62.46549110315406,-0.012069357747627034,-0.012069357747626127,0.5544836969669981,0.554483696967018
24.0,0.8229641326522995,0.8229641326523504,-62.32624618349112,-62.32624618348589,-0.012138628375651635,-0.012138628375650709,0.559475666909054,0.5594756669090745
24.25,0.8199192517622759,0.8199192517623274,-62.18575341215837,-62.18575341215311,-0.012219948692124958,-0.012219948692124012,0.5644665114199872,0.5644665114200081
24.5,0.8168543933327104,0.8168543933327626,-62.04401292401417,-62.044012924008875,-0.012298448690920552,-0.012298448690919587,0.5694574011347644,0.5694574011347859
24.75,0.8137702624438122,0.8137702624438651,-61.90102470795698,-61.901024707951656,-0.012374128365758467,-0.012374128365757481,0.5744483344579774,0.5744483344579994
25.0,0.8106675641773323,0.8106675641773858,-61.75678875328412,-61.75678875327876,-0.01244698771058437,-0.012446987710583366,0.579439309794214,0.5794393097942364
25.25,0.8075448702110156,0.8075448702110699,-61.61130522394924,-61.61130522394385,-0.012534094095122383,-0.012534094095121358,0.5844289330973699,0.5844289330973927
25.5,0.8044007520924706,0.8044007520925256,-61.4645742826957,-61.46457428269028,-0.012618380927268094,-0.012618380927267048,0.5894186048776686,0.5894186048776919
25.75,0.801235914710643,0.8012359147106987,-61.316595917603586,-61.31659591759813,-0.012699848200278608,-0.01269984820027754,0.5944083235401345,0.5944083235401583
26.0,0.7980510629561359,0.7980510629561922,-61.16737011715173,-61.167370117146234,-0.012778495907636588,-0.0127784959076355,0.5993980874897881,0.5993980874898123
26.25,0.7948444336263856,0.7948444336264426,-61.01689708100655,-61.01689708100102,-0.012874068960400296,-0.012874068960399188,0.604386210682461,0.6043862106824857
26.5,0.7916142633612331,0.7916142633612909,-60.86517700737162,-60.86517700736606,-0.012966823389597867,-0.012966823389596736,0.6093743871419925,0.6093743871420176
26.75,0.7883612568175024,0.7883612568175609,-60.712209883129546,-60.71220988312395,-0.013056759187808999,-0.013056759187807847,0.6143626152739322,0.6143626152739579
27.0,0.7850861186538439,0.7850861186539032,-60.55799569556152,-60.55799569555589,-0.013143876347838883,-0.013143876347837709,0.6193508934838254,0.6193508934838515
27.25,0.7817866649528382,0.7817866649528983,-60.40256421206379,-60.40256421205812,-0.013251305946886243,-0.013251305946885046,0.6241009846267116,0.6241009846267381
27.5,0.7784606893374151,0.7784606893374759,-60.2459451982472,-60.24594519824149,-0.013356051661763953,-0.013356051661762734,0.6288511357816169,0.6288511357816439
27.75,0.7751088627796688,0.7751088627797305,-60.08813863929853,-60.08813863929279,-0.013458113484092421,-0.01345811348409118,0.6336013454303103,0.6336013454303379
28.0,0.7717318562537618,0.7717318562538242,-59.92914452078411,-59.92914452077833,-0.013557491405706761,-0.013557491405705497,0.6383516120545565,0.6383516120545845
28.25,0.768327039735261,0.7683270397353241,-59.76909889626612,-59.76909889626031,-0.013680696052071444,-0.013680696052070156,0.6420133957052198,0.6420133957052482
28.5,0.7648916805732476,0.7648916805733116,-59.60813781717237,-59.60813781716652,-0.013801832552177614,-0.013801832552176303,0.6456752484657399,0.6456752484657687
28.75,0.7614262958055013,0.761426295805566,-59.44626126637162,-59.44626126636574,-0.013920900896334425,-0.01392090089633309,0.6493371691661981,0.6493371691662274
29.0,0.7579314024722034,0.7579314024722689,-59.28346922702513,-59.28346922701921,-0.014037901075016478,-0.014037901075015118,0.6529991566366705,0.6529991566367003
29.25,0.7544042901228651,0.7544042901229314,-59.11988267876813,-59.119882678762174,-0.014178744284093084,-0.014178744284091698,0.655693242698232,0.6556932426982622
29.5,0.7508421570484214,0.7508421570484884,-58.9556225990725,-58.95562259906651,-0.01431806687399301,-0.0143180668739916,0.6583874080023547,0.6583874080023854
29.75,0.7472453834050621,0.7472453834051299,-58.790688968235116,-58.79068896822909,-0.014455868833570536,-0.0144558688335691,0.6610816516888465,0.6610816516888776
30.0,0.7436143493517483,0.7436143493518169,-58.62508176676792,-58.62508176676186,-0.014592150151801582,-0.014592150151800121,0.6637759728975089,0.6637759728975404
30.25,0.7399463464860111,0.7399463464860805,-58.45890834687394,-58.458908346867844,-0.014751700315763042,-0.014751700315761557,0.6656114012969082,0.6656114012969402
30.5,0.7362385854235628,0.736238585423633,-58.29227605862264,-58.29227605861651,-0.014910215723369886,-0.014910215723368375,0.6674469196585034,0.6674469196585359
30.75,0.732491324855079,0.7324913248551499,-58.125184879596645,-58.12518487959048,-0.015067696361940972,-0.015067696361939435,0.6692825273969466,0.6692825273969795
31.0,0.7287048234743949,0.7287048234744667,-57.9576347875249,-57.9576347875187,-0.015224142218877945,-0.015224142218876382,0.6711182239268826,0.6711182239269159
31.25,0.7248764649002855,0.7248764649003581,-57.789720821283844,-57.789720821277605,-0.015402625606752329,-0.01540262560675074,0.6721935228292065,0.6721935228292403
31.5,0.7210035610552347,0.7210035610553082,-57.62153801771082,-57.621538017704545,-0.015580504384032082,-0.015580504384030467,0.6732689225255987,0.6732689225256329
31.75,0.7170862630936711,0.7170862630937455,-57.453086351650065,-57.453086351643755,-0.015757778536487015,-0.015757778536485363,0.6743444226740369,0.6743444226740716
32.0,0.7131247221735747,0.71312472217365,-57.284365798031324,-57.28436579802498,-0.015934448049935292,-0.015934448049933606,0.675420022932491,0.6754200229325261
32.25,0.7091165107640691,0.7091165107641453,-57.11546027599108,-57.1154602759847,-0.016131205764024048,-0.016131205764022327,0.6758241719399757,0.6758241719400112
32.5,0.7050591380232596,0.7050591380233366,-56.94645370279145,-56.94645370278503,-0.01632773869774488,-0.016327738697743125,0.6762284321864421,0.6762284321864781
32.75,0.7009526601482038,0.7009526601482817,-56.77734605063858,-56.77734605063211,-0.016524046835375273,-0.016524046835373483,0.6766328035447314,0.6766328035447678
33.0,0.6967971333398878,0.6967971333399666,-56.6081372917704,-56.608137291763896,-0.01672013016121069,-0.016720130161208865,0.6770372858876756,0.6770372858877125
33.25,0.6925904213032595,0.6925904213033393,-56.43890130946319,-56.43890130945665,-0.01693358440642053,-0.01693358440641867,0.6768505926947036,0.6768505926947409
33.5,0.6883303320000854,0.688330332000166,-56.2697119853582,-56.26971198535162,-0.01714714829073089,-0.017147148290728997,0.6766640202802504,0.6766640202802882
33.75,0.6840168380227257,0.6840168380228072,-56.100569289253045,-56.10056928924643,-0.01736082179705679,-0.01736082179705486,0.6764775687063322,0.6764775687063704
34.0,0.6796499119678131,0.6796499119678955,-55.93147319092985,-55.93147319092319,-0.017574604908304474,-0.01757460490830251,0.6762912380349556,0.6762912380349942
34.25,0.6752278146526558,0.6752278146527392,-55.76248852182628,-55.76248852181958,-0.01780224079786885,-0.017802240797866853,0.6755861362553893,0.6755861362554284
34.5,0.6707487579771788,0.6707487579772631,-55.59368011206187,-55.593680112055125,-0.01803027978782482,-0.018030279787822782,0.6748811633596649,0.6748811633597044
34.75,0.6662126411685638,0.6662126411686491,-55.425047929387155,-55.425047929380376,-0.018258721859929394,-0.01825872185992732,0.6741763195758042,0.6741763195758441
35.0,0.6616193634585574,0.6616193634586437,-55.25659194149567,-55.25659194148886,-0.018487566995907343,-0.018487566995905234,0.6734716051318189,0.6734716051318593
35.25,0.6569676892173966,0.6569676892174838,-55.08836882112255,-55.0883688211157,-0.018725936875716668,-0.01872593687571452,0.6723133803269066,0.6723133803269474
35.5,0.6522563400503242,0.6522563400504124,-54.920435240079875,-54.92043524007299,-0.01896496640001745,-0.018964966400015264,0.6711552905504368,0.6711552905504781
35.75,0.6474851510486065,0.6474851510486958,-54.752791164563895,-54.75279116455697,-0.01920465554968747,-0.019204655549685246,0.6699973361755539,0.6699973361755956
36.0,0.642653957308297,0.6426539573083873,-54.58543656067757,-54.5854365606706,-0.01944500430555174,-0.019445004305549476,0.6688395175753916,0.6688395175754338
36.25,0.6377672101436973,0.6377672101437886,-54.4184207538377,-54.418420753830695,-0.019649120169447858,-0.019649120169445557,0.6672869563878246,0.6672869563878673
36.5,0.6328293236451521,0.6328293236452445,-54.2517930728408,-54.25179307283375,-0.01985411897438776,-0.01985411897438542,0.6657345109149319,0.6657345109149749
36.75,0.6278400770794491,0.6278400770795425,-54.08555348869575,-54.08555348868867,-0.02006000070397166,-0.020060000703969284,0.6641821816561737,0.6641821816562172
37.0,0.6227992497174846,0.6227992497175789,-53.9197019722866,-53.91970197227948,-0.020266765341729148,-0.020266765341726733,0.6626299691110012,0.6626299691110452
37.25,0.6177123181739875,0.6177123181740829,-53.75428122812321,-53.75428122811605,-0.020428866384656044,-0.020428866384653587,0.6607359994792223,0.6607359994792668
37.5,0.6125847268364925,0.6125847268365888,-53.58933396488016,-53.589333964872964,-0.020592043691544826,-0.020592043691542328,0.6588421218497136,0.6588421218497584
37.75,0.6074162066406388,0.6074162066407363,-53.42486015948079,-53.42486015947355,-0.020756297249341405,-0.020756297249338865,0.6569483368312958,0.6569483368313411
38.0,0.6022064885253404,0.602206488525439,-53.260859788696216,-53.26085978868894,-0.020921627044905595,-0.020921627044903017,0.6550546450327827,0.6550546450328284
38.25,0.5969606210448252,0.5969606210449249,-53.097369602287685,-53.09736960228037,-0.021045519904329738,-0.02104551990432712,0.6528668579162875,0.6528668579163337
38.5,0.5916836250210317,0.5916836250211325,-52.934426353868474,-52.93442635386111,-0.021170655389471462,-0.0211706553894688,0.6506791412353841,0.6506791412354307
38.75,0.5863751897987798,0.5863751897988817,-52.77203002574181,-52.772030025734416,-0.02129703349032,-0.021297033490317297,0.648491495693002,0.6484914956930491
39.0,0.5810350047254046,0.5810350047255076,-52.610180600035214,-52.610180600027775,-0.02142465419676518,-0.021424654196762434,0.6463039219920657,0.6463039219921132
39.25,0.5756677176575806,0.5756677176576848,-52.44890947829954,-52.44890947829206,-0.021513873141816697,-0.02151387314181391,0.6438650603050403,0.6438650603050883
39.5,0.5702779527567986,0.5702779527569038,-52.288248065644275,-52.28824806563675,-0.021604476859231118,-0.02160447685922829,0.6414262494793563,0.6414262494794047
39.75,0.5648653638308715,0.5648653638309779,-52.128196349256164,-52.128196349248604,-0.021696465341760198,-0.02169646534175733,0.6389874902983542,0.6389874902984031
40.0,0.5594296046894381,0.5594296046895457,-51.96875431612612,-51.96875431611852,-0.021789838582044915,-0.021789838582042004,0.6365487835453705,0.6365487835454198
40.25,0.5539749482384274,0.5539749482385362,-51.8099485694921,-51.809948569484455,-0.021847663892018226,-0.021847663892015274,0.6338971949787334,0.6338971949787832
40.5,0.5485056473106332,0.5485056473107432,-51.651805715875405,-51.65180571586772,-0.021906994395531516,-0.021906994395528522,0.6312456395486417,0.631245639548692
40.75,0.5430213256082614,0.5430213256083726,-51.49432574688547,-51.49432574687774,-0.02196783008783838,-0.021967830087835344,0.6285941181065569,0.6285941181066076
41.0,0.5375216068347194,0.5375216068348317,-51.33750865391887,-51.337508653911094,-0.022030170964071998,-0.02203017096406892,0.6259426315039378,0.625942631503989
41.25,0.5320104131793484,0.532010413179462,-51.181376740285216,-51.1813767402774,-0.022059645970043344,-0.02205964597004022,0.6231126803443044,0.6231126803443561
41.5,0.5264916500042225,0.5264916500043373,-51.025952312319426,-51.02595231231157,-0.022090727121707624,-0.022090727121704457,0.6202827463124756,0.6202827463125277
41.75,0.5209649157732266,0.5209649157733426,-50.87123536562598,-50.87123536561808,-0.022123414416578363,-0.022123414416575154,0.6174528303170204,0.6174528303170729
42.0,0.5154298089508832,0.5154298089510004,-50.7172258955822,-50.71722589557426,-0.0221577078520406,-0.022157707852037346,0.6146229332665064,0.6146229332665594
42.25,0.5098899238268086,0.5098899238269271,-50.56394235711035,-50.56394235710236,-0.022161654752785375,-0.02216165475278208,0.6116453748805407,0.6116453748805941
42.5,0.5043488407683895,0.5043488407685092,-50.411403207916074,-50.411403207908045,-0.022167291326733545,-0.022167291326730204,0.608667819205181,0.6086678192052348
42.75,0.4988061373573785,0.49880613735749924,-50.25960844720225,-50.259608447194175,-0.02217461757343419,-0.022174617573430803,0.605690267196247,0.6056902671963013
43.0,0.4932613911756579,0.4932613911757797,-50.10855807393279,-50.10855807392468,-0.02218363349230121,-0.02218363349229778,0.6027127198095583,0.602712719809613
43.25,0.4877178901006509,0.4877178901007738,-49.95826710359116,-49.958267103583005,-0.022164668045570934,-0.022164668045567458,0.5996150411355325,0.5996150411355877
43.5,0.48217891068390234,0.4821789106840263,-49.80875055421767,-49.80875055420947,-0.02214746022647509,-0.022147460226471564,0.5965173522302,0.5965173522302556
43.75,0.4766440135183285,0.4766440135184536,-49.660008428245845,-49.6600084282376,-0.022132010036390287,-0.022132010036386717,0.5934196540878217,0.5934196540878778
44.0,0.4711127591965193,0.4711127591966455,-49.51204072786068,-49.512040727852394,-0.022118317476552535,-0.02211831747654892,0.5903219477026596,0.5903219477027161
44.25,0.4655881494231618,0.46558814942328913,-49.3648593993337,-49.364859399325375,-0.02207886265758993,-0.02207886265758627,0.5871286767934347,0.5871286767934917
44.5,0.4600731768939528,0.4600731768940812,-49.2184763912812,-49.21847639127283,-0.022041219523878715,-0.022041219523875007,0.5839353840776965,0.5839353840777539
44.75,0.4545673886871999,0.45456738868732954,-49.07289170902669,-49.07289170901828,-0.022005388078430315,-0.022005388078426558,0.580742070580286,0.5807420705803439
45.0,0.44907033188047624,0.449070331880607,-48.92810535763749,-48.928105357629036,-0.021971368324111222,-0.02197136832410742,0.5775487373260458,0.5775487373261041
45.25,0.4435847410722737,0.44358474107240564,-48.78412654920217,-48.78412654919367,-0.02191366703495699,-0.02191366703495314,0.5742817247165221,0.5742817247165808
45.5,0.4381133439160827,0.4381133439162158,-48.64096449795563,-48.64096449794709,-0.02185781910877586,-0.021857819108771964,0.5710146799905492,0.5710146799906084
45.75,0.4326556770705984,0.4326556770707327,-48.498619211795926,-48.49861921178734,-0.021803824550035638,-0.021803824550031693,0.567747604196545,0.5677476041966046
46.0,0.4272112771934175,0.42721127719355306,-48.357090698359016,-48.35709069835039,-0.021751683363055854,-0.021751683363051864,0.5644804983829297,0.5644804983829897
46.25,0.4217826297400781,0.42178262974021485,-48.21638573858957,-48.216385738580904,-0.021677810268653175,-0.021677810268649136,0.5611591728079565,0.561159172808017
46.5,0.4163722150563492,0.4163722150564872,-48.07651111539306,-48.07651111538435,-0.021605821207143827,-0.02160582120713974,0.5578378059770882,0.5578378059771492
46.75,0.4109795621332845,0.41097956213342374,-47.937466838950236,-47.93746683894148,-0.021535716184286895,-0.02153571618428276,0.5545163989560925,0.5545163989561539
47.0,0.4056041999605167,0.4056041999606572,-47.79925291917541,-47.79925291916661,-0.02146749520569074,-0.021467495205686554,0.5511949528107402,0.551194952810802
47.25,0.40024838177514466,0.40024838177528643,-47.661873979838695,-47.661873979829856,-0.021379367765951805,-0.021379367765947573,0.5478365535743769,0.5478365535744392
47.5,0.3949143573329152,0.39491435733305824,-47.525334646497704,-47.525334646488815,-0.02129314526171263,-0.02129314526170835,0.544478105024585,0.5444781050246478
47.75,0.3896016503990879,0.3896016503992323,-47.38963493134609,-47.389634931337156,-0.021208827699870963,-0.02120882769986663,0.541119608238957,0.5411196082390202
48.0,0.3843097847372171,0.3843097847373628,-47.25477484630811,-47.254774846299135,-0.021126415087172154,-0.021126415087167772,0.5377610642950887,0.5377610642951524
48.25,0.3790407973117349,0.37904079731188195,-47.12075710553715,-47.12075710552813,-0.021025803847969454,-0.02102580384796502,0.5343808523870184,0.5343808523870824
48.5,0.37379672304725614,0.3737967230474045,-46.98758442481228,-46.98758442480322,-0.020927109800473482,-0.020927109800469,0.5310005841071088,0.5310005841071733
48.75,0.368577082644864,0.3685770826450137,-46.8552568180909,-46.85525681808179,-0.020830332952579703,-0.02083033295257517,0.5276202605398856,0.5276202605399506
49.0,0.363381396803687,0.363381396803838,-46.723774299059265,-46.72377429905011,-0.020735473312030208,-0.02073547331202563,0.524239882769879,0.5242398827699444
49.25,0.3582115012383216,0.358211501238474,-46.593137895819716,-46.59313789581052,-0.020624011512454896,-0.020624011512450264,0.5208513326379232,0.520851332637989
49.5,0.35306923089630826,0.3530692308964621,-46.46334863794937,-46.46334863794013,-0.020514471526687016,-0.020514471526682333,0.5174627199974543,0.5174627199975206
49.75,0.34795410532309656,0.34795410532325177,-46.33440654093947,-46.334406540930175,-0.020406853363489703,-0.020406853363484967,0.514074045935613,0.5140740459356797
50.0,0.34286564406196446,0.34286564406212106,-46.20631162000945,-46.20631162000011,-0.020301157031472346,-0.020301157031467558,0.5106853115395447,0.5106853115396118
50.25,0.3378054957295509,0.33780549572970886,-46.07906341898617,-46.07906341897679,-0.020180349579608577,-0.020180349579603737,0.5073002852569873,0.507300285257055
50.5,0.33277530929587273,0.33277530929603216,-45.95266148303063,-45.9526614830212,-0.02006146184318668,-0.020061461843181784,0.5039151911786438,0.5039151911787119
50.75,0.3277746048308775,0.3277746048310384,-45.82710582895603,-45.82710582894656,-0.0199444938317176,-0.01994449383171265,0.5005300303904677,0.5005300303905362
51.0,0.3228029024021541,0.32280290240231646,-45.70239647330408,-45.70239647329456,-0.019829445554558713,-0.01982944555455371,0.49714480397841837,0.4971448039784871
51.25,0.3178616768578154,0.3178616768579793,-45.57853165761553,-45.57853165760597,-0.01970067741940732,-0.019700677419402263,0.4937737093897441,0.493773709389813
51.5,0.3129524043823941,0.31295240438255945,-45.45550962463434,-45.45550962462474,-0.019573821004924358,-0.019573821004919247,0.4904025424997965,0.49040254249986565
51.75,0.30807460704445117,0.3080746070446181,-45.333330392300645,-45.333330392291,-0.019448876321258263,-0.019448876321253097,0.48703130439000697,0.48703130439007636
52.0,0.30322780691002993,0.30322780691019835,-45.211993978284234,-45.21199397827454,-0.019325843378404536,-0.019325843378399314,0.4836599961418126,0.4836599961418822
52.25,0.29841331761102896,0.2984133176111989,-45.09149748586652,-45.091497485856785,-0.0191903874414073,-0.019190387441402022,0.48031193042915654,0.4803119304292264
52.5,0.2936324549749741,0.29363245497514556,-44.97183801941036,-44.971838019400586,-0.019056830076629085,-0.019056830076623753,0.4769637886283302,0.4769637886284003
52.75,0.2888847443574718,0.2888847443576449,-44.85301559780356,-44.85301559779374,-0.018925171294754406,-0.018925171294749018,0.4736155718133273,0.4736155718133976
53.0,0.28416971111147654,0.2841697111116512,-44.735030239665406,-44.73503023965554,-0.018795411106315885,-0.01879541110631044,0.47026728105814747,0.47026728105821797
53.25,0.27948851947028164,0.2794885194704579,-44.61787805774149,-44.61787805773158,-0.01865443551214225,-0.018654435512136754,0.4669501610420166,0.4669501610420873
53.5,0.2748423366104872,0.27484233661066504,-44.50155516574572,-44.50155516573576,-0.018515340856979295,-0.018515340856973744,0.46363296181035,0.46363296181042096
53.75,0.2702306922959465,0.27023069229612595,-44.386061583348976,-44.386061583338964,-0.018378127151954513,-0.018378127151948906,0.4603156844271667,0.46031568442723786
54.0,0.2656531162877497,0.2656531162879308,-44.27139732995613,-44.27139732994607,-0.018242794408044914,-0.01824279440803925,0.45699832995649187,0.4569983299565633
54.25,0.26111063454324335,0.26111063454342615,-44.157557660706864,-44.15755766069675,-0.01809736945086969,-0.018097369450863977,0.4537190103270277,0.4537190103270994
54.5,0.2566042766103992,0.25660427661058366,-44.044537831604195,-44.044537831594035,-0.017953803916674414,-0.017953803916668645,0.45043960895901175,0.45043960895908364
54.75,0.2521335776320334,0.25213357763221955,-43.93233786295128,-43.932337862941075,-0.017812097816944237,-0.01781209781693841,0.4471601269042918,0.4471601269043639
55.0,0.2476980727481097,0.24769807274829742,-43.82095777478831,-43.820957774778066,-0.017672251163015563,-0.017672251163009682,0.44388056521472213,0.44388056521479446
55.25,0.24329866010504397,0.24329866010523327,-43.710392084158876,-43.71039208414859,-0.017523355741405167,-0.01752335574139923,0.4406449457829243,0.44064494578299684
55.5,0.2389362419969649,0.2389362419971558,-43.600635308872604,-43.60063530886227,-0.017376294885095348,-0.017376294885089356,0.4374092426423599,0.43740924264243275
55.75,0.23461035978107367,0.23461035978126618,-43.49168746972697,-43.491687469716595,-0.017231068605850886,-0.017231068605844838,0.43417345683081543,0.4341734568308885
56.0,0.23032055481164865,0.2303205548118428,-43.38354858725999,-43.38354858724957,-0.0170876769152898,-0.017087676915283692,0.43093758938608373,0.430937589386157
56.25,0.22606760726661304,0.22606760726680883,-43.27621254775825,-43.27621254774778,-0.016936204585995835,-0.01693620458598967,0.42775071234706824,0.42775071234714174
56.5,0.2218523019476469,0.22185230194784436,-43.169673238184345,-43.16967323817383,-0.016786539108741533,-0.016786539108735312,0.4245637501337341,0.4245637501338078
56.75,0.21767418714024067,0.21767418714043982,-43.06393067970409,-43.063930679693534,-0.016638680495500047,-0.016638680495493767,0.4213767037681907,0.42137670376826464
57.0,0.21353281112690956,0.2135328111271104,-42.958984893227786,-42.95898489321718,-0.016492628758099974,-0.01649262875809364,0.41818957427255427,0.4181895742726285
57.25,0.20942884536994225,0.20942884537014478,-42.854829230589814,-42.854829230579156,-0.01633939341650463,-0.01633939341649824,0.4150557123842404,0.4150557123843148
57.5,0.20536296635871487,0.20536296635891912,-42.751457044217375,-42.751457044206674,-0.016187934794211597,-0.01618793479420515,0.41192176431577837,0.41192176431585303
57.75,0.20133472991188434,0.20133472991209034,-42.64886835552988,-42.64886835551913,-0.016038252903337474,-0.016038252903330972,0.4087877310722321,0.40878773107230704
58.0,0.19734369184509615,0.19734369184530393,-42.54706318569546,-42.54706318568466,-0.015890347755856724,-0.015890347755850166,0.40565361365867236,0.4056536136587475
58.25,0.19339042359938,0.19339042359958955,-42.446034438400375,-42.446034438389525,-0.015736088968499613,-0.015736088968493,0.4025763501585018,0.4025763501585772
58.5,0.18947550198101995,0.18947550198123128,-42.34577501784692,-42.34577501783602,-0.015583574739053141,-0.015583574739046478,0.39949899989014026,0.39949899989021587
58.75,0.18559849084901028,0.18559849084922342,-42.246284945603776,-42.246284945592826,-0.01543280507971836,-0.015432805079711644,0.39642156384045857,0.3964215638405344
59.0,0.1817589540593125,0.18175895405952744,-42.14756424299292,-42.14756424298192,-0.01528378000255675,-0.015283780002549985,0.39334404299633435,0.3933440429964104
59.25,0.17795737119693145,0.1779573711971482,-42.04960544279565,-42.0496054427846,-0.01512916801507457,-0.015129168015067754,0.39032634400503213,0.3903263440051084
59.5,0.17419422749196983,0.1741942274921884,-41.952401078238566,-41.95240107822747,-0.014976266745251187,-0.014976266745244321,0.38730855803616815,0.38730855803624464
59.75,0.1704690952634811,0.17046909526370155,-41.85595117094508,-41.855951170933935,-0.014825076205318612,-0.014825076205311696,0.38429068605747024,0.384290686057547
60.0,0.16678154682747787,0.16678154682770013,-41.7602557422967,-41.7602557422855,-0.014675596407372,-0.014675596407365031,0.3812727290366733,0.3812727290367503
60.25,0.1631319775767511,0.16313197757697523,-41.665307023206616,-41.66530702319537,-0.014521236849280375,-0.014521236849273356,0.37831700913101607,0.3783170091310933
60.5,0.15952078877690537,0.15952078877713138,-41.57109724496828,-41.57109724495699,-0.014368552802370576,-0.014368552802363505,0.3753612023806343,0.37536120238071174
60.75,0.1559475615486156,0.1559475615488435,-41.4776264291744,-41.47762642916306,-0.014217544278857235,-0.014217544278850112,0.3724053097333402,0.37240530973341784
61.0,0.15241187700951983,0.15241187700974965,-41.384894597180725,-41.38489459716934,-0.014068211290820944,-0.01406821129081377,0.36944933213695275,0.3694493321370307
61.25,0.14891405354879833,0.14891405354903006,-41.29289373963983,-41.2928937396284,-0.013914649596842932,-0.013914649596835705,0.36655751371243683,0.36655751371251505
61.5,0.14545441560964179,0.14545441560987543,-41.20161584752484,-41.20161584751336,-0.013762727120337997,-0.013762727120330718,0.36366560888426946,0.3636656088843479
61.75,0.14203255338615997,0.14203255338639553,-41.111060942320755,-41.11106094230923,-0.013612443873459848,-0.013612443873452517,0.360773618579732,0.36077361857981066
62.0,0.1386480570694406,0.13864805706967814,-41.02122904528076,-41.02122904526919,-0.013463799868231053,-0.01346379986822367,0.35788154372611275,0.3578815437261917
62.25,0.13530117478326875,0.13530117478350825,-40.9321119616811,-40.93211196166948,-0.013311525434312453,-0.013311525434305017,0.355055110714783,0.35505511071486223
62.5,0.1319921608451938,0.13199216084543527,-40.8437014970639,-40.84370149705222,-0.013160853085475427,-0.013160853085467937,0.3522285920174808,0.35222859201756024
62.75,0.12872061473243598,0.12872061473267943,-40.755997672737365,-40.75599767272564,-0.013011782833773673,-0.013011782833766129,0.34940198854048227,0.3494019885405619
63.0,0.12548613591921812,0.12548613591946356,-40.66900050978314,-40.669000509771365,-0.012864314691132722,-0.012864314691125124,0.34657530119007046,0.34657530119015034
63.25,0.12228890857528128,0.1222889085755287,-40.58270167690414,-40.58270167689232,-0.012713764781864844,-0.012713764781857192,0.34381534764809374,0.34381534764817384
63.5,0.11912912316703378,0.11912912316728318,-40.49709284301922,-40.497092843007344,-0.012564779207614996,-0.01256477920760729,0.34105530938500206,0.3410553093850824
63.75,0.11600638860922864,0.11600638860948004,-40.41217402919802,-40.4121740291861,-0.012417357980301936,-0.012417357980294176,0.338295187285717,0.33829518728579755
64.0,0.11292031381365487,0.11292031381390827,-40.32794525628899,-40.32794525627702,-0.012271501111719272,-0.01227150111171146,0.3355349822351669,0.3355349822352477
64.25,0.10987102490281227,0.10987102490306769,-40.2443980997267,-40.24439809971468,-0.012123064534601437,-0.012123064534593572,0.3328422562685739,0.3328422562686549
64.5,0.10685865436607078,0.10685865436632823,-40.1615241351161,-40.16152413510403,-0.011976154120879271,-0.011976154120871352,0.33014944676554614,0.33014944676562735
64.75,0.10388282066110986,0.10388282066136936,-40.07932338323339,-40.079323383221265,-0.011830769882305518,-0.011830769882297545,0.3274565545894122,0.32745655458949363
65.0,0.10094314224268604,0.10094314224294759,-39.99779586463891,-39.99779586462674,-0.011686911830510831,-0.011686911830502805,0.32476358060350713,0.32476358060358884
65.25,0.09803969270949972,0.09803969270976336,-39.916933099835795,-39.91693309982358,-0.01154093239131482,-0.011540932391306739,0.3221385240584806,0.3221385240585625
65.5,0.09517255206837577,0.09517255206864149,-39.83672660945614,-39.83672660944388,-0.011396440695948423,-0.011396440695940289,0.3195133853561146,0.3195133853561968
65.75,0.09234134838190938,0.0923413483821772,-39.75717641393408,-39.75717641392177,-0.011253436755970894,-0.011253436755962704,0.3168881653380044,0.3168881653380868
66.0,0.08954570970982084,0.08954570971009077,-39.67828253349335,-39.67828253348099,-0.011111920582822461,-0.011111920582814216,0.31426286484575155,0.3142628648458342
66.25,0.08678566228722552,0.08678566228749757,-39.600036467555846,-39.60003646754343,-0.010968700335258102,-0.010968700335249803,0.31170564915154164,0.3117056491516245
66.5,0.0840612387730567,0.08406123877333088,-39.52242971563489,-39.52242971562243,-0.010826929317310318,-0.010826929317301965,0.3091483528499276,0.3091483528500107
66.75,0.08137207685849013,0.08137207685876646,-39.445462297779876,-39.445462297767364,-0.010686607540320706,-0.010686607540312299,0.30659097676071767,0.306590976760801
67.0,0.07871781423188065,0.07871781423215915,-39.36913423383521,-39.36913423382265,-0.010547735015514925,-0.010547735015506463,0.30403352170372644,0.30403352170381004
67.25,0.07609843458089022,0.0760984345811709,-39.29343703194235,-39.293437031929734,-0.010407537317429516,-0.010407537317420999,0.3015440802213912,0.301544080221475
67.5,0.07351392801018931,0.07351392801047218,-39.21836220030025,-39.21836220028759,-0.01026875037505859,-0.010268750375050017,0.2990545598305756,0.29905455983065965
67.75,0.0709639418294591,0.07096394182974418,-39.14390975853629,-39.14390975852358,-0.01013137419950502,-0.010131374199496392,0.29656496132932386,0.2965649613294081
68.0,0.06844812334561914,0.06844812334590644,-39.07007972607831,-39.07007972606555,-0.009995408801758818,-0.009995408801750134,0.29407528551568635,0.29407528551577083
68.25,0.06596641818914387,0.0659664181894334,-38.99686364593567,-38.99686364592286,-0.009858461189223613,-0.009858461189214875,0.2916533427140851,0.2916533427141698
68.5,0.06351877838096197,0.06351877838125375,-38.9242530611447,-38.924253061131836,-0.009722886017228594,-0.0097228860172198,0.2892313228316856,0.28923132283177055
68.75,0.061104860809580386,0.0611048608098744,-38.85224799087855,-38.85224799086564,-0.009588683296619691,-0.009588683296610842,0.28680922664485775,0.2868092266449429
69.0,0.05872432236080827,0.05872432236110453,-38.780848454116295,-38.780848454103335,-0.009455853038133046,-0.00945585303812414,0.2843870549299774,0.2843870549300628
69.25,0.056377074789676185,0.05637707478997471,-38.71004605159153,-38.71004605157852,-0.00932234992797033,-0.009322349927961368,0.282032152681513,0.28203215268159865
69.5,0.05406303619785599,0.05406303619815679,-38.63983238403749,-38.63983238402443,-0.009190181205409072,-0.009190181205400055,0.27967717528998504,0.2796771752900709
69.75,0.05178187298712342,0.05178187298742651,-38.57020747014558,-38.57020747013247,-0.009059346881022693,-0.00905934688101362,0.2773221235102373,0.27732212351032337
70.0,0.04953325155662419,0.049533251556929586,-38.501171328418515,-38.501171328405356,-0.008929846965277861,-0.008929846965268733,0.2749669980971195,0.2749669980972058
70.25,0.047317053675687275,0.04731705367599499,-38.432715637205646,-38.43271563719244,-0.008799952195850955,-0.00879995219584177,0.2726785193593649,0.2726785193594514
70.5,0.0451331674014502,0.045133167401760245,-38.36483207483157,-38.36483207481831,-0.00867135411340239,-0.00867135411339315,0.2703899675090616,0.27038996750914834
70.75,0.042981268560880255,0.042981268561192644,-38.29752065948273,-38.29752065946942,-0.00854405272821994,-0.008544052728210643,0.2681013432797267,0.26810134327981366
71.0,0.04086103297838574,0.04086103297870049,-38.23078140916219,-38.23078140914883,-0.00841804805048764,-0.008418048050478284,0.26581264740488314,0.26581264740497035
71.25,0.038772316051078164,0.038772316051395285,-38.164606097058616,-38.16460609704521,-0.008291897269912826,-0.008291897269903413,0.26358983753023524,0.26358983753032267
71.5,0.036714979392040076,0.036714979392359584,-38.0989864963142,-38.09898649630074,-0.008167005906005336,-0.008167005905995867,0.26136695665040915,0.2613669566504968
71.75,0.03468870814585364,0.034688708146175556,-38.03392262459117,-38.03392262457766,-0.008043373968756406,-0.008043373968746879,0.2591440054778387,0.2591440054779266
72.0,0.03269318745461581,0.03269318745494015,-37.96941449937366,-37.969414499360106,-0.007921001468056518,-0.007921001468046933,0.2569209847249634,0.2569209847250515
72.25,0.030728249695454703,0.03072824969578146,-37.90545400351445,-37.90545400350084,-0.007798704378386739,-0.0077987043783771,0.25476297061860775,0.2547629706186961
72.5,0.028793733378438754,0.028793733378767943,-37.84203301980069,-37.84203301978703,-0.0076776299325177376,-0.007677629932508044,0.25260488767664174,0.25260488767673034
72.75,0.026889332841404993,0.026889332841736627,-37.77915156535482,-37.77915156534112,-0.0075577781401353974,-0.00755777814012565,0.2504467365906973,0.25044673659078615
73.0,0.025014742419781206,0.0250147424201153,-37.7168096571264,-37.71680965711264,-0.007439149010827792,-0.00743914901081799,0.24828851805241192,0.24828851805250085
73.25,0.0231697745760072,0.02316977457634377,-37.654999300302634,-37.65499930028883,-0.007320791476203515,-0.007320791476193658,0.24619432537897892,0.24619432537906796
73.5,0.021354247812866423,0.02135424781320548,-37.59371249998838,-37.59371249997452,-0.007203620367332157,-0.0072036203673222455,0.24410006608823218,0.24410006608832133
73.75,0.019567865522746964,0.01956786552308852,-37.53294927275406,-37.532949272740154,-0.007087635693587335,-0.007087635693577369,0.2420057408513156,0.24200574085140486
74.0,0.017810331095705373,0.017810331096049445,-37.47270963500233,-37.47270963498838,-0.0069728374642477565,-0.006972837464237736,0.23991135033937838,0.23991135033946778
74.25,0.016081439951498827,0.01608143995184543,-37.41298572499218,-37.41298572497818,-0.006858483490502085,-0.00685848349049201,0.23787991896054755,0.23787991896063707
74.5,0.014380993449525517,0.014380993449874653,-37.353769680885634,-37.35376968087158,-0.0067452803278989365,-0.006745280327888806,0.2358484232190773,0.23584842321916696
74.75,0.012708703885865869,0.012708703886217552,-37.29506151869197,-37.29506151867787,-0.006633227985494494,-0.006633227985484309,0.23381686376596494,0.2338168637660547
75.0,0.01106428355434777,0.011064283554702016,-37.23686125425773,-37.23686125424358,-0.006522326472252881,-0.00652232647224264,0.23178524125221275,0.23178524125230263
75.25,0.009447513483782683,0.009447513484139506,-37.17916116791862,-37.17916116790442,-0.006412020064992096,-0.0064120200649818,0.22981543906101998,0.22981543906110996
75.5,0.007858180535122985,0.007858180535482397,-37.12195353990082,-37.12195353988657,-0.006302829498473074,-0.006302829498462723,0.2278455747869376,0.22784557478702772
75.75,0.006296005747089479,0.006296005747451492,-37.065238385646154,-37.06523838563185,-0.006194754781430995,-0.006194754781420588,0.2258756490611806,0.22587564906127083
76.0,0.0047607101562303295,0.004760710156594955,-37.00901572043863,-37.00901572042428,-0.006087795922511772,-0.00608779592250131,0.22390566251496888,0.22390566251505925
76.25,0.003252062844301265,0.003252062844668517,-36.95327797414512,-36.953277974130714,-0.005981562830265102,-0.005981562830254584,0.22199629781754238,0.22199629781763286
76.5,0.0017698386120725625,0.001769838612442453,-36.89801757651225,-36.8980175764978,-0.0058764112863181036,-0.00587641128630753,0.22008687333173335,0.22008687333182395
76.75,0.00031376707141599297,0.00031376707178853546,-36.843234542410656,-36.843234542396154,-0.0057723412990828395,-0.005772341299072211,0.21817738966935804,0.21817738966944875
77.0,-0.0011164221678888722,-0.0011164221675136633,-36.788928886558,-36.78892888654344,-0.005669352876884847,-0.005669352876874163,0.2162678474422374,0.21626784744232821
77.25,-0.0025209697232480067,-0.0025209697228701167,-36.73509319442088,-36.73509319440627,-0.0055672022255244405,-0.005567202225513701,0.2144176800240082,0.21441768002409914
77.5,-0.003900110610758659,-0.0039001106103780736,-36.68172005133673,-36.68172005132207,-0.005466099535452,-0.005466099535441205,0.21256745511726544,0.2125674551173565
77.75,-0.005254106821755587,-0.005254106821372291,-36.62880947160358,-36.628809471588866,-0.005366044814755679,-0.005366044814744828,0.21071717331482562,0.21071717331491682
78.0,-0.006583220349585106,-0.006583220349199085,-36.57636146937125,-36.576361469356485,-0.005267038071439797,-0.0052670380714288905,0.20886683520950983,0.20886683520960114
78.25,-0.007887699447610776,-0.007887699447222013,-36.524368790537956,-36.524368790523134,-0.00516896389571023,-0.005168963895699268,0.2070745862104852,0.20707458621057664
78.5,-0.009167786889238479,-0.00916778688884696,-36.47282418086535,-36.47282418085048,-0.0050719048215569435,-0.005071904821545925,0.2052822820196472,0.20528228201973878
78.75,-0.01042373645083456,-0.010423736450440271,-36.421727654079625,-36.421727654064696,-0.004975860856744605,-0.004975860856733531,0.2034899232112241,0.20348992321131582
79.0,-0.011655801910696382,-0.011655801910299309,-36.37107922376338,-36.3710792237484,-0.0048808320089566756,-0.004880832008945545,0.20169751035944852,0.20169751035954034
79.25,-0.012864237268845594,-0.012864237268445723,-36.32087179997649,-36.32087179996146,-0.004786814686619828,-0.004786814686608641,0.19996187107179625,0.1999618710718882
79.5,-0.014049291169510128,-0.014049291169107445,-36.271098292636346,-36.27109829262126,-0.004693780350326251,-0.004693780350315008,0.19822617887814137,0.19822617887823343
79.75,-0.015211209360132778,-0.015211209359727267,-36.22175871489994,-36.22175871488481,-0.0046017290075186365,-0.0046017290075073365,0.19649043433454477,0.19649043433463698
80.0,-0.01635023759000718,-0.01635023758959882,-36.172853079785256,-36.17285307977007,-0.004510660665561036,-0.004510660665549679,0.1947546379970716,0.19475463799716392
80.25,-0.017466633880131095,-0.017466633879719876,-36.12437446426408,-36.12437446424884,-0.004420668259354173,-0.00442066825934276,0.19307427768794022,0.19307427768803267
80.5,-0.018560651021945273,-0.018560651021531177,-36.076315945161156,-36.07631594514586,-0.004331627480276681,-0.0043316274802652115,0.19139386674076458,0.19139386674085715
80.75,-0.019632526923124043,-0.019632526922707057,-36.0286775350687,-36.028677535053355,-0.0042435383354517695,-0.004243538335440243,0.1897134056938663,0.18971340569395898
81.0,-0.020682499493113023,-0.020682499492693133,-35.981459246444366,-35.98145924642897,-0.0041564008319265175,-0.004156400831914935,0.188032895085571,0.1880328950856638
81.25,-0.021710829202011495,-0.021710829201588688,-35.93465432505271,-35.934654325037265,-0.004070390344246164,-0.004070390344234525,0.18640646793866927,0.1864064679387622
81.5,-0.02271777141801437,-0.02271777141758863,-35.88825601650791,-35.88825601649241,-0.003985300889902388,-0.003985300889890691,0.18477999239757503,0.18477999239766807
81.75,-0.023703556400308214,-0.02370355639987953,-35.842264332843385,-35.84226433282784,-0.0039011324757022934,-0.0039011324756905424,0.18315346898330337,0.18315346898339654
82.0,-0.02466841440977216,-0.024668414409340516,-35.7966792859623,-35.7966792859467,-0.0038178851083793056,-0.0038178851083674995,0.18152689821687326,0.18152689821696658
82.25,-0.025612606938185022,-0.025612606937750405,-35.75149429153314,-35.75149429151749,-0.0037358036533251724,-0.003735803653313311,0.17995304947782134,0.17995304947791477
82.5,-0.026536390503908297,-0.026536390503470692,-35.70670276507175,-35.70670276505605,-0.0036546134079510893,-0.003654613407939173,0.17837915455872977,0.17837915455882333
82.75,-0.027439987910175382,-0.027439987909734776,-35.66230471806013,-35.662304718044375,-0.003574314378752228,-0.0035743143787402565,0.17680521396374285,0.17680521396383653
83.0,-0.02832362196183455,-0.02832362196139093,-35.61830016185422,-35.61830016183842,-0.0034949065721524624,-0.0034949065721404356,0.17523122819700854,0.17523122819710235
83.25,-0.029187553880467735,-0.029187553880021085,-35.57468268245791,-35.57468268244206,-0.0034166924694096633,-0.003416692469397581,0.17370859959949153,0.17370859959958546
83.5,-0.030032040043047593,-0.0300320400425979,-35.53144586572122,-35.53144586570531,-0.003339340524762932,-0.003339340524750794,0.1721859270014146,0.17218592700150867
83.75,-0.03085729598987309,-0.03085729598942034,-35.488589722583306,-35.48858972256735,-0.003262850744400378,-0.0032628507443881846,0.170663210890488,0.17066321089058217
84.0,-0.03166353726278161,-0.03166353726232577,-35.44611426386143,-35.446114263845416,-0.0031872231344411382,-0.0031872231344288893,0.16914045175442538,0.1691404517545197
84.25,-0.032451023648321,-0.03245102364786206,-35.40401324572796,-35.40401324571189,-0.0031128069290147884,-0.0031128069290024835,0.1676676862974859,0.16766768629758036
84.5,-0.03322001021710673,-0.033220010216644676,-35.36228042420107,-35.36228042418494,-0.0030392246013985543,-0.0030392246013861935,0.1661948789803949,0.16619487898048949
84.75,-0.03397070543932854,-0.033970705438863366,-35.32091580968683,-35.320915809670645,-0.0029664761574789787,-0.002966476157466562,0.1647220302748648,0.1647220302749595
85.0,-0.03470331778663947,-0.03470331778617115,-35.27991941247339,-35.279919412457154,-0.0028945616030758934,-0.0028945616030634207,0.1632491406526113,0.16324914065270615
85.25,-0.03541810456467398,-0.03541810456420251,-35.23928515820961,-35.239285158193326,-0.002823867015008903,-0.0028238670149963742,0.16182488679259807,0.16182488679269305
85.5,-0.03611531849128321,-0.036115318490808575,-35.19900697239068,-35.199006972374335,-0.002753978792610888,-0.002753978792598303,0.16040059316990862,0.1604005931700037
85.75,-0.03679516115858463,-0.03679516115810681,-35.15908486490023,-35.15908486488384,-0.0026848969414728654,-0.002684896941460224,0.15897626024069214,0.15897626024078737
86.0,-0.03745783416008539,-0.03745783415960438,-35.11951884550789,-35.11951884549144,-0.0026166214671213416,-0.002616621467108644,0.157551888461101,0.15755188846119633
86.25,-0.038103591385880355,-0.03810359138539613,-35.08030300818801,-35.080303008171505,-0.00254956627486644,-0.002549566274853686,0.15617480377607018,0.15617480377616563
86.5,-0.038732682265555485,-0.03873268226506804,-35.04143144676251,-35.04143144674595,-0.002483290699051591,-0.0024832906990387804,0.1547976813795429,0.15479768137963848
86.75,-0.03934530170388485,-0.039345301703394175,-35.00290417060414,-35.002904170587534,-0.002417794744978801,-0.0024177947449659336,0.15342052171253664,0.15342052171263237
87.0,-0.039941644606960224,-0.0399416446064663,-34.96472118897539,-34.964721188958734,-0.0023530784178877073,-0.002353078417874783,0.15204332521607197,0.1520433252161678
87.25,-0.04052196061863411,-0.04052196061813692,-34.92687676262562,-34.926876762608906,-0.002289575278928579,-0.002289575278915598,0.15071207959510907,0.15071207959520502
87.5,-0.041086495048348125,-0.04108649504784765,-34.88936515215366,-34.88936515213689,-0.002226825763050409,-0.0022268257630373716,0.14938079826463502,0.1493807982647311
87.75,-0.04163543630250125,-0.04163543630199748,-34.8521863664336,-34.852186366416774,-0.002164829875273122,-0.0021648298752600277,0.14804948165096327,0.14804948165105947
88.0,-0.04216897278873993,-0.042168972788232846,-34.81534041423295,-34.81534041421607,-0.0021035876205563516,-0.0021035876205432007,0.14671813018041008,0.1467181301805064
88.25,-0.04268734917092347,-0.042687349170413065,-34.77882172117963,-34.7788217211627,-0.0020435448326770484,-0.0020435448326638407,0.14543140858535297,0.1454314085854494
88.5,-0.04319080590316049,-0.04319080590264675,-34.74262471275357,-34.74262471273658,-0.001984230421779927,-0.0019842304217666624,0.144144653231107,0.14414465323120354
88.75,-0.043679525080290896,-0.0436795250797738,-34.70674939734304,-34.706749397326,-0.0019256443926101046,-0.0019256443925967839,0.14285786452970423,0.14285786452980087
89.0,-0.044153688798333576,-0.04415368879781312,-34.67119578323334,-34.67119578321625,-0.0018677867498544294,-0.0018677867498410523,0.14157104289317937,0.14157104289327613
89.25,-0.044613536097729695,-0.04461353609720586,-34.63595845873675,-34.635958458719614,-0.0018111089563024596,-0.0018111089562890261,0.14032754773597006,0.14032754773606693
89.5,-0.045059301932167097,-0.045059301931639865,-34.601032012020596,-34.6010320120034,-0.0017551350309357291,-0.0017551350309222395,0.13908402071616097,0.13908402071625794
89.75,-0.045491162269253003,-0.045491162268722365,-34.56641645100074,-34.56641645098349,-0.0016998649782321192,-0.0016998649782185731,0.13784046223191987,0.13784046223201696
90.0,-0.04590929307770707,-0.04590929307717301,-34.53211178349352,-34.53211178347622,-0.0016452988026132008,-0.0016452988025995982,0.13659687268141704,0.13659687268151424
90.25,-0.04631392721515294,-0.04631392721461545,-34.49811275804684,-34.498112758029485,-0.001591887644195699,-0.0015918876441820397,0.13539532585652658,0.13539532585662392
90.5,-0.0467052935736033,-0.046705293573062356,-34.46441412306707,-34.464414123049664,-0.0015391565713566667,-0.0015391565713429509,0.13419374901019068,0.13419374901028813
90.75,-0.0470835621749812,-0.04708356217443679,-34.4310158860115,-34.431015885994036,-0.0014871055883145588,-0.0014871055883007864,0.1329921425271236,0.13299214252722116
91.0,-0.047448903042257504,-0.047448903041709616,-34.39791805424121,-34.397918054223695,-0.001435734699233423,-0.0014357346992195938,0.131790506792042,0.13179050679213966
91.25,-0.04780154236889153,-0.04780154236834015,-34.36511553387521,-34.36511553385765,-0.0013854894163508418,-0.0013854894163369557,0.13062965139887137,0.13062965139896918
91.5,-0.04814170250185585,-0.04814170250130096,-34.33260323089489,-34.332603230877275,-0.001335901150541288,-0.001335901150527345,0.12946876776861357,0.12946876776871152
91.75,-0.04846954769591569,-0.04846954769535728,-34.30038115231305,-34.30038115229539,-0.0012869699057717935,-0.0012869699057577934,0.12830785627293337,0.12830785627303143
92.0,-0.04878524220682146,-0.04878524220625952,-34.26844930504959,-34.26844930503188,-0.0012386956859568286,-0.0012386956859427715,0.12714691728349767,0.12714691728359587
92.25,-0.04908900515489824,-0.049089005154332746,-34.2368027499492,-34.236802749931435,-0.0011915136733043226,-0.0011915136732902083,0.12602551907139947,0.12602551907149778
92.5,-0.04938105193095382,-0.04938105193038477,-34.20543654772313,-34.20543654770532,-0.0011449663104121815,-0.00114496631039801,0.12490409434872864,0.124904094348827
92.75,-0.04966154119789484,-0.04966154119732221,-34.17435070495416,-34.174350704936295,-0.0010990536010041668,-0.001099053600989938,0.12378264347449697,0.1237826434745954
93.0,-0.0499306316195525,-0.04993063161897628,-34.14354522813529,-34.143545228117375,-0.001053775548753268,-0.0010537755487389818,0.12266116680771842,0.12266116680781691
93.25,-0.05018853490114694,-0.050188534900567114,-34.113015329841595,-34.11301532982363,-0.0010095528653843455,-0.0010095528653700022,0.12157801537258382,0.12157801537268238
93.5,-0.050435459133082616,-0.050435459132499166,-34.082756222519244,-34.08275622250123,-0.000965943152068719,-0.0009659431520543188,0.12049483909478788,0.12049483909488651
93.75,-0.05067155755830997,-0.05067155755772288,-34.052767912335554,-34.05276791231749,-0.0009229464122951399,-0.0009229464122806827,0.11941163832107853,0.11941163832117721
94.0,-0.0508969834206455,-0.05089698342005476,-34.023050405371166,-34.02305040535305,-0.0008805626495033217,-0.0008805626494888076,0.11832841339820564,0.11832841339830438
94.25,-0.051111940730136945,-0.051111940729542546,-33.99359906281425,-33.99359906279607,-0.000839194486789138,-0.0008391944867745669,0.11728232315704176,0.11728232315714057
94.5,-0.051316629994357904,-0.05131662999375982,-33.96440924572883,-33.9644092457106,-0.0007984182878870224,-0.0007984182878723943,0.11623620968202984,0.11623620968212872
94.75,-0.05151119920467013,-0.05151119920406835,-33.93548095988152,-33.93548095986323,-0.0007582340560590467,-0.0007582340560443615,0.11519007330803488,0.11519007330813383
95.0,-0.05169579635324499,-0.05169579635263951,-33.90681421095519,-33.906814210936844,-0.0007186417945199256,-0.0007186417945051832,0.11414391436992367,0.11414391437002269
95.25,-0.05187061753196898,-0.051870617531359776,-33.87840450553667,-33.878404505518276,-0.0006800229044252686,-0.0006800229044104691,0.11313372533731364,0.11313372533741273
95.5,-0.05203585544016252,-0.05203585543954958,-33.85024735009359,-33.85024735007514,-0.0006419756307874902,-0.0006419756307726335,0.1121235146203182,0.11212351462041735
95.75,-0.052191652982321264,-0.05219165298170458,-33.82234275000663,-33.822342749988124,-0.0006044999766503497,-0.0006044999766354357,0.11111328254229208,0.1111132825423913
96.0,-0.052338153063696075,-0.05233815306307562,-33.794690710575615,-33.794690710557056,-0.0005675959450118771,-0.0005675959449969058,0.11010302942659178,0.11010302942669108
96.25,-0.052475543687538,-0.05247554368691377,-33.767286880496506,-33.7672868804779,-0.0005316210309962879,-0.0005316210309812592,0.10912760781465733,0.10912760781475668
96.5,-0.05260400957195004,-0.052604009571322025,-33.74012690835117,-33.74012690833251,-0.0004961980300488235,-0.0004961980300337373,0.1081521660084177,0.10815216600851713
96.75,-0.05272368869555439,-0.05272368869492256,-33.71321079914917,-33.71321079913045,-0.0004613269450033025,-0.0004613269449881592,0.10717670432008174,0.10717670432018123
97.0,-0.05283471903767615,-0.0528347190370405,-33.68653855782198,-33.68653855780322,-0.0004270077786493914,-0.00042700777863419084,0.10620122306185985,0.1062012230619594
97.25,-0.05293728039065778,-0.05293728039001829,-33.66010597182981,-33.66010597181099,-0.0003935718513945388,-0.000393571851379281,0.10525946172328143,0.10525946172338105
97.5,-0.05303154936657986,-0.05303154936593652,-33.633908828523985,-33.63390882850512,-0.00036066876261524127,-0.00036066876259992616,0.10431768162126524,0.10431768162136493
97.75,-0.0531176591753912,-0.053117659174743995,-33.607947132557705,-33.60794713253878,-0.00032829851494372637,-0.0003282985149283539,0.10337588305722988,0.10337588305732963
98.0,-0.053195743027693324,-0.05319574302704224,-33.582220888508786,-33.58222088848981,-0.00029646111096959466,-0.0002964611109541648,0.1024340663325954,0.10243406633269521
98.25,-0.05326597242677464,-0.05326597242611966,-33.55672601921883,-33.55672601919979,-0.0002654598110316084,-0.0002654598110161211,0.10152488506436892,0.10152488506446879
98.5,-0.053328515797987384,-0.0533285157973285,-33.53145844742592,-33.53145844740683,-0.00023497288843100917,-0.0002349728884154645,0.10061568640471118,0.10061568640481111
98.75,-0.053383501735971645,-0.05338350173530884,-33.50641817744154,-33.5064181774224,-0.0002050003456067327,-0.0002050003455911307,0.09970647064459755,0.09970647064469755
99.0,-0.05343105883597207,-0.053431058835305335,-33.48160521350444,-33.48160521348524,-0.00017554218495656468,-0.00017554218494090525,0.09879723807500479,0.09879723807510485
99.25,-0.05347135027436237,-0.05347135027369168,-33.457015610432336,-33.45701561041308,-0.00014687207434417154,-0.00014687207432845467,0.09791958379890857,0.0979195837990087
99.5,-0.053504536249328494,-0.05350453624865384,-33.43264542294483,-33.43264542292552,-0.00011869847794213527,-0.00011869847792636098,0.09704191344504359,0.09704191344514379
99.75,-0.053530740889705594,-0.05353074088902696,-33.40849465502625,-33.40849465500688,-9.102139800432689e-05,-9.102139798849513e-05,0.09616422729428031,0.09616422729438058
100.0,-0.05355008832488733,-0.0535500883242047,-33.38456331059072,-33.384563310571295,-6.384083674489635e-05,-6.384083672900707e-05,0.09528652562749045,0.09528652562759078
100.25,-0.05356273340317431,-0.053562733402487676,-33.360847573225946,-33.36084757320646,-3.739966180119137e-05,-3.7399661785244564e-05,0.09443937079795738,0.09443937079805778
100.5,-0.05356882809200078,-0.05356882809131013,-33.33734362642692,-33.33734362640739,-1.1437721410210523e-05,-1.1437721394206157e-05,0.09359220114663991,0.09359220114674037
100.75,-0.05356849220026535,-0.05356849219957067,-33.31405147386521,-33.31405147384562,1.4044982351106377e-05,1.4044982367168338e-05,0.09274501694463362,0.09274501694473414
101.0,-0.053561845537381046,-0.05356184553668232,-33.2909711191446,-33.290971119124954,3.9048447444158164e-05,3.904844746027777e-05,0.09189781846303526,0.09189781846313584
101.25,-0.05354903465579916,-0.05354903465509637,-33.268098870976736,-33.26809887095703,6.336151839996592e-05,6.336151841614323e-05,0.09108016458774774,0.0910801645878484
101.5,-0.053530203321667226,-0.053530203320960354,-33.24543103798598,-33.24543103796622,8.721206752343199e-05,8.721206753966705e-05,0.09026249708978172,0.09026249708988245
101.75,-0.05350546716568261,-0.05350546716497164,-33.222967623545294,-33.222967623525484,0.0001106000929065266,0.00011060009292281945,0.08944481623077861,0.08944481623087941
102.0,-0.05347494181901504,-0.05347494181829997,-33.20070863096223,-33.20070863094237,0.0001335255926782216,0.00013352559269457236,0.08862712227238094,0.08862712227248179
102.25,-0.05343876560031584,-0.05343876559959664,-33.178650490661695,-33.17865049064178,0.00015580976363254316,0.00015580976364895182,0.08783799803108489,0.0878379980311858
102.5,-0.05339707413391411,-0.053397074133190774,-33.15678963298668,-33.156789632966714,0.000177647574004289,0.00017764757402075564,0.08704886131025415,0.08704886131035514
102.75,-0.053349979010174624,-0.05334997900944713,-33.13512606102552,-33.135126061005494,0.00019903902204644727,0.00019903902206297192,0.08625971236238797,0.08625971236248903
103.0,-0.05329759181989443,-0.053297591819162764,-33.11365977780339,-33.11365977778332,0.00021998410604771485,0.00021998410606429756,0.08547055143998657,0.0854705514400877
103.25,-0.053240042737001114,-0.053240042736265265,-33.09238733208958,-33.09238733206946,0.00024033676797911255,0.00024033676799575337,0.08470901235176148,0.08470901235186266
103.5,-0.05317745933053221,-0.05317745932979216,-33.071305272576815,-33.07130527255664,0.000260258694383943,0.00026025869440064205,0.08394746187220475,0.083947461872306
103.75,-0.05310994928456929,-0.053109949283825036,-33.05041360208248,-33.05041360206225,0.00027974988366846396,0.00027974988368522133,0.08318590024497675,0.08318590024507808
104.0,-0.05303762028358806,-0.053037620282839586,-33.02971232336302,-33.02971232334274,0.0002988103342733919,0.0002988103342902076,0.08242432771373873,0.08242432771384012
104.25,-0.05296059447008604,-0.05296059446933332,-33.00919810019366,-33.00919810017332,0.00031732690194439855,0.00031732690196127264,0.08168945589553625,0.0816894558956377
104.5,-0.05287899146857647,-0.0528789914678195,-32.98886759627836,-32.988867596257975,0.00033542783808962576,0.00033542783810655823,0.08095457372037801,0.08095457372047953
104.75,-0.0527929151871225,-0.05279291518636126,-32.96872081417698,-32.96872081415654,0.00035311314126100935,0.0003531131412780003,0.08021968142338025,0.08021968142348183
105.0,-0.05270246953414514,-0.05270246953337962,-32.94875775639059,-32.9487577563701,0.0003703828100437356,0.0003703828100607851,0.07948477923966,0.07948477923976166
105.25,-0.05260773851294984,-0.05260773851218003,-32.92881481207944,-32.92881481205889,0.00038751949118541717,0.00038751949120252523,0.08005877363402739,0.0800587736341291
105.5,-0.05250868272277656,-0.05250868272200243,-32.90872837038909,-32.908728370368486,0.0004049809616369853,0.0004049809616541519,0.08063275824259594,0.08063275824269772
105.75,-0.05240522096647189,-0.05240522096569344,-32.88849843378897,-32.888498433768305,0.00042276722000153267,0.0004227672200187579,0.08120673288163818,0.08120673288174003
106.0,-0.05229727204723491,-0.05229727204645211,-32.86812500479441,-32.868125004773695,0.0004408782648561692,0.00044087826487345305,0.08178069736742741,0.08178069736752933
106.25,-0.05218478172814483,-0.05218478172735768,-32.84762171103817,-32.8476217110174,0.00045908814194598954,0.0004590881419633321,0.08224565096573105,0.08224565096583304
106.5,-0.05206770604928219,-0.05206770604849067,-32.827002180176194,-32.82700218015537,0.00047756114279211574,0.0004775611428095171,0.08271059418858842,0.08271059418869048
106.75,-0.0519459792298922,-0.051945979229096294,-32.80626641482093,-32.80626641480006,0.0004962972659167186,0.0004962972659341789,0.08317552688715521,0.08317552688725732
107.0,-0.051819535489592165,-0.05181953548879186,-32.78541441762207,-32.78541441760114,0.0005152965098209195,0.0005152965098384389,0.08364044891258794,0.08364044891269012
107.25,-0.05168834700984932,-0.0516883470090446,-32.764458874784914,-32.764458874763925,0.0005342456147276458,0.0005342456147452242,0.08400389199827804,0.08400389199838028
107.5,-0.051552395538988896,-0.05155239553817975,-32.74341247252108,-32.74341247250003,0.0005534004385074945,0.000553400438525132,0.08436732430658948,0.08436732430669179
107.75,-0.051411629647483824,-0.05141162964667023,-32.72227521353946,-32.72227521351836,0.0005727609796280912,0.0005727609796457878,0.08473074572115098,0.08473074572125336
108.0,-0.05126599790619217,-0.051265997905374124,-32.701047100578045,-32.701047100556885,0.000592327236540604,0.0005923272365583598,0.0850941561255921,0.08509415612569454
108.25,-0.05111549585001647,-0.05111549584919395,-32.67973991714143,-32.679739917120216,0.000611714612878412,0.0006117146128962271,0.08536330953956589,0.08536330953966839
108.5,-0.05096012789981112,-0.05096012789898412,-32.65836544672581,-32.658365446704536,0.0006312543885182387,0.000631254388536113,0.08563245194331918,0.08563245194342176
108.75,-0.05079985595594577,-0.05079985595511426,-32.636923692094506,-32.636923692073175,0.0006509465618969134,0.0006509465619148472,0.08590158325064269,0.08590158325074533
109.0,-0.05063464191918237,-0.050634641918346344,-32.61541465603241,-32.61541465601102,0.0006707911314390743,0.0006707911314570675,0.08617070337532799,0.08617070337543069
109.25,-0.050464501804809395,-0.05046450180396884,-32.59384925763302,-32.59384925761158,0.0006903469489543515,0.0006903469489724041,0.08635248197614705,0.08635248197624981
109.5,-0.050289459862065754,-0.050289459861220645,-32.572238415968656,-32.57223841594716,0.0007100057581429801,0.0007100057581610923,0.08653424948543578,0.08653424948553862
109.75,-0.05010949034322952,-0.05010949034237985,-32.55058213381948,-32.55058213379793,0.0007297675574322672,0.0007297675574504389,0.08671600584493397,0.08671600584503687
110.0,-0.04992456750097298,-0.049924567500118734,-32.528880413980225,-32.52888041395862,0.0007496323452412804,0.0007496323452595116,0.08689775099638228,0.08689775099648525
110.25,-0.0497347251448111,-0.04973472514395226,-32.507143348905444,-32.50714334888379,0.0007691160583453919,0.0007691160583636827,0.0869987677650186,0.08699876776512164
110.5,-0.04954000469471955,-0.0495400046938561,-32.48538103101756,-32.485381030995846,0.0007886570964184517,0.0007886570964368021,0.08709977349582931,0.08709977349593241
110.75,-0.049340391819651414,-0.049340391818783344,-32.46359346308008,-32.46359346305831,0.0008082554578971883,0.0008082554579155984,0.08720076815638708,0.08720076815649024
111.0,-0.04913587218895115,-0.049135872188078446,-32.44178064786462,-32.4417806478428,0.0008279111412137444,0.0008279111412322142,0.08730175171426545,0.08730175171436867
111.25,-0.04892649490171574,-0.048926494900838384,-32.41995188836932,-32.41995188834745,0.0008471096952723524,0.0008471096952908818,0.08732832243817291,0.08732832243827619
111.5,-0.048712316072077655,-0.04871231607119564,-32.39811648755094,-32.398116487529016,0.000866323480179021,0.0008663234801976103,0.08735488229747046,0.0873548822975738
111.75,-0.048493331892517,-0.048493331891630305,-32.376274448126715,-32.37627444810474,0.0008855524943966591,0.0008855524944153082,0.08738143128354267,0.08738143128364607
112.0,-0.04826953855589829,-0.0482695385550069,-32.35442577281602,-32.35442577279399,0.0009047967363869569,0.0009047967364056659,0.08740796938777504,0.08740796938787851
112.25,-0.04804099812209243,-0.04804099812119632,-32.33257901168905,-32.332579011666965,0.0009235228248412991,0.000923522824860068,0.08736611786260023,0.08736611786270376
112.5,-0.047807779098149476,-0.047807779097248634,-32.310742714766945,-32.31074271474481,0.0009422254572341122,0.0009422254572529411,0.08732425575102369,0.08732425575112729
112.75,-0.04756988734827188,-0.0475698873473663,-32.28891688469466,-32.28891688467247,0.0009609046320691968,0.0009609046320880857,0.08728238306631454,0.08728238306641821
113.0,-0.04732732873703591,-0.04732732873612557,-32.267101524113805,-32.26710152409156,0.0009795603478522299,0.000979560347871179,0.08724049982174276,0.08724049982184649
113.25,-0.0470801761261854,-0.04708017612527028,-32.24530446598384,-32.24530446596154,0.0009976507227549408,0.0009976507227739506,0.08713596351250649,0.0871359635126103
113.5,-0.04682850828381726,-0.046828508282897356,-32.22353354320898,-32.22353354318662,0.001015682199752393,0.0010156821997714634,0.08703141698650549,0.08703141698660935
113.75,-0.046572339934588224,-0.04657233993366352,-32.20178875833924,-32.20178875831682,0.001033654777402079,0.00103365477742121,0.0869268602770577,0.08692686027716164
114.0,-0.04631168580351506,-0.04631168580258553,-32.18007011391632,-32.180070113893855,0.0010515684542662033,0.001051568454285395,0.08682229341748193,0.08682229341758593
114.25,-0.046046627559089885,-0.04604662755815553,-32.158384760844555,-32.15838476082203,0.001068882292354724,0.0010688822923739763,0.08666052952442518,0.08666052952452925
114.5,-0.04577725226178562,-0.04577725226084641,-32.136739849968166,-32.13673984994559,0.0010861048770687586,0.0010861048770880717,0.0864987558630291,0.08649875586313324
114.75,-0.045503582725118244,-0.04550358272417418,-32.115135383722794,-32.115135383700164,0.0011032362070305109,0.0011032362070498847,0.08633697248491458,0.08633697248501879
115.0,-0.045225641762947306,-0.045225641761998364,-32.093571364531165,-32.09357136450848,0.0011202762808694843,0.001120276280888919,0.0861751794417033,0.08617517944180758
115.25,-0.04494351801287828,-0.044943518011924435,-32.072054295492585,-32.07205429546984,0.0011366936068739819,0.0011366936068934773,0.0859613713192323,0.08596137131933665
115.5,-0.0446573050159694,-0.04465730501501065,-32.05059067964265,-32.05059067961985,0.0011529902553701738,0.0011529902553897302,0.08574755394388626,0.08574755394399068
115.75,-0.04436703294176092,-0.04436703294079724,-32.02918051928606,-32.0291805192632,0.001169166225054338,0.0011691662250739553,0.08553372738393084,0.08553372738403532
116.0,-0.044072731960117795,-0.04407273195914918,-32.00782381671041,-32.0078238166875,0.0011852215146324063,0.0011852215146520846,0.08531989170763236,0.0853198917077369
116.25,-0.043774495991212574,-0.043774495990239005,-31.98652646061674,-31.986526460593783,0.001200641683124776,0.0012006416831445153,0.08505895558799456,0.08505895558809917
116.5,-0.04347242339534902,-0.043472423394370484,-31.965294339639872,-31.96529433961687,0.0012159145300944738,0.001215914530114274,0.08479801078709316,0.08479801078719783
116.75,-0.04316655100306077,-0.04316655100207725,-31.944127455939704,-31.944127455916664,0.0012310400543196808,0.0012310400543395423,0.08453705738826582,0.08453705738837056
117.0,-0.04285691564518545,-0.04285691564419693,-31.923025811655304,-31.923025811632222,0.0012460182545903642,0.0012460182546102868,0.08427609547485092,0.08427609547495572
117.25,-0.042543614982528406,-0.04254361498153487,-31.90199471362056,-31.901994713597436,0.0012603584913170823,0.0012603584913370661,0.08397268745116315,0.08397268745126801
117.5,-0.04222675067724907,-0.0422267506762505,-31.881039468601703,-31.88103946857854,0.0012745273953786655,0.0012745273953987104,0.08366927136390252,0.08366927136400745
117.75,-0.041906365562655694,-0.04190636556165208,-31.86016007860251,-31.860160078579305,0.0012885249656416097,0.0012885249656617158,0.08336584730998939,0.08336584731009439
118.0,-0.041582502472338204,-0.041582502471329524,-31.839356545602534,-31.839356545579285,0.001302351200986118,0.0013023512010062852,0.08306241538634475,0.08306241538644982
118.25,-0.04125526140389516,-0.0412552614028814,-31.818633626197187,-31.8186336261739,0.0013155452042969192,0.0013155452043171478,0.08272093861254701,0.08272093861265215
118.5,-0.04092474594136428,-0.040924745940345425,-31.797996076913698,-31.797996076890367,0.0013285463535142022,0.0013285463535344924,0.08237945442966871,0.08237945442977392
118.75,-0.040591004298399264,-0.040591004297375305,-31.7774438995907,-31.777443899567327,0.0013413546475978828,0.0013413546476182343,0.08203796294680449,0.08203796294690976
119.0,-0.04025408468891193,-0.04025408468788284,-31.756977096039552,-31.75697709601614,0.001353970085523305,0.001353970085543718,0.08169646427304957,0.08169646427315491
119.25,-0.03991408817502314,-0.039914088173988914,-31.7365999033214,-31.736599903297947,0.00136596668820377,0.0013659666882242447,0.0813210763411696,0.08132107634127501
119.5,-0.03957111901354154,-0.039571119012502154,-31.716316558429508,-31.716316558406014,0.001377751266107285,0.0013777512661278214,0.08094568168298091,0.0809456816830864
119.75,-0.03922523021077955,-0.039225230209735,-31.696127063030456,-31.696127063006923,0.001389323818291091,0.0013893238183116888,0.08057028041842267,0.08057028041852822
120.0,-0.038876474773283196,-0.03887647477223346,-31.676031418760846,-31.676031418737274,0.0014006843438293902,0.00140068434385005,0.08019487266743452,0.08019487266754015
120.25,-0.03852495368048784,-0.038524953679432906,-31.65603337290994,-31.656033372886327,0.001411446235368449,0.0014114462353891704,0.07978949312525124,0.07978949312535694
120.5,-0.03817077073721719,-0.03817077073615704,-31.636136672700157,-31.636136672676503,0.0014219791474897928,0.001421979147510576,0.07938410756001023,0.07938410756011599
120.75,-0.037813983188431384,-0.037813983187366,-31.616341319621075,-31.61634131959738,0.0014322830793507952,0.0014322830793716402,0.07897871610124156,0.0789787161013474
121.0,-0.037454648279298924,-0.037454648278228295,-31.596647315129882,-31.59664731510615,0.0014423580301271477,0.0014423580301480545,0.0785733188784758,0.0785733188785817
121.25,-0.03709286587796611,-0.037092865876890216,-31.57705794555143,-31.57705794552766,0.0014518605391994806,0.0014518605392204495,0.07814163685327537,0.07814163685338134
121.5,-0.036728738330398636,-0.036728738329317466,-31.55757649714546,-31.557576497121648,0.0014611191998793586,0.0014611191999003895,0.07770994952163444,0.07770994952174048
121.75,-0.03636232659878761,-0.036362326597701146,-31.538202971221338,-31.53820297119748,0.0014701340114260946,0.0014701340114471873,0.07727825702149421,0.07727825702160032
122.0,-0.035993691645506865,-0.03599369164441509,-31.518937369053944,-31.518937369030045,0.0014789049731185086,0.0014789049731396633,0.07684655949079626,0.07684655949090244
122.25,-0.035622931311025625,-0.03562293130992853,-31.499782543847186,-31.499782543823247,0.0014871349098338487,0.0014871349098550654,0.0763920413873919,0.07639204138749815
122.5,-0.03525014558706597,-0.03525014558596353,-31.48074134874217,-31.48074134871819,0.0014951080888378709,0.0014951080888591496,0.07593751870107132,0.07593751870117764
122.75,-0.034875398663135874,-0.03487539866202808,-31.46181378486647,-31.461813784842448,0.0015028245094927254,0.0015028245095140664,0.07548299157707825,0.07548299157718463
123.0,-0.03449875472890023,-0.034498754727787066,-31.44299985331135,-31.442999853287287,0.0015102841711811036,0.0015102841712025066,0.07502846016065676,0.07502846016076321
123.25,-0.0341203087866816,-0.03412030878556305,-31.424302001033784,-31.424302001009682,0.0015172387284481516,0.0015172387284696168,0.07455435740423205,0.07455435740433858
123.5,-0.03374015768375905,-0.033740157682635094,-31.40572267493077,-31.40572267490663,0.0015239254567214978,0.0015239254567430253,0.07408025078948342,0.07408025078959002
123.75,-0.03335836837744832,-0.03335836837631895,-31.387261875947956,-31.387261875923773,0.0015303443554662082,0.001530344355487798,0.07360614046791743,0.07360614046802409
124.0,-0.03297500782519621,-0.0329750078240614,-31.368919604993103,-31.36891960496888,0.0015364954241687745,0.0015364954241904264,0.0731320265910409,0.07313202659114763
124.25,-0.032590167480440434,-0.03259016747930018,-31.350697928678766,-31.350697928654505,0.001542181137338207,0.0015421811373599215,0.07264138338765173,0.07264138338775854
124.5,-0.03220394035481547,-0.032203940353669754,-31.332598913560783,-31.33259891353648,0.0015475896710483313,0.0015475896710701082,0.07215073704634731,0.07215073704645418
124.75,-0.03181639574324069,-0.03181639574208949,-31.314622560404032,-31.31462256037969,0.0015527210248664676,0.0015527210248883069,0.07166008772392353,0.07166008772403047
125.0,-0.031427602940740866,-0.03142760293958417,-31.296768869934194,-31.296768869909812,0.0015575751983821107,0.0015575751984040125,0.07116943557717657,0.07116943557728359
125.25,-0.031037649234801852,-0.03103764923363966,-31.27903955335146,-31.27903955332704,0.0015620069621700302,0.0015620069621919944,0.07066509666691594,0.07066509666702302
125.5,-0.03064662320315037,-0.030646623201982665,-31.261436321802947,-31.261436321778486,0.0015661538040246663,0.0015661538040466932,0.07016075533026819,0.07016075533037534
125.75,-0.03025459607631168,-0.03025459607513845,-31.243959175875105,-31.243959175850605,0.0015700157236142743,0.0015700157236363638,0.06965641172840903,0.06965641172851625
126.0,-0.02986163908489114,-0.029861639083712362,-31.226608116114093,-31.22660811608955,0.0015735927206299027,0.0015735927206520551,0.06915206602251431,0.0691520660226216
126.25,-0.02946783482110793,-0.02946783481992359,-31.20938452227327,-31.209384522248687,0.0015767928621790927,0.001576792862201308,0.06863668440241484,0.0686366844025222
126.5,-0.029073266917540364,-0.029073266916350447,-31.192289774056896,-31.192289774032268,0.0015797018388640166,0.0015797018388862948,0.0681213010544022,0.06812130105450963
126.75,-0.028678008165434084,-0.028678008164238575,-31.175323871876355,-31.175323871851685,0.0015823196504519584,0.0015823196504742992,0.06760591614318356,0.06760591614329106
127.0,-0.02828213135609,-0.02828213135488888,-31.15848681610186,-31.15848681607715,0.0015846462967334942,0.001584646296755898,0.06709052983346624,0.0670905298335738
127.25,-0.027885713939132892,-0.02788571393792615,-31.141779678045495,-31.141779678020747,0.0015866437035436485,0.001586643703566115,0.06656657442918512,0.06656657442929276
127.5,-0.027488834172014445,-0.02748883417080206,-31.125203528974463,-31.125203528949672,0.0015883450979995595,0.0015883450980220893,0.0660426179787289,0.0660426179788366
127.75,-0.027091566057840723,-0.027091566056622683,-31.108758369129372,-31.108758369104542,0.0015897504799651171,0.0015897504799877098,0.06551866064954687,0.06551866064965464
128.0,-0.026693983599748863,-0.026693983598525154,-31.092444198708975,-31.092444198684106,0.0015908598493278912,0.001590859849350547,0.06499470260908838,0.06499470260919622
128.25,-0.026296158733828113,-0.026296158732598718,-31.076261802638538,-31.076261802613626,0.001591689150676443,0.0015916891506991618,0.06446446587629127,0.06446446587639919
128.5,-0.025898163988093983,-0.025898163986858888,-31.06021196580288,-31.060211965777924,0.001592218887825852,0.001592218887848634,0.06393422875910146,0.06393422875920944
128.75,-0.02550007425360206,-0.025500074252361248,-31.044294688276914,-31.044294688251917,0.0015924490607337398,0.0015924490607565852,0.06340399142697742,0.06340399142708547
129.0,-0.02510196442141552,-0.025101964420168977,-31.028509970093193,-31.028509970068157,0.0015923796693816928,0.0015923796694046013,0.06287375404937766,0.06287375404948578
129.25,-0.024703900614106707,-0.024703900612854414,-31.012858330904614,-31.01285833087954,0.0015920804697629395,0.0015920804697859114,0.06233935948751497,0.06233935948762313
129.5,-0.02430594934619573,-0.02430594934493767,-30.99734029032823,-30.99734029030311,0.0015914793542050189,0.001591479354228054,0.061804965180298925,0.06180496518040713
129.75,-0.023908186096661867,-0.023908186095398028,-30.981955848279025,-30.981955848253868,0.0015905763227560194,0.001590576322779118,0.061270571298518324,0.06127057129862658
130.0,-0.02351068634446937,-0.023510686343199732,-30.966705004629297,-30.966705004604098,0.0015893713754881833,0.0015893713755113451,0.06073617801296194,0.060736178013070234
130.25,-0.023113510164406447,-0.023113510163130995,-30.951588033947015,-30.951588033921777,0.0015879875385189732,0.0015879875385421986,0.0601995875758141,0.060199587575922434
130.5,-0.022716717838453124,-0.022716717837171843,-30.936605210769024,-30.936605210743743,0.001586300542631845,0.0015863005426551338,0.059662998007225736,0.059662998007334114
130.75,-0.02232038515632252,-0.022320385155035392,-30.921756534856744,-30.921756534831424,0.0015843103879617571,0.0015843103879851096,0.05912640947868876,0.05912640947879718
131.0,-0.021924587907690973,-0.021924587906397987,-30.90704200592873,-30.907042005903367,0.001582017074667921,0.001582017074691337,0.058589822161695,0.05858982216180346
131.25,-0.021529379945951145,-0.02152937994465228,-30.892461672743224,-30.892461672717822,0.0015795960558423166,0.001579596055865796,0.05805284355065788,0.058052843550766384
131.5,-0.02113481516146568,-0.021134815160160924,-30.878015584032134,-30.878015584006693,0.0015768716566673113,0.0015768716566908543,0.057515866394959356,0.0575158663950679
131.75,-0.02074096939929519,-0.02074096939798453,-30.863703739410177,-30.863703739384693,0.0015738438773608555,0.001573843877384462,0.056978890866216575,0.05697889086632516
132.0,-0.02034791850444277,-0.020347918503126183,-30.84952613844916,-30.849526138423634,0.0015705127181651695,0.0015705127181888398,0.05644191713604655,0.05644191713615518
132.25,-0.019955709991083478,-0.019955709989760952,-30.835482622476867,-30.835482622451302,0.0015671049447870677,0.0015671049448108016,0.05590621096363164,0.05590621096374031
132.5,-0.019564391253998656,-0.019564391252670173,-30.82157303279958,-30.821573032773973,0.0015633945080168893,0.0015633945080406866,0.05537050680454313,0.055370506804651845
132.75,-0.019174037958999718,-0.019174037957665264,-30.807797368892565,-30.807797368866915,0.0015593814081514667,0.0015593814081753278,0.054834804829992596,0.05483480483010135
133.0,-0.018784725771820852,-0.01878472577048041,-30.794155630188285,-30.794155630162592,0.0015550656455118458,0.0015550656455357707,0.0542991052111914,0.05429910521130019
133.25,-0.01839649580071596,-0.018396495799369514,-30.780647468085107,-30.78064746805937,0.0015507239420928121,0.0015507239421168008,0.05376619202363639,0.053766192023745225
133.5,-0.018009388891376956,-0.01800938889002449,-30.767272533964714,-30.76727253393894,0.0015460811514446328,0.0015460811514686852,0.05323328137727064,0.05323328137737952
133.75,-0.017623480315565203,-0.0176234803142067,-30.754030827170524,-30.754030827144707,0.0015411372739387282,0.0015411372739628443,0.05270037344241408,0.052700373442523
134.0,-0.017238845344946192,-0.017238845343581638,-30.74092234700337,-30.74092234697751,0.0015358923099706055,0.0015358923099947853,0.05216746838938641,0.05216746838949537
134.25,-0.016855518661794404,-0.01685551866042378,-30.727946571573906,-30.727946571548003,0.0015306713673491645,0.0015306713673734081,0.05163873553860965,0.05163873553871865
134.5,-0.016473534555201216,-0.016473534553824512,-30.71510297898092,-30.715102978954977,0.0015251516975734098,0.0015251516975977174,0.051110005725725584,0.05111000572583463
134.75,-0.01609296770690051,-0.016092967705517706,-30.702391568443815,-30.702391568417834,0.0015193333010849119,0.0015193333011092834,0.05058127911971907,0.050581279119828154
135.0,-0.015713892798512784,-0.015713892797123864,-30.689812339139753,-30.68981233911373,0.001513216178349139,0.0015132161783735745,0.05005255588957468,0.05005255588968381
135.25,-0.015336338108646064,-0.01533633810725102,-30.67736461169405,-30.677364611667983,0.0015071720647665745,0.001507172064791074,0.049529264245964745,0.049529264246073915
135.5,-0.014960331404018097,-0.014960331402616912,-30.665047706724895,-30.66504770669879,0.0015008322965216815,0.001500832296546245,0.049005976105032566,0.04900597610514178
135.75,-0.014585946598231559,-0.01458594659682422,-30.65286162333572,-30.652861623309573,0.0014941968741216376,0.001494196874146265,0.04848269163402491,0.04848269163413417
136.0,-0.014213257604759378,-0.014213257603345866,-30.640806360588133,-30.640806360561946,0.001487265798097273,0.0014872657981219646,0.047959411000188266,0.04795941100029757
136.25,-0.013842286359152719,-0.013842286357733019,-30.628881096606015,-30.628881096579786,0.001480455510452647,0.0014804555104774028,0.04744270149889609,0.04744270149900543
136.5,-0.013473054177661762,-0.01347305417623586,-30.61708500951078,-30.61708500948451,0.001473353285264394,0.001473353285289214,0.046925995932642205,0.04692599593275159
136.75,-0.013105634044601881,-0.013105634043169757,-30.605418098298028,-30.605418098271713,0.001465959123100688,0.0014659591231255722,0.04640929446657066,0.04640929446668009
137.0,-0.012740098944143484,-0.012740098942705124,-30.593880361922068,-30.59388036189571,0.0014582730245530572,0.0014582730245780056,0.045892597265825175,0.04589259726593464
137.25,-0.012376464563811277,-0.012376464562366664,-30.582470850192415,-30.582470850166015,0.0014507540780567241,0.0014507540780817367,0.045383497280341197,0.04538349728045071
137.5,-0.012014745875113732,-0.01201474587366285,-30.571188612920686,-30.571188612894243,0.0014429474915779322,0.001442947491603009,0.04487440162955649,0.04487440162966605
137.75,-0.011655014787968878,-0.011655014786511712,-30.560033649002868,-30.560033648976383,0.0014348532657412036,0.0014348532657663447,0.04436531047618402,0.04436531047629362
138.0,-0.011297343212135736,-0.01129734321067227,-30.549005957294266,-30.549005957267738,0.0014264714011940718,0.001426471401219277,0.04385622398293639,0.04385622398304603
138.25,-0.010941740712885605,-0.010941740711415822,-30.538104472702596,-30.538104472676025,0.0014183014556421961,0.0014183014556674658,0.04335565352076094,0.043355653520870625
138.5,-0.010588216052869534,-0.010588216051393418,-30.527328130142102,-30.52732813011549,0.0014098486874324098,0.001409848687457744,0.04285508776018153,0.04285508776029126
138.75,-0.010236839937667944,-0.010236839936185481,-30.51667692841739,-30.516676928390734,0.0014011130972409293,0.0014011130972663279,0.04235452686118603,0.04235452686129581
139.0,-0.009887683072689377,-0.009887683071200548,-30.506150866293062,-30.506150866266363,0.0013920946857665965,0.0013920946857920594,0.04185397098376193,0.04185397098387175
139.25,-0.00954074905398479,-0.009540749052489582,-30.495748776435885,-30.495748776409144,0.0013833312066698048,0.001383331206695332,0.041362748699944864,0.04136274870005473
139.5,-0.00919604059792515,-0.009196040596423543,-30.48546949152345,-30.485469491496666,0.0013742901847257267,0.0013742901847513186,0.04087153145198252,0.04087153145209243
139.75,-0.00885362709013233,-0.00885362708862431,-30.47531301027717,-30.475313010250343,0.001364971620657639,0.0013649716206832953,0.040380319396876065,0.04038031939698601
140.0,-0.00851357791604461,-0.008513577914530161,-30.465279331379204,-30.465279331352335,0.001355375515211021,0.0013553755152367418,0.039889112691626226,0.039889112691736214
140.25,-0.008175890879495957,-0.008175890877975062,-30.45536719718775,-30.455367197160843,0.001346075468027012,0.0013460754680527974,0.039407961716851916,0.039407961716961946
140.5,-0.007840562836575448,-0.007840562835048094,-30.445575350075977,-30.445575350049026,0.0013365035663116713,0.0013365035663375213,0.03892681607985106,0.03892681607996113
140.75,-0.007507661750820652,-0.007507661749286823,-30.43590378869021,-30.435903788663218,0.001326659810830745,0.0013266598108566596,0.038445675934407016,0.03844567593451713
141.0,-0.007177255585574981,-0.007177255584034662,-30.426352511638342,-30.42635251161131,0.0013165442023717279,0.001316544202397707,0.03796454143430271,0.037964541434412864
141.25,-0.0068493365503289536,-0.0068493365487821275,-30.416920182197444,-30.416920182170372,0.0013067637781138501,0.001306763778139894,0.03749409501503125,0.03749409501514145
141.5,-0.0065238958472265225,-0.006523895845673174,-30.407605463663522,-30.407605463636408,0.001296717545355132,0.0012967175453812404,0.03702365420356448,0.03702365420367472
141.75,-0.00620099992829288,-0.006200999926732992,-30.398408354615828,-30.39840835458867,0.0012864055048992659,0.0012864055049254391,0.03655321915026561,0.03655321915037589
142.0,-0.0058807152453496355,-0.005880715243783192,-30.389328853596027,-30.389328853568827,0.001275827657571209,0.0012758276575974472,0.036082790005497384,0.03608279000560771
142.25,-0.005563028629373461,-0.005563028627800446,-30.380365555346316,-30.380365555319074,0.0012656220280921684,0.0012656220281184714,0.035623596954447445,0.03562359695455782
142.5,-0.005247925852342295,-0.0052479258507626934,-30.371517054631607,-30.371517054604322,0.0012551569461489345,0.0012551569461753023,0.035164409749935954,0.03516440975004637
142.75,-0.004935471777267971,-0.004935471775681765,-30.36278334997192,-30.362783349944593,0.0012444324125787075,0.0012444324126051401,0.0347052285387306,0.03470522853884106
143.0,-0.004625731266950423,-0.004625731265357597,-30.35416443985058,-30.354164439823215,0.0012334484282394437,0.0012334484282659412,0.0342460534675986,0.034246053467709106
143.25,-0.004318686004905756,-0.004318686003306294,-30.34565886036384,-30.34565886033643,0.0012228715295208698,0.001222871529547432,0.033798583423573725,0.033798583423684275
143.5,-0.004014316571453002,-0.004014316569846887,-30.337265147634252,-30.3372651476068,0.0012120417996468549,0.001212041799673482,0.033351119434235334,0.033351119434345926
143.75,-0.0037126861742731434,-0.0037126861726603623,-30.32898330013026,-30.32898330010277,0.0012009592394837708,0.001200959239510463,0.032903661642605546,0.03290366164271618
144.0,-0.003413858020828047,-0.0034138580192085823,-30.320813316284568,-30.320813316257034,0.0011896238499182162,0.0011896238499449735,0.03245621019170599,0.032456210191816666
144.25,-0.0031178088908950323,-0.0031178088892688683,-30.312753682802963,-30.312753682775387,0.001178728191732245,0.0011787281917590674,0.03202085868842675,0.03202085868853747
144.5,-0.002824514423832193,-0.0028245144221993135,-30.304802886420944,-30.30480288639333,0.0011675865471037286,0.001167586547130616,0.03158551341821494,0.0315855134183257
144.75,-0.00253403611613916,-0.0025340361144995482,-30.29696092556285,-30.296960925535195,0.0011561989169239916,0.0011561989169509442,0.031150174520220737,0.03115017452033153
145.0,-0.002246435464090272,-0.002246435462443912,-30.28922779861823,-30.289227798590538,0.001144565302104038,0.0011445653021310556,0.03071484213359381,0.030714842133704633
145.25,-0.0019616845977314993,-0.0019616845960783746,-30.281601951548375,-30.281601951520642,0.0011334018024519031,0.0011334018024789858,0.030291935477805898,0.030291935477916754
145.5,-0.0016797544759839956,-0.001679754474324091,-30.27408183034746,-30.274081830319684,0.0011219993453643205,0.0011219993453914685,0.02986903520461077,0.029869035204721655
145.75,-0.001400704838092998,-0.001400704836426297,-30.266667433402937,-30.26666743337512,0.0011103579317534801,0.0011103579317806934,0.02944614144918241,0.02944614144929332
146.0,-0.001124595423073306,-0.0011245954213997922,-30.25935875906847,-30.25935875904061,0.0010984775625506882,0.0010984775625779665,0.029023254346694265,0.029023254346805208
146.25,-0.0008513939733169155,-0.0008513939716365733,-30.25215422062098,-30.25215422059308,0.0010870954053250502,0.0010870954053523937,0.028613054306379244,0.028613054306490217
146.5,-0.0005810670354603032,-0.000581067033773116,-30.245052231373272,-30.24505223134533,0.0010754814675057705,0.0010754814675331794,0.02820286077031804,0.028202860770429043
146.75,-0.0003136725545361269,-0.00031367255284207884,-30.23805278968289,-30.238052789654905,0.0010636357500219574,0.0010636357500494315,0.02779267386962481,0.027792673869735843
147.0,-4.926847534245003e-05,-4.926847364152496e-05,-30.2311558938746,-30.231155893846573,0.001051558253821261,0.0010515582538488005,0.02738249373541318,0.02738249373552424
147.25,0.00021218157928933333,0.0002121815809971518,-30.224359932038908,-30.22435993201084,0.001040004768183274,0.0010400047682108788,0.02698520203943782,0.026985202039548913
147.5,0.0004707152012630556,0.000470715202977784,-30.21766329230497,-30.21766329227686,0.001028226792712315,0.0010282267927399853,0.026587916942571777,0.0265879169426829
147.75,0.0007262762682378786,0.0007262762699595336,-30.21106597300713,-30.21106597297898,0.0010162243283506154,0.001016224328378351,0.02619063857180494,0.02619063857191609
148.0,0.0009788086581107667,0.0009788086598393649,-30.204567972447993,-30.2045679724198,0.001003997376058365,0.001003997376086166,0.025793367054126656,0.025793367054237834
148.25,0.0012283525953993668,0.0012283525971349245,-30.198167660490736,-30.1981676604625,0.000992317936066815,0.0009923179360946815,0.02540912970512962,0.02540912970524083
148.5,0.0014749495330915088,0.0014749495348340424,-30.19186340703975,-30.191863407011475,0.000980421379443873,0.000980421379471805,0.025024899024406726,0.025024899024517967
148.75,0.0017185451921479477,0.0017185451938974737,-30.18565521041262,-30.1856552103843,0.000968307707141257,0.0009683077071692541,0.024640675134776968,0.024640675134888237
149.0,0.0019590852937695384,0.001959085295526074,-30.179543068896216,-30.179543068867854,0.000955976920128053,0.0009559769201561153,0.02425645815905879,0.02425645815917009
149.25,0.0021966136352406045,0.0021966136370041656,-30.173525340569732,-30.173525340541328,0.0009442148632059825,0.0009442148632341099,0.023885369561793074,0.023885369561904405
149.5,0.0024311752511946938,0.0024311752529652965,-30.167600383555925,-30.16760038352748,0.000932243116150462,0.0009322431161786545,0.023514287677435998,0.02351428767754736
149.75,0.0026627177192178105,0.0026627177209954714,-30.161768196161734,-30.16176819613325,0.0009200616799192242,0.0009200616799474819,0.023143212624605506,0.0231432126247169
150.0,0.00289118861713749,0.0028911886189222254,-30.156028776664456,-30.156028776635928,0.0009076705554867769,0.0009076705555150997,0.022772144521918992,0.022772144522030417
150.25,0.003116635039654403,0.0031166350414462292,-30.15038047730962,-30.15038047728105,0.0008958671183604702,0.0008958671183888582,0.022414251429647068,0.022414251429758524
150.5,0.0033391053232132376,0.003339105325012171,-30.14482165038846,-30.144821650359848,0.0008838614439808771,0.0008838614440093303,0.02205636507158389,0.022056365071695377
150.75,0.003558548908620391,0.003558548910426448,-30.139352294203125,-30.13935229417447,0.0008716535333084443,0.0008716535333369627,0.02169848556213143,0.02169848556224295
151.0,0.003774915236924395,0.0037749152387375915,-30.13397240702716,-30.13397240699846,0.0008592433873197974,0.0008592433873483811,0.021340613015691116,0.021340613015802666
151.25,0.0039882544255882045,0.003988254427408559,-30.12868034075214,-30.1286803407234,0.0008474376581155212,0.0008474376581441703,0.0209959182975694,0.02099591829768098
151.5,0.0041986178340841125,0.004198617835911641,-30.12347444731727,-30.12347444728849,0.0008354371461352902,0.0008354371461640047,0.020651230312844583,0.020651230312956195
151.75,0.004405956766837809,0.004405956768672528,-30.118354725025434,-30.11835472499661,0.0008232418523391383,0.0008232418523679182,0.020306549171701768,0.020306549171813407
152.0,0.004610222528516943,0.0046102225303588686,-30.113321172151956,-30.11332117212309,0.0008108517777026818,0.000810851777731527,0.0199618749843255,0.01996187498443717
152.25,0.00481146798672056,0.004811467988569709,-30.10837214526552,-30.10837214523661,0.0007990806629378582,0.0007990806629667688,0.019630341217017618,0.01963034121712932
152.5,0.005009747247531085,0.005009747249387474,-30.103506000984154,-30.103506000955203,0.0007871221987161414,0.0007871221987451174,0.019298814161423372,0.019298814161535106
152.75,0.0052050134737035665,0.005205013475567212,-30.098722737616683,-30.09872273758769,0.0007749763859942014,0.0007749763860232428,0.018967293923522956,0.01896729392363472
153.0,0.005397219828234093,0.005397219830105011,-30.094022353445435,-30.0940223534164,0.0007626432257436959,0.0007626432257728028,0.01863578060929602,0.018635780609407817
153.25,0.005586421659464469,0.005586421661342675,-30.089403214320146,-30.089403214291067,0.0007509414310009752,0.0007509414310301476,0.01831733349632246,0.018317333496434288
153.5,0.005772675547224587,0.005772675549110098,-30.08486368614142,-30.0848636861123,0.0007390596781388545,0.0007390596781680923,0.01799889305375878,0.017998893053870636
153.75,0.0059559365021031145,0.005955936503995946,-30.08040376722893,-30.08040376719977,0.0007269979681078667,0.0007269979681371702,0.017680459383404016,0.017680459383515902
154.0,0.006136159534928149,0.006136159536828318,-30.076023455876896,-30.076023455847697,0.0007147563018729417,0.0007147563019023108,0.017362032587056667,0.017362032587168584
154.25,0.00631340220970815,0.006313402211615674,-30.071721131414026,-30.071721131384784,0.0007031563249976641,0.0007031563250270988,0.017056564209624186,0.017056564209736134
154.5,0.006487723311781108,0.006487723313696002,-30.067495173221204,-30.067495173191922,0.0006913837203724096,0.0006913837204019098,0.016751102442931577,0.016751102443043557
154.75,0.006659079684326965,0.006659079686249247,-30.06334557963354,-30.063345579604217,0.0006794384889389793,0.0006794384889685453,0.016445647384631217,0.016445647384743228
155.0,0.006827428170762841,0.006827428172692527,-30.05927234896173,-30.059272348932367,0.000667320631652985,0.0006673206316826166,0.016140199132374942,0.016140199132486984
155.25,0.0069928282909747135,0.0069928282929118185,-30.055273877825886,-30.05527387779648,0.0006558527673665762,0.0006558527673962734,0.015847571035633726,0.0158475710357458
155.5,0.007155340773146804,0.007155340775091345,-30.05134856289943,-30.051348562869983,0.0006442195274887397,0.0006442195275185026,0.015554949472847286,0.015554949472959384
155.75,0.007314924273497312,0.007314924275449305,-30.047496402537185,-30.047496402507694,0.0006324209129501278,0.0006324209129799566,0.015262334537565569,0.015262334537677691
156.0,0.007471537448478754,0.007471537450438216,-30.043717395070576,-30.043717395041043,0.0006204569246946228,0.0006204569247245173,0.014969726323338,0.014969726323450146
156.25,0.007625241520213459,0.007625241522180406,-30.040009957858153,-30.040009957828577,0.0006091492795683249,0.0006091492795982852,0.014689772442190947,0.014689772442303118
156.5,0.00777609890349341,0.007776098905467859,-30.03637250831272,-30.0363725082831,0.0005976834172084139,0.00059768341723844,0.014409825002340677,0.014409825002452872
156.75,0.007924070044124596,0.007924070046106567,-30.032805044812765,-30.032805044783103,0.000586059338532152,0.0005860593385622439,0.014129884093287783,0.014129884093400002
157.0,0.008069115388143908,0.008069115390133417,-30.0293075657144,-30.029307565684697,0.0005742770444694586,0.0005742770444996163,0.01384994980453233,0.013849949804644575
157.25,0.008211297613174974,0.008211297615172038,-30.02587851221575,-30.025878512186004,0.0005631555612542862,0.0005631555612845098,0.01358247923326979,0.013582479233382062
157.5,0.008350680571545862,0.008350680573550498,-30.02251632556995,-30.02251632554016,0.0005518829113373345,0.0005518829113676241,0.01331501499600116,0.013315014996113456
157.75,0.008487226471693601,0.008487226473705827,-30.019221004182807,-30.019221004152975,0.0005404590956204089,0.0005404590956507644,0.013047557178238665,0.013047557178350985
158.0,0.008620897522282185,0.008620897524302016,-30.01599254643876,-30.015992546408885,0.0005288841150174078,0.0005288841150478292,0.01278010586549402,0.012780105865606364
158.25,0.008751757617268605,0.008751757619296056,-30.012829420149718,-30.0128294201198,0.0005179726053771565,0.0005179726054076439,0.012524905475651387,0.012524905475763756
158.5,0.008879871805258857,0.008879871807293946,-30.00973009318318,-30.00973009315322,0.0005069168591945166,0.00050691685922507,0.012269711299063972,0.012269711299176367
158.75,0.009005204027227662,0.009005204029270405,-30.006694563975632,-30.00669456394563,0.0004957168773539411,0.0004957168773845606,0.012014523417323734,0.012014523417436154
159.0,0.009127718224372293,0.009127718226422707,-30.003722830943165,-30.00372283091312,0.00048437266075142217,0.0004843726607821075,0.011759341912022126,0.01175934191213457
159.25,0.009247479275951851,0.009247479278009951,-30.00081339097716,-30.000813390947073,0.00047369284549580065,0.00047369284552655177,0.01151617882295808,0.01151617882307055
159.5,0.00936455319396129,0.009364553196027093,-29.99796474102501,-29.99796474099488,0.0004628755923337797,0.0004628755923645966,0.011273021814160664,0.011273021814273159
159.75,0.009478905619031952,0.009478905621105475,-29.99517687955693,-29.995176879526756,0.0004519209021307331,0.0004519209021616159,0.011029870963375965,0.011029870963488486
160.0,0.009590502192012898,0.009590502194094156,-29.992449805023693,-29.992449804993477,0.00044082877576302954,0.00044082877579397825,0.01078672634834958,0.010786726348462125
160.25,0.009699408555054384,0.009699408557143395,-29.989782045571165,-29.989782045540906,0.0004304003317273954,0.00043040033175841,0.010555350255121228,0.010555350255233797
160.5,0.00980569145949073,0.00980569146158751,-29.98717212940146,-29.98717212937116,0.0004198411070618119,0.0004198411070928925,0.01032398009808004,0.010323980098192636
160.75,0.00990931821026982,0.009909318212374384,-29.98462005502129,-29.98462005499095,0.0004091511026110108,0.0004091511026421574,0.010092615951206203,0.010092615951318823
161.0,0.01001025611255203,0.010010256114664396,-29.98212582091886,-29.982125820888477,0.0003983303192301861,0.00039833031926139864,0.009861257888479419,0.009861257888592063
161.25,0.010108571357991248,0.010108571360111432,-29.97968798839608,-29.979687988365654,0.00038817093199681384,0.0003881709320280924,0.00964140325164898,0.009641403251761648
161.5,0.010204331222441035,0.010204331224569055,-29.977305118811206,-29.977305118780738,0.0003778872714510307,0.00037788727148237525,0.009421554396964217,0.00942155439707691
161.75,0.010297504637675918,0.01029750463981179,-29.97497721070991,-29.9749772106794,0.00036747933841552334,0.0003674793384469339,0.00920171139472424,0.00920171139483696
162.0,0.010388060535677337,0.010388060537821077,-29.972704262620294,-29.97270426258974,0.00035694713372292025,0.00035694713375439686,0.00898187431522769,0.008981874315340435
162.25,0.010476065453566559,0.010476065455718183,-29.970484870645112,-29.970484870614516,0.0003470725554261314,0.0003470725554576741,0.008773262417274474,0.008773262417387243
162.5,0.010561586986441053,0.010561586988600578,-29.968317630943403,-29.968317630912765,0.00033708005373754406,0.0003370800537691529,0.008564656138559246,0.00856465613867204
162.75,0.010644595653552597,0.010644595655720039,-29.966202542102018,-29.966202542071336,0.0003269696294565525,0.0003269696294882275,0.008356055545789077,0.008356055545901894
163.0,0.010725061974353998,0.010725061976529374,-29.964139602691134,-29.96413960266041,0.0003167412833919847,0.00031674128342372584,0.008147460705670581,0.008147460705783423
163.25,0.010803052637006667,0.010803052639189995,-29.962127445018446,-29.96212744498768,0.00030716539489570157,0.00030716539492750886,0.007949801578704138,0.007949801578817004
163.5,0.010878635360367024,0.01087863536255832,-29.960164701447752,-29.960164701416943,0.00029747776918190587,0.00029747776921377935,0.007752147900262134,0.007752147900375022
163.75,0.010951782210227379,0.010951782212426658,-29.95825137060902,-29.958251370578168,0.0002876784070256019,0.00028767840705754157,0.00755449973355223,0.00755449973366514
164.0,0.011022465252574913,0.011022465254782192,-29.956387451116413,-29.95638745108552,0.00027776730921073276,0.0002777673092427387,0.0073568571417816486,0.007356857141894581
164.25,0.011090751141985516,0.011090751144200812,-29.954571612661482,-29.954571612630545,0.00026850218599202847,0.00026850218602410064,0.007169851371257729,0.007169851371370684
164.5,0.011156707535560861,0.01115670753778419,-29.952802524991547,-29.952802524960568,0.0002591313426529017,0.00025913134268504013,0.006982850871761625,0.006982850871874602
164.75,0.011220308003364373,0.011220308005595753,-29.95108018678138,-29.951080186750357,0.0002496547799430144,0.0002496547799752191,0.006795855703097235,0.006795855703210233
165.0,0.011281526115647951,0.011281526117887398,-29.949404596690794,-29.94940459665973,0.0002400724986204859,0.00024007249865275684,0.006608865925068029,0.006608865925181049
165.25,0.01134042831871005,0.01134042832095758,-29.9477744627638,-29.947774462732692,0.00023112847973640662,0.0002311284797687438,0.006432206334200088,0.0064322063343131295
165.5,0.011397082032476101,0.01139708203473173,-29.946188493099733,-29.946188493068583,0.00022208458437203833,0.00022208458440444172,0.006255551831063768,0.006255551831176831
165.75,0.011451462287916306,0.011451462290180053,-29.9446466864196,-29.944646686388406,0.00021294081325088726,0.00021294081328335692,0.006078902472157324,0.006078902472270409
166.0,0.011503544116182741,0.01150354411845462,-29.943149041430278,-29.943149041399042,0.00020369716710444971,0.00020369716713698565,0.005902258313978601,0.005902258314091708
166.25,0.011553393590614688,0.011553393592894716,-29.941694305300867,-29.94169430526959,0.00019508292666173046,0.0001950829266943327,0.0057356315335152265,0.0057356315336283565
166.5,0.0116010777286977,0.011601077730985895,-29.940281225255237,-29.940281225223917,0.00018637447642846743,0.00018637447646113598,0.00556900965263053,0.005569009652743683
166.75,0.011646572978071071,0.011646572980367448,-29.93890980006183,-29.938909800030466,0.00017757181710133149,0.00017757181713406637,0.005402392724617223,0.005402392724730398
167.0,0.0116898557865492,0.011689855788853775,-29.937580028475764,-29.93758002844436,0.00016867494938453014,0.00016867494941733138,0.0052357808027676195,0.005235780802880817
167.25,0.011730991699865793,0.011730991702178584,-29.93629069738163,-29.93629069735018,0.00016039756997277007,0.0001603975700056377,0.005078868730771404,0.005078868730884624
167.5,0.011770047177975522,0.011770047180296544,-29.935040593718103,-29.93504059368661,0.00015203146784056675,0.00015203146787350077,0.004921961366245224,0.004921961366358467
167.75,0.011807000040281786,0.011807000042611057,-29.933829716302046,-29.933829716270512,0.0001435766436572034,0.00014357664369020384,0.004765058759377855,0.00476505875949112
168.0,0.011841828106356199,0.011841828108693733,-29.932658063937772,-29.932658063906196,0.00013503309809906092,0.0001350330981321278,0.004608160960357691,0.004608160960470979
168.25,0.011874596249693947,0.011874596252039765,-29.931524463646678,-29.93152446361506,0.00012709814568742178,0.00012709814572055514,0.004460642116575075,0.004460642116688385
168.5,0.011905370227768665,0.01190537023012278,-29.93042774250348,-29.930427742471817,0.00011907977610115742,0.00011907977613435721,0.0043131277850566195,0.004313127785169952
168.75,0.011934129186366738,0.011934129188729168,-29.92936789937421,-29.929367899342505,0.00011097798998173264,0.00011097799001499889,0.004165618012989849,0.0041656180131032046
169.0,0.011960852271435755,0.011960852273806515,-29.92834493311311,-29.928344933081362,0.0001027927879772855,0.00010279278801061823,0.004018112847561922,0.0040181128476753
169.25,0.011985603549548154,0.011985603551927263,-29.927357711143237,-29.927357711111448,9.520438781280678e-05,9.520438784620599e-05,0.0038796636269174067,0.0038796636270308055
169.5,0.012008447940812959,0.012008447943200433,-29.9264051009401,-29.92640510090827,8.753769329822863e-05,8.753769333169436e-05,0.0037412187210492747,0.0037412187211626944
169.75,0.01202936587171918,0.012029365874115036,-29.92548710141947,-29.925487101387596,7.979270504688207e-05,7.979270508041433e-05,0.003602778174247161,0.0036027781743606015
170.0,0.012048337768909944,0.0120483377713142,-29.924603711486046,-29.92460371145413,7.196942367836155e-05,7.196942371196036e-05,0.0034643420308003523,0.0034643420309138136
170.25,0.012065426767195662,0.012065426769608333,-29.923753839084956,-29.923753839052996,6.473033676052475e-05,6.473033679419014e-05,0.0033346378604831093,0.0033346378605965915
170.5,0.012080696824390957,0.012080696826812058,-29.922936392212836,-29.922936392180834,5.741789505197841e-05,5.741789508571036e-05,0.0032049378059444554,0.003204937806057959
170.75,0.012094129601871152,0.012094129604300702,-29.922151369835557,-29.92215136980351,5.0032099137713505e-05,5.003209917151203e-05,0.0030752419086798074,0.003075241908793332
171.0,0.012105706761158552,0.012105706763596567,-29.921398770908613,-29.921398770876525,4.257294960858932e-05,4.257294964245444e-05,0.0029455502101842497,0.0029455502102977956
171.25,0.012115490390168257,0.012115490392614753,-29.920677543886686,-29.920677543854556,3.568464934980452e-05,3.568464938373626e-05,0.002824266614721496,0.002824266614835063
171.5,0.012123543369296838,0.012123543371751833,-29.919986637274935,-29.91998663724276,2.8727750651910203e-05,2.8727750685908568e-05,0.0027029869352578717,0.002702986935371459
171.75,0.012129848549003975,0.012129848551467485,-29.919326050089506,-29.91932605005729,2.1702254071454132e-05,2.170225410551914e-05,0.0025817112105982125,0.002581711210711821
172.0,0.012134388779889165,0.012134388782361206,-29.91869578133685,-29.918695781304592,1.460816017047186e-05,1.4608160204603528e-05,0.002460439479547038,0.0024604394796606676
172.25,0.012137224997374279,0.01213722499985487,-29.918094819846683,-29.91809481981438,8.070908885682494e-06,8.070908919880841e-06,0.0023472530581778307,0.0023472530582914816
172.5,0.01213841889894146,0.012138418901430616,-29.917522154498098,-29.917522154465754,1.4696329145941466e-06,1.4696329488591866e-06,0.002234070352931552,0.002234070353045224
172.75,0.012137954478485037,0.012137954480982776,-29.916977784357535,-29.916977784325148,-5.195667214695032e-06,-5.1956671803632755e-06,0.0021208914000257497,0.002120891400139443
173.0,0.012135815730032008,0.012135815732538345,-29.916461708482384,-29.916461708449955,-1.1924990968964991e-05,-1.1924990934566495e-05,0.002007716235677673,0.0020077162357913874
173.25,0.012132062340249574,0.012132062342764526,-29.915972955831315,-29.915972955798843,-1.8112066068335707e-05,-1.8112066033870445e-05,0.001902305556253243,0.0019023055563669783
173.5,0.01212675472762959,0.012126754730153172,-29.915510555411206,-29.91551055537869,-2.4358773586475263e-05,-2.4358773551943213e-05,0.0017968983936205948,0.0017968983937343506
173.75,0.01211987798412973,0.012119877986661962,-29.91507450633864,-29.915074506306084,-3.0665113023650774e-05,-3.0665112989051904e-05,0.0016914947815126517,0.001691494781626428
174.0,0.0121114172018332,0.012111417204374097,-29.914664807721774,-29.914664807689174,-3.7031083875358825e-05,-3.7031083840693114e-05,0.0015860947536620537,0.0015860947537758507
174.25,0.012101430731503639,0.012101430734053217,-29.914280528300484,-29.91428052826784,-4.286991547738001e-05,-4.286991544264745e-05,0.001488141167205894,0.0014881411673197116
174.5,0.012089977625755881,0.012089977628314158,-29.913920736861634,-29.91392073682895,-4.876416714271019e-05,-4.876416710791074e-05,0.0013901908993545445,0.001390190899468383
174.75,0.01207704402963295,0.012077044032199941,-29.913585432571658,-29.91358543253893,-5.4713838399812726e-05,-5.4713838364946377e-05,0.001292243981458078,0.0012922439815719372
175.0,0.012062616088296304,0.012062616090872029,-29.913274614589145,-29.913274614556375,-6.071892877271745e-05,-6.0718928737784185e-05,0.001194300444866299,0.001194300444980179
175.25,0.012046750738323744,0.012046750740908219,-29.91298739099518,-29.912987390962368,-6.621243531606824e-05,-6.6212435281068e-05,0.0011034888248292046,0.001103488824943105
175.5,0.012029505588502456,0.012029505591095696,-29.912722869916568,-29.912722869883712,-7.175732748895342e-05,-7.175732745388619e-05,0.001012680326911185,0.0010126803270251064
175.75,0.01201086779248042,0.012010867795082442,-29.91248105056914,-29.912481050536243,-7.735360484778492e-05,-7.735360481265069e-05,0.0009218749801801091,0.0009218749802940511
176.0,0.011990824504017025,0.011990824506627846,-29.91226193216147,-29.91226193212853,-8.300126694486389e-05,-8.300126690966263e-05,0.0008310728137035934,0.0008310728138175557
176.25,0.011969431175823504,0.011969431178443141,-29.912064661592503,-29.912064661559516,-8.81532797627625e-05,-8.815327972749419e-05,0.0007470922238465839,0.0007470922239605668
176.5,0.01194674390357311,0.01194674390620158,-29.911888385805575,-29.911888385772546,-9.335281933084855e-05,-9.335281929551318e-05,0.0006631145618398896,0.0006631145619538929
176.75,0.01192275080563021,0.01192275080826753,-29.91173310406537,-29.911733104032297,-9.859988523316198e-05,-9.859988519775953e-05,0.0005791398545684831,0.0005791398546825071
177.0,0.011897440000463638,0.011897440003109825,-29.911598815629837,-29.911598815596722,-0.00010389447704994063,-0.00010389447701447107,0.0004951681289171008,0.0004951681290311453
177.25,0.01187086539555743,0.0118708653982125,-29.91148470561752,-29.911484705584364,-0.00010870966901844822,-0.00010870966898291154,0.0004177124236495585,0.00041771242376362346
177.5,0.011843081512561124,0.011843081515225094,-29.911389959190004,-29.911389959156804,-0.00011356870170623229,-0.00011356870167062847,0.0003402594546558284,0.0003402594547699138
177.75,0.011814077391343417,0.011814077394016303,-29.911314575660118,-29.911314575626875,-0.0001184715747245731,-0.00011847157468890212,0.0002628092467357645,0.0002628092468498705
178.0,0.011783842071870627,0.011783842074552445,-29.911258554334495,-29.91125855430121,-0.0001234182876812438,-0.00012341828764550556,0.00018536182468900024,0.00018536182480312667
178.25,0.0117524278630637,0.011752427865754467,-29.91122111788606,-29.911221117852733,-0.00012790210355882015,-0.00012790210352301465,0.00011413018558041834,0.00011413018569456517
178.5,0.011719887659713858,0.011719887662413593,-29.911201489029402,-29.91120148899603,-0.00013242624396450904,-0.00013242624392863626,4.290109429719241e-05,4.2901094411359686e-05
178.75,0.011686211380734248,0.011686211383442965,-29.91119966712471,-29.911199667091296,-0.00013699070853638194,-0.00013699070850044186,-2.8325426349866548e-05,-2.8325426235678823e-05
179.0,0.011651388945128899,0.011651388947846618,-29.911215651526472,-29.911215651493016,-0.00014159549690928434,-0.00014159549687327695,-9.95493535501532e-05,-9.954935343594494e-05
179.25,0.011615471017637715,0.01161547102036445,-29.911248701737367,-29.91124870170387,-0.00014575408553119847,-0.00014575408549512376,-0.00016485194147729604,-0.00016485194136306715
179.5,0.011578508821121675,0.011578508823857445,-29.911298077300316,-29.911298077266775,-0.00014994964905241955,-0.00014994964901627749,-0.00023015216650213469,-0.00023015216638788512
179.75,0.011540493111897851,0.011540493114642671,-29.91136377762198,-29.911363777588395,-0.000154182187137305,-0.00015418218710109554,-0.00029545000770867994,-0.00029545000759440953
180.0,0.011501414646367586,0.011501414649121475,-29.91144580210379,-29.911445802070162,-0.00015845169944725423,-0.0001584516994109774,-0.00036074544418113316,-0.0003607454440668419
180.25,0.011461322406873628,0.011461322409636602,-29.911543446301184,-29.911543446267515,-0.00016229184791653514,-0.0001622918478801909,-0.00042040777288301884,-0.00042040777276870675
180.5,0.011420265906716071,0.011420265909488147,-29.91165600580842,-29.91165600577471,-0.0001661657847046102,-0.00016616578466819852,-0.0004800679197201842,-0.00048006791960585125
180.75,0.011378236698853902,0.011378236701635095,-29.911783480077645,-29.91178348004389,-0.00017007350950156677,-0.00017007350946508763,-0.0005397258655792283,-0.0005397258654648743
181.0,0.011335226336323919,0.011335226339114247,-29.911925868556217,-29.91192586852242,-0.00017401502199478918,-0.00017401502195824254,-0.000599381591346926,-0.0005993815912325508
181.25,0.011291282087934203,0.011291282090733684,-29.912082502029676,-29.912082501995837,-0.00017754409199082814,-0.00017754409195421398,-0.0006536858635344086,-0.0006536858634200121
181.5,0.011246451726906328,0.011246451729714979,-29.912252711320914,-29.91225271128703,-0.0001811039230528115,-0.0001811039230161298,-0.0007079881306853108,-0.0007079881305708932
181.75,0.011200727563009353,0.01120072756582719,-29.912436495926496,-29.91243649589257,-0.00018469451489595484,-0.00018469451485920562,-0.000762288375398691,-0.0007622883752842522
182.0,0.011154101906083843,0.011154101908910882,-29.91263385533864,-29.912633855304673,-0.00018831586723301298,-0.00018831586719619622,-0.0008165865802737695,-0.0008165865801593093
182.25,0.011106620287015824,0.011106620289852083,-29.912844154710857,-29.912844154676847,-0.0001915417335396527,-0.00019154173350276836,-0.0008658080932677869,-0.0008658080931533053
182.5,0.011058328715210517,0.011058328718056011,-29.913066759232564,-29.91306675919851,-0.0001947954890881239,-0.00019479548905117195,-0.0009150277735547683,-0.0009150277734402654
182.75,0.011009220218389954,0.011009220221244701,-29.91330166844361,-29.913301668409513,-0.00019807713361812804,-0.00019807713358110848,-0.0009642456053583084,-0.000964245605243784
183.0,0.010959287824341522,0.01095928782720554,-29.9135488818799,-29.913548881845763,-0.00020138666686713555,-0.00020138666683004836,-0.0010134615729021493,-0.0010134615727876032
183.25,0.01090857530805998,0.010908575310933285,-29.91380779816724,-29.91380779813306,-0.0002043176582040619,-0.00020431765816690702,-0.0010578684494193767,-0.0010578684493048086
183.5,0.010857126897839835,0.010857126900722444,-29.914077815965864,-29.91407781593164,-0.00020727381833670965,-0.0002072738182994871,-0.0011022736608048787,-0.0011022736606902887
183.75,0.010804936301511676,0.010804936304403608,-29.91435893485771,-29.914358934823444,-0.0002102551470285878,-0.0002102551469912975,-0.001146677192821154,-0.001146677192706542
184.0,0.010751997226965468,0.010751997229866738,-29.914651154421154,-29.914651154386846,-0.0002132616440411918,-0.00021326164400383376,-0.0011910790312308357,-0.0011910790311162015
184.25,0.010698351681419941,0.010698351684330566,-29.914953905830494,-29.914953905796143,-0.00021590648626565657,-0.00021590648622823078,-0.0012309319940660098,-0.0012309319939513535
184.5,0.01064404210087014,0.010644042103790137,-29.91526662029299,-29.915266620258596,-0.00021857392403996852,-0.00021857392400247494,-0.0012707834543670626,-0.0012707834542523841
184.75,0.01058906283645524,0.010589062839384626,-29.915589297431413,-29.915589297396977,-0.0002212639571507342,-0.00022126395711317284,-0.0013106333993521285,-0.001310633399237428
185.0,0.01053340823936799,0.010533408242306782,-29.915921936865338,-29.91592193683086,-0.0002239765853827526,-0.0002239765853451234,-0.0013504818162394633,-0.0013504818161247404
185.25,0.010477118542916794,0.010477118545865008,-29.91626400137077,-29.91626400133625,-0.00022634434711304026,-0.0002263443470753432,-0.001386034003926513,-0.0013860340038117677
185.5,0.010420234385376247,0.0104202343883339,-29.91661495375522,-29.916614953720657,-0.000228732274065863,-0.0002287322740280981,-0.0014215848465066558,-0.0014215848463918883
185.75,0.010362750725464559,0.01036275072843167,-29.916974793680993,-29.916974793646386,-0.00023114036605018817,-0.00023114036601235537,-0.0014571343325728158,-0.0014571343324580259
186.0,0.010304662521947902,0.010304662524924487,-29.917343520807528,-29.917343520772878,-0.00023356862287336977,-0.00023356862283546907,-0.0014926824507180251,-0.001492682450603213
186.25,0.01024600823350765,0.010246008236493725,-29.917720628547546,-29.917720628512853,-0.00023566866357095756,-0.00023566866353298894,-0.0015241792713667987,-0.0015241792712519639
186.5,0.010186826700708267,0.01018682670370385,-29.918105610343808,-29.918105610309073,-0.00023778657771829364,-0.00023778657768025707,-0.0015556748990021997,-0.0015556748988873425
186.75,0.010127113455208466,0.010127113458213573,-29.9184984658968,-29.918498465862022,-0.00023992236514594614,-0.00023992236510784158,-0.0015871693235135636,-0.0015871693233986842
187.0,0.010066864028709497,0.010066864031724144,-29.918899194904476,-29.918899194869656,-0.00024207602568305332,-0.00024207602564488075,-0.0016186625347903221,-0.0016186625346754201
187.25,0.010006115109636128,0.010006115112660334,-29.919307320437465,-29.919307320402602,-0.00024391794621704015,-0.00024391794617879958,-0.0016463415554098608,-0.0016463415552949363
187.5,0.00994490374595054,0.009944903748984322,-29.919722365594996,-29.91972236556009,-0.0002457755825561377,-0.000245775582517829,-0.0016740195296405726,-0.0016740195295256255
187.75,0.009883226008720008,0.009883226011763382,-29.92014433011436,-29.920144330079413,-0.0002476489345517361,-0.0002476489345133592,-0.0017016964485923308,-0.001701696448477361
188.0,0.00982107796904911,0.009821077972102094,-29.920573213730627,-29.920573213695636,-0.0002495380020539683,-0.0002495380020155232,-0.0017293723033750927,-0.0017293723032601003
188.25,0.009758494554236698,0.009758494557299309,-29.92100856818385,-29.921008568148817,-0.0002511315977590344,-0.00025113159772052106,-0.001753463172107136,-0.001753463171992121
188.5,0.009695511029518043,0.009695511032590297,-29.92144994524125,-29.921449945206174,-0.00025273888128257715,-0.00025273888124399555,-0.001777553135497168,-0.0017775531353821305
188.75,0.009632123972954576,0.00963212397603649,-29.92189734467552,-29.921897344640403,-0.0002543598524960148,-0.00025435985245736496,-0.0018016421858022542,-0.0018016421856871941
189.0,0.009568329962640008,0.009568329965731601,-29.922350766257427,-29.922350766222266,-0.0002559945112696707,-0.00025599451123095254,-0.0018257303152795334,-0.0018257303151644505
189.25,0.009504162178315928,0.009504162181417215,-29.922809789402073,-29.92280978936687,-0.00025734972749752926,-0.0002573497274587428,-0.0018464547140773146,-0.001846454713962209
189.5,0.009439654116808475,0.009439654119919474,-29.923273993550314,-29.923273993515068,-0.0002587167287184964,-0.0002587167286796416,-0.0018671783429185793,-0.001867178342803451
189.75,0.009374802831883024,0.009374802835003752,-29.923743378508828,-29.92374337847354,-0.0002600955148232128,-0.0002600955147842897,-0.0018879011951367843,-0.001887901195021633
190.0,0.009309605377332405,0.009309605380462879,-29.924217944082624,-29.924217944047292,-0.0002614860857013765,-0.000261486085662385,-0.0019086232640654487,-0.0019086232639502743
190.25,0.009244093203030868,0.009244093206171105,-29.924697296365103,-29.92469729632973,-0.0002626129758553478,-0.0002626129758162879,-0.0019261948894625615,-0.0019261948893473642
190.5,0.009178298055836262,0.009178298058986279,-29.925181041474012,-29.925181041438595,-0.0002637498688308433,-0.000263749868791715,-0.0019437658745674843,-0.001943765874452264
190.75,0.009112217435054557,0.009112217438214372,-29.925669179248573,-29.925669179213113,-0.00026489676453691217,-0.00026489676449771544,-0.0019613362137218134,-0.0019613362136065692
191.0,0.009045848840014562,0.009045848843184191,-29.92616170952659,-29.926161709491083,-0.00026605366288180347,-0.0002660536628425383,-0.0019789059012671967,-0.0019789059011519287
191.25,0.008979222012224087,0.008979222015403547,-29.926658264083837,-29.92665826404829,-0.0002669623489147328,-0.00026696234887539915,-0.0019935304709892882,-0.0019935304708739963
191.5,0.008912366970823848,0.008912366974013156,-29.927158474719064,-29.927158474683473,-0.0002678793717477375,-0.00026787937170833534,-0.002008154524324844,-0.002008154524209528
191.75,0.008845281631622983,0.008845281634822158,-29.927662341302586,-29.927662341266952,-0.0002688047313074563,-0.0002688047312679856,-0.0020227780565578953,-0.0020227780564425557
192.0,0.008777963910449054,0.008777963913658112,-29.928169863703538,-29.92816986366786,-0.000269738427519861,-0.0002697384274803217,-0.0020374010629725164,-0.002037401062857153
192.25,0.00871044186545215,0.008710441868671108,-29.928680698387954,-29.928680698352235,-0.00027043906286708294,-0.00027043906282747513,-0.002049276346250344,-0.0020492763461349562
192.5,0.008642743813811977,0.008642743817040853,-29.929194501843487,-29.929194501807725,-0.000271146480656623,-0.00027114648061694657,-0.0020611512312720777,-0.0020611512311566656
192.75,0.00857486805992502,0.00857486806316383,-29.929711273970096,-29.92971127393429,-0.0002718606808318881,-0.00027186068079214305,-0.0020730257142010187,-0.0020730257140855824
193.0,0.008506812908201976,0.008506812911450737,-29.930231014666774,-29.930231014630927,-0.0002725816633357427,-0.000272581663295929,-0.002084899791200501,-0.0020848997910850402
193.25,0.008438604761656436,0.008438604764915167,-29.9307534041042,-29.93075340406831,-0.00027308439824711046,-0.0002730843982072281,-0.0020942156607466718,-0.002094215660631187
193.5,0.008370270264470809,0.008370270267739526,-29.931278122473337,-29.9312781224374,-0.00027359246844970976,-0.0002735924684097587,-0.002103531244395041,-0.002103531244279532
193.75,0.008301808082827357,0.008301808086106078,-29.931805169702336,-29.931805169666355,-0.00027410587390289527,-0.00027410587386287547,-0.002112846539127535,-0.0021128465390120015
194.0,0.00823321688291856,0.008233216886207302,-29.93233454571859,-29.932334545682565,-0.00027462461456559487,-0.00027462461452550633,-0.0021221615419261025,-0.002122161541810545
194.25,0.008164521443768289,0.008164521447067068,-29.932865953420755,-29.932865953384685,-0.0002749395637937115,-0.00027493956375355423,-0.0021291000456390816,-0.0021291000455234996
194.5,0.008095746768444167,0.008095746771753003,-29.933399095726482,-29.93339909569037,-0.00027525850395217287,-0.0002752585039119468,-0.002136038370061731,-0.0021360383699461243
194.75,0.008026891859216791,0.008026891862535699,-29.93393397259067,-29.933933972554513,-0.00027558143501546387,-0.000275581434975169,-0.002142976512936455,-0.002142976512820824
195.0,0.007957955718363177,0.007957955721692174,-29.934470583967645,-29.934470583931446,-0.0002759083569577503,-0.0002759083569173866,-0.002149914472005673,-0.0021499144718900172
195.25,0.007888961534711764,0.007888961538050868,-29.93500865451859,-29.93500865448235,-0.00027604556975341084,-0.0002760455697129783,-0.0021546499225637127,-0.0021546499224480327
195.5,0.007819932704736979,0.007819932708086204,-29.93554790892241,-29.935547908886125,-0.00027618552754289687,-0.0002761855275023954,-0.002159385294726363,-0.002159385294610658
195.75,0.007750868542191759,0.007750868545551121,-29.936088347159306,-29.93608834712298,-0.00027632823031501185,-0.0002763282302744415,-0.002164120586940829,-0.0021641205868250996
196.0,0.007681768360831868,0.007681768364201385,-29.9366299692091,-29.93662996917273,-0.0002764736780583396,-0.00027647367801770037,-0.0021688557976543236,-0.0021688557975385694
196.25,0.00761265379546336,0.007612653798843048,-29.937172520543236,-29.937172520506824,-0.0002764431104187807,-0.0002764431103780725,-0.00217155487825834,-0.0021715548781425613
196.5,0.007543546672857842,0.007543546676247719,-29.937715746649648,-29.93771574661319,-0.00027641413595480915,-0.000276414135914032,-0.0021742539757033446,-0.002174253975587541
196.75,0.0074744465947211266,0.00747444659812121,-29.93825964753243,-29.93825964749593,-0.00027638675466874296,-0.0002763867546278968,-0.0021769530890881033,-0.0021769530889722746
197.0,0.007405353162758459,0.007405353166168766,-29.938804223195458,-29.938804223158915,-0.00027636096656277265,-0.0002763609665218574,-0.0021796522175113815,-0.0021796522173955276
197.25,0.007336286496046202,0.00733628649946675,-29.939349238983198,-29.939349238946612,-0.0002761724556735915,-0.00027617245563260726,-0.002180474102129627,-0.0021804741020137485
197.5,0.007267266890651871,0.007267266894082677,-29.93989446025541,-29.93989446021878,-0.000275984476021877,-0.00027598447598082366,-0.0021812960932350843,-0.002181296093119181
197.75,0.007198294213764218,0.0071982942172053,-29.94043988703868,-29.940439887002007,-0.0002757970276226673,-0.0002757970275815449,-0.0021821181905272366,-0.0021821181904113085
198.0,0.007129368332568242,0.007129368336019616,-29.94098551935951,-29.940985519322798,-0.00027561011049095826,-0.0002756101104497667,-0.0021829403937055594,-0.002182940393589606
198.25,0.007060507890573792,0.0070605078940354764,-29.941531141514798,-29.941531141478038,-0.0002752733512984645,-0.00027527335125720386,-0.002182036880263972,-0.002182036880147994
198.5,0.006991731694000963,0.0069917316974729745,-29.942076537815545,-29.942076537778743,-0.0002749361471224915,-0.00027493614708116163,-0.0021811335574473062,-0.002181133557331303
198.75,0.0069230398540922515,0.006923039857574608,-29.942621708309442,-29.942621708272597,-0.00027459849799001525,-0.00027459849794861624,-0.002180230425507274,-0.0021802304253912457
199.0,0.006854432482083409,0.006854432485576128,-29.94316665304424,-29.943166653007353,-0.00027426040392804755,-0.00027426040388657937,-0.0021793274846955723,-0.002179327484579519
199.25,0.006785926787712415,0.006785926791215513,-29.9437111743667,-29.943711174329767,-0.00027378492777530554,-0.0002737849277337681,-0.0021768431397461655,-0.0021768431396300865
199.5,0.006717540129826461,0.006717540133339956,-29.944255074636576,-29.9442550745996,-0.0002733081120540631,-0.00027330811201245643,-0.002174359064144578,-0.0021743590640284738
199.75,0.006649272843312909,0.006649272846836818,-29.944798353921296,-29.944798353884277,-0.00027282995680246526,-0.0002728299567607893,-0.0021718752586485706,-0.0021718752585324413
200.0,0.0065811252630495675,0.006581125266583908,-29.945341012288484,-29.945341012251422,-0.0002723504620587641,-0.00027235046201701886,-0.002169391724015883,-0.0021693917238997285
200.25,0.006513113208199937,0.006513113211744727,-29.94588286925155,-29.945882869214447,-0.0002717456173156457,-0.0002717456172738311,-0.0021654640375010086,-0.002165464037384829
200.5,0.00644525263410103,0.006445252637656286,-29.94642374433581,-29.946423744298663,-0.0002711386160610636,-0.00027113861601917966,-0.002161536693746674,-0.0021615366936304694
200.75,0.006377544079874644,0.006377544083440384,-29.946963637627103,-29.946963637589914,-0.00027052945834357754,-0.00027052945830162423,-0.002157609693972769,-0.0021576096938565386
201.0,0.006309988084630419,0.006309988088206659,-29.947502549211578,-29.947502549174345,-0.00026991814421191976,-0.00026991814416989706,-0.002153683039399154,-0.002153683039282898
201.25,0.006242599121339233,0.00624259912492599,-29.948040314906493,-29.948040314869214,-0.0002691930788270669,-0.0002691930787849748,-0.0021484425882123247,-0.002148442588096043
201.5,0.006175391786859707,0.006175391790457,-29.948576770539947,-29.948576770502626,-0.00026846511372831866,-0.00026846511368615707,-0.0021432025480030573,-0.00214320254788675
201.75,0.006108366806113042,0.006108366809720887,-29.949111916214893,-29.94911191617753,-0.0002677342489739118,-0.0002677342489316807,-0.002137962920411655,-0.0021379629202953223
202.0,0.006041524904005848,0.006041524907624263,-29.949645752034687,-29.94964575199728,-0.00026700048462231503,-0.00026700048458001445,-0.002132723707078388,-0.0021327237069620297
202.25,0.005974879252674888,0.005974879256303889,-29.950178129279,-29.950178129241547,-0.00026616413052298375,-0.0002661641304806136,-0.0021262943262022023,-0.0021262943260858184
202.5,0.005908443136492746,0.005908443140132352,-29.950708899237313,-29.950708899199817,-0.0002653242034429413,-0.0002653242034005016,-0.002119865419448177,-0.002119865419331767
202.75,0.005842217448696207,0.005842217452346436,-29.951238062028416,-29.951238061990875,-0.00026448070344938147,-0.0002644807034068722,-0.0021134369888374683,-0.002113436988721033
203.0,0.005776203082505222,0.0057762030861660905,-29.951765617771596,-29.951765617734008,-0.00026363363060978367,-0.0002636336305672048,-0.002107009036391195,-0.002107009036274734
203.25,0.005710411955360276,0.005710411959031801,-29.952291432389647,-29.952291432352013,-0.00026269468987406874,-0.00026269468983142023,-0.0020995079964699465,-0.00209950799635346
203.5,0.0056448560859029,0.005644856089585101,-29.952815371814207,-29.95281537177653,-0.0002617515691217633,-0.0002617515690790451,-0.0020920074888741034,-0.002092007488757591
203.75,0.00557953651912782,0.005579536522820712,-29.953337436178657,-29.953337436140934,-0.0002608042684283164,-0.0002608042683855286,-0.00208450751596821,-0.002084507515851672
204.0,0.005514454300010853,0.005514454303714454,-29.953857625616962,-29.953857625579197,-0.00025985278786951163,-0.0002598527878266541,-0.0020770080801167687,-0.0020770080800002044
204.25,0.005449620138026522,0.00544962014174085,-29.95437581989861,-29.9543758198608,-0.00025881972059439603,-0.0002588197205514688,-0.002068546270395657,-0.0020685462702790666
204.5,0.005385044833415565,0.005385044837140637,-29.954891898800984,-29.954891898763133,-0.0002577819288963258,-0.0002577819288533288,-0.0020600850463997457,-0.0020600850462831294
204.75,0.005320729567273351,0.005320729571009184,-29.955405862470855,-29.95540586243296,-0.0002567394128583236,-0.00025673941281525683,-0.0020516244108015388,-0.0020516244106848964
205.0,0.005256675520674445,0.0052566755244210575,-29.955917711055655,-29.95591771101772,-0.00025569217256379015,-0.0002556921725206536,-0.002043164366273493,-0.0020431643661568246
205.25,0.005192892242273737,0.005192892246031145,-29.956427337398498,-29.956427337360516,-0.00025457318635180526,-0.0002545731863085989,-0.0020338464819075683,-0.002033846481790874
205.5,0.0051293893616398325,0.005129389365408054,-29.956934634349494,-29.95693463431147,-0.0002534489904443151,-0.0002534489904010389,-0.00202452923200701,-0.0020245292318902893
205.75,0.005066168181185375,0.005066168184964428,-29.95743960206763,-29.957439602029563,-0.0002523195849312546,-0.00025231958488790854,-0.0020152126195188305,-0.0020152126194020836
206.0,0.005003230003300471,0.0050032300070903726,-29.95794224071263,-29.95794224067452,-0.00025118496990297564,-0.0002511849698595597,-0.002005896647389991,-0.002005896647273218
206.25,0.004940583263216556,0.004940583267017324,-29.95844245545198,-29.958442455413824,-0.0002499880108899552,-0.0002499880108464693,-0.0019958213801945976,-0.0019958213800777983
206.5,0.004878236467790682,0.004878236471602334,-29.958940151459302,-29.9589401514211,-0.00024878541265464674,-0.0002487854126110909,-0.001985746791693972,-0.0019857467915771463
206.75,0.004816191026816404,0.004816191030638957,-29.959435328904668,-29.95943532886642,-0.0002475771752932574,-0.00024757717524963167,-0.0019756728850781015,-0.001975672884961249
207.0,0.00475444835006317,0.004754448353896641,-29.959927987958945,-29.959927987920654,-0.00024636329890244553,-0.0002463632988587498,-0.0019655996635369183,-0.0019655996634200396
207.25,0.004693015806828981,0.004693015810673388,-29.960418045388874,-29.96041804535054,-0.0002450960442488827,-0.00024509604420511693,-0.0019548598953172173,-0.001954859895200312
207.5,0.0046319008292955806,0.00463190083315094,-29.960905417966497,-29.96090541792812,-0.00024382277331307822,-0.00024382277326924249,-0.0019441208456640042,-0.0019441208455470732
207.75,0.004571104921520805,0.004571104925387136,-29.961390105871885,-29.961390105833463,-0.00024254348619689306,-0.00024254348615298734,-0.0019333825179805614,-0.0019333825178636046
208.0,0.004510629587536968,0.004510629591414288,-29.961872109285952,-29.961872109247484,-0.00024125818300266944,-0.00024125818295869371,-0.0019226449156701127,-0.00192264491555313
208.25,0.004450481178146494,0.00445048118203482,-29.96235135587391,-29.962351355835395,-0.00023992803477152408,-0.0002399280347274783,-0.0019113279133300186,-0.0019113279132130102
208.5,0.004390666098821554,0.0043906661027209035,-29.962827773305484,-29.962827773266927,-0.0002385915424961803,-0.0002385915424520645,-0.001900011665226966,-0.0019000116651099318
208.75,0.004331185935559842,0.004331185939470233,-29.963301361769688,-29.963301361731087,-0.0002372487062835567,-0.00023724870623937082,-0.0018886961749496449,-0.0018886961748325849
209.0,0.004272042274332261,0.004272042278253711,-29.963772121456422,-29.96377212141778,-0.00023589952624107936,-0.0002358995261968234,-0.0018773814460866843,-0.0018773814459695985
209.25,0.00421324049469515,0.004213240498627677,-29.96423999025308,-29.96423999021439,-0.00023451360658548358,-0.0002345136065411575,-0.0018655690577780311,-0.0018655690576609193
209.5,0.004154786023170042,0.004154786027113663,-29.964704906050816,-29.964704906012084,-0.00023312106136358626,-0.00023312106131919002,-0.001853757455335011,-0.001853757455217873
209.75,0.004096680516134597,0.0040966805200893285,-29.965166869046563,-29.96516686900779,-0.0002317218906867902,-0.00023172189064232378,-0.0018419466425055645,-0.0018419466423884006
210.0,0.004038925629938559,0.004038925633904419,-29.965625879438196,-29.965625879399376,-0.0002303160946670282,-0.00023031609462249159,-0.0018301366230375697,-0.0018301366229203798
210.25,0.0039815258198267105,0.003981525823803717,-29.966081884683508,-29.96608188464464,-0.00022888124225220092,-0.00022888124220759408,-0.0018179054746676547,-0.0018179054745504387
210.5,0.003924485580795441,0.003924485584783611,-29.966534832243347,-29.966534832204438,-0.00022743952604156723,-0.00022743952599689013,-0.0018056751399112,-0.001805675139793958
210.75,0.0038678066287792987,0.0038678066327786486,-29.9669847223216,-29.96698472228265,-0.00022599094615046356,-0.00022599094610571617,-0.0017934456226509081,-0.0017934456225336397
211.0,0.003811490679683925,0.003811490683694472,-29.967431555123135,-29.96743155508414,-0.00022453550269477545,-0.00022453550264995775,-0.0017812169267694155,-0.0017812169266521209
211.25,0.003755541310944876,0.003755541314966638,-29.96787528704886,-29.96787528700982,-0.0002230582702795381,-0.00022305827023465008,-0.0017686386182400899,-0.001768638618122769
211.5,0.0036999621330082587,0.0036999621370412536,-29.96831587450207,-29.96831587446299,-0.0002215739762950649,-0.0002215739762501065,-0.001756061147353823,-0.0017560611472364758
211.75,0.0036447549112515513,0.0036447549152957962,-29.968753317692684,-29.96875331765356,-0.0002200826208600984,-0.00022008262081506965,-0.0017434845181051933,-0.0017434845179878197
212.0,0.003589921411022475,0.003589921415077988,-29.969187616831608,-29.96918761679244,-0.00021858420409394624,-0.00021858420404884707,-0.0017309087344887118,-0.0017309087343713118
212.25,0.0035354643779093847,0.0035354643819761828,-29.969618736659978,-29.969618736620767,-0.00021707085719851915,-0.00021707085715334955,-0.001718050035092435,-0.0017180500349750086
212.5,0.003481386584224287,0.003481386588302388,-29.97004664192068,-29.970046641881424,-0.00021555028869023286,-0.00021555028864499282,-0.0017051921938138434,-0.0017051921936963904
212.75,0.003427689835355203,0.0034276898394446243,-29.97047133282875,-29.97047133278945,-0.00021402249869073198,-0.00021402249864542147,-0.0016923352147380484,-0.001692335214620569
213.0,0.00337437593665967,0.00337437594076043,-29.970892809600254,-29.97089280956091,-0.0002124874873222388,-0.00021248748727685778,-0.001679479101950093,-0.001679479101832587
213.25,0.003321446847201304,0.003321446851313419,-29.971311044737867,-29.971311044698478,-0.00021094400391046667,-0.00021094400386501512,-0.0016664021443980616,-0.0016664021442805291
213.5,0.0032689045469163924,0.0032689045510398813,-29.971726010745403,-29.97172601070597,-0.0002093931739552278,-0.0002093931739097057,-0.001653326062046776,-0.0016533260619292168
213.75,0.0032167508724253065,0.0032167508765601864,-29.972137707842183,-29.97213770780271,-0.00020783499758058766,-0.00020783499753499498,-0.001640250859052018,-0.0016402508589344323
214.0,0.0031649876603173275,0.003164987664463616,-29.972546136248567,-29.97254613620905,-0.00020626947491119945,-0.00020626947486553616,-0.0016271765395694997,-0.0016271765394518872
214.25,0.003113616127723549,0.0031136161318812638,-29.972951275674063,-29.972951275634504,-0.00020470154601698123,-0.0002047015459712473,-0.0016139390121742933,-0.0016139390120566539
214.5,0.003062637507214621,0.00306263751138378,-29.973353105828757,-29.97335310578915,-0.00020312617825334872,-0.00020312617820754413,-0.001600702373834348,-0.0016007023737166818
214.75,0.0030120536584921564,0.003012053662672777,-29.973751626935435,-29.973751626895787,-0.00020154337174633043,-0.00020154337170045516,-0.001587466628757673,-0.0015874666286399797
215.0,0.002961866441226186,0.002961866445418286,-29.97414683921794,-29.974146839178246,-0.00019995312662254996,-0.00019995312657660396,-0.0015742317811522051,-0.001574231781034485
215.25,0.0029120763743948745,0.002912076378598472,-29.974538729061607,-29.974538729021866,-0.00019836615785201703,-0.0001983661578060003,-0.0015608871177321857,-0.0015608871176144388
215.5,0.0028626839873828365,0.0028626839915979487,-29.97492728285181,-29.974927282812025,-0.00019677168808957343,-0.00019677168804348592,-0.001547543354155539,-0.0015475433540377652
215.75,0.002813691155422117,0.0028136911596487618,-29.975312500814038,-29.975312500774212,-0.0001951697174627758,-0.00019516971741661751,-0.001534200494665415,-0.0015342004945476143
216.0,0.002765099753712798,0.002765099757950993,-29.975694383174847,-29.97569438313498,-0.00019356024609978086,-0.00019356024605355176,-0.0015208585435048914,-0.0015208585433870638
216.25,0.0027169096459726864,0.0027169096502224492,-29.976072922487752,-29.97607292244784,-0.00019195935994265992,-0.00019195935989635998,-0.0015074561106200274,-0.0015074561105021729
216.5,0.002669120701675345,0.0026691207059366937,-29.976448111305814,-29.97644811126586,-0.00019035093857901309,-0.00019035093853264227,-0.001494054585461047,-0.0014940545853431653
216.75,0.002621734804606334,0.002621734808879286,-29.976819949856495,-29.976819949816498,-0.0001887349821375131,-0.0001887349820910714,-0.0014806539722904545,-0.0014806539721725458
217.0,0.00257475383851897,0.002574753842803543,-29.977188438368326,-29.977188438328287,-0.00018711149074743553,-0.00018711149070092288,-0.0014672542753706814,-0.0014672542752527456
217.25,0.0025281770538095488,0.0025281770581057606,-29.97755357507835,-29.977553575038264,-0.00018550152963302523,-0.00018550152958644162,-0.0014538395565397207,-0.0014538395564217576
217.5,0.002482003702344532,0.0024820037066524,-29.977915358222685,-29.977915358182553,-0.00018388402481371864,-0.00018388402476706407,-0.0014404257505705993,-0.0014404257504526089
217.75,0.0024362356700339807,0.0024362356743535232,-29.978273788030076,-29.978273787989902,-0.0001822589764189152,-0.00018225897637218962,-0.0014270128617306288,-0.0014270128616126112
218.0,0.002390874842755532,0.0023908748470867665,-29.978628864730346,-29.978628864690126,-0.00018062638457861781,-0.0001806263845318212,-0.0014136008942870473,-0.0014136008941690024
218.25,0.0023459198985097732,0.0023459199028527176,-29.978980591781973,-29.97898059174171,-0.00017901191461389468,-0.00017901191456702703,-0.0014002156708737986,-0.0014002156707557264
218.5,0.0023013695128299683,0.0023013695171846403,-29.979328972642083,-29.979328972601774,-0.00017738991607256616,-0.0001773899160256274,-0.0013868313628686917,-0.0013868313627505922
218.75,0.0022572255678440607,0.002257225572210478,-29.979674007540062,-29.979674007499707,-0.00017576038908439115,-0.0001757603890373813,-0.0013734479745304805,-0.0013734479744123536
219.0,0.0022134899456474795,0.00221348995002566,-29.980015696706356,-29.98001569666596,-0.00017412333377973086,-0.00017412333373264985,-0.0013600655101178448,-0.0013600655099996904
219.25,0.002170160791705607,0.0021701607960955683,-29.980354048380924,-29.980354048340484,-0.0001725086491092555,-0.00017250864906210334,-0.0013467480386101735,-0.0013467480384919915
219.5,0.002127236245410453,0.0021272362498122132,-29.98068907080197,-29.980689070761482,-0.00017088647262755908,-0.0001708864725803357,-0.0013334314826217008,-0.0013334314825034913
219.75,0.0020847181796986142,0.002084718184112191,-29.981020764198895,-29.981020764158366,-0.00016925680446441474,-0.00016925680441712013,-0.0013201158463903829,-0.0013201158462721456
220.0,0.0020426084674741683,0.0020426084718995793,-29.981349128802176,-29.981349128761604,-0.00016761964475019497,-0.0001676196447028291,-0.001306801134154102,-0.0013068011340358371
220.25,0.002000904760416992,0.002000904764854255,-29.981674177214916,-29.981674177174302,-0.0001660087724797065,-0.00016600877243226934,-0.0012935863195928461,-0.0012935863194745538
220.5,0.0019596047008426875,0.0019596047052918204,-29.9819959220381,-29.981995921997438,-0.0001643904649087492,-0.00016439046486124077,-0.0012803724183781942,-0.0012803724182598743
220.75,0.0019187101475602016,0.0019187101520212215,-29.982314363500585,-29.982314363459878,-0.0001627647221667868,-0.00016276472211920702,-0.0012671594347161352,-0.0012671594345977876
221.0,0.0018782229593460405,0.001878222963818965,-29.982629501832285,-29.982629501791536,-0.00016113154438387767,-0.00016113154433622655,-0.0012539473728125845,-0.001253947372694209
221.25,0.0018381403316944072,0.0018381403361792544,-29.982941353602268,-29.982941353561475,-0.00015952825001172433,-0.00015952824996400182,-0.0012408669381593095,-0.0012408669380409062
221.5,0.001798459447743556,0.0017984594522403438,-29.98324993537713,-29.983249935336296,-0.0001579175947990468,-0.0001579175947512529,-0.0012277874125448873,-0.001227787412426456
221.75,0.0017591821476875239,0.0017591821521962699,-29.983555247384654,-29.983555247343777,-0.00015629957887469657,-0.00015629957882683124,-0.0012147088001331862,-0.0012147088000147269
222.0,0.0017203102716880612,0.0017203102762087833,-29.98385728985366,-29.983857289812736,-0.00015467420236811393,-0.00015467420232017712,-0.0012016311050880013,-0.001201631104969514
222.25,0.0016818405954707137,0.0016818406000034297,-29.984156082942583,-29.984156082901613,-0.00015308199567096276,-0.00015308199562295445,-0.001188713756350191,-0.0011887137562316757
222.5,0.0016437698796971146,0.0016437698842418425,-29.984451646807077,-29.984451646766065,-0.00015148251883940401,-0.00015148251879132417,-0.0011757973103534648,-0.0011757973102349216
222.75,0.0016060999418848834,0.001606099946441641,-29.984743981673343,-29.98474398163229,-0.0001498757720013949,-0.0001498757719532435,-0.0011628817712103809,-0.0011628817710918095
223.0,0.0015688325995195773,0.0015688326040883824,-29.98503308776861,-29.985033087727512,-0.00014826175528547423,-0.00014826175523725125,-0.0011499671430334239,-0.0011499671429148245
223.25,0.0015319642437651416,0.0015319642483460124,-29.98531898848415,-29.98531898844301,-0.00014668389660705986,-0.0001466838965587653,-0.001137238729993444,-0.0011372387298748165
223.5,0.0014954912482822533,0.0014954912528752078,-29.98560170720817,-29.985601707166985,-0.00014509887313418046,-0.00014509887308581426,-0.001124511211548319,-0.0011245112114296632
223.75,0.0014594154042536906,0.0014594154088587465,-29.985881244164823,-29.985881244123597,-0.00014350668499363699,-0.00014350668494519911,-0.0011117845917510178,-0.0011117845916323336
224.0,0.0014237385028304597,0.0014237385074476348,-29.986157599579283,-29.98615759953801,-0.0001419073323128035,-0.00014190733226429397,-0.0010990588746544374,-0.0010990588745357248
224.25,0.0013884565845903535,0.001388456589219666,-29.986430799738617,-29.9864307996973,-0.0001403468392068013,-0.00014034683915822006,-0.0010865425470747063,-0.0010865425469559653
224.5,0.0013535656704224696,0.0013535656750639374,-29.986700870926565,-29.9867008708852,-0.00013877929975587787,-0.0001387792997072249,-0.0010740271042329126,-0.0010740271041141433
224.75,0.001319067521897375,0.0013190675265510158,-29.98696781336481,-29.9869678133234,-0.00013720471408543546,-0.0001372047140367107,-0.001061512550115021,-0.0010615125499962232
225.0,0.0012849639005542155,0.0012849639052200472,-29.98723162727603,-29.987231627234575,-0.00013562308232143997,-0.00013562308227264342,-0.0010489988887069244,-0.0010489988885880983
225.25,0.0012512505291120042,0.001251250533790045,-29.987492341524963,-29.987492341483463,-0.00013408273650187963,-0.00013408273645301128,-0.001036715247907854,-0.0010367152477889995
225.5,0.0012179231086553173,0.001217923113345585,-29.987749984972776,-29.98774998493123,-0.0001325354744578289,-0.0001325354744088887,-0.0010244324804129336,-0.0010244324802940507
225.75,0.0011849833682248162,0.001184983372927329,-29.988004557838284,-29.988004557796696,-0.0001309812963130678,-0.00013098129626405573,-0.0010121505901345212,-0.0010121505900156096
226.0,0.0011524330368301488,0.0011524330415449242,-29.988256060341282,-29.98825606029965,-0.00012942020219192964,-0.00012942020214284567,-0.000999869580984904,-0.0009998695808659639
226.25,0.0011202675507992583,0.0011202675555263145,-29.988504523624368,-29.98850452358269,-0.00012790255674688435,-0.00012790255669772844,-0.0009878368267148485,-0.0009878368265958794
226.5,0.0010884823231057932,0.0010884823278451484,-29.98874997882636,-29.988749978784636,-0.00012637813551280618,-0.0001263781354635783,-0.0009758049328679981,-0.0009758049327490007
226.75,0.0010570790476817791,0.001057079052433451,-29.988992426162838,-29.988992426121072,-0.00012484693861164792,-0.00012484693856234806,-0.0009637739032772695,-0.0009637739031582438
227.0,0.0010260594184286853,0.0010260594231926922,-29.98923186585035,-29.98923186580854,-0.00012330896616590442,-0.00012330896611653254,-0.0009517437417755102,-0.0009517437416564561
227.25,0.0009954186154844254,0.000995418620260785,-29.98946833102728,-29.989468330985424,-0.0001218163529924972,-0.00012181635294305332,-0.0009399778143128373,-0.0009399778141937548
227.5,0.0009651517941252914,0.0009651517989140214,-29.98970185482804,-29.98970185478614,-0.000120317113504845,-0.00012031711345532911,-0.0009282127330707534,-0.0009282127329516424
227.75,0.0009352606109148629,0.0009352606157159814,-29.98993243746466,-29.989932437422716,-0.00011881124782288608,-0.00011881124777329815,-0.0009164485017976201,-0.0009164485016784806
228.0,0.0009057467223866692,0.0009057467272001942,-29.990160079150098,-29.990160079108108,-0.00011729875606708882,-0.00011729875601742881,-0.000904685124241731,-0.0009046851241225629
228.25,0.0008766050814202425,0.0008766050862461921,-29.990384814753575,-29.990384814711543,-0.00011583329348814136,-0.00011583329343840925,-0.0008931998416885495,-0.0008931998415693528
228.5,0.0008478306147257971,0.0008478306195641892,-29.990606679140193,-29.990606679098114,-0.00011436136191082203,-0.00011436136186101779,-0.0008817153899528228,-0.0008817153898335975
228.75,0.0008194249395382173,0.00081942494438907,-29.990825672518106,-29.990825672475985,-0.00011288296145288449,-0.00011288296140300809,-0.0008702317726939221,-0.0008702317725746683
229.0,0.0007913896730628847,0.000791389677926216,-29.991041795096397,-29.991041795054233,-0.0001113980922325999,-0.0001113980921826513,-0.000858748993571152,-0.0008587489934518695
229.25,0.0007637195685844874,0.0007637195734603153,-29.99125508322671,-29.991255083184505,-0.00010996169275749685,-0.00010996169270747603,-0.0008475561843162931,-0.0008475561841969818
229.5,0.0007364093520978816,0.0007364093569862243,-29.99146557325643,-29.991465573214178,-0.00010851898831746107,-0.00010851898826736801,-0.0008363641893919801,-0.0008363641892726401
229.75,0.0007094605998298842,0.0007094606047307596,-29.99167326538958,-29.991673265347284,-0.00010706997902790807,-0.00010706997897774274,-0.000825173012364794,-0.0008251730122454252
230.0,0.000682874887978395,0.0006828748928918211,-29.99187815983108,-29.99187815978874,-0.00010561466500475774,-0.00010561466495452011,-0.0008139826568012502,-0.0008139826566818525
230.25,0.0006566467966336813,0.0006566468015596764,-29.992080294182518,-29.99208029414013,-0.00010420904319932245,-0.00010420904314901248,-0.0008030922871464454,-0.000803092287027019
230.5,0.0006307708776508554,0.0006307708825894375,-29.992279706041078,-29.992279705998644,-0.00010279728612843785,-0.00010279728607805553,-0.0007922027143637739,-0.0007922027142443184
230.75,0.0006052486648321725,0.0006052486697833596,-29.99247639560641,-29.992476395563934,-0.00010137939390504368,-0.00010137939385458898,-0.0007813139419238209,-0.0007813139418043365
231.0,0.0005800816919515912,0.0005800816969154015,-29.992670363079036,-29.992670363036517,-9.995536664257047e-05,-9.995536659204336e-05,-0.000770425973297108,-0.0007704259731775945
231.25,0.0005552643910507136,0.0005552643960271651,-29.992861647093303,-29.992861647050738,-9.858204707491687e-05,-9.858204702431731e-05,-0.0007598462702557232,-0.0007598462701361807
231.5,0.0005307911651543143,0.0005307911701434254,-29.993050286279058,-29.99305028623645,-9.720276662509418e-05,-9.720276657442217e-05,-0.0007492673457643112,-0.0007492673456447397
231.75,0.0005066635044691529,0.0005066635094709415,-29.993236280831358,-29.993236280788707,-9.581752540344404e-05,-9.581752535269953e-05,-0.0007386892031948127,-0.000738689203075212
232.0,0.00048288289917434405,0.00048288290418882805,-29.993419630946107,-29.993419630903414,-9.44263235207849e-05,-9.442632346996787e-05,-0.0007281118459191054,-0.0007281118457994754
232.25,0.0004594436571655394,0.000459443662192737,-29.99360037608797,-29.99360037604523,-9.308664875224364e-05,-9.308664870135405e-05,-0.0007178494152105583,-0.000717849415090899
232.5,0.00043634005669245456,0.00043634006173238387,-29.993778555717018,-29.993778555674233,-9.174119125292715e-05,-9.174119120196497e-05,-0.0007075877439692934,-0.0007075877438496048
232.75,0.0004135735434243385,0.00041357354847701763,-29.99395417002353,-29.9939541699807,-9.038995113047125e-05,-9.038995107943646e-05,-0.0006973268354664746,-0.0006973268353467568
233.0,0.0003911455630034734,0.00039114556806892054,-29.9941272191986,-29.994127219155725,-8.903292849297434e-05,-8.903292844186691e-05,-0.0006870666929732049,-0.0006870666928534577
233.25,0.0003690503218537898,0.0003690503269320232,-29.99429774334888,-29.994297743305964,-8.772806708526781e-05,-8.772806703408771e-05,-0.0006771266322489826,-0.000677126632129206
233.5,0.0003472819962660968,0.00034728200135713454,-29.99446578257638,-29.99446578253342,-8.641760401448507e-05,-8.641760396323227e-05,-0.0006671873112474911,-0.000667187311127685
233.75,0.00032584198664306824,0.0003258419917469285,-29.994631337066426,-29.99463133702342,-8.510153938546239e-05,-8.510153933413685e-05,-0.0006572487331374681,-0.0006572487330176326
234.0,0.0003047316933611129,0.00030473169847781387,-29.994794407005134,-29.994794406962086,-8.377987330348415e-05,-8.377987325208585e-05,-0.000647310901087592,-0.0006473109009677271
234.25,0.0002839452428354144,0.00028394524796497426,-29.994955032966377,-29.994955032923283,-8.251082781535138e-05,-8.251082776388029e-05,-0.0006376969084362761,-0.0006376969083163816
234.5,0.00026347673099257724,0.00026347673613501423,-29.995113255519318,-29.99511325547618,-8.123636385754989e-05,-8.123636380600598e-05,-0.0006280836351954075,-0.0006280836350754835
234.75,0.00024332751243728317,0.00024332751759261536,-29.995269074844195,-29.995269074801012,-7.995648153203605e-05,-7.99564814804193e-05,-0.0006184710844300956,-0.0006184710843101419
235.0,0.0002234989417486705,0.00022349894691691611,-29.99542249112201,-29.99542249107878,-7.867118094119968e-05,-7.867118088951006e-05,-0.0006088592592053915,-0.0006088592590854081
235.25,0.00020398508560456725,0.00020398509078574452,-29.99557354523202,-29.995573545188744,-7.743879588963597e-05,-7.743879583787344e-05,-0.0005995737369946786,-0.0005995737368746654
235.5,0.00018477997996073418,0.00018477998515486132,-29.995722278048742,-29.99572227800542,-7.620117695550474e-05,-7.620117690366927e-05,-0.0005902889134040062,-0.0005902889132839633
235.75,0.00016588493327544582,0.00016588493848254107,-29.9958686897472,-29.995868689703837,-7.495832423781476e-05,-7.495832418590632e-05,-0.0005810047913940666,-0.0005810047912739939
236.0,0.00014730125398217212,0.00014730125920225373,-29.996012780503165,-29.996012780459758,-7.37102378359935e-05,-7.371023778401208e-05,-0.0005717213739254957,-0.0005717213738053932
236.25,0.00012902296812307383,0.00012902297335616003,-29.996154591351836,-29.996154591308382,-7.251520759918024e-05,-7.25152075471258e-05,-0.0005627655280485168,-0.0005627655279283845
236.5,0.00011104407089739949,0.00011104407614350851,-29.996294163323658,-29.996294163280158,-7.131512878456937e-05,-7.131512873244187e-05,-0.0005538103596081707,-0.0005538103594880084
236.75,9.33658244376062e-05,9.33658296967563e-05,-29.996431496588347,-29.9964314965448,-7.011000148816646e-05,-7.011000143596588e-05,-0.0005448558714603263,-0.0005448558713401342
237.0,7.598949085209918e-05,7.598949612430865e-05,-29.99656659131633,-29.996566591272742,-6.889982580638099e-05,-6.889982575410731e-05,-0.0005359020664607986,-0.0005359020663405765
237.25,5.8909073503225446e-05,5.8909078788512526e-05,-29.99669948856114,-29.99669948851751,-6.774270244722548e-05,-6.774270239487866e-05,-0.0005272760010624976,-0.0005272760009422454
237.5,4.2118544893316075e-05,4.2118550191699064e-05,-29.996830229371536,-29.996830229327863,-6.658071591012668e-05,-6.658071585770668e-05,-0.0005186505916051017,-0.0005186505914848195
237.75,2.5619120805245232e-05,2.5619126116742402e-05,-29.996958813911846,-29.99695881386813,-6.54138662880428e-05,-6.54138662355496e-05,-0.0005100258408396032,-0.000510025840719291
238.0,9.412016998598873e-06,9.412022323228522e-06,-29.99708524234709,-29.997085242303328,-6.424215367432114e-05,-6.424215362175471e-05,-0.000501401751516942,-0.0005014017513965996
238.25,-6.508769008426661e-06,-6.508763670646222e-06,-29.997209555622764,-29.997209555578955,-6.31233546653046e-05,-6.31233546126649e-05,-0.0004931045592838924,-0.0004931045591635198
238.5,-2.2149270479498222e-05,-2.214926512854866e-05,-29.9973317946796,-29.997331794635745,-6.199987740163771e-05,-6.199987734892473e-05,-0.0004848080012599977,-0.0004848080011395951
238.75,-3.750831786218012e-05,-3.7508312498043095e-05,-29.99745195967648,-29.99745195963258,-6.087172197319798e-05,-6.087172192041171e-05,-0.00047651208009164323,-0.0004765120799712106
239.0,-5.25847416265528e-05,-5.2584736249210005e-05,-29.99757005077295,-29.997570050729006,-5.973888847023719e-05,-5.97388884173776e-05,-0.0004682167984251634,-0.00046821679830470064
239.25,-6.738453435587966e-05,-6.738452896531273e-05,-29.997686108690846,-29.997686108646857,-5.865870430198571e-05,-5.8658704249052764e-05,-0.0004602466465287969,-0.000460246646408304
239.5,-8.191371924995495e-05,-8.191371384614555e-05,-29.997800174147255,-29.997800174103222,-5.757402580265694e-05,-5.7574025749650616e-05,-0.00045227710694579245,-0.00045227710682526934
239.75,-9.617117273684856e-05,-9.617116731977834e-05,-29.99791224729557,-29.997912247251495,-5.6484853059024525e-05,-5.648485300594479e-05,-0.0004443081822184937,-0.0004443081820979403
240.0,-0.00011015577126636874,-0.00011015576583601933,-29.998022328289828,-29.998022328245707,-5.539118615822163e-05,-5.539118610506846e-05,-0.00043633987488919505,-0.00043633987476861144
240.25,-0.00012387348284492158,-0.00012387347740127458,-29.99813045752276,-29.99813045747859,-5.434978781586534e-05,-5.43497877626387e-05,-0.00042869408667817925,-0.0004286940865575653
240.5,-0.0001373303058506095,-0.00013733030039364655,-29.998236675382376,-29.998236675338163,-5.330407758921633e-05,-5.3304077535916195e-05,-0.0004210488887884268,-0.00042104888866778247
240.75,-0.00015052516232280918,-0.0001505251568525119,-29.998340982016565,-29.998340981972305,-5.225405556193081e-05,-5.225405550855714e-05,-0.00041340428365907504,-0.0004134042835384003
241.0,-0.00016345697432185445,-0.00016345696883820443,-29.99844337757382,-29.998443377529515,-5.119972181800991e-05,-5.1199721764562677e-05,-0.00040576027372921406,-0.00040576027360850886
241.25,-0.0001761316716335561,-0.00017613166613653496,-29.998543902022014,-29.998543901977662,-5.019716811097304e-05,-5.019716805745222e-05,-0.00039843540627188337,-0.0003984354061511477
241.5,-0.0001885552140983722,-0.00018855520858796155,-29.99864259532433,-29.998642595279932,-4.919048305632059e-05,-4.9190483002726155e-05,-0.00039111110711099003,-0.00039111110699022384
241.75,-0.0002007265688894588,-0.00020072656336564022,-29.998739457623138,-29.998739457578694,-4.817966673458677e-05,-4.817966668091869e-05,-0.00038378737858354577,-0.000383787378462749
242.0,-0.00021264470320014672,-0.0002126446976629018,-29.998834489061384,-29.998834489016897,-4.716471922663629e-05,-4.716471917289453e-05,-0.00037646422302651665,-0.00037646422290568926
242.25,-0.00022431549595567618,-0.00022431549040498647,-29.998927729095488,-29.998927729050955,-4.620096395901487e-05,-4.62009639051994e-05,-0.00036945614060857924,-0.00036945614048772117
242.5,-0.00023574485575357873,-0.0002357448501894258,-29.999019217177228,-29.999019217132652,-4.5233255578497316e-05,-4.52332555246081e-05,-0.00036244860448903654,-0.0003624486043681478
242.75,-0.0002469317943253008,-0.0002469317887476661,-29.999108953443457,-29.99910895339884,-4.4261594162499714e-05,-4.426159410853673e-05,-0.0003554416169040768,-0.0003554416167831573
243.0,-0.00025787532342168225,-0.00025787531783054744,-29.99919693803159,-29.999196937986927,-4.3285979788754405e-05,-4.328597973471762e-05,-0.00034843518008984415,-0.0003484351799688939
243.25,-0.00026858125943950785,-0.0002685812538348544,-29.99928320980868,-29.99928320976397,-4.2360878758883546e-05,-4.236087870477293e-05,-0.00034173912377621766,-0.00034173912365523663
243.5,-0.0002790554480067288,-0.00027905544238853824,-29.999367807637192,-29.99936780759244,-4.143200019627719e-05,-4.143200014209272e-05,-0.00033504359184526657,-0.00033504359172425465
243.75,-0.00028929694474944364,-0.00028929693911769754,-29.999450731648494,-29.999450731603694,-4.0499344175245066e-05,-4.0499344120986704e-05,-0.00032834858643385716,-0.00032834858631281433
244.0,-0.0002993048053123662,-0.00029930479966704603,-29.999531981974478,-29.999531981929636,-3.9562910770399106e-05,-3.956291071606682e-05,-0.00032165410967881355,-0.00032165410955773977
244.25,-0.0003090847728356599,-0.0003090847671767472,-29.999611596823126,-29.99961159677824,-3.867622858958938e-05,-3.867622853518314e-05,-0.0003152647630514449,-0.00031526476293034016
244.5,-0.00031864261919694014,-0.0003186426135244164,-29.9996896143979,-29.99968961435297,-3.778594148613764e-05,-3.7785941431657415e-05,-0.0003088759190250278,-0.00030887591890389206
244.75,-0.0003279774431744432,-0.0003279774374882899,-29.999766034824706,-29.999766034779732,-3.689204953126632e-05,-3.689204947671208e-05,-0.00030248757963878683,-0.00030248757951762003
245.0,-0.00033708834356424697,-0.0003370883378644457,-29.99984085822996,-29.99984085818494,-3.599455279648625e-05,-3.599455274185796e-05,-0.00029609974693190605,-0.00029609974681070814
245.25,-0.00034598098042852457,-0.00034598097471505673,-29.999914122100595,-29.999914122055532,-3.5145969518214155e-05,-3.514596946351179e-05,-0.00029001129811799666,-0.00029001129799676763
245.5,-0.0003546610420264266,-0.0003546610362992737,-29.999985863919115,-29.999985863874006,-3.429395067681887e-05,-3.42939506220424e-05,-0.00028392333030522284,-0.00028392333018396264
245.75,-0.0003631276694756866,-0.0003631276637348301,-30.000056083806008,-30.000056083760853,-3.34384963404614e-05,-3.343849628561079e-05,-0.0002778358454370061,-0.00027783584531571466
246.0,-0.0003713800039111129,-0.00037137999815653423,-30.000124781882256,-30.000124781837055,-3.257960657757758e-05,-3.257960652265281e-05,-0.0002717488454567293,-0.0002717488453354066
246.25,-0.00037942361336898027,-0.0003794236076006609,-30.000191994859083,-30.00019199481384,-3.1768724129661397e-05,-3.176872407466242e-05,-0.0002659550455635142,-0.00026595504544216014
246.5,-0.00038726409350080043,-0.00038726408771872184,-30.000257759443354,-30.000257759398064,-3.0954571980033225e-05,-3.0954571924960016e-05,-0.0002601617052977908,-0.0002601617051764054
246.75,-0.0003949006268892814,-0.00039490062109342496,-30.000322075750205,-30.00032207570487,-3.0137150193824743e-05,-3.0137150138677288e-05,-0.0002543688265091565,-0.00025436882638773975
247.0,-0.0004023323961334467,-0.00040233239032379394,-30.000384943895234,-30.000384943849856,-2.931645883642922e-05,-2.9316458781207487e-05,-0.00024857641104717175,-0.00024857641092572354
247.25,-0.0004095648691356105,-0.00040956486331214276,-30.000446399766144,-30.000446399720722,-2.8542807249893655e-05,-2.8542807194597613e-05,-0.00024307062912090057,-0.00024307062899942098
247.5,-0.00041660354079548254,-0.00041660353495818125,-30.00050647924635,-30.000506479200887,-2.7766048108431215e-05,-2.7766048053060833e-05,-0.0002375652857153816,-0.0002375652855938706
247.75,-0.00042344763423209347,-0.00042344762838094003,-30.000565182445705,-30.000565182400198,-2.698618147418217e-05,-2.698618141873742e-05,-0.00023206038258848932,-0.00023206038246694686
248.0,-0.00043009637258004005,-0.00043009636671501587,-30.000622509474496,-30.000622509428943,-2.620320740953539e-05,-2.6203207354016237e-05,-0.00022655592149806294,-0.00022655592137648897
248.25,-0.00043655511630568127,-0.0004365551104267678,-30.000678495355523,-30.000678495309923,-2.5466250838979226e-05,-2.546625078338564e-05,-0.00022133119612571472,-0.00022133119600410922
248.5,-0.00044282925222368215,-0.00044282924633086076,-30.000733175107385,-30.00073317506174,-2.4726344958258136e-05,-2.4726344902590083e-05,-0.00021610688847160166,-0.0002161068883499646
248.75,-0.00044891804301389553,-0.00044891803710714757,-30.00078654883472,-30.000786548789034,-2.398348982656415e-05,-2.3983489770821603e-05,-0.00021088300020408263,-0.00021088300008241393
249.0,-0.00045482075137100175,-0.0004548207454503086,-30.00083861664259,-30.000838616596855,-2.323768550332524e-05,-2.3237685447508165e-05,-0.00020565953299148292,-0.00020565953286978255
249.25,-0.00046054262379565736,-0.00046054261786100046,-30.000889412653542,-30.000889412607766,-2.2536828034651776e-05,-2.2536827978760145e-05,-0.0002007086206642103,-0.00020070862054247823
249.5,-0.0004660889324610332,-0.00046608892651239385,-30.000938970986038,-30.00093897094022,-2.1833175438450438e-05,-2.1833175382484217e-05,-0.0001957581055909034,-0.00019575810546913956
249.75,-0.00047145897859227916,-0.0004714589726296387,-30.000987291739587,-30.000987291693722,-2.1126727771013014e-05,-2.1126727714972172e-05,-0.00019080798935270334,-0.0001908079892309077
250.0,-0.00047665206342864595,-0.0004766520574519857,-30.001034375014097,-30.001034374968185,-2.04174850888549e-05,-2.0417485032739407e-05,-0.00018585827353071932,-0.00018585827340889183
250.25,-0.0004816733137138256,-0.0004816733077231269,-30.00108025400219,-30.001080253956232,-1.9752076331208593e-05,-1.9752076275018416e-05,-0.0001811736938880575,-0.0001811736937661981
250.5,-0.0004865278811657848,-0.000486527875161029,-30.001124961892486,-30.001124961846482,-1.908402243198128e-05,-1.9084022375716388e-05,-0.00017648949140419416,-0.00017648949128230284
250.75,-0.0004912151045058045,-0.0004912150984869727,-30.00116849877946,-30.001168498733414,-1.8413323444616872e-05,-1.841332338827723e-05,-0.00017180566757542674,-0.00017180566745350344
251.0,-0.000495734322468553,-0.0004957343164356265,-30.001210864757965,-30.001210864711876,-1.773997942277089e-05,-1.773997936635647e-05,-0.0001671222238980223,-0.00016712222377606698
251.25,-0.0005000905369543778,-0.0005000905309073379,-30.001252092066274,-30.001252092020138,-1.7109319882441317e-05,-1.7109319825952087e-05,-0.00016269630197170322,-0.00016269630184971587
251.5,-0.0005042887741211864,-0.0005042887680600143,-30.001292212938754,-30.001292212892572,-1.6476160879066687e-05,-1.6476160822502616e-05,-0.00015827073750592573,-0.00015827073738390628
251.75,-0.0005083284091095449,-0.000508328403034222,-30.00133122746495,-30.00133122741872,-1.5840502463299345e-05,-1.58405024066604e-05,-0.00015384553191458006,-0.00015384553179252847
252.0,-0.0005122088170727076,-0.0005122088109832152,-30.001369135734752,-30.001369135688478,-1.5202344685991583e-05,-1.520234462927774e-05,-0.00014942068661152774,-0.00014942068648944397
252.25,-0.0005159348706528271,-0.0005159348645491464,-30.001405969012577,-30.001405968966257,-1.4605690920909034e-05,-1.460569086412026e-05,-0.0001452455921870106,-0.0001452455920648946
252.5,-0.0005195114660181269,-0.0005195114599002392,-30.001441758559043,-30.001441758512676,-1.4006678975405014e-05,-1.4006678918541279e-05,-0.0001410708359465742,-0.00014107083582442595
252.75,-0.0005229380136294878,-0.0005229380074973743,-30.00147650445886,-30.001476504412448,-1.3405308897400125e-05,-1.3405308840461395e-05,-0.00013689641922418836,-0.0001368964191020078
253.0,-0.0005262139239597942,-0.0005262139178134362,-30.001510206797075,-30.001510206750616,-1.2801580735003616e-05,-1.280158067798986e-05,-0.00013272234335379572,-0.0001327223432315828
253.25,-0.0005293439366166622,-0.0005293439304560409,-30.001542895849308,-30.001542895802803,-1.2238150289251718e-05,-1.2238150232162904e-05,-0.00012879012756670502,-0.0001287901274444597
253.5,-0.0005323328139909574,-0.0005323328078160541,-30.001574601887487,-30.001574601840936,-1.1672498481948191e-05,-1.1672498424784287e-05,-0.00012485823113111906,-0.00012485823100884133
253.75,-0.0005351800007479446,-0.0005351799945587405,-30.001605324991605,-30.00160532494501,-1.1104625358344844e-05,-1.1104625301105817e-05,-0.00012092665530361222,-0.00012092665518130208
254.0,-0.0005378849415642239,-0.0005378849353607002,-30.001635065241974,-30.001635065195334,-1.0534530963871189e-05,-1.0534530906557008e-05,-0.00011699540134073328,-0.00011699540121839068
254.25,-0.0005404522398424307,-0.0005404522336245687,-30.001663851914717,-30.001663851868035,-1.0003507082384297e-05,-1.000350702499493e-05,-0.0001132980306242659,-0.00011329803050189079
254.5,-0.0005428865210174901,-0.000542886514785271,-30.00169171428238,-30.001691714235655,-9.470394145786798e-06,-9.470394088322213e-06,-0.00010960096089002828,-0.00010960096076762062
254.75,-0.0005451872628309522,-0.0005451872565843571,-30.001718652420355,-30.001718652373587,-8.935192196727409e-06,-8.935192139187573e-06,-0.000105904193319752,-0.00010590419319731177
255.0,-0.00054735394303505,-0.00054735393677406,-30.00174466640433,-30.001744666357517,-8.397901278021967e-06,-8.397901220406849e-06,-0.00010220772909514451,-0.00010220772897267165
255.25,-0.0005493910262307617,-0.000549391019955358,-30.001769784504162,-30.001769784457306,-7.89843740232903e-06,-7.898437344638597e-06,-9.873711659287035e-05,-9.873711647036483e-05
255.5,-0.0005513029982952115,-0.0005513029920053753,-30.001794034986233,-30.00179403493933,-7.397012234599671e-06,-7.3970121768338935e-06,-9.526678718372006e-05,-9.526678706118182e-05
255.75,-0.0005530893689104013,-0.0005530893626061139,-30.00181741792145,-30.001817417874506,-6.8936258149476065e-06,-6.893625757106452e-06,-9.179674197715248e-05,-9.179674185458148e-05
256.0,-0.000554749647768381,-0.0005547496414496233,-30.00183993338101,-30.00183993333402,-6.388278183643452e-06,-6.388278125726888e-06,-8.832698208260375e-05,-8.832698195999996e-05
256.25,-0.0005562881586139738,-0.0005562881522807271,-30.001861608625333,-30.001861608578295,-5.919502230151607e-06,-5.919502172159602e-06,-8.507501663954694e-05,-8.507501651691031e-05
256.5,-0.0005577092457095488,-0.0005577092393617944,-30.001882470911486,-30.001882470864402,-5.448888189764139e-06,-5.448888131696661e-06,-8.18233168951204e-05,-8.182331677245089e-05
256.75,-0.0005590124495380853,-0.0005590124431758041,-30.00190252030602,-30.001902520258895,-4.976436100129892e-06,-4.976436041986909e-06,-7.857188388908859e-05,-7.857188376638615e-05
257.0,-0.0005601973105919929,-0.0005601973042151661,-30.00192175687576,-30.001921756828587,-4.502145999044753e-06,-4.502145940826231e-06,-7.532071866119464e-05,-7.532071853845925e-05
257.25,-0.0005612680102166326,-0.0005612680038252413,-30.001940206871865,-30.001940206824646,-4.063164421943005e-06,-4.063164363648912e-06,-7.22792915040845e-05,-7.227929138131609e-05
257.5,-0.0005622287495163655,-0.0005622287431103908,-30.00195789654226,-30.001957896494996,-3.6224634056548587e-06,-3.622463347285163e-06,-6.923811315786405e-05,-6.923811303506258e-05
257.75,-0.0005630790986357991,-0.0005630790922152222,-30.001974825949276,-30.001974825901964,-3.1800429854361347e-06,-3.180042926990804e-06,-6.619718459518139e-05,-6.619718447234683e-05
258.0,-0.0005638186277283722,-0.000563818621293174,-30.00199099515547,-30.001990995108116,-2.735903196680204e-06,-2.7359031381592054e-06,-6.315650678866465e-05,-6.315650666579695e-05
258.25,-0.0005644513746775298,-0.0005644513682276915,-30.002006429405995,-30.002006429358595,-2.325804838077559e-06,-2.3258047794808597e-06,-6.0317536004185066e-05,-6.031753588128421e-05
258.5,-0.0005649813963695293,-0.000564981389905032,-30.00202115394286,-30.002021153895413,-1.914101144894628e-06,-1.9141010862221953e-06,-5.747879765956639e-05,-5.747879753663233e-05
258.75,-0.0005654082914748401,-0.0005654082849956648,-30.002035168824285,-30.002035168776793,-1.500792150067462e-06,-1.5007920913192638e-06,-5.4640292662910316e-05,-5.464029253994301e-05
259.0,-0.0005657316586721814,-0.0005657316521783092,-30.002048474108726,-30.002048474061187,-1.085877886660535e-06,-1.0858778278365384e-06,-5.1802021922299875e-05,-5.180202179929929e-05
259.25,-0.0005659553917718428,-0.0005659553852632546,-30.002061094041323,-30.002061093993742,-7.037376170599276e-07,-7.037375581601e-07,-4.915747483992299e-05,-4.915747471688907e-05
259.5,-0.0005660834028352028,-0.0005660833963118798,-30.00207305286421,-30.00207305281658,-3.2010160135549036e-07,-3.2010154237979903e-07,-4.651314435098592e-05,-4.651314422791863e-05
259.75,-0.0005661153179295695,-0.0005661153113914926,-30.002084350631634,-30.00208435058396,6.50301297621233e-08,6.503018881371121e-08,-4.3869031301598625e-05,-4.386903117849792e-05
260.0,-0.0005660507631299383,-0.0005660507565770885,-30.002094987398063,-30.002094987350347,4.5165754548260337e-07,4.516576046101212e-07,-4.122513653785367e-05,-4.12251364147195e-05
260.25,-0.0005658934879845134,-0.0005658934814168718,-30.00210498641722,-30.002104986369456,8.067753928327913e-07,8.067754520362724e-07,-3.876705012148358e-05,-3.876704999831591e-05
260.5,-0.0005656472595472503,-0.0005656472529647978,-30.002114370939914,-30.002114370892105,1.163283875444436e-06,1.1632839347239139e-06,-3.630916498268976e-05,-3.630916485948855e-05
260.75,-0.0005653117301628963,-0.000565311723565614,-30.002123141016565,-30.00212314096871,1.5211829647970709e-06,1.5211830241525786e-06,-3.3851481908123336e-05,-3.385148178488854e-05
261.0,-0.0005648865521833428,-0.0005648865455712117,-30.002131296697787,-30.002131296649885,1.8804726322589812e-06,1.8804726916905523e-06,-3.139400168441926e-05,-3.139400156115083e-05
261.25,-0.0005643753310999587,-0.0005643753244729599,-30.002138860256757,-30.00213886020881,2.2095110291949767e-06,2.2095110887026453e-06,-2.9114501034500855e-05,-2.911450091119877e-05
261.5,-0.0005637816891726537,-0.0005637816825307679,-30.00214585396386,-30.002145853915867,2.539839379232035e-06,2.5398394388158345e-06,-2.6835186880971245e-05,-2.683518675763546e-05
261.75,-0.0005631053039164534,-0.0005631052972596616,-30.002152277865815,-30.002152277817775,2.871457655944085e-06,2.8714577156040484e-06,-2.455605995352792e-05,-2.455605983015839e-05
262.0,-0.000562345852853003,-0.0005623458461812863,-30.002158132009516,-30.00215813196143,3.2043658328018606e-06,3.204365892538022e-06,-2.2277120981853394e-05,-2.2277120858450076e-05
262.25,-0.0005615067979889368,-0.0005615067913022761,-30.00216343770057,-30.002163437652438,3.508272021962446e-06,3.508272081774838e-06,-2.0168436047082936e-05,-2.0168435923645784e-05
262.5,-0.00056059161737192,-0.0005605916106702963,-30.00216821624191,-30.00216821619373,3.8133718523467386e-06,3.813371912235395e-06,-1.8059923364589258e-05,-1.805992324111823e-05
262.75,-0.0005596000125946956,-0.0005596000058780897,-30.00217246767668,-30.002172467628455,4.119665299546933e-06,4.119665359511889e-06,-1.59515836095884e-05,-1.5951583486083455e-05
263.0,-0.0005585316852561206,-0.0005585316785245135,-30.002176192048196,-30.002176191999926,4.427152339059735e-06,4.427152399101024e-06,-1.3843417457282568e-05,-1.3843417333743668e-05
263.25,-0.000557389954790544,-0.0005573899480439165,-30.002179409709345,-30.00217940966103,4.706874992879698e-06,4.706875052997354e-06,-1.189789805223611e-05,-1.1897897928663212e-05
263.5,-0.0005561781559569528,-0.000556178149195286,-30.002182141010447,-30.002182140962088,4.987699279438676e-06,4.987699339632733e-06,-9.952537193219784e-06,-9.952537069612845e-06
263.75,-0.0005548960133499687,-0.0005548960065732434,-30.002184385991217,-30.002184385942815,5.269625176270895e-06,5.269625236541385e-06,-8.007335503402512e-06,-8.00733537976149e-06
264.0,-0.0005535432515698409,-0.000553543244778038,-30.002186144691528,-30.00218614464308,5.5526526608224495e-06,5.5526527211694076e-06,-6.062293605940483e-06,-6.0622934822653376e-06
264.25,-0.0005521230487057787,-0.0005521230418988792,-30.002187436528068,-30.002187436479574,5.809139228916583e-06,5.809139289340044e-06,-4.2724228283427e-06,-4.27242270463339e-06
264.5,-0.0005506385974676188,-0.0005506385906456034,-30.00218828091507,-30.002188280866534,6.066639650178472e-06,6.066639710678468e-06,-2.4826974276809663e-06,-2.4826973039374504e-06
264.75,-0.0005490896443946424,-0.0005490896375574919,-30.002188677888956,-30.002188677840376,6.3251539040082345e-06,6.3251539645848e-06,-6.931179774692913e-07,-6.931178536915271e-07
265.0,-0.000547475936031291,-0.0005474759291789864,-30.002188627486284,-30.002188627437658,6.584681969724884e-06,6.584682030378054e-06,1.0963149487899897e-06,1.0963150726020458e-06
265.25,-0.0005458005106386899,-0.0005458005037712121,-30.002188148205562,-30.00218814815689,6.8188762095307725e-06,6.818876270260579e-06,2.7379088104662146e-06,2.737908934312607e-06
265.5,-0.0005440664204080847,-0.0005440664135254144,-30.002187258542957,-30.00218725849424,7.05400067062994e-06,7.054000731436418e-06,4.3793699292594805e-06,4.379370053140254e-06
265.75,-0.0005422734327865016,-0.0005422734258886196,-30.00218595853172,-30.002185958482954,7.2900553342125695e-06,7.290055395095754e-06,6.020697778964429e-06,6.020697902879627e-06
266.0,-0.0005404213152256788,-0.0005404213083125659,-30.002184248205232,-30.00218424815642,7.527040181394429e-06,7.527040242354351e-06,7.661891833386361e-06,7.66189195733603e-06
266.25,-0.0005385129679417141,-0.0005385129610133513,-30.00218214516315,-30.002182145114293,7.739879866739798e-06,7.739879927776498e-06,9.162424814006036e-06,9.16242493799022e-06
266.5,-0.0005365513044048121,-0.0005365512974611802,-30.002179667002892,-30.002179666953992,7.953570202048563e-06,7.953570263162074e-06,1.066283715416433e-05,1.0662837278183072e-05
266.75,-0.0005345361119546176,-0.0005345361049956973,-30.00217681375468,-30.002176813705734,8.168111170225624e-06,8.168111231415978e-06,1.2163128372667573e-05,1.2163128496720919e-05
267.0,-0.0005324671779350574,-0.0005324671709608295,-30.002173585448855,-30.002173585399863,8.383502754107828e-06,8.383502815375063e-06,1.3663297988331789e-05,1.3663298112419778e-05
267.25,-0.00053034726654324,-0.0005303472595536851,-30.002169998806682,-30.002169998757648,8.575917556192557e-06,8.575917617536706e-06,1.5029821296825079e-05,1.5029821420947755e-05
267.5,-0.0005281791545697245,-0.0005281791475648235,-30.002166070547307,-30.002166070498227,8.769107405121562e-06,8.76910746654266e-06,1.6396235540256685e-05,1.63962356644141e-05
267.75,-0.0005259626482547304,-0.000525962641234464,-30.00216180069805,-30.002161800648924,8.963072285439772e-06,8.963072346937852e-06,1.7762540280199903e-05,1.77625404043921e-05
268.0,-0.0005236975538423489,-0.0005236975468066978,-30.002157189286343,-30.00215718923717,9.157812181630108e-06,9.157812243205206e-06,1.9128735078236785e-05,1.9128735202463806e-05
268.25,-0.0005213865017575923,-0.0005213864947065374,-30.00215225217653,-30.00215225212731,9.330721716766611e-06,9.33072177841876e-06,2.036812720292937e-05,2.036812732719126e-05
268.5,-0.0005190321343743718,-0.0005190321273078938,-30.002147005230924,-30.002147005181662,9.504334567031263e-06,9.504334628760498e-06,2.1607421316653367e-05,2.1607421440950167e-05
268.75,-0.0005166342758656403,-0.00051663426878372,-30.002141448474084,-30.002141448424776,9.678650718535138e-06,9.678650780341494e-06,2.2846617021559054e-05,2.2846617145890812e-05
269.0,-0.00051419275040783,-0.000514192743310448,-30.002135581930663,-30.00213558188131,9.853670157333048e-06,9.85367021921656e-06,2.4085713919804595e-05,2.4085714044171352e-05
269.25,-0.0005117100571003785,-0.0005117100499875156,-30.00212942063037,-30.002129420580975,1.0007982195676839e-05,1.000798225763754e-05,2.5204673909120255e-05,2.5204674033522056e-05
269.5,-0.0005091887063638089,-0.0005091886992354456,-30.002122979601012,-30.00212297955157,1.0162929588216936e-05,1.016292965025486e-05,2.6323546426983432e-05,2.632354655142032e-05
269.75,-0.0005066285393611203,-0.0005066285322172375,-30.002116258864493,-30.002116258815004,1.031851232255764e-05,1.0318512384672824e-05,2.744233111398836e-05,2.744233123846038e-05
270.0,-0.0005040293972584175,-0.0005040293900989958,-30.002109258442818,-30.002109258393283,1.0474730386252425e-05,1.0474730448444903e-05,2.8561027610736288e-05,2.856102773524348e-05
270.25,-0.0005013936504553807,-0.0005013936432804008,-30.00210199255408,-30.002101992504503,1.0611339215662445e-05,1.0611339277932252e-05,2.9566069453111862e-05,2.9566069577654274e-05
270.5,-0.0004987236800622333,-0.0004987236728716759,-30.00209447541456,-30.002094475364935,1.0748519105311673e-05,1.0748519167658845e-05,3.057103385663015e-05,3.057103398120784e-05
270.75,-0.0004960193433152864,-0.0004960193361091321,-30.00208670704365,-30.00208670699398,1.08862700442258e-05,1.088627010665037e-05,3.157592049825501e-05,3.1575920622868014e-05
271.0,-0.0004932804974536003,-0.0004932804902318297,-30.00207868746083,-30.002078687411117,1.1024592021384832e-05,1.1024592083886836e-05,3.25807290549565e-05,3.258072917960486e-05
271.25,-0.0004905093869627746,-0.0004905093797253683,-30.002070430096158,-30.0020704300464,1.1144376960494644e-05,1.1144377023074116e-05,3.3478177084560144e-05,3.3478177209243916e-05
271.5,-0.0004877082664461169,-0.00048770825919305585,-30.00206194837796,-30.002061948328155,1.1264672226439648e-05,1.1264672289096625e-05,3.437555720947874e-05,3.4375557334197966e-05
271.75,-0.0004848770083231206,-0.00048487700105438535,-30.00205324232325,-30.002053242273398,1.1385477809596295e-05,1.1385477872330811e-05,3.527286914103164e-05,3.5272869265786356e-05
272.0,-0.00048201548501568996,-0.00048201547773126115,-30.00204431194911,-30.002044311899212,1.1506793700300209e-05,1.15067937631123e-05,3.617011259054362e-05,3.617011271533387e-05
272.25,-0.0004791258180223322,-0.00047912581072219045,-30.002035169921587,-30.002035169871647,1.1610617754837599e-05,1.1610617817727298e-05,3.6966097848436024e-05,3.696609797326186e-05
272.5,-0.0004762101383844805,-0.0004762101310686064,-30.002025828905104,-30.002025828855118,1.1714894854864525e-05,1.1714894917831868e-05,3.776202424665128e-05,3.776202437151274e-05
272.75,-0.00047326833284180446,-0.0004732683255101786,-30.002016288914405,-30.00201628886437,1.181962499203888e-05,1.1819625055083904e-05,3.855789152891146e-05,3.855789165380859e-05
273.0,-0.0004703002881360638,-0.0004703002807886667,-30.0020065499643,-30.002006549914224,1.1924808157982317e-05,1.1924808221105056e-05,3.935369943894338e-05,3.935369956387622e-05
273.25,-0.0004673080058293066,-0.00046730799846611895,-30.001996623981217,-30.001996623931095,1.2013516814357516e-05,1.2013516877558005e-05,4.0054156922194355e-05,4.005415704716295e-05
273.5,-0.0004642934964700405,-0.0004642934890910428,-30.001986522890046,-30.00198652283988,1.2102624576868191e-05,1.2102624640146465e-05,4.075456411155325e-05,4.0754564236557646e-05
273.75,-0.00046125666028262204,-0.00046125665288779483,-30.001976246703386,-30.001976246653175,1.2192131438385772e-05,1.2192131501741868e-05,4.145492078125439e-05,4.1454920906294635e-05
274.0,-0.0004581973974931939,-0.0004581973900825177,-30.001965795433897,-30.00196579538364,1.2282037391749765e-05,1.2282037455183718e-05,4.215522670553616e-05,4.215522683061229e-05
274.25,-0.0004551175928848284,-0.0004551175854582838,-30.00195518029301,-30.001955180242707,1.2356457541938422e-05,1.2356457605450267e-05,4.276589343953918e-05,4.2765893564651235e-05
274.5,-0.00045201913968909163,-0.00045201913224665905,-30.001944412490708,-30.00194441244036,1.2431226089725802e-05,1.2431226153315574e-05,4.337651797676237e-05,4.3376518101910406e-05
274.75,-0.0004489019508073309,-0.0004489019433489909,-30.00193349203757,-30.001933491987174,1.2506343029130464e-05,1.25063430927982e-05,4.398710012012472e-05,4.3987100245308776e-05
275.0,-0.00044576593914239253,-0.00044576593166812566,-30.00192241894421,-30.001922418893773,1.25818083541431e-05,1.2581808417888835e-05,4.459763967254859e-05,4.459763979776872e-05
275.25,-0.00044261287594677106,-0.00044261286845655775,-30.001911203731847,-30.001911203681363,1.2642747345907892e-05,1.2642747409731662e-05,4.512405354472504e-05,4.512405366998128e-05
275.5,-0.00043944454040210316,-0.00043944453289592394,-30.001899856920332,-30.0018998568698,1.2703987145699833e-05,1.2703987209601674e-05,4.5650432859648575e-05,4.565043298494097e-05
275.75,-0.00043626085730699395,-0.0004362608497848293,-30.001888378518327,-30.00188837846775,1.2765527748619778e-05,1.2765527812599725e-05,4.6176777447158497e-05,4.617677757248709e-05
276.0,-0.00043306175146127634,-0.00043306174392310676,-30.001876768534533,-30.00187676848391,1.2827369149744514e-05,1.2827369213802604e-05,4.6703087137096885e-05,4.6703087262461725e-05
276.25,-0.00042984888391109046,-0.0004298488763568964,-30.001865036824775,-30.001865036774106,1.2875613956280065e-05,1.2875614020416334e-05,4.7150586432885014e-05,4.715058655828614e-05
276.5,-0.0004266239231310292,-0.000426623915560791,-30.001853193243612,-30.001853193192897,1.2924114988102775e-05,1.292411505231726e-05,4.759805836491907e-05,4.759805849035653e-05
276.75,-0.00042338680506525533,-0.0004233867974789535,-30.0018412377979,-30.00184123774714,1.297287224133259e-05,1.2972872305625324e-05,4.8045502788257776e-05,4.8045502913731606e-05
277.0,-0.0004201374656589042,-0.0004201374580565192,-30.00182917049454,-30.00182917044373,1.3021885712068957e-05,1.3021885776439978e-05,4.849291955796205e-05,4.8492919683472305e-05
277.25,-0.00041687745913755254,-0.00041687745151906477,-30.00181700054878,-30.001817000497926,1.3058202215209239e-05,1.3058202279658582e-05,4.88666431427191e-05,4.886664326826581e-05
277.5,-0.00041360834667318906,-0.00041360833903857894,-30.001804737174698,-30.0018047371238,1.3094733255677787e-05,1.3094733320205487e-05,4.924034612315555e-05,4.9240346248738776e-05
277.75,-0.00041033007463184664,-0.0004103300669810946,-30.00179238037746,-30.001792380326513,1.3131478830552138e-05,1.3131478895158233e-05,4.961402837791205e-05,4.961402850353183e-05
278.0,-0.000407042589380291,-0.0004070425817133774,-30.00177993016226,-30.00177993011127,1.316843893689267e-05,1.3168439001577197e-05,4.998768978563089e-05,4.9987689911287266e-05
278.25,-0.00040374734175745,-0.00040374733407435524,-30.001767395128514,-30.001767395077476,1.3193571318090094e-05,1.3193571382853086e-05,5.0292577878722175e-05,5.029257800441519e-05
278.5,-0.000400445789085203,-0.00040044578138590745,-30.001754783874524,-30.00175478382344,1.321887933180494e-05,1.3218879396646436e-05,5.059745170516812e-05,5.059745183089782e-05
278.75,-0.0003971378874556733,-0.0003971378797401574,-30.001742096403873,-30.001742096352743,1.3244362976012588e-05,1.3244363040932622e-05,5.090231116561691e-05,5.090231129138334e-05
279.0,-0.0003938235929614923,-0.0003938235852297364,-30.001729332720164,-30.001729332668987,1.3270022248674357e-05,1.3270022313672967e-05,5.120715616071788e-05,5.1207156286521084e-05
279.25,-0.0003905042565243308,-0.0003905042487763152,-30.00171650083152,-30.001716500780297,1.32846924820407e-05,1.3284692547117922e-05,5.144795165074708e-05,5.14479517765871e-05
279.5,-0.0003871812351038101,-0.00038718122733951517,-30.001703608745046,-30.001703608693777,1.32995021153516e-05,1.329950218050747e-05,5.168873880264165e-05,5.168873892851853e-05
279.75,-0.0003838544938500919,-0.00038385448606949795,-30.001690656462834,-30.00169065641152,1.3314451147422297e-05,1.3314451212656851e-05,5.19295175375457e-05,5.1929517663459486e-05
280.0,-0.0003805239979136355,-0.00038052399011672284,-30.001677643986998,-30.00167764393564,1.3329539577056874e-05,1.332953964237015e-05,5.2170287776604016e-05,5.217028790255475e-05
280.25,-0.0003771910017918531,-0.0003771909939786021,-30.00166457875872,-30.001664578707317,1.3334447018852942e-05,1.3334447084244976e-05,5.235153802921698e-05,5.235153815520471e-05
280.5,-0.00037385676559340084,-0.0003738567577637917,-30.00165146821823,-30.00165146816678,1.3339460190349729e-05,1.3339460255820558e-05,5.2532785475867106e-05,5.253278560189189e-05
280.75,-0.0003705212628859035,-0.00037052125503991655,-30.001638312366236,-30.00163831231474,1.3344579091146183e-05,1.3344579156695844e-05,5.271403005674499e-05,5.271403018280686e-05
281.0,-0.00036718446723708713,-0.00036718445937470267,-30.00162511120346,-30.001625111151917,1.3349803720832796e-05,1.3349803786461325e-05,5.2895271712041444e-05,5.2895271838140445e-05
281.25,-0.00036384754022559943,-0.0003638475323467977,-30.0016118716282,-30.00161187157661,1.3345624789897202e-05,1.3345624855604636e-05,5.302133082430339e-05,5.3021330950439565e-05
281.5,-0.0003605116486327112,-0.00036051164073747256,-30.001598600537868,-30.001598600486233,1.3341520372091939e-05,1.3341520437878314e-05,5.314739227944144e-05,5.3147392405614836e-05
281.75,-0.0003571767738300988,-0.0003571767659184034,-30.001585297931882,-30.0015852978802,1.3337490467745354e-05,1.3337490533610707e-05,5.327345603530467e-05,5.327345616151533e-05
282.0,-0.00035384289718935703,-0.0003538428892611852,-30.001571963809674,-30.001571963757947,1.3333535077179839e-05,1.3333535143124208e-05,5.3399522049741965e-05,5.3399522175989936e-05
282.25,-0.00035051109087798306,-0.000350511082933315,-30.001558604550386,-30.001558604498612,1.332092302090514e-05,1.3320923086928561e-05,5.34745535074169e-05,5.347455363370223e-05
282.5,-0.0003471824318753164,-0.0003471824239141324,-30.001545226532343,-30.001545226480523,1.3308356607689235e-05,1.3308356673791746e-05,5.354959208661203e-05,5.3549592212934757e-05
282.75,-0.0003438569087704666,-0.0003438569007927469,-30.001531829753766,-30.0015318297019,1.329583583853743e-05,1.3295835904719067e-05,5.362463776150755e-05,5.3624637887867724e-05
283.0,-0.0003405345101522924,-0.0003405345021580172,-30.001518414212885,-30.001518414160977,1.328336071445138e-05,1.3283360780712181e-05,5.36996905062831e-05,5.369969063268076e-05
283.25,-0.0003372162222772145,-0.0003372162142663639,-30.001504985793044,-30.00150498574109,1.3262945455036485e-05,1.3262945521376487e-05,5.3727670202817914e-05,5.3727670329253106e-05
283.5,-0.00033390303584027463,-0.00033390302781282895,-30.001491550376837,-30.001491550324836,1.3242549209618487e-05,1.3242549276037727e-05,5.375566144254667e-05,5.3755661569019445e-05
283.75,-0.00033059494608776973,-0.0003305949380437091,-30.001478107961375,-30.001478107909332,1.3222171979829076e-05,1.3222172046327592e-05,5.378366421471301e-05,5.378366434122341e-05
284.0,-0.0003272919482655888,-0.0003272919402048934,-30.00146465854378,-30.00146465849169,1.3201813767298419e-05,1.3201813833876245e-05,5.381167850855965e-05,5.3811678635107714e-05
284.25,-0.0003239949462026428,-0.0003239949381252928,-30.00145120753454,-30.001451207482404,1.3174201823140178e-05,1.3174201889797355e-05,5.3796398086769886e-05,5.3796398213355666e-05
284.5,-0.000320704847810492,-0.0003207048397164676,-30.00143776034345,-30.001437760291267,1.3146584401305149e-05,1.3146584468041713e-05,5.378113328614593e-05,5.3781133412769465e-05
284.75,-0.0003174216544582794,-0.0003174216463475607,-30.00142431696661,-30.00142431691438,1.3118961504002707e-05,1.3118961570818696e-05,5.376588410978578e-05,5.376588423644712e-05
285.0,-0.0003141453675145957,-0.00031414535938716277,-30.001410877400108,-30.001410877347833,1.309133313344267e-05,1.309133320033812e-05,5.37506505607862e-05,5.375065068748539e-05
285.25,-0.0003108768118396047,-0.00031087680369543775,-30.00139744660407,-30.00139744655175,1.305710761066546e-05,1.305710767764041e-05,5.369572104053439e-05,5.369572116727147e-05
285.5,-0.00030761681603705935,-0.0003076168078761385,-30.001384029537988,-30.001384029485624,1.302285415433405e-05,1.3022854221388537e-05,5.364081088899102e-05,5.3640811015766034e-05
285.75,-0.00030436538709000574,-0.0003043653789123111,-30.001370626197023,-30.001370626144613,1.2988572767188694e-05,1.2988572834322755e-05,5.358592012195687e-05,5.358592024876986e-05
286.0,-0.00030112253198080454,-0.0003011225237863162,-30.001357236576325,-30.00135723652387,1.2954263451971884e-05,1.2954263519185556e-05,5.353104875523115e-05,5.3531048882082165e-05
286.25,-0.00029788900002718124,-0.0002978889918158793,-30.001343865207662,-30.00134386515516,1.2913984101237552e-05,1.2913984168530874e-05,5.343990441253935e-05,5.343990453942844e-05
286.5,-0.0002946655439679406,-0.0002946655357398052,-30.001330516622236,-30.001330516569688,1.2873656297447683e-05,1.2873656364820693e-05,5.3348782868909325e-05,5.3348782995836535e-05
286.75,-0.0002914521759159434,-0.0002914521676709546,-30.00131719081434,-30.001317190761746,1.2833280043828476e-05,1.2833280111281213e-05,5.325768415174925e-05,5.325768427871462e-05
287.0,-0.00028824890798324323,-0.000288248899721381,-30.00130388777827,-30.00130388772563,1.279285534361001e-05,1.279285541114251e-05,5.316660828846547e-05,5.3166608415469046e-05
287.25,-0.00028505641733195567,-0.0002850564090532001,-30.001290611638936,-30.00129061158625,1.274705867750188e-05,1.2747058745114181e-05,5.304251075346962e-05,5.304251088051145e-05
287.5,-0.0002818753842389347,-0.00028187537594326584,-30.001277366520746,-30.001277366468013,1.2701194878088345e-05,1.2701194945780483e-05,5.2918439143872434e-05,5.291843927095256e-05
287.75,-0.0002787058254870481,-0.000278705817174446,-30.001264152417214,-30.001264152364435,1.2655263949038478e-05,1.2655264016810494e-05,5.2794393497649066e-05,5.2794393624767536e-05
288.0,-0.00027554775785824584,-0.00027554774952869053,-30.001250969321845,-30.00125096926902,1.260926589402673e-05,1.260926596187866e-05,5.2670373852772594e-05,5.267037397992945e-05
288.25,-0.00027240178969995606,-0.0002724017813534275,-30.00123782097367,-30.0012378209208,1.255846536044935e-05,1.2558465428381234e-05,5.251641639608569e-05,5.2516416523280984e-05
288.5,-0.0002692685321837736,-0.00026926852382025185,-30.001224711111266,-30.00122471105835,1.2507580757845842e-05,1.2507580825857715e-05,5.2362487700191996e-05,5.2362487827425764e-05
288.75,-0.0002661480063264463,-0.0002661479979459114,-30.001211639727437,-30.001211639674473,1.245661209028694e-05,1.2456612158378844e-05,5.22085878126468e-05,5.220858793991909e-05
289.0,-0.00026304023314370354,-0.0002630402247461354,-30.00119860681497,-30.00119860676196,1.2405559361850112e-05,1.2405559430022081e-05,5.20547167810031e-05,5.2054716908313964e-05
289.25,-0.00025994575545745314,-0.0002599457470428318,-30.00118561574744,-30.001185615694382,1.2350245569043573e-05,1.2350245637295647e-05,5.1873828759925944e-05,5.187382888727542e-05
289.5,-0.00025686511863855254,-0.00025686511020685796,-30.001172669897997,-30.001172669844895,1.2294832423789895e-05,1.2294832492122111e-05,5.1692972057040294e-05,5.169297218442843e-05
289.75,-0.0002537983475245596,-0.0002537983390757717,-30.00115976925881,-30.00115976920566,1.2239319930522093e-05,1.2239319998934491e-05,5.1512146728546926e-05,5.151214685597376e-05
290.0,-0.00025074546695192285,-0.0002507454584860216,-30.001146913822026,-30.00114691376883,1.2183708093681138e-05,1.2183708162173755e-05,5.133135283064409e-05,5.133135295810968e-05
290.25,-0.0002477069574491452,-0.0002477069489661105,-30.001134106615595,-30.001134106562354,1.2124349082606803e-05,1.2124349151179678e-05,5.1126304268514773e-05,5.112630439601916e-05
290.5,-0.00024468330183338884,-0.00024468329333320065,-30.001121350667106,-30.00112135061382,1.206487699830302e-05,1.2064877066956192e-05,5.092128931677032e-05,5.0921289444313545e-05
290.75,-0.00024167452837236652,-0.0002416745198550049,-30.001108645968145,-30.00110864591481,1.2005291845527521e-05,1.200529191426103e-05,5.071630803937302e-05,5.071630816695513e-05
291.0,-0.0002386806653326006,-0.00023868065679804546,-30.001095992510287,-30.001095992456907,1.1945593629047084e-05,1.1945593697860966e-05,5.0511360500282476e-05,5.0511360627903514e-05
291.25,-0.00023570213411948447,-0.0002357021255677157,-30.001083392995127,-30.001083392941702,1.1882635189061783e-05,1.1882635257956077e-05,5.02847667740182e-05,5.028476690167822e-05
291.5,-0.00023273935818127022,-0.0002327393496122677,-30.001070850123945,-30.001070850070473,1.181955143067232e-05,1.1819551499647065e-05,5.005820869773917e-05,5.005820882543821e-05
291.75,-0.00022979236884692825,-0.00022979236026067186,-30.001058363887818,-30.0010583638343,1.1756342358925357e-05,1.175634242798059e-05,4.9831686342334486e-05,4.983168647007259e-05
292.0,-0.00022686119744416607,-0.0002268611888406357,-30.001045934277805,-30.00104593422424,1.1693007978877582e-05,1.1693008048013344e-05,4.960519977869039e-05,4.960519990646761e-05
292.25,-0.00022394620935948148,-0.000223946200738657,-30.00103356368782,-30.00103356363421,1.1626874002771042e-05,1.1626874071987373e-05,4.9359526391400154e-05,4.935952651921653e-05
292.5,-0.00022104777179047437,-0.0002210477631523356,-30.001021254511503,-30.001021254457847,1.1560603854340432e-05,1.1560603923637368e-05,4.911389045351294e-05,4.911389058136853e-05
292.75,-0.0002181659187795633,-0.0002181659101240901,-30.00100900673948,-30.001009006685777,1.149419753888732e-05,1.1494197608264901e-05,4.886829204205768e-05,4.886829216995251e-05
293.0,-0.00021530068436784002,-0.00021530067569501223,-30.00099682036236,-30.00099682030861,1.1427655061724176e-05,1.142765513118244e-05,4.8622731234060265e-05,4.862273136199439e-05
293.25,-0.0002124523809572592,-0.00021245237226705664,-30.000984697484444,-30.00098469743065,1.1358747936358567e-05,1.1358748005897553e-05,4.836029865114494e-05,4.8360298779118414e-05
293.5,-0.00020962132254271316,-0.00020962131383511564,-30.0009726402098,-30.000972640155958,1.128969509436559e-05,1.1289695163985337e-05,4.809790508905649e-05,4.809790521706935e-05
293.75,-0.00020680754555266848,-0.0002068075368276558,-30.000960648528658,-30.00096064847477,1.1220496541269431e-05,1.1220496610969979e-05,4.7835550630222806e-05,4.78355507582751e-05
294.0,-0.0002040110864142092,-0.00020401107767176118,-30.000948722431232,-30.0009487223773,1.1151152282605936e-05,1.1151152352387322e-05,4.7573235357068666e-05,4.757323548516044e-05
294.25,-0.00020123220750591683,-0.00020123219874601322,-30.000936863749676,-30.000936863695696,1.107985331155578e-05,1.1079853381418047e-05,4.7296223885863424e-05,4.729622401399472e-05
294.5,-0.0001984711725942825,-0.0001984711638169031,-30.00092507431594,-30.000925074261914,1.1008400310292986e-05,1.100840038023617e-05,4.7019252790863707e-05,4.701925291903458e-05
294.75,-0.00019572802018614518,-0.00019572801139126976,-30.000913354119923,-30.00091335406585,1.0936793284533748e-05,1.093679335455789e-05,4.6742322159200223e-05,4.674232228741071e-05
295.0,-0.0001930027887869131,-0.00019300277997452142,-30.000901703151495,-30.000901703097377,1.0865032240006587e-05,1.0865032310111724e-05,4.646543207800044e-05,4.646543220625059e-05
295.25,-0.00019029569363689753,-0.00019029568480696934,-30.00089012298751,-30.000890122933345,1.0791702094758371e-05,1.0791702164944544e-05,4.6175886772501943e-05,4.61758869007918e-05
295.5,-0.00018760695117196941,-0.00018760694232448444,-30.000878615204662,-30.00087861515045,1.071821076028588e-05,1.0718210830553128e-05,4.5886382994235224e-05,4.588638312256483e-05
295.75,-0.00018493660168870016,-0.00018493659282363813,-30.000867179792557,-30.0008671797383,1.0644558242468375e-05,1.0644558312816738e-05,4.559692083438067e-05,4.559692096275008e-05
296.0,-0.0001822846854821898,-0.0001822846765995304,-30.00085581674078,-30.000855816686478,1.0570744547198014e-05,1.0570744617627532e-05,4.530750038411536e-05,4.530750051252461e-05
296.25,-0.00017965137346104398,-0.00017965136456076696,-30.00084452738713,-30.00084452733278,1.0495723743627089e-05,1.0495723814137799e-05,4.500733595782118e-05,4.500733608627032e-05
296.5,-0.000177036837549297,-0.00017703682863138203,-30.000833313069275,-30.00083331301488,1.0420535673008736e-05,1.0420535743600679e-05,4.470721401685507e-05,4.470721414534415e-05
296.75,-0.00017444111956295912,-0.0001744411106273859,-30.000822173776587,-30.000822173722145,1.0345180341357956e-05,1.0345180412031172e-05,4.440713465583551e-05,4.4407134784364574e-05
297.0,-0.00017186426131653518,-0.00017186425236328335,-30.000811109498407,-30.00081110944392,1.0269657754703132e-05,1.026965782545766e-05,4.4107097969377575e-05,4.4107098097946666e-05
297.25,-0.00016930639211287216,-0.0001693063831419214,-30.000800121349105,-30.00080012129457,1.0193267151706516e-05,1.0193267222542394e-05,4.37981037005287e-05,4.379810382913786e-05
297.5,-0.00016676764210187472,-0.00016676763311320472,-30.000789210442964,-30.000789210388383,1.011670421439805e-05,1.011670428531532e-05,4.348915269331383e-05,4.3489152821963116e-05
297.75,-0.00016424805436635552,-0.00016424804535994592,-30.00077837676916,-30.000778376714532,1.003996894890273e-05,1.003996901990143e-05,4.318024504521788e-05,4.3180245173907336e-05
298.0,-0.00016174767198759419,-0.00016174766296342462,-30.000767620316836,-30.000767620262163,9.963061361359327e-06,9.963061432439496e-06,4.2871380853722295e-05,4.287138098245197e-05
298.25,-0.00015926658530629825,-0.00015926657626434834,-30.000756941991966,-30.000756941937247,9.885602678674555e-06,9.885602749836235e-06,4.2555225468717855e-05,4.255522559748779e-05
298.5,-0.00015680488535316572,-0.00015680487629341508,-30.00074634270046,-30.000746342645694,9.80796753708603e-06,9.807967608329259e-06,4.22391139507089e-05,4.223911407951914e-05
298.75,-0.0001543626162421465,-0.00015436260716457473,-30.00073582243134,-30.000735822376527,9.730155942804517e-06,9.730156014129335e-06,4.192304639951354e-05,4.192304652836413e-05
299.0,-0.00015193982208563597,-0.0001519398129902227,-30.000725381173602,-30.00072538111874,9.652167902054895e-06,9.652167973461343e-06,4.160702291494636e-05,4.160702304383734e-05
299.25,-0.00014953655682213254,-0.00014953654770885733,-30.000715019639237,-30.00071501958433,9.57392425445338e-06,9.573924325941499e-06,4.128525943678537e-05,4.12852595657168e-05
299.5,-0.00014715287493390818,-0.00014715286580275062,-30.000704738540204,-30.00070473848525,9.495500900866754e-06,9.495500972436582e-06,4.096354027057985e-05,4.096354039955177e-05
299.75,-0.00014478882134667524,-0.0001447888121976149,-30.000694537865414,-30.000694537810414,9.416897847568834e-06,9.416897919220413e-06,4.0641865517984695e-05,4.064186564699715e-05
300.0,-0.00014244444098457582,-0.00014244443181759227,-30.00068441760375,-30.000684417548705,9.338115100847821e-06,9.33811517258119e-06,4.032023528065127e-05,4.0320235409704303e-05
