time_s,x_m_lo,x_m_hi,y_m_lo,y_m_hi,vx_mps_lo,vx_mps_hi,vy_mps_lo,vy_mps_hi
0.0,0.0,0.0,-97.5,-97.5,0.0,0.0,0.12,0.12
0.25,4.101875262415261e-06,4.1018752628367024e-06,-97.46939893336882,-97.46939893336877,3.3268353552186755e-05,3.326835355555825e-05,0.12480852991311407,0.12480852991311414
0.5,-5.479560526952515e-07,-5.479560508288581e-07,-97.43758233575366,-97.43758233575355,-7.000354706117391e-05,-7.000354705298589e-05,0.1297242607449347,0.1297242607449349
0.75,-3.8102343116506794e-05,-3.8102343112051434e-05,-97.4045348470658,-97.40453484706563,-0.00022996662011528455,-0.00022996662010276136,0.13465566383960137,0.13465566383960167
1.0,-8.625500309461146e-05,-8.62550030864833e-05,-97.37024193097463,-97.3702419309744,-0.00015478024831132742,-0.0001547802482944691,0.13968765780138861,0.13968765780138903
1.25,-0.00014602290679549087,-0.00014602290678260608,-97.33468705919925,-97.33468705919897,-0.00032288558490482886,-0.0003228855848836351,0.14475133225087924,0.1447513322508798
1.5,-0.00022797502222369397,-0.00022797502220496863,-97.29787664893715,-97.2978766489368,-0.00033226177624515413,-0.00033226177621962507,0.14973195073013468,0.14973195073013537
1.75,-0.00034038327700148033,-0.00034038327697583044,-97.25979806575275,-97.25979806575235,-0.0005665173411518174,-0.0005665173411219526,0.1548967368309902,0.15489673683099103
2.0,-0.0004895429492129827,-0.000489542949179324,-97.22042320427697,-97.22042320427651,-0.000626269290255271,-0.0006262692902210705,0.16010216060893837,0.16010216060893934
2.25,-0.0006483166638162123,-0.000648316663773461,-97.17976150034204,-97.17976150034153,-0.0006434406289208526,-0.0006434406288823163,0.16519147248965388,0.165191472489655
2.5,-0.0008107012140001624,-0.0008107012139472345,-97.13786402295449,-97.13786402295392,-0.0006551835465713147,-0.0006551835465284428,0.1699883477181345,0.16998834771813576
2.75,-0.0009696615497181724,-0.0009696615496541043,-97.09473456822327,-97.09473456822265,-0.0006160222051567823,-0.0006160222051105376,0.17504728643964174,0.17504728643964312
3.0,-0.0011454412030513232,-0.0011454412029752712,-97.05034309099933,-97.05034309099865,-0.0007897401339465564,-0.0007897401338969386,0.18008454773034988,0.1800845477303514
3.25,-0.0013588245571085188,-0.0013588245570195796,-97.00471783623371,-97.00471783623297,-0.0009168710791118143,-0.0009168710790583419,0.18491750238082438,0.18491750238082608
3.5,-0.0016035585642635883,-0.0016035585641607979,-96.95788815835382,-96.95788815835303,-0.001040548241635146,-0.0010405482415778182,0.18971993231878523,0.18971993231878706
3.75,-0.0018870125568774168,-0.0018870125567598114,-96.90982773857871,-96.90982773857786,-0.0012266082397136314,-0.0012266082396524482,0.19476344342421212,0.1947634434242141
4.0,-0.0022024981836511357,-0.0022024981835177507,-96.8605191689631,-96.86051916896218,-0.0012968109210467298,-0.001296810920981691,0.19970512011975308,0.19970512011975522
4.25,-0.002515359973055944,-0.0025153599729058154,-96.80996048155527,-96.8099604815543,-0.0012056064554289596,-0.0012056064553600655,0.20476437054427854,0.20476437054428084
4.5,-0.002856660354961456,-0.00285666035479362,-96.75815639681288,-96.75815639681186,-0.0015243343058220361,-0.001524334305749286,0.2096683374449284,0.20966833744493085
4.75,-0.0032236348158119032,-0.0032236348156253953,-96.70510475854735,-96.70510475854627,-0.0014109828320735516,-0.001410982831996946,0.21474475799271286,0.21474475799271547
5.0,-0.0035627852926578022,-0.003562785292451659,-96.65077718836615,-96.65077718836501,-0.0013017372802403243,-0.0013017372801598628,0.21987579315739822,0.219875793157401
5.25,-0.003872929282303052,-0.003872929282076309,-96.5951909731943,-96.59519097319311,-0.0011789491176504264,-0.0011789491175661089,0.22481391664104902,0.22481391664105196
5.5,-0.004168923608190944,-0.004168923607942637,-96.53834996007473,-96.53834996007348,-0.001188524680413818,-0.0011885246803256446,0.22991418921860834,0.22991418921861145
5.75,-0.004496513590737276,-0.0044965135904664385,-96.48023888995591,-96.4802388899546,-0.0014317181535277832,-0.0014317181534357535,0.23497439466057976,0.23497439466058304
6.0,-0.004844076653272406,-0.004844076652978075,-96.4208581154279,-96.42085811542654,-0.0013483058168897353,-0.0013483058167938493,0.24007179369958612,0.2400717936995896
6.25,-0.005183739781689194,-0.0051837397813704065,-96.36021003842033,-96.36021003841891,-0.0013685239937705907,-0.0013685239936708485,0.24511282426739434,0.24511282426739797
6.5,-0.00554393897768153,-0.005543938977337321,-96.29828706128019,-96.29828706127871,-0.001512583315664789,-0.0015125833155611903,0.25027100643591466,0.2502710064359186
6.75,-0.005939475446959266,-0.005939475446588672,-96.23505802735549,-96.23505802735396,-0.0016512097322461297,-0.0016512097321386742,0.2555612780317075,0.2555612780317117
7.0,-0.006362317375581291,-0.006362317375183347,-96.17057377899,-96.17057377898841,-0.001731077796284103,-0.0017310777961727908,0.26031271642245435,0.26031271642245885
7.25,-0.006800747798416014,-0.006800747797989756,-96.1048687366203,-96.10486873661866,-0.0017758928481632099,-0.0017758928480480407,0.26532762676051685,0.26532762676052163
7.5,-0.0072641538919124855,-0.00726415389145695,-96.03790634258365,-96.03790634258195,-0.001930880431153599,-0.0019308804310345725,0.27037154014522424,0.2703715401452293
7.75,-0.007738448169771614,-0.007738448169285835,-95.9696783933525,-95.96967839335073,-0.0018629948747280033,-0.0018629948746051194,0.2754520473039892,0.27545204730399453
8.0,-0.008213978346809654,-0.008213978346292665,-95.90020192492022,-95.90020192491839,-0.0019407839208939446,-0.0019407839207672031,0.28035970748845285,0.28035970748845845
8.25,-0.00869409526938897,-0.008694095268839805,-95.82947482627408,-95.82947482627219,-0.0018996709538183503,-0.0018996709536877512,0.28545707780475804,0.2854570778047639
8.5,-0.009169393966326569,-0.009169393965744265,-95.75748858941394,-95.75748858941199,-0.0019022495824114406,-0.001902249582276984,0.2904328173196911,0.29043281731969733
8.75,-0.009647489706806485,-0.009647489706190079,-95.68423825213097,-95.68423825212896,-0.001922032092704771,-0.0019220320925664564,0.29556988280942936,0.29556988280943586
9.0,-0.01011435066884821,-0.010114350668196735,-95.6097354211362,-95.60973542113413,-0.001812395318613964,-0.0018123953184717913,0.300452754812375,0.3004527548123818
9.25,-0.010563708892899313,-0.010563708892211806,-95.53398131499927,-95.53398131499715,-0.0017819871377239092,-0.0017819871375778782,0.3055800914163324,0.30558009141633957
9.5,-0.011015430601088708,-0.011015430600364204,-95.45697706467644,-95.45697706467426,-0.0018313270933721284,-0.001831327093222239,0.3104539158183702,0.31045391581837767
9.75,-0.011460127772881766,-0.011460127772119301,-95.37875252716546,-95.37875252716323,-0.001725789465720926,-0.0017257894655671776,0.3153423743195372,0.315342374319545
10.0,-0.011906328311077853,-0.011906328310276462,-95.29928833665332,-95.29928833665103,-0.0018433407946341043,-0.0018433407944764971,0.32037116086063155,0.3203711608606396
10.25,-0.012381486211087889,-0.012381486210246605,-95.21857340779708,-95.21857340779472,-0.0019574532360290744,-0.001957453235867607,0.3253482807481346,0.325348280748143
10.5,-0.012867696380588267,-0.012867696379706127,-95.13660045907505,-95.13660045907264,-0.0019317485903321357,-0.0019317485901668094,0.33043530660484544,0.3304353066048541
10.75,-0.013354835185638493,-0.01335483518471453,-95.05335447451807,-95.05335447451559,-0.0019648813550978404,-0.0019648813549286537,0.33553257297505096,0.33553257297505995
11.0,-0.013831797530439617,-0.01383179752947287,-94.96886347412622,-94.96886347412368,-0.0018503590079596954,-0.001850359007786649,0.34039541936276146,0.3403954193627708
11.25,-0.014278141368375685,-0.014278141367365186,-94.883158023052,-94.8831580230494,-0.0017199342464601533,-0.0017199342462832468,0.3452481769347265,0.34524817693473614
11.5,-0.014715623669243989,-0.014715623668188774,-94.79621680506386,-94.7962168050612,-0.0017794496793444455,-0.001779449679163679,0.35028157258172227,0.35028157258173226
11.75,-0.015130479315751878,-0.015130479314650981,-94.70802615395156,-94.70802615394885,-0.0015389277353093725,-0.0015389277351247456,0.35524361364036466,0.355243613640375
12.0,-0.015518457686712799,-0.015518457685565255,-94.618566848333,-94.61856684833023,-0.0015644102406688987,-0.0015644102404804114,0.3604308337108836,0.36043083371089424
12.25,-0.015917237128854223,-0.01591723712765906,-94.52784827674678,-94.52784827674395,-0.0016253646197884619,-0.001625364619596114,0.3653177447258858,0.3653177447258968
12.5,-0.016327298356597415,-0.01632729835535367,-94.43593273802567,-94.43593273802279,-0.0016546832031308057,-0.001654683202934597,0.370006567807408,0.3700065678074193
12.75,-0.0167475889676224,-0.016747588966329104,-94.3428081892295,-94.34280818922656,-0.0017071719280339665,-0.0017071719278338967,0.3749898275108668,0.37498982751087845
13.0,-0.01717941358220591,-0.0171794135808621,-94.24844710708781,-94.24844710708481,-0.0017469622341402045,-0.0017469622339362733,0.37989883337429736,0.3798988333743094
13.25,-0.017613406485362637,-0.017613406483967347,-94.15284317794071,-94.15284317793764,-0.0017245064746735275,-0.0017245064744657345,0.38493259768566257,0.38493259768567495
13.5,-0.018020936051375214,-0.01802093604992748,-94.0559846302359,-94.05598463023277,-0.001535258417352615,-0.0015352584171409599,0.38993576611065267,0.3899357661106654
13.75,-0.018405887012061806,-0.01840588701056066,-93.95788199375964,-93.95788199375644,-0.0015438826826497376,-0.0015438826824342206,0.3948853265127574,0.3948853265127705
14.0,-0.018768603752135727,-0.018768603750580204,-93.85853522777899,-93.85853522777572,-0.0013573795674729188,-0.0013573795672535392,0.39988878374915204,0.39988878374916553
14.25,-0.019107947191454724,-0.01910794718984386,-93.75793573021075,-93.75793573020742,-0.0013568948628352893,-0.0013568948626120473,0.4049071967512822,0.404907196751296
14.5,-0.019441437280994976,-0.019441437279327806,-93.6560938237287,-93.65609382372531,-0.001310561966227126,-0.0013105619660000215,0.40982805073702067,0.4098280507370348
14.75,-0.019754341888764213,-0.01975434188703977,-93.55300240509175,-93.55300240508831,-0.001192196450110509,-0.0011921964498795416,0.41490328719926034,0.4149032871992749
15.0,-0.020069138049656873,-0.02006913804787419,-93.4486550367883,-93.44865503678479,-0.0013257040884487236,-0.0013257040882138928,0.41987567181580265,0.4198756718158176
15.25,-0.020393820361616445,-0.02039382035977456,-93.34308376163915,-93.34308376163558,-0.0012713001353294934,-0.0012713001350907992,0.42469452424834747,0.4246945242483628
15.5,-0.02073367091978076,-0.020733670917878706,-93.23631429766623,-93.2363142976626,-0.0014470549793752796,-0.0014470549791327214,0.429461204105505,0.42946120410552063
15.75,-0.021099454095478296,-0.021099454093515102,-93.12831338488323,-93.12831338487953,-0.0014787310780544106,-0.0014787310778079886,0.43454610114517744,0.4345461011451935
16.0,-0.02145951857101425,-0.021459518568988954,-93.01907033222861,-93.01907033222484,-0.0014013273148777694,-0.0014013273146274829,0.43939831279436137,0.43939831279437774
16.25,-0.021802855548767,-0.021802855546678636,-92.90860503612197,-92.90860503611815,-0.0013449041610148554,-0.0013449041607607043,0.4443240507393809,0.4443240507393977
16.5,-0.022137529831489765,-0.022137529829337366,-92.79690311577176,-92.79690311576786,-0.0013320218385216723,-0.0013320218382636565,0.4492913108480468,0.44929131084806395
16.75,-0.022473701205338995,-0.022473701203121595,-92.68393935164407,-92.68393935164012,-0.0013568657833597287,-0.001356865783097848,0.4544188045159765,0.45441880451599403
17.0,-0.022809849340864666,-0.0228098493385813,-92.56969110729564,-92.56969110729163,-0.001331833966208118,-0.0013318339659423722,0.45956714791164105,0.4595671479116589
17.25,-0.023117108803139733,-0.02311710880078943,-92.45415860432058,-92.45415860431652,-0.0011257585267611576,-0.0011257585264915462,0.46469285646009223,0.4646928564601105
17.5,-0.02338862842071406,-0.023388628418295854,-92.33735378931638,-92.33735378931226,-0.0010459220767837013,-0.0010459220765102243,0.46974565604667695,0.4697456560466956
17.75,-0.02366485260114894,-0.02366485259866187,-92.21929290435182,-92.21929290434763,-0.0011634004063616101,-0.001163400406084267,0.47474143474600494,0.474741434746024
18.0,-0.023918878494112172,-0.02391887849155527,-92.09999616970116,-92.09999616969691,-0.0008683456539504921,-0.000868345653669283,0.47963241464158,0.47963241464159945
18.25,-0.02412863859624648,-0.024128638593618777,-91.97945666110523,-91.97945666110091,-0.000809258963812391,-0.0008092589635273159,0.48468364855537394,0.48468364855539375
18.5,-0.024307314945988513,-0.024307314943289044,-91.85764483956949,-91.85764483956511,-0.0006196684623142731,-0.0006196684620253316,0.4898109058560638,0.489810905856084
18.75,-0.024456898006515074,-0.024456898003742872,-91.7345897148967,-91.73458971489227,-0.0005765416909835696,-0.0005765416906907616,0.49463008746043746,0.49463008746045806
19.0,-0.024590486825911084,-0.024590486823065184,-91.61029434152566,-91.61029434152117,-0.0004916877906318872,-0.0004916877903352124,0.49973289150803135,0.49973289150805233
19.25,-0.02470986825699243,-0.024709868254071864,-91.48478263770066,-91.4847826376961,-0.00046292736160977806,-0.00046292736130923657,0.5043607363806659,0.5043607363806875
19.5,-0.024803736083201414,-0.024803736080205214,-91.35807486539261,-91.35807486538798,-0.00028754945243932755,-0.0002875494521349188,0.5093014255492869,0.509301425549309
19.75,-0.024875020639682135,-0.024875020636609336,-91.23013439688366,-91.23013439687897,-0.00028226306623879027,-0.00028226306593051413,0.5142223220241454,0.5142223220241682
20.0,-0.024942859194284385,-0.02494285919113402,-91.10094629440555,-91.10094629440079,-0.0002599683057308456,-0.00025996830541870174,0.5192824956990524,0.5192824956990758
20.25,-0.02500881157578786,-0.02500881157255896,-90.97049322679466,-90.97049322678984,-0.00026717373993364604,-0.00026717373961763406,0.5243420458675893,0.5243420458676133
20.5,-0.025053100631704985,-0.025053100628396587,-90.83880319609229,-90.83880319608741,-8.668276110614825e-05,-8.66827607862676e-05,0.529178182734798,0.5291781827348228
20.75,-0.025064755547905482,-0.025064755544516617,-90.7058739800455,-90.70587398004056,-6.077874773308428e-06,-6.077874449558812e-06,0.534255538040246,0.5342555380402714
21.0,-0.025066761010487056,-0.025066761007016755,-90.57170171396923,-90.57170171396423,-9.506958044924533e-06,-9.50695771730575e-06,0.5391225908934258,0.5391225908934519
21.25,-0.02508306182007952,-0.025083061816526815,-90.43628350820197,-90.43628350819691,-0.00012041864599850946,-0.00012041864566702097,0.5442230657017029,0.5442230657017295
21.5,-0.025081451779528578,-0.025081451775892504,-90.29959357964695,-90.29959357964184,0.00013377728137087134,0.00013377728170623033,0.5492963387729035,0.5492963387729308
21.75,-0.02504443405456924,-0.025044434050848826,-90.1616475013148,-90.16164750130963,0.00016283365891648225,0.00016283365925571174,0.5542722851450247,0.5542722851450526
22.0,-0.024992791349754455,-0.024992791345948735,-90.02244709163766,-90.02244709163242,0.00025078492450029976,0.0002507849248434003,0.5593309839802834,0.5593309839803118
22.25,-0.02489323626612609,-0.024893236262234095,-89.882018416886,-89.8820184168807,0.0005461052334815269,0.0005461052338284994,0.5640983861902302,0.5640983861902593
22.5,-0.02473924105468461,-0.024739241050705373,-89.74036413025219,-89.74036413024682,0.0006863314213871205,0.000686331421737965,0.5691358936598847,0.5691358936599145
22.75,-0.024558826434032826,-0.02455882642996538,-89.59746936802522,-89.59746936801977,0.000757446255822236,0.0007574462561769528,0.5740221974514015,0.5740221974514318
23.0,-0.02432247021419139,-0.024322470210034766,-89.45332825870311,-89.45332825869761,0.0011338829046388503,0.0011338829049974408,0.5791066416349878,0.5791066416350188
23.25,-0.024021995396966967,-0.0240219953927202,-89.30794783014278,-89.30794783013721,0.0012703710684816801,0.0012703710688441443,0.5839367739797446,0.5839367739797763
23.5,-0.023699419236765683,-0.023699419232427802,-89.16131358244026,-89.16131358243463,0.0013107285638425403,0.0013107285642088783,0.5891372038357029,0.5891372038357352
23.75,-0.023358201882135197,-0.023358201877705233,-89.0133906119626,-89.01339061195692,0.0014194920394493577,0.0014194920398195702,0.5942465497314219,0.5942465497314549
24.0,-0.02299183433783536,-0.022991834333312346,-88.86420034260149,-88.86420034259574,0.001511922514567631,0.0015119225149417184,0.5992755964433486,0.5992755964433822
24.25,-0.02261526855054605,-0.022615268545929015,-88.7137633697498,-88.71376336974399,0.0015010700224587115,0.001501070022836674,0.6042201873935753,0.6042201873936096
24.5,-0.022242076607066955,-0.02224207660235493,-88.56207940862734,-88.56207940862146,0.0014849399400028017,0.0014849399403846395,0.6092515031070669,0.6092515031071019
24.75,-0.021851405889995217,-0.021851405885187233,-88.4091346294497,-88.40913462944374,0.001640902466996913,0.001640902467382627,0.6143067156100852,0.6143067156101208
25.0,-0.021417943759592564,-0.02141794375468765,-88.25492168299259,-88.25492168298656,0.0018272745448629807,0.0018272745452525714,0.6193968384757601,0.6193968384757964
25.25,-0.020921577078796234,-0.020921577073793426,-88.09944890350765,-88.09944890350155,0.0021441293018880964,0.002144129302281565,0.6243853675307639,0.6243853675308009
25.5,-0.020380287261302997,-0.020380287256201324,-87.94271844794297,-87.94271844793681,0.0021866676006767416,0.0021866676010740887,0.6294582729763721,0.6294582729764099
25.75,-0.01980223449975174,-0.01980223449455023,-87.78474503745177,-87.78474503744555,0.002438213797535308,0.0024382137979365344,0.6343289872375227,0.6343289872375613
26.0,-0.019148848399789125,-0.01914884839448681,-87.62552197536836,-87.62552197536206,0.0027893584346111878,0.002789358435016294,0.6394554763238962,0.6394554763239354
26.25,-0.018415014310085836,-0.018415014304681745,-87.46502428997988,-87.46502428997351,0.003081792449920581,0.003081792450329567,0.6445259792133177,0.6445259792133575
26.5,-0.01762863081901213,-0.017628630813505294,-87.30327813579129,-87.30327813578486,0.003209739206440453,0.003209739206853319,0.6494432422327142,0.6494432422327548
26.75,-0.016830426725186205,-0.01683042671957565,-87.14028218743623,-87.14028218742973,0.0031763727209896168,0.003176372721406363,0.6545243477538527,0.654524347753894
27.0,-0.016043341298318567,-0.016043341292603326,-86.9760193752041,-86.97601937519755,0.0031207872953291312,0.003120787295749758,0.6595781553439395,0.6595781553439815
27.25,-0.015268732760812224,-0.015268732754991333,-86.81050528433754,-86.81050528433092,0.0030765484223841924,0.0030765484228087,0.6645345757596659,0.6645345757597085
27.5,-0.01447333374338367,-0.01447333373745616,-86.64375489422565,-86.64375489421897,0.0032871090194632703,0.00328710901989166,0.6694685252838319,0.6694685252838752
27.75,-0.013636042437295258,-0.013636042431260159,-86.47574586756458,-86.47574586755783,0.0034117057077481406,0.0034117057081804124,0.6746036762579395,0.6746036762579835
28.0,-0.012759928494885048,-0.012759928488741388,-86.30644770522436,-86.30644770521754,0.003597694149352268,0.003597694149788423,0.6797816049290317,0.6797816049290765
28.25,-0.011814119608792174,-0.011814119602538984,-86.13585611664828,-86.13585611664139,0.003969264470278217,0.003969264470718256,0.6849510686479384,0.6849510686479839
28.5,-0.01079921309352686,-0.010799213087163166,-85.96399700328973,-85.96399700328277,0.004150456459180577,0.004150456459624502,0.6899218211378664,0.6899218211379127
28.75,-0.009727518112987176,-0.009727518106512007,-85.79089599041126,-85.79089599040422,0.004423571605941261,0.004423571606389072,0.6948862561407572,0.6948862561408042
29.0,-0.00858084882181125,-0.008580848815223634,-85.61654072563367,-85.61654072562656,0.00475026086893484,0.004750260869386538,0.6999558312797576,0.6999558312798054
29.25,-0.007369838215879405,-0.0073698382091783735,-85.44093565850496,-85.44093565849778,0.004938288867272913,0.004938288867728498,0.7048846880228027,0.7048846880228512
29.5,-0.006102671651442293,-0.006102671644626874,-85.26409455046027,-85.26409455045302,0.0051995114315994614,0.005199511432058934,0.7098441517066925,0.7098441517067416
29.75,-0.004800336526650217,-0.00480033651971944,-85.08601967648495,-85.08601967647763,0.0052196327569971395,0.005219632757460499,0.7147548381990535,0.7147548381991035
30.0,-0.003466284810859702,-0.0034662848038125955,-84.90669191025538,-84.906691910248,0.005453263185282723,0.00545326318574997,0.7198672696109246,0.7198672696109752
30.25,-0.0020736768208584454,-0.0020736768136940384,-84.72611087742783,-84.72611087742038,0.005688064223661477,0.005688064224132612,0.7247809708725594,0.7247809708726107
30.5,-0.0006173420607339818,-0.000617342053451303,-84.54432370620283,-84.54432370619531,0.005963060546321768,0.005963060546796793,0.7295163730008248,0.7295163730008769
30.75,0.0008917058586810148,0.0008917058660828777,-84.36132368901642,-84.36132368900883,0.0061097913771995605,0.006109791377677993,0.7344837506568791,0.7344837506569319
31.0,0.00244153643450277,0.002441536442024851,-84.1770618567291,-84.17706185672144,0.0062893368665870985,0.006289336867070384,0.7396108907142412,0.7396108907142949
31.25,0.0040151464467696905,0.004015146454413205,-83.99152462065175,-83.99152462064401,0.006300022061061886,0.006300022061550024,0.74468699689741,0.7446869968974644
31.5,0.005595760555974221,0.005595760563740381,-83.80474421335211,-83.8047442133443,0.006345350141665127,0.006345350142158119,0.7495562572264048,0.7495562572264599
31.75,0.007179384584082616,0.007179384591972636,-83.61675737475565,-83.61675737474778,0.0063240932043300896,0.006324093204827936,0.7543384535496482,0.7543384535497041
32.0,0.00874590424480756,0.008745904252822657,-83.42755004334845,-83.4275500433405,0.006208534014367042,0.006208534014869743,0.7593202086031743,0.7593202086032309
32.25,0.01031262673240178,0.010312626740543169,-83.23709206889112,-83.2370920688831,0.006325719742550637,0.006325719743058194,0.7643435760073454,0.7643435760074027
32.5,0.011908064706567247,0.01190806471483614,-83.04540253895249,-83.0454025389444,0.0064382395937121065,0.006438239594224519,0.7691726528934526,0.7691726528935107
32.75,0.01351248024770882,0.013512480256106433,-82.8524661907109,-82.85246619070274,0.006397570110830652,0.0063975701113479205,0.7743181368738278,0.7743181368738865
33.0,0.01516328744958963,0.015163287458117175,-82.65822019990479,-82.65822019989656,0.006809390435476595,0.006809390435998721,0.7796497507486091,0.7796497507486685
33.25,0.016925102708008552,0.01692510271666725,-82.46269923687075,-82.46269923686245,0.00728559088600681,0.007285590886533793,0.7845179086274933,0.7845179086275534
33.5,0.018803132576090693,0.018803132584881758,-82.26595457571912,-82.26595457571075,0.0077391123538247735,0.007739112354356615,0.7894393378274963,0.7894393378275573
33.75,0.020772540970250913,0.020772540979175563,-82.06800060771056,-82.06800060770212,0.008016603233635618,0.008016603234172323,0.794192380079201,0.7941923800792626
34.0,0.02281730669594473,0.022817306705004183,-81.86882755666022,-81.86882755665171,0.008341994265406619,0.008341994265948185,0.799191997645633,0.7991919976456954
34.25,0.024928643064866054,0.02492864307406152,-81.66839780588258,-81.668397805874,0.008549173516500306,0.008549173517046735,0.8042459890427556,0.8042459890428187
34.5,0.02708867176773779,0.02708867177707049,-81.46669983343868,-81.46669983343003,0.008731536507932415,0.008731536508483706,0.8093377733153843,0.8093377733154482
34.75,0.029298853181640695,0.02929885319111184,-81.2637506483879,-81.26375064837917,0.008950378820106073,0.008950378820662228,0.8142556864585103,0.814255686458575
35.0,0.031564990413917186,0.03156499042352807,-81.05956112496848,-81.05956112495967,0.009179191254941068,0.009179191255502568,0.8192604793245254,0.8192604793245909
35.25,0.03386131719626143,0.033861317206013326,-80.85412888993999,-80.8541288899311,0.009191888826421602,0.009191888826987966,0.8241973997065024,0.8241973997065687
35.5,0.03614429784465387,0.036144297854547994,-80.6474699553538,-80.64746995534485,0.00907241650249851,0.009072416503069738,0.8290740882471127,0.8290740882471798
35.75,0.038427088661157495,0.03842708867119506,-80.43959230974188,-80.43959230973286,0.009190369821379725,0.00919036982195582,0.8339470655277109,0.8339470655277788
36.0,0.04072259239774927,0.0407225924079315,-80.2304868575807,-80.23048685757159,0.009174127078687472,0.009174127079268433,0.8388965532933839,0.8388965532934525
36.25,0.04307773615448056,0.043077736164808665,-80.02016194504142,-80.02016194503224,0.009667476477810157,0.009667476478395986,0.8437027005078309,0.8437027005079003
36.5,0.04549725842407141,0.04549725843454661,-79.80861583736328,-79.80861583735403,0.009689170023245701,0.009689170023836395,0.8486661588722226,0.8486661588722928
36.75,0.04792396829957537,0.047923968310198885,-79.59580234822684,-79.59580234821752,0.009724997326337645,0.009724997326933207,0.8538417508416881,0.8538417508417591
37.0,0.050401866010136666,0.050401866020909715,-79.38170952541311,-79.3817095254037,0.010098661723836482,0.010098661724436913,0.8589007964390861,0.858900796439158
37.25,0.05294514675176198,0.052945146762685774,-79.16634226182879,-79.1663422618193,0.01024806888791494,0.010248068888520239,0.8640372981496021,0.8640372981496747
37.5,0.05553281754829831,0.055532817559374066,-78.9497092563103,-78.94970925630072,0.010453768304077694,0.010453768304687862,0.8690267266051191,0.8690267266051925
37.75,0.058186972615400165,0.058186972626629106,-78.73182269601172,-78.73182269600206,0.010779947736559657,0.010779947737174696,0.8740657250313979,0.8740657250314722
38.0,0.06088422829788693,0.06088422830927027,-78.5126784879869,-78.51267848797717,0.01079857165145403,0.01079857165207394,0.8790879374114396,0.8790879374115148
38.25,0.06360486212370822,0.0636048621352472,-78.29228825737893,-78.29228825736911,0.010966965697308494,0.010966965697933276,0.8840338915763237,0.8840338915763997
38.5,0.06635567765229138,0.06635567766398721,-78.0706218667483,-78.0706218667384,0.01104005520121803,0.011040055201847683,0.8892972265779904,0.8892972265780672
38.75,0.06913475002117561,0.06913475003302953,-77.8476790172863,-77.84767901727633,0.011192990725213684,0.011192990725848208,0.8942455546993996,0.8942455546994773
39.0,0.07195683189028815,0.07195683190230137,-77.62346978603765,-77.62346978602761,0.011384153308763157,0.011384153309402553,0.8994282772670655,0.899428277267144
39.25,0.07482573882090252,0.07482573883307625,-77.39798098515986,-77.39798098514974,0.011567579073146107,0.011567579073790378,0.9044821124619941,0.9044821124620733
39.5,0.07772725981910686,0.07772725983144234,-77.17124740602988,-77.17124740601969,0.011645051765943699,0.011645051766592843,0.9093865132739275,0.9093865132740077
39.75,0.08062541668320451,0.08062541669570295,-76.94326502093212,-76.94326502092186,0.011540683127066369,0.011540683127720386,0.9144725773482871,0.9144725773483681
40.0,0.08354956324138203,0.08354956325404464,-76.71402440663435,-76.71402440662402,0.011852959297527457,0.011852959298186349,0.9194523075924873,0.9194523075925691
40.25,0.08656273654500328,0.08656273655783128,-76.48353138723917,-76.48353138722877,0.012252902740198988,0.012252902740862756,0.9244918098623026,0.9244918098623853
40.5,0.08966143963194896,0.08966143964494357,-76.25180661311329,-76.2518066131028,0.012537176368850085,0.012537176369518729,0.9293063563435208,0.9293063563436044
40.75,0.09281736834025055,0.09281736835341298,-76.01886113285137,-76.0188611328408,0.012710720595772891,0.012710720596446411,0.9342574693902415,0.934257469390326
41.0,0.09602341003947973,0.0960234100528112,-75.7846735252431,-75.78467352523244,0.01293808358408247,0.012938083584760868,0.9392433700403424,0.9392433700404277
41.25,0.09928093249560774,0.09928093250910948,-75.54922435502075,-75.54922435501003,0.013122578039206858,0.013122578039890134,0.9443499743443239,0.9443499743444099
41.5,0.10255164496016149,0.10255164497383472,-75.31250042410377,-75.31250042409296,0.0130436022301302,0.013043602230818354,0.9494414804376641,0.949441480437751
41.75,0.10583697922732671,0.10583697924117265,-75.07452095086134,-75.07452095085046,0.01323953938577122,0.013239539386464253,0.9543942870289186,0.9543942870290064
42.0,0.10915480341457212,0.10915480342859199,-74.8352820525643,-74.83528205255332,0.013303537604778457,0.013303537605476368,0.9595168933139074,0.959516893313996
42.25,0.11247909216133989,0.1124790921755349,-74.59477197891518,-74.59477197890412,0.01329124871627594,0.01329124871697873,0.9645636970379154,0.9645636970380049
42.5,0.11580765166915245,0.11580765168352382,-74.35300540524126,-74.35300540523012,0.013337699770542652,0.013337699771250322,0.9695688879741872,0.9695688879742775
42.75,0.11916839953103864,0.11916839954558758,-74.10999313662133,-74.1099931366101,0.013548751326679351,0.013548751327391903,0.9745292410874787,0.97452924108757
43.0,0.12257216146134738,0.12257216147607512,-73.86573577455322,-73.86573577454192,0.013681816100619257,0.01368181610133669,0.9795296429121985,0.9795296429122905
43.25,0.12602161640469212,0.12602161641959994,-73.62026076667023,-73.62026076665884,0.01391427095866157,0.013914270959383884,0.9842703982359582,0.9842703982360511
43.5,0.12953224154683257,0.12953224156192172,-73.37357072121279,-73.37357072120133,0.01417120021380278,0.014171200214529977,0.9892499412003155,0.9892499412004093
43.75,0.1330898756705822,0.13308987568585387,-73.12565407533629,-73.12565407532475,0.014290329028677957,0.014290329029410038,0.9940832145804044,0.9940832145804991
44.0,0.13668492763929765,0.13668492765475307,-72.87655694987942,-72.87655694986779,0.014470521981739572,0.014470521982476536,0.9986937720861406,0.9986937720862362
44.25,0.14031555073586482,0.14031555075150523,-72.62627131298458,-72.62627131297288,0.014574925114159037,0.014574925114900885,1.0035913132295469,1.0035913132296437
44.5,0.1439621777454951,0.1439621777613217,-72.37474233802641,-72.37474233801461,0.014598567584549083,0.014598567585295815,1.008640484207094,1.008640484207192
44.75,0.14760577965292404,0.14760577966893804,-72.12194215897276,-72.12194215896089,0.01455073101803595,0.014550731018787568,1.013760952732356,1.0137609527324554
45.0,0.15126585643555662,0.15126585645175925,-71.86788669793518,-71.86788669792323,0.014730347855020115,0.01473034785577662,1.018682718634133,1.0186827186342338
45.25,0.15493773294029559,0.15493773295668806,-71.6126131201558,-71.61261312014376,0.014645119503266815,0.014645119504028206,1.0235059116365228,1.023505911636625
45.5,0.15861748274755166,0.1586174827641352,-71.35610746015907,-71.35610746014694,0.014793354098876684,0.014793354099642964,1.0285393543619827,1.0285393543620862
45.75,0.16229719709750062,0.16229719711427648,-71.09833960859692,-71.09833960858471,0.014644838736864441,0.01464483873763561,1.0336034721375607,1.0336034721376655
46.0,0.16596979453131958,0.16596979454828895,-70.83931962366964,-70.83931962365735,0.014736408285523193,0.014736408286299251,1.0385563986476452,1.0385563986477513
46.25,0.16962573836003314,0.16962573837719724,-70.57906765016945,-70.57906765015707,0.014511605187379156,0.014511605188160104,1.043459410548696,1.0434594105488035
46.5,0.17322827440549252,0.17322827442285257,-70.31759544234536,-70.3175954423329,0.014309141848333484,0.014309141849119323,1.048318271132518,1.0483182711326269
46.75,0.17678875667372435,0.1767887566912816,-70.05492197498278,-70.05492197497023,0.014175164813404152,0.014175164814194882,1.0530694803998326,1.0530694803999427
47.0,0.18032183066231908,0.18032183068007476,-69.79103762391449,-69.79103762390186,0.014089893015427207,0.014089893016222831,1.0580053361861055,1.058005336186217
47.25,0.18383987118269338,0.1838398712006487,-69.5259013148587,-69.52590131484598,0.01405491063669323,0.014054910637493747,1.0630851395586363,1.063085139558749
47.5,0.18732207082135074,0.187322070839507,-69.25952797565886,-69.25952797564605,0.013803141127629622,0.013803141128435515,1.0679015977773019,1.067901597777416
47.75,0.19072477679823474,0.1907247768165932,-68.99194112875533,-68.99194112874244,0.013418968415694295,0.013418968416505084,1.0727932136711686,1.072793213671284
48.0,0.1940536082521645,0.1940536082707264,-68.7231152940393,-68.72311529402633,0.013212157061745342,0.013212157062561026,1.0778134835555482,1.077813483555665
48.25,0.1973025143680177,0.19730251438678428,-68.45302288167117,-68.45302288165811,0.012779574381790457,0.01277957438261104,1.0829258561737896,1.0829258561739077
48.5,0.20047792711404874,0.20047792713302118,-68.18165817989511,-68.18165817988196,0.012624205711500884,0.012624205712326364,1.087991772683198,1.0879917726833175
48.75,0.20362750173175181,0.20362750175093136,-67.90903290844392,-67.90903290843069,0.012572864892936318,0.012572864893766697,1.0930104037669972,1.093010403767118
49.0,0.20673133707027896,0.20673133708966684,-67.63515402311151,-67.6351540230982,0.012258290685766827,0.012258290686602105,1.0980207085507192,1.0980207085508413
49.25,0.20973138232719676,0.20973138234679417,-67.36005369147321,-67.3600536914598,0.011742520745697,0.011742520746537179,1.1027819931830183,1.1027819931831417
49.5,0.2126333733803762,0.21263337340018434,-67.08376580110372,-67.08376580109022,0.011473854954429565,0.011473854955274644,1.1075211551030353,1.10752115510316
49.75,0.2154496216391284,0.21544962165914855,-66.80627805178538,-66.8062780517718,0.011056589743190192,0.011056589744040174,1.1123808787838776,1.1123808787840037
50.0,0.21810928627776252,0.2181092862979959,-66.52758263733332,-66.52758263731965,0.010221180491969371,0.010221180492824257,1.1171825155956638,1.1171825155957913
50.25,0.2205973165246666,0.22059731654511444,-66.2477712521922,-66.24777125217842,0.009683450891963435,0.009683450892823225,1.1213086162310841,1.121308616231213
50.5,0.22294798791249643,0.22294798793315992,-65.96690377883705,-65.9669037788232,0.009122328124153676,0.009122328125018371,1.1256312235132764,1.1256312235134065
50.75,0.22515260914316335,0.22515260916404375,-65.68500420089643,-65.68500420088247,0.008515012995221416,0.008515012996091018,1.1295654572699774,1.1295654572701088
51.0,0.2271994203033979,0.22719942032449644,-65.40207577626617,-65.40207577625213,0.007859881694281569,0.007859881695156078,1.1338620015383973,1.1338620015385301
51.25,0.22909317878930555,0.22909317881062344,-65.11821331534514,-65.11821331533102,0.007290485905879303,0.007290485906758716,1.137037739512989,1.137037739513123
51.5,0.23087724632588008,0.23087724634741857,-64.83357623438023,-64.833576234366,0.006982339511928635,0.0069823395128129516,1.1400589372587986,1.1400589372589343
51.75,0.23257532269877065,0.23257532272053097,-64.54817728919335,-64.54817728917902,0.006602561534739541,0.006602561535628763,1.1431326600422367,1.1431326600423737
52.0,0.2341670397483079,0.23416703977029124,-64.26199320489127,-64.26199320487686,0.006131477511129241,0.0061314775120233705,1.1463400587886725,1.1463400587888108
52.25,0.23563851149457574,0.23563851151678333,-63.975179108774014,-63.97517910875954,0.005640469481764625,0.005640469482663662,1.1481727564419806,1.1481727564421205
52.5,0.23700817416408687,0.23700817418651995,-63.687891821007675,-63.68789182099314,0.005317016205964652,0.005317016206868598,1.150125576184209,1.1501255761843503
52.75,0.2383058533434837,0.2383058533661435,-63.400139533984046,-63.400139533969444,0.005064584045949093,0.005064584046857948,1.1518927438043742,1.1518927438045168
53.0,0.23952637989843376,0.2395263799213215,-63.11192784959819,-63.11192784958352,0.004699808477864367,0.0046998084787781315,1.1538007656738345,1.1538007656739786
53.25,0.2406773636974823,0.24067736372059922,-62.82333889159403,-62.8233388915793,0.0045081667638803185,0.004508166764798994,1.154910916427648,1.1549109164277935
53.5,0.24177428310650745,0.24177428312985477,-62.53448024036584,-62.534480240351044,0.004267287432822557,0.004267287433746144,1.1559583161082132,1.15595831610836
53.75,0.24279520081513783,0.24279520083871678,-62.24538458490927,-62.24538458489441,0.0039001344099611535,0.003900134410889651,1.156806962159857,1.156806962160005
54.0,0.243731220928399,0.2437312209522108,-61.95607441800649,-61.956074417991566,0.0035881084282211274,0.0035881084291545366,1.157674402480485,1.1576744024806347
54.25,0.24458951344614377,0.24458951347018967,-61.66666128651627,-61.66666128650129,0.0032782277283347366,0.0032782277292730585,1.1576306786570723,1.1576306786572232
54.5,0.24534035158388798,0.2453403516081692,-61.37726817386345,-61.37726817384839,0.00272846651867415,0.0027284665196173857,1.157514274397449,1.1575142743976012
54.75,0.2459777901181752,0.24597779014269294,-61.087861929293844,-61.08786192927872,0.0023710627348186132,0.0023710627357667632,1.157735715855737,1.157735715855891
55.0,0.24650332337886915,0.24650332340362466,-60.79843539323976,-60.798435393224565,0.0018331978631216232,0.0018331978640746876,1.1576766232872915,1.157676623287447
55.25,0.24695266794626605,0.24695266797126067,-60.509140896356506,-60.50914089634124,0.0017614647248612235,0.0017614647258201658,1.15667935854188,1.156679358542037
55.5,0.247371148785014,0.2473711488102491,-60.220077156911906,-60.22007715689658,0.0015863020277457464,0.0015863020287096047,1.1558305735294623,1.1558305735296208
55.75,0.2477375499330308,0.24773754995850755,-59.93121293326538,-59.93121293324998,0.001344836755433304,0.001344836756402079,1.1550832384083682,1.1550832384085283
56.0,0.24804542207456676,0.24804542210028646,-59.64254236701212,-59.64254236699666,0.0011180648197342982,0.001118064820707991,1.1542813129979892,1.1542813129981506
56.25,0.24828969213515595,0.24828969216111982,-59.35417013723143,-59.354170137215895,0.000835946291497351,0.0008359462924759619,1.152696551845945,1.152696551846108
56.5,0.24844511278233747,0.2484451128085467,-59.06620081364925,-59.06620081363365,0.0004072644341241637,0.00040726443510769386,1.1510580772279517,1.151058077228116
56.75,0.2485324521792378,0.24853245220569364,-58.77864755864954,-58.778647558633864,0.0002912914107557417,0.0002912914117441915,1.1493679737039069,1.1493679737040725
57.0,0.24856992398195935,0.248569924008663,-58.491505776349086,-58.49150577633334,8.332011002596835e-06,8.332011995967158e-06,1.1477663113774066,1.1477663113775738
57.25,0.24855400537770472,0.24855400540465744,-58.2048760322223,-58.204876032206485,-0.00013591604554537672,-0.0001359160445470851,1.1452716552367785,1.1452716552369473
57.5,0.24850989860913827,0.2485098986363413,-57.918860752900684,-57.9188607528848,-0.00021716637009123508,-0.00021716636908802132,1.1428505869965853,1.1428505869967553
57.75,0.2484522741186406,0.24845227414609516,-57.633455971330875,-57.633455971314916,-0.00024406176885844594,-0.00024406176785030928,1.140387668097723,1.1403876680978946
58.0,0.24838645744182178,0.24838645746952911,-57.348671734089365,-57.348671734073335,-0.00028270749325191413,-0.00028270749223885334,1.137886233478012,1.137886233478185
58.25,0.2483258212940691,0.24832582132203043,-57.06462058954209,-57.06462058952599,-0.0002026987943519948,-0.00020269879333400904,1.1345229153570644,1.134522915357239
58.5,0.248251451118868,0.24825145114708458,-56.78138341254102,-56.781383412524846,-0.00039255945213282554,-0.00039255945110991375,1.1313745185517745,1.1313745185519506
58.75,0.24813564333033095,0.24813564335880398,-56.498952567195104,-56.49895256717886,-0.0005342142140666642,-0.0005342142130388254,1.1280722575709499,1.1280722575711275
59.0,0.24794050607606855,0.24794050610479926,-56.217302043853586,-56.217302043837265,-0.001027161063040047,-0.0010271610620072786,1.125131975636636,1.1251319756368152
59.25,0.2476874360553246,0.24768743608431423,-55.936495870995785,-55.93649587097939,-0.000997758783660418,-0.0009977587826227202,1.1213174044538268,1.1213174044540075
59.5,0.24742328331782143,0.24742328334707123,-55.65665743341397,-55.656657433397505,-0.0011158334267477683,-0.00111583342570514,1.117390107332933,1.1173901073331154
59.75,0.24714788476494234,0.24714788479445354,-55.37778294306795,-55.377782943051415,-0.0010877118261021594,-0.0010877118250546,1.11360581278401,1.1136058127841937
60.0,0.24684508076132727,0.2468450807911011,-55.09983526051177,-55.099835260495155,-0.0013350625034105747,-0.0013350625023580826,1.1099756709859394,1.1099756709861246
60.25,0.2464839370202318,0.2464839370502695,-54.822870143811336,-54.82287014379465,-0.0015544863267912376,-0.0015544863257338122,1.1057452833050005,1.1057452833051873
60.5,0.246111416082085,0.2461114161123878,-54.54695663702059,-54.54695663700384,-0.0014260755690608425,-0.0014260755679984826,1.1015627589144164,1.1015627589146046
60.75,0.24576223385695478,0.24576223388752388,-54.272107971171586,-54.27210797115476,-0.001367791107216085,-0.00136779110614879,1.0972265623826463,1.0972265623828361
61.0,0.24542704543521313,0.2454270454660498,-53.99834469861148,-53.99834469859458,-0.0013141261534911721,-0.0013141261524189413,1.0928796130387237,1.0928796130389151
61.25,0.24509481323762347,0.24509481326872892,-53.7257030254176,-53.72570302540062,-0.0013441676072722761,-0.0013441676061951085,1.0882537753447707,1.0882537753449637
61.5,0.24477988947748489,0.24477988950886037,-53.45423635543695,-53.45423635541989,-0.001175672639425022,-0.0011756726383429163,1.083479568614785,1.0834795686149794
61.75,0.24448695561602465,0.2444869556476714,-53.18394662990238,-53.18394662988524,-0.0011682358869765828,-0.0011682358858895383,1.0788382349607262,1.0788382349609222
62.0,0.24419293672702377,0.24419293675894302,-52.91479846884091,-52.91479846882369,-0.0011843387033424733,-0.0011843387022504892,1.0743470550493563,1.0743470550495537
62.25,0.2438981905671757,0.24389819059936868,-52.646826943031215,-52.64682694301392,-0.001174094662828589,-0.0011740946617316643,1.0694251504624643,1.0694251504626633
62.5,0.24360470521125474,0.24360470524372266,-52.38009076634003,-52.38009076632266,-0.0011742559470401936,-0.0011742559459383274,1.0644642630823264,1.064464263082527
62.75,0.24327343018087977,0.24327343021362388,-52.1145851624752,-52.11458516245775,-0.0014764047841007016,-0.0014764047829938923,1.0595805963231826,1.0595805963233846
63.0,0.2429061879437976,0.24290618797681912,-51.850294576657944,-51.850294576640415,-0.0014619891602452879,-0.001461989159133535,1.0547440888558735,1.054744088856077
63.25,0.2425488838220546,0.2425488838553548,-51.58722712954583,-51.58722712952822,-0.0013969104285953458,-0.0013969104274786483,1.0497954819054924,1.0497954819056976
63.5,0.24222981011853748,0.2422298101521176,-51.325405485566975,-51.32540548554929,-0.0011561523351471027,-0.0011561523340254593,1.0447776472266646,1.0447776472268713
63.75,0.24193708517748075,0.241937085211342,-51.064817596247025,-51.06481759622926,-0.0011861047064019915,-0.0011861047052754018,1.0399254701569616,1.0399254701571699
64.0,0.24164435122596936,0.241644351260113,-50.80545848733914,-50.805458487321296,-0.0011562362882139724,-0.0011562362870824352,1.0349473982902346,1.0349473982904445
64.25,0.24134481845021916,0.2413448184846464,-50.54732678613339,-50.54732678611547,-0.0012404823950610878,-0.0012404823939246021,1.0301062192986146,1.030106219298826
64.5,0.24105469034885915,0.24105469038357125,-50.290455298435546,-50.29045529841754,-0.0010810365446976293,-0.001081036543556194,1.0248656672516272,1.0248656672518401
64.75,0.2407629999354022,0.24076299997040038,-50.03487136593462,-50.03487136591653,-0.0012529638561757548,-0.001252963855029369,1.0198058089653026,1.019805808965517
65.0,0.2404575784322215,0.240457578467507,-49.78053358894393,-49.78053358892576,-0.001190871080131814,-0.0011908710789804767,1.0148964011061665,1.0148964011063826
65.25,0.24016696298936233,0.2401669630249364,-49.52742317555876,-49.527423175540505,-0.001134515379960638,-0.0011345153788043486,1.0099869006621105,1.009986900662328
65.5,0.23987420362602183,0.2398742036618857,-49.27555327275739,-49.27555327273905,-0.0012080323505253522,-0.0012080323493641094,1.0049723286801873,1.0049723286804064
65.75,0.2395770392600245,0.23957703929617946,-49.02488632974031,-49.02488632972189,-0.0011697171753812035,-0.0011697171742145248,1.000363211844215,1.0003632118444357
66.0,0.23929861496205587,0.23929861499850325,-48.77542044852417,-48.77542044850566,-0.001058148597943949,-0.001058148596772315,0.9953638273662849,0.9953638273665067
66.25,0.23906595028147998,0.23906595031822106,-48.52718472812411,-48.52718472810552,-0.0008036253826551817,-0.00080362538147811,0.9905219118377122,0.9905219118379351
66.5,0.23886865691766443,0.23886865695470053,-48.28016542033159,-48.28016542031291,-0.0007751825316687288,-0.0007751825304867009,0.9856325478209679,0.9856325478211919
66.75,0.2387073948175469,0.23870739485487924,-48.03438947172437,-48.0343894717056,-0.0005153911222059182,-0.0005153911210189329,0.9805750165436712,0.9805750165438964
67.0,0.2385677137795063,0.2385677138171361,-47.78988465867154,-47.78988465865269,-0.0006025391217265404,-0.0006025391205345974,0.9754634960954351,0.9754634960956615
67.25,0.23845536863213754,0.23845536867006603,-47.54664732506749,-47.54664732504855,-0.0002966961513054302,-0.0002966961501085286,0.9704351439020575,0.970435143902285
67.5,0.23841716748191066,0.2384171675201391,-47.30465849636353,-47.30465849634451,-9.380658769066666e-06,-9.380657567205783e-06,0.96547545864149,0.9654754586417186
67.75,0.23844498418115598,0.23844498421968563,-47.06391335665844,-47.06391335663933,0.00023144381369641644,0.00023144381490323697,0.9604856362942619,0.9604856362944916
68.0,0.23853477296878176,0.23853477300761383,-46.824436204076925,-46.82443620405773,0.00048638057226987246,0.0004863805734816539,0.9553315603223768,0.9553315603226076
68.25,0.23871293370548557,0.23871293374462133,-46.586219814243506,-46.58621981422422,0.0009384403537040984,0.0009384403549208417,0.9503995157246612,0.9503995157248931
68.5,0.23895527701871028,0.23895527705815095,-46.34924573387006,-46.349245733850694,0.0009998341849822442,0.00099983418620395,0.9453931214747476,0.9453931214749807
68.75,0.23925404548968074,0.23925404552942756,-46.11355438643182,-46.11355438641237,0.0013898181388526392,0.0013898181400793087,0.9401376212633915,0.9401376212636258
69.0,0.2395923888290714,0.23959238886912565,-45.87914336869626,-45.87914336867672,0.0013164584441910019,0.0013164584454226354,0.9351505275375888,0.9351505275378242
69.25,0.23994020551834727,0.23994020555871015,-45.64596998539312,-45.6459699853735,0.001465611830513811,0.0014656118317504096,0.9302365248253527,0.9302365248255894
69.5,0.24030940232419465,0.24030940236486742,-45.41406124551881,-45.4140612454991,0.0014874721208493367,0.0014874721220909009,0.9250333921082697,0.9250333921085075
69.75,0.24069343394314782,0.2406934339841317,-45.183459070881625,-45.18345907086183,0.0015842859759850588,0.0015842859772315892,0.9197839958616493,0.9197839958618882
70.0,0.24112887107524472,0.24112887111654102,-44.95415027246997,-44.954150272450086,0.0018987305424481686,0.0018987305437001482,0.9146863617857187,0.9146863617859587
70.25,0.2416416168660437,0.24164161690765373,-44.72611363517872,-44.726113635158754,0.002202756953154208,0.002202756954411157,0.9096067078805744,0.9096067078808157
70.5,0.24217880188063548,0.24217880192256047,-44.4993324834577,-44.49933248343765,0.0020942552225380593,0.0020942552237999774,0.904642516117298,0.9046425161175403
70.75,0.24271907637655143,0.24271907641879265,-44.27381164149099,-44.27381164147085,0.0022274582739803335,0.002227458275247222,0.8995242070580352,0.8995242070582787
71.0,0.24327656506499917,0.24327656510755782,-44.04953169923096,-44.04953169921074,0.002231997939025698,0.002231997940297557,0.8947153305942638,0.8947153305945086
71.25,0.24387526214871155,0.2438752621915889,-43.826511235639636,-43.82651123561932,0.0025570822521449065,0.002557082253421738,0.889448347487316,0.8894483474875621
71.5,0.24454470478161722,0.2445447048248145,-43.60478101806485,-43.60478101804444,0.00279798233193863,0.0027979823332204344,0.8843933703989312,0.8843933703991784
71.75,0.24524844244522573,0.2452484424887442,-43.384310092249734,-43.384310092229235,0.0028314458633840545,0.0028314458646708325,0.8793740329671605,0.8793740329674089
72.0,0.2460104732564829,0.24601047330032377,-43.165123046184725,-43.16512304616413,0.003264305611581386,0.003264305612873139,0.8741222947427763,0.8741222947430258
72.25,0.24684259025451652,0.24684259029868105,-42.94721179322821,-42.94721179320753,0.003392163385253191,0.003392163386549919,0.869167716854954,0.8691677168552048
72.5,0.2476792768659493,0.24767927691043873,-42.730528814491116,-42.73052881447034,0.0033008703431613145,0.0033008703444630185,0.8642961216491201,0.8642961216493721
72.75,0.2485447281981215,0.2485447282429371,-42.51505753624508,-42.51505753622421,0.0036222858271461027,0.0036222858284527836,0.8594740740160698,0.859474074016323
73.0,0.24947762140959837,0.24947762145474137,-42.30080177383803,-42.30080177381707,0.003840397843900464,0.0038403978452121222,0.8545720046767363,0.8545720046769908
73.25,0.2504455308081301,0.2504455308536019,-42.08780247945687,-42.087802479435815,0.0039023919861915506,0.0039023919875086684,0.8494223445278465,0.8494223445281022
73.5,0.25142666839714467,0.2514266684429466,-41.87608263253934,-41.87608263251819,0.003946229379541688,0.003946229380863787,0.8443364266794894,0.8443364266797463
73.75,0.2524393395415929,0.25243933958772624,-41.66563986053122,-41.665639860509984,0.004154656212910651,0.004154656214237731,0.8392057297349459,0.839205729735204
74.0,0.25348393277409564,0.2534839328205616,-41.45644221458721,-41.45644221456588,0.004201634411021855,0.004201634412353916,0.8343754333881196,0.8343754333883789
74.25,0.2545270091231429,0.2545270091699427,-41.248474631515826,-41.2484746314944,0.00414250418392808,0.0041425041852651235,0.829365236757917,0.8293652367581775
74.5,0.25558263363347183,0.2555826336806067,-41.04171907541981,-41.0417190753983,0.004302050264971607,0.004302050266313634,0.8246791969682097,0.8246791969684715
74.75,0.2566755425677589,0.2566755426152301,-40.83616411312826,-40.836164113106655,0.004440757645408934,0.004440757646755946,0.8197604882868984,0.8197604882871614
75.0,0.2578234956082669,0.25782349565607576,-40.63185899926567,-40.63185899924397,0.004742387908040738,0.004742387909392735,0.8146803941761173,0.8146803941763815
75.25,0.2590374599237412,0.25903745997188893,-40.42879154043508,-40.42879154041328,0.004968872270129074,0.004968872271486058,0.8098592551156611,0.8098592551159266
75.5,0.2603169224934453,0.26031692254193317,-40.22694864672149,-40.2269486466996,0.005266359409631105,0.005266359410993558,0.804883866545897,0.8048838665461637
75.75,0.2616301507789078,0.26163015082773716,-40.026375381798175,-40.02637538177619,0.005238978558824394,0.005238978560191834,0.7997022554222089,0.7997022554224767
76.0,0.262990396841565,0.2629903968907371,-39.82704879467692,-39.82704879465484,0.005642538381427535,0.005642538382799964,0.794910403500086,0.7949104035003551
76.25,0.2644246240816348,0.26442462413115086,-39.62896465315734,-39.62896465313517,0.005830794441108282,0.0058307944424857,0.7897627109077574,0.7897627109080277
76.5,0.2659308951769079,0.26593089522676916,-39.43215301300361,-39.43215301298134,0.006218900110355385,0.006218900111737793,0.7847303737314185,0.7847303737316901
76.75,0.2675337213163115,0.2675337213665192,-39.236604261109775,-39.23660426108741,0.006603231186272125,0.0066032311876595235,0.7796596051844031,0.7796596051846759
77.0,0.26920906695268026,0.26920906700323566,-39.04234002391679,-39.042340023894326,0.006799043411032244,0.006799043412424635,0.7744542738982858,0.7744542738985598
77.25,0.2709480022127836,0.2709480022636879,-38.84932375707666,-38.849323757054094,0.007111988433628791,0.0071119884350261744,0.7696758313182831,0.7696758313185584
77.5,0.2727459659499581,0.27274596600121265,-38.657525650183025,-38.65752565016036,0.0072712534764843625,0.00727125347788722,0.7647090088153213,0.7647090088155979
77.75,0.27460127456878014,0.27460127462038625,-38.46694894397447,-38.46694894395171,0.007570762809628368,0.00757076281103622,0.7599046126153223,0.7599046126156002
78.0,0.2765252215329311,0.27652522158488996,-38.27757936804838,-38.27757936802552,0.007820355701519413,0.007820355702932264,0.7550519712617594,0.7550519712620385
78.25,0.2785035462858241,0.278503546338137,-38.08946320004336,-38.089463200020404,0.00800575477232258,0.00800575477374043,0.7498773552989624,0.7498773552992427
78.5,0.28051597292484287,0.28051597297751113,-37.90262238793985,-37.90262238791679,0.008093184598087083,0.008093184599509933,0.7448491332863327,0.7448491332866144
78.75,0.28254912469430643,0.28254912474733124,-37.71703340286832,-37.71703340284516,0.008171559762824293,0.008171559764252143,0.7398627398968095,0.7398627398970925
79.0,0.2845995239796743,0.28459952403305694,-37.53270455567525,-37.532704555651996,0.008231154516134128,0.00823115451756698,0.7347680320291744,0.7347680320294586
79.25,0.28666581264573454,0.2866658126994762,-37.349627889764164,-37.34962788974081,0.008298691023837415,0.008298691025275268,0.7298452888922881,0.7298452888925735
79.5,0.2887766677600543,0.2887766678141563,-37.16779884169774,-37.16779884167428,0.008587673336462008,0.008587673337904864,0.7247870683938317,0.7247870683941183
79.75,0.29094428276342643,0.29094428281789003,-36.98723106755166,-36.98723106752811,0.00875277262127138,0.008752772622719241,0.7197551092092244,0.7197551092095124
80.0,0.29316924171311515,0.29316924176794157,-36.80791491231057,-36.80791491228692,0.009046429720237906,0.009046429721690771,0.7147741050334482,0.7147741050337375
80.25,0.29543516503015244,0.2954351650853429,-36.629839200809336,-36.62983920078558,0.009080491194805694,0.009080491196263566,0.7098315837652088,0.7098315837654995
80.5,0.29772862218733276,0.29772862224288854,-36.45298687154847,-36.45298687152461,0.009266709682480459,0.009266709683943337,0.7049870327650916,0.7049870327653834
80.75,0.30008021460804835,0.3000802146639707,-36.27735006799935,-36.27735006797539,0.009545570001972198,0.009545570003440085,0.7001073693368609,0.700107369337154
81.0,0.3024812484909983,0.3024812485472885,-36.10293838446661,-36.10293838444255,0.009662237464500822,0.009662237465973717,0.6951860879256868,0.6951860879259811
81.25,0.30492883627445766,0.3049288363311169,-35.92974588402398,-35.92974588399982,0.009918009612480074,0.009918009613957977,0.6903538915011309,0.6903538915014266
81.5,0.30739912405444947,0.307399124111479,-35.75777251631498,-35.757772516290714,0.009843829083562456,0.009843829085045368,0.6854330571647774,0.6854330571650744
81.75,0.3098862387455958,0.3098862388029969,-35.58704457423966,-35.58704457421529,0.010052613424520133,0.010052613426008057,0.6803904597535694,0.6803904597538676
82.0,0.3124228843043487,0.31242288436212273,-35.41754885033994,-35.41754885031547,0.010240097476588626,0.010240097478081562,0.6755753137681986,0.6755753137684981
82.25,0.3149833671406933,0.3149833671988414,-35.24927431027353,-35.24927431024896,0.01024329852886235,0.010243298530360299,0.6706210064613994,0.6706210064617002
82.5,0.31752246443716203,0.31752246449568544,-35.0822416756006,-35.08224167557592,0.010069010645186314,0.010069010646689277,0.6656400873540916,0.6656400873543936
82.75,0.3200356716133158,0.3200356716722158,-34.91647871925257,-34.91647871922779,0.010036159120763517,0.010036159122271493,0.6604635665275297,0.6604635665278329
83.0,0.3225343856145089,0.3225343856737867,-34.75197758664168,-34.7519775866168,0.009953089610605004,0.009953089612117995,0.6555455021914989,0.6555455021918034
83.25,0.3250124647922323,0.32501246485188917,-34.58871159741857,-34.58871159739359,0.009871076285333536,0.009871076286851542,0.6505824193257382,0.650582419326044
83.5,0.32748072469337763,0.3274807247534149,-34.426672190724126,-34.42667219069904,0.009874546097013534,0.009874546098536555,0.6457328339028439,0.6457328339031508
83.75,0.3299764836000015,0.3299764836604203,-34.265842470003335,-34.26584246997814,0.010091070375959604,0.010091070377487642,0.6409049114495547,0.6409049114498631
84.0,0.33250406337112837,0.33250406343193006,-34.10625445865287,-34.10625445862757,0.01012908682574587,0.010129086827278927,0.6357991757700696,0.6357991757703793
84.25,0.3350522720687377,0.33505227212992367,-33.94792519058792,-33.94792519056251,0.010256115133393013,0.010256115134932051,0.6308349567733659,0.6308349567736768
84.5,0.33761380367005467,0.33761380373162625,-33.790854031894504,-33.79085403186899,0.010235657195496784,0.010235657197040842,0.6257343147028223,0.6257343147031346
84.75,0.34016364935731314,0.3401636494192716,-33.63506049208576,-33.63506049206014,0.010162625965314696,0.010162625966863775,0.6206140106526224,0.6206140106529361
85.0,0.3427119218858976,0.3427119219482442,-33.48053453318091,-33.48053453315518,0.010223081349034241,0.01022308135058834,0.6155936548865817,0.6155936548868967
85.25,0.3452509082814938,0.3452509083442297,-33.32727243288757,-33.32727243286173,0.010088330287184425,0.010088330288743548,0.6105031601646355,0.6105031601649518
85.5,0.34776254874653184,0.3477625488096584,-33.17526931638414,-33.1752693163582,0.010004324187555992,0.010004324189120138,0.605521779783063,0.6055217797833807
85.75,0.3502795151304641,0.3502795151939826,-33.02449218530105,-33.024492185275,0.01013095223924681,0.01013095224081598,0.6006952569432045,0.6006952569435235
86.0,0.3528438073974451,0.3528438074613567,-32.874932200114785,-32.87493220008863,0.01038292332738373,0.010382923328957926,0.5957846007910643,0.5957846007913847
86.25,0.3554395599498235,0.3554395600141295,-32.72662950572082,-32.726629505694554,0.010382612183889407,0.010382612185468628,0.5906369543900982,0.59063695439042
86.5,0.35803882082034527,0.35803882088504696,-32.579596287668934,-32.57959628764256,0.010411003023284722,0.01041100302486897,0.5856287873484044,0.5856287873487275
86.75,0.3606512726338862,0.3606512726989848,-32.433808328179815,-32.43380832815333,0.010488144845910432,0.010488144847499709,0.5806748812916848,0.5806748812920092
87.0,0.3632863330087088,0.36328633307420555,-32.28928152219293,-32.289281522166334,0.010591854412928422,0.010591854414522728,0.5755395568257188,0.5755395568260446
87.25,0.3659344244985608,0.36593442456445713,-32.14601823413134,-32.14601823410463,0.010592409090260884,0.010592409091861184,0.5705667476148458,0.570566747615173
87.5,0.36861362302124934,0.3686136230875466,-32.00403778601401,-32.004037785987194,0.01084068078192644,0.01084068078353177,0.5652768139166902,0.5652768139170187
87.75,0.3713333844813227,0.3713333845480221,-31.863329032320916,-31.863329032294004,0.010916950904680848,0.010916950906291209,0.5603932084373304,0.5603932084376603
88.0,0.3740891504595962,0.37408915052669905,-31.723865831294397,-31.72386583126739,0.011128698338981736,0.011128698340597131,0.5553123798112162,0.5553123798115474
88.25,0.37685542469156447,0.3768554247590721,-31.585666047795943,-31.58566604776884,0.011001022059978854,0.011001022061599282,0.550285900213848,0.5502859002141807
88.5,0.3796073752618561,0.3796073753297697,-31.448755608062626,-31.448755608035423,0.011014084360233302,0.011014084361858764,0.5449976164212287,0.5449976164215626
88.75,0.38235744631915564,0.3823574463874764,-31.31312490342121,-31.313124903393906,0.010986017887691962,0.010986017889322458,0.5400480233563046,0.54004802335664
89.0,0.3851007085573291,0.38510070862605833,-31.17875546758703,-31.178755467559633,0.010959595801899688,0.01095959580353522,0.5349074658082493,0.5349074658085862
89.25,0.38781917032530694,0.3878191703944459,-31.045645647216016,-31.04564564718852,0.010787633374731535,0.010787633376372105,0.5299711133726448,0.5299711133729831
89.5,0.3904835571753173,0.3904835572448673,-30.913779486760703,-30.913779486733105,0.010526989230815362,0.01052698923246097,0.5249581948435832,0.5249581948439229
89.75,0.39311821810013003,0.3931182181700923,-30.783135664018445,-30.78313566399075,0.010549849265934039,0.010549849267584685,0.5201923849392668,0.520192384939608
90.0,0.39577143762169187,0.3957714376920677,-30.653716503610884,-30.653716503583087,0.01067543295851474,0.010675432960170426,0.5151608864811739,0.5151608864815165
90.25,0.398462210483904,0.3984622105546946,-30.525544406132582,-30.525544406104682,0.010850284151361822,0.01085028415302255,0.5102158768602408,0.5102158768605849
90.5,0.40120246128088166,0.4012024613520883,-30.398624437019347,-30.398624436991344,0.011071244469792064,0.011071244471457832,0.5051438552134413,0.5051438552137868
90.75,0.403994556907796,0.40399455697942005,-30.272950854754185,-30.27295085472608,0.011265059105074493,0.011265059106745787,0.5002447846349624,0.5002447846353093
91.0,0.4068286109618967,0.4068286110339394,-30.14848660238663,-30.148486602358425,0.011406923538293897,0.011406923539970233,0.4954692209304757,0.4954692209308238
91.25,0.4096886890784749,0.40968868915093754,-30.02525226587187,-30.025252265843566,0.01147322443813044,0.01147322443981182,0.49040546493675646,0.4904054649371058
91.5,0.4125581375727985,0.41255813764568244,-29.903297734701926,-29.90329773467352,0.01148187610365615,0.011481876105343056,0.48523078360717187,0.4852307836075224
91.75,0.4154459566301661,0.41544595670347256,-29.782599153057447,-29.782599153028936,0.011620217394978118,0.01162021739667007,0.48035785650582463,0.4803578565061764
92.0,0.418344696262412,0.4183446963361423,-29.663153083242868,-29.663153083214254,0.011569214850573955,0.011569214852270953,0.4752107068194092,0.47521070681976213
92.25,0.4212500880760581,0.42125008815021364,-29.544980273964,-29.544980273935284,0.011673445048444355,0.011673445050146884,0.47017175758471796,0.4701717575850721
92.5,0.42416415321966816,0.42416415329425017,-29.428045759314035,-29.428045759285215,0.011638617665931958,0.011638617667639534,0.46530436289861715,0.46530436289897253
92.75,0.42707432768627074,0.42707432776128046,-29.312351333107873,-29.31235133307895,0.011642302102951823,0.01164230210466445,0.46025104640334674,0.46025104640370335
93.0,0.42998743089603647,0.42998743097147524,-29.19792001067293,-29.197920010643905,0.011662047781535267,0.011662047783253426,0.4551995312146084,0.4551995312149662
93.25,0.4329178089095202,0.43291780898538934,-29.08473485700187,-29.08473485697274,0.011780513138033022,0.011780513139756232,0.4502816869849573,0.4502816869853164
93.5,0.43583730306255064,0.4358373031388515,-28.97279487686907,-28.972794876839835,0.011574965047997935,0.011574965049726197,0.44523817345668826,0.4452381734570486
93.75,0.4387469501905847,0.4387469502673184,-28.86211823368741,-28.862118233658073,0.011701735079171107,0.011701735080904422,0.4401749600446807,0.44017496004504225
94.0,0.44166132489758353,0.4416613249747515,-28.752745773186383,-28.752745773156942,0.011612756734997676,0.011612756736736526,0.43480473235251704,0.4348047323528798
94.25,0.44456571258908184,0.44456571266668543,-28.644680488348396,-28.644680488318848,0.011621865638816611,0.011621865640560516,0.4297175454926502,0.42971754549301416
94.5,0.44746060971553697,0.44746060979357744,-28.537905050507742,-28.537905050478088,0.011536818599646937,0.011536818601395897,0.42448596525091464,0.42448596525127985
94.75,0.45033520249564957,0.4503352025741281,-28.43242862492711,-28.432428624897348,0.011459437564563359,0.011459437566317374,0.41932544668973176,0.4193254466900982
95.0,0.4532074569628602,0.4532074570417781,-28.328196368118807,-28.328196368088943,0.011518146760577103,0.011518146762336656,0.41453260224159477,0.4145326022419625
95.25,0.4560873837523797,0.4560873838317384,-28.225175373652558,-28.225175373622587,0.01152080630094427,0.011520806302708879,0.4096353532377161,0.40963535323808503
95.5,0.45893495862457423,0.4589349587043749,-28.123386436542802,-28.123386436512725,0.011259325577446407,0.011259325579216075,0.40467616829294567,0.4046761682933159
95.75,0.4617568247946165,0.4617568248748604,-28.02284805964736,-28.022848059617175,0.011315128558123257,0.011315128559897985,0.39963084160950885,0.39963084160988027
96.0,0.4645607345584134,0.4645607346391019,-27.9235406397368,-27.92354063970651,0.011115697236818356,0.011115697238598626,0.3948285364775118,0.39482853647788446
96.25,0.4673256784966312,0.46732567857776564,-27.82544223240608,-27.825442232375682,0.011003395583452383,0.011003395585237715,0.38995873275616444,0.3899587327565383
96.5,0.4700653543101046,0.4700653543916863,-27.728588705243336,-27.72858870521283,0.010913531546271936,0.010913531548062813,0.38486949301827517,0.3848694930186503
96.75,0.4727863759680148,0.47278637605004514,-27.6329984097598,-27.632998409729183,0.010854169182915768,0.010854169184712189,0.3798528764467961,0.37985287644717247
97.0,0.4754614712813236,0.47546147136380396,-27.53865193856033,-27.538651938529608,0.010546128575562292,0.010546128577364257,0.3749189221912391,0.37491892219161677
97.25,0.47809883753035687,0.4780988376132886,-27.445561475340092,-27.44556147530926,0.010552319674739285,0.010552319676546315,0.36980478298704295,0.36980478298742187
97.5,0.4807231048831208,0.48072310496650517,-27.353728325380803,-27.35372832534986,0.010441353410582879,0.010441353412394973,0.364860427149288,0.36486042714966815
97.75,0.48329760995240645,0.4832976100362447,-27.263143552977322,-27.263143552946268,0.010154212131912654,0.010154212133729815,0.35981777915045066,0.3598177791508321
98.0,0.4858204767404675,0.4858204768247609,-27.17383204778652,-27.173832047755354,0.010028237643680882,0.01002823764550311,0.35467427425297876,0.35467427425336145
98.25,0.488292593707713,0.4882925937924628,-27.085775033702404,-27.08577503367113,0.009748237230688473,0.00974823723251577,0.3497818648185779,0.3497818648189619
98.5,0.49071002888877846,0.490710028973986,-26.998957860831304,-26.99895786079992,0.00959077071921554,0.009590770721048388,0.344755532996302,0.34475553299668726
98.75,0.4931022426236296,0.49310224270929626,-26.913384647466934,-26.91338464743544,0.009546475177099764,0.009546475178937681,0.3398301780949276,0.3398301780953142
99.0,0.49548713723138704,0.49548713731751404,-26.829073137713472,-26.829073137681863,0.009532194798482775,0.009532194800325763,0.33466190127919687,0.33466190127958473
99.25,0.4978692218534598,0.4978692219400484,-26.74604987474483,-26.746049874713112,0.009523998174158147,0.009523998176006205,0.3295242032427604,0.3295242032431495
99.5,0.5002283816763398,0.5002283817633915,-26.664304400934412,-26.66430440090258,0.009348801407435346,0.009348801409288477,0.324439603758302,0.3244396037586924
99.75,0.5025256957580131,0.5025256958455292,-26.5838420531487,-26.583842053116754,0.009029223202946975,0.00902922320480518,0.31925920865747565,0.31925920865786733
100.0,0.5047529958528686,0.5047529959408504,-26.50466510565045,-26.50466510561839,0.008788696816019586,0.008788696817882864,0.3141563940055601,0.3141563940059531
100.25,0.5069433082342956,0.5069433083227444,-26.426728572624345,-26.42672857259217,0.008733348104630795,0.00873334810649963,0.3093358754216454,0.30933587542203966
100.5,0.509112997066502,0.5091129971554191,-26.350020531960297,-26.350020531928013,0.008623690798240796,0.008623690800114705,0.3043284602293364,0.304328460229732
100.75,0.5112690039009153,0.5112690039903021,-26.274535736511645,-26.274535736479248,0.008623913696985652,0.008623913698864637,0.29954990333893206,0.29954990333932896
101.0,0.5134015724569274,0.5134015725467849,-26.200261637013735,-26.200261636981224,0.008436172458253887,0.008436172460137949,0.2946429103447417,0.29464291034513995
101.25,0.5154865305965859,0.5154865306869154,-26.12722380078358,-26.127223800750954,0.008243023181938347,0.008243023183827488,0.2896597977067863,0.28965979770718586
101.5,0.5175446514233105,0.5175446515141133,-26.055450177330936,-26.055450177298198,0.008221460044756464,0.008221460046650683,0.2845291919473849,0.2845291919477858
101.75,0.5195383469524847,0.5195383470437621,-25.98491026572561,-25.984910265692758,0.007727657707840502,0.007727657709739799,0.2797901474512406,0.2797901474516428
102.0,0.5214597277225662,0.5214597278143196,-25.915538963664766,-25.915538963631796,0.007642954139048828,0.007642954140953684,0.2751802770214815,0.2751802770218851
102.25,0.5233305370893043,0.523330537181535,-25.847343111228877,-25.84734311119579,0.0073230691410344495,0.0073230691429443835,0.270386572624624,0.2703865726250289
102.5,0.5251491809641968,0.525149181056906,-25.780377017462154,-25.780377017428954,0.007225606561544481,0.007225606563459494,0.2653421866980399,0.2653421866984461
102.75,0.5269459680445895,0.5269459681377785,-25.714675986218225,-25.71467598618491,0.007148211789996517,0.0071482117919170925,0.26026607055026074,0.2602660705506683
103.0,0.5287180249932564,0.5287180250869266,-25.650226292227618,-25.650226292194187,0.007027778848094174,0.007027778850019831,0.25533149272914785,0.25533149272955674
103.25,0.5304587138403014,0.5304587139344541,-25.587008070434507,-25.587008070400962,0.00689726861050692,0.006897268612437659,0.2504142939203631,0.2504142939207733
103.5,0.5321663473901581,0.5321663474847946,-25.525047430780912,-25.52504743074725,0.006763315133459368,0.006763315135395673,0.24527083593765067,0.24527083593806212
103.75,0.5338114684388743,0.533811468533996,-25.464359201986017,-25.464359201952238,0.006397178740776417,0.0063971787427178056,0.24023502894109572,0.2402350289415084
104.0,0.5353929198777917,0.5353929199733999,-25.404909221065388,-25.40490922103149,0.006253973858683503,0.006253973860630459,0.23536483192541588,0.2353648319258298
104.25,0.5369350359904289,0.5369350360865249,-25.346683714966996,-25.346683714932983,0.006082490900922244,0.006082490902874285,0.23043923302928085,0.23043923302969602
104.5,0.5384495324985439,0.538449532595129,-25.289720087654658,-25.289720087620527,0.006032994028339871,0.006032994030296998,0.22526979013607928,0.2252697901364957
104.75,0.5399342048494029,0.5399342049464784,-25.23399867087915,-25.2339986708449,0.005843935464843883,0.005843935466806097,0.22050156189259387,0.22050156189301154
105.0,0.5413696274991341,0.5413696275967013,-25.179500360056828,-25.179500360022463,0.005638972993124578,0.005638972995092363,0.215484944010006,0.21548494401042492
105.25,0.5427645839244126,0.5427645840224729,-25.12622117607874,-25.126221176044254,0.0055202320813749215,0.005520232083347795,0.21074853900971732,0.2107485390101375
105.5,0.5440969480820622,0.5440969481806168,-25.07416950481069,-25.074169504776084,0.005138202101567182,0.0051382021035456275,0.20566486715273385,0.20566486715315527
105.75,0.5453425318466967,0.545342531945747,-25.02338465492419,-25.023384654889462,0.0048259920125742544,0.004825992014557791,0.20061396137468365,0.20061396137510631
106.0,0.546519629805223,0.5465196299047702,-24.97386460957593,-24.973864609541085,0.004590314073673699,0.004590314075662327,0.19554642363128605,0.19554642363171
106.25,0.5476285958563751,0.5476285959564207,-24.925591631793786,-24.92559163175882,0.00428095169010019,0.004280951692093911,0.19063742779277748,0.1906374277932027
106.5,0.5486652676117145,0.5486652677122595,-24.87856694304649,-24.878566943011403,0.004011943825886423,0.0040119438278852365,0.18556010754786795,0.1855601075482944
106.75,0.549650504789762,0.5496505048908078,-24.832779160801586,-24.83277916076638,0.003869499517700053,0.0038694995197039593,0.1807421638411411,0.18074216384156885
107.0,0.5505705571462919,0.5505705572478398,-24.788212113147093,-24.788212113111765,0.0034904529899567674,0.003490452991965767,0.17579425313157898,0.175794253132008
107.25,0.5514464364940832,0.5514464365961345,-24.744888100911243,-24.74488810087579,0.003516110868109192,0.0035161108701232857,0.17079784233624618,0.17079784233667647
107.5,0.5522818566358331,0.5522818567383889,-24.70279498244957,-24.702794982413995,0.0031667930724659055,0.0031667930744850945,0.16594713829107122,0.1659471382915028
107.75,0.5530520267118366,0.5530520268148983,-24.66192420166651,-24.66192420163081,0.0029941030428700284,0.0029941030448943132,0.16101912425480214,0.16101912425523499
108.0,0.5537706345913977,0.5537706346949666,-24.6223106161623,-24.622310616126477,0.0027542764925225956,0.0027542764945519774,0.15588958238992195,0.15588958239035608
108.25,0.554458824327691,0.5544588244317683,-24.583970009269777,-24.58397000923383,0.0027507649848280556,0.002750764986862535,0.15083527308137523,0.15083527308181063
108.5,0.5551159918785799,0.5551159919831669,-24.54689450960216,-24.54689450956609,0.0025060978525512185,0.002506097854590797,0.1457687473269674,0.1457687473274041
108.75,0.5556877885341851,0.555687788639283,-24.51107448460834,-24.511074484572145,0.002067806225549066,0.002067806227593745,0.1407914939460464,0.1407914939464844
109.0,0.5561882370483482,0.5561882371539584,-24.476506744249214,-24.476506744212895,0.0019353066945809333,0.0019353066966307114,0.13575044141915069,0.13575044141959
109.25,0.5566359769216753,0.5566359770277991,-24.443179445458735,-24.44317944542229,0.0016461520421247762,0.0016461520441796553,0.13086797616638363,0.13086797616682425
109.5,0.5569992785564953,0.5569992786631339,-24.411095401656365,-24.411095401619797,0.001259783698784013,0.0012597837008439937,0.12580441067967332,0.12580441068011525
109.75,0.5572850133549502,0.5572850134621048,-24.380292995457225,-24.380292995420533,0.0010256054609329099,0.0010256054629979928,0.12061486099195261,0.1206148609923958
110.0,0.557498511029048,0.55749851113672,-24.350766256539043,-24.350766256502222,0.0006819030756406951,0.0006819030777108809,0.11559908275802853,0.11559908275847298
110.25,0.557621261883057,0.5576212619912476,-24.322518293900185,-24.32251829386324,0.0002996121568592573,0.00029961215893454683,0.1103846543954947,0.11038465439594042
110.5,0.5576487864660046,0.5576487865747151,-24.295534787918317,-24.295534787881248,-7.987757911456677e-05,-7.987757703417281e-05,0.10548342923799875,0.10548342923844573
110.75,0.5575880231198477,0.5575880232290794,-24.269810245884194,-24.269810245847,-0.0004067166766709378,-0.0004067166745854385,0.10031293784960718,0.10031293785005542
111.0,0.5574440430362795,0.5574440431460336,-24.245356369868027,-24.24535636983071,-0.0007455949307962925,-0.0007455949287056868,0.09531810222940751,0.09531810222985702
111.25,0.5572561810489941,0.557256181159272,-24.222153945575663,-24.222153945538217,-0.0007577739850881911,-0.0007577739829915153,0.09030129325782643,0.09030129325827722
111.5,0.5570694538358896,0.5570694539466927,-24.20017062016502,-24.200170620127448,-0.0007364902609500353,-0.0007364902588482518,0.08556530802073045,0.08556530802118252
111.75,0.5568713460882947,0.5568713461996243,-24.179376349735872,-24.17937634969817,-0.0008488220771186519,-0.0008488220750117597,0.08078886600322065,0.08078886600367399
112.0,0.5566337861269903,0.5566337862388477,-24.159781566407474,-24.159781566369645,-0.001052112031397097,-0.0010521120292850943,0.07596941979030705,0.07596941979076169
112.25,0.5563183080544599,0.5563183081668465,-24.141431372606856,-24.1414313725689,-0.0014721969420692848,-0.0014721969399521708,0.07083217022053329,0.0708321702209892
112.5,0.5559044962370172,0.5559044963499341,-24.124343337089414,-24.12434333705133,-0.0018387652972903037,-0.0018387652951680775,0.06587214847934264,0.06587214847979984
112.75,0.5554234804849031,0.5554234805983517,-24.10848067345261,-24.108480673414398,-0.0020098173946530257,-0.002009817392525204,0.06102917674201201,0.06102917674247048
113.0,0.5549041344392148,0.5549041345531965,-24.093859547367234,-24.093859547328893,-0.0021454308789988228,-0.0021454308768654048,0.05593984472677787,0.055939844727237606
113.25,0.5543567687529553,0.5543567688674714,-24.080487462610087,-24.080487462571618,-0.0022339569565083986,-0.0022339569543698653,0.051036841676743175,0.05103684167720418
113.5,0.5537433904182624,0.5537433905333142,-24.068352932322163,-24.068352932283567,-0.0026735409767862954,-0.002673540974642645,0.046039442070918264,0.04603944207138054
113.75,0.5530101913096674,0.5530101914252563,-24.057487198226433,-24.057487198187708,-0.0031925378334453623,-0.003192537831296594,0.04088647962629387,0.04088647962675741
114.0,0.5521808528594918,0.552180852975619,-24.04787913000347,-24.047879129964613,-0.0034426326663773528,-0.0034426326642234663,0.03597808973655347,0.03597808973701829
114.25,0.5513001510771851,0.5513001511938519,-24.03950753672212,-24.039507536683136,-0.003603451572408773,-0.0036034515702497672,0.030994671676385258,0.030994671676851347
114.5,0.5503784004523902,0.550378400569598,-24.032413192166302,-24.032413192127187,-0.003771047091698528,-0.0037710470895334393,0.025760100571211805,0.025760100571679163
114.75,0.5493836414687157,0.5493836415864658,-24.026588379830716,-24.02658837979147,-0.004187488953994982,-0.00418748895182477,0.020838437375905274,0.020838437376373906
115.0,0.5482806912399971,0.5482806913582909,-24.021989899284137,-24.02198989924476,-0.00463657398872828,-0.004636573986552945,0.015949449336782225,0.015949449337252133
115.25,0.5470765051052715,0.5470765052241103,-24.018618241395025,-24.018618241355515,-0.004997379670190402,-0.0049973796680089794,0.01102384779311556,0.011023847793586741
115.5,0.5457821035311348,0.54578210365052,-24.01646541495863,-24.01646541491899,-0.005358288038401587,-0.005358288036215039,0.006198797724727251,0.006198797725199706
115.75,0.5444215577771047,0.5444215578970377,-24.015510499045675,-24.015510499005902,-0.005526526822187719,-0.005526526819996045,0.0014405454406170915,0.0014405454410908194
116.0,0.5430293084932526,0.5430293086137347,-24.015766316803177,-24.01576631676327,-0.005611932250592278,-0.005611932248395477,-0.003487079448499164,-0.0034870794480241596
116.25,0.5415903575585626,0.541590357679595,-24.01720863413064,-24.0172086340906,-0.005900105786845524,-0.005900105784643595,-0.008051432001985359,-0.00805143200150907
116.5,0.540075483795051,0.540075483916635,-24.019784461092893,-24.01978446105272,-0.006219309176991848,-0.00621930917478479,-0.012555153601307226,-0.012555153600829646
116.75,0.5384591392951789,0.5384591394173156,-24.0235024256939,-24.02350242565359,-0.006711883916643624,-0.006711883914431435,-0.017188516766454644,-0.017188516765975766
117.0,0.5367516651774179,0.5367516653001088,-24.02833196113924,-24.028331961098797,-0.006948310860986596,-0.006948310858769277,-0.021447744505749072,-0.02144774450526889
117.25,0.5349793051760852,0.5349793052993315,-24.034217664743895,-24.034217664703316,-0.007230964479440191,-0.007230964477217258,-0.025637857682681436,-0.02563785768219995
117.5,0.5331655931321205,0.5331655932559237,-24.04114237519436,-24.041142375153647,-0.0072791207834860825,-0.0072791207812580175,-0.02975982138078194,-0.029759821380299145
117.75,0.5313247631444827,0.531324763268844,-24.04907968599982,-24.049079685958972,-0.007447894538228919,-0.00744789453599572,-0.033738649150765514,-0.033738649150281394
118.0,0.5294388193411126,0.5294388194660332,-24.058049078383878,-24.058049078342894,-0.0076400595059666,-0.007640059503728267,-0.03801647180419989,-0.038016471803714445
118.25,0.5274823849075312,0.5274823850330126,-24.067995590114705,-24.067995590073586,-0.008011749945447242,-0.008011749943203769,-0.04155558699919217,-0.0415555869987054
118.5,0.5254561284602082,0.5254561285862516,-24.07886933062415,-24.078869330582897,-0.008198667646374096,-0.008198667644125484,-0.04543431945362676,-0.045434319453138666
118.75,0.5233778077516837,0.5233778078782904,-24.09072245981471,-24.090722459773318,-0.008428271363379267,-0.008428271361125513,-0.049390692423610605,-0.04939069242312117
119.0,0.5212447568914562,0.5212447570186274,-24.103518258154036,-24.10351825811251,-0.00863647385383091,-0.008636473851572013,-0.052975674661500716,-0.05297567466100995
119.25,0.5190551186864676,0.5190551188142045,-24.11719456696892,-24.117194566927253,-0.008880958262099557,-0.008880958259835517,-0.05643477280737247,-0.05643477280688036
119.5,0.5168231105580287,0.5168231106863327,-24.131773397301394,-24.13177339725959,-0.008975461719995841,-0.008975461717726178,-0.060195860942517006,-0.06019586094202355
119.75,0.5145749943183948,0.5145749944472674,-24.14728654075843,-24.147286540716486,-0.009009818660295982,-0.009009818658020693,-0.06390928347450968,-0.06390928347401485
120.0,0.5122808979209282,0.5122808980503707,-24.1636945558548,-24.163694555812718,-0.009343277732239683,-0.009343277729959248,-0.06735480585769921,-0.067354805857203
120.25,0.5099118646404286,0.5099118647704423,-24.180903632703693,-24.180903632661472,-0.00960926824199692,-0.009609268239711338,-0.07031778385564076,-0.07031778385514317
120.5,0.5074753409548188,0.507475341085405,-24.198842137070194,-24.198842137027835,-0.009883192448077472,-0.009883192445786742,-0.07319022525057851,-0.07319022525007954
120.75,0.5049996102317309,0.504999610362891,-24.217527217718462,-24.217527217675965,-0.009922946020447937,-0.009922946018152058,-0.07629041618752941,-0.07629041618702904
121.0,0.5024869003561239,0.502486900487859,-24.236981634795132,-24.236981634752496,-0.010179021364503433,-0.010179021362202405,-0.07934489628285873,-0.07934489628235698
121.25,0.4999104450740938,0.49991044520640515,-24.257160315753296,-24.25716031571052,-0.01043287959789979,-0.010432879595593612,-0.08208452744849824,-0.0820845274479951
121.5,0.4972829739000403,0.49728297403292904,-24.278024467878936,-24.27802446783602,-0.010587148934661995,-0.010587148932350667,-0.08482867501195689,-0.08482867501145235
121.75,0.49460984521663065,0.4946098453500981,-24.299572668768846,-24.299572668725787,-0.010798138180015794,-0.010798138177699314,-0.0875569122150767,-0.08755691221457075
122.0,0.4918727187756482,0.49187271890969564,-24.32184246051312,-24.32184246046992,-0.0110991608211378,-0.011099160818816166,-0.09060139335847275,-0.09060139335796541
122.25,0.48908065227335973,0.4890806524079884,-24.344786296475775,-24.34478629643243,-0.011237593004059602,-0.011237593001732814,-0.09294928129123285,-0.0929492812907241
122.5,0.4862311157468157,0.48623111588202705,-24.368302776576236,-24.36830277653275,-0.011558910216053545,-0.011558910213721121,-0.09518252921843111,-0.09518252921792096
122.75,0.4832939556072232,0.48329395574301853,-24.39242639295134,-24.392426392907712,-0.011938618747399059,-0.011938618745061478,-0.09780636598319477,-0.09780636598268322
123.0,0.4803102854386448,0.48031028557502536,-24.417166727375275,-24.417166727331505,-0.011930960861412232,-0.011930960859069493,-0.10011631013021735,-0.1001163101297044
123.25,0.4772643511652004,0.4772643513021675,-24.442449151930425,-24.442449151886514,-0.012436704894560339,-0.012436704892212441,-0.10214303862911644,-0.10214303862860208
123.5,0.4741281798666453,0.47412818000420026,-24.468262996998448,-24.468262996954394,-0.01265287573810054,-0.012652875735747483,-0.10436770153430466,-0.10436770153378888
123.75,0.47094344127346377,0.4709434414116079,-24.494634301841938,-24.49463430179774,-0.01282524423576085,-0.012825244233402634,-0.10660272096255076,-0.10660272096203355
124.0,0.4676976475940314,0.467697647732766,-24.52152619111225,-24.52152619106791,-0.013141287646764267,-0.013141287644400408,-0.10853236340315302,-0.10853236340263438
124.25,0.4643869759015228,0.4643869760408492,-24.548867264223002,-24.548867264178515,-0.01334424329064975,-0.013344243288280728,-0.11019620234801254,-0.11019620234749247
124.5,0.4610030431966286,0.4610030433365482,-24.576691189045192,-24.576691189000563,-0.013727426208868288,-0.013727426206494102,-0.11239516010275742,-0.11239516010223592
124.75,0.45757910599471785,0.45757910613523184,-24.605039108703718,-24.605039108658943,-0.013664259859427446,-0.013664259857048097,-0.11438820312074495,-0.114388203120222
125.0,0.4541433066448223,0.45414330678593207,-24.633878529268227,-24.633878529223306,-0.013822318294099621,-0.013822318291714627,-0.11632714649343737,-0.11632714649291298
125.25,0.45067620225823396,0.450676202399941,-24.663165501425173,-24.663165501380107,-0.013914672112547904,-0.01391467211015678,-0.11796862205490032,-0.1179686220543745
125.5,0.4471829663097046,0.44718296645201033,-24.69283759525804,-24.69283759521283,-0.01403135175102114,-0.01403135174862485,-0.11940811760737913,-0.11940811760685187
125.75,0.44365256459374,0.44365256473664566,-24.722884417254413,-24.722884417209055,-0.01421200946116229,-0.014212009458760833,-0.12096644133102968,-0.12096644133050098
126.0,0.44007344729142484,0.44007344743493176,-24.753317155905716,-24.753317155860213,-0.0144210736856072,-0.014421073683200574,-0.12249544816864547,-0.12249544816811532
126.25,0.43645569232362347,0.43645569246773297,-24.784125105185296,-24.784125105139644,-0.014521105481506565,-0.014521105479094768,-0.12396813663688176,-0.12396813663635017
126.5,0.4328114760535943,0.4328114761983076,-24.815326134553665,-24.815326134507867,-0.01463278289425876,-0.014632782891841792,-0.12564008778100746,-0.12564008778047436
126.75,0.4291342552082806,0.429134255353599,-24.84692312011416,-24.84692312006821,-0.014785125471495023,-0.014785125469072883,-0.1271357823399305,-0.12713578233939588
127.0,0.4254182515237457,0.4254182516696705,-24.878913999344118,-24.87891399929802,-0.014943060676467048,-0.014943060674039735,-0.12879123660945294,-0.12879123660891678
127.25,0.4216952419383338,0.4216952420848663,-24.91127072554529,-24.911270725499044,-0.01484113646569116,-0.014841136463258674,-0.1300625826093383,-0.13006258260880063
127.5,0.41798151449191784,0.41798151463905936,-24.94392543409864,-24.943925434052247,-0.014868788586981782,-0.01486878858454412,-0.13117508321036486,-0.13117508320982565
127.75,0.4142675130172948,0.4142675131650466,-24.976852171454375,-24.97685217140783,-0.014843324093727121,-0.014843324091284284,-0.13223881803624415,-0.13223881803570345
128.0,0.41054059818408406,0.41054059833244744,-25.010055036516306,-25.010055036469613,-0.01497210314514633,-0.014972103142698314,-0.1333840903177876,-0.13338409031724538
128.25,0.40679731250596507,0.4067973126549414,-25.043490784340737,-25.04349078429389,-0.014974250553453949,-0.014974250551000275,-0.13410189207513046,-0.1341018920745867
128.5,0.4030392147435867,0.40303921489317734,-25.077146169560347,-25.077146169513348,-0.015090630131363525,-0.01509063012890467,-0.13514117870935408,-0.1351411787088088
128.75,0.39926354980311396,0.39926354995332014,-25.111041509446697,-25.11104150939955,-0.015114772997271545,-0.015114772994807511,-0.13602153810517884,-0.13602153810463202
129.0,0.3954613072861151,0.3954613074369382,-25.145163974933965,-25.145163974886668,-0.01530325605304038,-0.015303256050571165,-0.1369581680226258,-0.13695816802207747
129.25,0.3916565334096042,0.3916565335610455,-25.179513208951207,-25.17951320890376,-0.01513501830386948,-0.01513501830139508,-0.1378357199768094,-0.1378357199762595
129.5,0.3878447056134311,0.38784470576549185,-25.214094820509356,-25.21409482046176,-0.01535969720527201,-0.015359697202792427,-0.13881715130548464,-0.13881715130493322
129.75,0.3840035894873163,0.38400358963999776,-25.248892902005956,-25.248892901958207,-0.015369303161467625,-0.015369303158982857,-0.1395674997616032,-0.13956749976105026
130.0,0.38015430869654626,0.3801543088498498,-25.283884848825856,-25.283884848777955,-0.015425019258714116,-0.015425019256224162,-0.14036806954460126,-0.14036806954404676
130.25,0.3763030356765441,0.37630303583047103,-25.319083093228496,-25.319083093180442,-0.015385245638969864,-0.015385245636474722,-0.14121788942632776,-0.1412178894257717
130.5,0.372458265061553,0.3724582652161047,-25.35449592204765,-25.35449592199944,-0.015373001623463669,-0.015373001620962376,-0.14208474228120913,-0.14208474228065152
130.75,0.3686066767101534,0.36860667686533133,-25.39012076114554,-25.390120761097176,-0.015439783983463061,-0.015439783980956578,-0.14291396420556884,-0.14291396420500965
131.0,0.3647491533421857,0.36474915349799114,-25.425938875877907,-25.425938875829388,-0.015420471175789685,-0.015420471173278012,-0.14363095547413857,-0.1436309554735778
131.25,0.36090048948265024,0.36090048963908444,-25.461911004748295,-25.461911004699623,-0.015368888882512444,-0.015368888879995579,-0.14414608035212179,-0.14414608035155946
131.5,0.357035361206772,0.3570353613638364,-25.498024734654933,-25.49802473460611,-0.015552196176353684,-0.015552196173830662,-0.144763741618625,-0.14476374161806113
131.75,0.3531454181417371,0.35314541829943313,-25.53427970647691,-25.534279706427927,-0.01556739726526517,-0.015567397262736954,-0.14527603152393814,-0.14527603152337268
132.0,0.3492264638794241,0.349226464037753,-25.57066371496492,-25.57066371491578,-0.015784286484662752,-0.015784286482129335,-0.14579601593165706,-0.14579601593109
132.25,0.34527114062552605,0.3452711407844892,-25.607156501444724,-25.60715650139543,-0.015858333201391787,-0.015858333198853165,-0.1461462689255659,-0.14614626892499727
132.5,0.3413205273192573,0.3413205274788561,-25.64372622554382,-25.64372622549437,-0.01574659889020448,-0.015746598887660175,-0.14641153440150387,-0.14641153440093366
132.75,0.3374004130135122,0.3374004131737479,-25.68035420407312,-25.680354204023512,-0.015614335111833414,-0.01561433510928391,-0.14661230630273495,-0.14661230630216315
133.0,0.33349989618195525,0.3334998963428292,-25.717042388548293,-25.71704238849853,-0.015589826644832768,-0.015589826642278065,-0.14689317180927172,-0.14689317180869832
133.25,0.3296070499273065,0.32960705008882013,-25.753810578975088,-25.75381057892517,-0.015552977879182564,-0.015552977876621698,-0.14725235507916076,-0.14725235507858578
133.5,0.32573131070569694,0.3257313108678517,-25.790639525372708,-25.790639525322632,-0.01545294847520099,-0.015452948472634924,-0.1473792255325789,-0.14737922553200233
133.75,0.3218557875061014,0.32185578766889855,-25.82751124689338,-25.827511246843144,-0.015551258041338233,-0.015551258038766481,-0.14759453736406,-0.14759453736348183
134.0,0.3179808516596441,0.3179808518230851,-25.864444453846122,-25.864444453795727,-0.015448255427397126,-0.01544825542482017,-0.1478711279689668,-0.147871127968387
134.25,0.31413602441009825,0.3141360245741843,-25.901456692796167,-25.90145669274561,-0.015310396716752573,-0.01531039671417041,-0.1482267966287189,-0.14822679662813754
134.5,0.3103447133091166,0.31034471347384907,-25.93854659085544,-25.938546590804727,-0.015020117740349769,-0.015020117737762401,-0.14849241521307904,-0.14849241521249607
134.75,0.30658031163574,0.30658031180112016,-25.975703135907004,-25.975703135856126,-0.01509512147114786,-0.015095121468555286,-0.14875993812795663,-0.14875993812737204
135.0,0.3028281993552485,0.3028281995212777,-26.0129153226399,-26.01291532258886,-0.014921794120520799,-0.014921794117923017,-0.1489375720765434,-0.1489375720759572
135.25,0.2991018757620046,0.29910187592868415,-26.05012936958768,-26.050129369536478,-0.014888779875996317,-0.014888779873393326,-0.14877480661824344,-0.14877480661765563
135.5,0.2954014883785075,0.29540148854583864,-26.087286726453847,-26.087286726402482,-0.01471429237271085,-0.014714292370102649,-0.14848406476180384,-0.14848406476121442
135.75,0.29171417453616777,0.29171417470415184,-26.124404155512757,-26.12440415546123,-0.01478421624975327,-0.014784216247139857,-0.14845536111695948,-0.14845536111636845
136.0,0.28800867622663734,0.2880086763952756,-26.16150782695487,-26.161507826903186,-0.014859763148881381,-0.014859763146262755,-0.14837400329730438,-0.14837400329671172
136.25,0.2842977655396716,0.2842977657089654,-26.198590057099565,-26.198590057047717,-0.014827514440001072,-0.014827514437377233,-0.1482838409006179,-0.14828384090002364
136.5,0.2806023645104406,0.28060236468039124,-26.235658003691384,-26.235658003639372,-0.014735692112882835,-0.014735692110253782,-0.1482597404909257,-0.14825974049032978
136.75,0.27689878236221166,0.2768987825328205,-26.272705362406374,-26.2727053623542,-0.01489295240718805,-0.014892952404552818,-0.14811911440234776,-0.1481191144017502
137.0,0.2731826842337588,0.27318268440502746,-26.309715757319044,-26.309715757266705,-0.014835818595451444,-0.01483581859281003,-0.14796405028556012,-0.14796405028496093
137.25,0.26947674809025923,0.2694767482621891,-26.346636434112835,-26.346636434060333,-0.014811618095312874,-0.014811618092666243,-0.1474013663463577,-0.14740136634575687
137.5,0.2657728249899123,0.2657728251625048,-26.383481476019846,-26.38348147596718,-0.014819763302736095,-0.01481976330008328,-0.14735896814173835,-0.1473589681411359
137.75,0.262053102305328,0.2620531024785846,-26.42026783428849,-26.42026783423566,-0.0149379785036052,-0.014937978500947165,-0.14693188686196473,-0.14693188686136063
138.0,0.25833046581296054,0.25833046598688264,-26.456969872824637,-26.456969872771637,-0.014843090700593165,-0.014843090697928945,-0.14668443037321013,-0.1466844303726044
138.25,0.2545904014381067,0.2545904016126958,-26.49361945755026,-26.493619457497093,-0.01507740866103378,-0.015077408658363375,-0.1465122253400766,-0.14651222533946923
138.5,0.25081371647887885,0.25081371665413643,-26.530205534511488,-26.530205534458155,-0.015136039953799934,-0.015136039951124305,-0.146176384821888,-0.14617638482127895
138.75,0.24703525187401085,0.24703525204993823,-26.56670903059852,-26.566709030545024,-0.015091646867651572,-0.015091646864969756,-0.14585158805973014,-0.14585158805911944
139.0,0.24327631031194868,0.24327631048854748,-26.603103425367035,-26.60310342531337,-0.014979834563804232,-0.014979834561115743,-0.14530358063004092,-0.14530358062942855
139.25,0.23951436638324036,0.23951436656051203,-26.63938475107912,-26.63938475102529,-0.015115683850281912,-0.015115683847588195,-0.14494701225863785,-0.1449470122580238
139.5,0.23568216438562553,0.23568216456357138,-26.67558200737508,-26.675582007321083,-0.01554190294975463,-0.015541902947055684,-0.14463099792480485,-0.14463099792418915
139.75,0.23178299189334395,0.23178299207196537,-26.711694520052454,-26.711694519998286,-0.015651443491756324,-0.015651443489051658,-0.1442690931665735,-0.1442690931659561
140.0,0.2278422697391304,0.22784226991842885,-26.747736803916997,-26.74773680386266,-0.01587431552232208,-0.015874315519611697,-0.14406915673721873,-0.14406915673659967
140.25,0.22387683141997805,0.22387683159995483,-26.783685300134735,-26.783685300080233,-0.015849139778850527,-0.015849139776134905,-0.143518815378221,-0.14351881537760028
140.5,0.21994727783388196,0.21994727801453853,-26.819515311097287,-26.819515311042615,-0.015587252060367056,-0.015587252057645237,-0.14312129701306078,-0.14312129701243836
140.75,0.2160537249878944,0.21605372516923227,-26.855226241057093,-26.85522624100225,-0.015561118990446626,-0.015561118987719093,-0.14256614512916513,-0.14256614512854102
141.0,0.2121518027090377,0.2121518028910582,-26.89081816891596,-26.890818168860946,-0.01565422244698207,-0.015654222444249292,-0.14216926896386914,-0.14216926896324333
141.25,0.2082318743784192,0.2082318745611237,-26.9262830667811,-26.926283066725915,-0.015705146431540487,-0.01570514642880247,-0.1415499091560496,-0.1415499091554221
141.5,0.20429072569622397,0.2042907258796138,-26.96161880141005,-26.961618801354696,-0.01582400462890732,-0.015824004626163575,-0.14113595666949663,-0.1411359566688674
141.75,0.20032385406772898,0.20032385425180554,-26.99681369798264,-26.99681369792711,-0.015910901835357975,-0.015910901832608983,-0.1404232077184177,-0.1404232077177868
142.0,0.1963448201884236,0.1963448203731882,-27.031880813973206,-27.031880813917507,-0.015921340656955694,-0.015921340654201456,-0.14011371922190305,-0.14011371922127044
142.25,0.1923806082277237,0.19238060841317775,-27.066818054567815,-27.066818054511945,-0.015792286885082135,-0.015792286882321684,-0.13938421770217566,-0.13938421770154133
142.5,0.18845365853860854,0.1884536587247536,-27.10159905388708,-27.101599053831038,-0.015623262190174264,-0.015623262187407606,-0.13886379278764024,-0.1388637927870042
142.75,0.18458848435225325,0.18458848453909074,-27.136232208435,-27.136232208378782,-0.015298069475310112,-0.01529806947253821,-0.13820147425500953,-0.13820147425437176
143.0,0.1807576637879398,0.18075766397547116,-27.17068259069814,-27.17068259064175,-0.015348420237543035,-0.015348420234764924,-0.13740157910295192,-0.13740157910231243
143.25,0.17694857827614796,0.17694857846437467,-27.20491582339007,-27.204915823333508,-0.015124176099361807,-0.015124176096577967,-0.13646430357430675,-0.13646430357366554
143.5,0.17316057752433234,0.1731605777132558,-27.238949226087566,-27.23894922603083,-0.015179768164924022,-0.015179768162134935,-0.13580291276436146,-0.13580291276371853
143.75,0.16936967651767768,0.16936967670729924,-27.272798165698077,-27.272798165641166,-0.015147363721648002,-0.015147363718853186,-0.1349886071747833,-0.13498860717413866
144.0,0.16560094253767357,0.16560094272799464,-27.306438576896678,-27.306438576839593,-0.015002428214143788,-0.01500242821134372,-0.13413469607856923,-0.13413469607792283
144.25,0.16188290822481596,0.16188290841583783,-27.339878137728547,-27.339878137671285,-0.014741775901544622,-0.014741775898739304,-0.13338181515076813,-0.13338181515012
144.5,0.1582047921832082,0.1582047923749323,-27.373135389221613,-27.373135389164176,-0.014683086494221242,-0.01468308649140971,-0.13267620232697358,-0.13267620232632368
144.75,0.1545318686981311,0.15453186889055884,-27.406240200129854,-27.40624020007224,-0.014700253521468188,-0.014700253518651401,-0.13216228332037952,-0.13216228331972787
145.0,0.15086652299739767,0.15086652319053048,-27.439208232002308,-27.439208231944516,-0.014622457959414659,-0.014622457956591655,-0.13158197899379348,-0.1315819789931401
145.25,0.1472195858821544,0.14721958607599372,-27.471990627007077,-27.471990626949108,-0.014552954241780736,-0.014552954238952476,-0.1306771875971524,-0.13067718759649727
145.5,0.1435798036069597,0.143579803801507,-27.504563927920703,-27.504563927862556,-0.01456523213756867,-0.014565232134734188,-0.12990921855422657,-0.12990921855356968
145.75,0.1399353905065233,0.13993539070178,-27.53698028739987,-27.536980287341546,-0.014590027281235029,-0.01459002727839529,-0.12942165494135655,-0.1294216549406979
146.0,0.1363017222117146,0.13630172240768207,-27.5692417558153,-27.569241755756792,-0.014479248801845335,-0.014479248798999856,-0.12867010282625402,-0.12867010282559363
146.25,0.1326841133494746,0.1326841135461542,-27.60133003173179,-27.601330031673104,-0.014461562901310381,-0.014461562898459642,-0.1280361061730608,-0.12803610617239866
146.5,0.12908631716010002,0.12908631735749318,-27.633256582733996,-27.633256582675127,-0.01432074498384182,-0.014320744980984857,-0.12737631512089567,-0.1273763151202318
146.75,0.12553329847718075,0.12553329867528892,-27.66501298033344,-27.665012980274394,-0.014103338916859545,-0.014103338913997319,-0.12667488617177816,-0.12667488617111253
147.0,0.12202647716597341,0.12202647736479785,-27.69657052476087,-27.69657052470164,-0.013951148280497467,-0.013951148277629976,-0.12578548359621683,-0.12578548359554945
147.25,0.11853443394960393,0.11853443414914602,-27.727900956478734,-27.727900956419326,-0.013985110562376115,-0.013985110559502877,-0.1248579669446742,-0.1248579669440051
147.5,0.11507403787172744,0.11507403807198857,-27.759020228413224,-27.759020228353634,-0.013697986797820893,-0.013697986794942388,-0.12409623560136068,-0.12409623560068986
147.75,0.11168277957749508,0.11168277977847654,-27.789971527555124,-27.789971527495354,-0.01343202522233587,-0.013432025219452097,-0.12351418260878952,-0.12351418260811697
148.0,0.10835226831349273,0.10835226851519586,-27.820758593143648,-27.820758593083696,-0.013211996426166911,-0.013211996423277868,-0.12278236284378358,-0.12278236284310931
148.25,0.10507054282235682,0.10507054302478294,-27.85135210432612,-27.851352104265988,-0.013041731036569136,-0.01304173103367482,-0.12196574266866461,-0.12196574266798861
148.5,0.10182200625741951,0.10182200646056992,-27.88175873224234,-27.88175873218202,-0.01294649803774329,-0.012946498034843703,-0.12128728963963309,-0.12128728963895535
148.75,0.09862704060763715,0.09862704081151329,-27.911972679442147,-27.911972679381645,-0.012613146310372216,-0.012613146307466393,-0.12042431938736563,-0.12042431938668614
149.0,0.09550422284010726,0.09550422304471057,-27.941977422809185,-27.941977422748497,-0.012369319899185226,-0.01236931989627413,-0.1196136505369641,-0.11961365053628287
149.25,0.09242195229292617,0.09242195249825803,-27.971747027988897,-27.971747027928025,-0.012288744048591232,-0.012288744045674378,-0.11854319849741919,-0.11854319849673621
149.5,0.08935512651213474,0.08935512671819654,-28.001287864974508,-28.00128786491345,-0.012245791063748745,-0.012245791060826614,-0.11778350143704075,-0.11778350143635602
149.75,0.08634161385157656,0.0863416140583696,-28.03062265998027,-28.030622659919025,-0.01186222692452633,-0.01186222692159892,-0.11689489477162972,-0.11689489477094324
150.0,0.08337332997954855,0.08337333018707423,-28.059733148001072,-28.059733147939642,-0.011883959119031175,-0.011883959116098006,-0.11598900734580006,-0.11598900734511183
150.25,0.08039860762520949,0.0803986078334692,-28.088625278845083,-28.088625278783468,-0.01191374090442542,-0.011913740901486971,-0.11514803659838636,-0.11514803659769639
150.5,0.07739545079545947,0.0773954510044545,-28.117298471420987,-28.117298471359184,-0.012111428366782322,-0.01211142836383859,-0.11423748537071418,-0.11423748537002244
150.75,0.07439571367349737,0.07439571388322905,-28.145750646041098,-28.145750645979106,-0.011886388238318368,-0.011886388235369354,-0.11337993280702206,-0.11337993280632856
151.0,0.07144189957291831,0.07144189978338797,-28.1739770008333,-28.17397700077112,-0.0117440355653492,-0.011744035562394901,-0.11243091895161919,-0.11243091895092393
151.25,0.06849354839196733,0.06849354860317629,-28.202000187791185,-28.202000187728817,-0.011842710587173826,-0.011842710584214244,-0.11175456740825523,-0.1117545674075582
151.5,0.0655212141487925,0.06552121436074207,-28.229830994825925,-28.22983099476337,-0.011935882499136755,-0.011935882496171887,-0.1108918800853147,-0.1108918800846159
151.75,0.06253321810408294,0.06253321831677444,-28.25745062961269,-28.257450629549943,-0.01196800839628558,-0.011968008393315424,-0.11006519517990523,-0.11006519517920466
152.0,0.05955610291823215,0.05955610313166694,-28.28485136062813,-28.28485136056519,-0.011848826401541827,-0.0118488263985659,-0.10914066418009832,-0.10914066417939597
152.25,0.05663705803158159,0.05663705824576105,-28.312019977909916,-28.312019977846788,-0.01150344525550186,-0.011503445252520644,-0.10820830663684987,-0.10820830663614574
152.5,0.053785945215559426,0.05378594543048488,-28.33894464371253,-28.338944643649214,-0.011305361631662951,-0.011305361628676442,-0.10718903845944946,-0.10718903845874354
152.75,0.05099044472258577,0.05099044493825854,-28.365607722077872,-28.365607722014364,-0.011058541556118063,-0.011058541553126262,-0.10611561173356567,-0.10611561173285795
153.0,0.04824216933947969,0.0482421695559011,-28.392014903951832,-28.392014903888132,-0.01092757014216587,-0.010927570139168775,-0.1051418556061151,-0.10514185560540558
153.25,0.04553226335364779,0.045532263570819166,-28.418171211612197,-28.418171211548305,-0.01075158076424137,-0.010751580761238978,-0.10410862226912662,-0.1041086222684153
153.5,0.0428573347303892,0.04285733494831187,-28.44411078101886,-28.444110780954777,-0.010647782589343468,-0.010647782586335778,-0.10340794277026441,-0.1034079427695513
153.75,0.04020113159669776,0.040201131815373166,-28.469861044941116,-28.469861044876836,-0.010601766182489626,-0.010601766179475676,-0.10259417294615775,-0.10259417294544283
154.0,0.037542049155759954,0.03754204937518966,-28.495411658503944,-28.495411658439473,-0.01067081990692015,-0.010670819903899937,-0.101810729045995,-0.10181072904527828
154.25,0.03486026521846453,0.034860265438649986,-28.52076948189317,-28.520769481828502,-0.010783380472731054,-0.01078338046970554,-0.10105184745546976,-0.10105184745475124
154.5,0.032168584351713554,0.03216858457265608,-28.5458899428987,-28.545889942833842,-0.010749959411742897,-0.010749959408712081,-0.09991184373968663,-0.09991184373896629
154.75,0.029485751401941505,0.029485751623642475,-28.570771441878723,-28.57077144181367,-0.010712631860105694,-0.010712631857069093,-0.09914015161968318,-0.09914015161896103
155.0,0.026817273421613243,0.026817273644074043,-28.595429095820162,-28.595429095754913,-0.010635096331500424,-0.01063509632845852,-0.09812108722187236,-0.0981210872211484
155.25,0.02418044499722472,0.024180445220446673,-28.619845576569308,-28.619845576503863,-0.010459445660770787,-0.010459445657723576,-0.09721077533168156,-0.09721077533095578
155.5,0.021586354487787472,0.02158635471177197,-28.6439980196772,-28.64399801961156,-0.010293165505466748,-0.01029316550241375,-0.09600878520838137,-0.09600878520765377
155.75,0.019006474406928153,0.01900647463167658,-28.667856262120583,-28.667856262054748,-0.010345766977304683,-0.010345766974246376,-0.09485714937934951,-0.09485714937862008
156.0,0.016428382205945058,0.016428382431458742,-28.691410810217278,-28.691410810151247,-0.010278850561191315,-0.010278850558127698,-0.09357924170306002,-0.09357924170232876
156.25,0.013890495800898257,0.01389049602717858,-28.71467191409429,-28.71467191402806,-0.010024140240069618,-0.010024140237000208,-0.09250961332720098,-0.09250961332646788
156.5,0.011403303347732539,0.011403303574780888,-28.737691188524384,-28.737691188457955,-0.009873318228906375,-0.009873318225831654,-0.09164459633307731,-0.09164459633234238
156.75,0.008985245570342816,0.00898524579816064,-28.760483750013453,-28.760483749946825,-0.009471054936624729,-0.00947105493354373,-0.090695933505018,-0.09069593350428123
157.0,0.006653025666338084,0.006653025894926948,-28.78304948847002,-28.783049488403194,-0.009186623027949968,-0.009186623024862691,-0.08983000096385008,-0.08983000096311146
157.25,0.0043571185528121035,0.004357118782173519,-28.80540470741188,-28.805404707344856,-0.00918055710253815,-0.009180557099445076,-0.08901175114288808,-0.0890117511421476
157.5,0.0021064046893660916,0.0021064049195014447,-28.82754208638356,-28.82754208631633,-0.008825067008693687,-0.008825067005595296,-0.08808731414626812,-0.08808731414552579
157.75,-0.00011885911758559387,-0.0001188588866749755,-28.849445972376067,-28.84944597230864,-0.00897695484408662,-0.008976954840982912,-0.08714375947366336,-0.08714375947291916
158.0,-0.00236231937721217,-0.0023623191455250155,-28.871118101813465,-28.87111810174584,-0.00897064175103386,-0.008970641747925313,-0.08623327662067992,-0.08623327661993387
158.25,-0.004610148575223409,-0.004610148342758568,-28.892554469998682,-28.892554469930854,-0.009011900211484033,-0.00901190020837113,-0.08525766497112217,-0.08525766497037425
158.5,-0.006851414929720263,-0.006851414696476644,-28.91375378424233,-28.9137537841743,-0.008918144168867135,-0.008918144165749873,-0.08433685781737355,-0.08433685781662377
158.75,-0.009085659762686004,-0.009085659528662516,-28.93470927146868,-28.934709271400447,-0.008955717760191415,-0.008955717757069794,-0.08330703645088877,-0.08330703645013712
159.0,-0.011308543614190227,-0.011308543379385779,-28.955411315540236,-28.9554113154718,-0.008827259343002818,-0.008827259339876836,-0.08230932823261526,-0.08230932823186174
159.25,-0.013505756249153364,-0.013505756013566805,-28.97587413438028,-28.975874134311642,-0.008750355717965544,-0.008750355714834719,-0.08139322973821185,-0.08139322973745645
159.5,-0.01568137276399792,-0.015681372527628093,-28.99611150160562,-28.996111501536777,-0.008654493073689531,-0.008654493070554343,-0.08050571710241952,-0.08050571710166225
159.75,-0.01784399732472466,-0.017843997087570476,-29.016152903995426,-29.016152903926383,-0.00864643962714398,-0.008646439624004427,-0.0798255027752786,-0.07982550277451946
160.0,-0.01999461825325154,-0.019994618015311844,-29.035986633581093,-29.035986633511847,-0.008558435640791682,-0.00855843563764728,-0.07884434220706853,-0.0788443422063075
160.25,-0.022115852441807884,-0.022115852203081467,-29.055579818140448,-29.055579818071,-0.00841134928218034,-0.00841134927903109,-0.07790114813510131,-0.0779011481343384
160.5,-0.024207374344129565,-0.024207374104615213,-29.074966320268985,-29.07496632019933,-0.008320759306305164,-0.008320759303151064,-0.07719087743401098,-0.0771908774332462
160.75,-0.026283352864532518,-0.026283352624229078,-29.09414649891966,-29.0941464988498,-0.008286980534934596,-0.008286980531776124,-0.07625055495601166,-0.07625055495524498
161.0,-0.02835294308418759,-0.02835294284309397,-29.11310948442081,-29.113109484350744,-0.008269666390678514,-0.00826966638751567,-0.07545333068552233,-0.07545333068475377
161.25,-0.030421760312895344,-0.03042176007101039,-29.131848674723678,-29.131848674653405,-0.008280778136189293,-0.008280778133021596,-0.0744601906897466,-0.07446019068897615
161.5,-0.0324677298096535,-0.03246772956697604,-29.150354283771662,-29.15035428370118,-0.00808689562346549,-0.00808689562029342,-0.07358469997341341,-0.07358469997264105
161.75,-0.03446378183455269,-0.03446378159108158,-29.168637371959406,-29.168637371888714,-0.007881435601813591,-0.007881435598636662,-0.0726800248993538,-0.07268002489857954
162.0,-0.03643732212742457,-0.03643732188315865,-29.18669076602924,-29.186690765958343,-0.007906799102618387,-0.007906799099437081,-0.07174712526798455,-0.07174712526720839
162.25,-0.03841013179726773,-0.038410131552205906,-29.204536602043998,-29.20453660197289,-0.007875609977050653,-0.007875609973864968,-0.07101956579054743,-0.07101956578976937
162.5,-0.040382589199090775,-0.04038258895323189,-29.222201289458383,-29.222201289387066,-0.007903981516969813,-0.007903981513779267,-0.0702979308495805,-0.07029793084880054
162.75,-0.042365164946736464,-0.042365164700079304,-29.239675678913674,-29.239675678842147,-0.007956549286143663,-0.007956549282948254,-0.06949717983658198,-0.06949717983580012
163.0,-0.04434468037094923,-0.04434468012349264,-29.2569545482767,-29.256954548204963,-0.007879502450726364,-0.007879502447526573,-0.06873378233158134,-0.06873378233079756
163.25,-0.04631385934018746,-0.04631385909193029,-29.274024918686056,-29.27402491861411,-0.00787384433196362,-0.007873844328758964,-0.06782918147666867,-0.06782918147588297
163.5,-0.04830030122383567,-0.048300300974776694,-29.290895059960043,-29.290895059887887,-0.008017625318269148,-0.008017625315059626,-0.06713193515942795,-0.06713193515864034
163.75,-0.050292189913177236,-0.0502921896633153,-29.30760382383844,-29.307603823766073,-0.007917428536086835,-0.007917428532872927,-0.0665381853142998,-0.06653818531351026
164.0,-0.05224940385786258,-0.05224940360719659,-29.32415018450209,-29.32415018442951,-0.007740216822564294,-0.007740216819346001,-0.06583271670246019,-0.06583271670166872
164.25,-0.054177224369361114,-0.054177224117889916,-29.3405077185472,-29.340507718474406,-0.0076822716673468116,-0.007682271664123651,-0.06502756112145949,-0.06502756112066611
164.5,-0.05608502305334108,-0.05608502280106345,-29.356642717789068,-29.35664271771606,-0.007580026174998284,-0.007580026171770255,-0.06405244245316874,-0.06405244245237343
164.75,-0.0579581984685216,-0.057958198215436324,-29.37258063127093,-29.37258063119771,-0.0074053207306754515,-0.007405320727442552,-0.06345088187299645,-0.06345088187219922
165.0,-0.05977371990321721,-0.05977371964932313,-29.38833865886811,-29.388338658794677,-0.007118772075891201,-0.007118772072653912,-0.06261336592036046,-0.06261336591956128
165.25,-0.061545958415007325,-0.06154595816030323,-29.403880903497193,-29.403880903423545,-0.007059052508323868,-0.007059052505081225,-0.06172459674263328,-0.061724596741832186
165.5,-0.0633036457594404,-0.06330364550392498,-29.41919934629526,-29.4191993462214,-0.007002361520695916,-0.0070023615174484,-0.06082295098672795,-0.06082295098592494
165.75,-0.06506116499528607,-0.0650611647389581,-29.434296181244513,-29.434296181170435,-0.0070577105074385305,-0.007057710504186138,-0.059951723388883424,-0.0599517233880785
166.0,-0.06678588668173602,-0.06678588642459435,-29.449188562281883,-29.449188562207592,-0.00673999119501561,-0.006739991191758822,-0.05918735486478312,-0.05918735486397628
166.25,-0.06846588658129923,-0.0684658863233427,-29.463866679877015,-29.463866679802507,-0.006699918725888797,-0.006699918722627131,-0.05823758967425751,-0.05823758967344875
166.5,-0.07012693384895324,-0.07012693359018056,-29.478313302823523,-29.4783133027488,-0.006588374622571907,-0.00658837461930488,-0.057335404414182195,-0.05733540441337151
166.75,-0.0717550068447361,-0.07175500658514604,-29.492566566084516,-29.492566566009575,-0.006436148822591655,-0.006436148819320229,-0.056690716025645786,-0.05669071602483317
167.0,-0.07336293165715616,-0.07336293139674757,-29.506624810101044,-29.506624810025887,-0.0064271636221502225,-0.006427163618873914,-0.05577523695365888,-0.05577523695284434
167.25,-0.07495955506933906,-0.0749595548081108,-29.520487104289405,-29.520487104214027,-0.006345762449211526,-0.006345762445930816,-0.055123124227704955,-0.055123124226888476
167.5,-0.07655573883509458,-0.07655573857304553,-29.53420417962791,-29.534204179552315,-0.00642365988183417,-0.006423659878549056,-0.05461347113607304,-0.05461347113525463
167.75,-0.07815109979900008,-0.07815109953612907,-29.54776150872817,-29.547761508652354,-0.006339155648764172,-0.006339155645474172,-0.053845169633033096,-0.05384516963221275
168.0,-0.07971879476846636,-0.07971879450477225,-29.56113121425472,-29.561131214178683,-0.006202335280106064,-0.0062023352768116585,-0.05311248747881368,-0.053112487477991396
168.25,-0.08123782668310724,-0.08123782641858886,-29.57432142834087,-29.574321428264614,-0.005949853978342408,-0.005949853975043113,-0.052409249014426465,-0.052409249013602235
168.5,-0.08273879662023964,-0.08273879635489577,-29.587339529768443,-29.587339529691967,-0.006057842242353928,-0.006057842239049743,-0.0517355522249123,-0.05173555222408613
168.75,-0.08425088260876924,-0.08425088234259866,-29.600194737601804,-29.600194737525108,-0.006038786563854651,-0.006038786560545575,-0.051106112238510235,-0.05110611223768211
169.0,-0.08574592561838555,-0.08574592535138709,-29.61289622056162,-29.612896220484703,-0.0059215011509653305,-0.005921501147651843,-0.05050576249770751,-0.05050576249687743
169.25,-0.08718530478359125,-0.08718530451576381,-29.62545345176593,-29.62545345168879,-0.005593480203065894,-0.005593480199747993,-0.04995211806272091,-0.04995211806188887
169.5,-0.08855742740950433,-0.08855742714084675,-29.637876785988453,-29.63787678591109,-0.005383452229569763,-0.005383452226246966,-0.04943457551894287,-0.04943457551810888
169.75,-0.08989817761594596,-0.089898177346457,-29.650146136190987,-29.650146136113403,-0.005342482287577791,-0.005342482284250097,-0.04872022996394816,-0.04872022996311221
170.0,-0.091225028376218,-0.09122502810589646,-29.662239623938795,-29.662239623860987,-0.005272258712761481,-0.005272258709428889,-0.04802767863917006,-0.04802767863833215
170.25,-0.09254349849629809,-0.0925434982251428,-29.67416502346984,-29.674165023391808,-0.005275440972692425,-0.005275440969355415,-0.04737551730910535,-0.04737551730826547
170.5,-0.09386017279344544,-0.09386017252145523,-29.685916211626893,-29.685916211548637,-0.005257883703500854,-0.005257883700158943,-0.04663398960257566,-0.04663398960173381
170.75,-0.09516002188772997,-0.09516002161490363,-29.697483459485728,-29.697483459407245,-0.005140840435322522,-0.0051408404319757085,-0.045904004302938686,-0.04590400430209487
171.0,-0.09639925051668062,-0.09639925024301685,-29.70888218203114,-29.708882181952433,-0.004772930510918309,-0.00477293050756611,-0.045285810747055746,-0.04528581074620995
171.25,-0.09756325593908258,-0.09756325566458009,-29.72014605112838,-29.720146051049447,-0.004539069624505364,-0.004539069621148259,-0.04482516407934337,-0.0448251640784956
171.5,-0.0987138561584549,-0.09871385588311248,-29.73126656024448,-29.73126656016532,-0.004665667612910947,-0.004665667609548936,-0.04413889691366388,-0.04413889691281413
171.75,-0.09988045792247185,-0.09988045764628832,-29.742234451072164,-29.742234450992775,-0.004667096277138253,-0.004667096273771815,-0.04360422957303491,-0.04360422957218318
172.0,-0.10104286677201674,-0.10104286649499097,-29.75305748495464,-29.753057484875022,-0.004632115856708956,-0.00463211585333809,-0.04298004478468594,-0.04298004478383222
172.25,-0.10216924566091404,-0.10216924538304488,-29.763735565736116,-29.763735565656273,-0.004378864955039148,-0.00437886495166337,-0.042444625343719365,-0.04244462534286366
172.5,-0.10324941425922483,-0.10324941398051113,-29.774255999138536,-29.774255999058465,-0.0042624155780325345,-0.004262415574652326,-0.04171885285448851,-0.04171885285363081
172.75,-0.10428725532991974,-0.10428725505036038,-29.784617625830222,-29.784617625749924,-0.004040261801666873,-0.004040261798282233,-0.041174181623740556,-0.04117418162288086
173.0,-0.1052644263132389,-0.10526442603283272,-29.794859223857905,-29.79485922377738,-0.003777067042543659,-0.0037770670391541047,-0.040758627411817565,-0.04075862741095587
173.25,-0.10617531030785485,-0.10617531002660055,-29.804979648892317,-29.804979648811564,-0.003509952844777306,-0.003509952841382355,-0.040204798047105104,-0.04020479804624141
173.5,-0.10703681846306733,-0.10703681818096368,-29.814976960729755,-29.81497696064877,-0.0033820718914136724,-0.0033820718880142866,-0.03977370870902617,-0.03977370870816047
173.75,-0.10783319452671704,-0.10783319424376281,-29.82485467142222,-29.824854671341004,-0.002988887182397952,-0.0029888871789931666,-0.03924801390029757,-0.03924801389942987
174.0,-0.10856325273097349,-0.10856325244716739,-29.834606646911094,-29.83460664682965,-0.0028515332939012305,-0.0028515332904915256,-0.038767802960455525,-0.03876780295958582
174.25,-0.10926495179947959,-0.1092649515148204,-29.844236312455863,-29.844236312374186,-0.0027620123889452236,-0.0027620123855305982,-0.03826952983771663,-0.03826952983684491
174.5,-0.10994488710857636,-0.10994488682306289,-29.853729559834168,-29.85372955975226,-0.0026774142773902964,-0.0026774142739712306,-0.03767645716463062,-0.03767645716375688
174.75,-0.11063443805390578,-0.11063443776753687,-29.863068313218154,-29.86306831313601,-0.002838932782362751,-0.0028389327789387618,-0.03703355467913918,-0.03703355467826342
175.0,-0.11134676046241218,-0.11134676017518659,-29.872260685774673,-29.872260685692297,-0.002859596807182555,-0.002859596803753641,-0.036505423824742006,-0.03650542382386423
175.25,-0.11203894152050214,-0.11203894123241866,-29.88130564242255,-29.881305642339942,-0.002677790374919289,-0.002677790371485449,-0.03585424649903939,-0.035854246498159596
175.5,-0.11265648712739133,-0.11265648683844871,-29.890216769457492,-29.89021676937465,-0.0022625350341877,-0.002262535030748932,-0.03543480893093029,-0.03543480893004847
175.75,-0.11321997703753373,-0.11321997674773075,-29.899003532334216,-29.89900353225114,-0.0022453300773966583,-0.0022453300739529616,-0.0348592957048994,-0.03485929570401555
176.0,-0.1137869661188271,-0.11378696582816254,-29.907647264034562,-29.907647263951247,-0.002290529042344034,-0.002290529038895407,-0.03429055363641841,-0.03429055363553254
176.25,-0.11434000907565874,-0.1143400087841314,-29.916132755249457,-29.916132755165908,-0.002133748971896197,-0.00213374896844312,-0.0335933908639957,-0.033593390863107794
176.5,-0.1148371987755298,-0.11483719848313852,-29.924464745474054,-29.92446474539027,-0.0018437186594251942,-0.0018437186559671843,-0.03306255827695327,-0.03306255827606333
176.75,-0.11527565942806911,-0.11527565913481272,-29.932652238808142,-29.932652238724124,-0.001663907691271755,-0.0016639076878092927,-0.032437405348381444,-0.03243740534748946
177.0,-0.11569558871334257,-0.11569558841921983,-29.94066803968818,-29.940668039603924,-0.0016954560979059723,-0.0016954560944380933,-0.03168899871745149,-0.03168899871655747
177.25,-0.11613637299367424,-0.11613637269868392,-29.94854548630518,-29.948545486220684,-0.0018307844216031454,-0.0018307844181308112,-0.031330561459647625,-0.031330561458751564
177.5,-0.11654482405281733,-0.11654482375695824,-29.9563138119448,-29.956313811860067,-0.0014367756113659615,-0.0014367756078886888,-0.030816080804629373,-0.03081608080373128
177.75,-0.1168983764430168,-0.11689837614628777,-29.96396626959148,-29.963966269506507,-0.001391604676423792,-0.0013916046729420613,-0.030403584627495765,-0.030403584626595634
178.0,-0.11723385334533608,-0.11723385304773594,-29.97151429072233,-29.971514290637117,-0.001292170715990352,-0.0012921707125036802,-0.029980593793926424,-0.029980593793024254
178.25,-0.11755142388882019,-0.1175514235903477,-29.978945389088356,-29.978945389002906,-0.0012483453736591133,-0.0012483453701674992,-0.02946819726611154,-0.029468197265207326
178.5,-0.1178647295928716,-0.11786472929352555,-29.98625197594032,-29.986251975854632,-0.001258054705311563,-0.0012580547018150052,-0.028984496634156132,-0.02898449663324987
178.75,-0.1181911867705888,-0.118191186470368,-29.993443092576598,-29.99344309249067,-0.0013535612786869078,-0.0013535612751858863,-0.028544427451589513,-0.0285444274506812
179.0,-0.11851003561004646,-0.11851003530894973,-30.0005146986811,-30.00051469859493,-0.001197180840036393,-0.0011971808365304247,-0.028028436128023096,-0.02802843612711273
179.25,-0.11877184576946405,-0.11877184546749016,-30.007482784678736,-30.007482784592323,-0.0008972710469477818,-0.0008972710434368654,-0.027716280128656554,-0.02771628012774413
179.5,-0.11895570735562398,-0.11895570705277168,-30.014361585956443,-30.01436158586979,-0.0005735837596929834,-0.0005735837561771176,-0.02731416061036088,-0.0273141606094464
179.75,-0.11908772934113032,-0.11908772903739832,-30.02112517297684,-30.021125172889946,-0.00048254315574674833,-0.00048254315222545044,-0.026794544136124598,-0.026794544135208057
180.0,-0.11922188791529847,-0.11922188761068554,-30.027753628528366,-30.027753628441225,-0.000590672524859134,-0.0005906725213333657,-0.02623309008151482,-0.026233090080596214
180.25,-0.11936830144304279,-0.1193683011375478,-30.034251056337617,-30.03425105625023,-0.0005805898288213104,-0.0005805898252910702,-0.02574633334303101,-0.025746333342110336
180.5,-0.11949835823715767,-0.11949835793077944,-30.04062490430647,-30.040624904218838,-0.00045981722817386734,-0.0004598172246386725,-0.02524446179424443,-0.02524446179332169
180.75,-0.11961433522398575,-0.11961433491672305,-30.046866986750143,-30.046866986662266,-0.00046794661717011054,-0.0004679466136299597,-0.02469219698863065,-0.024692196987705837
181.0,-0.11970558682994648,-0.11970558652179807,-30.052990117116988,-30.052990117028866,-0.00026202859590392167,-0.00026202859235881297,-0.024292865360141296,-0.024292865359214405
181.25,-0.11974241729862595,-0.11974241698959058,-30.05901114300499,-30.059011142916624,-3.257579710161069e-05,-3.2575793551542896e-05,-0.023875363376770202,-0.023875363375841233
181.5,-0.1197446629029216,-0.1197446625929981,-30.064888402011015,-30.064888401922403,1.468003705338232e-05,1.4680040607928802e-05,-0.023142713126669972,-0.023142713125738925
181.75,-0.11972212873588407,-0.11972212842507125,-30.070612537125374,-30.070612537036514,0.00016563972010629873,0.00016563972366580727,-0.022650382020702537,-0.022650382019769405
182.0,-0.1196615266328827,-0.11966152632117932,-30.07620734607157,-30.07620734598246,0.0003192282398749672,0.00031922824343943936,-0.02210810402920769,-0.02210810402827247
182.25,-0.1195531744503536,-0.11955317413775844,-30.081664990605915,-30.081664990516558,0.000547641566257763,0.0005476415698272005,-0.021553073780426014,-0.02155307377948871
182.5,-0.119419090202107,-0.11941908988861888,-30.087014302239663,-30.087014302150056,0.0005250618243312726,0.000525061827905195,-0.021241417160660418,-0.02124141715972102
182.75,-0.11927886469098853,-0.11927886437660626,-30.092295775171344,-30.09229577508149,0.0005967640700229843,0.0005967640736018749,-0.02101037305286278,-0.02101037305192129
183.0,-0.1190945842197457,-0.11909458390446803,-30.097493787635248,-30.097493787545144,0.0008775208941768275,0.0008775208977606882,-0.020573753128214772,-0.020573753127271183
183.25,-0.11885651655063008,-0.11885651623445571,-30.10257044798815,-30.102570447897794,0.0010270708623947662,0.00102707086598408,-0.020039543794591712,-0.02003954379364602
183.5,-0.11860191015062004,-0.11860190983354772,-30.107538071124264,-30.107538071033655,0.001009812255070727,0.001009812258664532,-0.019701439667107377,-0.019701439666159584
183.75,-0.11835557714922006,-0.11835557683124862,-30.11240732643548,-30.11240732634462,0.0009608941125672553,0.0009608941161660342,-0.019252598210535418,-0.01925259820958552
184.0,-0.11812511543223878,-0.11812511511336696,-30.117164130174913,-30.1171641300838,0.0008828421593701335,0.0008828421629738879,-0.018801824346083407,-0.018801824345131397
184.25,-0.11791687086136013,-0.1179168705415867,-30.121801723316715,-30.12180172322535,0.000783161855893789,0.0007831618595025204,-0.01829891139036235,-0.01829891138940823
184.5,-0.11772491176126486,-0.11772491144058857,-30.126355352373178,-30.12635535228156,0.0007525268895032451,0.000752526893116955,-0.018130118173009108,-0.01813011817205287
184.75,-0.11750761799916783,-0.11750761767758743,-30.130875570468074,-30.130875570376205,0.0009858325258108515,0.000985832529429542,-0.018031648582301663,-0.018031648581343308
185.0,-0.11722919778738175,-0.11722919746489606,-30.135340299295898,-30.135340299203776,0.0012415617815321326,0.0012415617851553235,-0.017686206150531947,-0.017686206149571473
185.25,-0.11690233563855223,-0.11690233531516013,-30.139729028850617,-30.13972902875824,0.0013733602160313412,0.001373360219659034,-0.017423642713182884,-0.017423642712220286
185.5,-0.11653898232873108,-0.11653898200443144,-30.14401844829419,-30.144018448201557,0.0015335164698974974,0.0015335164735296935,-0.01689172793495287,-0.016891727933988146
185.75,-0.11613034371403738,-0.11613034338882895,-30.148198808788695,-30.148198808695806,0.0017356246205494255,0.0017356246241870897,-0.016551175075893303,-0.01655117507492645
186.0,-0.11570148495455525,-0.11570148462843673,-30.15227529888385,-30.152275298790705,0.0016952917622410858,0.0016952917658837378,-0.016060741882684342,-0.016060741881715353
186.25,-0.11524435671662069,-0.11524435638959082,-30.156251493177784,-30.156251493084383,0.0019617636208879674,0.00196176362453561,-0.01574883759185023,-0.015748837590879104
186.5,-0.11473974683253291,-0.11473974650459046,-30.160131640346055,-30.160131640252395,0.002075158570415554,0.002075158574068188,-0.015292350445187184,-0.015292350444213926
186.75,-0.11419375403725028,-0.11419375370839399,-30.163928316789157,-30.16392831669524,0.002292803797748701,0.0022928038014063284,-0.015081081619290585,-0.015081081618315192
187.0,-0.11358713906137968,-0.1135871387316083,-30.167666153548698,-30.167666153454523,0.0025601405667968744,0.002560140570459497,-0.01482163766164242,-0.014821637660664888
187.25,-0.11292782203109063,-0.11292782170040284,-30.1713035593069,-30.171303559212465,0.002714447071016915,0.002714447074685016,-0.014277622952004913,-0.014277622951025238
187.5,-0.11225180214616427,-0.1122518018145588,-30.174849851554942,-30.174849851460248,0.002693729549964396,0.002693729553637494,-0.014092713079015962,-0.014092713078034143
187.75,-0.11157302800168954,-0.1115730276691651,-30.178337672954,-30.178337672859048,0.0027364903817821305,0.002736490385460228,-0.013809862144917959,-0.013809862143933994
188.0,-0.11086632733854403,-0.1108663270050994,-30.18171731897126,-30.181717318876043,0.0029171699585669006,0.0029171699622499987,-0.013227323027655231,-0.013227323026669116
188.25,-0.11012880211628888,-0.11012880178192279,-30.184981000797688,-30.18498100070221,0.0029830644817350604,0.002983064485423161,-0.012882137796279542,-0.012882137795291272
188.5,-0.10936108335006518,-0.10936108301477633,-30.188152924350742,-30.188152924255,0.003158722433827554,0.00315872243752114,-0.012493267189230202,-0.012493267188239773
188.75,-0.1085572664266112,-0.10855726609039829,-30.19123548595851,-30.191235485862506,0.003271843820785883,0.003271843824484474,-0.012167236338003104,-0.012167236337010516
189.0,-0.10772238869622597,-0.10772238835908772,-30.194209569835348,-30.19420956973908,0.003407229236035473,0.0034072292397390714,-0.01162544744084244,-0.011625447439847688
189.25,-0.10684264271528705,-0.10684264237722228,-30.197090848096103,-30.197090847999572,0.0036307576694148587,0.0036307576731229836,-0.011424799719518475,-0.01142479971852156
189.5,-0.10593200494103497,-0.10593200460204255,-30.19989413887391,-30.199894138777115,0.0036543845765285585,0.0036543845802412115,-0.011001528730436302,-0.011001528729437217
189.75,-0.10500657401027774,-0.10500657367035654,-30.202624773169443,-30.202624773072387,0.0037490779114915467,0.0037490779152087295,-0.010843554561529209,-0.010843554560527952
190.0,-0.10406385928528061,-0.10406385894442936,-30.205280753900105,-30.205280753802782,0.003792681452918731,0.0037926814566414083,-0.01040429539467283,-0.0104042953936694
190.25,-0.10315112770957086,-0.10315112736778825,-30.207853985610775,-30.207853985513186,0.0035091923010949783,0.0035091923048226705,-0.01018153156311919,-0.010181531562113584
190.5,-0.10227604657347833,-0.10227604623076311,-30.210338469509644,-30.210338469411788,0.00349150286054232,0.0034915028642750283,-0.00969433795998838,-0.009694337958980594
190.75,-0.10140936354109822,-0.10140936319744921,-30.212752889553517,-30.212752889455395,0.0034419684498415526,0.0034419684535787966,-0.009621017720812933,-0.009621017719802963
191.0,-0.10055979165231461,-0.1005597913077306,-30.215117108752132,-30.215117108653743,0.003354637747731151,0.003354637751473414,-0.009292727634466175,-0.009292727633454019
191.25,-0.09971514515191371,-0.09971514480639344,-30.21741561070126,-30.2174156106026,0.0034025530049166725,0.003402553008663956,-0.009095292475966636,-0.009095292474952292
191.5,-0.09884565048981234,-0.09884565014335456,-30.219669490769597,-30.21966949067067,0.0035534194716082645,0.0035534194753605703,-0.008935762294455042,-0.008935762293438506
191.75,-0.0979366393252569,-0.09793663897786042,-30.221894353227867,-30.221894353128672,0.003718676835926816,0.0037186768396836635,-0.008863152952204984,-0.008863152951186254
192.0,-0.09698707097725263,-0.09698707062891626,-30.224099110986973,-30.224099110887508,0.003877878418301217,0.00387787842206309,-0.008774924130191073,-0.008774924129170147
192.25,-0.0960284947086802,-0.09602849435940274,-30.22624815948559,-30.226248159385854,0.0037907655859780623,0.003790765589744481,-0.008417455645627113,-0.008417455644603986
192.5,-0.09508113939940427,-0.09508113904918451,-30.22832599331034,-30.228325993210333,0.0037880970500008175,0.0037880970537722642,-0.008205214700715582,-0.00820521469969025
192.75,-0.09413005612398716,-0.0941300557728238,-30.230382312131464,-30.23038231203119,0.0038205655225754366,0.0038205655263523946,-0.008245338929388982,-0.008245338928361446
193.0,-0.09316339384874589,-0.09316339349663766,-30.232424198815412,-30.232424198714867,0.003912747501784148,0.003912747505565657,-0.008089763233112527,-0.008089763232082783
193.25,-0.09216988614159259,-0.0921698857885383,-30.234400566648446,-30.23440056654763,0.004035349063599423,0.004035349067385967,-0.007721190990052606,-0.007721190989020653
193.5,-0.0911544872924638,-0.09115448693846218,-30.236289944487222,-30.236289944386133,0.004087872755041758,0.004087872758833338,-0.007393836672058496,-0.007393836671024331
193.75,-0.09010450310817908,-0.09010450275322894,-30.238127667472657,-30.238127667371295,0.0043120089829474266,0.004312008986743564,-0.007307968343048861,-0.0073079683420124815
194.0,-0.08899256466444036,-0.08899256430854051,-30.23991673192377,-30.239916731822134,0.004583527349166571,0.004583527352967748,-0.0070045728647068085,-0.007004572863668211
194.25,-0.0878660940015141,-0.0878660936446632,-30.241663831608484,-30.241663831506575,0.004428241185670369,0.004428241189477069,-0.006972209972493625,-0.006972209971452806
194.5,-0.0867576682921849,-0.08675766793438164,-30.243357291427614,-30.24335729132543,0.004439202071212488,0.0044392020750242305,-0.006575469613891455,-0.006575469612848411
194.75,-0.08565852791533346,-0.08565852755657652,-30.244980490608505,-30.244980490506048,0.004353936709111325,0.004353936712928594,-0.006410115794319204,-0.006410115793273934
195.0,-0.08458480376473898,-0.08458480340502704,-30.246555885407584,-30.24655588530485,0.0042358771342711375,0.004235877138093452,-0.00619303146753069,-0.00619303146648319
195.25,-0.0835534866290921,-0.08355348626842383,-30.24807370611051,-30.2480737060075,0.004014683074942512,0.004014683078770356,-0.00594951330151765,-0.005949513300467916
195.5,-0.08255372262053458,-0.08255372225890874,-30.249509231848286,-30.249509231744998,0.003983468263283076,0.003983468267115487,-0.005534689657693727,-0.005534689656641756
195.75,-0.08157450013314159,-0.08157449977055696,-30.25085255567997,-30.250852555576405,0.003850342226413826,0.0038503422302512856,-0.005211888444534635,-0.005211888443480425
196.0,-0.08063128404145481,-0.08063128367791013,-30.25211374342734,-30.252113743323495,0.00369541817499601,0.0036954181788385197,-0.004877598928042712,-0.004877598926986258
196.25,-0.07971543128754066,-0.07971543092303467,-30.253301544900495,-30.253301544796372,0.003631427836233362,0.0036314278400809232,-0.004624806824101649,-0.00462480682304295
196.5,-0.07881424602992154,-0.07881424566445297,-30.254428357617986,-30.254428357513586,0.0035780765358645137,0.003578076539717128,-0.004389689885792005,-0.004389689884731058
196.75,-0.07791882254646906,-0.07791882218003658,-30.25548731898841,-30.25548731888373,0.00358534048402992,0.003585340487888071,-0.004082001762409235,-0.004082001761346036
197.0,-0.07700610984799568,-0.07700610948059802,-30.25649128140153,-30.25649128129657,0.00371637372234161,0.0037163737262043356,-0.003949709896380317,-0.003949709895314864
197.25,-0.07607923337594666,-0.0760792330075827,-30.257448612224245,-30.257448612119003,0.0036986609027398983,0.0036986609066072002,-0.0037089350153180537,-0.003708935014250345
197.5,-0.0751554074340853,-0.07515540706475382,-30.25835274264532,-30.2583527425398,0.003691964205582654,0.0036919642094550152,-0.003524107721865484,-0.0035241077207955164
197.75,-0.07425556815895945,-0.07425556778865919,-30.25919808983028,-30.259198089724475,0.0035067770522939183,0.003506777056171341,-0.003238652298199467,-0.0032386522971272376
198.0,-0.07340945935424825,-0.07340945898297795,-30.259980096784165,-30.259980096678074,0.0032621143824228174,0.0032621143863053033,-0.003017380265870604,-0.0030173802647961096
198.25,-0.07256598325081152,-0.07256598287856986,-30.260714646898872,-30.260714646792497,0.003485709508271644,0.0034857095121596762,-0.0028590417324054055,-0.0028590417313286436
198.5,-0.07167078172961086,-0.07167078135639644,-30.261416013970187,-30.261416013863528,0.003675912904743496,0.003675912908637076,-0.002751912770535834,-0.002751912769456801
198.75,-0.07073416951008499,-0.07073416913589643,-30.262074664273282,-30.262074664166338,0.0038170071204643814,0.0038170071243635107,-0.0025173029566134576,-0.00251730295553215
199.0,-0.06977357440527278,-0.06977357403010874,-30.26268558250162,-30.262685582394393,0.0038677677550395064,0.003867767758943705,-0.0023700476557938777,-0.002370047654710292
199.25,-0.06878155749967273,-0.06878155712353194,-30.263260525553736,-30.26326052544622,0.00406838089791616,0.004068380901825431,-0.00222951567497977,-0.002229515673893904
199.5,-0.06774068014277748,-0.06774067976565869,-30.263773550671754,-30.26377355056395,0.004258671575701582,0.004258671579615928,-0.0018747032098039662,-0.001874703208715817
199.75,-0.06666555857694839,-0.06666555819885032,-30.264229330289368,-30.26422933018128,0.004342310849082043,0.004342310853001464,-0.0017715416166153972,-0.0017715416155249621
200.0,-0.06556347781397012,-0.0655634774348915,-30.264675995361728,-30.264675995253352,0.004474332579109064,0.0044743325830335625,-0.001801791409277228,-0.001801791408184504
200.25,-0.0644553015524655,-0.06445530117240512,-30.26512609499083,-30.265126094882167,0.004391077953620847,0.004391077957549943,-0.0017989977741877366,-0.001798997773092721
200.5,-0.0633774717956346,-0.06337747141459127,-30.265546379412406,-30.26554637930345,0.0042315824987249236,0.0042315825026590995,-0.001563262561034857,-0.0015632625599375466
200.75,-0.06231975005357578,-0.06231974967154818,-30.265929765872283,-30.265929765763037,0.004230197210410537,0.004230197214350276,-0.0015038289873081719,-0.0015038289862085636
201.0,-0.061245597637647364,-0.06124559725463416,-30.26626949913734,-30.266269499027807,0.0043630496094361395,0.004363049613380963,-0.00121404965850367,-0.0012140496574017602
201.25,-0.06016733336893374,-0.06016733298493372,-30.266565289393842,-30.26656528928402,0.004263070538077711,0.004263070542027138,-0.0011522629673773586,-0.0011522629662731446
201.5,-0.0591099860395218,-0.05910998565453376,-30.266845829697036,-30.266845829586924,0.004195713943011406,0.004195713946965921,-0.0010920531076944475,-0.0010920531065879266
201.75,-0.058043946959958834,-0.0580439465739815,-30.267096406723624,-30.26709640661322,0.00433261578525768,0.004332615789217283,-0.0009125760121223197,-0.000912576011013489
202.0,-0.056957801796280766,-0.05695780140931281,-30.26732486644421,-30.267324866333514,0.0043565454596081535,0.004356545463573329,-0.000915104008614405,-0.0009151040075032616
202.25,-0.05587611511255596,-0.05587611472459605,-30.267503822160062,-30.267503822049076,0.004296985760462293,0.00429698576443256,-0.0005165361028456741,-0.0005165361017322142
202.5,-0.05480862334907419,-0.05480862296012104,-30.267630228767572,-30.267630228656294,0.004242950575809836,0.004242950579785198,-0.0004947116627118752,-0.0004947116615960963
202.75,-0.05374106162024379,-0.053741061230296074,-30.26772926110242,-30.267729260990848,0.0042975620139489475,0.004297562017929886,-0.00029755216480370256,-0.0002975521636856014
203.0,-0.052688633481476545,-0.05268863309053299,-30.267789607580518,-30.26778960746865,0.004121873856908932,0.004121873860894486,-0.00018520309594544245,-0.00018520309482501624
203.25,-0.05165421888527821,-0.051654218493337595,-30.267830527404644,-30.26783052729248,0.0041534471364538745,0.004153447140444528,-0.00014215847374863424,-0.0001421584726258801
203.5,-0.050634098508160856,-0.050634098115221855,-30.267843066216948,-30.267843066104486,0.004007533393230189,0.004007533397226424,4.18617322207378e-05,4.1861733345823206e-05
203.75,-0.04964505168875071,-0.04964505129481192,-30.267818005383926,-30.26781800527117,0.003904852329709348,0.0039048523337111654,0.00015863461282600156,0.00015863461395342152
204.0,-0.04868498074347574,-0.04868498034853589,-30.26780269532668,-30.267802695213625,0.003775697022455726,0.003775697026462164,-3.6141977953700624e-05,-3.614197682394296e-05
204.25,-0.04774684456837991,-0.04774684417243784,-30.26777389208882,-30.26777389197547,0.0037294210684764304,0.00372942107248749,0.0002665722438123977,0.00026657224494449624
204.5,-0.04679800598839836,-0.0467980055914528,-30.26769118382955,-30.267691183715907,0.003861299839103255,0.0038612998431199015,0.0003950813967680682,0.00039508139790251045
204.75,-0.04582090657083613,-0.04582090617288568,-30.267596684152622,-30.26759668403868,0.0039554924357613165,0.003955492439783553,0.0003609071381908072,0.0003609071393275964
205.0,-0.044853166065611697,-0.044853165666655016,-30.267519983410395,-30.267519983296154,0.003786421560432222,0.003786421564459567,0.000252714739786085,0.0002527147409252244
205.25,-0.0439073749009375,-0.04390737450097331,-30.267449943521687,-30.267449943407144,0.0037799130833695467,0.0037799130874020016,0.00030760498356892276,0.00030760498471041537
205.5,-0.04296586610970037,-0.04296586570872735,-30.26737748662788,-30.267377486513034,0.0037521540452867316,0.0037521540493247797,0.00027205278409426413,0.00027205278523811314
205.75,-0.04202226610253191,-0.04202226570054864,-30.267299311437334,-30.26729931132219,0.00379665382726821,0.003796653831311853,0.0003533445448449068,0.00035334454599111567
206.0,-0.041072657976040074,-0.04107265757304523,-30.267208399039923,-30.267208398924478,0.003800213279701764,0.003800213283750522,0.0003739542989183299,0.00037395430006690174
206.25,-0.0401155740968435,-0.04011557369283579,-30.267108728733277,-30.26710872861753,0.003856462569040107,0.0038564625730939813,0.0004234028510888781,0.000423402852239816
206.5,-0.03917083713855979,-0.03917083673353794,-30.267004737357095,-30.267004737241045,0.0037014318473702046,0.0037014318514291974,0.0004085427748107065,0.0004085427759640135
206.75,-0.03825258036047906,-0.03825257995444185,-30.266891350519465,-30.26689135040311,0.003644631010813311,0.0036446310148769414,0.0004985572815045914,0.0004985572826602708
207.0,-0.03738037063639178,-0.037380370229337996,-30.266777439691943,-30.266777439575282,0.003333038832301102,0.0033330388363698544,0.0004127587158268441,0.00041275871698489864
207.25,-0.036543405294194205,-0.03654340488612256,-30.266637926544693,-30.266637926427727,0.003362711435703148,0.0033627114397770234,0.0007033436646880435,0.0007033436658484769
207.5,-0.03573356975827147,-0.03573356934918063,-30.266451257462396,-30.266451257345125,0.0031159811542998384,0.0031159811583793204,0.000790032255621584,0.0007900322567843991
207.75,-0.035000792565113646,-0.035000792155002264,-30.26624686866634,-30.266246868548762,0.0027462417012467056,0.002746241705331314,0.000845112972135342,0.000845112973300542
208.0,-0.03432610115476222,-0.03432610074362902,-30.26603008645146,-30.26603008633358,0.0026512938416985913,0.002651293845788328,0.0008891536986792031,0.000889153699846791
208.25,-0.033656545538601174,-0.033656545126444865,-30.265799510738812,-30.265799510620624,0.002705157444879949,0.002705157448974816,0.0009554469242750406,0.0009554469254450196
208.5,-0.032989246088127595,-0.03298924567494684,-30.265561218725658,-30.265561218607164,0.0026332378366084384,0.0026332378407089184,0.0009508959616258487,0.000950895962798222
208.75,-0.032346989902497514,-0.032346989488290914,-30.26535737548229,-30.265357375363486,0.002504786197969213,0.0025047862020753076,0.0006798620958808536,0.0006798620970556251
209.0,-0.03171809883096683,-0.0317180984157331,-30.26518320563162,-30.26518320551251,0.002526345645796435,0.0025263456499071833,0.0007134946768870635,0.0007134946780642357
209.25,-0.031076540955845056,-0.031076540539582982,-30.264984191968626,-30.26498419184921,0.002606133024717433,0.002606133028833318,0.0008786071047231359,0.000878607105902712
209.5,-0.030408741423475612,-0.03040874100618391,-30.264748291542265,-30.26474829142254,0.002736275595382344,0.0027362755995033673,0.0010085840362964984,0.001008584037478482
209.75,-0.029748359269278,-0.029748358850955385,-30.264509254517126,-30.26450925439709,0.0025467718581650665,0.0025467718622912304,0.0009037300313962345,0.000903730032580628
210.0,-0.02914133726768622,-0.029141336848331405,-30.26425256678874,-30.264252566668393,0.0023094274507555737,0.0023094274548868796,0.001149794172706227,0.0011497941738930343
210.25,-0.02855551880285972,-0.02855551838247142,-30.263974509152913,-30.263974509032256,0.0023771132779452776,0.002377113282081727,0.0010746605325131797,0.0010746605337024037
210.5,-0.02793742607614051,-0.02793742565471744,-30.263709289687466,-30.263709289566496,0.002567626034133289,0.0025676260382748836,0.0010470772294874245,0.001047077230679068
210.75,-0.027267635954905643,-0.027267635532446575,-30.263407651855285,-30.263407651734003,0.002790725111541073,0.0027907251156873325,0.0013660043941126918,0.0013660043953067583
211.0,-0.026557729728497813,-0.02655772930500158,-30.263063490408552,-30.263063490286957,0.002888526818989039,0.0028885268231399657,0.0013872779590049624,0.0013872779602014545
211.25,-0.025856699772117662,-0.0258566993475831,-30.262734355497575,-30.262734355375663,0.0027196996072214657,0.002719699611377061,0.0012458172460021431,0.0012458172472010638
211.5,-0.025162105485592123,-0.025162105060017943,-30.2623958384321,-30.262395838309875,0.0028370752070052342,0.002837075211166463,0.0014623082116186658,0.0014623082128200182
211.75,-0.024453091797914623,-0.02445309137129948,-30.262039082265265,-30.262039082142724,0.002835027754769863,0.002835027758936245,0.0013917413161564469,0.001391741317360234
212.0,-0.023720301735456435,-0.023720301307799035,-30.26168614548892,-30.261686145366063,0.0030272966327457634,0.003027296636917301,0.0014317347674467026,0.0014317347686529274
212.25,-0.022972293053364876,-0.022972292624663933,-30.26134620702593,-30.261346206902758,0.002956759371492765,0.0029567593756694597,0.0012877795868274633,0.0012877795880361293
212.5,-0.022225303823108725,-0.022225303393362948,-30.26105967051161,-30.261059670388118,0.003019127882943891,0.0030191278871257443,0.0010045066476633319,0.0010045066488744423
212.75,-0.02146448241830619,-0.02146448198751429,-30.260784433368208,-30.2607844332444,0.0030674616619736916,0.003067461666160705,0.0011973859426779,0.0011973859438914579
213.0,-0.020654587026971163,-0.020654586595131853,-30.260510086210594,-30.260510086086466,0.003411682739624847,0.0034116827438170237,0.0009973588649425584,0.000997358866158567
213.25,-0.01982422295323139,-0.019824222520343434,-30.26024864719249,-30.260248647068043,0.0032312391105855463,0.0032312391147824053,0.0010941702922759855,0.0010941702934944477
213.5,-0.018986840564551445,-0.018986840130613615,-30.259952501880928,-30.25995250175616,0.0034678371787207345,0.003467837182922759,0.0012749698936920938,0.0012749698949130123
213.75,-0.018145176909669172,-0.018145176474680176,-30.25962780452065,-30.259627804395564,0.0032654766882414805,0.0032654766924486724,0.0013226280672295253,0.0013226280684529032
214.0,-0.017323686249595058,-0.0173236858135536,-30.259310406340617,-30.25931040621521,0.003306438723020832,0.003306438727233193,0.0012165535111722991,0.0012165535123981398
214.25,-0.016505157887947822,-0.016505157450852615,-30.259007151106953,-30.259007150981223,0.0032417876355885786,0.0032417876398061107,0.0012094944535458866,0.0012094944547741929
214.5,-0.015718859383872564,-0.01571885894572237,-30.258665779625687,-30.258665779499633,0.003048629938461984,0.0030486299426842074,0.0015214956076552589,0.0015214956088860344
214.75,-0.01494864430689109,-0.014948643867684686,-30.258276497558175,-30.258276497431797,0.003113097518984376,0.0031130975232117734,0.0015927548544705046,0.0015927548557037518
215.0,-0.014159911635650411,-0.014159911195386503,-30.25786106863593,-30.25786106850923,0.003196776979724717,0.0031967769839572908,0.00173066863419424,0.001730668635429962
215.25,-0.01337033269882221,-0.013370332257499503,-30.257445744483004,-30.25744574435598,0.003119841561050687,0.003119841565288439,0.0015919318427748022,0.0015919318440130023
215.5,-0.012600129149662496,-0.012600128707279695,-30.257059784230545,-30.2570597841032,0.00304177788809154,0.003041777892334471,0.0014957575368347827,0.0014957575380754639
215.75,-0.011829283979500737,-0.011829283536056548,-30.256686643823315,-30.25668664369564,0.003124982993173079,0.0031249829974211913,0.0014893578764554752,0.0014893578776986405
216.0,-0.011043481275101616,-0.011043480830594683,-30.256322153866922,-30.25632215373892,0.003161432846971865,0.003161432851225642,0.0014265583382335873,0.0014265583394792402
216.25,-0.010237595159058645,-0.010237594713487551,-30.25594939360419,-30.255949393475863,0.0032856683681400157,0.003285668372399459,0.0015555120506795216,0.0015555120519276657
216.5,-0.009392485019233794,-0.009392484572597185,-30.255548945680015,-30.25554894555136,0.0034752216105316362,0.0034752216147962665,0.0016480534715815564,0.0016480534728321949
216.75,-0.008528647007742099,-0.008528646560038737,-30.255112814322278,-30.255112814193296,0.003435500810827437,0.003435500815096774,0.0018410011352821963,0.0018410011365353322
217.0,-0.007671367111345145,-0.007671366662573796,-30.254642153746335,-30.254642153617027,0.0034227463495299358,0.003422746353804463,0.0019242846748128762,0.0019242846760685122
217.25,-0.00684516236634285,-0.006845161916502156,-30.254152699931268,-30.254152699801633,0.0031868980673406717,0.0031868980716208725,0.0019913680816830916,0.001991368082941232
217.5,-0.006040947981322161,-0.0060409475304107636,-30.253656262692544,-30.25365626256258,0.003246816081416475,0.0032468160857018692,0.001980124179063661,0.001980124180324309
217.75,-0.005240555238904189,-0.005240554786920729,-30.253151450190344,-30.25315145006005,0.0031563333644029907,0.0031563333686940617,0.0020583843693499086,0.002058384370613068
218.0,-0.004465898628346865,-0.004465898175289983,-30.25265907101015,-30.252659070879524,0.0030409028880430647,0.0030409028923393325,0.0018806599551172915,0.0018806599563829644
218.25,-0.0036962691620515955,-0.0036962687079199943,-30.252188221406392,-30.252188221275436,0.0031161334811568996,0.0031161334854583663,0.0018861297822233556,0.001886129783491545
218.5,-0.002888364789945451,-0.002888364334737831,-30.251735846845502,-30.25173584671421,0.0033470871731748533,0.003347087177481521,0.001732844930523915,0.0017328449317946242
218.75,-0.0020376800290573226,-0.0020376795727723826,-30.25134143564678,-30.251341435515155,0.0034583617843396393,0.0034583617886515096,0.0014224341682944844,0.0014224341695677168
219.0,-0.0011552821357084,-0.0011552816783448403,-30.25099347740184,-30.250993477269883,0.003600815732173819,0.0036008157364908933,0.001361218360637073,0.0013612183619128313
219.25,-0.0002780718941252996,-0.0002780714356818197,-30.250629800020434,-30.25062979988815,0.0034168839712760343,0.0034168839755983147,0.0015482180318299762,0.001548218033108264
219.5,0.000591490996752256,0.0005914914562769581,-30.250224333742075,-30.250224333609456,0.0035396331807574606,0.003539633185084949,0.0016955006222278011,0.0016955006235086214
219.75,0.00146762048158414,0.001467620942191427,-30.24978921522376,-30.249789215090807,0.0034694113189449893,0.003469411323278169,0.0017854541448974804,0.0017854541461808364
220.0,0.0023159887422432033,0.0023159892039346197,-30.24932237566929,-30.249322375536003,0.0033175503473378276,0.0033175503516776634,0.0019492766084540341,0.0019492766097399298
220.25,0.00313563408797269,0.00313563455074978,-30.248815093428192,-30.248815093294567,0.0032396276073814517,0.003239627611726982,0.002108988667000574,0.002108988668289014
220.5,0.003907224627730013,0.0039072250915943825,-30.24831658038719,-30.248316580253228,0.002933075164300771,0.0029330751686534435,0.0018791445630002247,0.0018791445642912118
220.75,0.004646271434816755,0.0046462718997701295,-30.24786052305329,-30.24786052291899,0.0029792890553524977,0.0029792890597118314,0.0017693097511700712,0.0017693097524636092
221.0,0.005356569923976973,0.005356570390020898,-30.24742990483856,-30.247429904703925,0.0027030901424146083,0.0027030901467796427,0.0016756620069143496,0.0016756620082104424
221.25,0.006044071660496047,0.006044072127632128,-30.24700426430652,-30.247004264171544,0.0027969289312197495,0.0027969289355919305,0.0017294534023022186,0.00172945340360087
221.5,0.00671818141148546,0.006718181879715423,-30.246543304486252,-30.24654330435094,0.002595970755066454,0.002595970759445302,0.001958244106324609,0.001958244107625824
221.75,0.007374048069218755,0.007374048538544209,-30.24607420740501,-30.24607420726936,0.002650947176431886,0.0026509471808169208,0.001794527360465746,0.001794527361769528
222.0,0.008037518716722692,0.008037519187145185,-30.245624277161653,-30.245624277025662,0.002656819089015063,0.0026568190934062865,0.0018049140328346952,0.001804914034141047
222.25,0.00867329042106109,0.00867329089258211,-30.245179864254606,-30.245179864118274,0.0024293495088072454,0.0024293495132041783,0.001750410669545,0.0017504106708539258
222.5,0.00927006322285478,0.009270063695475755,-30.24474807554289,-30.244748075406218,0.0023448286166325083,0.0023448286210351523,0.0017039069929104648,0.0017039069942219678
222.75,0.009838962200866592,0.009838962674589011,-30.244325033620715,-30.2443250334837,0.002206361086139476,0.002206361090548315,0.0016804414393417695,0.0016804414406558534
223.0,0.010394200100561754,0.010394200575387225,-30.24392747393905,-30.24392747380169,0.0022355251912761945,0.0022355251956917106,0.0015000332644451437,0.0015000332657618125
223.25,0.010922042638380067,0.01092204311431014,-30.243560082481228,-30.243560082343528,0.001987209452958513,0.001987209457379746,0.0014391218095214037,0.001439121810840661
223.5,0.011395344034320666,0.01139534451135677,-30.24315412858896,-30.243154128450914,0.0017992366180247005,0.0017992366224516508,0.0018085270508726005,0.00180852705219445
223.75,0.011853337241056361,0.011853337719199924,-30.242681685401447,-30.242681685263058,0.0018647244283359716,0.0018647244327686411,0.0019710122750406563,0.001971012276365102
224.0,0.012302762472196114,0.012302762951448746,-30.242174186425622,-30.24217418628689,0.0017306886158990125,0.001730688620338848,0.002088992168585355,0.0020889921699124006
224.25,0.012738124447384664,0.01273812492774816,-30.241679194450874,-30.241679194311793,0.0017521866973381798,0.0017521867017851827,0.0018709416026129898,0.001870941603942639
224.5,0.013167876587219693,0.013167877068695722,-30.241204634548183,-30.241204634408756,0.0016858356380340608,0.00168583564248727,0.0019255438745823489,0.0019255438759146057
224.75,0.013621137564907265,0.013621138047497379,-30.24073002473362,-30.240730024593844,0.0019402471428494853,0.0019402471473089031,0.0018713106559336318,0.0018713106572684998
225.0,0.014091437895151018,0.01409143837885671,-30.240272111904172,-30.240272111764046,0.0018221480971887143,0.0018221481016538605,0.0017920031141534125,0.0017920031154908954
225.25,0.014550205954781273,0.014550206439604035,-30.239792729012468,-30.239792728871993,0.0018480201228096578,0.0018480201272810155,0.0020430575803056473,0.00204305758164575
225.5,0.01499611861889237,0.014996119104833757,-30.239282165276915,-30.239282165136093,0.0017192811112222972,0.0017192811156998688,0.0020414644417446884,0.0020414644430874138
225.75,0.015450546178841349,0.015450546665902972,-30.238772118993815,-30.23877211885264,0.0019161391980992487,0.0019161392025835175,0.0020388872632335214,0.0020388872645788736
226.0,0.015959295088969417,0.01595929557715296,-30.238252934004297,-30.23825293386277,0.0021538592997572786,0.0021538593042482474,0.0021145702405854427,0.0021145702419334256
226.25,0.01649254780536032,0.016492548294667456,-30.23774721417404,-30.23774721403216,0.0021121452277187403,0.0021121452322164103,0.0019311923343505383,0.0019311923357011557
226.5,0.01703035956963398,0.017030360060066325,-30.237255115560277,-30.237255115418048,0.0021903559866974344,0.0021903559912013265,0.002005589202047852,0.0020055892034011084
226.75,0.017577124954066124,0.017577125445625234,-30.236753728974765,-30.236753728832184,0.0021837671682180576,0.0021837671727281734,0.002005504103302492,0.002005504104658391
227.0,0.01814739573966356,0.01814739623235105,-30.236250125776625,-30.236250125633692,0.002378400885906048,0.002378400890422871,0.0020233031316992823,0.0020233031330578275
227.25,0.01873433374064473,0.018734334234462278,-30.23574848988901,-30.23574848974572,0.002317100056192058,0.00231710006071559,0.001989789748768925,0.0019897897501301204
227.5,0.019285277254058823,0.019285277749008106,-30.235223648830768,-30.23522364868713,0.002090468802771441,0.0020904688073016845,0.0022089600841185986,0.002208960085482449
227.75,0.01980967369339865,0.019809674189481347,-30.234665525256464,-30.23466552511247,0.002104707233360417,0.0021047072378973727,0.0022560271679710328,0.0022560271693375417
228.0,0.02033745367402717,0.020337454171244836,-30.234126180877194,-30.234126180732844,0.0021175140945101432,0.00211751409905285,0.0020587266587942608,0.002058726660163432
228.25,0.020854282657231035,0.020854283155585174,-30.233598466364413,-30.233598466219703,0.002017127684657982,0.002017127689206924,0.0021629989080091906,0.0021629989093810277
228.5,0.02133205089393818,0.021332051393430466,-30.233048651681116,-30.233048651536052,0.0018050251245193692,0.0018050251290755105,0.0022355385555563588,0.002235538556930866
228.75,0.021769560372096812,0.02176956087272899,-30.23249702448955,-30.232497024344127,0.0016950452978386871,0.0016950453024015477,0.0021774893459872925,0.002177489347364474
229.0,0.02218993193256668,0.022189932434340427,-30.231936497141007,-30.231936496995225,0.001667939438247775,0.0016679394428173568,0.0023067319979769574,0.002306731999356817
229.25,0.022593081815258525,0.022593082318175584,-30.231352671260176,-30.231352671114035,0.0015572650762524225,0.0015572650808292092,0.002363885483162649,0.002363885484545191
229.5,0.022959838064905085,0.02295983856896725,-30.230771110284422,-30.23077111013792,0.0013767778834664686,0.0013767778880504622,0.0022886193393665847,0.0022886193407518135
229.75,0.023303327202721113,0.023303327707930133,-30.23021970237287,-30.230219702226005,0.001371119625818114,0.0013711196304088344,0.0021226444865710854,0.002122644487959005
230.0,0.02364949787316198,0.023649498379519414,-30.229692375913647,-30.229692375766422,0.0013982432777037207,0.0013982432823002066,0.002095964630031433,0.002095964631422047
230.25,0.024024355990497282,0.024024356498004693,-30.22914894396829,-30.229148943820707,0.0016006363822622769,0.0016006363868654937,0.002251471851127483,0.0022514718525207954
230.5,0.024416671727772135,0.024416672236431146,-30.228572153186715,-30.22857215303877,0.001537900080472524,0.001537900085081992,0.0023628603163438353,0.00236286031773985
230.75,0.024801680970367116,0.02480168148017923,-30.227988169668635,-30.227988169520323,0.0015421688446075968,0.0015421688492228357,0.00230900742590321,0.002309007427301931
231.0,0.025174809008183464,0.02517480951915024,-30.22738656650018,-30.227386566351502,0.001442873885347052,0.0014428738899690274,0.0025038272833895177,0.0025038272847909488
231.25,0.025538639079674907,0.025538639591798033,-30.226751555589015,-30.22675155543997,0.0014677735735724115,0.001467773578201125,0.0025762576584249805,0.002576257659829125
231.5,0.025918511760024576,0.025918512273305737,-30.226098935280827,-30.226098935131418,0.0015712143823193823,0.0015712143869548358,0.0026446950546776386,0.002644695056084501
231.75,0.02628456601394701,0.02628456652838789,-30.225450823497706,-30.22545082334793,0.0013572098576040185,0.0013572098622462144,0.0025402193868193277,0.002540219388228912
232.0,0.0265913652213088,0.02659136573691109,-30.22481433853179,-30.224814338381645,0.0010971849313482014,0.0010971849359971417,0.002551684855870162,0.002551684857282472
232.25,0.026893513440834852,0.026893513957600177,-30.224164477846653,-30.22416447769614,0.0013200098765022378,0.0013200098811574426,0.0026471796172269826,0.002647179618642022
232.5,0.02721334176195207,0.027213342279882112,-30.223512403629826,-30.223512403478942,0.0012386094125563405,0.0012386094172187748,0.002569421791937245,0.0025694217933550185
232.75,0.027514911734484886,0.027514912253581332,-30.22289136408015,-30.2228913639289,0.001173934339133807,0.0011739343438025094,0.0023989007031221497,0.002398900704542661
233.0,0.02781763977708499,0.027817640297349528,-30.222323406968613,-30.22232340681699,0.0012478660885599183,0.0012478660932358542,0.0021447492189292138,0.0021447492203524672
233.25,0.028143923488265426,0.028143924009699808,-30.221786635848392,-30.221786635696397,0.0013624040924097368,0.0013624040970924263,0.002149408944192067,0.0021494089456180667
233.5,0.028486761373037333,0.028486761895643125,-30.221279305712038,-30.22127930555967,0.0013802763964583283,0.0013802764011468104,0.0019092304616934817,0.0019092304631222303
233.75,0.028842605595673348,0.02884260611945206,-30.22083337875109,-30.220833378598353,0.0014664537721141148,0.0014664537768088726,0.0016581771010689443,0.001658177102500446
234.0,0.02921674979806708,0.029216750323020402,-30.22041954653433,-30.22041954638122,0.0015266993692964663,0.001526699373998465,0.001652474953101536,0.0016524749545357943
234.25,0.02959577765018925,0.029595778176318872,-30.22000126202214,-30.220001261868656,0.0015055274047690954,0.0015055274094773739,0.0016938031405887763,0.0016938031420257954
234.5,0.029973764920095215,0.029973765447402767,-30.219581733115984,-30.219581732962123,0.0015183678567863685,0.0015183678615014102,0.0016624268981306955,0.0016624268995704794
234.75,0.030370331509682855,0.030370332038169905,-30.219159286615056,-30.219159286460822,0.0016541700810208612,0.0016541700857417051,0.001717132305835566,0.0017171323072781184
235.0,0.030753563282311366,0.030753563811979426,-30.2187279707023,-30.21872797054769,0.001411685696734485,0.0014116857014616147,0.0017334178578437079,0.0017334178592890324
235.25,0.031130810022414468,0.031130810553265227,-30.218281569172117,-30.21828156901713,0.0016062981233959492,0.00160629812813033,0.0018377760355149152,0.001837776036963016
235.5,0.031561961250972694,0.031561961783007804,-30.2178365185924,-30.217836518437036,0.0018429009157863415,0.0018429009205265304,0.0017226062952287301,0.001722606296679611
235.75,0.03203172444051525,0.03203172497373622,-30.217430678795242,-30.217430678639502,0.0019151859609284436,0.001915185965674924,0.0015241052670044901,0.001524105268458155
236.0,0.03252280456915922,0.03252280510356775,-30.217062570976697,-30.21706257082058,0.002013445402216652,0.0020134454069703897,0.001420748017446597,0.0014207480189030498
236.25,0.033006917245671716,0.0330069177812695,-30.216695722935114,-30.216695722778617,0.0018594648839817547,0.001859464888741788,0.001514050832651259,0.0015140508341105036
236.5,0.033466258327676406,0.033466258864465005,-30.21631309583893,-30.216313095682054,0.0018152669491967536,0.0018152669539630841,0.0015469701038834005,0.0015469701053454409
236.75,0.033907842123809,0.033907842661790054,-30.21592465888506,-30.215924658727804,0.001717404769399383,0.0017174047741724944,0.0015605347536260035,0.0015605347550908435
237.0,0.034331184765722736,0.03433118530489794,-30.21555204900735,-30.215552048849712,0.0016693232168353302,0.0016693232216152243,0.0014203488012761117,0.0014203488027437557
237.25,0.03472782302159193,0.034727823561962926,-30.215166943350443,-30.215166943192425,0.001503805536304854,0.0015038055410910515,0.0016605120591219927,0.0016605120605924447
237.5,0.03511115056724915,0.03511115110881757,-30.214744146354086,-30.214744146195684,0.0015628206740467925,0.0015628206788397766,0.0017218583478135169,0.0017218583492867806
237.75,0.03551188853597495,0.035511889078742434,-30.214297772312865,-30.214297772154083,0.0016430951387808364,0.0016430951435801278,0.0018491264136833848,0.0018491264151594645
238.0,0.03594146187682544,0.035941462420793505,-30.21382630458805,-30.213826304428885,0.0017934985839981176,0.0017934985888032368,0.0019226012047633895,0.0019226012062422883
238.25,0.0364097801107164,0.03640978065588662,-30.21335927244781,-30.213359272288262,0.0019530370892194137,0.0019530370940313258,0.0018136408758213107,0.0018136408773030326
238.5,0.03690229052312524,0.036902291069499375,-30.212888619768858,-30.212888619608922,0.0019870592935793126,0.001987059298398502,0.0019515773482289625,0.001951577349713512
238.75,0.037409383497159325,0.03740938404473907,-30.21237706395364,-30.21237706379332,0.002069702425631031,0.0020697024304565364,0.0021408613819311985,0.0021408613834185803
239.0,0.03791773953654016,0.037917740085327035,-30.211831658164193,-30.211831658003486,0.0019971536574822568,0.0019971536623135987,0.002222391773624512,0.00222239177511473
239.25,0.038400358268577864,0.038400358818573455,-30.211271559135724,-30.21127155897463,0.0018637996721412543,0.001863799676979397,0.0022584130268692585,0.0022584130283623163
239.5,0.03887594919115013,0.03887594974235602,-30.21069622246348,-30.210696222301998,0.001940935879463884,0.0019409358843078663,0.0023442730787028776,0.002344273080198779
239.75,0.039359351033789715,0.03935935158620742,-30.210113269227726,-30.210113269065857,0.0019262765896295067,0.001926276594479812,0.002319354189461301,0.00231935419096005
240.0,0.039853601048424336,0.03985360160205543,-30.20953542039241,-30.209535420230154,0.0020277221048955914,0.0020277221097522225,0.0023034269287757,0.0023034269302773004
240.25,0.0403372793516956,0.04033727990654173,-30.208955593084653,-30.208955592922006,0.0018417073951001682,0.0018417073999636082,0.002335209070917876,0.002335209072422332
240.5,0.04079104745768704,0.040791048013749845,-30.208368110396925,-30.208368110233888,0.0017884403018431692,0.0017884403067129383,0.002364657453005286,0.0023646574545126008
240.75,0.041254913207289017,0.04125491376457014,-30.20776648147522,-30.20776648131179,0.001922493660833718,0.0019224936657102998,0.002448361282089532,0.0024483612835997097
241.0,0.041753455207659884,0.04175345576616098,-30.20714327973622,-30.207143279572396,0.002065850801350319,0.002065850806233235,0.0025372391141825403,0.0025372391156955852
241.25,0.04226894609386,0.04226894665358258,-30.206503822392886,-30.20650382222867,0.0020580802533193346,0.0020580802582081045,0.0025784203651548726,0.002578420366670788
241.5,0.04274875098721793,0.04274875154816358,-30.205872791655548,-30.205872791490936,0.0017803487343997417,0.0017803487392953309,0.0024698517182936254,0.0024698517198124153
241.75,0.04320327091957433,0.04320327148174476,-30.20522235468253,-30.205222354517524,0.001855835666991587,0.001855835671893997,0.002733636948961111,0.0027336369504827795
242.0,0.04367085389483067,0.04367085445822764,-30.204527520440582,-30.204527520275178,0.0018848368268599381,0.0018848368317696523,0.0028250342524427418,0.002825034253967293
242.25,0.04413718037683882,0.04413718094146398,-30.20382444976176,-30.20382444959596,0.0018457726997198123,0.001845772704635388,0.0027995348611805915,0.00279953486270803
242.5,0.04456818470252302,0.044568185268377955,-30.203129075781945,-30.203129075615745,0.0016022585754352568,0.0016022585803576596,0.0027634799360658556,0.002763479937596185
242.75,0.044959133037693284,0.044959133604779704,-30.202438747095584,-30.202438746928987,0.001525327760890825,0.0015253277658200568,0.002759156807958914,0.0027591568094921383
243.0,0.045312019196282076,0.04531201976460163,-30.201736851193004,-30.20173685102601,0.001297770697714801,0.0012977707026503823,0.002856031866957345,0.002856031868493468
243.25,0.045593424961748376,0.0455934255313027,-30.20100780099403,-30.201007800826638,0.000953486819620046,0.0009534868245624602,0.002976402184151986,0.0029764021856910116
243.5,0.04583322856660586,0.045833229137396674,-30.20027380532354,-30.200273805155746,0.000964934435959797,0.0009649344409090456,0.002895562100547691,0.002895562102089623
243.75,0.04602116559263887,0.04602116616466788,-30.19955209840228,-30.199552098234083,0.0005385601591924752,0.000538560164148561,0.0028781334684065867,0.0028781334699514304
244.0,0.04615350850392415,0.04615350907719306,-30.198801268475634,-30.198801268307037,0.000520206757683103,0.0005202067626460274,0.003128507675189797,0.003128507676737556
244.25,0.04624309474746268,0.046243095321973085,-30.19804357843617,-30.19804357826717,0.00019646477645581678,0.00019646478142461873,0.0029330431631539033,0.0029330431647045818
244.5,0.04627300236358866,0.046273002939342146,-30.197289738995003,-30.197289738825603,4.281168003511151e-05,4.2811685010755944e-05,0.0030976868527268922,0.0030976868542804937
244.75,0.04625497298546296,0.04625497356246124,-30.196511528338114,-30.19651152816831,-0.00018704384809294924,-0.0001870438431104601,0.0031280200733644075,0.003128020074920936
245.0,0.04622273783559615,0.04622273841384088,-30.195761182792808,-30.195761182622597,-7.086123601368174e-05,-7.08612310248277e-05,0.0028747333353938372,0.0028747333369532973
245.25,0.046201622895518935,0.0462016234750117,-30.195028065925552,-30.195028065754936,-9.804740132885812e-05,-9.804739633363722e-05,0.002990204165844545,0.00299020416740694
245.5,0.046156961577890655,0.046156962158633054,-30.194275034856677,-30.194275034685653,-0.00025923901213053527,-0.0002592390071289451,0.003034059582460813,0.003034059584026147
245.75,0.046090144917289716,0.046090145499283273,-30.19353633192869,-30.19353633175726,-0.0002753092262915137,-0.000275309221284034,0.0028755653565840458,0.002875565358152322
246.0,0.046019128967039684,0.046019129550285996,-30.192804064052172,-30.192804063880338,-0.00029280829773716005,-0.0002928082927228255,0.002982579305435271,0.0029825793070064935
246.25,0.04593196211383703,0.04593196269833775,-30.192029773995195,-30.192029773822952,-0.0004045049353324121,-0.00040450493031170216,0.003211751681269873,0.003211751682844046
246.5,0.045822978131531064,0.04582297871728784,-30.191206719959645,-30.191206719786994,-0.0004673517675264799,-0.00046735176249891087,0.003372686528411068,0.003372686529988196
246.75,0.04571480271547971,0.045714803302494264,-30.190329171345333,-30.190329171172273,-0.00039802565016143016,-0.000398025645127,0.0036476958500281983,0.003647695851608285
247.0,0.04559830181605093,0.045598302404324914,-30.18941895855389,-30.18941895838042,-0.0005339828533421067,-0.0005339828483012946,0.003634019299699776,0.003634019301282825
247.25,0.045454453339295146,0.04545445392883016,-30.188506586051293,-30.188506585877413,-0.0006168020658097674,-0.0006168020607625714,0.003664968529370624,0.0036649685309566396
247.5,0.04526512119715455,0.045265121787952244,-30.18760289863551,-30.18760289846122,-0.0008978645684352899,-0.0008978645633812257,0.0035645572956712777,0.0035645572972602636
247.75,0.04503611763314094,0.04503611822520304,-30.186679772479533,-30.186679772304828,-0.0009341398541018339,-0.0009341398490409001,0.0038204553722765893,0.00382045537386855
248.0,0.0448022709653531,0.04480227155868138,-30.185739396122425,-30.18573939594731,-0.0009366446412611573,-0.0009366446361928702,0.0037025557207781717,0.003702555722373111
248.25,0.04456077091077429,0.04456077150537046,-30.184831785152817,-30.184831784977288,-0.0009953694309766,-0.0009953694259019201,0.003558337572757251,0.0035583375743551736
248.5,0.04431869409481891,0.04431869469068463,-30.183960680596194,-30.183960680420252,-0.0009412590741938578,-0.0009412590691123021,0.003410493778720151,0.0034104937803210605
248.75,0.04405369195156468,0.04405369254870174,-30.183087359675657,-30.1830873594993,-0.001178742501173531,-0.0011787424960846152,0.0035760959756999267,0.0035760959773038278
249.0,0.043739162144485935,0.04373916274289612,-30.182181395414997,-30.182181395238224,-0.0013374869984905432,-0.0013374869933947466,0.0036716330761497737,0.0036716330777566706
249.25,0.043412843650573185,0.043412844250258084,-30.181245174257775,-30.181245174080587,-0.0012730471932013512,-0.0012730471880996353,0.003818130106252289,0.0038181301078621856
249.5,0.043113497186075156,0.04311349778703631,-30.180284076657188,-30.18028407647958,-0.0011217196203530718,-0.0011217196152449526,0.0038706364312622826,0.003870636432875182
249.75,0.04283984218356651,0.04283984278580559,-30.17930357033352,-30.179303570155497,-0.001067510754041895,-0.0010675107489268889,0.003973409047284648,0.003973409048900556
250.0,0.04258113129294464,0.0425811318964633,-30.178296457146114,-30.178296456967672,-0.0010021660338063872,-0.0010021660286849737,0.0040834902912893,0.0040834902929082215
250.25,0.04233119958970845,0.042331200194508346,-30.177265302005033,-30.17726530182617,-0.0009972798765460857,-0.0009972798714177813,0.004165750376763676,0.004165750378385615
250.5,0.0420849612456193,0.0420849618517021,-30.176200980185847,-30.176200980006566,-0.0009726096554854708,-0.0009726096503507553,0.004348821850859474,0.004348821852484434
250.75,0.041843713024254776,0.04184371363162203,-30.175118676381324,-30.175118676201624,-0.0009573798512145799,-0.0009573798460739327,0.004309607149500372,0.004309607151128356
251.0,0.04158680298159575,0.041586803590248994,-30.17400322354,-30.174003223359882,-0.001097871830119079,-0.0010978718249720157,0.004614028826786923,0.004614028828417936
251.25,0.0413006149521439,0.0413006155620848,-30.17284685161915,-30.172846851438607,-0.001191630289758041,-0.001191630284604078,0.004636955379696261,0.004636955381330307
251.5,0.04100089113206606,0.04100089174329641,-30.171676790922646,-30.17167679074168,-0.0012061521563703984,-0.001206152151209052,0.004723531561508809,0.0047235315631458915
251.75,0.040683504323963296,0.04068350493648488,-30.170497469977512,-30.17049746979612,-0.001332943536195384,-0.0013329435310271336,0.004711047953591298,0.004711047955231422
252.0,0.040381123838329896,0.04038112445214449,-30.169327892385276,-30.16932789220346,-0.0010861065724824242,-0.0010861065673067856,0.004645549512441509,0.004645549514084678
252.25,0.040115856576658705,0.04011585719176804,-30.168182890569884,-30.168182890387644,-0.0010360439224947923,-0.0010360439173127272,0.004514460290802291,0.0045144602924485095
252.5,0.039854385209124585,0.0398543858255302,-30.16706153073184,-30.167061530549173,-0.0010557325316593537,-0.0010557325264713415,0.004456420269881764,0.004456420271531036
252.75,0.03958516374610699,0.039585164363810564,-30.16596323237783,-30.165963232194738,-0.0010980511373066997,-0.0010980511321112935,0.004329970552070967,0.004329970553723297
253.0,0.03931460772538209,0.039314608344385465,-30.164877570451683,-30.16487757026816,-0.0010663946816452502,-0.0010663946764424479,0.00435532187258428,0.004355321874239672
253.25,0.03903247380363559,0.03903247442394056,-30.16379437503267,-30.163794374848717,-0.0011906809865682001,-0.001190680981358481,0.004310253197374577,0.004310253199033036
253.5,0.03870230552289481,0.0387023061445031,-30.16270536894096,-30.162705368756576,-0.0014506566792118582,-0.0014506566739952197,0.004401820047017741,0.0044018200486792705
253.75,0.03835782018763779,0.03835782081055107,-30.161586495577282,-30.16158649539247,-0.0013052121673155978,-0.0013052121620925196,0.004549153149863628,0.004549153151528232
254.0,0.03802029308849171,0.03802029371271166,-30.16042803311267,-30.160428032927427,-0.0013949887085543382,-0.001394988703324337,0.004718555031264782,0.004718555032932465
254.25,0.03767440273640702,0.037674403361935366,-30.159218480709697,-30.15921848052402,-0.001372111601468847,-0.0013721115962319205,0.004957862035719713,0.00495786203739048
254.5,0.03732260650285934,0.037322607129697746,-30.15797741603613,-30.15797741585002,-0.0014422571164158303,-0.001442257111172458,0.004970661966238212,0.004970661967912065
254.75,0.03695695678311976,0.03695695741126985,-30.15674695005943,-30.156746949872886,-0.0014829499010595407,-0.0014829498958097201,0.004873069683964606,0.0048730696856415495
255.0,0.03657504599055422,0.036575046620017655,-30.1555264245246,-30.155526424337623,-0.0015723347966064877,-0.0015723347913497352,0.004891143021983421,0.004891143023663459
255.25,0.03616096451327247,0.03616096514405093,-30.154293858405804,-30.154293858218395,-0.0017403097096231233,-0.0017403097043599183,0.0049694017651903686,0.004969401766873506
255.5,0.03571414963415606,0.03571415026625116,-30.153027822406248,-30.153027822218405,-0.001834191529263714,-0.0018341915239940543,0.005158895082535361,0.0051588950842216
255.75,0.03527327897241261,0.03527327960582602,-30.151719697374975,-30.151719697186696,-0.001692759957432199,-0.0016927599521556005,0.005306091833452893,0.00530609183514224
256.0,0.034866502671932906,0.034866503306666304,-30.15037347047677,-30.150373470288052,-0.0015614356510703004,-0.001561435645787243,0.005463710970925996,0.005463710972618454
256.25,0.034455682504561824,0.03445568314061676,-30.149011820854824,-30.14901182066567,-0.0017251289789236932,-0.0017251289736346562,0.005429501437784246,0.005429501439479819
256.5,0.03403276641943368,0.03403276705681177,-30.14766884417963,-30.14766884399004,-0.0016582106304907024,-0.0016582106251947205,0.00531430565471761,0.005314305656416302
256.75,0.03362602844475388,0.03362602908345686,-30.14634141478986,-30.14634141459983,-0.0015956940977182165,-0.0015956940924152874,0.005305123569414326,0.00530512357111614
257.0,0.03324565458730461,0.03324565522733421,-30.14501372509816,-30.14501372490769,-0.0014472957614762101,-0.0014472957561663315,0.005316379973168522,0.005316379974873463
257.25,0.032885932312026044,0.03288593295338407,-30.14366179601168,-30.143661795820773,-0.0014304652759701449,-0.0014304652706528332,0.005499051131936167,0.00549905113364424
257.5,0.032508767089047014,0.0325087677317352,-30.142290741339902,-30.14229074114855,-0.0015868593636410538,-0.0015868593583172699,0.005469400987282392,0.0054694009889936016
257.75,0.03210246596130447,0.03210246660532444,-30.140938598387976,-30.140938598196183,-0.0016635611926436272,-0.0016635611873133688,0.005347749859670342,0.005347749861384691
258.0,0.03168768860693922,0.03168768925229266,-30.139602136734826,-30.13960213654259,-0.00165465806760059,-0.0016546580622633735,0.005343942526194458,0.00534394252791195
258.25,0.03128095025970232,0.03128095090639096,-30.13827973391427,-30.13827973372159,-0.001599259020625137,-0.00159925901528096,0.00523527481526733,0.00523527481698797
258.5,0.030885088692387073,0.0308850893404127,-30.13699813106013,-30.136998130867003,-0.0015676541089191985,-0.0015676541035675774,0.005017545038193096,0.005017545039916889
258.75,0.030506063444681115,0.03050606409404547,-30.135761454787165,-30.135761454593595,-0.0014645612919481133,-0.0014645612865900092,0.004875855425921374,0.004875855427648323
259.0,0.030169311570493858,0.030169312221198622,-30.134554838129592,-30.134554837935575,-0.0012294630703264834,-0.001229463064961412,0.004777055669541343,0.004777055671271453
259.25,0.02986157645936798,0.029861577111414836,-30.133369527404902,-30.133369527210437,-0.001232424620788032,-0.0012324246154164732,0.0047054304072576625,0.0047054304089909375
259.5,0.02957458027657326,0.029574580929963894,-30.13218172924307,-30.132181729048156,-0.0010635362600120162,-0.0010635362546334859,0.004796938964586821,0.004796938966323264
259.75,0.02933185371264742,0.02933185436738363,-30.131003378081395,-30.131003377886035,-0.0008782920432016839,-0.0008782920378156986,0.00462985286393006,0.004629852865669677
260.0,0.029149205882049098,0.02914920653813269,-30.129859707463083,-30.129859707267276,-0.0005829010364248291,-0.0005829010310318681,0.0045194842329864746,0.00451948423472927
260.25,0.02898284615863697,0.028982846816069628,-30.128739036432236,-30.12873903623598,-0.0007479837150923836,-0.0007479837096929262,0.00444589957792363,0.004445899579669607
260.5,0.028812678382441035,0.028812679041224445,-30.127608717956186,-30.12760871775948,-0.0006133443102326948,-0.0006133443048262575,0.004596635536674666,0.00459663553842383
260.75,0.02867802621821439,0.028678026878350235,-30.12648957013603,-30.126489569938872,-0.00046389566213189725,-0.00046389565671895946,0.004356532934511861,0.004356532936264215
261.0,0.02857129890335008,0.02857129956483999,-30.125409705174814,-30.125409704977205,-0.00038992986505989683,-0.00038992985964045643,0.004282379781731414,0.004282379783486962
261.25,0.028479089170006088,0.028479089832851683,-30.124339831897995,-30.124339831699935,-0.0003477485611356795,-0.00034774855570973435,0.0042766024559918285,0.004276602457750574
261.5,0.02839007757147047,0.02839007823567332,-30.123283376840746,-30.12328337664223,-0.00036435381679713225,-0.00036435381136516173,0.004175039567607954,0.004175039569369901
261.75,0.028312385611485233,0.02831238627704696,-30.122247319849137,-30.122247319650167,-0.00025718768633835245,-0.000257187680899391,0.004113406261625425,0.0041134062633905785
262.0,0.02826291494933639,0.028262915616258745,-30.12122677502072,-30.12122677482129,-0.00013858350801049935,-0.0001385835025645448,0.004050941183710437,0.0040509411854788005
262.25,0.028240988601051117,0.028240989269335846,-30.120226906465966,-30.12022690626608,-3.6836987352902126e-05,-3.683698189995231e-05,0.003947997661658085,0.003947997663429663
262.5,0.028242051006482315,0.02824205167613117,-30.119241976634378,-30.119241976434033,4.533466926933393e-05,4.533467472928126e-05,0.0039314332439210845,0.00393143324569588
262.75,0.02826949475929205,0.028269495430306775,-30.118254668954542,-30.11825466875374,0.00017421871236492732,0.00017421871783187463,0.0039670160435603076,0.003967016045338326
263.0,0.028290200039715795,0.028290200712098087,-30.11727583490667,-30.11727583470541,-8.586208848073457e-06,-8.586203374605607e-06,0.0038636735744072663,0.0038636735761885103
263.25,0.028254988132189886,0.028254988805941374,-30.11630077086515,-30.11630077066343,-0.00027310215658839454,-0.0002731021511084034,0.003936863696533642,0.003936863698318117
263.5,0.028197704575110064,0.028197705250232498,-30.115339326467005,-30.115339326264827,-0.00018518348529440097,-0.0001851834798069216,0.0037546831996417788,0.0037546832014294877
263.75,0.028141454411324762,0.028141455087819893,-30.114400329436275,-30.114400329233636,-0.0002648175872229564,-0.0002648175817289496,0.0037573005541942407,0.003757300555985187
264.0,0.0280920800175314,0.028092080695400982,-30.11343455872851,-30.11343455852541,-0.000130157625797931,-0.00013015762029643127,0.003968852412154219,0.003968852413948409
264.25,0.02804934030995027,0.028049340989196116,-30.112425603842667,-30.112425603639103,-0.00021174741356828908,-0.0002117474080597759,0.004102794366985243,0.004102794368782681
264.5,0.027979767661350272,0.02797976834197414,-30.111401863694777,-30.111401863490748,-0.000344835262326289,-0.0003448352568107598,0.004087139363785703,0.004087139365586393
264.75,0.027911342515398486,0.027911343197402006,-30.110385672173038,-30.110385671968544,-0.00020257013623106986,-0.00020257013070948575,0.004042379397349039,0.0040423793991529846
265.0,0.027859422301279472,0.02785942298466428,-30.109366733214877,-30.109366733009917,-0.00021278529144042358,-0.0002127852859118193,0.004109133231097556,0.004109133232904762
265.25,0.02783284310534118,0.02783284379010903,-30.108310881432025,-30.1083108812266,1.7326540120195109e-07,1.7327093682886681e-07,0.004337660953920523,0.004337660955730994
265.5,0.027819627113116863,0.02781962779926951,-30.107255890128528,-30.107255889922637,-0.00010592339720717505,-0.00010592339166452328,0.004102279476963122,0.0041022794787768605
265.75,0.02775628491906805,0.027756285606607194,-30.106257418582278,-30.106257418375918,-0.0004008346014565866,-0.00040083459590738873,0.0038855206974982045,0.003885520699315214
266.0,0.027664617648502657,0.027664618337429996,-30.10529487475376,-30.10529487454693,-0.0003325102431058503,-0.0003325102375496228,0.0038148234890367457,0.0038148234908570305
266.25,0.027563805488082828,0.027563806178400117,-30.104362389475682,-30.104362389268385,-0.0004740030606406161,-0.0004740030550773566,0.0036450720756663465,0.003645072077489911
266.5,0.027442403766111102,0.027442404457820098,-30.10347686952865,-30.103476869320883,-0.0004972301546914065,-0.0004972301491211127,0.003439089690518533,0.0034390896923453813
266.75,0.027298731915804265,0.027298732608906667,-30.102602046032175,-30.102602045823936,-0.0006521333171855437,-0.0006521333116086946,0.0035595128856842693,0.0035595128875144056
267.0,0.0271121291897071,0.027112129884204608,-30.10172181343757,-30.10172181322886,-0.0008406957949328212,-0.000840695789348933,0.0034823656489844836,0.003482365650817912
267.25,0.026913646990089607,0.02691364768598404,-30.100842036698396,-30.10084203648921,-0.0007471549066143434,-0.0007471549010229322,0.0035558394453996697,0.003555839447236395
267.5,0.02672289401269916,0.02672289470999228,-30.099956331243394,-30.099956331033738,-0.0007788713973659855,-0.0007788713917680123,0.003529807184919484,0.00352980718675951
267.75,0.026536177183561604,0.02653617788225511,-30.099066152950147,-30.099066152740015,-0.0007148574385111302,-0.0007148574329061111,0.0035916131258509976,0.0035916131276943286
268.0,0.026342056927431468,0.026342057627527185,-30.098176761880413,-30.098176761669805,-0.000838111060782304,-0.0008381110551697548,0.0035235270524944435,0.003523527054341084
268.25,0.026118711865192587,0.026118712566692338,-30.097294395662296,-30.097294395451208,-0.0009486483522397783,-0.0009486483466201786,0.0035354131140356605,0.0035354131158856147
268.5,0.025859636835938126,0.025859637538843554,-30.09640723364131,-30.096407233429748,-0.0011239494260893376,-0.0011239494204636476,0.0035618995813680417,0.0035618995832213136
268.75,0.025560829826530355,0.025560830530843102,-30.09550660504102,-30.095506604828977,-0.0012664990373395975,-0.0012664990317068517,0.0036431426606886898,0.003643142662545283
269.0,0.025223723108829324,0.025223723814551034,-30.094570663295176,-30.094570663082656,-0.0014303357829157208,-0.00143033577727688,0.00384440675273011,0.003844406754590029
269.25,0.024882629455581888,0.024882630162714147,-30.09358055007957,-30.09358054986657,-0.001298391617028648,-0.0012983916113832286,0.004076486532404074,0.004076486534267325
269.5,0.02455420322831595,0.02455420393686046,-30.092578218424055,-30.092578218210576,-0.001329030917122166,-0.001329030911469684,0.003942169600438979,0.003942169602305565
269.75,0.024204246771172673,0.02420424748113114,-30.0915771792452,-30.09157717903124,-0.0014706091063996943,-0.0014706091007406288,0.00406615717853836,0.004066157180408286
270.0,0.02381935940355757,0.023819360114931642,-30.090558967755033,-30.09055896754059,-0.0016084886336335334,-0.001608488627967882,0.004079547742206651,0.004079547744079921
270.25,0.023391072111629066,0.023391072824420506,-30.089521332635677,-30.08952133242075,-0.0018177963819912477,-0.0018177963763180449,0.004221552946356748,0.004221552948233366
270.5,0.02292324249868344,0.022923243212894143,-30.08846770889559,-30.08846770868018,-0.0019248419263367725,-0.001924841920656016,0.0042074470667219305,0.0042074470686019015
270.75,0.02243468169614979,0.022434682411781516,-30.087433265826746,-30.08743326561085,-0.001983657709535413,-0.001983657703848063,0.0040681030292696405,0.004068103031152969
271.0,0.021936713802920067,0.02193671451997459,-30.08644230441284,-30.08644230419646,-0.0020001051747170905,-0.0020001051690221815,0.0038595898327070705,0.0038595898345937588
271.25,0.021448722175387923,0.021448722893867133,-30.085497520920175,-30.085497520703306,-0.0019038430953210081,-0.0019038430896185382,0.0036986690330430717,0.003698669034933124
271.5,0.020992176285775845,0.02099217700568157,-30.08458313527992,-30.084583135062566,-0.0017485318508567173,-0.0017485318451471656,0.0036164014462168894,0.0036164014481103106
271.75,0.020539700796515042,0.020539701517849115,-30.083670286471747,-30.083670286253906,-0.0018712655360676885,-0.0018712655303505712,0.003686400590618161,0.0036864005925149553
272.0,0.020066845301703072,0.020066846024467327,-30.08275179338184,-30.082751793163506,-0.0019115808412076324,-0.001911580835483429,0.003661547929661371,0.003661547931561543
272.25,0.01958189813325343,0.019581898857449695,-30.08186331163767,-30.081863311418847,-0.0019680168766056587,-0.0019680168708738842,0.00344631134458589,0.003446311346489444
272.5,0.01907450807572819,0.01907450880135824,-30.080987708853943,-30.08098770863463,-0.0020910930854459134,-0.002091093079707529,0.0035585225289683337,0.0035585225308752745
272.75,0.018536459572447216,0.018536460299512763,-30.08012342712801,-30.08012342690821,-0.002213314145074721,-0.0022133141393292422,0.0033557428016072147,0.003355742803517546
273.0,0.018005139368199953,0.01800514009670277,-30.079312939211427,-30.07931293899113,-0.0020372690320620106,-0.0020372690263094346,0.003128143933503373,0.0031281439354170996
273.25,0.017502243615316816,0.01750224434525874,-30.078552885698993,-30.078552885478206,-0.0019859136520792016,-0.001985913646319045,0.0029522793241962015,0.0029522793261133277
273.5,0.01699070513965811,0.016990705871040974,-30.077808929846736,-30.077808929625455,-0.0021063897944668232,-0.0021063897886995655,0.0029993788524823885,0.0029993788544029187
273.75,0.016443433994212546,0.016443434727038127,-30.07705397022361,-30.07705397000183,-0.0022717755972983937,-0.002271775591524032,0.003040313725265131,0.0030403137271890696
274.0,0.015895948414308678,0.01589594914857869,-30.076281450105977,-30.0762814498837,-0.0021080997469122794,-0.0021080997411312935,0.003139831784404738,0.0031398317863320885
274.25,0.01536532456056659,0.015365325296282685,-30.075513360164077,-30.075513359941304,-0.002136903890266413,-0.0021369038844788004,0.00300489046651737,0.003004890468448137
274.5,0.014831716532224544,0.01483171726938844,-30.074769788905748,-30.074769788682477,-0.002131966192885409,-0.0021319661870906853,0.0029436791346596123,0.0029436791365938003
274.75,0.01429914048421058,0.014299141222824054,-30.07403097877002,-30.07403097854625,-0.002128640096435923,-0.002128640090634086,0.002966801637648359,0.0029668016395859717
275.0,0.013771040276440556,0.013771041016505448,-30.073318031866055,-30.073318031641787,-0.002096183337680162,-0.002096183331870728,0.002736770534085649,0.0027367705360266913
275.25,0.013262020992534394,0.013262021734052542,-30.07262703448327,-30.0726270342585,-0.001975965883636387,-0.0019759658778198347,0.0027911971941051842,0.0027911971960496605
275.5,0.012778961190829918,0.012778961933803042,-30.071904189599216,-30.071904189373946,-0.0018884937175728676,-0.0018884937117496774,0.002991553631441048,0.002991553633388963
275.75,0.012307496147829812,0.012307496892259693,-30.071123789852454,-30.071123789626682,-0.0018832021804128796,-0.0018832021745820856,0.003251643843825332,0.0032516438457766894
276.0,0.011852127014475643,0.01185212776036418,-30.070329733101065,-30.070329732874793,-0.001759765181059406,-0.0017597651752210056,0.0031007985296302716,0.0031007985315850764
276.25,0.011442246539555256,0.011442247286904291,-30.069561283520073,-30.069561283293297,-0.0015192837772109104,-0.001519283771365383,0.003046775445651429,0.0030467754476096853
276.5,0.01106377161829323,0.011063772367104605,-30.068813156038537,-30.068813155811256,-0.0015085258859035152,-0.001508525880050377,0.0029382433924484697,0.0029382433944101826
276.75,0.010689477800701898,0.010689478550977457,-30.068091833424678,-30.068091833196892,-0.0014858346997804136,-0.0014858346939201437,0.002832335379136601,0.0028323353811017743
277.0,0.010326643248560254,0.01032664400030172,-30.06740181841512,-30.06740181818683,-0.0014168554043378816,-0.001416855398470959,0.0026877781939620513,0.0026877781959306897
277.25,0.009971489389046894,0.00997149014225599,-30.066728033887205,-30.066728033658407,-0.0014243741407325631,-0.0014243741348585039,0.002702498738289955,0.0027024987402620624
277.5,0.009617673070310454,0.009617673824988964,-30.06606354394527,-30.066063543715963,-0.0014061648642491294,-0.001406164858367931,0.0026134190804691973,0.002613419082444778
277.75,0.009263162394399059,0.009263163150548828,-30.06539645961083,-30.065396459381017,-0.0014299102441051815,-0.0014299102382163602,0.0027232578338188436,0.002723257835797902
278.0,0.008919331600774969,0.008919332358397782,-30.06471317852521,-30.064713178294884,-0.001320734300431141,-0.0013207342945356572,0.0027429805580438697,0.0027429805600264106
278.25,0.008586168344556992,0.008586169103654577,-30.064032496688124,-30.06403249645729,-0.0013445756213746076,-0.0013445756154719776,0.0027024763864643008,0.002702476388450328
278.5,0.00826227857488129,0.008262279335455494,-30.06334615509031,-30.063346154858966,-0.0012465345013380302,-0.0012465344954277699,0.002788247152732367,0.0027882471547218853
278.75,0.007950328283351751,0.007950329045404422,-30.062655763103212,-30.062655762871355,-0.0012490729114482085,-0.0012490729055307968,0.002734888983437547,0.002734888985430561
279.0,0.00761873500580528,0.007618735769338201,-30.061953005888085,-30.061953005655717,-0.0014036590035848113,-0.0014036589976602456,0.002887183312091298,0.0028871833140878115
279.25,0.007264810579200322,0.007264811344215344,-30.061232306238765,-30.061232306005884,-0.0014277372924554868,-0.0014277372865232833,0.0028784161526436178,0.002878416154643636
279.5,0.006921257218514028,0.006921257985012999,-30.06051575992759,-30.060515759694194,-0.001320691955228561,-0.0013206919492891988,0.0028539442445274263,0.0028539442465309534
279.75,0.006594929195210301,0.0065949299631950726,-30.05978972019979,-30.05978971996588,-0.0012899228151541002,-0.0012899228092070954,0.0029543706769820867,0.002954370678989127
280.0,0.00628684929776718,0.006286850067239601,-30.059045019124557,-30.059045018890128,-0.0011747118074766543,-0.001174711801522486,0.003003227062797998,0.0030032270648085563
280.25,0.006003638100670358,0.0060036388716322815,-30.05828595001915,-30.058285949784203,-0.0010909715835324828,-0.001090971577570667,0.0030693178854449108,0.0030693178874589915
280.5,0.0057237794741333975,0.005723780246586675,-30.057506867525344,-30.057506867289877,-0.0011478886083830617,-0.0011478886024140773,0.0031633474312337826,0.00316334743325139
280.75,0.005420139924141547,0.0054201406980879715,-30.056734788391687,-30.0567347881557,-0.0012812419868579645,-0.001281241980881809,0.0030132982107140553,0.0030132982127351942
281.0,0.005094531431344757,0.005094532206786181,-30.05598292334711,-30.055982923110605,-0.0013236271080629537,-0.0013236271020791433,0.0030016261420417246,0.0030016261440663993
281.25,0.004741631636714248,0.004741632413652585,-30.05523021853692,-30.055230218299897,-0.0014995695704203718,-0.0014995695644289036,0.00302002892747704,0.003020028929505255
281.5,0.004384394265075807,0.0043843950435128514,-30.05446057550707,-30.054460575269527,-0.0013583184221315921,-0.001358318416133427,0.0031371019941446713,0.003137101996176431
281.75,0.0040764824440182364,0.004076483223955724,-30.05367563827063,-30.053675638032566,-0.0011049756987348163,-0.00110497569272947,0.003142372012126059,0.0031423720141613674
282.0,0.0038024962917297604,0.003802497073169485,-30.052886567209367,-30.052886566970777,-0.001086910940265498,-0.0010869109342529683,0.003170194774884654,0.0031701947769235163
282.25,0.003526833947223099,0.003526834730166796,-30.05207490932129,-30.052074909082176,-0.0011183734466108052,-0.0011183734405915712,0.003323071296090666,0.003323071298133086
282.5,0.003234101688251304,0.00323410247270071,-30.051247363703887,-30.051247363464245,-0.001223487101398019,-0.0012234870953715966,0.0032973035533904616,0.0032973035554364435
282.75,0.002936307879974736,0.0029363086659317085,-30.050412115914963,-30.050412115674796,-0.0011588551752535166,-0.0011588551692194215,0.0033846726645111696,0.003384672666560718
283.0,0.0026533207059169176,0.0026533214933832545,-30.049542501015672,-30.04954250077498,-0.0011050245783976907,-0.0011050245723568837,0.0035722414546776405,0.0035722414567307603
283.25,0.0023910051369357846,0.0023910059259131646,-30.048659511110653,-30.04865951086943,-0.000993507612000831,-0.0009935076059533095,0.003491667271663235,0.00349166727371993
283.5,0.002158437867418399,0.002158438657908561,-30.04780606723631,-30.047806066994557,-0.0008670452698327911,-0.0008670452637780715,0.003335871800207628,0.0033358718022679025
283.75,0.0019238113221673714,0.0019238121141721145,-30.046972025064903,-30.046972024822622,-0.00100996707246453,-0.0010099670664026094,0.0033364790458356897,0.0033364790478995483
284.0,0.0016851475128427777,0.0016851483063639024,-30.046135356599514,-30.046135356356704,-0.0008993415189563002,-0.0008993415128871764,0.0033568582474932255,0.0033568582495606724
284.25,0.0014796669330908588,0.0014796677281302263,-30.04531725740663,-30.04531725716329,-0.0007445190794620507,-0.0007445190733852394,0.003187920698878296,0.003187920700949336
284.5,0.0012876492404566026,0.0012876500370160749,-30.044521548873103,-30.04452154862923,-0.0007916234510447492,-0.0007916234449607298,0.0031777520104259525,0.00317775201250059
284.75,0.0010898035119312629,0.0010898043100127023,-30.043701283893597,-30.04370128364919,-0.0007911229289644287,-0.0007911229228727173,0.0033843677784801333,0.003384367780558373
285.0,0.0008747281428429993,0.0008747289424483291,-30.042854594220746,-30.042854593975807,-0.0009294796060910551,-0.0009294795999916488,0.003389162648724428,0.003389162650806274
285.25,0.0006176005437729138,0.0006176013449039978,-30.042006082345708,-30.042006082100237,-0.0011275403047568049,-0.001127540298650182,0.003398951024894865,0.003398951026980322
285.5,0.0003406633595498972,0.00034066416220853964,-30.041159496094224,-30.041159495848216,-0.0010879595906942846,-0.0010879595845804432,0.0033737352553472586,0.003373735257436331
285.75,6.054120464147243e-05,6.054200882953837e-05,-30.04032315180417,-30.040323151557626,-0.0011530230400484483,-0.001153023033926904,0.0033170251993454797,0.0033170252014381725
286.0,-0.00022626441667047867,-0.00022626361095106316,-30.0395111079454,-30.039511107698317,-0.00114143495882721,-0.0011414349526979607,0.0031793245783375322,0.00317932458043385
286.25,-0.0005236570879390869,-0.0005236562806865152,-30.0386974724069,-30.038697472159274,-0.001237692274939584,-0.0012376922688035897,0.0033297688049457714,0.0033297688070457188
286.5,-0.0008227168547745758,-0.0008227160459872218,-30.037866036456414,-30.03786603620825,-0.001154786667290081,-0.001154786661147821,0.0033217109826116273,0.003321710984715208
286.75,-0.0011165149160160261,-0.0011165141056922623,-30.037020390760762,-30.03702039051206,-0.001195586391232666,-0.0011955863850836566,0.0034434584292809506,0.003443458431388169
287.0,-0.0014082058537895703,-0.0014082050419277695,-30.036134309075848,-30.036134308826604,-0.0011379221382985922,-0.0011379221321433121,0.003645189613466189,0.003645189615577049
287.25,-0.0016931280293905645,-0.0016931272159892187,-30.03521626763536,-30.03521626738557,-0.0011414502254133714,-0.0011414502192522997,0.0036991422431370494,0.0036991422452515546
287.5,-0.0020218259643374177,-0.0020218251493950776,-30.034295172173195,-30.034295171922864,-0.0014881360869080968,-0.0014881360807412305,0.003669654139981156,0.0036696541420993102
287.75,-0.0024114301413755003,-0.0024114293248906566,-30.03335619057441,-30.033356190323534,-0.0016286811228920163,-0.0016286811167188714,0.003842211901019432,0.003842211903141239
288.0,-0.0028386439050118065,-0.002838643086982829,-30.032407666992924,-30.032407666741506,-0.001789038126230731,-0.0017890381200508232,0.003745991869462187,0.0037459918715876507
288.25,-0.0032678260717767913,-0.003267825252201989,-30.03150084402982,-30.031500843777856,-0.0016444416600505823,-0.0016444416538639094,0.0035085782027879796,0.0035085782049171046
288.5,-0.0036757106292026297,-0.0036757098080804317,-30.03063301666134,-30.030633016408828,-0.001618641892279954,-0.0016186418860874767,0.0034340383127063135,0.003434038314839103
288.75,-0.0040850934882041105,-0.004085092665533004,-30.029780936654685,-30.029780936401625,-0.001656425894365944,-0.001656425888167178,0.00338260530289972,0.003382605305036178
289.0,-0.0044963406015426305,-0.004496339777321042,-30.028961152070504,-30.028961151816898,-0.0016335705881908873,-0.0016335705819858302,0.003175669215789264,0.0031756692179293945
289.25,-0.004936302213952519,-0.004936301388178816,-30.028148246950146,-30.028148246695988,-0.001886108057782457,-0.0018861080515706241,0.003327595556523569,0.003327595558667376
289.5,-0.0054080409740399175,-0.005408040146712465,-30.027336727302917,-30.02733672704821,-0.0018878174693095593,-0.0018878174630914302,0.003164561782537795,0.0031645617846852827
289.75,-0.0058666474651812356,-0.00586664663629846,-30.02653925480378,-30.02653925454852,-0.001781029758231114,-0.0017810297520066858,0.003215208142606589,0.003215208144757761
290.0,-0.0063219837423509374,-0.006321982911911323,-30.025736539838046,-30.025736539582237,-0.001861661351180031,-0.0018616613449497828,0.003206519185301309,0.0032065191874561696
290.25,-0.006784218453689173,-0.006784217621691204,-30.02494858896908,-30.024948588712718,-0.0018362267309643386,-0.0018362267247277865,0.0030970853684799656,0.003097085370638518
290.5,-0.007255047581326664,-0.007255046747768825,-30.024178842653246,-30.024178842396328,-0.0019304097776069412,-0.0019304097713645641,0.0030608940378872803,0.003060894040049528
290.75,-0.007737183462507214,-0.007737182627388049,-30.02342255960491,-30.023422559347438,-0.0019266840923053321,-0.0019266840860571275,0.0029893699976017247,0.002989369999767672
291.0,-0.008229260493358453,-0.008229259656676442,-30.022660846191993,-30.022660845933967,-0.002009921393315384,-0.0020099213870608664,0.003104345153448406,0.0031043451556180563
291.25,-0.00871015907490044,-0.008710158236653942,-30.021889180050024,-30.02188917979144,-0.0018372706713697079,-0.001837270665108394,0.0030689677047577827,0.00306896770693114
291.5,-0.009159001405245561,-0.009159000565432998,-30.0211448996301,-30.02114489937096,-0.0017534853625391052,-0.0017534853562719557,0.0028852677553662318,0.0028852677575433006
291.75,-0.00960226186910098,-0.009602261027720771,-30.020432914851952,-30.02043291459225,-0.0017926054576084135,-0.0017926054513344627,0.0028106141581634467,0.0028106141603442304
292.0,-0.010066383113740689,-0.010066382270791074,-30.01975892592408,-30.019758925663815,-0.0019203861927566141,-0.0019203861864753777,0.002581309312118003,0.002581309314302506
292.25,-0.0105626948544171,-0.010562694009896317,-30.019114685320556,-30.01911468505973,-0.002050108630567217,-0.002050108624279173,0.00257262774644183,0.0025726277486300565
292.5,-0.011071264571920118,-0.011071263725826586,-30.01844434172072,-30.018444341459332,-0.002018428685720019,-0.0020184286794261283,0.00279011806550404,0.0027901180676959945
292.75,-0.011600987766661752,-0.011600986918993948,-30.017717639352547,-30.0177176390906,-0.0022193349517216146,-0.0022193349454213925,0.003023519821489395,0.003023519823685081
293.0,-0.012147368548084824,-0.012147367698841106,-30.016969707433496,-30.016969707170983,-0.0021517173824469557,-0.0021517173761399183,0.002959929155950641,0.002959929158150063
293.25,-0.012700361734859082,-0.012700360884037745,-30.01623642399118,-30.016236423728103,-0.002272233251722436,-0.002272233245408581,0.002906349744932089,0.0029063497471352507
293.5,-0.013278334585190312,-0.013278333732789652,-30.01553094253667,-30.015530942273028,-0.0023515655617669705,-0.0023515655554462948,0.0027375093706937317,0.002737509372900638
293.75,-0.013878553919430181,-0.013878553065448551,-30.014838055711454,-30.014838055447242,-0.0024501827890803557,-0.0024501827827533387,0.0028055945287926627,0.002805594531003317
294.0,-0.014470146626836586,-0.014470145771272341,-30.014149822152785,-30.014149821888005,-0.0022825688959988207,-0.0022825688896649775,0.002700258137896119,0.002700258140110526
294.25,-0.01507772848105976,-0.015077727623911253,-30.013480969305977,-30.01348096904063,-0.0025780907175034077,-0.0025780907111632176,0.0026505924985708662,0.0026505925007890294
294.5,-0.01576133718221173,-0.015761336323477426,-30.012857765318845,-30.012857765052928,-0.002890808748830883,-0.0028908087424848244,0.0023350688817610353,0.002335068883982959
294.75,-0.016468458953300694,-0.01646845809297907,-30.01227626352309,-30.012276263256606,-0.002766167242811729,-0.002766167236459318,0.002316933733043959,0.0023169337352696466
295.0,-0.01715583500758925,-0.017155834145678714,-30.011734973428702,-30.011734973161644,-0.0027328699203246153,-0.00273286991396585,0.0020133838828503238,0.0020133838850797795
295.25,-0.01785312975119274,-0.017853128887691704,-30.011223121615267,-30.011223121347637,-0.002845481723584389,-0.002845481717219266,0.002081441241796112,0.00208144124402934
295.5,-0.01858051753039698,-0.018580516665303855,-30.01069665407966,-30.010696653811458,-0.0029736160189514768,-0.002973616012579994,0.00213031112368721,0.002130311125924214
295.75,-0.019334728126652278,-0.01933472725996541,-30.010160987742925,-30.010160987474148,-0.003060066541469519,-0.003060066535091192,0.002155027720862455,0.002155027723103239
296.0,-0.020110784368728908,-0.020110783500446587,-30.009627225169517,-30.009627224900168,-0.0031483872854926797,-0.0031483872791075057,0.002115081193373445,0.002115081195618013
296.25,-0.020895238300259706,-0.02089523743038034,-30.009122486166373,-30.009122485896444,-0.0031272624179241783,-0.003127262411533118,0.0019228288401863616,0.0019228288424347172
296.5,-0.021684050225563002,-0.02168404935408506,-30.0086431244314,-30.008643124160898,-0.0031832341250310017,-0.003183234118633571,0.0019120703166879182,0.0019120703189400648
296.75,-0.022495692568268232,-0.02249569169519,-30.008172961250054,-30.00817296097897,-0.00330991066948277,-0.0033099106630780028,0.0018492470772959718,0.0018492470795519137
297.0,-0.023330205805305378,-0.023330204930625084,-30.007712925411198,-30.007712925139536,-0.0033661970764433647,-0.00336619707003174,0.0018310449403265566,0.001831044942586298
297.25,-0.02416839968387308,-0.024168398807589128,-30.007268335366398,-30.007268335094157,-0.0033393640207440485,-0.003339364014326527,0.0017256728883072246,0.0017256728905707698
297.5,-0.024994591688608053,-0.024994590810718906,-30.006872539143426,-30.006872538870606,-0.0032701990176351274,-0.0032701990112112248,0.0014406903746067314,0.0014406903768740846
297.75,-0.025818506831522044,-0.02581850595202605,-30.00657379879719,-30.006573798523792,-0.003321168591980195,-0.0033211685855494273,0.0009492372007558127,0.0009492372030269782
298.0,-0.026655869178525835,-0.026655868297421337,-30.00636534399723,-30.00636534372325,-0.0033777520808705268,-0.0033777520744333726,0.0007184065337170127,0.0007184065359919937
298.25,-0.027496928993756768,-0.02749692811104217,-30.006198155743682,-30.006198155469118,-0.0033507359385084277,-0.0033507359320648846,0.0006190969476263884,0.0006190969499051888
298.5,-0.02833126405023443,-0.02833126316590807,-30.00603217901802,-30.006032178742874,-0.0033239361976289254,-0.0033239361911785088,0.0007087143310194477,0.0007087143333020715
298.75,-0.0291662412622945,-0.029166240376354725,-30.005859275399324,-30.005859275123594,-0.0033558848565309516,-0.0033558848500741404,0.0006745176307440405,0.0006745176330304919
299.0,-0.02998827299214046,-0.029988272104585666,-30.00568188255941,-30.005681882283096,-0.003220362505195518,-0.003220362498732309,0.0007446123114913147,0.0007446123137815977
299.25,-0.030836469589351087,-0.03083646870017974,-30.005513667165616,-30.005513666888714,-0.0035652239345330297,-0.003565223928063902,0.0006011433526465639,0.0006011433549406825
299.5,-0.031760429528731364,-0.03176042863794191,-30.005360276721145,-30.005360276443653,-0.0038264533843876242,-0.003826453377912093,0.0006260048320424982,0.000626004834340456
299.75,-0.032733083426542374,-0.032733082534133144,-30.005205219086257,-30.005205218808175,-0.0039547790413902335,-0.003954779034907814,0.0006144683457341594,0.0006144683480359606
300.0,-0.03372758933285518,-0.03372758843882452,-30.005072342806642,-30.00507234252797,-0.004001284011456773,-0.004001284004967944,0.00044854627576357026,0.000448546278069219
