time_s,x_m,y_m,vx_mps,vy_mps,sampled_inside_union,sampled_collision,sampled_keep_out,sampled_hold_eligible
0.0,0.0,-97.5,0.0,0.12,True,False,False,False
0.25,4.101412594354731e-06,-97.46939893336881,3.3268353553897456e-05,0.12480852991298055,True,False,False,False
0.5,-5.490929000534742e-07,-97.43758233575329,-7.000354705787026e-05,0.12972426074513543,True,False,False,False
0.75,-3.810274945851978e-05,-97.40453484706717,-0.0002299666201127648,0.1346556638390561,True,False,False,False
1.0,-8.625581138626562e-05,-97.37024193097558,-0.0001547802483063826,0.13968765780143755,True,False,False,False
1.25,-0.000146024224318415,-97.33468705919938,-0.00032288558489566854,0.14475133225218836,True,False,False,False
1.5,-0.00022797628499142105,-97.2978766489367,-0.0003322617762311353,0.14973195073285864,True,False,False,False
1.75,-0.0003403839495513485,-97.2597980657513,-0.0005665173411346508,0.1548967368334555,True,False,False,False
2.0,-0.0004895429968827067,-97.22042320427599,-0.0006262692902344741,0.1601021606109025,True,False,False,False
2.25,-0.0006483160214023091,-97.17976150033982,-0.0006434406288953337,0.16519147249095306,True,False,False,False
2.5,-0.0008107009853954716,-97.13786402294961,-0.000655183546537097,0.1699883477204241,True,False,False,False
2.75,-0.0009696621743677065,-97.09473456821294,-0.0006160222051156128,0.17504728644232848,True,False,False,False
3.0,-0.0011454417809814202,-97.05034309098484,-0.0007897401338975429,0.1800845477327186,True,False,False,False
3.25,-0.001358824708115585,-97.00471783621782,-0.0009168710790636442,0.18491750238137167,True,False,False,False
3.5,-0.0016035585518512003,-96.95788815833646,-0.0010405482415821593,0.18971993231869652,True,False,False,False
3.75,-0.0018870116577777813,-96.90982773856652,-0.0012266082396757555,0.19476344342266239,True,False,False,False
4.0,-0.0022024970704487682,-96.86051916894726,-0.001296810920994762,0.19970512011744992,True,False,False,False
4.25,-0.002515358550540168,-96.80996048153878,-0.0012056064553779972,0.20476437054063587,True,False,False,False
4.5,-0.00285665854522036,-96.75815639680062,-0.0015243343057801534,0.2096683374409206,True,False,False,False
4.75,-0.0032236326867027365,-96.70510475854228,-0.00141098283203539,0.2147447579885694,True,False,False,False
5.0,-0.003562782103349428,-96.65077718835964,-0.0013017372802016508,0.21987579315183914,True,False,False,False
5.25,-0.0038729262727480195,-96.59519097318766,-0.0011789491176091987,0.2248139166351112,True,False,False,False
5.5,-0.0041689216026190145,-96.53834996005932,-0.0011885246803483712,0.22991418921454246,True,False,False,False
5.75,-0.004496511839790226,-96.48023888993391,-0.0014317181534442835,0.23497439465756972,True,False,False,False
6.0,-0.004844076108114269,-96.42085811539833,-0.0013483058168154427,0.24007179369659365,True,False,False,False
6.25,-0.005183739605578104,-96.3602100383968,-0.0013685239936941929,0.24511282426531103,True,False,False,False
6.5,-0.005543938432600549,-96.29828706125933,-0.001512583315594354,0.2502710064328641,True,False,False,False
6.75,-0.00593947545936557,-96.235058027337,-0.0016512097321732117,0.25556127802939094,True,False,False,False
7.0,-0.006362318291510747,-96.17057377895974,-0.0017310777961906387,0.2603127164218283,True,False,False,False
7.25,-0.006800748312094093,-96.10486873659251,-0.0017758928480832437,0.26532762675904525,True,False,False,False
7.5,-0.00726415427155606,-96.0379063425517,-0.001930880431072618,0.27037154014331716,True,False,False,False
7.75,-0.007738448776213958,-95.96967839331693,-0.0018629948746412273,0.27545204730262934,True,False,False,False
8.0,-0.008213978818479862,-95.90020192488662,-0.0019407839208183952,0.28035970748703337,True,False,False,False
8.25,-0.008694095748624684,-95.82947482623496,-0.0018996709537204282,0.2854570778030356,True,False,False,False
8.5,-0.009169393475575981,-95.75748858937929,-0.001902249582342308,0.29043281731671894,True,False,False,False
8.75,-0.009647489696539618,-95.68423825210179,-0.0019220320926274514,0.2955698828075801,True,False,False,False
9.0,-0.01011434980739775,-95.60973542112198,-0.0018123953185387176,0.30045275481051853,True,False,False,False
9.25,-0.010563707986350604,-95.53398131497917,-0.0017819871376556634,0.305580091414739,True,False,False,False
9.5,-0.011015429476798663,-95.45697706464671,-0.0018313270932997228,0.31045391581622916,True,False,False,False
9.75,-0.011460127576306304,-95.37875252711476,-0.0017257894656385608,0.31534237431728807,True,False,False,False
10.0,-0.011906328122764147,-95.29928833660023,-0.0018433407945443736,0.3203711608586661,True,False,False,False
10.25,-0.012381486155260244,-95.21857340774483,-0.001957453235919615,0.32534828074700595,True,False,False,False
10.5,-0.012867697599673902,-95.13660045899859,-0.0019317485902074771,0.33043530660467013,True,False,False,False
10.75,-0.013354836360248937,-95.05335447445388,-0.001964881354986042,0.33553257297507616,True,False,False,False
11.0,-0.013831799021873387,-94.96886347403915,-0.0018503590078221693,0.3403954193636178,True,False,False,False
11.25,-0.014278142730859037,-94.88315802294824,-0.0017199342463012357,0.3452481769346944,True,False,False,False
11.5,-0.014715625544712672,-94.79621680496453,-0.0017794496791994768,0.35028157258176795,True,False,False,False
11.75,-0.015130482341571255,-94.70802615383492,-0.0015389277351409159,0.3552436136417562,True,False,False,False
12.0,-0.015518460669532337,-94.61856684821669,-0.0015644102405122096,0.36043083371283885,True,False,False,False
12.25,-0.015917240547485032,-94.52784827662487,-0.001625364619634237,0.3653177447277826,True,False,False,False
12.5,-0.016327301681551748,-94.43593273791791,-0.0016546832029903646,0.37000656780951896,True,False,False,False
12.75,-0.016747591863057278,-94.34280818912414,-0.0017071719279024983,0.37498982751243726,True,False,False,False
13.0,-0.017179415305676023,-94.24844710698834,-0.0017469622340311325,0.3798988333729083,True,False,False,False
13.25,-0.01761340858035659,-94.15284317782496,-0.0017245064745519956,0.3849325976845765,True,False,False,False
13.5,-0.01802093851089893,-94.05598463011205,-0.0015352584172268063,0.38993576611031144,True,False,False,False
13.75,-0.01840588895939428,-93.95788199365006,-0.0015438826825062146,0.39488532651301406,True,False,False,False
14.0,-0.01876860441368465,-93.85853522769466,-0.0013573795673733902,0.39988878374683956,True,False,False,False
14.25,-0.01910794814916054,-93.75793573012355,-0.001356894862720559,0.4049071967495214,True,False,False,False
14.5,-0.01944143836309851,-93.65609382363978,-0.0013105619661126916,0.40982805073546824,True,False,False,False
14.75,-0.01975434234288378,-93.55300240499813,-0.001192196449992064,0.4149032871967134,True,False,False,False
15.0,-0.02006913834378512,-93.44865503670427,-0.0013257040883818405,0.4198756718120177,True,False,False,False
15.25,-0.020393820860072985,-93.34308376154935,-0.0012713001352190612,0.4246945242463874,True,False,False,False
15.5,-0.020733671981680014,-93.23631429756878,-0.0014470549792716253,0.42946120410483646,True,False,False,False
15.75,-0.02109945551006781,-93.12831338478564,-0.0014787310779268703,0.43454610114509845,True,False,False,False
16.0,-0.02145952006654106,-93.0190703321509,-0.0014013273147256144,0.4393983127952118,True,False,False,False
16.25,-0.021802855984481586,-92.90860503606919,-0.0013449041608957352,0.4443240507381941,True,False,False,False
16.5,-0.022137530332978855,-92.79690311571078,-0.0013320218383971183,0.44929131084777446,True,False,False,False
16.75,-0.02247370063237485,-92.68393935161077,-0.0013568657832584846,0.4544188045150764,True,False,False,False
17.0,-0.02280984807993318,-92.56969110729294,-0.0013318339661461953,0.4595671479100423,True,False,False,False
17.25,-0.023117107325359,-92.45415860432067,-0.0011257585266870596,0.46469285645891895,True,False,False,False
17.5,-0.023388627138970285,-92.33735378930028,-0.0010459220767171373,0.4697456560451495,True,False,False,False
17.75,-0.02366485090858871,-92.21929290435439,-0.0011634004063562353,0.47474143474358566,True,False,False,False
18.0,-0.02391887781843454,-92.09999616965513,-0.0008683456539118201,0.47963241464019407,True,False,False,False
18.25,-0.024128636215136695,-91.97945666108588,-0.0008092589637757053,0.484683648552196,True,False,False,False
18.5,-0.02430731257839016,-91.85764483952296,-0.000619668462226941,0.48981090585358483,True,False,False,False
18.75,-0.02445689633217133,-91.73458971480666,-0.0005765416908506266,0.49463008745915754,True,False,False,False
19.0,-0.02459048573152658,-91.61029434138229,-0.0004916877904223016,0.49973289150799666,True,False,False,False
19.25,-0.02470986629616266,-91.48478263755621,-0.0004629273613911966,0.5043607363805285,True,False,False,False
19.5,-0.024803734818643695,-91.35807486522815,-0.0002875494521962646,0.5093014255489596,True,False,False,False
19.75,-0.024875019020241505,-91.23013439674507,-0.0002822630660351405,0.5142223220227411,True,False,False,False
20.0,-0.02494285721676821,-91.10094629426044,-0.00025996830557314943,0.5192824956960992,True,False,False,False
20.25,-0.02500880955119939,-90.9704932266378,-0.00026717373972910685,0.5243420458648985,True,False,False,False
20.5,-0.02505309835987271,-90.83880319594024,-8.66827608983628e-05,0.529178182731851,True,False,False,False
20.75,-0.02506475283006004,-90.70587397989787,-6.077874535104222e-06,0.5342555380371249,True,False,False,False
21.0,-0.02506675854082933,-90.57170171383972,-9.506957795030191e-06,0.5391225908902004,True,False,False,False
21.25,-0.025083058889209607,-90.43628350810872,-0.00012041864576925465,0.5442230656986848,True,False,False,False
21.5,-0.025081448307091168,-90.29959357959959,0.00013377728154068125,0.5492963387693728,True,False,False,False
21.75,-0.02504443066551151,-90.16164750125971,0.0001628336591177615,0.5542722851422108,True,False,False,False
22.0,-0.024992788664198285,-90.02244709154427,0.0002507849247331967,0.5593309839784233,True,False,False,False
22.25,-0.024893233148186075,-89.88201841676553,0.0005461052337341621,0.5640983861876097,True,False,False,False
22.5,-0.024739238457571772,-89.74036413009857,0.0006863314216598304,0.5691358936567028,True,False,False,False
22.75,-0.024558823789386054,-89.59746936789394,0.0007574462560812206,0.5740221974481324,True,False,False,False
23.0,-0.024322467626947487,-89.4533282585764,0.0011338829048961746,0.5791066416311625,True,False,False,False
23.25,-0.02402199265992222,-89.30794783003614,0.0012703710687385211,0.5839367739754182,True,False,False,False
23.5,-0.023699415975465488,-89.16131358233608,0.0013107285640729799,0.5891372038301512,True,False,False,False
23.75,-0.02335819902843302,-89.01339061182254,0.0014194920397473249,0.5942465497262915,True,False,False,False
24.0,-0.022991830519630243,-88.86420034247213,0.001511922514817285,0.5992755964358398,True,False,False,False
24.25,-0.022615264356480865,-88.71376336965973,0.0015010700226492646,0.6042201873855761,True,False,False,False
24.5,-0.02224207198427677,-88.56207940856541,0.0014849399401912905,0.6092515030986879,True,False,False,False
24.75,-0.021851400798446947,-88.40913462938822,0.0016409024671806133,0.6143067156012683,True,False,False,False
25.0,-0.021417936602961193,-88.2549216829942,0.0018272745450098743,0.6193968384649011,True,False,False,False
25.25,-0.020921569900377596,-88.09944890350597,0.0021441293020700303,0.6243853675201313,True,False,False,False
25.5,-0.020380279610502077,-87.94271844798104,0.00218666760082932,0.6294582729654928,True,False,False,False
25.75,-0.01980222734022615,-87.7847450375089,0.002438213797654451,0.6343289872269819,True,False,False,False
26.0,-0.019148841016412337,-87.625521975434,0.002789358434757125,0.6394554763138788,True,False,False,False
26.25,-0.018415006948161547,-87.46502429004336,0.003081792450064194,0.6445259792035907,True,False,False,False
26.5,-0.017628624064496987,-87.30327813582251,0.003209739206675888,0.6494432422244447,True,False,False,False
26.75,-0.016830419553146236,-87.14028218743574,0.0031763727212943127,0.6545243477458805,True,False,False,False
27.0,-0.01604333296252594,-86.97601937523896,0.0031207872955971577,0.6595781553344836,True,False,False,False
27.25,-0.01526872412196236,-86.81050528436803,0.003076548422636702,0.6645345757489626,True,False,False,False
27.5,-0.014473325161975447,-86.64375489427051,0.0032871090197128944,0.6694685252732436,True,False,False,False
27.75,-0.013636033745581146,-86.47574586760926,0.0034117057079662144,0.6746036762461818,True,False,False,False
28.0,-0.012759919590979045,-86.30644770527364,0.003597694149561473,0.6797816049175438,True,False,False,False
28.25,-0.011814110141724066,-86.1358561166868,0.003969264470492298,0.6849510686356246,True,False,False,False
28.5,-0.010799204360775099,-85.96399700329589,0.004150456459437221,0.6899218211260071,True,False,False,False
28.75,-0.00972750931646925,-85.79089599044403,0.004423571606126511,0.694886256127214,True,False,False,False
29.0,-0.008580839923275772,-85.61654072564495,0.0047502608691632475,0.6999558312671861,True,False,False,False
29.25,-0.007369830073058287,-85.44093565851028,0.004938288867512422,0.7048846880101863,True,False,False,False
29.5,-0.006102664283974153,-85.26409455040482,0.00519951143192833,0.709844151695258,True,False,False,False
29.75,-0.004800329774260337,-85.08601967641349,0.005219632757319334,0.7147548381886178,True,False,False,False
30.0,-0.003466277877690744,-84.90669191018273,0.005453263185552476,0.7198672695996544,True,False,False,False
30.25,-0.002073670386375374,-84.72611087732673,0.005688064224026387,0.7247809708630589,True,False,False,False
30.5,-0.0006173353637799842,-84.54432370611542,0.005963060546695043,0.7295163729905055,True,False,False,False
30.75,0.000891712838974842,-84.36132368895717,0.006109791377584078,0.7344837506465837,True,False,False,False
31.0,0.0024415436861754325,-84.17706185665283,0.006289336867060902,0.7396108907034533,True,False,False,False
31.25,0.00401515342351874,-83.99152462058488,0.0063000220615505725,0.7446869968872236,True,False,False,False
31.5,0.005595767288785275,-83.80474421323242,0.006345350142194103,0.7495562572156287,True,False,False,False
31.75,0.007179391194661678,-83.61675737464519,0.006324093204880338,0.7543384535396883,True,False,False,False
32.0,0.008745911020539366,-83.42755004325993,0.006208534014969555,0.759320208593555,True,False,False,False
32.25,0.010312634170379774,-83.23709206882096,0.006325719743145511,0.76434357599675,True,False,False,False
32.5,0.011908071802678078,-83.04540253888449,0.006438239594355605,0.7691726528837121,True,False,False,False
32.75,0.013512487732260188,-82.8524661906383,0.006397570111393774,0.7743181368633784,True,False,False,False
33.0,0.015163295065349382,-82.65822019983631,0.006809390436099766,0.7796497507384922,True,False,False,False
33.25,0.01692511133110614,-82.46269923682898,0.00728559088658047,0.7845179086163817,True,False,False,False
33.5,0.01880314080510903,-82.26595457567427,0.007739112354400321,0.7894393378161987,True,False,False,False
33.75,0.020772548236876364,-82.0680006076258,0.008016603234247938,0.7941923800695982,True,False,False,False
34.0,0.02281731365438888,-81.86882755656639,0.008341994266000699,0.7991919976360998,True,False,False,False
34.25,0.024928648818274907,-81.66839780582963,0.008549173517084188,0.8042459890350444,True,False,False,False
34.5,0.027088676200926514,-81.46669983332141,0.008731536508643264,0.8093377733092257,True,False,False,False
34.75,0.029298858171388026,-81.2637506482893,0.008950378820759941,0.8142556864508922,True,False,False,False
35.0,0.03156499598013703,-81.05956112487954,0.009179191255577007,0.8192604793147084,True,False,False,False
35.25,0.03386132298625814,-80.85412888981112,0.009191888827185177,0.8241973996966295,True,False,False,False
35.5,0.036144303439047176,-80.64746995520274,0.009072416503345115,0.8290740882383361,True,False,False,False
35.75,0.03842709449529163,-80.43959230966165,0.009190369822161107,0.8339470655195128,True,False,False,False
36.0,0.04072259776447195,-80.23048685747098,0.009174127079569758,0.8388965532852228,True,False,False,False
36.25,0.0430777421142341,-80.02016194492775,0.009667476478686987,0.8437027004985342,True,False,False,False
36.5,0.04549726510139517,-79.80861583720169,0.009689170024171898,0.8486661588619308,True,False,False,False
36.75,0.047923975768253566,-79.59580234812107,0.009724997327216767,0.8538417508302537,True,False,False,False
37.0,0.050401872338656936,-79.38170952529771,0.010098661724688485,0.858900796428762,True,False,False,False
37.25,0.05294515281056781,-79.16634226167933,0.010248068888791859,0.8640372981401815,True,False,False,False
37.5,0.055532822774310694,-78.9497092561076,0.010453768305036623,0.8690267265964723,True,False,False,False
37.75,0.05818697788996003,-78.73182269579652,0.010779947737502266,0.87406572502231,True,False,False,False
38.0,0.06088423222326215,-78.51267848769488,0.010798571652387429,0.8790879374027236,True,False,False,False
38.25,0.06360486671226852,-78.29228825710237,0.010966965698219963,0.8840338915665658,True,False,False,False
38.5,0.06635568118943606,-78.07062186649725,0.011040055202040835,0.8892972265686993,True,False,False,False
38.75,0.0691347534137506,-77.84767901703671,0.011192990726022228,0.8942455546902043,True,False,False,False
39.0,0.07195683575993973,-77.6234697857537,0.011384153309657669,0.8994282772574075,True,False,False,False
39.25,0.07482574209900854,-77.39798098480323,0.011567579074097084,0.9044821124533197,True,False,False,False
39.5,0.0777272636890699,-77.17124740568538,0.011645051766897632,0.9093865132639453,True,False,False,False
39.75,0.08062542046923611,-76.94326502054157,0.011540683128065388,0.9144725773387145,True,False,False,False
40.0,0.08354956631823245,-76.71402440621466,0.011852959298661328,0.9194523075849108,True,False,False,False
40.25,0.08656273847289579,-76.48353138676777,0.012252902741395053,0.9244918098549565,True,False,False,False
40.5,0.08966144162244255,-76.25180661261814,0.012537176370065503,0.9293063563357361,True,False,False,False
40.75,0.09281736963718924,-76.01886113228109,0.012710720597022315,0.9342574693823628,True,False,False,False
41.0,0.09602341244894234,-75.78467352466235,0.01293808358527214,0.9392433700305169,True,False,False,False
41.25,0.09928093503140206,-75.54922435443287,0.013122578040341101,0.9443499743342169,True,False,False,False
41.5,0.10255164793341215,-75.3125004234583,0.013043602231465348,0.9494414804280406,True,False,False,False
41.75,0.10583698157514086,-75.07452095010876,0.013239539387223082,0.9543942870200224,True,False,False,False
42.0,0.10915480500389842,-74.83528205173432,0.013303537606335791,0.9595168933063543,True,False,False,False
42.25,0.1124790945178088,-74.59477197807637,0.01329124871787217,0.9645636970294927,True,False,False,False
42.5,0.11580765288941232,-74.35300540437909,0.013337699772263567,0.9695688879684357,True,False,False,False
42.75,0.11916840068768693,-74.10999313575272,0.013548751328341643,0.9745292410813741,True,False,False,False
43.0,0.12257216177786245,-73.86573577362367,0.013681816102288968,0.9795296429062746,True,False,False,False
43.25,0.12602161604137416,-73.62026076578418,0.01391427096032706,0.9842703982311023,True,False,False,False
43.5,0.12953224117601655,-73.37357072033741,0.014171200215515864,0.9892499411966892,True,False,False,False
43.75,0.1330898742286706,-73.12565407443553,0.014290329030415924,0.9940832145782001,True,False,False,False
44.0,0.136684926210427,-72.87655694894212,0.014470521983582993,0.9986937720847378,True,False,False,False
44.25,0.14031554890095813,-72.62627131208069,0.01457492511591657,1.0035913132278453,True,False,False,False
44.5,0.14396217574396386,-72.3747423371422,0.014598567586262198,1.0086404842055956,True,False,False,False
44.75,0.1476057775628027,-72.12194215811819,0.014550731019777871,1.0137609527317042,True,False,False,False
45.0,0.1512658554032964,-71.86788669714677,0.014730347856668935,1.018682718632894,True,False,False,False
45.25,0.1549377318844282,-71.61261311937304,0.01464511950498383,1.0235059116358576,True,False,False,False
45.5,0.1586174817090192,-71.35610745935271,0.014793354100587658,1.0285393543611576,True,False,False,False
45.75,0.16229719514311816,-71.09833960773673,0.014644838738612082,1.033603472137446,True,False,False,False
46.0,0.16596979189166552,-70.83931962280039,0.014736408287303202,1.0385563986487116,True,False,False,False
46.25,0.1696257359850653,-70.57906764927709,0.014511605189179641,1.0434594105500532,True,False,False,False
46.5,0.17322827187394055,-70.31759544142798,0.014309141850039134,1.0483182711341665,True,False,False,False
46.75,0.17678875397358676,-70.05492197408948,0.014175164815067753,1.0530694804011576,True,False,False,False
47.0,0.18032182774017014,-69.79103762301531,0.01408989301704655,1.0580053361869104,True,False,False,False
47.25,0.18383986751507195,-69.5259013138262,0.014054910638598248,1.063085139561474,True,False,False,False
47.5,0.18732206758014322,-69.25952797459651,0.013803141129618071,1.0679015977793982,True,False,False,False
47.75,0.19072477351299,-68.99194112766088,0.013418968417720861,1.0727932136727203,True,False,False,False
48.0,0.19405360572116298,-68.72311529301865,0.013212157063662133,1.0778134835555493,True,False,False,False
48.25,0.19730251245552896,-68.45302288077046,0.012779574383578574,1.0829258561729826,True,False,False,False
48.5,0.20047792521732682,-68.18165817898156,0.012624205713352793,1.0879917726828134,True,False,False,False
48.75,0.20362750026886184,-67.90903290757586,0.012572864894717983,1.0930104037654595,True,False,False,False
49.0,0.2067313356290009,-67.6351540222838,0.012258290687559376,1.0980207085502582,True,False,False,False
49.25,0.20973138044805312,-67.36005369065003,0.011742520747478835,1.1027819931824732,True,False,False,False
49.5,0.21263337105384789,-67.0837658002624,0.011473854956168358,1.1075211551018205,True,False,False,False
49.75,0.21544962011263308,-66.80627805095897,0.011056589744906281,1.1123808787813863,True,False,False,False
50.0,0.21810928344627187,-66.52758263641066,0.010221180493698648,1.1171825155935637,True,False,False,False
50.25,0.22059731302946087,-66.24777125122273,0.009683450893630569,1.1213086162285897,True,False,False,False
50.5,0.2229479841938207,-65.966903777775,0.00912232812595569,1.1256312235116541,True,False,False,False
50.75,0.22515260528411837,-65.68500419982531,0.008515012997064544,1.129565457269283,True,False,False,False
51.0,0.22719941598246263,-65.40207577517572,0.007859881696189591,1.1338620015377958,True,False,False,False
51.25,0.229093175005399,-65.11821331431587,0.0072904859077813355,1.1370377395127937,True,False,False,False
51.5,0.23087724344292299,-64.83357623336549,0.0069823395138240985,1.140058937257938,True,False,False,False
51.75,0.23257531943772064,-64.54817728811342,0.006602561536796447,1.1431326600419855,True,False,False,False
52.0,0.23416703650806805,-64.26199320382298,0.006131477513181979,1.1463400587885408,True,False,False,False
52.25,0.23563850803635042,-63.97517910766462,0.0056404694838171066,1.1481727564410227,True,False,False,False
52.5,0.2370081699481299,-63.687891819864284,0.005317016208000874,1.1501255761832039,True,False,False,False
52.75,0.23830584854394107,-63.40013953277635,0.005064584048093845,1.1518927438046065,True,False,False,False
53.0,0.2395263759381493,-63.11192784850594,0.004699808479837045,1.153800765672797,True,False,False,False
53.25,0.24067735977969615,-62.82333889053544,0.004508166765890831,1.154910916427581,True,False,False,False
53.5,0.24177427915367597,-62.53448023937114,0.004267287434711067,1.1559583161081755,True,False,False,False
53.75,0.24279519671436584,-62.245384583857565,0.003900134411862932,1.1568069621602428,True,False,False,False
54.0,0.2437312175655299,-61.95607441699687,0.003588108430086001,1.1576744024799104,True,False,False,False
54.25,0.24458951051731423,-61.66666128553771,0.003278227730172306,1.157630678656258,True,False,False,False
54.5,0.2453403483812941,-61.37726817285858,0.0027284665205810493,1.1575142743966067,True,False,False,False
54.75,0.2459777865958641,-61.087861928334604,0.002371062736675991,1.1577357158545003,True,False,False,False
55.0,0.24650331878720166,-60.79843539220006,0.0018331978650317077,1.157676623287195,True,False,False,False
55.25,0.24695266360615464,-60.509140895317955,0.0017614647267415878,1.1566793585423192,True,False,False,False
55.5,0.24737114491335072,-60.220077155963295,0.001586302029595088,1.1558305735300098,True,False,False,False
55.75,0.2477375457471524,-59.931212932320726,0.0013448367573291459,1.155083238409599,True,False,False,False
56.0,0.24804541748627,-59.64254236599865,0.0011180648216682632,1.1542813129995897,True,False,False,False
56.25,0.2482896883411423,-59.35417013622638,0.0008359462933860973,1.1526965518462247,True,False,False,False
56.5,0.24844510933690298,-59.06620081275085,0.00040726443596535156,1.1510580772280747,True,False,False,False
56.75,0.24853244935670846,-58.77864755779239,0.00029129141245688717,1.149367973702181,True,False,False,False
57.0,0.2485699214371886,-58.491505775454954,8.332012800427169e-06,1.1477663113757521,True,False,False,False
57.25,0.24855400290325136,-58.20487603128219,-0.00013591604371286647,1.1452716552344682,True,False,False,False
57.5,0.24850989595820733,-57.918860751959215,-0.00021716636819558988,1.1428505869953134,True,False,False,False
57.75,0.24845227080816504,-57.63345597036552,-0.00024406176690260073,1.140387668097299,True,False,False,False
58.0,0.24838645434068618,-57.34867173312376,-0.000282707491299633,1.1378862334769242,True,False,False,False
58.25,0.2483258172975292,-57.0646205885338,-0.0002026987923482021,1.1345229153573237,True,False,False,False
58.5,0.24825144796609175,-56.78138341163509,-0.0003925594502535018,1.1313745185512916,True,False,False,False
58.75,0.24813564008082378,-56.498952566287876,-0.0005342142121556454,1.128072257571522,True,False,False,False
59.0,0.24794050294153103,-56.21730204304987,-0.001027161061259843,1.1251319756367881,True,False,False,False
59.25,0.24768743350832564,-55.9364958701967,-0.0009977587818870426,1.1213174044532526,True,False,False,False
59.5,0.2474232798524161,-55.656657432519964,-0.0011158334247517443,1.1173901073339345,True,False,False,False
59.75,0.24714788214694092,-55.377782942210445,-0.001087711824128798,1.1136058127851205,True,False,False,False
60.0,0.24684507772104,-55.099835259635185,-0.0013350625014439121,1.1099756709879969,True,False,False,False
60.25,0.24648393293546147,-54.82287014287017,-0.0015544863246714988,1.1057452833084485,True,False,False,False
60.5,0.24611141277352724,-54.54695663609278,-0.0014260755669490074,1.101562758916027,True,False,False,False
60.75,0.24576223147020887,-54.272107970299615,-0.001367791105210646,1.0972265623836635,True,False,False,False
61.0,0.24542704347041203,-53.99834469774821,-0.0013141261515223976,1.0928796130394312,True,False,False,False
61.25,0.24509481115506057,-53.72570302452957,-0.0013441676051576396,1.088253775346278,True,False,False,False
61.5,0.24477988696527464,-53.45423635450265,-0.001175672637108785,1.0834795686165044,True,False,False,False
61.75,0.2444869528960852,-53.183946628967064,-0.0011682358846067178,1.0788382349631298,True,False,False,False
62.0,0.24419293511703266,-52.91479846803459,-0.001184338701105625,1.0743470550506755,True,False,False,False
62.25,0.24389819016302605,-52.646826942310156,-0.001174094660742718,1.0694251504627341,True,False,False,False
62.5,0.24360470560462613,-52.38009076566111,-0.0011742559450738654,1.0644642630816525,True,False,False,False
62.75,0.24327343096440054,-52.11458516184634,-0.0014764047822897544,1.0595805963214535,True,False,False,False
63.0,0.24290618879419074,-51.85029457599504,-0.0014619891583326078,1.0547440888534823,True,False,False,False
63.25,0.24254888538458733,-51.587227128970866,-0.0013969104267525997,1.0497954819027266,True,False,False,False
63.5,0.24222981056208934,-51.32540548492075,-0.0011561523333747104,1.0447776472253762,True,False,False,False
63.75,0.2419370860307617,-51.06481759567417,-0.001186104704869767,1.0399254701555245,True,False,False,False
64.0,0.24164435177936422,-50.80545848672857,-0.0011562362865948708,1.0349473982895707,True,False,False,False
64.25,0.24134481892585974,-50.547326785626545,-0.001240482393705132,1.0301062192975323,True,False,False,False
64.5,0.24105469123663065,-50.29045529792786,-0.0010810365432533733,1.0248656672508925,True,False,False,False
64.75,0.2407630010015018,-50.03487136538806,-0.0012529638545995606,1.0198058089650734,True,False,False,False
65.0,0.24045757955765118,-49.78053358837628,-0.001190871078547269,1.0148964011051693,True,False,False,False
65.25,0.24016696425530698,-49.527423174984776,-0.0011345153783921536,1.0099869006604894,True,False,False,False
65.5,0.23987420597515682,-49.27555327221343,-0.0012080323489315967,1.0049723286776586,True,False,False,False
65.75,0.23957704146542455,-49.024886329213224,-0.00116971717357537,1.0003632118430632,True,False,False,False
66.0,0.2392986181148412,-48.77542044801978,-0.0010581485961121406,0.9953638273643407,True,False,False,False
66.25,0.2390659527505937,-48.527184727639884,-0.0008036253807888263,0.9905219118363594,True,False,False,False
66.5,0.23886865911198174,-48.28016541978659,-0.0007751825297251727,0.9856325478186695,True,False,False,False
66.75,0.23870739626373041,-48.034389471183495,-0.0005153911203425454,0.9805750165418714,True,False,False,False
67.0,0.23856771574970198,-47.789884658141055,-0.0006025391198657831,0.9754634960929507,True,False,False,False
67.25,0.2384553706352788,-47.54664732449889,-0.0002966961493643394,0.9704351438996529,True,False,False,False
67.5,0.23841716886875144,-47.304658495723146,-9.380656626201134e-06,0.9654754586406706,True,False,False,False
67.75,0.23844498622266544,-47.06391335603681,0.00023144381582786144,0.9604856362917674,True,False,False,False
68.0,0.23853477439369172,-46.82443620332367,0.0004863805745520672,0.9553315603207155,True,False,False,False
68.25,0.23871293611997696,-46.58621981354055,0.0009384403560070004,0.9503995157211615,True,False,False,False
68.5,0.23895527885753834,-46.34924573323356,0.000999834187288523,0.9453931214727097,True,False,False,False
68.75,0.239254047190957,-46.113554385782756,0.0013898181411428068,0.9401376212617932,True,False,False,False
69.0,0.23959239015896486,-45.879143368130194,0.0013164584465182316,0.935150527536838,True,False,False,False
69.25,0.23994020580314473,-45.64596998467637,0.0014656118329944637,0.9302365248249479,True,False,False,False
69.5,0.2403094015732494,-45.414061244675835,0.0014874721235456495,0.9250333921105578,True,False,False,False
69.75,0.24069343404111812,-45.1834590702674,0.0015842859782921673,0.9197839958634483,True,False,False,False
70.0,0.2411288709843226,-44.95415027181432,0.0018987305448471686,0.9146863617883393,True,False,False,False
70.25,0.2416416170281309,-44.72611363454687,0.0022027569554769685,0.9096067078828874,True,False,False,False
70.5,0.24217880181257784,-44.49933248281803,0.002094255224853084,0.9046425161197815,True,False,False,False
70.75,0.24271907525962486,-44.27381164065829,0.0022274582765602555,0.8995242070608775,True,False,False,False
71.0,0.24327656498717218,-44.04953169830478,0.0022319979416063063,0.8947153305951219,True,False,False,False
71.25,0.24387526204417728,-43.82651123474635,0.0025570822547280395,0.8894483474882923,True,False,False,False
71.5,0.24454470432993194,-43.60478101713454,0.002797982334373686,0.8843933703999042,True,False,False,False
71.75,0.24524844200403814,-43.38431009135835,0.0028314458657433886,0.8793740329677899,True,False,False,False
72.0,0.24601047137115778,-43.165123045122925,0.003264305614191533,0.8741222947450867,True,False,False,False
72.25,0.2468425879285844,-42.94721179215481,0.0033921633879291924,0.8691677168573759,True,False,False,False
72.5,0.2476792743530584,-42.730528813300644,0.00330087034589141,0.8642961216515108,True,False,False,False
72.75,0.24854472519895804,-42.515057534967475,0.0036222858299796365,0.8594740740194782,True,False,False,False
73.0,0.2494776184651321,-42.30080177260882,0.0038403978468413424,0.8545720046809223,True,False,False,False
73.25,0.2504455270985008,-42.08780247802454,0.003902391989374872,0.8494223445330364,True,False,False,False
73.5,0.2514266639627767,-41.8760826310294,0.003946229382617947,0.8443364266844197,True,False,False,False
73.75,0.2524393358335485,-41.66563985912266,0.004154656215785361,0.8392057297388884,True,False,False,False
74.0,0.25348392903493344,-41.456442213112254,0.0042016344139960485,0.8343754333930695,True,False,False,False
74.25,0.2545270055312693,-41.24847463006881,0.004142504186872141,0.82936523676259,True,False,False,False
74.5,0.25558263004002546,-41.04171907398878,0.0043020502680208225,0.8246791969725679,True,False,False,False
74.75,0.2566755387463336,-40.83616411162097,0.004440757648657062,0.8197604882917419,True,False,False,False
75.0,0.257823492067918,-40.63185899787175,0.004742387911182026,0.8146803941808506,True,False,False,False
75.25,0.25903745576232545,-40.428791538962855,0.0049688722732698365,0.8098592551211026,True,False,False,False
75.5,0.2603169189871596,-40.22694864525265,0.005266359412726587,0.8048838665507762,True,False,False,False
75.75,0.2616301474277653,-40.026375380399784,0.0052389785619137985,0.7997022554282369,True,False,False,False
76.0,0.2629903927831208,-39.82704879327969,0.005642538384325525,0.7949104035060285,True,False,False,False
76.25,0.26442461975120907,-39.62896465169456,0.005830794444087073,0.7897627109134279,True,False,False,False
76.5,0.265930890709262,-39.432153011523695,0.006218900113426205,0.784730373736953,True,False,False,False
76.75,0.26753371611594234,-39.236604259571,0.006603231189419245,0.779659605191901,True,False,False,False
77.0,0.2692090614142795,-39.042340022344284,0.006799043414283362,0.7744542739059738,True,False,False,False
77.25,0.27094799647505735,-38.84932375544612,0.007111988436839314,0.7696758313258725,True,False,False,False
77.5,0.27274596019312286,-38.65752564845157,0.007271253479657409,0.7647090088224655,True,False,False,False
77.75,0.27460126917373023,-38.4669489422737,0.007570762812862064,0.7599046126217808,True,False,False,False
78.0,0.276525216427587,-38.27757936639059,0.007820355704701742,0.7550519712674872,True,False,False,False
78.25,0.27850354138056893,-38.08946319832463,0.008005754775535258,0.7498773553041574,True,False,False,False
78.5,0.28051596816065755,-37.90262238620069,0.008093184601315737,0.7448491332908621,True,False,False,False
78.75,0.28254912062199106,-37.71703340106943,0.008171559766095349,0.7398627399016524,True,False,False,False
79.0,0.2845995197153087,-37.53270455385965,0.008231154519578558,0.734768032035342,True,False,False,False
79.25,0.2866658086818214,-37.34962788794248,0.008298691027231318,0.7298452888979132,True,False,False,False
79.5,0.288776663697399,-37.16779883989356,0.008587673339805695,0.724787068398826,True,False,False,False
79.75,0.2909442793250155,-36.98723106583801,0.008752772624567556,0.7197551092141585,True,False,False,False
80.0,0.2931692386154302,-36.80791491057314,0.009046429723652868,0.7147741050390367,True,False,False,False
80.25,0.29543516221763677,-36.629839199065586,0.009080491198297902,0.7098315837697505,True,False,False,False
80.5,0.29772861912785115,-36.45298686969047,0.009266709686071864,0.704987032769746,True,False,False,False
80.75,0.3000802109368904,-36.27735006620589,0.009545570005553207,0.7001073693415817,True,False,False,False
81.0,0.302481245085474,-36.10293838274589,0.009662237468158495,0.6951860879301943,True,False,False,False
81.25,0.3049288326507646,-35.92974588228296,0.00991800961628729,0.690353891506804,True,False,False,False
81.5,0.3073991209141753,-35.757772514654164,0.009843829087285205,0.6854330571701021,True,False,False,False
81.75,0.3098862359584737,-35.58704457258189,0.010052613428162459,0.6803904597570467,True,False,False,False
82.0,0.3124228809261364,-35.41754884871183,0.010240097480081693,0.6755753137709343,True,False,False,False
82.25,0.31498336282560296,-35.249274308656574,0.010243298532373407,0.6706210064657856,True,False,False,False
82.5,0.31752245999220524,-35.08224167404938,0.010069010648404562,0.6656400873566547,True,False,False,False
82.75,0.32003566775754816,-34.91647871769188,0.010036159123965785,0.6604635665295032,True,False,False,False
83.0,0.3225343810853574,-34.75197758507002,0.009953089613909116,0.6555455021941082,True,False,False,False
83.25,0.32501245948860014,-34.58871159584582,0.00987107628876388,0.6505824193301059,True,False,False,False
83.5,0.3274807205196811,-34.42667218926983,0.009874546100174145,0.6457328339053654,True,False,False,False
83.75,0.3299764788782806,-34.265842468417745,0.010091070379314122,0.640904911452631,True,False,False,False
84.0,0.33250405850271564,-34.10625445693249,0.010129086829221541,0.6357991757731323,True,False,False,False
84.25,0.33505226844219127,-33.947925188932004,0.010256115136720291,0.6308349567748747,True,False,False,False
84.5,0.3376137995848342,-33.79085403024032,0.010235657198687124,0.6257343147039871,True,False,False,False
84.75,0.34016364582270453,-33.63506049039496,0.010162625968372065,0.6206140106526422,True,False,False,False
85.0,0.3427119184850001,-33.48053453158367,0.01022308135204534,0.6155936548869844,True,False,False,False
85.25,0.3452509046894666,-33.3272724313511,0.010088330290216031,0.6105031601654533,True,False,False,False
85.5,0.34776254568807824,-33.17526931492248,0.010004324190365746,0.6055217797825813,True,False,False,False
85.75,0.35027951184417094,-33.024492183767556,0.010130952242124243,0.600695256943459,True,False,False,False
86.0,0.352843803680445,-32.87493219847667,0.010382923330414663,0.5957846007924605,True,False,False,False
86.25,0.35543955758396,-32.72662950421774,0.010382612186564284,0.5906369543890688,True,False,False,False
86.5,0.3580388175329376,-32.57959628614411,0.010411003025917014,0.585628787348113,True,False,False,False
86.75,0.36065126933554487,-32.433808326713326,0.010488144848416953,0.5806748812916822,True,False,False,False
87.0,0.36328632924466225,-32.28928152068014,0.01059185441552759,0.5755395568259165,True,False,False,False
87.25,0.36593442052333214,-32.14601823266899,0.010592409092772835,0.5705667476151122,True,False,False,False
87.5,0.368613618240549,-32.00403778453443,0.0108406807843699,0.5652768139170011,True,False,False,False
87.75,0.37133338062375465,-31.863329030920138,0.010916950906996369,0.5603932084357434,True,False,False,False
88.0,0.3740891473082239,-31.72386582995574,0.011128698341189014,0.5553123798088254,True,False,False,False
88.25,0.37685542106372977,-31.585666046603507,0.011001022062018515,0.5502859002117382,True,False,False,False
88.5,0.3796073722151939,-31.448755606873057,0.011014084362352142,0.544997616418344,True,False,False,False
88.75,0.38235744254664733,-31.313124902246788,0.010986017889517787,0.5400480233529136,True,False,False,False
89.0,0.38510070446518463,-31.178755466378963,0.010959595803827285,0.5349074658052535,True,False,False,False
89.25,0.38781916628164403,-31.045645645985154,0.010787633376545626,0.5299711133679796,True,False,False,False
89.5,0.39048355344800667,-30.913779485614693,0.01052698923267234,0.5249581948385187,True,False,False,False
89.75,0.3931182145709206,-30.78313566295739,0.010549849267618462,0.5201923849338008,True,False,False,False
90.0,0.39577143514282603,-30.6537165025528,0.010675432960172676,0.5151608864740643,True,False,False,False
90.25,0.3984622079071057,-30.52554440508806,0.010850284152977153,0.510215876852583,True,False,False,False
90.5,0.4012024588333224,-30.398624435907315,0.011071244471270988,0.5051438552045933,True,False,False,False
90.75,0.40399455446460947,-30.272950853699772,0.011265059106528266,0.500244784626195,True,False,False,False
91.0,0.406828608284137,-30.148486601405377,0.0114069235398324,0.49546922092283047,True,False,False,False
91.25,0.40968868639618145,-30.02525226482989,0.011473224439515574,0.49040546492915554,True,False,False,False
91.5,0.41255813467553876,-29.903297733472165,0.011481876105160875,0.4852307835986284,True,False,False,False
91.75,0.4154459547449456,-29.782599151872944,0.011620217396459742,0.4803578564955595,True,False,False,False
92.0,0.4183446932910899,-29.66315308192863,0.011569214852206078,0.47521070681095035,True,False,False,False
92.25,0.42125008518701573,-29.54498027271246,0.011673445050125325,0.47017175757689844,True,False,False,False
92.5,0.42416415135694197,-29.428045758104027,0.011638617667427069,0.465304362889135,True,False,False,False
92.75,0.4270743255816493,-29.312351331945823,0.011642302104408947,0.46025104639440884,True,False,False,False
93.0,0.42998742834484655,-29.19792000955889,0.011662047782863685,0.4551995312049258,True,False,False,False
93.25,0.4329178054281682,-29.084734855852464,0.01178051313947575,0.45028168697765897,True,False,False,False
93.5,0.43583729992849374,-28.972794875908804,0.011574965049158205,0.4452381734484142,True,False,False,False
93.75,0.4387469472856785,-28.862118232813685,0.01170173508038972,0.4401749600365193,True,False,False,False
94.0,0.4416613216749535,-28.752745772284253,0.011612756736375206,0.43480473234454475,True,False,False,False
94.25,0.4445657087381591,-28.644680487508303,0.011621865640300745,0.42971754548555785,True,False,False,False
94.5,0.44746060568395657,-28.537905049633494,0.011536818601178882,0.4244859652446767,True,False,False,False
94.75,0.450335198480066,-28.43242862394412,0.01145943756636484,0.4193254466843858,True,False,False,False
95.0,0.45320745248451677,-28.32819636707691,0.011518146762278504,0.41453260223631005,True,False,False,False
95.25,0.45608737928273224,-28.22517537255152,0.011520806302844452,0.4096353532325347,True,False,False,False
95.5,0.4589349550050165,-28.123386435636778,0.011259325579089097,0.40467616828714187,True,False,False,False
95.75,0.4617568211776364,-28.022848058741122,0.011315128560056655,0.3996308416046028,True,False,False,False
96.0,0.4645607320085266,-27.923540638981684,0.01111569723855263,0.39482853647083316,True,False,False,False
96.25,0.46732567509434175,-27.82544223146571,0.011003395585550697,0.3899587327503714,True,False,False,False
96.5,0.47006535108733943,-27.728588704272973,0.010913531548504177,0.38486949301241496,True,False,False,False
96.75,0.4727863729594518,-27.632998408696096,0.010854169185023209,0.37985287644004956,True,False,False,False
97.0,0.47546146775140885,-27.538651937393208,0.010546128577771322,0.37491892218475603,True,False,False,False
97.25,0.47809883336049097,-27.445561474091896,0.010552319677117075,0.36980478298158925,True,False,False,False
97.5,0.48072310134185275,-27.35372832425256,0.01044135341287894,0.36486042714359307,True,False,False,False
97.75,0.48329760765459406,-27.26314355189454,0.010154212134085249,0.3598177791424899,True,False,False,False
98.0,0.4858204736933253,-27.17383204659614,0.010028237646056641,0.35467427424637105,True,False,False,False
98.25,0.4882952638340199,-27.085775178174092,0.009769621699655649,0.3497806970681465,False,False,False,False
98.5,0.4907207172246982,-26.998958444424716,0.009633538995899641,0.34475318540704225,False,False,False,False
98.75,0.49312629601734037,-26.913385966787672,0.00961062660067748,0.33982663856897094,False,False,False,False
99.0,0.4955299018744878,-26.829075492323874,0.009617728706859962,0.3346571577208372,False,False,False,False
99.25,0.49793713902133024,-26.74605362964256,0.009639683517475232,0.32951774226960123,False,False,False,False
99.5,0.5003289895330736,-26.664309987635793,0.009494637236909353,0.3244314083135985,False,False,False,False
99.75,0.5026665310459001,-26.58384990713586,0.00920520856797356,0.31924926168581336,False,False,False,False
100.0,0.5049415967876317,-26.504675667111137,0.008994830763022234,0.3141446784516675,False,False,False,False
100.25,0.5071865270844867,-26.426742250329973,0.008964154283487444,0.30932265830871425,False,False,False,False
100.5,0.5094170021777452,-26.350037703156172,0.008879168411050353,0.3043137276024579,False,False,False,False
100.75,0.5116399630601243,-26.274556781786288,0.008904061943890876,0.2995336412422951,False,False,False,False
101.0,0.5138456524642566,-26.200286940451267,0.0087409905372417,0.2946251048223234,False,False,False,False
101.25,0.5160103819658745,-26.12725377652932,0.008576372396408422,0.2896402229191232,False,False,False,False
101.5,0.5181554065230632,-26.055485269831465,0.008583339469105208,0.284507831756076,False,False,False,False
101.75,0.5202431375128371,-25.98495092314549,0.008118066414624116,0.27976698571760467,False,False,False,False
102.0,0.5222656867147365,-25.915585638449382,0.00806189119815343,0.27515529760618673,False,False,False,False
102.25,0.5242455478203902,-25.84739629999316,0.007776544867222932,0.27035943655957,False,False,False,False
102.5,0.5261818784165817,-25.78043726184231,0.007713619838062388,0.26531287444632223,False,False,False,False
102.75,0.5281049850703292,-25.714743832740385,0.007670761497334273,0.26023456257511235,False,False,False,False
103.0,0.5300119968752297,-25.65030229229001,0.007584863863780229,0.255297769492308,False,False,False,False
103.25,0.5318942572775747,-25.58709267254688,0.007472754345815173,0.2503791986049893,False,False,False,False
103.5,0.5337480626673139,-25.525140979471217,0.007357200947164865,0.24523435813480285,False,False,False,False
103.75,0.5355439547040763,-25.46446204407779,0.007009463990483047,0.24019715824213655,False,False,False,False
104.0,0.5372807763960658,-25.405021705799843,0.006884657900704406,0.23532555792359228,False,False,False,False
104.25,0.5389825143508415,-25.34680617555819,0.0067287814317978645,0.23039869809918037,False,False,False,False
104.5,0.5406605338919941,-25.2898528405197,0.006694890487423163,0.2252279854505207,False,False,False,False
104.75,0.5423126304300188,-25.234142034593596,0.006521437290275496,0.2204584786242688,False,False,False,False
105.0,0.5439193787038822,-25.179654655166583,0.006332079621988843,0.21544057333037211,False,False,False,False
105.25,0.5454882239417487,-25.12638664907997,0.006218235367425197,0.21070348545436637,False,False,False,False
105.5,0.5469957018012239,-25.074346326808715,0.005841101825168345,0.20561912795149875,False,False,False,False
105.75,0.5484176236276875,-25.023572997916247,0.005533787953409249,0.2005675337567344,False,False,False,False
106.0,0.5497722816569249,-24.974064645618114,0.005303006011727812,0.19549930482925648,False,False,False,False
106.25,0.5510601585841911,-24.925803541719795,0.004999537695371089,0.19058955567377941,False,False,False,False
106.5,0.5522772141836764,-24.878790915669843,0.004736423643748169,0.1855114787787857,False,False,False,False
106.75,0.5534443091521447,-24.833015385743906,0.004599872893132073,0.18069277508745368,False,False,False,False
107.0,0.554547691475583,-24.78846078057163,0.004226719667453856,0.17574410106045746,False,False,False,False
107.25,0.5556086928128338,-24.745149420735608,0.004260828212157775,0.17074677331034646,False,False,False,False
107.5,0.5566313481299099,-24.70306918463533,0.003919960741496045,0.16589514752798595,False,False,False,False
107.75,0.557590866910415,-24.662211517295695,0.0037557206947282894,0.16096620697366368,False,False,False,False
108.0,0.5585009363228818,-24.622611277493913,0.0035243437843290523,0.1558357338113598,False,False,False,False
108.25,0.5593831059927743,-24.58428427303658,0.0035325394650913243,0.15078029865768516,False,False,False,False
108.5,0.5602371794602453,-24.547222658287517,0.0032995790702184634,0.1457126404388508,False,False,False,False
108.75,0.5610088096548386,-24.511416802271864,0.002872993728273026,0.14073424796874354,False,False,False,False
109.0,0.561712018942571,-24.476863516700977,0.0027522000292672377,0.1356920497304549,False,False,False,False
109.25,0.562365538797268,-24.443550965253298,0.002475488578391548,0.1308083888109188,False,False,False,False
109.5,0.562937730049129,-24.41148196853373,0.0021015629574761135,0.12574362062037955,False,False,False,False
109.75,0.5634354645820832,-24.38069491090722,0.0018798269615713063,0.1205528611911141,False,False,False,False
110.0,0.5638640724458758,-24.351183823910635,0.001548566336845393,0.1155358661762337,False,False,False,False
110.25,0.5642059228646397,-24.32295186814725,0.0011857439283562941,0.11031981393012509,False,False,False,False
110.5,0.5644574139915736,-24.295984776486662,0.0008257219935202641,0.10541695387658741,False,False,False,False
110.75,0.5646254843584586,-24.270277058855665,0.0005183499860956578,0.10024481657771042,False,False,False,False
111.0,0.5647152036985235,-24.245840420068898,0.00019893810988883334,0.09524832403578784,False,False,False,False
111.25,0.564767377132143,-24.2226557290902,0.00021796909214245874,0.09022920206164722,False,False,False,False
111.5,0.5648284866560415,-24.200690717499928,0.0002704617732889672,0.08549088616788814,False,False,False,False
111.75,0.5648860184054841,-24.17991534576943,0.0001893378326161474,0.0807120958404403,False,False,False,False
112.0,0.5649118999177778,-24.160340050516016,1.7254669551870078e-05,0.07589028366346004,False,False,False,False
112.25,0.5648660926747432,-24.142009851841827,-0.0003841995501023196,0.0707513445337019,False,False,False,False
112.5,0.5647266093413077,-24.12494223501854,-0.000732137911667062,0.06578962269400422,False,False,False,False
112.75,0.5645245786564196,-24.109100416358398,-0.0008845607143798118,0.060944940321224016,False,False,False,False
113.0,0.5642888749544368,-24.094500564359993,-0.0010015456048824319,0.05585388713142564,False,False,False,False
113.25,0.5640303923216138,-24.081150217269148,-0.0010667732631602644,0.05094889592066101,False,False,False,False
113.5,0.5637117225373336,-24.06903792338886,-0.001483059712400349,0.04594949497381496,False,False,False,False
113.75,0.563279055613543,-24.058194927585095,-0.001978759848359133,0.04079451800895994,False,False,False,False
114.0,0.562756073001993,-24.048610102788572,-0.002205558812293895,0.03588410042201473,False,False,False,False
114.25,0.5621875539475443,-24.040262261060914,-0.002343067631336529,0.030898646855614973,False,False,False,False
114.5,0.5615838129489059,-24.033192178537018,-0.0024873539165528383,0.02566202705708233,False,False,False,False
114.75,0.5609128907438826,-24.0273921421506,-0.0028804873995584915,0.020738301982239322,False,False,False,False
115.0,0.5601396031882664,-24.022818954432978,-0.003306264910947737,0.01584723888132789,False,False,False,False
115.25,0.559268939353711,-24.01946331287594,-0.0036595046107537367,0.010997926496774654,False,False,False,False
115.5,0.5583099575011518,-24.01730743104459,-0.004012803521763083,0.006249161296269818,False,False,False,False
115.75,0.5572867375253385,-24.016330388938414,-0.0041733893733678605,0.0015671895649666235,False,False,False,False
116.0,0.5562337345776222,-24.016545011031845,-0.004251098395456381,-0.003284159114588346,False,False,False,False
116.25,0.5551358420150262,-24.01792781876293,-0.004532463393969743,-0.007778275555452066,False,False,False,False
116.5,0.5539637341388997,-24.02042657744848,-0.004844818187424847,-0.012211764904614297,False,False,False,False
116.75,0.5526918725816082,-24.02404991623827,-0.005330504272481183,-0.016774899704741723,False,False,False,False
117.0,0.5513306086699262,-24.02876726917033,-0.005560002504636834,-0.020963902987731136,False,False,False,False
117.25,0.5499074875131942,-24.034523383203037,-0.0058253552027809526,-0.02508498410872836,False,False,False,False
117.5,0.5484473447986045,-24.041301247291663,-0.005856171201580076,-0.02913792554826538,False,False,False,False
117.75,0.5469644237093798,-24.049074457313942,-0.006007565267514621,-0.03304774087875937,False,False,False,False
118.0,0.5454407398342588,-24.05786249725085,-0.006182311164553537,-0.03725656093717903,False,False,False,False
118.25,0.5438514931767483,-24.06761011000702,-0.006531996773998419,-0.04072430508517448,False,False,False,False
118.5,0.5421979287916446,-24.078267109760308,-0.006696868919136768,-0.044531678949119066,False,False,False,False
118.75,0.5404978173851871,-24.089885660300556,-0.006904386357275357,-0.048416705811803004,False,False,False,False
119.0,0.5387485024898848,-24.1024290449398,-0.007090461847206367,-0.051930354447826066,False,False,False,False
119.25,0.5369496543080203,-24.11583431383625,-0.007300648291875378,-0.05531177481001983,False,False,False,False
119.5,0.535117016420584,-24.130122687049887,-0.007360809470985677,-0.05899520457559455,False,False,False,False
119.75,0.5332768608064764,-24.145325961173935,-0.007360779820991807,-0.06263098817765086,False,False,False,False
120.0,0.531399327394505,-24.161404699594687,-0.007659807992526021,-0.06599889109434777,False,False,False,False
120.25,0.5294551402358316,-24.178267307198826,-0.007893966993484554,-0.06890194759432262,False,False,False,False
120.5,0.5274514241927689,-24.195844364128174,-0.008136025387294143,-0.07171448550739784,False,False,False,False
120.75,0.5254164710984984,-24.214153023568677,-0.00814387884616033,-0.07475479099597131,False,False,False,False
121.0,0.5233525190632206,-24.233216050564895,-0.008368019779118094,-0.07774940369938727,False,False,False,False
121.25,0.5212331976873918,-24.252988763180944,-0.008586805437710059,-0.08043227688780596,False,False,False,False
121.5,0.519071632445511,-24.273432760082667,-0.008705969655150823,-0.08311968632284696,False,False,False,False
121.75,0.5168731907458873,-24.294546623769556,-0.008881821239986244,-0.08579120526639283,False,False,False,False
122.0,0.514619539882472,-24.316367901190045,-0.009147673681455897,-0.08877898803644327,False,False,False,False
122.25,0.5123169778906026,-24.338850668140065,-0.00927303408705129,-0.0910831368267157,False,False,False,False
122.5,0.5099602187447243,-24.36189514557793,-0.009581254310907478,-0.09327265301649389,False,False,False,False
122.75,0.5075191112516345,-24.385535826975303,-0.009947840642249638,-0.0958527654557932,False,False,False,False
123.0,0.5050347785283722,-24.409782296397935,-0.00992703534680589,-0.09811899271005119,False,False,False,False
123.25,0.5024891353580595,-24.434560364879783,-0.010438300084145168,-0.1001055069753118,False,False,False,False
123.5,0.4998518769615905,-24.459859799780745,-0.010659968402157105,-0.10228995252961923,False,False,False,False
123.75,0.4971646809877964,-24.48570663990656,-0.010837811145532995,-0.10448475150556433,False,False,False,False
124.0,0.49441506359405507,-24.51206400893967,-0.011159305571914711,-0.10637417040191392,False,False,False,False
124.25,0.4916000366842156,-24.53886057100094,-0.011361058356491597,-0.10799830701565324,False,False,False,False
124.5,0.488712053764357,-24.566130059280074,-0.01174301548092246,-0.11015756312839507,False,False,False,False
124.75,0.4857843747700562,-24.593913617088347,-0.011678600403159715,-0.11211090520384157,False,False,False,False
125.0,0.4828451494009871,-24.6221787507711,-0.011835387175027773,-0.11401014834692373,False,False,False,False
125.25,0.47987700586110615,-24.650883829119206,-0.011909912958714592,-0.115630471496962,False,False,False,False
125.5,0.4768871898536869,-24.679968742365215,-0.012008752119112311,-0.11704882472896472,False,False,False,False
125.75,0.47386466970152596,-24.70942309944751,-0.012171556908776218,-0.11858601622672856,False,False,False,False
126.0,0.47079789845542536,-24.739258091395143,-0.012362755771796418,-0.12009390094163949,False,False,False,False
126.25,0.4676979736772053,-24.769464168303323,-0.012436779441969706,-0.12155470592372343,False,False,False,False
126.5,0.46457809039436604,-24.80006035597608,-0.012522441510270103,-0.12321478829546216,False,False,False,False
126.75,0.4614317074553417,-24.83104953451199,-0.01264876152688444,-0.12469862880085444,False,False,False,False
127.0,0.45825304852465826,-24.862429645234,-0.012780666957296426,-0.1263422437399251,False,False,False,False
127.25,0.4550736999084824,-24.894170909035694,-0.012654237128657,-0.12758787908487534,False,False,False,False
127.5,0.4519097613771826,-24.92620372925348,-0.0126573685667419,-0.12867468289655964,False,False,False,False
127.75,0.4487516816256264,-24.958502155836108,-0.012607368327436,-0.12971273481023038,False,False,False,False
128.0,0.4455868240680104,-24.9910702912984,-0.012711596571526176,-0.1308323380618385,False,False,False,False
128.25,0.44241201100546834,-25.02386641700528,-0.012686977370144908,-0.1315366689696057,False,False,False,False
128.5,0.43922907793062244,-25.056878814065264,-0.012776582173478707,-0.1325624998985254,False,False,False,False
128.75,0.4360352732736069,-25.090127804053882,-0.012773942102466884,-0.13342941873861394,False,False,False,False
129.0,0.4328215876323815,-25.123600561335504,-0.012935634060499534,-0.13435262325157915,False,False,False,False
129.25,0.42961265158180856,-25.15729920838383,-0.01273594306530218,-0.13523657156900484,False,False,False,False
129.5,0.4264045244361223,-25.191231834379167,-0.012929171768315569,-0.13622441705298255,False,False,False,False
129.75,0.4231749710509641,-25.225382535907055,-0.012907330576072514,-0.13698119745480153,False,False,False,False
130.0,0.4199451144882821,-25.25972871316592,-0.01293160257736533,-0.13778821696949978,False,False,False,False
130.25,0.41672059512202425,-25.294280091127266,-0.012864635798083394,-0.1386228120765645,False,False,False,False
130.5,0.4135093781913031,-25.32904224924687,-0.012825189410390535,-0.13947445554287458,False,False,False,False
130.75,0.4102981453399842,-25.364012617185857,-0.012864760187109331,-0.14028848346867462,False,False,False,False
131.0,0.4070877801767602,-25.39917246415602,-0.012818226587586818,-0.140990296133046,False,False,False,False
131.25,0.4038908807767752,-25.434489467174462,-0.01275702871216149,-0.14154573304076265,False,False,False,False
131.5,0.4006799176380479,-25.46995814980828,-0.012930742602009878,-0.14220371176903063,False,False,False,False
131.75,0.3974465350320036,-25.50557815451269,-0.01293637246662848,-0.14275632455768728,False,False,False,False
132.0,0.39418653196997083,-25.54133727745758,-0.013143712641859689,-0.14331663725596877,False,False,False,False
132.25,0.3908915780527736,-25.577218255929004,-0.01321595840567931,-0.14373118331508591,False,False,False,False
132.5,0.3876017797959248,-25.613192245382663,-0.013102458877742258,-0.144060742866057,False,False,False,False
132.75,0.3843429173589842,-25.649240562982577,-0.012968465618481629,-0.14432580982974014,False,False,False,False
133.0,0.38110408024932624,-25.685365160186578,-0.01294226340617994,-0.14467097136793639,False,False,False,False
133.25,0.3778679332952188,-25.72158483647841,-0.012946953262153227,-0.1450864387075753,False,False,False,False
133.5,0.3746385049821705,-25.757879336791433,-0.012888493686592582,-0.1452695697254581,False,False,False,False
133.75,0.3713988961547823,-25.79423067457487,-0.013028404284917975,-0.14554111859597743,False,False,False,False
134.0,0.36814947099190853,-25.830657553994403,-0.012967033903637903,-0.14587392269885519,False,False,False,False
134.25,0.36492267261812344,-25.867180695996733,-0.012847402982200232,-0.14631122331379848,False,False,False,False
134.5,0.3617448256370862,-25.90380190343896,-0.012575397378367738,-0.14665846352684495,False,False,False,False
134.75,0.3585893157941894,-25.940510162451265,-0.01266872006453297,-0.1470075977228247,False,False,False,False
135.0,0.35544150957197385,-25.97729446456931,-0.01251375725017136,-0.14726683257757697,False,False,False,False
135.25,0.35231729465307043,-26.01409929192773,-0.012479947045091342,-0.14717179087511922,False,False,False,False
135.5,0.34921921102982884,-26.050864360320077,-0.012304701313648598,-0.14694877321661637,False,False,False,False
135.75,0.3461343865213875,-26.087606432241788,-0.012373904694690324,-0.14698779418762714,False,False,False,False
136.0,0.34303155164709925,-26.124351677474028,-0.012448768830319961,-0.14697416138081046,False,False,False,False
136.25,0.3399285679588518,-26.161092924103787,-0.012375093974046774,-0.14695581955316936,False,False,False,False
136.5,0.3368514453721668,-26.19783784523903,-0.012241885545308896,-0.14700356313510587,False,False,False,False
136.75,0.33377648523746933,-26.234580142748626,-0.01235779978750488,-0.14693480443994755,False,False,False,False
137.0,0.33069933883475133,-26.27130344607925,-0.012259359975525071,-0.14685163109175428,False,False,False,False
137.25,0.32764215973719135,-26.307953625159506,-0.01219803694840475,-0.14634980534931863,False,False,False,False
137.5,0.3245962694755387,-26.34454338638491,-0.01216909343356479,-0.14636828633073537,False,False,False,False
137.75,0.32154384754331206,-26.381089686354876,-0.01225025372064207,-0.1460021052082142,False,False,False,False
138.0,0.3184977713926303,-26.417566894227225,-0.012118344814602097,-0.14581556982833194,False,False,False,False
138.25,0.3154431313325734,-26.45400806679159,-0.012318767264186563,-0.14571379375268528,False,False,False,False
138.5,0.31236034020560016,-26.49040334150867,-0.012343542229759093,-0.1454484013548634,False,False,False,False
138.75,0.3092842297640947,-26.5267336500988,-0.012265332003803999,-0.14519407185544478,False,False,False,False
139.0,0.3062360898913807,-26.56297247625378,-0.012119741748687286,-0.14471655080391735,False,False,False,False
139.25,0.30319318922222266,-26.599116299759043,-0.012223436429956068,-0.1444340271807312,False,False,False,False
139.5,0.3000880644149287,-26.635194567288725,-0.012617542120848004,-0.14419207577357135,False,False,False,False
139.75,0.2969239922993955,-26.671206609313902,-0.012695010454121657,-0.14390425209572755,False,False,False,False
140.0,0.2937263821849024,-26.7071669445927,-0.012885851477488344,-0.14377841487754886,False,False,False,False
140.25,0.2905153103860659,-26.743051171632448,-0.012802688751369373,-0.1432954086709019,False,False,False,False
140.5,0.2873546131908982,-26.778833750817054,-0.012482851417935353,-0.14296525824662612,False,False,False,False
140.75,0.2842443999286697,-26.814514095356746,-0.012398806106581204,-0.14247750707520532,False,False,False,False
141.0,0.2811402900333846,-26.850092291964643,-0.012434034699325813,-0.14214806437110145,False,False,False,False
141.25,0.2780289882871829,-26.88555975944294,-0.012456323022467585,-0.1415916748978031,False,False,False,False
141.5,0.27490362037987826,-26.920913808598765,-0.012546580404993523,-0.14124070893462046,False,False,False,False
141.75,0.27175967622937214,-26.956142767902456,-0.012604911644513935,-0.14059096267792673,False,False,False,False
142.0,0.2686107074101584,-26.991259699679798,-0.012586819350094001,-0.14034449302415355,False,False,False,False
142.25,0.2654849130581508,-27.02625861761476,-0.012419461932844121,-0.13964686781059338,False,False,False,False
142.5,0.26240595538210515,-27.061109266225937,-0.01221215082187544,-0.13915834086731485,True,False,False,False
142.75,0.259398343335738,-27.095820047374094,-0.01184868892216313,-0.13852794195976253,True,False,False,False
143.0,0.2564346486564859,-27.130356038453357,-0.01186078773400363,-0.13775998807393203,True,False,False,False
143.25,0.25348195994226946,-27.164682321762708,-0.011760629962682533,-0.1368502887435468,True,False,False,False
143.5,0.25051933489413175,-27.198815660704412,-0.011940323167797317,-0.13621640393576936,True,False,False,False
143.75,0.24752278068706615,-27.23277140393374,-0.012032034625898753,-0.135429534140909,True,False,False,False
144.0,0.2445173615656285,-27.266525468788664,-0.012011229772374368,-0.1346029886243366,True,False,False,False
144.25,0.2415326689374406,-27.300085237975935,-0.011866242647731916,-0.13387517925891546,True,False,False,False
144.5,0.2385589771233324,-27.33346895776924,-0.011923231902492521,-0.13319457256438835,True,False,False,False
144.75,0.23556155749487365,-27.366706480493946,-0.012056091056734705,-0.13270559424721418,True,False,False,False
145.0,0.23254278964838337,-27.39981345096799,-0.012094001077319848,-0.13215016516028646,True,False,False,False
145.25,0.22951428336244942,-27.43274075326501,-0.012133967228548426,-0.13126824777633334,True,False,False,False
145.5,0.22646556317250022,-27.465464672355193,-0.012255727334848199,-0.13052309081726005,True,False,False,False
145.75,0.22338483942181217,-27.49803734503369,-0.012390017021553228,-0.1300582773522757,True,False,False,False
146.0,0.22028748524790728,-27.530460806355553,-0.012388745408893925,-0.12932941344119545,True,False,False,False
146.25,0.21717975155525288,-27.56271651373733,-0.01247306433522605,-0.12871624031130877,True,False,False,False
146.5,0.21406632788802119,-27.5948156951802,-0.012434262530928462,-0.12807721507594882,True,False,False,False
146.75,0.2109721763612258,-27.62674990754785,-0.012318883854667489,-0.12739649423159305,True,False,False,False
147.0,0.2078987139288243,-27.658490436382422,-0.012268731878655195,-0.1265277420435269,True,False,False,False
147.25,0.20481539087408998,-27.690008805535165,-0.012397768307838189,-0.12561919885356757,True,False,False,False
147.5,0.2017399445144294,-27.7213207514124,-0.012205729027649138,-0.12487638718701959,True,False,False,False
147.75,0.1987098642158041,-27.752469447821337,-0.012034862265443605,-0.12431320008016417,True,False,False,False
148.0,0.19571675598625457,-27.78345862032701,-0.011909938604412543,-0.12360019240606825,True,False,False,False
148.25,0.19274946517851435,-27.814258753164886,-0.011828315476735195,-0.12280087605435222,True,False,False,False
148.5,0.1897932020086097,-27.844876322480598,-0.011821734222781505,-0.12213967670327572,True,False,False,False
148.75,0.186868343789356,-27.875305518087046,-0.011577043716359932,-0.12129390997580064,True,False,False,False
149.0,0.18399346748188666,-27.905529804268433,-0.011421887994365415,-0.12050039449360048,True,False,False,False
149.25,0.1811379053785304,-27.935522873123002,-0.011422508775843714,-0.11944415720066545,True,False,False,False
149.5,0.17827748835228735,-27.965290721653503,-0.011460760243749982,-0.11869862895491073,True,False,False,False
149.75,0.17545008156902753,-27.99485606482831,-0.011158408370592659,-0.11782414516472317,True,False,False,False
150.0,0.17264759918126793,-28.024200625744033,-0.01126136063814969,-0.11693233467194647,True,False,False,False
150.25,0.1698191195115522,-28.053330212450962,-0.0113664065518603,-0.11610434796190741,True,False,False,False
150.5,0.16694338781059392,-28.082244101337142,-0.011639365343928714,-0.11520673819475336,True,False,False,False
150.75,0.16405225600504733,-28.11094020219166,-0.0114896037399515,-0.11436208450767843,True,False,False,False
151.0,0.16118822695195067,-28.13941370306616,-0.011422536781974947,-0.11342592694478128,True,False,False,False
151.25,0.15831163981602656,-28.16768682405557,-0.011590097090574035,-0.11275902572123193,True,False,False,False
151.5,0.1553938475858637,-28.19576992272479,-0.01175215956351313,-0.11190574974761212,True,False,False,False
151.75,0.15244317050058834,-28.223644196934202,-0.011853181289839625,-0.1110884372211523,True,False,False,False
152.0,0.1494861495290285,-28.25130190588749,-0.011802900388144907,-0.11017323962616418,True,False,False,False
152.25,0.14657059220270824,-28.278729575649347,-0.011521473492904284,-0.10924814391770801,True,False,False,False
152.5,0.14370697862660456,-28.30591510486197,-0.01138734822230994,-0.10823610139698302,True,False,False,False
152.75,0.14088298510478484,-28.332840848031196,-0.01120449059576234,-0.10716986414309465,True,False,False,False
153.0,0.13809022697320347,-28.359512487886864,-0.011137485722922745,-0.10620326130547687,True,False,False,False
153.25,0.13532042459659555,-28.385934883134325,-0.011020831803492958,-0.10517591212330489,True,False,False,False
153.5,0.1325707661303254,-28.412142006952504,-0.010976372471194134,-0.1044810832160224,True,False,False,False
153.75,0.12982499784628004,-28.438161283990947,-0.010989698286025605,-0.10367313041464445,True,False,False,False
154.0,0.12706151426282003,-28.4639823604395,-0.011118097605959415,-0.1028954699664416,True,False,False,False
154.25,0.12426121052090933,-28.489612060713263,-0.011284262204258239,-0.10214211396867107,True,False,False,False
154.5,0.121437607712036,-28.515005775770366,-0.011304448412799775,-0.10100760552117435,True,False,False,False
154.75,0.11860945181831743,-28.54016189897108,-0.01132073136385062,-0.10024137834569774,True,False,False,False
155.0,0.11578224772239018,-28.565095539311955,-0.011296809566417421,-0.09922774856434648,True,False,False,False
155.25,0.11297394385438608,-28.58978922811407,-0.011169527351075455,-0.09832177662111583,True,False,False,False
155.5,0.11019628711125302,-28.61421996134729,-0.011051618269371927,-0.09712409908380071,True,False,False,False
155.75,0.10742074777267538,-28.638357568203634,-0.011152593428040754,-0.09597674847587132,True,False,False,False
156.0,0.10463490111919074,-28.662192548873268,-0.011134053309130875,-0.09470309865584685,True,False,False,False
156.25,0.10187768878925757,-28.685734966735883,-0.010923547579477035,-0.09363626248485275,True,False,False,False
156.5,0.09916011952212737,-28.70903625003075,-0.010816931948179571,-0.09277401268944041,True,False,False,False
156.75,0.09650063166730038,-28.732111508672375,-0.010458876819650527,-0.09182809205164623,True,False,False,False
157.0,0.09391593059958883,-28.75496062699432,-0.010218654856669156,-0.09096487669441343,True,False,False,False
157.25,0.09135714835008986,-28.777599915234145,-0.010251517184706647,-0.09014943017656792,True,False,False,False
157.5,0.0888338274216899,-28.80002206179692,-0.009934957181125494,-0.08922777446326462,True,False,False,False
157.75,0.08632622333102034,-28.82221140832396,-0.010125776941015657,-0.08828697904990293,True,False,False,False
158.0,0.08379068987527412,-28.844169685099367,-0.010158397602514135,-0.08737923343303103,True,False,False,False
158.25,0.08124154574633097,-28.86589279145856,-0.010234661455042943,-0.08640560948851382,True,False,False,False
158.5,0.07869021302244444,-28.887379338334316,-0.010175912216712584,-0.08548677023691223,True,False,False,False
158.75,0.07613714980234583,-28.90862254719478,-0.010248494021738191,-0.08445889697060113,True,False,False,False
159.0,0.07358669531848976,-28.929612797889728,-0.010155045225360777,-0.08346311704761554,True,False,False,False
159.25,0.07105370568637837,-28.95036404888211,-0.010108782886413207,-0.08254689761104611,True,False,False,False
159.5,0.06853465209792012,-28.97088981577795,-0.010043561780543026,-0.08165924669999526,True,False,False,False
159.75,0.06602092951393325,-28.991219581580648,-0.010066150123497888,-0.08097887676479447,True,False,False,False
160.0,0.06351155112736077,-29.011341633368094,-0.010008788174132085,-0.07999754325505368,True,False,False,False
160.25,0.061024392263310974,-29.03122287284242,-0.009888399744473132,-0.0790523818502031,True,False,False,False
160.5,0.05856027031975702,-29.050896936072682,-0.009824506935083216,-0.07834012871373144,True,False,False,False
160.75,0.05610501856108397,-29.07036417823077,-0.009817424565334687,-0.07739780869876088,True,False,False,False
161.0,0.05364948025992657,-29.089613725805727,-0.009826806055242016,-0.07659857178931408,True,False,False,False
161.25,0.05118849074825935,-29.10863905666081,-0.009861012579656669,-0.075604070937863,True,False,False,False
161.5,0.04874457530125759,-29.127430464152418,-0.009690224451135872,-0.0747272063012196,True,False,False,False
161.75,0.046344804754876165,-29.145999005821253,-0.00950785841782199,-0.07382114424408531,True,False,False,False
162.0,0.043961771659387285,-29.164337505077366,-0.009556315509173754,-0.07288684456631314,True,False,False,False
162.25,0.041574094002149495,-29.182467895352442,-0.009545029495733538,-0.07215628174558207,True,False,False,False
162.5,0.03918179456104044,-29.200416385036622,-0.009593302846820324,-0.07143163220515718,True,False,False,False
162.75,0.03677440091199704,-29.21817382173542,-0.009665771123921078,-0.0706278553330118,True,False,False,False
163.0,0.03436509335210319,-29.2357349805664,-0.009608623491979558,-0.06986142071348181,True,False,False,False
163.25,0.03196151021096714,-29.253086880610272,-0.009619955595642351,-0.06895377697301841,True,False,False,False
163.5,0.029536418390742964,-29.270237789443673,-0.009780725499281138,-0.06825347816008309,True,False,False,False
163.75,0.027101631163487076,-29.287226556704866,-0.009697516327980046,-0.06765666620697303,True,False,False,False
164.0,0.024697271473167602,-29.304052153722317,-0.009537290917347716,-0.06694812587728732,True,False,False,False
164.25,0.022318383690282245,-29.32068815986563,-0.009493728117686971,-0.0661399294159486,True,False,False,False
164.5,0.01995592359096039,-29.33710087008588,-0.009405863693473446,-0.06516176173123758,True,False,False,False
164.75,0.01762449122488628,-29.35331573125703,-0.009245538028297657,-0.06455714400034375,True,False,False,False
165.0,0.015347117914167872,-29.369349941384638,-0.008973367863070042,-0.06371656276400312,True,False,False,False
165.25,0.013109724200680833,-29.385167609783917,-0.008925701318530897,-0.06282478993716721,True,False,False,False
165.5,0.010883868466286799,-29.40076072496379,-0.0088810621007481,-0.06192013371257261,True,False,False,False
165.75,0.008655168685198904,-29.41613147859433,-0.008948461603538908,-0.06104588883122655,True,False,False,False
166.0,0.006456252762194978,-29.43129702277433,-0.00864279155140435,-0.06027849620471932,True,False,False,False
166.25,0.004299224983180864,-29.44624739075642,-0.008613341618104932,-0.059324450580066815,True,False,False,False
166.5,0.002158495380603717,-29.460965193316916,-0.00851241808729393,-0.05841797887924346,True,False,False,False
166.75,4.8083242642128666e-05,-29.475488563591675,-0.008370810894511704,-0.057768998039758504,True,False,False,False
167.0,-0.0020448339537977164,-29.489815841015876,-0.008372442336567441,-0.05684922051420259,True,False,False,False
167.25,-0.004128774998762323,-29.503945951440656,-0.00829902125264623,-0.05619166980533393,True,False,False,False
167.5,-0.0062142700515464425,-29.51792948302917,-0.008384896166000456,-0.055676574219745215,True,False,False,False
167.75,-0.00830093722556828,-29.531751907126583,-0.008308366804129063,-0.05490282570876325,True,False,False,False
168.0,-0.01036193178459993,-29.54538534515777,-0.008179518696440704,-0.05416469203647661,True,False,False,False
168.25,-0.012375964336476985,-29.55883780536846,-0.007932676824431568,-0.05345501262725407,True,False,False,False
168.5,-0.014373344522527746,-29.572116542445656,-0.008046301350217142,-0.05277487170433532,True,False,False,False
168.75,-0.01638324907799485,-29.58523077435933,-0.008032878764141972,-0.05213898439685673,True,False,False,False
169.0,-0.01837752032258102,-29.598189668976218,-0.007921223273684573,-0.05153218414756429,True,False,False,False
169.25,-0.02031727683309582,-29.611002592209807,-0.007596775470358131,-0.05097123449363484,True,False,False,False
169.5,-0.02219066867948042,-29.62367979252325,-0.007390316989944981,-0.0504463847116724,True,False,False,False
169.75,-0.024033580262520372,-29.63620118155668,-0.007352912888338978,-0.04972472990030868,True,False,False,False
170.0,-0.025863484043972516,-29.64854488045615,-0.007286251500823397,-0.04902486730126379,True,False,False,True
170.25,-0.0276856709816871,-29.660718571765894,-0.007291189791766926,-0.04836466074085206,True,False,False,True
170.5,-0.029506501146100206,-29.672716040179814,-0.007275384485432513,-0.04761508681015618,True,False,False,True
170.75,-0.031310944380832,-29.684527556085005,-0.007160089112250731,-0.04687705429721674,True,False,False,True
171.0,-0.033055202530087896,-29.69616853537361,-0.006793923015432305,-0.046250812540980804,True,False,False,True
171.25,-0.03472447687013444,-29.707672475840265,-0.006560228561560445,-0.04578073108701407,True,False,False,True
171.5,-0.0363803864886371,-29.719030697625218,-0.006686988130681599,-0.0450850290435376,True,False,False,True
171.75,-0.03805233713277639,-29.73023394234432,-0.0066885735233015615,-0.04454092673494377,True,False,False,True
172.0,-0.03972013451687659,-29.741289970833368,-0.006653744978692644,-0.043907306891184314,True,False,False,True
172.25,-0.0413517630821616,-29.75219880437709,-0.006399231452295873,-0.04336338595476211,True,False,False,True
172.5,-0.04293686569496906,-29.762947865290723,-0.0062815151265894036,-0.042629112685892166,True,False,False,True
172.75,-0.044479323862431426,-29.773535994267842,-0.006058090077388233,-0.042075941392848495,True,False,False,True
173.0,-0.04596079273284267,-29.784001969539908,-0.005793619721208381,-0.04165188783912207,True,False,False,True
173.25,-0.047375502864779685,-29.79434475610459,-0.00552400904130947,-0.04109043100325133,True,False,False,True
173.5,-0.04874021270104057,-29.80456252262091,-0.00539362777486925,-0.04065171560848328,True,False,False,True
173.75,-0.05003916548780319,-29.814658781609516,-0.004997938921484996,-0.040118396157444176,True,False,False,True
174.0,-0.051271173905792417,-29.824627399644186,-0.004858077058673645,-0.039630561993281535,True,False,False,True
174.25,-0.052474068883276125,-29.83447173237995,-0.004765041756349342,-0.03912410525156404,True,False,False,True
174.5,-0.05365432182422306,-29.84417760075144,-0.004676925098634193,-0.038522850947425955,True,False,False,True
174.75,-0.05484330960574377,-29.853726930362757,-0.004834920910291612,-0.03787176882372367,True,False,False,True
175.0,-0.056054188367728755,-29.86312783429232,-0.004852058094165553,-0.03733546032484065,True,False,False,True
175.25,-0.05724393317593704,-29.872379295843317,-0.004665829940568401,-0.03667625357920002,True,False,False,True
175.5,-0.058357935554386516,-29.88149492128529,-0.004246148815018183,-0.03624878909505931,True,False,False,True
175.75,-0.05941677597106517,-29.89048417582094,-0.004224514008743258,-0.03566525145512766,True,False,False,True
176.0,-0.0604780063327911,-29.899328393916075,-0.00426527906129287,-0.035088487482560125,True,False,False,True
176.25,-0.06152408829323772,-29.908012480921396,-0.004103309605994369,-0.034384220627133935,True,False,False,True
176.5,-0.06251301927788849,-29.916541291054767,-0.0038080863632196475,-0.03384628689361909,True,False,False,True
176.75,-0.06344192258232227,-29.924923829080708,-0.003623078919868291,-0.03321403575734416,True,False,False,True
177.0,-0.06435099485790002,-29.933132900632074,-0.003649427307161647,-0.032458533858375625,True,False,False,True
177.25,-0.06527945513931854,-29.94120168567247,-0.0037782231862927736,-0.032091733974966855,True,False,False,True
177.5,-0.06617395021804792,-29.94915925940368,-0.003377677669430326,-0.03156889438882545,True,False,False,True
177.75,-0.06701191082795668,-29.956998875945153,-0.0033259657662356515,-0.031148042980313966,True,False,False,True
178.0,-0.06783015957393333,-29.964731967890163,-0.003219986576666292,-0.030716700617822962,True,False,False,True
178.25,-0.06862881749359022,-29.97234591122147,-0.0031692204067518305,-0.030194849343672017,True,False,False,True
178.5,-0.06942147415527854,-29.979832979635905,-0.003171984023939589,-0.02970169789227401,True,False,False,True
178.75,-0.07022554531416572,-29.98720221564956,-0.0032605399972301316,-0.02925218182132618,True,False,False,True
179.0,-0.07102026997747375,-29.994449579679284,-0.0030972040728677423,-0.028726747541599464,True,False,False,True
179.25,-0.07175625759841002,-30.001590948145928,-0.0027906661333334144,-0.028404228967340493,True,False,False,True
179.5,-0.07241263929654017,-30.008640441643234,-0.002460345293405941,-0.02799175062471694,True,False,False,True
179.75,-0.07301552129584517,-30.015572131726497,-0.0023626657308637306,-0.027461779082190177,True,False,False,True
180.0,-0.07361888005534581,-30.022366101874074,-0.0024641507358912837,-0.026889973714683678,True,False,False,True
180.25,-0.07423270002899346,-30.029026616427984,-0.002446359059683524,-0.026394141951603917,True,False,False,True
180.5,-0.07482823413387724,-30.035561282685947,-0.0023178727948720834,-0.02588319974307587,True,False,False,True
180.75,-0.07540776026050693,-30.041961916485203,-0.0023182838355060367,-0.025321868641069518,True,False,False,True
181.0,-0.07596063113488397,-30.04824133189256,-0.0021046427824810907,-0.024913475083871914,True,False,False,True
181.25,-0.07645703715859599,-30.05441652368019,-0.0018665693410053613,-0.02448808376706337,True,False,False,True
181.5,-0.07691670218829942,-30.060445976894215,-0.0018106888430424115,-0.023747549062807773,True,False,False,True
181.75,-0.07734943204760769,-30.066320335643738,-0.001651100475626631,-0.0232473383807659,True,False,False,True
182.0,-0.07774193679213183,-30.0720633991404,-0.001488879251940689,-0.022697185695906258,True,False,False,True
182.25,-0.0780844449716111,-30.07766720097639,-0.001251125867647196,-0.0221332503517538,True,False,False,True
182.5,-0.07839888547995998,-30.08316044391,-0.001264360947177405,-0.021812693921371033,True,False,False,True
182.75,-0.07870484737186695,-30.088583624003828,-0.001183309435820984,-0.021572755292958417,True,False,False,True
183.0,-0.07896441538972433,-30.093921120900227,-0.0008931987435574981,-0.021127246139510097,True,False,False,True
183.25,-0.07916795877601417,-30.099134935848,-0.0007350908611370235,-0.02058328866720718,True,False,False,True
183.5,-0.07935282284153834,-30.10423727710511,-0.0007437864639279756,-0.020235441243838033,True,False,False,True
183.75,-0.0795438193544138,-30.109238814757983,-0.0007841365120105567,-0.01977686133583774,True,False,False,True
184.0,-0.07974854473104247,-30.114125467253302,-0.0008536152825095525,-0.019316353867568796,True,False,False,True
184.25,-0.07997326236638642,-30.11889054914547,-0.0009440764672679139,-0.018804295871184283,True,False,False,True
184.5,-0.08021195921586485,-30.123569381791594,-0.0009654875582412251,-0.01862636283092418,True,False,False,True
184.75,-0.0804230152551948,-30.128212519558776,-0.0007229532907659514,-0.018518758635881885,True,False,False,True
185.0,-0.08057063858444227,-30.132797884499666,-0.0004579906471347886,-0.01816418681922275,True,False,False,True
185.25,-0.08066762183645264,-30.13730487122174,-0.00031784831772584815,-0.01789171921589001,True,False,False,True
185.5,-0.08072602724329778,-30.141710072379258,-0.0001493429734714946,-0.017349904992645215,True,False,False,True
185.75,-0.08073705924911118,-30.146003740179637,6.111946232007642e-05,-0.016999457412543082,True,False,False,True
186.0,-0.08072578291387458,-30.150191064508423,2.9146083220854546e-05,-0.016499134224283125,True,False,False,True
186.25,-0.08068407498763476,-30.154275703647325,0.00030454369073339843,-0.01617800289160542,True,False,False,True
186.5,-0.08059265318845402,-30.158261989723204,0.0004268692092022769,-0.01571229375379969,True,False,False,True
186.75,-0.08045761639213046,-30.162162499637667,0.0006534498258669655,-0.01549180798993169,True,False,False,True
187.0,-0.08025972141059994,-30.166001866560492,0.000929726802648724,-0.015223152151642463,True,False,False,True
187.25,-0.08000674156608846,-30.169738577104287,0.0010941628022961211,-0.014670549109876507,True,False,False,True
187.5,-0.0797345273365839,-30.1733820277465,0.0010835792443949221,-0.01447705663496051,True,False,False,True
187.75,-0.07945702382089972,-30.176964863063034,0.0011364785060588717,-0.014185628832685853,True,False,False,True
188.0,-0.07914905732248523,-30.18043737963891,0.001327300978512004,-0.013594518586229546,True,False,False,True
188.25,-0.07880760523833359,-30.183791862130178,0.0014043486016486612,-0.013241350034227993,True,False,False,True
188.5,-0.07843317120657266,-30.187052591710003,0.0015911637886467309,-0.012844502415979876,True,False,False,True
188.75,-0.07801984750790071,-30.190221965833523,0.0017154465449317202,-0.012510500868288739,True,False,False,True
189.0,-0.07757267461303897,-30.193280870015275,0.0018619974638764483,-0.011960747585235156,True,False,False,True
189.25,-0.07707782588834178,-30.19624504698985,0.002096812475902453,-0.011752689998272914,True,False,False,True
189.5,-0.07654926347803233,-30.199129384741912,0.002131729783055661,-0.011322015528679136,True,False,False,True
189.75,-0.07600308517553928,-30.20193921559952,0.0022377173397357883,-0.011156644266482859,True,False,False,True
190.0,-0.07543679763080992,-30.20467254493305,0.0022926189216065374,-0.010709994398926939,True,False,False,True
190.25,-0.07489766018252425,-30.207321342540645,0.002020487535964649,-0.01048035991191527,True,False,False,True
190.5,-0.07439333481366943,-30.209879675489617,0.0020141593887802248,-0.009986302077789553,True,False,False,True
190.75,-0.0738945658275451,-30.212366229331362,0.001975989798149738,-0.009906124037293686,True,False,False,True
191.0,-0.07341006771695052,-30.21480086849432,0.0019000274415835877,-0.009570982579009424,True,False,False,True
191.25,-0.0729275624781283,-30.21716813837411,0.001960043616806864,-0.009367181778123687,True,False,False,True
191.5,-0.07241718268855529,-30.219489195813072,0.002123014254457156,-0.009201292800788024,True,False,False,True
191.75,-0.07186425999703856,-30.22177964650175,0.002300379042120382,-0.009122331510451862,True,False,False,True
192.0,-0.07126775250557729,-30.22404840581769,0.002471691298207894,-0.00902775759062214,True,False,False,True
192.25,-0.07065913409987463,-30.22625992645798,0.0023972920600952782,-0.008664399265197367,True,False,False,True
192.5,-0.07005855672780625,-30.2283987610437,0.0024073401139708198,-0.008446275672777817,True,False,False,True
192.75,-0.06945107297650606,-30.230514610366136,0.0024525281709605468,-0.008480524446979035,True,False,False,True
193.0,-0.06882482993263928,-30.23261455974368,0.0025574327277335385,-0.008319080491885646,True,False,False,True
193.25,-0.06816867219386076,-30.234647581372514,0.0026918637448084884,-0.007945104444428462,True,False,False,True
193.5,-0.0674876654082343,-30.236592262705496,0.002756219623801494,-0.007612353015540197,True,False,False,True
193.75,-0.06676911478861894,-30.238483940832552,0.0029921907704093115,-0.007521094270160226,True,False,False,True
194.0,-0.06598565090789664,-30.240325613820485,0.0032755467862319934,-0.007212315069196861,True,False,False,True
194.25,-0.06518463154557082,-30.242124024436155,0.0031326205139599814,-0.007174959771209045,True,False,False,True
194.5,-0.06439856571511422,-30.243867548358338,0.0031559438014169758,-0.006773233999688157,True,False,False,True
194.75,-0.0636186949111271,-30.24553956589286,0.003083043351843222,-0.006602901760968629,True,False,False,True
195.0,-0.06286114727559831,-30.24716253575067,0.002977351197546836,-0.006380846011707186,True,False,False,True
195.25,-0.06214286280555603,-30.24872673422966,0.0027689434164144683,-0.006132721935615135,True,False,False,True
195.5,-0.06145293487280175,-30.25020748740659,0.002750517187044055,-0.005713299613971975,True,False,False,True
195.75,-0.06078035187185545,-30.251594889446167,0.002630182036443135,-0.005385906957699167,True,False,False,True
196.0,-0.060140576285916965,-30.25289900864447,0.0024880511731978985,-0.0050470332344169635,True,False,False,True
196.25,-0.05952492533467305,-30.25412863841949,0.0024371806582306893,-0.004789997803223065,True,False,False,True
196.5,-0.05892066166517154,-30.255296219372944,0.0023969512934938,-0.004550644959175301,True,False,False,True
196.75,-0.05831887994783137,-30.256394890640728,0.0024173392881887273,-0.004238728352875808,True,False,False,True
197.0,-0.05769652706957863,-30.257437506626317,0.00256149868275294,-0.0041022154293984285,True,False,False,True
197.25,-0.05705669664988716,-30.25843247629746,0.002557156635512099,-0.003857536915936134,True,False,False,True
197.5,-0.05641657562611273,-30.259373269804417,0.0025638326439719333,-0.0036688135515426804,True,False,False,True
197.75,-0.05579709714676595,-30.260254307322306,0.0023920201265994964,-0.0033794696238006647,True,False,False,True
198.0,-0.05522800631261794,-30.261071033294055,0.002160734022649026,-0.0031543166532782786,True,False,False,True
198.25,-0.054658182385617024,-30.261839368965134,0.002397877625327352,-0.002992392319484973,True,False,False,True
198.5,-0.05403324433904848,-30.262573626029273,0.002601631263636099,-0.0028816852224293685,True,False,False,True
198.75,-0.05336350987562696,-30.263264272827012,0.00275627748555745,-0.0026435049365295853,True,False,False,True
199.0,-0.05266640370769449,-30.26390629578441,0.002820591889214921,-0.002492686832179367,True,False,False,True
199.25,-0.05193438357860511,-30.2645114869816,0.0030355894065740713,-0.0023488647891591026,True,False,False,True
199.5,-0.051149906034168205,-30.26505393870524,0.003240266070159044,-0.001990770399179803,True,False,False,True
199.75,-0.05032758669298702,-30.265538325643508,0.0033382929390941354,-0.0018843350204589145,True,False,False,True
200.0,-0.049474712116178314,-30.26601278022962,0.0034847038737756963,-0.0019113191660380658,True,False,False,True
200.25,-0.048612321043428205,-30.266489889861106,0.003414426156995942,-0.0019055533119422985,True,False,False,True
200.5,-0.04777703174873285,-30.266936442545106,0.003267909055195993,-0.0016668532207518693,True,False,False,True
200.75,-0.046958606271912125,-30.26734535710054,0.0032795035638172668,-0.001604462109546344,True,False,False,True
201.0,-0.046120505105311974,-30.267709879381123,0.0034253372032923,-0.0013117325858698682,True,False,False,True
201.25,-0.04527512066983235,-30.268029754537984,0.0033377460403735265,-0.0012472620475109638,True,False,False,True
201.5,-0.04444755532200914,-30.26833370988597,0.003282778647312419,-0.001184375350131371,True,False,False,True
201.75,-0.04360820190407481,-30.26860703329759,0.003432070984954974,-0.0010022284236244005,True,False,False,True
202.0,-0.04274564504549804,-30.268857572786924,0.003468392446958596,-0.0010020935984066744,True,False,False,True
202.25,-0.04188461101180254,-30.269057973284408,0.00341991840767384,-0.0006011076366797035,True,False,False,True
202.5,-0.04103500046769365,-30.269205221076195,0.003376970038203274,-0.000576871412400803,True,False,False,True
202.75,-0.04018254718590687,-30.269324492670897,0.0034426694460567564,-0.00037730640202325485,True,False,False,True
203.0,-0.03934245647631649,-30.26940447747799,0.003278070413105544,-0.00026255809337977123,True,False,False,True
203.25,-0.03851766707769426,-30.2694644640093,0.003320241869078179,-0.00021733558403611537,True,False,False,True
203.5,-0.03770452230238426,-30.269495525935838,0.003184927332012283,-3.114348677559886e-05,True,False,False,True
203.75,-0.03691980270072743,-30.269488445162867,0.003092846505252482,8.779529183964389e-05,True,False,False,True
204.0,-0.036161408518862966,-30.269490574636574,0.0029742924631056405,-0.00010482139836640738,True,False,False,True
204.25,-0.03542235835236436,-30.269478696545914,0.0029381328415200303,0.00019985077268320624,True,False,False,True
204.5,-0.03467007730781591,-30.269412424479366,0.003080128861166022,0.00033031215283313474,True,False,False,True
204.75,-0.03388700472399747,-30.269333873934528,0.003184439621536486,0.00029808439654878003,True,False,False,True
205.0,-0.033110763871581565,-30.269272635895266,0.003025487824874544,0.0001918327788866025,True,False,False,True
205.25,-0.03235409026541711,-30.269217507482477,0.003027898357780258,0.0002491980448981198,True,False,False,True
205.5,-0.031599470500343764,-30.269159343361032,0.003009059549006321,0.00021611582373006074,True,False,False,True
205.75,-0.030840530508515224,-30.269094843681803,0.0030624807781530067,0.00029987251800851116,True,False,False,True
206.0,-0.030073350161183926,-30.269016992077074,0.0030749628935603235,0.0003229421563341801,True,False,False,True
206.25,-0.029296338339428955,-30.268929793328503,0.00314113252228633,0.0003746416078424818,True,False,False,True
206.5,-0.028529193435555156,-30.26883771136462,0.0029960232405681145,0.00036202681962666124,True,False,False,True
206.75,-0.02778604892415002,-30.268735673686468,0.002949144942901598,0.0004542810020948098,True,False,False,True
207.0,-0.027086470475521186,-30.268632552305707,0.002647476401970779,0.00037071649807956164,True,False,False,True
207.25,-0.026419811156911218,-30.268503299321583,0.002685830179895314,0.0006633023120499066,True,False,False,True
207.5,-0.025778109759192633,-30.268326391210724,0.0024477820409821646,0.00075198685493939,True,False,False,True
207.75,-0.025211296519797182,-30.2681312649567,0.0020867256980758517,0.0008090586138776707,True,False,False,True
208.0,-0.024700398679487826,-30.26792324800443,0.0020004619151631695,0.0008550854710178061,True,False,False,True
208.25,-0.02419251784916148,-30.267700877625987,0.002062585237098735,0.0009238743634282294,True,False,False,True
208.5,-0.023684830358129835,-30.267470167048625,0.0019989266046192833,0.0009218143977839749,True,False,False,True
208.75,-0.023200119115194626,-30.267273283745673,0.0018787371963057478,0.0006532668533610699,True,False,False,True
209.0,-0.022726706358693394,-30.26710545285928,0.0019085601299343863,0.0006893810817667156,True,False,False,True
209.25,-0.02223870379882458,-30.26691219146512,0.0019954774555947102,0.0008567028252403889,True,False,False,True
209.5,-0.02172267774523458,-30.266681491277684,0.0021327510756205884,0.0009888850407677764,True,False,False,True
209.75,-0.021212286479268202,-30.266447103611203,0.0019503794895114196,0.0008862322862089629,True,False,False,True
210.0,-0.020753470466986505,-30.266194515590406,0.0017201683337321055,0.001134493640810606,True,False,False,True
210.25,-0.02031420592919225,-30.265920038902976,0.0017939459955287618,0.0010613109101304777,True,False,False,True
210.5,-0.019841143268898537,-30.2656579134533,0.00199055154895169,0.0010356750707553241,True,False,False,True
210.75,-0.019314860281229772,-30.265358883209167,0.0022197443854319876,0.0013565462509566213,True,False,False,True
211.0,-0.018746937733778696,-30.2650168435646,0.0023236408137687695,0.0013797603852949867,True,False,False,True
211.25,-0.01818622410648677,-30.264689368192794,0.002162057266670417,0.0012400575255684047,True,False,False,True
211.5,-0.01763013483729143,-30.264352071738653,0.002286677390851803,0.0014583022462372592,True,False,False,True
211.75,-0.017057814460735544,-30.26399609822816,0.0022918753217270743,0.0013894850066637709,True,False,False,True
212.0,-0.01645990635957135,-30.26364350740926,0.0024913904410791277,0.0014312240155487778,True,False,False,True
212.25,-0.015844932782429617,-30.26330340965846,0.0024283851088512318,0.0012895636353883284,True,False,False,True
212.5,-0.015229095220152707,-30.263016140554235,0.0024982867195065678,0.0010085812347269292,True,False,False,True
212.75,-0.014597541681206389,-30.262739598951104,0.0025541547672596546,0.0012037468066964237,True,False,False,True
213.0,-0.013915031402446302,-30.262463376017543,0.0029059112828571237,0.0010060017455524185,True,False,False,True
213.25,-0.013210048038169265,-30.26219943021966,0.0027339642989665444,0.0011055789600886046,True,False,False,True
213.5,-0.012495922305814484,-30.261900087166516,0.0029790604556898664,0.0012891395420127608,True,False,False,True
213.75,-0.011775391542331516,-30.261571502467614,0.0027851994967886817,0.00133955388848239,True,False,False,True
214.0,-0.011072907916360751,-30.261249528755013,0.002834662505610132,0.001236230697029798,True,False,False,True
214.25,-0.010371329159503636,-30.26094105236456,0.0027779689296773616,0.0012315877305791676,True,False,False,True
214.5,-0.009699990013109977,-30.260593856034724,0.0025927699982340457,0.0015460004729727027,True,False,False,True
214.75,-0.009042745637303081,-30.260198146581832,0.0026651975983058573,0.0016196668072877155,True,False,False,True
215.0,-0.008364992178328841,-30.25977568956353,0.0027568383306240604,0.0017599831691698163,True,False,False,True
215.25,-0.007684466212922051,-30.259352774557147,0.0026873477388855566,0.0016233457275122729,True,False,False,True
215.5,-0.007021455949281602,-30.258958698751098,0.0026167299760595925,0.0015292665603735245,True,False,False,True
215.75,-0.00635594126322314,-30.25857691969214,0.002707382072961506,0.0015249578255436718,True,False,False,True
216.0,-0.005673607551347951,-30.258203268720205,0.002751279999961255,0.0014642450004400895,True,False,False,True
216.25,-0.0049693892063539654,-30.257820859935112,0.0028824734983070935,0.0015950116991384326,True,False,False,True
216.5,-0.004224206542564893,-30.257410311262362,0.0030789856451042957,0.001689362169214795,True,False,False,True
216.75,-0.003458559216410088,-30.256963626640037,0.003046224677779763,0.0018841149487165024,True,False,False,True
217.0,-0.0026977292591275235,-30.25648196218458,0.003040430975516699,0.0019691996666330717,True,False,False,True
217.25,-0.0019662911981437364,-30.255981084956655,0.002811078977597914,0.002037837664530481,True,False,False,True
217.5,-0.0012552186639225252,-30.255472836598404,0.0028774940636679958,0.00202814467796848,True,False,False,True
217.75,-0.0005463450156479541,-30.254955825158493,0.002793509207239586,0.0021079521109646014,True,False,False,True
218.0,0.00013841829362839215,-30.25445086093124,0.0026845773777717102,0.0019317712615297832,True,False,False,True
218.25,0.0008197240685818583,-30.253967068431347,0.0027658669883171214,0.0019385630029626817,True,False,False,True
218.5,0.0015408195332334777,-30.253501420563936,0.0030028803609513446,0.0017865966374848738,True,False,False,True
218.75,0.002306210424571359,-30.253093407214635,0.003120215314536788,0.0014775009324575477,True,False,False,True
219.0,0.0031048287877123095,-30.252731518165803,0.003268730267007927,0.001417596755229068,True,False,False,True
219.25,0.0038997234316683633,-30.252353517183693,0.0030904427522499764,0.001606428171627879,True,False,False,True
219.5,0.004688381482031181,-30.25193326972478,0.003218837164503205,0.001755539314389409,True,False,False,True
219.75,0.0054850179180103015,-30.25148291338668,0.003154261461768254,0.0018473181959211664,True,False,False,True
220.0,0.006255304527244809,-30.251000380239727,0.003008047605191036,0.002012962824845016,True,False,False,True
220.25,0.0069982324911414765,-30.25047698115439,0.0029353805531681515,0.0021742382397606824,True,False,False,True
220.5,0.007694418334338375,-30.24996196069569,0.002634084608490357,0.0019459545199795676,True,False,False,True
220.75,0.008359375552349344,-30.24948900651625,0.002685555808162675,0.001837677117606629,True,False,False,True
221.0,0.008996898702523922,-30.249041101990514,0.0024146150137324754,0.001745583808505208,True,False,False,True
221.25,0.00961280233358215,-30.248597815916966,0.0025126213486436413,0.0018006959281586024,True,False,False,True
221.5,0.01021635668879667,-30.248118880678405,0.002315831396724477,0.00203080499779369,True,False,False,True
221.75,0.010802710051208822,-30.247631478920262,0.0023749767202086713,0.0018684042609668986,True,False,False,True
222.0,0.011397709157367824,-30.247162915261974,0.002385018212402709,0.0018801045829122203,True,False,False,True
222.25,0.011965927925417806,-30.24669956621894,0.002160730164308622,0.0018267061648746124,True,False,False,True
222.5,0.012495944292611198,-30.246248565810454,0.002079391364245571,0.0017813056339821371,True,False,False,True
222.75,0.012998881654784824,-30.24580603664931,0.0019441064852626089,0.0017589414259800403,True,False,False,True
223.0,0.0134889525196719,-30.245388714400804,0.0019764538019891725,0.0015796327980641717,True,False,False,True
223.25,0.013952313006552686,-30.245001308809947,0.001730427881648379,0.0015196349323839062,True,False,False,True
223.5,0.014361706041857172,-30.244575112827295,0.0015447453196503341,0.0018899524669190432,True,False,False,True
223.75,0.014756361954150216,-30.244082199361255,0.0016125238576604403,0.0020533486899621807,True,False,False,True
224.0,0.015143021731686081,-30.243554002429335,0.0014807792274280224,0.0021722382865895064,True,False,False,True
224.25,0.015516182948481219,-30.243038106049557,0.0015044836574613224,0.0019549332097772115,True,False,False,True
224.5,0.015884286195492363,-30.242542455362603,0.0014403393089307062,0.002010279722441694,True,False,False,True
224.75,0.016276448377334274,-30.24204656845576,0.0016969578867726196,0.0019567894983420347,True,False,False,True
225.0,0.01668620176358703,-30.24156719310572,0.0015810662755135901,0.0018782237022459231,True,False,False,True
225.25,0.01708496429914349,-30.241066180412545,0.0016090600402498267,0.002129873491629771,True,False,False,True
225.5,0.017471402514949344,-30.24053383864934,0.0014824430464317195,0.0021288744754239973,True,False,False,True
225.75,0.017866884903558075,-30.240001865624315,0.0016814234304271952,0.0021268902197790836,True,False,False,True
226.0,0.01831721922313488,-30.239460605668835,0.0019212661079578489,0.00220316491903418,True,False,False,True
226.25,0.018792579452790305,-30.238932679554704,0.0018815886482918126,0.0020202486027465923,True,False,False,True
226.5,0.019273006595276095,-30.238418259325655,0.0019618362252791996,0.0020951059103547637,True,False,False,True
226.75,0.019762897345477152,-30.23789443616687,0.0019572844302114256,0.002095480098592297,True,False,False,True
227.0,0.020276802608173217,-30.237368282018263,0.0021539553764206368,0.0021137372623029386,True,False,False,True
227.25,0.020807873079021436,-30.236843994438964,0.002094606061000301,0.00208056678216548,True,False,False,True
227.5,0.021303437065976632,-30.236296416227077,0.001869926461771948,0.00230007891588801,True,False,False,True
227.75,0.02177294299692984,-30.2357154707312,0.0018861166858771122,0.0023474866924244673,True,False,False,True
228.0,0.02224631911075985,-30.235153218995563,0.0019008754811578321,0.0021505257735783623,True,False,False,True
228.25,0.02270913554092996,-30.23460269701285,0.0018016736135550854,0.002253656762075647,True,False,False,True
228.5,0.023133186730409212,-30.234030360444848,0.0015907548978284225,0.0023250544805845427,True,False,False,True
228.75,0.023517276222472853,-30.233456496832233,0.0014819582187516958,0.0022658626718406035,True,False,False,True
229.0,0.023884523136714176,-30.232874018680224,0.0014560348084161068,0.0023939620533720497,True,False,False,True
229.25,0.02423484457729712,-30.232268522083334,0.001346533487737403,0.0024500229001589787,True,False,False,True
229.5,0.02454906428946838,-30.231665563498503,0.0011672186681155258,0.0023736634573355638,True,False,False,True
229.75,0.024840311425538924,-30.231093031458002,0.0011627321138480418,0.0022065946394491695,True,False,False,True
230.0,0.025134531536381115,-30.23054485424658,0.0011910268007427616,0.0021788201571288825,True,False,False,True
230.25,0.025457729585916213,-30.229980838752798,0.0013945768155529115,0.002333283203718636,True,False,False,True
230.5,0.02579867653882092,-30.229383726076346,0.0013329967830060865,0.002443626837301717,True,False,False,True
230.75,0.02613260425834227,-30.228779681672567,0.00133842117638968,0.0023887284639666595,True,False,False,True
231.0,0.026454939147396963,-30.228158278961004,0.0012402812063433133,0.002582502186526665,True,False,False,True
231.25,0.02676826296866639,-30.227503723649917,0.0012663177220160957,0.002653936462152499,True,False,False,True
231.5,0.02709791325604929,-30.226831808214552,0.0013708947464934479,0.0027213771158182925,True,False,False,True
231.75,0.027414029291329866,-30.22616465076588,0.0011580258249353007,0.002615904062115056,True,False,False,True
232.0,0.027671173994699122,-30.225509369150867,0.000899135890252506,0.002626371503769893,True,False,False,True
232.25,0.027923949391021864,-30.224840865516523,0.001123073150504597,0.0027216367393900973,True,False,False,True
232.5,0.0281946825101763,-30.22417020553119,0.0010427848250816746,0.002643648760250348,True,False,False,True
232.75,0.028447435532211667,-30.22353063821478,0.0009792217122883834,0.0024728968878531283,True,False,False,True
233.0,0.02870162351192287,-30.222944211152683,0.0010542652447301654,0.00221851399224878,True,False,False,True
233.25,0.028979643176839605,-30.222389031981713,0.0011698915458082867,0.002222909932677298,True,False,False,True
233.5,0.029274488300340046,-30.22186335946387,0.0011888519520216814,0.0019824670506683375,True,False,False,True
233.75,0.02958261300520975,-30.22139915676735,0.0012761172334397677,0.001731148673517804,True,False,False,True
234.0,0.02990930844463876,-30.220967114594494,0.0013374505412394322,0.0017251808954164168,True,False,False,True
234.25,0.030241157411389042,-30.220530690383068,0.0013173401731475728,0.0017662171270899994,True,False,False,True
234.5,0.030572230394035546,-30.220093094520777,0.0013312420117773255,0.001734548329123017,True,False,False,True
234.75,0.030922147298022555,-30.219652654130815,0.0014681054117731546,0.0017889605811860305,True,False,False,True
235.0,0.03125899620195782,-30.219203417938683,0.0012266819931890521,0.0018049523771674182,True,False,False,True
235.25,0.031590120585444914,-30.218739171764977,0.001422327130470226,0.0019089958980735761,True,False,False,True
235.5,0.03197540894614323,-30.21827635561627,0.001659962411195412,0.001793510916218574,True,False,False,True
235.75,0.03239956559451326,-30.21785282893664,0.001733279722050854,0.0015946940640089687,True,False,False,True
236.0,0.032845297275870565,-30.217467113132024,0.0018325712068433253,0.001491020405317118,True,False,False,True
236.25,0.03328431766007395,-30.217082738311774,0.0016795927683121367,0.0015839907509473104,True,False,False,True
236.5,0.03369881516589714,-30.21668266756791,0.00163639668164485,0.0016165769878603708,True,False,False,True
236.75,0.03409580572224196,-30.216276870062178,0.0015395361186259227,0.0016298080365183417,True,False,False,True
237.0,0.03447480576914718,-30.21588698349424,0.0014924559511958133,0.001489287917164673,True,False,False,True
237.25,0.03482734847204321,-30.21548468635536,0.0013279083689031468,0.0017291052623570973,True,False,False,True
237.5,0.035166823345858286,-30.215044784484586,0.0013878933664327395,0.0017901050882242787,True,False,False,True
237.75,0.035523951306624994,-30.214581392012793,0.001469137453111044,0.0019170261433535288,True,False,False,True
238.0,0.03591015665613691,-30.21409299280895,0.0016205102822078737,0.001990153375014524,True,False,False,True
238.25,0.0363353451365949,-30.21360911695897,0.0017809859042856452,0.0018808375690953733,True,False,False,True
238.5,0.03678495949116737,-30.21312170932843,0.001815944983731714,0.0020184180343640295,True,False,False,True
238.75,0.03724939100897315,-30.21259348782329,0.0018995247477585839,0.0022073455309391124,True,False,False,True
239.0,0.03771531955810746,-30.212031505626125,0.0018279123695648172,0.002288518856907208,True,False,False,True
239.25,0.03815591383432805,-30.211454915045792,0.0016968431913396906,0.0023242174397402476,True,False,False,True
239.5,0.03859005130880562,-30.210863167926714,0.0017762639819819681,0.002409753528759471,True,False,False,True
239.75,0.03903257127745774,-30.210263885332097,0.0017638890527209017,0.002384509384218857,True,False,False,True
240.0,0.039486510238863265,-30.20966978847184,0.0018676187048120227,0.002368255574939863,True,False,False,True
240.25,0.03993042654885161,-30.209073795733634,0.0016837153725926812,0.002399702869669328,True,False,False,True
240.5,0.04034496075528626,-30.208470231805844,0.0016325594282682876,0.002428815208932134,True,False,False,True
240.75,0.04077012043194969,-30.207852605937276,0.0017687237089225594,0.0025121817997470117,True,False,False,True
241.0,0.04123048414275224,-30.207213491624078,0.0019141915430691478,0.002600721200378252,True,False,False,True
241.25,0.04170830247535651,-30.20655820612932,0.0019083700277315735,0.002641559226510992,True,False,False,True
241.5,0.04215092339454404,-30.20591143334879,0.0016325873117409434,0.0025326462512555237,True,False,False,True
241.75,0.0425687459390023,-30.205245340947837,0.001710022816003423,0.00279608605198125,True,False,False,True
242.0,0.043000119076152574,-30.204534937465734,0.0017409723171250974,0.0028871368223154694,True,False,False,True
242.25,0.04343070433371692,-30.203816384842085,0.0017037054075596803,0.0028612891696458372,True,False,False,True
242.5,0.04382641534164179,-30.203105615466956,0.001461988269445845,0.0028248849687450067,True,False,False,True
242.75,0.04418251967539456,-30.202399979227607,0.001386854209929178,0.002820211549756193,True,False,False,True
243.0,0.04450101158189331,-30.201682863487992,0.0011610936693075002,0.002916735298566319,True,False,False,True
243.25,0.04474845435213389,-30.200938680887717,0.000818465183646408,0.003036755246947653,True,False,False,True
243.5,0.044954709915975055,-30.20018964115195,0.0008315679601192533,0.00295556385690347,True,False,False,True
243.75,0.04510951215621993,-30.19945297744062,0.000406848613907565,0.0029377829831895227,True,False,False,True
244.0,0.04520913376352358,-30.1986872789545,0.0003901499112298895,0.0031878040114503288,True,False,False,True
244.25,0.04526639517893502,-30.197914808201148,6.793096055233289e-05,0.0029919895692247134,True,False,False,True
244.5,0.045264359376414647,-30.197146275425585,-8.41993348573225e-05,0.00315628246611874,True,False,False,True
244.75,0.0452147671368408,-30.196353459608197,-0.00031253229136331967,0.0031862640334993078,True,False,False,True
245.0,0.04515135014529276,-30.195588596874167,-0.00019482733664875213,0.0029326247801491393,True,False,False,True
245.25,0.0450994194386157,-30.19484105095629,-0.000220613876350792,0.003047748324207617,True,False,False,True
245.5,0.04502429149126884,-30.194073677389657,-0.0003804060880231719,0.003091255662086257,True,False,False,True
245.75,0.04492735784244776,-30.193320718731133,-0.00039507712880673673,0.0029324125662291696,True,False,False,True
246.0,0.04482657498080369,-30.192574282841992,-0.00041117725394424626,0.0030390768546044236,True,False,False,True
246.25,0.04470997703615834,-30.191785911365205,-0.0005215892040963815,0.0032679064846967486,True,False,False,True
246.5,0.04457188180357937,-30.190948861262385,-0.0005831515705355117,0.003428497860874433,True,False,False,True
246.75,0.04443491818725835,-30.190057403443557,-0.0005125412111204389,0.0037031629823345326,True,False,False,True
247.0,0.044289947984068725,-30.18913336694565,-0.0006472143929257962,0.003689141508259708,True,False,False,True
247.25,0.04411793934055966,-30.18820725574541,-0.0007288558630096365,0.0037197541502000846,True,False,False,True
247.5,0.04390074121684229,-30.187289914262546,-0.001008740841266953,0.003619005663241978,True,False,False,True
247.75,0.0436441669712403,-30.186353218662575,-0.0010438388201977969,0.0038745658180579954,True,False,False,True
248.0,0.043383042804910996,-30.185399356893942,-0.0010451665174933122,0.003756327580901465,True,False,False,True
248.25,0.04311454682356674,-30.184478344162457,-0.0011028129725884628,0.003611780368992334,True,False,False,True
248.5,0.04284574371684307,-30.18359392020435,-0.001047624493933079,0.0034636069010719004,True,False,False,True
248.75,0.04255428521901918,-30.18270736270792,-0.001284030011138089,0.0036288788143392513,True,False,False,True
249.0,0.042213568400191595,-30.181788244124423,-0.0014416968104645836,0.003724085021413615,True,False,False,True
249.25,0.04186141030295887,-30.180838949594264,-0.0013755494792984588,0.0038702626247033352,True,False,False,True
249.5,0.0415366512550349,-30.17986485914333,-0.0012225145873973192,0.003922448556038674,True,False,False,True
249.75,0.041238010678853,-30.178871439795966,-0.0011665986078163645,0.0040248998118522904,True,False,False,True
250.0,0.04095474140876514,-30.17785149443287,-0.0010995469802804261,0.004134658729626251,True,False,False,True
250.25,0.040680656188304805,-30.176807585734508,-0.0010931202053289374,0.0042166068044227735,True,False,False,True
250.5,0.04041065122007784,-30.175730589305058,-0.0010669095662146633,0.00439936539600113,True,False,False,True
250.75,0.04014602077440195,-30.174635689046795,-0.0010501395442176278,0.0043598369411860785,True,False,False,True
251.0,0.03986611395538838,-30.17350771789675,-0.0011890915052593723,0.004663943994312267,True,False,False,True
251.25,0.039557295215583224,-30.172338905297373,-0.0012814629548354856,0.00468656710097483,True,False,False,True
251.5,0.03923528671476149,-30.171156479881905,-0.0012945980053226044,0.004772839051483854,True,False,False,True
251.75,0.03889596216978286,-30.169964870237884,-0.0014200027624767866,0.004760050427620801,True,False,False,True
252.0,0.03857198958494971,-30.168783080156928,-0.001171779369440698,0.004694246187740963,True,False,False,True
252.25,0.03828545995867511,-30.16762594067218,-0.0011204709060624457,0.004562863019031203,True,False,False,True
252.5,0.0380030382371187,-30.166492517311198,-0.0011389138894993128,0.004504528345096907,True,False,False,True
252.75,0.037713177386643655,-30.16538222877826,-0.0011799870556379877,0.004377783271794876,True,False,False,True
253.0,0.03742229322846384,-30.164284650894736,-0.001147085348261613,0.004402838530445305,True,False,False,True
253.25,0.03712012521516251,-30.16318961156202,-0.0012702554668387392,0.004357486154310821,True,False,False,True
253.5,0.0367702030418124,-30.162088832769797,-0.0015291151533899025,0.004448768669079399,True,False,False,True
253.75,0.03640624329398845,-30.160958258273585,-0.0013825548156399664,0.004595816806127582,True,False,False,True
254.0,0.03604952060154046,-30.15978816575869,-0.0014712157108122056,0.004764933090999815,True,False,False,True
254.25,0.0356846981371247,-30.158567052735922,-0.001447341269322,0.0050039672154230715,True,False,False,True
254.5,0.03531421946648943,-30.157314496247228,-0.0015164896227870123,0.005016493700782699,True,False,False,True
254.75,0.03493013689273203,-30.15607260704459,-0.0015561854193500146,0.004918627408578122,True,False,False,True
255.0,0.03453004206164672,-30.154840726376115,-0.0016445734984131266,0.0049364261736454815,True,False,False,True
255.25,0.034098011623929246,-30.153596872131914,-0.0018116599038825593,0.005014423287678427,True,False,False,True
255.5,0.03363347044875016,-30.152319613678625,-0.0019046533817467515,0.0052036544716977514,True,False,False,True
255.75,0.033175095592964526,-30.151000331956222,-0.001762333634159452,0.005350588585870077,True,False,False,True
256.0,0.03275103734588398,-30.149643013743344,-0.0016301213164387554,0.005507944584868116,True,False,False,True
256.25,0.03232314520391733,-30.148270336940517,-0.0017930256465875857,0.0054734849698588155,True,False,False,True
256.5,0.03188335455525736,-30.146916395910768,-0.0017253184582121175,0.005358038658606818,True,False,False,True
256.75,0.03145993775010225,-30.145578064420626,-0.0016620132431324625,0.005348605600434111,True,False,False,True
257.0,0.031063083428947265,-30.14423953582931,-0.001512826382678717,0.005359610584030616,True,False,False,True
257.25,0.030687064865182197,-30.142876828797235,-0.0014952977570966974,0.005542043397187172,True,False,False,True
257.5,0.030293778275396425,-30.141495055870166,-0.0016509938544441091,0.005512154511997547,True,False,False,True
257.75,0.029871530620476004,-30.140132254216255,-0.0017269978443263112,0.005390264247011431,True,False,False,True
258.0,0.02944098111966532,-30.138785193897757,-0.0017173970298254779,0.005386217383191271,True,False,False,True
258.25,0.02901863471633684,-30.137452250491698,-0.0016613826740918339,0.005277323145277609,True,False,False,True
258.5,0.028607318398353076,-30.13616016380329,-0.001629162598066336,0.005059366493531291,True,False,False,True
258.75,0.02821299300233457,-30.13491306040031,-0.0015254547599484747,0.004917449656058111,True,False,False,True
259.0,0.02786109456558066,-30.133696073760145,-0.0012897416602034653,0.0048184223285478575,True,False,False,True
259.25,0.027538357561345466,-30.132500448093595,-0.0012921632997263816,0.004746582354348709,True,False,False,True
259.5,0.027236493686555646,-30.131302388738018,-0.0011227351638348412,0.004837875895794745,True,False,False,True
259.75,0.02697903511210753,-30.130113830313885,-0.0009369513083243158,0.004670574473810292,True,False,False,True
260.0,0.026781788956252488,-30.128960005532708,-0.0006410207970983309,0.004559990218076425,True,False,False,True
260.25,0.02660095721632948,-30.127829233157804,-0.0008056320783448243,0.004486202595502867,True,False,False,True
260.5,0.026416436409867905,-30.126688864297922,-0.0006705214055382908,0.004636735318091931,True,False,False,True
260.75,0.02626754961124733,-30.125559717202016,-0.0005206016181324852,0.0043964292133455846,True,False,False,True
261.0,0.026146705721004988,-30.1244699040643,-0.00044616481092235594,0.004322072290799576,True,False,False,True
261.25,0.026040488082395438,-30.12339013148515,-0.00040357426077061026,0.00431610359866418,True,False,False,True
261.5,0.025937570875977523,-30.12232382499438,-0.0004197703915399739,0.004214349112429783,True,False,False,True
261.75,0.025846074554105192,-30.121277964112092,-0.00031219525719402424,0.0041525239784149,True,False,False,True
262.0,0.02578290305383427,-30.12024766392086,-0.00019318219737363834,0.0040898668398837495,True,False,False,True
262.25,0.02574737176739688,-30.119238086630716,-9.108270295082876e-05,0.003986743358384998,True,False,False,True
262.5,0.025734916083875632,-30.11824349281027,-8.558187176918586e-06,0.003969998783677955,True,False,False,True
262.75,0.02574893038548093,-30.117246566107106,0.0001206786000902682,0.004005401225878428,True,False,False,True
263.0,0.025756293144779133,-30.11625815771706,-6.177369080073714e-05,0.003901878202385507,True,False,False,True
263.25,0.02570782156467549,-30.115273653390116,-0.00032598650333737905,0.003974180460109417,True,False,False,True
263.5,0.025637354174094143,-30.114302990611083,-0.00023776521253120186,0.0037911119263664855,True,False,False,True
263.75,0.025567995433118794,-30.113354997473344,-0.0003170972091959476,0.0037928410738692834,True,False,False,True
264.0,0.025505588383412832,-30.11238045245351,-0.00018213565786837776,0.004003504551651986,True,False,False,True
264.25,0.0254498854448403,-30.11136293381332,-0.00026347034550014414,0.004136650516725224,True,False,False,True
264.5,0.025367413727690385,-30.11033082916745,-0.0003963035573218768,0.0041201993774858114,True,False,False,True
264.75,0.025286151954639915,-30.109306471629537,-0.000253784256363028,0.004074643132544819,True,False,False,True
265.0,0.025221460994193236,-30.10827956641834,-0.00026374570040538226,0.004140600541247644,True,False,False,True
265.25,0.025182168716252583,-30.107215937063,-5.0575089072878165e-05,0.004368416859776501,True,False,False,True
265.5,0.025156291995450605,-30.106153345859514,-0.00015646011123806453,0.004132323859843665,True,False,False,True
265.75,0.02508034264773406,-30.10514745243759,-0.00045116008968951876,0.003914853435519225,True,False,False,True
266.0,0.02497612091579651,-30.10417766467525,-0.00038262492058757647,0.0038434444633548824,True,False,False,True
266.25,0.02486280138195422,-30.103238103272343,-0.0005239441596297384,0.003673059424054561,True,False,False,True
266.5,0.024728936593409166,-30.102345665814795,-0.0005469980460447027,0.0034664433123130062,True,False,False,True
266.75,0.024572844323473002,-30.10146408311939,-0.0007017283712393227,0.0035862326833119513,True,False,False,True
267.0,0.024373864537609292,-30.100577249609515,-0.0008901183819692571,0.0035084515242712173,True,False,False,True
267.25,0.024163044092652266,-30.09969102164113,-0.0007964382174826465,0.003581363111351501,True,False,False,True
267.5,0.02395998783285299,-30.09879900582298,-0.0008280157623915055,0.003554768562010606,True,False,False,True
267.75,0.02376100214668143,-30.097902657397697,-0.0007638631869523807,0.0036160121362145427,True,False,False,True
268.0,0.023554648180680038,-30.097007236997182,-0.0008869785224611404,0.0035473636176154197,True,False,False,True
268.25,0.02331910030912529,-30.09611897374737,-0.0009974070272060417,0.003558752958956009,True,False,False,True
268.5,0.0230478491732524,-30.09522603863507,-0.001172599606181872,0.003584742645849409,True,False,False,True
268.75,0.02273689381865614,-30.094319761572997,-0.001315041015936734,0.0036654888831445962,True,False,False,True
269.0,0.022387665162347112,-30.09337829544056,-0.0014787698522563397,0.003866256072153831,True,False,False,True
269.25,0.022034563438742154,-30.092382774325046,-0.001346022572902672,0.004097900039783045,True,False,False,True
269.5,0.021694330102619726,-30.091375143549925,-0.0013758590170949991,0.00396314684257918,True,False,False,True
269.75,0.021332766581485366,-30.090368914660118,-0.0015166346093412678,0.004086697701101887,True,False,False,True
270.0,0.020936473918481927,-30.089345623081698,-0.0016537117978205201,0.004099651088882542,True,False,False,True
270.25,0.020496967248548745,-30.088303009740482,-0.0018623215360741227,0.004241273129048511,True,False,False,True
270.5,0.020018093760288697,-30.087244504350213,-0.0019686692990234234,0.004226783689190748,True,False,False,True
270.75,0.019518663946751825,-30.08620527539649,-0.0020267875277590885,0.004087055697783088,True,False,False,True
271.0,0.01901000054638351,-30.08520962389813,-0.0020425376663723294,0.003878158153220618,True,False,False,True
271.25,0.018511566220451293,-30.084260239979212,-0.001944951469146479,0.0037169033898556882,True,False,False,True
271.5,0.01804490902042597,-30.083341337745082,-0.0017883163068702773,0.0036343010884988753,True,False,False,True
271.75,0.017582652481184888,-30.08242405583962,-0.0019097262730852216,0.003703964771333509,True,False,False,True
272.0,0.01710034782644014,-30.08150121410157,-0.0019487180585502084,0.0036787758983307848,True,False,False,True
272.25,0.016606261305649062,-30.08060846190945,-0.002003997319594261,0.003463247332859985,True,False,False,True
272.5,0.01609002040997887,-30.079728661851494,-0.002125916927656221,0.0035751658846791415,True,False,False,True
272.75,0.015543410548455264,-30.078860255706815,-0.0022469815605565893,0.0033720928692691833,True,False,False,True
273.0,0.015003817650855652,-30.078045716814927,-0.002069780194934756,0.0031442000600385976,True,False,False,True
273.25,0.014493010299594397,-30.07728168076808,-0.002016698666364128,0.0029680829628206387,True,False,False,True
273.5,0.013973990605982377,-30.076533805413742,-0.0021354488109155897,0.0030149290273554057,True,False,False,True
273.75,0.013419670397233054,-30.075774990093816,-0.0022991087669859064,0.003055609459950663,True,False,False,True
274.0,0.012865566395780903,-30.074998677422883,-0.00213370722008481,0.003154872102759392,True,False,False,True
274.25,0.012328729000950708,-30.07422685458109,-0.0021610041492059334,0.003019711451294012,True,False,False,True
274.5,0.011789284232999133,-30.073479605574384,-0.0021545593682653977,0.002958279932354368,True,False,False,True
274.75,0.01125124787864144,-30.07273717249746,-0.002149726317738229,0.0029811813974769184,True,False,False,True
275.0,0.010718064504187276,-30.072020658497888,-0.00211576273620509,0.0027509284030414164,True,False,False,True
275.25,0.010204313422144968,-30.071326145251835,-0.0019942368478452696,0.002805166256218329,True,False,False,True
275.5,0.009716848556385549,-30.070599831422786,-0.0019054563586105508,0.0030053331466714955,True,False,False,True
275.75,0.009241306174538014,-30.069816010689873,-0.0018988566102350335,0.003265233071288184,True,False,False,True
276.0,0.008782185854339682,-30.069018580159664,-0.001774111511118448,0.0031141967298011545,True,False,False,True
276.25,0.008368860266757804,-30.06824680107797,-0.0015325018329243809,0.003060012876902372,True,False,False,True
276.5,0.007987222410858807,-30.067495384352323,-0.0015206157608915957,0.0029513194168006387,True,False,False,True
276.75,0.007610047292606974,-30.06677081306837,-0.0014967964893258315,0.002845249358230038,True,False,False,True
277.0,0.007244612992024396,-30.066077589620885,-0.001426689202280361,0.0027005294894467385,True,False,False,True
277.25,0.00688712226551494,-30.06540063428655,-0.0014332426384967636,0.0027151149549931378,True,False,False,True
277.5,0.00653120930782606,-30.064733007307968,-0.001414068139806865,0.002625899675312762,True,False,False,True
277.75,0.006174844540637712,-30.064062820327834,-0.0014368483777484967,0.00273560225700447,True,False,False,True
278.0,0.005829399715128685,-30.06337646987552,-0.0013267073703734436,0.002755188266132513,True,False,False,True
278.25,0.005494845816135863,-30.062692749884803,-0.001349730522248939,0.0027145724977761876,True,False,False,True
278.5,0.005169769163739541,-30.062003397551976,-0.0012508712973993905,0.0028002312050129023,True,False,False,True
278.75,0.00485683689559695,-30.061310023900408,-0.0012525916681162125,0.0027467605123304294,True,False,False,True
279.0,0.00452446698944185,-30.060604312862004,-0.001406359784991637,0.0028989418551112196,True,False,False,True
279.25,0.00417004274718178,-30.059880684211944,-0.0014290312083393777,0.002890085432957274,True,False,False,True
279.5,0.003826341622258634,-30.059161231942273,-0.001320579056403065,0.0028655234660366984,True,False,False,True
279.75,0.0035002175506762285,-30.05843230872669,-0.0012884031536003551,0.0029658590434949814,True,False,False,True
280.0,0.0031926936526300996,-30.05768474766364,-0.0011717854347690695,0.0030146237785851266,True,False,False,True
280.25,0.0029103645874839794,-30.056922838149923,-0.0010868387097394266,0.003080642610502281,True,False,False,True
280.5,0.002631690909047807,-30.056140933677593,-0.0011425492740679347,0.003174599481481778,True,False,False,True
280.75,0.0023295372681333437,-30.055366050387455,-0.0012746962324657954,0.0030244769026660533,True,False,False,True
281.0,0.002005716752720193,-30.05461140069395,-0.0013158749738307954,0.003012730793361769,True,False,False,True
281.25,0.0016549734750595207,-30.053855926451917,-0.0014900707402437652,0.003031078353545263,True,False,False,True
281.5,0.001300329229434976,-30.05308352837503,-0.0013470729246619698,0.003148095205800691,True,False,False,True
281.75,0.0009954466358661617,-30.05229584964899,-0.0010919835624158408,0.0031533080241808323,True,False,False,True
282.0,0.0007249266387138101,-30.051504052044482,-0.00107217219586387,0.0031810725988969412,True,False,False,True
282.25,0.0004532309849594221,-30.0506898513504,-0.0011013720071057637,0.003332533185458563,True,False,False,True
282.5,0.00016503232086107004,-30.049860117755795,-0.0012042237646018583,0.0033053482276655254,True,False,False,True
282.75,-0.00012766303153757146,-30.049023035913567,-0.0011373307381637096,0.0033912988445172487,True,False,False,True
283.0,-0.0004049864326381116,-30.048151941655753,-0.0010812398377992374,0.0035774478610209014,True,False,False,True
283.25,-0.00066111263409688,-30.047267808744493,-0.0009677715504963352,0.0034956053725978715,True,False,False,True
283.5,-0.0008870013707230331,-30.04641353876541,-0.0008393585990013538,0.003338540490067195,True,False,False,True
283.75,-0.0011144625334768997,-30.045578987658978,-0.0009803305044469024,0.0033378772218194495,True,False,False,True
284.0,-0.0013454738383151955,-30.04474212907865,-0.0008677557661890753,0.0033569848078075022,True,False,False,True
284.25,-0.0015427595151903306,-30.04392413929814,-0.0007105424575811689,0.003186915852725488,True,False,False,True
284.5,-0.00172598424745068,-30.043128823168303,-0.0007552565913323678,0.003175614405855091,True,False,False,True
284.75,-0.001914439162123348,-30.04230923438672,-0.0007523664649298004,0.0033810960626251755,True,False,False,True
285.0,-0.002119526526635617,-30.041463504307593,-0.0008883341698134178,0.0033847554696036005,True,False,False,True
285.25,-0.0023661114532856106,-30.040616219909012,-0.0010843394838514903,0.003393535295796225,True,False,False,True
285.5,-0.002631990787225646,-30.039771114353407,-0.0010427039471565466,0.0033673098113561903,True,False,False,True
285.75,-0.002900543731796451,-30.03893650210948,-0.0011057131327546627,0.003309588881829698,True,False,False,True
286.0,-0.003175264819483305,-30.038126443569304,-0.0010920713483614647,0.003170876224150279,True,False,False,True
286.25,-0.003460097750308112,-30.037315031957462,-0.0011865765382815946,0.0033204249066815412,True,False,False,True
286.5,-0.003746159088987721,-30.036486043894882,-0.0011019192988961507,0.0033114705472892356,True,False,False,True
286.75,-0.004026522179259544,-30.035643069894896,-0.0011409678856470346,0.0034323204684720307,True,False,False,True
287.0,-0.004304338808788309,-30.034759885205656,-0.0010815529908585336,0.0036331531351916774,True,False,False,True
287.25,-0.004574984109135235,-30.033844951610504,-0.0010836025218921505,0.0036863139836722757,True,False,False,True
287.5,-0.0048890357668078645,-30.03292716163027,-0.0014288102611872341,0.003656033263624086,True,False,False,True
287.75,-0.005263624163832896,-30.03199168440236,-0.0015678776096112804,0.0038277975723926905,True,False,False,True
288.0,-0.005675453462751714,-30.031046863053813,-0.0017267573595512592,0.0037307832535510223,True,False,False,True
288.25,-0.006088911755586725,-30.030143928903826,-0.001580928588402787,0.0034926729137959075,True,False,False,True
288.5,-0.006480764846976544,-30.02928016471851,-0.0015538968939875358,0.0034174356547907046,True,False,False,True
288.75,-0.006873807006722238,-30.028432323168392,-0.0015904493500868908,0.0033653045760619667,True,False,False,True
289.0,-0.007268406482324224,-30.027616950075245,-0.0015663628759836762,0.0031576697252971,True,False,False,True
289.25,-0.00769144052325562,-30.026808620335164,-0.0018178891812421147,0.003308986401573044,True,False,False,True
289.5,-0.008145998372322846,-30.026001830166443,-0.0018185877590479252,0.003145342390484825,True,False,False,True
289.75,-0.008587171463745132,-30.02520923888628,-0.0017107895417279098,0.0031953779437033335,True,False,False,True
290.0,-0.009024821261295148,-30.024411557807955,-0.001790410957513762,0.0031860776063537756,True,False,False,True
290.25,-0.009469146145190241,-30.023628611976502,-0.0017642024993605593,0.003077487317440034,True,False,False,True
290.5,-0.009921872457705384,-30.022863659746754,-0.001857611213558659,0.003042139077432884,True,False,False,True
290.75,-0.010385711460348472,-30.022111960497334,-0.0018531107013538065,0.0029714576902636018,True,False,False,True
291.0,-0.010859298149226763,-30.021354620226816,-0.0019355726819818286,0.0030872750595254753,True,False,False,True
291.25,-0.011321533507653024,-30.020587124282482,-0.0017623159710069489,0.0030526751265079724,True,False,False,True
291.5,-0.011751560831716842,-30.0198468200785,-0.0016779242152407392,0.0028697523506185287,True,False,False,True
291.75,-0.012175854384077485,-30.019138617087243,-0.0017164374058315848,0.0027958755820815537,True,False,False,True
292.0,-0.01262085862261002,-30.018468216269792,-0.0018436107799488927,0.0025673472229324258,True,False,False,True
292.25,-0.01309782948049447,-30.017827376283588,-0.0019721557304887213,0.0025593826707696384,True,False,False,True
292.5,-0.013586763162464639,-30.01716025544613,-0.0019392978753568907,0.0027775893371929385,True,False,False,True
292.75,-0.01409655709353316,-30.016436595645466,-0.002139025805889261,0.0030117067762008526,True,False,False,True
293.0,-0.014622713476367323,-30.015691527567352,-0.002070229476463535,0.002948831126474241,True,False,False,True
293.25,-0.01515512337546941,-30.014960936903968,-0.0021890609089410262,0.002895910339849501,True,False,False,True
293.5,-0.015712093471924034,-30.014257982828784,-0.002266708389216117,0.0027277276392594367,True,False,False,True
293.75,-0.016290888439404377,-30.01356745917114,-0.0023636403937303124,0.002796469518831987,True,False,False,True
294.0,-0.016860635471457264,-30.012881424734665,-0.00219434088602366,0.0026917888952879207,True,False,False,True
294.25,-0.017445984053208283,-30.01221461465306,-0.002488451400926864,0.0026427247945707147,True,False,False,True
294.5,-0.018107006043609267,-30.011593302660664,-0.0027997577637415873,0.0023278019174960835,True,False,False,True
294.75,-0.018791189126786848,-30.011013542957997,-0.002673704227912549,0.002310266710392916,True,False,False,True
295.0,-0.019455272256786647,-30.010473845278273,-0.0026389945146580787,0.0020073160012551096,True,False,False,True
295.25,-0.02012886176397527,-30.0099634420582,-0.002749719580729712,0.002075923221351757,True,False,False,True
295.5,-0.02083207361652885,-30.00943828533047,-0.0028759668054326344,0.0021253418984469303,True,False,False,True
295.75,-0.021561636344088437,-30.00890379303528,-0.0029605299235586947,0.0021506062235505633,True,False,False,True
296.0,-0.022312572435352753,-30.008371067468524,-0.0030469629298662156,0.0021112063557491853,True,False,False,True
296.25,-0.02307147162593431,-30.00786723513644,-0.0030242529883372712,0.0019194532266500423,True,False,False,True
296.5,-0.023834332326828342,-30.00738865507251,-0.003078639313502749,0.0019091930315213684,True,False,False,True
296.75,-0.02461962702901157,-30.006919149044165,-0.0032037301703239547,0.001846867221176859,True,False,False,True
297.0,-0.025427397228232246,-30.006459646271832,-0.0032584305826037947,0.0018291616181963502,True,False,False,True
297.25,-0.026238485383576645,-30.00601546987301,-0.003230283921634401,0.0017242423701827898,True,False,False,True
297.5,-0.02703724357007913,-30.00561997476788,-0.0031598050324140557,0.0014397119170636193,True,False,False,True
297.75,-0.027833394745638267,-30.00532142335097,-0.003209460439365458,0.0009487100608677019,True,False,False,True
298.0,-0.02864266569777284,-30.005113043820504,-0.0032647294774388047,0.0007183299687165802,True,False,False,True
298.25,-0.029455335779547346,-30.004945823376485,-0.0032366434314148144,0.0006194306384734733,True,False,False,True
298.5,-0.030261013791915477,-30.00477971240428,-0.0032087735284392765,0.0007094576727330657,True,False,False,True
298.75,-0.03106706633691767,-30.00460657140041,-0.003239651764589801,0.0006756700184390017,True,False,False,True
299.0,-0.03185990537047656,-30.00442883967244,-0.003103058732248108,0.0007461731393008936,True,False,False,True
299.25,-0.032678841628485014,-30.004260192485884,-0.003448446492927304,0.0006030363664063121,True,False,False,True
299.5,-0.033573672741448166,-30.004106287443967,-0.0037102020579218332,0.0006282303301966084,True,False,False,True
299.75,-0.03451733017922742,-30.00395063095056,-0.0038390536129031434,0.0006170266278286408,True,False,False,True
300.0,-0.03548296926581796,-30.003817073995346,-0.00388608426698828,0.0004514376365163132,True,False,False,True
