time_s,x_m_lo,x_m_hi,y_m_lo,y_m_hi,vx_mps_lo,vx_mps_hi,vy_mps_lo,vy_mps_hi
0.0,-6.988,-6.9879999999999995,-70.0,-70.0,-0.02,-0.019999999999999997,0.0,0.0
0.25,-6.992375838491277,-6.992375838491273,-69.9999987034843,-69.99999870348424,-0.01500670769682387,-0.015006707696823851,9.901355501232238e-06,9.90135550123227e-06
0.5,-6.995503353748372,-6.995503353748364,-69.99999528470752,-69.99999528470741,-0.010013414193120039,-0.010013414193120004,1.697808844230151e-05,1.6978088442301587e-05
0.75,-6.997382545521085,-6.997382545521074,-69.99999044982539,-69.99999044982522,-0.005020119888349018,-0.005020119888348971,2.1230198257073388e-05,2.1230198257073514e-05
1.0,-6.998013413659082,-6.998013413659067,-69.99998490499374,-69.99998490499351,-2.6825181971385302e-05,-2.6825181971329777e-05,2.2657684605381614e-05,2.2657684605381787e-05
1.25,-6.997979559918285,-6.997979559918266,-69.99974778255898,-69.9997477825587,0.00029782968681486155,0.00029782968681491787,0.0018742911850436973,0.0018742911850437008
1.5,-6.997864411527537,-6.997864411527515,-69.99904777473029,-69.99904777472995,0.0006235320132989464,0.0006235320132990036,0.00372574073736987,0.003725740737369878
1.75,-6.997667706625669,-6.997667706625643,-69.99788492756875,-69.99788492756835,0.0009502817714248765,0.0009502817714249349,0.00557700574906191,0.005577005749061923
2.0,-6.997389183358036,-6.997389183358007,-69.99625928728358,-69.99625928728312,0.0012780789350528654,0.001278078935052925,0.007428085627612591,0.00742808562761261
2.25,-6.997029653246393,-6.9970296532463605,-69.99417363175816,-69.99417363175765,0.0015983344587930813,0.0015983344587931424,0.009257128382105802,0.009257128382105831
2.5,-6.996589929879367,-6.99658992987933,-69.99163073821391,-69.99163073821335,0.0019196249738459496,0.001919624973846012,0.011085989680649042,0.01108598968064908
2.75,-6.996069754512339,-6.996069754512299,-69.988630652088,-69.98863065208738,0.002241950454508419,0.002241950454508484,0.012914668937772246,0.012914668937772295
3.0,-6.99546886840713,-6.9954688684070865,-69.98517341896398,-69.9851734189633,0.002565310874994644,0.002565310874994711,0.014743165568019917,0.014743165568019976
3.25,-6.9947880639005175,-6.9947880639004705,-69.981261778194,-69.98126177819326,0.0028812956296723224,0.002881295629672392,0.016549930800845176,0.01654993080084525
3.5,-6.994028135367473,-6.994028135367422,-69.97689846848333,-69.97689846848253,0.003198303082232208,0.00319830308223228,0.018356516997100423,0.018356516997100513
3.75,-6.993188827136694,-6.99318882713664,-69.97208353466343,-69.97208353466257,0.0035163332073138926,0.0035163332073139667,0.02016292357826969,0.020162923578269796
4.0,-6.992269883543229,-6.992269883543171,-69.96681702171038,-69.96681702170947,0.003835385979475155,0.0038353859794752316,0.02196914996585137,0.021969149965851496
4.25,-6.9912720800632355,-6.991272080063174,-69.9611016359352,-69.96110163593423,0.004147210288001819,0.004147210288001899,0.02375390683688494,0.02375390683688508
4.5,-6.990196194186515,-6.99019619418645,-69.9549400830153,-69.95494008301428,0.004460045149130709,0.004460045149130794,0.02553848702827873,0.02553848702827888
4.75,-6.989041973278042,-6.989041973277974,-69.94833240719205,-69.94833240719097,0.004773890537835223,0.004773890537835312,0.027322889968387047,0.027322889968387217
5.0,-6.987809164709062,-6.98780916470899,-69.94127865284973,-69.9412786528486,0.005088746429007916,0.005088746429008009,0.029107115085578398,0.029107115085578582
5.25,-6.986498529105492,-6.9864985291054165,-69.93378149801354,-69.93378149801235,0.005396504823952791,0.0053965048239528884,0.03087009458850643,0.030870094588506626
5.5,-6.985110829085923,-6.985110829085844,-69.92584362008688,-69.92584362008563,0.005705261752885261,0.005705261752885362,0.03263289971521357,0.0326328997152138
5.75,-6.983645815019945,-6.983645815019862,-69.91746506273441,-69.9174650627331,0.006015017191104953,0.006015017191105059,0.03439552990085278,0.03439552990085304
6.0,-6.982103237283331,-6.982103237283245,-69.908645869762,-69.90864586976063,0.006325771113831618,0.006325771113831728,0.03615798458059102,0.03615798458059131
6.25,-6.980483843389392,-6.980483843389302,-69.89938869502534,-69.89938869502392,0.006629544476968868,0.006629544476968983,0.0378993846729903,0.03789938467299062
6.5,-6.97878838282623,-6.978788382826137,-69.88969619176878,-69.8896961917673,0.006934304463546294,0.006934304463546413,0.03964061264680356,0.039640612646803915
6.75,-6.9770166089410335,-6.977016608940937,-69.87956840309172,-69.87956840309019,0.0072400510491832755,0.007240051049183399,0.04138166794392127,0.04138166794392165
7.0,-6.975168275087092,-6.975168275086991,-69.8690053722331,-69.86900537223151,0.007546784209420268,0.007546784209420396,0.043122550006247706,0.043122550006248116
7.25,-6.973244117165873,-6.973244117165769,-69.85800973243977,-69.85800973243812,0.007846641629828269,0.007846641629828404,0.04484254006997712,0.04484254006997756
7.5,-6.971244873038442,-6.9712448730383345,-69.84658411635651,-69.8465841163548,0.008147473855108289,0.008147473855108433,0.04656236023364683,0.04656236023364729
7.75,-6.9691702990065885,-6.969170299006477,-69.83472856652729,-69.83472856652553,0.008449280861193929,0.008449280861194081,0.04828200994583277,0.04828200994583326
8.0,-6.967020151378127,-6.967020151378012,-69.8224431256339,-69.82244312563208,0.008752062623940808,0.008752062623940968,0.050001488655124514,0.050001488655125034
8.25,-6.964795155737843,-6.964795155737725,-69.80973040939203,-69.80973040939016,0.009048063011050203,0.009048063011050371,0.05170021337297036,0.051700213372970906
8.5,-6.96249603961724,-6.962496039617118,-69.79659303292371,-69.79659303292178,0.009345026462536517,0.009345026462536692,0.053398770375936634,0.05339877037593722
8.75,-6.960122562253193,-6.960122562253067,-69.78303103822576,-69.78303103822377,0.00964295295464285,0.009642952954643035,0.0550971591192406,0.055097159119241214
9.0,-6.957674482888523,-6.957674482888394,-69.76904446743119,-69.76904446742914,0.009941842463535262,0.009941842463535452,0.05679537905811298,0.05679537905811362
9.25,-6.955152517908092,-6.95515251790796,-69.75463592138271,-69.75463592138061,0.010234035946863765,0.010234035946863963,0.05847296178171707,0.058472961781717736
9.5,-6.952557385632599,-6.952557385632463,-69.7398080003369,-69.73980800033473,0.010527180820136432,0.010527180820136638,0.06015037894724562,0.060150378947246314
9.75,-6.949888848217487,-6.9498888482173475,-69.72456074575051,-69.72456074574829,0.010821277059901846,0.01082127705990206,0.061827630016519836,0.06182763001652056
10.0,-6.947146667824072,-6.947146667823929,-69.7088941992149,-69.70889419921262,0.011116324642632484,0.011116324642632704,0.06350471445137419,0.06350471445137497
10.25,-6.9443315525993174,-6.944331552599171,-69.6928109489936,-69.69281094899127,0.011404753785877889,0.011404753785878118,0.0651612601259352,0.06516126012593604
10.5,-6.941444212616869,-6.941444212616719,-69.67631358277076,-69.67631358276837,0.011694122700332443,0.01169412270033268,0.06681764237513138,0.06681764237513227
10.75,-6.938484412936816,-6.9384844129366625,-69.65940214146917,-69.65940214146673,0.011984431362846805,0.01198443136284705,0.06847386066735636,0.0684738606673573
11.0,-6.935451918625046,-6.935451918624889,-69.64207666614452,-69.64207666614202,0.012275679750196455,0.012275679750196706,0.0701299144710169,0.07012991447101789
11.25,-6.932347430418519,-6.932347430418358,-69.62433973445872,-69.62433973445616,0.012560380603810551,0.012560380603810812,0.07176551217391894,0.07176551217391999
11.5,-6.929171650973208,-6.929171650973044,-69.60619392350037,-69.60619392349776,0.012846009656660787,0.012846009656661056,0.07340094856376046,0.07340094856376159
11.75,-6.92592434824216,-6.925924348241992,-69.5876392736634,-69.58763927366073,0.013132566885897005,0.013132566885897283,0.07503622311548111,0.07503622311548229
12.0,-6.9226052901841415,-6.92260529018397,-69.56867582547295,-69.56867582547022,0.013420052268594797,0.013420052268595084,0.07667133530403346,0.0766713353040347
12.25,-6.919215170837785,-6.91921517083761,-69.54930614769242,-69.54930614768963,0.013701055281864103,0.013701055281864398,0.0782860604472776,0.07828606044727889
12.5,-6.915754686154352,-6.915754686154173,-69.52953280851753,-69.52953280851469,0.013982974961462488,0.01398297496146279,0.07990062637252986,0.0799006263725312
12.75,-6.912223606970076,-6.912223606969894,-69.50935584781759,-69.50935584781469,0.014265811284836543,0.014265811284836854,0.08151503256125375,0.08151503256125515
13.0,-6.908621704126841,-6.908621704126655,-69.48877530559155,-69.48877530558859,0.01454956422935953,0.01454956422935985,0.08312927849492557,0.08312927849492704
13.25,-6.904949665575987,-6.904949665575797,-69.46779374316948,-69.46779374316647,0.014826895040316557,0.014826895040316885,0.08472319473487716,0.08472319473487869
13.5,-6.901208181176198,-6.901208181176004,-69.44641372131895,-69.44641372131588,0.015105131017140488,0.015105131017140824,0.08631695383739331,0.08631695383739489
13.75,-6.897397024638787,-6.89739702463859,-69.4246352793883,-69.42463527938517,0.01538427213757261,0.015384272137572956,0.08791055529044307,0.08791055529044471
14.0,-6.893515969680642,-6.893515969680442,-69.4024584568539,-69.40245845685072,0.0156643183792818,0.01566431837928216,0.08950399858200812,0.08950399858200982
14.25,-6.889565698689747,-6.889565698689543,-69.37988580887155,-69.37988580886831,0.01593799849841296,0.015937998498413333,0.0910771594744184,0.09107715947442015
14.5,-6.885546895957092,-6.885546895956884,-69.35691989003918,-69.35691989003588,0.016212572309704316,0.016212572309704708,0.09265016529777399,0.0926501652977758
14.75,-6.881459338062382,-6.881459338062171,-69.33356073918726,-69.33356073918391,0.01648803979119013,0.01648803979119054,0.09422301554653435,0.09422301554653621
15.0,-6.877302801590821,-6.877302801590606,-69.30980839527264,-69.30980839526923,0.01676440092083317,0.016764400920833592,0.09579570971517139,0.0957957097151733
15.25,-6.873077963815639,-6.87307796381542,-69.28566540835718,-69.28566540835371,0.017034448322492703,0.017034448322493144,0.09734816014857885,0.09734816014858082
15.5,-6.8687855039095504,-6.8687855039093275,-69.26113432794932,-69.26113432794578,0.01730537796447871,0.017305377964479163,0.0989004575711384,0.09890045757114042
15.75,-6.864425201315182,-6.864425201314956,-69.23621519236416,-69.23621519236056,0.01757718982511697,0.017577189825117443,0.10045260148378753,0.10045260148378961
16.0,-6.859996835480587,-6.859996835480357,-69.21090804004156,-69.2109080400379,0.017849883882662707,0.017849883882663193,0.102004591387476,0.10200459138747814
16.25,-6.855501078947735,-6.855501078947501,-69.18521541687528,-69.18521541687157,0.01811631351630788,0.01811631351630838,0.10353636882385651,0.10353636882385871
16.5,-6.850938606155254,-6.850938606155017,-69.15913986820978,-69.15913986820601,0.018383613956134727,0.018383613956135244,0.10506799529913423,0.10506799529913648
16.75,-6.846309199404271,-6.84630919940403,-69.1326814318469,-69.13268143184308,0.018651785180759373,0.018651785180759908,0.10659947032071465,0.10659947032071697
17.0,-6.841612641001266,-6.841612641001021,-69.10584014571167,-69.10584014570779,0.018920827168728283,0.01892082716872883,0.10813079339601542,0.10813079339601779
17.25,-6.836849599084208,-6.836849599083959,-69.07861855232181,-69.07861855231788,0.01918365140052631,0.01918365140052687,0.10964192894384861,0.10964192894385104
17.5,-6.832020743685494,-6.832020743685241,-69.05101919364967,-69.05101919364567,0.01944733501847026,0.01944733501847084,0.1111529155733248,0.11115291557332728
17.75,-6.827125859961222,-6.827125859960966,-69.02304210698559,-69.02304210698153,0.0197118780014656,0.019711878001466197,0.11266375279830952,0.11266375279831206
18.0,-6.822164733072774,-6.822164733072514,-68.99468732974145,-68.99468732973735,0.019977280328349053,0.019977280328349663,0.11417444013268029,0.11417444013268288
18.25,-6.817138027032846,-6.817138027032582,-68.96595740173557,-68.9659574017314,0.02023650932234159,0.02023650932234222,0.11566495947437062,0.11566495947437327
18.5,-6.812046407746843,-6.812046407746575,-68.93685486224443,-68.93685486224021,0.020496586293495617,0.020496586293496263,0.11715533193469697,0.1171553319346997
18.75,-6.806889663223072,-6.8068896632228,-68.90737974804836,-68.90737974804408,0.02075751122100513,0.02075751122100579,0.1186455570339787,0.11864555703398147
19.0,-6.801667581475053,-6.801667581474778,-68.87753209604756,-68.87753209604323,0.02101928408399629,0.02101928408399696,0.12013563429254691,0.12013563429254974
19.25,-6.796380822627096,-6.796380822626817,-68.84731444393759,-68.8473144439332,0.021274926130817422,0.021274926130818113,0.12160555848531705,0.12160555848531995
19.5,-6.791030048694929,-6.791030048694647,-68.81672932887571,-68.81672932887126,0.02153140475426016,0.021531404754260866,0.123075337829024,0.12307533782902695
19.75,-6.78561505053696,-6.785615050536674,-68.78577678713333,-68.78577678712882,0.02178871993380636,0.021788719933807085,0.12454497185043609,0.1245449718504391
20.0,-6.780135619016736,-6.780135619016447,-68.75445685510017,-68.75445685509561,0.022046871648870967,0.02204687164887171,0.12601446007633327,0.1260144600763364
20.25,-6.774592410571016,-6.774592410570722,-68.72277206883969,-68.72277206883507,0.02229893344897698,0.02229893344897774,0.1274638062432453,0.12746380624324855
20.5,-6.768986083527059,-6.7689860835267615,-68.69072496388031,-68.69072496387564,0.02255182043139162,0.022551820431392394,0.1289130095896028,0.12891300958960616
20.75,-6.763316431591817,-6.763316431591515,-68.65831557598555,-68.65831557598082,0.022805532575884076,0.022805532575884867,0.13036206964861963,0.1303620696486231
21.0,-6.757583248477306,-6.757583248477,-68.62554394103557,-68.62554394103078,0.02306006986215753,0.023060069862158333,0.13181098595352106,0.13181098595352464
21.25,-6.75178718710255,-6.75178718710224,-68.59241259387808,-68.59241259387323,0.023308556769622603,0.023308556769623425,0.13323976787913494,0.13323976787913863
21.5,-6.74592890227647,-6.745928902276156,-68.55892406882899,-68.55892406882408,0.02355785746942803,0.02355785746942887,0.13466840900967303,0.13466840900967683
21.75,-6.740008190553473,-6.740008190553155,-68.5250784011446,-68.52507840113962,0.0238079719416299,0.023807971941630757,0.1360969088847922,0.13609690888479611
22.0,-6.734024848492959,-6.734024848492638,-68.4908756261963,-68.49087562619127,0.024058900166219206,0.02405890016622008,0.13752526704416063,0.13752526704416465
22.25,-6.727979525639366,-6.727979525639041,-68.45631827796852,-68.45631827796343,0.024303816398362717,0.02430381639836361,0.13893349568746208,0.1389334956874662
22.5,-6.721872873426688,-6.721872873426359,-68.42140888991696,-68.42140888991182,0.024549535035629688,0.024549535035630596,0.14034158555878,0.14034158555878426
22.75,-6.715704691256099,-6.715704691255767,-68.38614749679135,-68.38614749678615,0.024796056058362773,0.0247960560583637,0.1417495362042128,0.14174953620421715
23.0,-6.709474778533698,-6.7094747785333615,-68.3505341334549,-68.35053413344964,0.025043379446840437,0.02504337944684138,0.14315734716986991,0.14315734716987438
23.25,-6.7031837815495825,-6.703183781549241,-68.3145713333262,-68.31457133332088,0.025284728264264648,0.02528472826426561,0.14454503110546585,0.14454503110547043
23.5,-6.6968323484832935,-6.696832348482949,-68.27826162929811,-68.27826162929274,0.025526868101001975,0.025526868101002954,0.1459325782903257,0.14593257829033038
23.75,-6.690420281582423,-6.690420281582075,-68.24160505561427,-68.24160505560884,0.02576979893768138,0.025769798937682376,0.14731998827698847,0.14731998827699327
24.0,-6.683947383099413,-6.683947383099062,-68.20460164663015,-68.20460164662467,0.026013520754868538,0.02601352075486955,0.14870726061800424,0.14870726061800915
24.25,-6.67741429617064,-6.677414296170284,-68.16725393544874,-68.1672539354432,0.026251304615886935,0.026251304615887965,0.15007440641515837,0.1500744064151634
24.5,-6.670821665821992,-6.670821665821632,-68.12956445465021,-68.12956445464461,0.026489868110683344,0.026489868110684392,0.15144141748143314,0.15144141748143827
24.75,-6.664169297147411,-6.664169297147046,-68.0915332379724,-68.09153323796674,0.026729211220172824,0.02672921122017389,0.1528082933758081,0.15280829337581334
25.0,-6.657456995245614,-6.657456995245245,-68.05316031926343,-68.05316031925771,0.02696933392520807,0.026969333925209154,0.1541750336572736,0.15417503365727897
25.25,-6.650685400183052,-6.65068540018268,-68.01444823152035,-68.01444823151458,0.027203554618123158,0.027203554618124258,0.15552164620510747,0.15552164620511294
25.5,-6.643855153915925,-6.643855153915549,-67.97539950722026,-67.97539950721443,0.027438543558608256,0.027438543558609373,0.15686812604090725,0.15686812604091283
25.75,-6.636966064384687,-6.636966064384308,-67.9360141795955,-67.93601417958962,0.027674300727864393,0.027674300727865527,0.1582144727300934,0.1582144727300991
26.0,-6.630017939534503,-6.63001793953412,-67.89629228198704,-67.8962922819811,0.02791082610703113,0.027910826107032286,0.15956068583809707,0.15956068583810287
26.25,-6.623011416431325,-6.623011416430938,-67.85623634746095,-67.85623634745495,0.02814148486326627,0.02814148486326744,0.16088676862419998,0.1608867686242059
26.5,-6.615947134031216,-6.615947134030824,-67.81584890856615,-67.8158489085601,0.02837290047939938,0.02837290047940057,0.1622127207164179,0.16221272071642395
26.75,-6.608824903121514,-6.608824903121118,-67.77512999802964,-67.77512999802352,0.02860507293691735,0.02860507293691856,0.16353854168661308,0.16353854168661924
27.0,-6.601644534494193,-6.6016445344937935,-67.73407964868542,-67.73407964867924,0.028838002217246524,0.02883800221724775,0.16486423110665818,0.16486423110666448
27.25,-6.594406662271863,-6.594406662271459,-67.69270039381384,-67.6927003938076,0.02906509980794101,0.029065099807942252,0.1661697864554017,0.16616978645540811
27.5,-6.5871119224677175,-6.58711192246731,-67.6509947661808,-67.6509947661745,0.029292942868740516,0.029292942868741775,0.16747521312797373,0.16747521312798028
27.75,-6.579760128716507,-6.579760128716095,-67.60896279800806,-67.60896279800171,0.02952153138141773,0.029521531381419008,0.16878051070267944,0.1687805107026861
28.0,-6.572351094657546,-6.57235109465713,-67.5666045216228,-67.5666045216164,0.029750865327685713,0.029750865327687007,0.17008567875783429,0.17008567875784106
28.25,-6.564885451516806,-6.564885451516386,-67.52392247063948,-67.52392247063301,0.029974402146017872,0.029974402146019184,0.17137070803386428,0.17137070803387117
28.5,-6.5573638324114025,-6.55736383241098,-67.48091917816082,-67.4809191781543,0.030198673041998993,0.030198673042000322,0.17265561065121462,0.17265561065122162
28.75,-6.549786053824167,-6.54978605382374,-67.43759467590341,-67.43759467589683,0.03042367799768754,0.030423677997688886,0.17394038619463492,0.17394038619464203
29.0,-6.54215193224242,-6.54215193224199,-67.39394899568765,-67.39394899568101,0.030649416995083247,0.03064941699508461,0.1752250342488849,0.17522503424889213
29.25,-6.534462096033311,-6.534462096032877,-67.34998467156032,-67.34998467155363,0.030869393126286632,0.030869393126288017,0.1764895380305427,0.17648953803055006
29.5,-6.526717175455773,-6.526717175455335,-67.30570423705922,-67.30570423705245,0.03109009193957537,0.03109009193957677,0.17775391717096536,0.17775391717097283
29.75,-6.5189169898414905,-6.518916989841049,-67.26110772339574,-67.26110772338892,0.03131151341729367,0.03131151341729511,0.17901817126134867,0.17901817126135625
30.0,-6.51106135852657,-6.511061358526124,-67.2161951618835,-67.21619516187663,0.03153365754172796,0.03153365754172943,0.1802822998928984,0.1802822998929061
30.25,-6.50315090704962,-6.503150907049171,-67.17096908708149,-67.17096908707455,0.03175007282250495,0.031750072822506456,0.18152627811970062,0.18152627811970842
30.5,-6.495186262841733,-6.49518626284128,-67.12543203304236,-67.12543203303535,0.031967199386334806,0.03196719938633635,0.18277013372280554,0.18277013372281345
30.75,-6.487167248084315,-6.487167248083859,-67.07958403047232,-67.07958403046526,0.032185037215847534,0.03218503721584911,0.1840138662998571,0.18401386629986513
31.0,-6.479093684963124,-6.479093684962663,-67.03342511017819,-67.03342511017107,0.032403586293616234,0.03240358629361784,0.1852574754485091,0.18525747544851723
31.25,-6.470966196212137,-6.4709661962116725,-66.98695780729537,-66.98695780728819,0.03261644036242637,0.032616440362428015,0.18648092754626674,0.186480927546275
31.5,-6.4627854064585595,-6.4627854064580905,-66.94018465645561,-66.94018465644837,0.032829994311497246,0.032829994311498925,0.1877042590380705,0.18770425903807886
31.75,-6.454551140734461,-6.4545511407339875,-66.89310568785989,-66.89310568785258,0.033044248123744666,0.03304424812374638,0.18892746952801465,0.1889274695280231
32.0,-6.446263224076188,-6.44626322407571,-66.84572093180815,-66.84572093180078,0.03325920178202846,0.03325920178203021,0.19015055862020305,0.19015055862021163
32.25,-6.437922276431617,-6.437922276431135,-66.79803292406326,-66.79803292405585,0.03346849412153154,0.03346849412153332,0.19135348360688842,0.1913534836068971
32.5,-6.429528919642635,-6.42952891964215,-66.75004419988709,-66.75004419987961,0.03367847493451252,0.03367847493451433,0.19255629000565713,0.19255629000566593
32.75,-6.421082981592973,-6.421082981592485,-66.70175478897528,-66.70175478896773,0.033889144204173056,0.033889144204174895,0.19375897742705597,0.19375897742706488
33.0,-6.4125842901705665,-6.412584290170074,-66.65316472112086,-66.65316472111326,0.03410050191365972,0.034100501913661596,0.1949615454816412,0.19496154548165026
33.25,-6.404033462551199,-6.404033462550702,-66.60427653275406,-66.6042765327464,0.034306231886421984,0.03430623188642389,0.19614394205669652,0.19614394205670568
33.5,-6.395431117805482,-6.395431117804981,-66.5550927598067,-66.55509275979898,0.03451263892170788,0.034512638921709825,0.19732622206223416,0.19732622206224343
33.75,-6.386777086669848,-6.386777086669342,-66.50561343146904,-66.50561343146127,0.03471972300300497,0.03471972300300695,0.1985083851152558,0.19850838511526517
34.0,-6.378071199884863,-6.378071199884353,-66.4558385770271,-66.45583857701925,0.03492748411374666,0.03492748411374867,0.19969043083277246,0.19969043083278196
34.25,-6.369314071864445,-6.369314071863931,-66.40577073360895,-66.40577073360105,0.0351296509921694,0.03512965099217145,0.20085229745219554,0.20085229745220515
34.5,-6.360506318918177,-6.3605063189176585,-66.35541243784694,-66.35541243783898,0.035332483517851766,0.03533248351785385,0.20201404952091273,0.20201404952092245
34.75,-6.3516477746362705,-6.351647774635747,-66.30476371842582,-66.3047637184178,0.03553598167456728,0.035535981674569395,0.20317568666238303,0.20317568666239286
35.0,-6.342738272613001,-6.342738272612474,-66.25382460412446,-66.25382460411637,0.0357401454460362,0.03574014544603835,0.2043372085000747,0.20433720850008463
35.25,-6.333778424507488,-6.333778424506956,-66.20259763279152,-66.20259763278337,0.0359387484373363,0.035938748437338484,0.20547854343930227,0.20547854343931232
35.5,-6.324768843875371,-6.324768843874835,-66.15108534178249,-66.15108534177428,0.03613800565621941,0.03613800565622163,0.20661976584708544,0.2066197658470956
35.75,-6.3157093671617455,-6.315709367161205,-66.09928775927649,-66.09928775926822,0.03633791708674508,0.036337917086747336,0.2077608753533431,0.20776087535335336
36.0,-6.306599830815698,-6.306599830815153,-66.04720491354517,-66.04720491353685,0.036538482712920504,0.036538482712922794,0.2089018715880031,0.2089018715880135
36.25,-6.297440843746001,-6.297440843745451,-65.99483934317387,-65.99483934316548,0.03673352097987995,0.03673352097988227,0.21002267299434269,0.2100226729943532
36.5,-6.28823301675881,-6.288233016758256,-65.94219358625736,-65.94219358624892,0.03692920205025993,0.03692920205026229,0.21114336388897426,0.2111433638889849
36.75,-6.278976189155228,-6.278976189154669,-65.88926767046904,-65.88926767046054,0.03712552590840609,0.03712552590840849,0.21226394390827902,0.2122639439082898
37.0,-6.269670200240273,-6.26967020023971,-65.83606162357319,-65.83606162356463,0.03732249253861264,0.03732249253861507,0.21338441268864713,0.21338441268865802
37.25,-6.260315656174658,-6.260315656174091,-65.78257798490252,-65.7825779848939,0.03751396521671625,0.037513965216718716,0.21448467862476991,0.2144846786247809
37.5,-6.250913165017358,-6.250913165016787,-65.72881929330181,-65.72881929329314,0.0377060692695434,0.0377060692695459,0.21558483606941134,0.21558483606942244
37.75,-6.24146256892661,-6.2414625689260355,-65.67478557593859,-65.67478557592986,0.03789880468172588,0.03789880468172841,0.2166848846654176,0.21668488466542885
38.0,-6.231963710064504,-6.2319637100639245,-65.62047686006964,-65.62047686006086,0.038092171437844956,0.03809217143784752,0.21778482405564362,0.21778482405565497
38.25,-6.222417191844211,-6.222417191843628,-65.5658956857813,-65.56589568577246,0.03828007764934072,0.038280077649343325,0.21886455253544596,0.21886455253545742
38.5,-6.212823619578048,-6.212823619577461,-65.51104459267454,-65.51104459266564,0.038468603802300036,0.03846860380230268,0.21994417454449147,0.21994417454450305
38.75,-6.203182838282532,-6.203182838281941,-65.4559236074109,-65.45592360740194,0.038657749881640925,0.038657749881643604,0.22102368973209385,0.22102368973210557
39.0,-6.19349469297796,-6.193494692977364,-65.40053275673957,-65.40053275673054,0.03884751587223181,0.03884751587223452,0.2221030977475754,0.2221030977475872
39.25,-6.183759784329048,-6.183759784328449,-65.344874581503,-65.34487458149393,0.039031854737574555,0.0390318547375773,0.22316228676553798,0.22316228676554992
39.5,-6.17397871490054,-6.173978714899936,-65.28895162206098,-65.28895162205184,0.039216802106546066,0.03921680210654885,0.2242213713339671,0.22422137133397915
39.75,-6.164151332568376,-6.1641513325677675,-65.23276390456888,-65.23276390455969,0.03940235796435066,0.03940235796435348,0.22528035110864655,0.22528035110865874
40.0,-6.154277485212202,-6.15427748521159,-65.1763114552682,-65.17631145525894,0.03958852229614398,0.03958852229614683,0.22633922574536858,0.22633922574538087
40.25,-6.14435777074621,-6.144357770745593,-65.11959681575712,-65.1195968157478,0.03976929294321927,0.03976929294322216,0.22737787330038722,0.22737787330039963
40.5,-6.134392788985495,-6.134392788984873,-65.06262252715372,-65.06262252714434,0.03995066065151538,0.039950660651518304,0.22841641842759036,0.22841641842760288
40.75,-6.124382390666564,-6.124382390665938,-65.00538861510718,-65.00538861509774,0.040132625406522994,0.04013262540652595,0.22945486078923452,0.22945486078924715
41.0,-6.114326426529558,-6.114326426528927,-64.94789510535111,-64.9478951053416,0.04031518719368504,0.04031518719368803,0.23049320004758445,0.2304932000475972
41.25,-6.104225491735149,-6.104225491734514,-64.89014454023659,-64.89014454022703,0.040492388765154874,0.0404923887651579,0.23151130416211196,0.23151130416212484
41.5,-6.094080183345795,-6.094080183345157,-64.83213946163724,-64.83213946162762,0.0406701759508769,0.04067017595087996,0.23252930787102824,0.23252930787104123
41.75,-6.083890354959711,-6.083890354959069,-64.77387989469587,-64.77387989468619,0.04084854873662825,0.040848548736631345,0.23354721084306507,0.23354721084307817
42.0,-6.073655860178671,-6.073655860178024,-64.7153658646381,-64.71536586462837,0.041027507108139204,0.04102750710814233,0.23456501274696231,0.23456501274697553
42.25,-6.063377291406123,-6.063377291405473,-64.65659991456323,-64.65659991455342,0.04120113876720305,0.041201138767206213,0.235562571482184,0.23556257148219734
42.5,-6.053055242948177,-6.053055242947523,-64.59758458709565,-64.59758458708578,0.041375344589010876,0.041375344589014075,0.23656003183447336,0.2365600318344868
42.75,-6.042689571265887,-6.042689571265229,-64.53831990687169,-64.53831990686176,0.04155012455962632,0.04155012455962955,0.23755739347904,0.23755739347905355
43.0,-6.032280132823798,-6.032280132823136,-64.4788058986089,-64.47880589859889,0.04172547866506708,0.04172547866507035,0.23855465609110152,0.23855465609111517
43.25,-6.021827517263879,-6.021827517263212,-64.41904510614852,-64.41904510613844,0.04189553959989048,0.04189553959989378,0.23953166755876526,0.23953166755877903
43.5,-6.01133231613163,-6.011332316130958,-64.35904007285956,-64.35904007284942,0.042066163241437846,0.04206616324144118,0.24050858266663608,0.24050858266664998
43.75,-6.000794388752074,-6.000794388751398,-64.29879082287177,-64.29879082286158,0.04223734957605939,0.04223734957606276,0.24148540109640404,0.24148540109641806
44.0,-5.990213594453655,-5.990213594452975,-64.23829738039444,-64.2382973803842,0.042409098590060305,0.04240909859006371,0.2424621225297669,0.24246212252978103
44.25,-5.979590520112199,-5.979590520111514,-64.17756229000351,-64.1775622899932,0.042575588017087,0.04257558801709045,0.24341858490120205,0.2434185849012163
44.5,-5.9689257545079295,-5.96892575450724,-64.11658809580524,-64.11658809579488,0.04274262869033878,0.04274262869034227,0.24437495293642822,0.24437495293644257
44.75,-5.958219159830961,-5.958219159830267,-64.05537482142269,-64.05537482141226,0.04291022059645248,0.042910220596456,0.2453312263236184,0.24533122632363286
45.0,-5.9474705982747516,-5.947470598274053,-63.993922490556805,-63.99392249054634,0.04307836372202085,0.04307836372202441,0.2462874047509531,0.24628740475096766
45.25,-5.936680653944036,-5.936680653943333,-63.93223364850999,-63.9322336484995,0.04324128088835368,0.04324128088835728,0.24722331626373645,0.24722331626375113
45.5,-5.925849912848804,-5.925849912848097,-63.87031084011765,-63.87031084010712,0.04340473783597055,0.04340473783597418,0.24815913546432192,0.2481591354643367
45.75,-5.91497824004537,-5.914978240044658,-63.80815408849599,-63.80815408848543,0.04356873455179499,0.04356873455179865,0.24909486204736792,0.24909486204738282
46.0,-5.90406550059332,-5.904065500592604,-63.74576341683757,-63.745763416826975,0.04373327102270736,0.04373327102271106,0.2500304957075402,0.2500304957075553
46.25,-5.89311227582115,-5.89311227582043,-63.683141371162485,-63.683141371151855,0.04389261520771606,0.043892615207719796,0.2509458546701996,0.2509458546702149
46.5,-5.88211914896347,-5.882119148962746,-63.62029049702648,-63.620290497015816,0.044052487704664994,0.04405248770466877,0.25186112334508104,0.2518611233450966
46.75,-5.871085987943892,-5.871085987943163,-63.55721081703886,-63.557210817028164,0.044212888500764456,0.04421288850076827,0.25277630143333096,0.25277630143334673
47.0,-5.8600126606892315,-5.860012660688498,-63.493902353883634,-63.493902353872905,0.04437381758318248,0.044373817583186335,0.2536913886361029,0.2536913886361189
47.25,-5.848899745746494,-5.848899745745756,-63.43036765428947,-63.430367654278704,0.04452958809947346,0.04452958809947736,0.25458619343119593,0.25458619343121214
47.5,-5.837747823569645,-5.837747823568902,-63.36660926452331,-63.36660926451251,0.04468587545399931,0.04468587545400325,0.25548090996332107,0.2554809099633375
47.75,-5.826556764950687,-5.82655676494994,-63.30262720668745,-63.30262720667662,0.044842679634257136,0.04484267963426112,0.25637553794011514,0.2563755379401318
48.0,-5.815326440684754,-5.815326440684003,-63.23842150295726,-63.238421502946395,0.0450000006277027,0.04500000062770672,0.25727007706922195,0.2572700770692388
48.25,-5.804057426532062,-5.8040574265313065,-63.173994700760595,-63.173994700749695,0.045152196821565876,0.045152196821569936,0.2581443261550736,0.2581443261550907
48.5,-5.792750300160624,-5.792750300159864,-63.109349347066235,-63.1093493470553,0.04530489837563919,0.04530489837564329,0.25901848900313845,0.25901848900315577
48.75,-5.7814049352319135,-5.781404935231149,-63.04448546346936,-63.04448546345839,0.045458105277706606,0.04545810527771075,0.2598925653275462,0.2598925653275637
49.0,-5.770021205410463,-5.7700212054096935,-62.97940307163661,-62.97940307162562,0.04561181751551167,0.045611817515515844,0.2607665548424333,0.26076655484245104
49.25,-5.7585996836644044,-5.758599683663631,-62.91410471968559,-62.91410471967456,0.04576043876694205,0.045760438766946264,0.2616202467537781,0.2616202467537961
49.5,-5.747140944870503,-5.747140944869724,-62.84859295527744,-62.84859295526638,0.04590955389628106,0.04590955389628531,0.26247385445286914,0.26247385445288735
49.75,-5.7356448655607695,-5.735644865559986,-62.78286779950015,-62.78286779948906,0.04605916289159957,0.04605916289160386,0.2633273776603313,0.26332737766034975
50.0,-5.724111322270206,-5.724111322269417,-62.71692927351155,-62.716929273500426,0.046209265740928956,0.046209265740933286,0.2641808160967962,0.2641808160968149
50.25,-5.712540885169619,-5.712540885168826,-62.65077992610953,-62.650779926098366,0.04635431146330598,0.04635431146331035,0.2650139494445315,0.26501394944455037
50.5,-5.700934126339275,-5.700934126338477,-62.584422305638185,-62.58442230562699,0.04649983957705582,0.046499839577060234,0.26584700060587907,0.26584700060589816
50.75,-5.689290925182784,-5.689290925181981,-62.51785643267822,-62.517856432666996,0.04664585007053632,0.04664585007054078,0.26667996930796145,0.26667996930798077
51.0,-5.6776111611066735,-5.677611161105865,-62.451082327878574,-62.45108232786731,0.04679234293206673,0.046792342932071226,0.2675128552779078,0.26751285527792734
51.25,-5.66589540147927,-5.665895401478457,-62.384102540708106,-62.38410254069681,0.0469338125715615,0.046933812571566036,0.2683254287481333,0.26832542874815307
51.5,-5.654144215579176,-5.6541442155783574,-62.31691962018456,-62.31691962017322,0.047075753111700966,0.047075753111705546,0.2691379220581516,0.2691379220581716
51.75,-5.642357485682649,-5.642357485681826,-62.249533586381276,-62.24953358636991,0.047218164541129974,0.047218164541134595,0.2699503349415853,0.26995033494160553
52.0,-5.63053509406879,-5.630535094067962,-62.181944459438206,-62.1819444594268,0.04736104684845569,0.047361046848460354,0.27076266713206343,0.27076266713208386
52.25,-5.618677605298401,-5.6186776052975675,-62.114154789486065,-62.114154789474625,0.047498939883225184,0.04749893988322989,0.27155467948455686,0.2715546794845775
52.5,-5.606785585843368,-5.6067855858425295,-62.0461671262071,-62.04616712619563,0.04763729232376008,0.047637292323764825,0.27234661370332003,0.2723466137033409
52.75,-5.594858920853633,-5.59485892085279,-61.977981489167234,-61.977981489155724,0.047776104158992264,0.04777610415899705,0.2731384695284779,0.273138469528499
53.0,-5.582897495481909,-5.5828974954810615,-61.90959789799735,-61.909597897985805,0.04791537537781687,0.0479153753778217,0.2739302467001617,0.273930246700183
53.25,-5.570901871476558,-5.570901871475705,-61.84101890348112,-61.84101890346954,0.048049691317034994,0.048049691317039865,0.2747016967664149,0.27470169676643647
53.5,-5.55887261249783,-5.558872612496973,-61.77224705595642,-61.7722470559448,0.04818445516302811,0.048184455163033026,0.2754730707256936,0.27547307072571536
53.75,-5.54680960657038,-5.546809606569519,-61.70328237448167,-61.703282374470014,0.04831966690501519,0.048319666905020146,0.2762443683246274,0.2762443683246494
54.0,-5.534712741721561,-5.5347127417206945,-61.63412487817861,-61.63412487816693,0.04845532653217938,0.04845532653218437,0.27701558930985204,0.27701558930987424
54.25,-5.522582576882526,-5.522582576881653,-61.564777118475284,-61.56477711846357,0.048586064914946346,0.048586064914951384,0.27776647599077275,0.2777664759907952
54.5,-5.5104196728971155,-5.510419672896239,-61.49524164635658,-61.49524164634483,0.04871723970142558,0.04871723970143066,0.2785172885917365,0.27851728859175917
54.75,-5.498223920665715,-5.498223920664833,-61.42551848037335,-61.42551848036156,0.048848850881123174,0.048848850881128295,0.27926802686588004,0.2792680268659029
55.0,-5.485995211091334,-5.485995211090446,-61.35560763913814,-61.355607639126326,0.048980898443510314,0.048980898443515476,0.2800186905663459,0.28001869056636897
55.25,-5.473734100283306,-5.473734100282414,-61.28551167471505,-61.2855116747032,0.04910805883767521,0.049108058837680414,0.280749012829714,0.28074901282973735
55.5,-5.461441146264448,-5.461441146263551,-61.215233138727704,-61.21523313871582,0.04923564412845471,0.04923564412845995,0.28147926304038834,0.281479263040412
55.75,-5.449116242811882,-5.449116242810979,-61.14477204921931,-61.14477204920739,0.04936365430564205,0.04936365430564734,0.2822094409580149,0.2822094409580388
56.0,-5.436759283705284,-5.436759283704377,-61.07412842429318,-61.07412842428122,0.049492089358996516,0.049492089359001845,0.28293954634224544,0.28293954634226953
56.25,-5.424370822227722,-5.42437082222681,-61.00330481664149,-61.003304816629495,0.04961567135992168,0.049615671359927054,0.2836493032199965,0.28364930322002085
56.5,-5.411951413576533,-5.411951413575616,-60.93230377851864,-60.932303778506615,0.049739666746364715,0.049739666746370134,0.284358990072547,0.2843589900725716
56.75,-5.399500954406577,-5.399500954405655,-60.86112532746016,-60.8611253274481,0.04986407550840606,0.04986407550841152,0.2850686066660545,0.28506860666607936
57.0,-5.387019341375196,-5.38701934137427,-60.78976948106004,-60.78976948104795,0.04998889763609309,0.0499888976360986,0.2857781527666821,0.2857781527667072
57.25,-5.374507124934914,-5.3745071249339835,-60.71823879263096,-60.718238792618834,0.05010890086538429,0.05010890086538985,0.28646734335207896,0.2864673433521043
57.5,-5.3619648574533025,-5.361964857452366,-60.646535815050484,-60.64653581503833,0.050229305965131865,0.05022930596513747,0.2871564659399837,0.2871564659400092
57.75,-5.3493924384639495,-5.349392438463009,-60.5746605653464,-60.574660565334206,0.05035011292570348,0.05035011292570914,0.28784552030306754,0.2878455203030933
58.0,-5.336789767502857,-5.336789767501911,-60.50261306060332,-60.502613060591095,0.050471321737434655,0.05047132173744036,0.28853450621400734,0.2885345062140333
58.25,-5.324157392187892,-5.324157392186941,-60.430395854747175,-60.43039585473491,0.05058774584165628,0.05058774584166203,0.28920312965875006,0.28920312965877626
58.5,-5.311495862052745,-5.311495862051788,-60.35801150127144,-60.35801150125914,0.05070456029734072,0.05070456029734651,0.2898716871339101,0.2898716871339365
58.75,-5.298805079510716,-5.298805079509754,-60.28546001669611,-60.28546001668378,0.05082176509514288,0.05082176509514871,0.29054017841867474,0.2905401784187014
59.0,-5.286084946977448,-5.286084946976481,-60.2127414175964,-60.21274141758403,0.050939360225686445,0.05093936022569233,0.29120860329223663,0.2912086032922635
59.25,-5.27333600923221,-5.2733360092312385,-60.13985825850455,-60.139858258492154,0.051052204875077646,0.05105220487508358,0.2918566588035517,0.2918566588035788
59.5,-5.260558812970865,-5.260558812969888,-60.0668130935231,-60.06681309351067,0.051165428353037085,0.051165428353043066,0.2925046503733812,0.2925046503734085
59.75,-5.247753263487403,-5.247753263486421,-59.9936059386642,-59.99360593865173,0.05127903065050695,0.05127903065051298,0.2931525777874306,0.2931525777874581
60.0,-5.23491926607808,-5.234919266077093,-59.92023680999359,-59.920236809981084,0.05139301175839913,0.0513930117584052,0.29380044083141066,0.2938004408314384
60.25,-5.222057362679793,-5.222057362678802,-59.84670826264334,-59.8467082626308,0.05150227664560359,0.05150227664560971,0.2944279276691525,0.29442792766918047
60.5,-5.209168097146798,-5.209168097145802,-59.77302285131848,-59.7730228513059,0.051611908834610164,0.051611908834616325,0.29505535259368076,0.29505535259370896
60.75,-5.19625137765474,-5.196251377653738,-59.69918059152328,-59.69918059151067,0.05172190831664833,0.05172190831665454,0.29568271539722146,0.2956827153972499
61.0,-5.183307112381459,-5.183307112380452,-59.62518149881396,-59.62518149880131,0.051832275082918204,0.051832275082924456,0.2963100158720055,0.29631001587203415
61.25,-5.1703358404178665,-5.170335840416854,-59.55102812891624,-59.55102812890356,0.05193795992173757,0.05193795992174387,0.2969169333457968,0.2969169333458257
61.5,-5.157338102772994,-5.157338102771976,-59.476723037131485,-59.47672303711877,0.05204400053174921,0.052044000531755556,0.2975237909348095,0.29752379093483866
61.75,-5.1443138105051025,-5.14431381050408,-59.402266238456036,-59.40226623844328,0.05215039690446994,0.052150396904476336,0.29813058843779233,0.2981305884378217
62.0,-5.1312628746745785,-5.131262874673552,-59.327657747936556,-59.327657747923766,0.05225714903138812,0.052257149031394556,0.29873732565349853,0.2987373256535281
62.25,-5.118185831522895,-5.118185831521863,-59.25290012188658,-59.25290012187376,0.05235925355556698,0.05235925355557347,0.2993236731199306,0.2993236731199604
62.5,-5.105083219210401,-5.105083219209364,-59.17799591619797,-59.17799591618511,0.052461702316510886,0.052461702316517415,0.29990996273017084,0.2999099627302009
62.75,-5.09195495167893,-5.091954951677887,-59.10294514535911,-59.10294514534621,0.05256449530602398,0.05256449530603056,0.3004961942894926,0.30049619428952284
63.0,-5.078800942872364,-5.078800942871316,-59.02774782390706,-59.027747823894124,0.05266763251588289,0.05266763251588952,0.3010823676031738,0.3010823676032043
63.25,-5.065621726179441,-5.065621726178388,-58.95240650873768,-58.95240650872471,0.0527661564779314,0.052766156477938066,0.30164814446308297,0.30164814446311367
63.5,-5.052417836908523,-5.052417836907464,-58.876923756327834,-58.876923756314824,0.052865013138525055,0.052865013138531765,0.30221386549552814,0.30221386549555906
63.75,-5.039189191885963,-5.0391891918848986,-58.80129958065792,-58.801299580644866,0.052964202489755384,0.05296420248976214,0.30277953051230955,0.3027795305123407
64.0,-5.025935707940091,-5.025935707939022,-58.72553399575536,-58.725533995742275,0.0530637245236873,0.0530637245236941,0.3033451393252318,0.3033451393252632
64.25,-5.0126579156037545,-5.01265791560268,-58.64962955909318,-58.649629559080054,0.053158667693745734,0.053158667693752576,0.30389034502106466,0.30389034502109624
64.5,-4.999356347330175,-4.999356347329095,-58.573588827728074,-58.573588827714914,0.053253932020360085,0.05325393202036697,0.30443549691829236,0.30443549691832417
64.75,-4.986030922831167,-4.986030922830081,-58.497411815132416,-58.49741181511922,0.053349517495909264,0.053349517495916196,0.3049805948352442,0.30498059483527623
65.0,-4.97268156182045,-4.97268156181936,-58.421098534823976,-58.421098534810746,0.05344542411274649,0.05344542411275347,0.3055256385902538,0.30552563859028603
65.25,-4.959308791971973,-4.959308791970877,-58.344651544848055,-58.34465154483479,0.05353678627749509,0.053536786277502114,0.3060502726035299,0.3060502726035624
65.5,-4.945913142880804,-4.945913142879703,-58.26807340283637,-58.26807340282307,0.05362845805306291,0.05362845805306998,0.30657485484718155,0.30657485484721425
65.75,-4.932494537145154,-4.932494537144048,-58.191364121753224,-58.19136412173989,0.05372043943211626,0.05372043943212338,0.3070993851460691,0.307099385146102
66.0,-4.919052897365072,-4.91905289736396,-58.11452371460669,-58.11452371459332,0.05381273040729669,0.05381273040730385,0.30762386332505715,0.3076238633250903
66.25,-4.9055887483527325,-4.905588748351615,-58.037554740009824,-58.037554739996416,0.05390051136891278,0.05390051136891999,0.3081279251739358,0.3081279251739692
66.5,-4.892102616842173,-4.892102616841051,-57.960459756164795,-57.96045975615135,0.05398859039188444,0.053988590391891696,0.30863193728228355,0.3086319372823172
66.75,-4.878594428318935,-4.878594428317807,-57.88323877552781,-57.88323877551433,0.0540769674691654,0.054076967469172704,0.30913589948149406,0.3091358994815279
67.0,-4.865064108270324,-4.86506410826919,-57.805891810597224,-57.80589181058371,0.05416564259368555,0.05416564259369291,0.309639811602965,0.3096398116029991
67.25,-4.851512178644,-4.851512178642861,-57.72842142054958,-57.72842142053603,0.054249842168849136,0.05424984216885654,0.3101233008399198,0.3101233008399541
67.5,-4.837939163310221,-4.837939163309077,-57.650830164153234,-57.65083016413965,0.05433432825219691,0.05433432825220436,0.31060674236554203,0.31060674236557656
67.75,-4.8243449906427855,-4.824344990641636,-57.57311805335628,-57.57311805334266,0.05441910083697004,0.05441910083697754,0.3110901360177607,0.3110901360177955
68.0,-4.8107295890171855,-4.810729589016031,-57.495285100147335,-57.49528510013368,0.05450415991638677,0.05450415991639432,0.31157348163450865,0.3115734816345437
68.25,-4.7970934775139416,-4.797093477512782,-57.41733386426243,-57.41733386424874,0.05458477793533516,0.054584777935342756,0.31203639784411286,0.3120363978441481
68.5,-4.783437177136911,-4.783437177135745,-57.33926690503214,-57.33926690501841,0.0546656709056066,0.05466567090561425,0.3124992683716799,0.3124992683717154
68.75,-4.7697606191490705,-4.7697606191479,-57.26108423389641,-57.26108423388265,0.05474683882072971,0.05474683882073741,0.3129620930616762,0.3129620930617119
69.0,-4.75606373481502,-4.756063734813843,-57.182785862334086,-57.18278586232029,0.0548282816742111,0.05482828167421885,0.313424871758572,0.3134248717586079
69.25,-4.742347040345637,-4.7423470403444545,-57.104374350636974,-57.10437435062314,0.05490531797984242,0.05490531797985021,0.3138672145553939,0.31386721455543004
69.5,-4.728611053875869,-4.7286110538746815,-57.02585225869414,-57.02585225868027,0.054982617676262696,0.05498261767627054,0.314309513699564,0.31430951369960036
69.75,-4.714855709558791,-4.7148557095575985,-56.94721959743736,-56.94721959742345,0.05506018075728801,0.0550601807572959,0.31475176904208824,0.3147517690421248
70.0,-4.701080941549028,-4.70108094154783,-56.86847637783568,-56.86847637782173,0.05513800721671336,0.055138007216721296,0.3151939804339761,0.3151939804340129
70.25,-4.687287263185422,-4.687287263184219,-56.7896251607332,-56.78962516071922,0.05521146166373838,0.05521146166374637,0.3156157494605859,0.31561574946062293
70.5,-4.6734751897316125,-4.673475189730404,-56.71066850657401,-56.71066850655998,0.055285167937361004,0.05528516793736904,0.3160374768640124,0.31603747686404965
70.75,-4.659644658231686,-4.659644658230472,-56.6316064257817,-56.63160642576763,0.05535912603168477,0.05535912603169286,0.31645916250180317,0.31645916250184064
71.0,-4.645795605731208,-4.645795605729988,-56.55243892881548,-56.55243892880137,0.055433335940793076,0.055433335940801215,0.3168808062315091,0.3168808062315468
71.25,-4.631928542694693,-4.631928542693467,-56.47316857706853,-56.47316857705438,0.05550320839493445,0.05550320839494264,0.31728200115659305,0.31728200115663097
71.5,-4.618043981512181,-4.618043981510949,-56.39379793153668,-56.39379793152249,0.05557332110783943,0.05557332110784766,0.31768315648803924,0.3176831564880774
71.75,-4.604141862119681,-4.604141862118444,-56.314327002135336,-56.314327002121104,0.05564367407389903,0.055643674073907315,0.3180842720899389,0.31808427208997725
72.0,-4.590222124454607,-4.590222124453365,-56.234755798813865,-56.23475579879959,0.05571426728748506,0.0557142672874934,0.3184853478263864,0.31848534782642496
72.25,-4.576285276104957,-4.576285276103709,-56.15508688351147,-56.15508688349716,0.0557805576247227,0.05578055762473109,0.31886596834296854,0.31886596834300734
72.5,-4.562331826584974,-4.562331826583721,-56.075322817772744,-56.0753228177584,0.055847076649260925,0.05584707664926937,0.3192465512955297,0.3192465512955687
72.75,-4.548361718723498,-4.54836171872224,-55.99546361100485,-55.99546361099047,0.05591382435577827,0.05591382435578676,0.31962709655470667,0.31962709655474597
73.0,-4.534374895350702,-4.534374895349438,-55.91550927264731,-55.915509272632896,0.055980800738934945,0.05598080073894349,0.3200076039911395,0.320007603991179
73.25,-4.520371861175961,-4.5203718611746915,-55.83546236518255,-55.8354623651681,0.05604350884479604,0.056043508844804635,0.3203676498149064,0.3203676498149462
73.5,-4.506353122835622,-4.506353122834347,-55.75532545070108,-55.75532545068659,0.05610643406287841,0.05610643406288706,0.3207276601043348,0.3207276601043748
73.75,-4.49231862605226,-4.492318626050978,-55.675098538101835,-55.67509853808731,0.056169576388148075,0.05616957638815678,0.3210876347366093,0.32108763473664953
74.0,-4.478268316549707,-4.47826831654842,-55.594781636314465,-55.5947816362999,0.0562329358155537,0.056232935815562456,0.3214475735889174,0.32144757358895787
74.25,-4.464202696156707,-4.464202696155414,-55.514377308361986,-55.51437730834738,0.056292061584445906,0.05629206158445471,0.32178704445664263,0.3217870444566833
74.5,-4.450122268629693,-4.4501222686283946,-55.43388811687822,-55.43388811686358,0.05635139288687558,0.056351392886884434,0.32212648181977255,0.32212648181981346
74.75,-4.436026982585874,-4.436026982584569,-55.353314070253866,-55.35331407023918,0.05641092971809625,0.05641092971810516,0.3224658855620416,0.3224658855620827
75.0,-4.421916786643647,-4.421916786642336,-55.27265517690866,-55.272655176893934,0.056470672073345,0.05647067207335396,0.3228052555671869,0.3228052555672283
75.25,-4.407792179749187,-4.40779217974787,-55.191914000403784,-55.191914000389026,0.05652621540793089,0.056526215407939895,0.32312415123525207,0.32312415123529364
75.5,-4.39365366277708,-4.393653662775757,-55.11109310391396,-55.111093103899165,0.056581952693776916,0.05658195269378598,0.32344301542852116,0.323443015428563
75.75,-4.379501187240068,-4.37950118723874,-55.03019249532159,-55.030192495306764,0.05663788392642414,0.056637883926433256,0.32376184803728053,0.3237618480373226
76.0,-4.36533470465201,-4.365334704650677,-54.94921218253653,-54.94921218252166,0.056694009101398095,0.05669400910140726,0.324080648951819,0.3240806489518613
76.25,-4.351154711074659,-4.3511547110733195,-54.86815472965585,-54.86815472964094,0.056745969912009135,0.05674596991201836,0.32437896919482706,0.3243789691948696
76.5,-4.336961704498893,-4.336961704497548,-54.78702270039289,-54.78702270037794,0.0567981130880197,0.05679811308802898,0.3246772599928902,0.32467725999293295
76.75,-4.3227556393338835,-4.322755639332533,-54.70581610212177,-54.70581610210679,0.05685043862525836,0.056850438625267695,0.3249755212428485,0.3249755212428915
77.0,-4.308536469989847,-4.30853646998849,-54.62453494224243,-54.624534942227406,0.056902946519539116,0.056902946519548504,0.3252737528415445,0.32527375284158766
77.25,-4.294304689642326,-4.294304689640963,-54.54318178538573,-54.54318178537067,0.0569513247236274,0.056951324723636836,0.32555149745102124,0.32555149745106465
77.5,-4.280060793396706,-4.280060793395338,-54.46175919580153,-54.461759195786435,0.056999873703680766,0.05699987370369026,0.32582921464545184,0.32582921464549547
77.75,-4.265804738559482,-4.265804738558107,-54.380267180355666,-54.38026718034053,0.057048593455815325,0.05704859345582487,0.32610690432823225,0.3261069043282761
78.0,-4.25153648243812,-4.251536482436739,-54.29870574593813,-54.29870574592295,0.05709748397613353,0.05709748397614313,0.32638456640276065,0.3263845664028047
78.25,-4.237256515320235,-4.2372565153188475,-54.21707745771164,-54.21707745769642,0.05714227949775922,0.057142279497768865,0.3266417351859399,0.3266417351859842
78.5,-4.222965329423998,-4.222965329422604,-54.13538488046061,-54.13538488044536,0.057187234202350536,0.057187234202360236,0.3268988785840158,0.3268988785840603
78.75,-4.208662884954116,-4.208662884952717,-54.05362802054259,-54.05362802052729,0.057232348086311134,0.05723234808632088,0.32715599650694205,0.3271559965069868
79.0,-4.194349142116199,-4.194349142114794,-53.9718068843376,-53.97180688432227,0.05727762114603192,0.05727762114604173,0.32741308886467463,0.3274130888647196
79.25,-4.1800245883082745,-4.180024588306863,-53.889924037538414,-53.889924037523045,0.0573188339153847,0.05731883391539455,0.32764968164336367,0.32764968164340885
79.5,-4.165689712859642,-4.165689712858225,-53.807982045462204,-53.8079820454468,0.057360194271146796,0.057360194271156704,0.32788625106693253,0.32788625106697794
79.75,-4.151344478874113,-4.15134447887269,-53.72598091395819,-53.72598091394275,0.05740170221000942,0.05740170221001938,0.3281227970518949,0.3281227970519406
80.0,-4.136988849456326,-4.136988849454897,-53.643920648896454,-53.64392064888098,0.05744335772865195,0.05744335772866197,0.3283593195147665,0.3283593195148124
80.25,-4.122623309113125,-4.12262330911169,-53.56180381649811,-53.5618038164826,0.05748098768160456,0.05748098768161464,0.32857533612428635,0.3285753361243325
80.5,-4.108248344283336,-4.108248344281894,-53.47963298261143,-53.47963298259588,0.05751875362086092,0.05751875362087105,0.3287913314087065,0.32879133140875283
80.75,-4.093863920970758,-4.09386392096931,-53.39740815257729,-53.3974081525617,0.05755665554339977,0.057556655543409954,0.32900730529110256,0.32900730529114913
81.0,-4.079470005179951,-4.079470005178497,-53.31512933175582,-53.31512933174019,0.05759469344618898,0.05759469344619922,0.329223257694552,0.3292232576945988
81.25,-4.065067078525028,-4.065067078523568,-53.23279908689492,-53.232799086879254,0.05762874052388108,0.05762874052389138,0.32941869798274964,0.32941869798279666
81.5,-4.050655624552793,-4.050655624551327,-53.15041998437239,-53.15041998435668,0.0576629119842291,0.05766291198423945,0.32961411897590237,0.3296141189759496
81.75,-4.036235612167924,-4.036235612166451,-53.06799202902078,-53.06799202900503,0.05769720782449932,0.05769720782450973,0.32980952060364976,0.3298095206036972
82.0,-4.021807010275782,-4.021807010274304,-52.985515225690236,-52.985515225674455,0.05773162804194812,0.05773162804195858,0.33000490279563294,0.3300049027956806
82.25,-4.007370297596255,-4.007370297594771,-52.90299214165403,-52.90299214163821,0.0577620921903987,0.05776209219040922,0.3301797666219607,0.3301797666220086
82.5,-3.9929259547826295,-3.992925954781141,-52.82042534381803,-52.82042534380217,0.0577926691143216,0.057792669114332174,0.33035461318332987,0.330354613183378
82.75,-3.978473953641344,-3.978473953639851,-52.73781483650645,-52.73781483649056,0.05782335881127068,0.05782335881128131,0.33052944241594595,0.33052944241599436
83.0,-3.9640142659794484,-3.964014265977951,-52.65516062405946,-52.655160624043525,0.05785416127879078,0.057854161278801476,0.33070425425601585,0.3307042542560645
83.25,-3.9495473676211548,-3.949547367619653,-52.57246527427434,-52.57246527425836,0.05788104244853738,0.05788104244854813,0.33085854149067434,0.3308585414907232
83.5,-3.9350737363247847,-3.9350737363232784,-52.489731354583725,-52.4897313545677,0.05790802478304297,0.057908024783053784,0.3310128134904896,0.3310128134905387
83.75,-3.9205933467994183,-3.9205933467979075,-52.406958868803464,-52.406958868787406,0.05793510828014899,0.05793510828015986,0.331167070198235,0.3311670701982843
84.0,-3.906106173754676,-3.9061061737531606,-52.32414782076374,-52.32414782074764,0.05796229293768878,0.0579622929376997,0.33132131155668515,0.33132131155673467
84.25,-3.8916126901176895,-3.89161269011617,-52.24130077878462,-52.241300778768476,0.057985591083451984,0.05798559108346297,0.3314550220798255,0.33145502207987526
84.5,-3.877113370750408,-3.877113370748884,-52.15842031082425,-52.15842031080806,0.058008978779736715,0.05800897877974776,0.33158871939826456,0.3315887193983146
84.75,-3.8626081932654355,-3.8626081932639065,-52.07550642019013,-52.0755064201739,0.05803245602467197,0.05803245602468308,0.3317224034613456,0.33172240346139586
85.0,-3.848097135275843,-3.8480971352743096,-51.992559110202436,-51.99255911018617,0.05805602281637958,0.05805602281639075,0.331856074218413,0.33185607421846347
85.25,-3.8335806668103185,-3.83358066680878,-51.90958094970288,-51.90958094968657,0.0580757378967512,0.05807573789676243,0.3319692079193957,0.3319692079194464
85.5,-3.819059259833072,-3.8190592598315294,-51.82657450717397,-51.82657450715763,0.05809553090988789,0.05809553090989917,0.33208233044584345,0.33208233044589436
85.75,-3.804532894861111,-3.804532894859564,-51.74353978541487,-51.74353978539848,0.058115401854206196,0.05811540185421754,0.3321954417536714,0.3321954417537225
86.0,-3.7900015524118382,-3.790001552410286,-51.66047678723572,-51.660476787219295,0.05813535072811647,0.05813535072812788,0.3323085417987956,0.332308541798847
86.25,-3.775465699614169,-3.775465699612612,-51.57738808199883,-51.57738808198236,0.05815148270526979,0.058151482705281254,0.3324010985755011,0.3324010985755527
86.5,-3.7609258055332475,-3.7609258055316857,-51.49427623871003,-51.494276238693516,0.05816768099391749,0.05816768099392901,0.33249364620786037,0.3324936462079122
86.75,-3.746381853591362,-3.7463818535897957,-51.411141259660084,-51.41114125964353,0.05818394559276371,0.05818394559277529,0.3325861846583625,0.33258618465841455
87.0,-3.7318338272111258,-3.7318338272095546,-51.327983147149155,-51.32798314713256,0.05820027650050729,0.058200276500518934,0.33267871388949727,0.33267871388954956
87.25,-3.7172821906203892,-3.717282190618813,-51.24480447105913,-51.24480447104249,0.058212825339928116,0.058212825339939815,0.33275069364768617,0.3327506936477387
87.5,-3.7027274099839373,-3.7027274099823564,-51.16160780091818,-51.16160780090151,0.058225428866062835,0.0582254288660746,0.3328226662917381,0.33282266629179086
87.75,-3.6881694716302174,-3.688169471628632,-51.078393138508716,-51.078393138492,0.05823808707790318,0.058238087077915,0.33289463179071804,0.332894631790771
88.0,-3.6736083618879296,-3.6736083618863393,-50.99516048562086,-50.995160485604096,0.058250799974436496,0.058250799974448375,0.3329665901136914,0.33296659011374463
88.25,-3.6590445420826,-3.6590445420810047,-50.9119124126552,-50.911912412638394,0.05825976564467357,0.05825976564468551,0.33301799276641053,0.333017992766464
88.5,-3.6444784754773925,-3.6444784754757924,-50.82865148966134,-50.82865148964449,0.05826877437333834,0.058268774373350346,0.33306939033522076,0.33306939033527444
88.75,-3.6299101513077905,-3.6299101513061856,-50.74537771791331,-50.74537771789642,0.05827782615971012,0.058277826159722185,0.33312078279576485,0.33312078279581875
89.0,-3.6153395588094575,-3.6153395588078476,-50.66209109869121,-50.662091098674274,0.05828692100306476,0.05828692100307689,0.33317217012368594,0.33317217012374006
89.25,-3.600767156404364,-3.6007671564027497,-50.578794202913485,-50.57879420289651,0.05829230347549824,0.058292303475510426,0.3332029955907173,0.3332029955907717
89.5,-3.5861934044528234,-3.5861934044512043,-50.49548960115035,-50.49548960113333,0.058297717374571276,0.05829771737458352,0.333233818004085,0.33323381800413965
89.75,-3.57161829509823,-3.5716182950966058,-50.41217729416743,-50.41217729415037,0.05830316269985076,0.05830316269986307,0.33326463734601164,0.3332646373460665
90.0,-3.557041820484086,-3.557041820482457,-50.32885728273481,-50.328857282717706,0.05830863945090107,0.05830863945091344,0.33329545359872,0.33329545359877505
90.25,-3.5424644361276045,-3.5424644361259707,-50.24553213828802,-50.245532138270875,0.05831043869952789,0.05831043869954033,0.33330570180606994,0.33330570180612523
90.5,-3.5278865994850443,-3.5278865994834057,-50.16220443191708,-50.1622044318999,0.058312257739507684,0.05831225773952018,0.33331594899001715,0.33331594899007266
90.75,-3.5133083056085854,-3.5133083056069414,-50.078874163879256,-50.07887416386203,0.05831409657069492,0.05831409657070748,0.33332619513936596,0.33332619513942174
91.0,-3.498729549550444,-3.498729549548795,-49.99554133443458,-49.99554133441731,0.05831595519294249,0.05831595519295511,0.3333364402429209,0.33333644024297693
91.25,-3.4841507839218986,-3.484150783920245,-49.91220851553496,-49.91220851551765,0.058314171194177485,0.05831417119419017,0.33332611112234645,0.3333261111224027
91.5,-3.469572463273976,-3.4695724632723173,-49.828878278789524,-49.82887827877217,0.058312395347983624,0.058312395347996364,0.33331578300864445,0.3333157830087009
91.75,-3.4549945855685156,-3.454994585566852,-49.74555062394714,-49.745550623929745,0.05831062765450297,0.05831062765451577,0.3333054558972031,0.3333054558972598
92.0,-3.4404171487673216,-3.440417148765653,-49.66222555075781,-49.662225550740374,0.05830886811387694,0.05830886811388981,0.3332951297834106,0.3332951297834675
92.25,-3.4258406025745853,-3.4258406025729116,-49.57890563168915,-49.578905631671674,0.05830350084636854,0.058303500846381466,0.33326422327198063,0.33326422327203775
92.5,-3.411265398634948,-3.411265398633269,-49.49559343886875,-49.49559343885123,0.058298130089157206,0.058298130089170196,0.3332333197977115,0.3332333197977688
92.75,-3.3966915378207814,-3.3966915378190974,-49.412288971537066,-49.4122889715195,0.0582927558426726,0.05829275584268565,0.33320241936257705,0.33320241936263467
93.0,-3.38211902100435,-3.3821190210026613,-49.32899222893407,-49.32899222891646,0.058287378107344655,0.05828737810735777,0.3331715219685511,0.33317152196860894
93.25,-3.3675482949816278,-3.3675482949799336,-49.24570578404247,-49.245705784024814,0.05827842755180428,0.058278427551817454,0.33312003800824025,0.3331200380082983
93.5,-3.3529798084897386,-3.3529798084880396,-49.16243220950769,-49.16243220948999,0.05826946186079739,0.05826946186081063,0.3330685591153904,0.3330685591154487
93.75,-3.33841356531246,-3.3384135653107556,-49.079171504061804,-49.07917150404406,0.05826048103504125,0.05826048103505455,0.3330170852985633,0.3330170852986218
94.0,-3.3238495692333894,-3.3238495692316796,-48.99592366643473,-48.99592366641694,0.058251485075254315,0.05825148507526768,0.3329656165663201,0.33296561656637885
94.25,-3.309288264139171,-3.309288264137456,-48.91269127012371,-48.91269127010588,0.058238951214298416,0.05823895121431184,0.33289355510363244,0.3328935551036914
94.5,-3.294730095858302,-3.2947300958565817,-48.82947688829146,-48.82947688827359,0.05822639056862547,0.05822639056863896,0.3328215007387168,0.332821500738776
94.75,-3.2801750710868363,-3.2801750710851105,-48.74628051916164,-48.746280519143724,0.05821380313924032,0.058213803139253874,0.3327494534867246,0.332749453486784
95.0,-3.265623196520576,-3.265623196518845,-48.66310216095412,-48.66310216093616,0.05820118892714996,0.058201188927163576,0.3326774133628066,0.3326774133628662
95.25,-3.2510749131357453,-3.251074913134009,-48.57994438768017,-48.579944387662174,0.05818507174515386,0.05818507174516754,0.33258477434842754,0.3325847743484874
95.5,-3.2365306638511218,-3.2365306638493805,-48.49680977301926,-48.49680977300122,0.05816891612570555,0.05816891612571929,0.33249214446214137,0.33249214446220143
95.75,-3.2219904582759074,-3.2219904582741608,-48.41369831468664,-48.41369831466856,0.05815272207009748,0.05815272207011128,0.33239952372569115,0.33239952372575143
96.0,-3.20745430601898,-3.2074543060172283,-48.33061001039214,-48.330610010374016,0.05813648957962516,0.058136489579639024,0.33230691216081926,0.33230691216087976
96.25,-3.19292264514507,-3.192922645143313,-48.24754743466057,-48.24754743464239,0.05811678906258779,0.058116789062601724,0.33219369554929346,0.3321936955493542
96.5,-3.178395915662161,-3.1783959156603983,-48.16451316168766,-48.16451316166944,0.058097038451880606,0.0580970384518946,0.33208049009619034,0.3320804900962513
96.75,-3.1638741300934723,-3.163874130091705,-48.08150718868027,-48.08150718866201,0.05807723774908364,0.0580772377490977,0.3319672958298466,0.33196729582990775
97.0,-3.1493573009618294,-3.1493573009600566,-47.998529512838175,-47.998529512819864,0.05805738695578093,0.05805738695579506,0.331854112778598,0.3318541127786594
97.25,-3.1348458634194096,-3.1348458634176315,-47.91558270919926,-47.91558270918091,0.0580341030911998,0.05803410309121399,0.33172031852803163,0.33172031852809325
97.5,-3.120340254562345,-3.1203402545605616,-47.83266935247512,-47.832669352456726,0.058010757473250775,0.058010757473265034,0.33158653746622574,0.3315865374662876
97.75,-3.1058404898287444,-3.1058404898269556,-47.7497894393642,-47.74978943934576,0.05798735010380149,0.05798735010381581,0.33145276962811265,0.3314527696281747
98.0,-3.0913465846562485,-3.0913465846544543,-47.666942966556206,-47.666942966537725,0.05796388098472452,0.057963880984738904,0.33131901504862366,0.33131901504868594
98.25,-3.07685897128344,-3.0768589712816405,-47.58413250960172,-47.5841325095832,0.057937013761480055,0.05793701376149451,0.33116464312040883,0.33116464312047134
98.5,-3.0623780838935555,-3.0623780838917507,-47.50136064372777,-47.501360643709205,0.057910073121691004,0.05791007312170552,0.3310102864112996,0.3310102864113623
98.75,-3.047903940840462,-3.0479039408386517,-47.41862736512438,-47.41862736510577,0.05788305906751259,0.05788305906752718,0.33085594496282583,0.3308559449628888
99.0,-3.0334365604774867,-3.033436560475671,-47.33593266997121,-47.33593266995255,0.057855971601105935,0.05785597160112059,0.3307016188165163,0.33070161881657945
99.25,-3.018976372128588,-3.0189763721267666,-47.25327913433114,-47.25327913431243,0.05782552100935458,0.057825521009369295,0.33052666917507667,0.33052666917514006
99.5,-3.0045238070630775,-3.004523807061251,-47.17066933394624,-47.17066933392749,0.05779498533440501,0.0577949853344198,0.3303517367830943,0.33035173678315793
99.75,-2.99007888655145,-2.990078886549618,-47.08810326449815,-47.08810326447936,0.05776436457870008,0.05776436457871493,0.3301768216886986,0.3301768216887625
100.0,-2.975641631863588,-2.975641631861751,-47.005580921656446,-47.00558092163761,0.05773365874468942,0.05773365874470433,0.3300019239400177,0.3300019239400818
100.25,-2.9612124694078097,-2.9612124694059667,-46.923104881995975,-46.923104881977096,0.05769962477576483,0.05769962477577981,0.3298063965525732,0.32980639655263755
100.5,-2.946791827538485,-2.9467918275366363,-46.84067772177353,-46.84067772175461,0.057665494053513074,0.057665494053528124,0.32961088844494346,0.3296108884450081
100.75,-2.932379730443605,-2.9323797304417503,-46.75829943616232,-46.75829943614335,0.057631266580664586,0.0576312665806797,0.32941539967185945,0.32941539967192435
101.0,-2.9179762023104763,-2.917976202308616,-46.675970020321856,-46.67597002030285,0.05759694235995754,0.05759694235997272,0.32921993028805063,0.32921993028811575
101.25,-2.903581666630772,-2.903581666628906,-46.593692051338635,-46.593692051319586,0.05755932500627935,0.0575593250062946,0.3290038251243999,0.3290038251244653
101.5,-2.889196548842916,-2.8891965488410443,-46.51146810598384,-46.51146810596474,0.05752159922567111,0.057521599225686434,0.32878774127092675,0.3287877412709924
101.75,-2.8748208760532643,-2.8748208760513867,-46.429298178922245,-46.429298178903096,0.05748376502115088,0.05748376502116627,0.32857167878896565,0.32857167878903154
102.0,-2.8604546753674165,-2.860454675365533,-46.347182264803315,-46.34718226478412,0.05744582239574536,0.057445822395760814,0.3283556377398493,0.32835563773991544
102.25,-2.846098367359406,-2.8460983673575173,-46.26512294122488,-46.26512294120564,0.0574046216507348,0.057404621650750325,0.3281189547721693,0.3281189547722356
102.5,-2.831752374550718,-2.8317523745488233,-46.183122785472214,-46.18312278545293,0.05736330080171876,0.05736330080173435,0.3278822951450343,0.32788229514510087
102.75,-2.81741672696694,-2.81741672696504,-46.101181791701684,-46.10118179168236,0.05732185985200288,0.057321859852018535,0.3276456589263843,0.3276456589264511
103.0,-2.803091454632834,-2.803091454630928,-46.01929995405268,-46.01929995403331,0.05728029880490241,0.05728029880491813,0.32740904618415734,0.32740904618422434
103.25,-2.78877697520381,-2.7887769752018983,-45.937479850634105,-45.937479850614686,0.05723551466290448,0.05723551466292027,0.3271517853868174,0.3271517853868846
103.5,-2.7744737082834297,-2.774473708281512,-45.855724059245055,-45.855724059225594,0.05719059873635428,0.057190598736370134,0.3268945499603942,0.3268945499604617
103.75,-2.7601816868173814,-2.760181686815458,-45.77403257353348,-45.77403257351398,0.057145551028845054,0.05714555102886098,0.3266373399794351,0.32663733997950284
104.0,-2.7459009437504553,-2.7459009437485262,-45.6924053871287,-45.69240538710915,0.057100371543980594,0.05710037154399659,0.32638015551848537,0.3263801555185533
104.25,-2.7316318938184656,-2.7316318938165307,-45.610845078650435,-45.61084507863084,0.05705200400019213,0.057052004000208184,0.3261023168678765,0.32610231686794466
104.5,-2.717374953706075,-2.7173749537041343,-45.52935422641135,-45.52935422639171,0.05700349298783439,0.05700349298785051,0.3258245056185598,0.3258245056186282
104.75,-2.703130159279941,-2.703130159277994,-45.44793282355098,-45.447932823531296,0.056954838510788225,0.05695483851080442,0.3255467218516919,0.32554672185176053
105.0,-2.6888975464057494,-2.6888975464037963,-45.36658086318857,-45.366580863168835,0.05690604057294597,0.05690604057296224,0.32526896564842733,0.3252689656484962
105.25,-2.674677526898752,-2.6746775268967933,-45.285300924454425,-45.285300924434644,0.05685408962334922,0.05685408962336556,0.32497054912280415,0.32497054912287326
105.5,-2.6604705145237477,-2.660470514521783,-45.20409558617456,-45.20409558615473,0.05680198351769704,0.05680198351771344,0.32467216202885174,0.3246721620289211
105.75,-2.6462765480692294,-2.6462765480672585,-45.12296484098008,-45.1229648409602,0.05674972226015788,0.05674972226017435,0.32437380445433817,0.3243738044544077
106.0,-2.6320956663226465,-2.6320956663206694,-45.04190868148016,-45.04190868146023,0.05669730585491261,0.056697305854929145,0.32407547648702906,0.32407547648709883
106.25,-2.6179282781777307,-2.617928278175748,-44.96092968731548,-44.9609296872955,0.056641771496214,0.056641771496230606,0.3237564820663637,0.3237564820664337
106.5,-2.6037747944784586,-2.60377479447647,-44.88003043782517,-44.88003043780515,0.05658607029050559,0.05658607029052226,0.32343751910775065,0.32343751910782087
106.75,-2.5896352569360257,-2.5896352569340313,-44.79921092513193,-44.79921092511186,0.056530202242243435,0.05653020224226018,0.32311858770557117,0.3231185877056416
107.0,-2.575509707260512,-2.575509707258512,-44.718471141334845,-44.71847114131473,0.05647416735589695,0.05647416735591376,0.32279968795420405,0.3227996879542747
107.25,-2.5613985514231796,-2.5613985514211737,-44.63781366658478,-44.637813666564625,0.05641504958547047,0.056415049585487355,0.3224601156200517,0.3224601156201226
107.5,-2.5473021973462315,-2.5473021973442194,-44.55724108073381,-44.55724108071361,0.05635575327361251,0.05635575327362946,0.3221205767783356,0.3221205767784067
107.75,-2.5332206896644327,-2.5332206896624143,-44.47675337539619,-44.47675337537594,0.05629627842506673,0.05629627842508375,0.3217810715300523,0.32178107153012364
108.0,-2.519154073011361,-2.5191540730093362,-44.396350542160945,-44.396350542140645,0.056236625044591086,0.05623662504460818,0.32144159997619565,0.32144159997626726
108.25,-2.505102750434863,-2.5051027504328323,-44.31603516168893,-44.31603516166858,0.05617392386042614,0.0561739238604433,0.32108144971157043,0.32108144971164226
108.5,-2.4910671269344262,-2.491067126932389,-44.235809814344954,-44.23580981432456,0.05611103243694152,0.05611103243695876,0.3207213349697675,0.32072133496983957
108.75,-2.4770472500692517,-2.4770472500672085,-44.15567449123487,-44.15567449121443,0.056047950779168514,0.056047950779185826,0.3203612558584007,0.32036125585847297
109.0,-2.463043167397281,-2.4630431673952313,-44.07562918343761,-44.07562918341712,0.05598467889215361,0.05598467889217099,0.3200012124850809,0.3200012124851534
109.25,-2.449055279042009,-2.4490552790399533,-43.99567647212387,-43.99567647210333,0.05591839429280679,0.05591839429282424,0.3196204842743412,0.3196204842744139
109.5,-2.4350839870792687,-2.4350839870772067,-43.915818938171036,-43.91581893815045,0.055851907752786374,0.055851907752803895,0.31923979361681165,0.31923979361688465
109.75,-2.4211293419935638,-2.4211293419914957,-43.83605657217654,-43.836056572155904,0.05578521927741125,0.05578521927742884,0.31885914062672527,0.3188591406267985
110.0,-2.4071913942680663,-2.4071913942659924,-43.75638936470923,-43.75638936468855,0.05571832887201645,0.055718328872034116,0.31847852541831195,0.3184785254183854
110.25,-2.3932705411009882,-2.393270541098908,-43.67681989744947,-43.67681989742875,0.05564846085656714,0.05564846085658488,0.3180772192470548,0.31807721924712845
110.5,-2.3793671816435755,-2.379367181641489,-43.5973507517871,-43.59735075176633,0.05557837919562526,0.055578379195643075,0.31767595265939713,0.317675952659471
110.75,-2.3654813693065013,-2.3654813693044088,-43.5179819178111,-43.51798191779028,0.055508083894797305,0.055508083894815194,0.31727472577619314,0.31727472577626725
111.0,-2.351613157499034,-2.3516131574969354,-43.43871338558026,-43.43871338555939,0.05543757495970685,0.05543757495972481,0.3168735387182937,0.31687353871836804
111.25,-2.3377629404931755,-2.3377629404910705,-43.35954773728446,-43.35954773726354,0.05536412352771625,0.055364123527734274,0.31645165457325736,0.3164516545733319
111.5,-2.323931114514659,-2.323931114512548,-43.280487554825825,-43.28048755480486,0.05529044674194968,0.055290446741967786,0.3160298120422111,0.3160298120422859
111.75,-2.3101177359011924,-2.310117735899075,-43.20153282778492,-43.20153282776391,0.05521654460830126,0.055216544608319436,0.31560801125263216,0.3156080112527072
112.0,-2.2963228609890076,-2.296322860986884,-43.12268354571046,-43.1226835456894,0.055142417132683114,0.055142417132701356,0.31518625233199443,0.3151862523320697
112.25,-2.282546881122974,-2.2825468811208443,-43.04394229130171,-43.04394229128061,0.05506538228415637,0.05506538228417469,0.31474379020096843,0.314743790201044
112.5,-2.268790189602391,-2.268790189600255,-42.96531164697297,-42.96531164695182,0.05498811037010646,0.054988110370124854,0.31430137171432415,0.3143013717143999
112.75,-2.255052845692868,-2.255052845690725,-42.886791601796375,-42.88679160177517,0.054910601396715095,0.054910601396733566,0.3138589970061638,0.3138589970062398
113.0,-2.241334908658464,-2.241334908656315,-42.80838214481054,-42.808382144789284,0.05483285537018295,0.05483285537020149,0.3134166662105862,0.31341666621066244
113.25,-2.2276367669160013,-2.2276367669138453,-42.730085859224026,-42.73008585920273,0.05475223710553436,0.05475223710555298,0.31295362608232863,0.3129536260824051
113.5,-2.213958810837427,-2.213958810835264,-42.65190532796317,-42.651905327941826,0.05467137006015212,0.05467137006017082,0.31249063162884505,0.3124906316289218
113.75,-2.2003011026171158,-2.200301102614947,-42.57384053959168,-42.573840539570284,0.05459025424050556,0.05459025424052432,0.3120276829908648,0.3120276829909418
114.0,-2.186663704447824,-2.1866637044456483,-42.495891482638086,-42.49589148261664,0.05450888965308387,0.05450888965310271,0.31156478030911344,0.31156478030919066
114.25,-2.17304700181741,-2.173047001815228,-42.418060740820124,-42.41806074079863,0.0544246879731047,0.054424687973123616,0.31108116217327453,0.311081162173352
114.5,-2.1594513821695576,-2.1594513821673686,-42.340350897576045,-42.34035089755451,0.05434022579371862,0.05434022579373761,0.3105975917426025,0.3105975917426802
114.75,-2.1458769106282736,-2.145876910626078,-42.26276194096114,-42.262761940939555,0.05425550312168254,0.05425550312170161,0.31011406916445555,0.3101140691645335
115.0,-2.132323652315874,-2.132323652313672,-42.18529385899386,-42.18529385897222,0.05417051996377425,0.054170519963793386,0.3096305945861882,0.30963059458626635
115.25,-2.1187919897903473,-2.118791989788139,-42.107949235900996,-42.10794923587932,0.0540827348696031,0.05408273486962231,0.3091263984332397,0.30912639843331813
115.5,-2.1052823075662026,-2.105282307563988,-42.03073065563264,-42.03073065561091,0.05399467755388946,0.05399467755390874,0.30862225201585125,0.3086222520159299
115.75,-2.0917946736979456,-2.0917946736957242,-41.95363810573564,-41.953638105713864,0.05390634802367786,0.05390634802369722,0.308118155488012,0.30811815548809096
116.0,-2.078329156238318,-2.07832915623609,-41.87667157371837,-41.87667157369654,0.053817746286034605,0.05381774628605404,0.3076141090037073,0.30761410900378644
116.25,-2.0648861348145315,-2.064886134812297,-41.79983364431659,-41.799833644294715,0.05372637777913005,0.05372637777914956,0.30708933482487777,0.30708933482495715
116.5,-2.0514659910110162,-2.051465991008775,-41.723126901992124,-41.723126901970204,0.05363472532508553,0.05363472532510512,0.3065646124120016,0.30656461241208127
116.75,-2.038068795813641,-2.038068795811393,-41.6465513337834,-41.64655133376144,0.05354278893123318,0.05354278893125285,0.30603994192570094,0.3060399419257808
117.0,-2.0246946202064393,-2.0246946202041847,-41.5701069266887,-41.57010692666669,0.05345056860492786,0.0534505686049476,0.30551532352659366,0.3055153235266738
117.25,-2.011343840884944,-2.0113438408826823,-41.49379626595268,-41.49379626593062,0.053355616687043306,0.05335561668706312,0.3049699713138087,0.3049699713138891
117.5,-1.9980168365026025,-1.998016836500335,-41.4176219365488,-41.417621936526686,0.05326036909295981,0.0532603690929797,0.3044246728973704,0.30442467289745107
117.75,-1.9847136809775134,-1.98471368097524,-41.34158392500706,-41.341583924984896,0.053164825830297115,0.053164825830317085,0.30387942844453575,0.3038794284446167
118.0,-1.9714344482258663,-1.971434448223587,-41.26568221781565,-41.26568221779344,0.05306898690669863,0.05306898690671868,0.3033342381225574,0.30333423812263854
118.25,-1.9581795120106165,-1.9581795120083314,-41.189919400728044,-41.18991940070578,0.052970451579859024,0.052970451579879146,0.3027683078683844,0.30276830786846576
118.5,-1.944949248053331,-1.94494924805104,-41.11429805922926,-41.11429805920695,0.05287160884430035,0.05287160884432055,0.3022024334409512,0.3022024334410328
118.75,-1.9317437332052017,-1.9317437332029046,-41.03881817934088,-41.03881817931852,0.05277245870792998,0.052772458707950255,0.3016366150141517,0.3016366150142335
119.0,-1.9185630443154402,-1.9185630443131374,-40.963479747041006,-40.963479747018596,0.05267300117867985,0.052673001178700204,0.301070852761875,0.30107085276195705
119.25,-1.9054075522135276,-1.9054075522112188,-40.88828534859183,-40.88828534856937,0.052570882445160325,0.05257088244518075,0.30048434445947225,0.3004843444595545
119.5,-1.8922776296882529,-1.892277629685938,-40.81323756998987,-40.81323756996736,0.0524684445669408,0.05246844456696131,0.2998978940142022,0.29989789401428474
119.75,-1.879173356524767,-1.8791733565224462,-40.73833639674829,-40.73833639672573,0.05236568755221626,0.05236568755223684,0.29931150160659736,0.2993115016066802
120.0,-1.8660948125061694,-1.8660948125038426,-40.66358181433509,-40.66358181431248,0.05226261140920719,0.05226261140922785,0.29872516741718563,0.29872516741726873
120.25,-1.853042365527572,-1.853042365525239,-40.58897640952113,-40.58897640949847,0.052156909271513306,0.05215690927153404,0.29811808106025584,0.29811808106033916
120.5,-1.8400163854440923,-1.840016385441753,-40.514522768814366,-40.51452276879166,0.05205087624967799,0.0520508762496988,0.29751105459085114,0.2975110545909347
120.75,-1.8270169549757056,-1.8270169549733604,-40.44022087721951,-40.44022087719675,0.05194451235218382,0.05194451235220471,0.29690408819614483,0.2969040881962286
121.0,-1.8140441568402639,-1.8140441568379124,-40.3660707196945,-40.36607071967169,0.051837817587539844,0.051837817587560814,0.2962971820633053,0.29629718206338934
121.25,-1.8010983559976186,-1.801098355995261,-40.29207488351878,-40.29207488349592,0.05172853204838941,0.051728532048410464,0.29566951764605215,0.2956695176461364
121.5,-1.7881799193683237,-1.7881799193659598,-40.21823595571167,-40.21823595568877,0.051618903882195886,0.051618903882217015,0.29504191514671596,0.29504191514680045
121.75,-1.7752889326080443,-1.7752889326056742,-40.14455392076947,-40.14455392074652,0.051508933097729456,0.05150893309775066,0.29441437475911264,0.2944143747591974
122.0,-1.7624254813702496,-1.7624254813678732,-40.07102876314001,-40.07102876311701,0.051398619703787715,0.051398619703809004,0.2937868966770532,0.2937868966771382
122.25,-1.7495899276786413,-1.7495899276762588,-39.997663070611296,-39.997663070588246,0.051285750766094054,0.05128575076611542,0.2931386541941417,0.2931386541942269
122.5,-1.7367826355183205,-1.7367826355159317,-39.924459430713945,-39.924459430690845,0.05117252745499567,0.05117252745501712,0.29249047565953834,0.2924904756596238
122.75,-1.7240036934815066,-1.7240036934791116,-39.851417827435824,-39.851417827412675,0.05105894977955036,0.051058949779571886,0.2918423612737037,0.29184236127378943
123.0,-1.7112531901581514,-1.71125319015575,-39.77853824471469,-39.77853824469149,0.050945017748844273,0.050945017748865874,0.2911943112370933,0.2911943112371792
123.25,-1.6985314846349193,-1.6985314846325117,-39.70582327084701,-39.705823270823764,0.05082856541570075,0.050828565415722435,0.2905254906836134,0.29052549068369954
123.5,-1.6858389379605707,-1.6858389379581569,-39.633275493874685,-39.633275493851386,0.05071174695933115,0.05071174695935291,0.28985673610883206,0.28985673610891843
123.75,-1.6731756416647448,-1.6731756416623245,-39.560894897277144,-39.56089489725379,0.050594562389080874,0.05059456238910272,0.28918804771985646,0.28918804771994305
124.0,-1.66054168727474,-1.6605416872723135,-39.48868146448205,-39.48868146445864,0.05047701171432462,0.05047701171434654,0.28851942572378847,0.2885194257238753
124.25,-1.6479374309392987,-1.647937430936866,-39.416637784294316,-39.416637784270854,0.05035697598899043,0.050356975989012426,0.28783002709522115,0.2878300270953082
124.5,-1.6353632307699546,-1.6353632307675154,-39.34476644526704,-39.34476644524353,0.05023656238714929,0.05023656238717136,0.287140696475742,0.28714069647582924
124.75,-1.622819181234631,-1.6228191812321855,-39.273067430371235,-39.27306743034767,0.050115770918434215,0.05011577091845637,0.2864514340791066,0.2864514340791941
125.0,-1.6103053767988393,-1.6103053767963873,-39.20154072252446,-39.20154072250085,0.04999460159250846,0.04999460159253069,0.2857622401190653,0.2857622401191531
125.25,-1.5978221706725144,-1.597822170670056,-39.13018891104005,-39.13018891101638,0.04987098247839552,0.049870982478417834,0.28505226341125156,0.28505226341133955
125.5,-1.58536991802908,-1.585369918026615,-39.05901458498224,-39.059014584958526,0.049746973731035454,0.04974697373105785,0.2843423567429145,0.28434235674300273
125.75,-1.5729487162756082,-1.5729487162731368,-38.98801772681363,-38.98801772678986,0.04962257536034889,0.049622575360371374,0.2836325203344604,0.28363252033454883
126.0,-1.5605586628166876,-1.5605586628142096,-38.917198318941686,-38.91719831891787,0.04949778737628763,0.04949778737631019,0.28292275440628983,0.2829227544063785
126.25,-1.548200107922564,-1.5482001079200793,-38.84655895118808,-38.84655895116421,0.04937058487694849,0.04937058487697114,0.2821921996154021,0.282192199615491
126.5,-1.5358734038276682,-1.5358734038251771,-38.77610221312819,-38.776102213104274,0.04924298098416293,0.04924298098418566,0.28146171689437866,0.2814617168944678
126.75,-1.5235786508790867,-1.523578650876589,-38.705828086716174,-38.70582808669221,0.04911497570813919,0.049114975708162006,0.28073130647027816,0.2807313064703676
127.0,-1.5113159494213495,-1.511315949418845,-38.63573655384941,-38.635736553825396,0.048986569059117614,0.04898656905914051,0.28000096857015355,0.28000096857024326
127.25,-1.4990856467841323,-1.4990856467816212,-38.565830204857896,-38.56583020483383,0.04885578317823438,0.04885578317825736,0.27924983569266937,0.2792498356927593
127.5,-1.486888092261992,-1.4868880922594743,-38.496111629828086,-38.49611162980397,0.048724584140246475,0.04872458414026954,0.2784987769154359,0.2784987769155261
127.75,-1.474723389142894,-1.4747233891403695,-38.42658081020571,-38.42658081018154,0.04859297195564975,0.048592971955672894,0.2777477924721663,0.2777477924722567
128.0,-1.4625916407121748,-1.4625916407096435,-38.357237727378056,-38.35723772735384,0.0484609466349731,0.048460946634996324,0.27699688259656774,0.2769968825966584
128.25,-1.4504931913580603,-1.4504931913555221,-38.28808497218339,-38.288084972159126,0.0483265773763471,0.0483265773763704,0.27622517162924554,0.27622517162933646
128.5,-1.4384283874343542,-1.4384283874318093,-38.21912513521924,-38.21912513519492,0.04819178319349939,0.048191783193522776,0.27545353679255935,0.27545353679265056
128.75,-1.4263973351707648,-1.426397335168213,-38.15035819742289,-38.150358197398525,0.04805656409721343,0.048056564097236895,0.2746819783268787,0.27468197832697017
129.0,-1.4144001407943003,-1.4144001407917417,-38.08178413967155,-38.081784139647134,0.04792092009830666,0.04792092009833021,0.27391049647256693,0.2739104964726587
129.25,-1.402437145750858,-1.4024371457482925,-38.01340555331172,-38.01340555328726,0.04778296746584909,0.04778296746587272,0.2731182074124237,0.27311820741251575
129.5,-1.3905086934526099,-1.3905086934500377,-37.94522502945195,-37.945225029427434,0.04764457813859412,0.04764457813861783,0.2723259965133006,0.27232599651339284
129.75,-1.3786148930718725,-1.3786148930692934,-37.877242548521096,-37.87724254849653,0.04750575212761282,0.047505752127636615,0.27153386402222535,0.27153386402231783
130.0,-1.3667558537781896,-1.3667558537756037,-37.809458090886274,-37.80945809086166,0.04736648944401119,0.04736648944403506,0.2707418101862196,0.2707418101863123
130.25,-1.354931914074253,-1.3549319140716602,-37.74187424840221,-37.74187424837754,0.04722495344173435,0.04722495344175831,0.2699289430305102,0.26992894303060316
130.5,-1.343143414429726,-1.3431434144271264,-37.67449361268844,-37.67449361266371,0.04708296897062591,0.04708296897064995,0.2691161560662036,0.2691161560662968
130.75,-1.3313904669603973,-1.3313904669577907,-37.60731616366538,-37.607316163640604,0.04694053604204454,0.046940536042068666,0.268303449546988,0.2683034495470814
131.0,-1.3196731837792115,-1.3196731837765978,-37.54034188119007,-37.54034188116524,0.046797654667384794,0.046797654667409004,0.26749082372654504,0.2674908237266387
131.25,-1.3079919004447784,-1.3079919004421579,-37.47357335762542,-37.473573357600536,0.046652535299394116,0.04665253529941841,0.26665737847274346,0.2666573784728373
131.5,-1.296346954483376,-1.2963469544807482,-37.40701318510192,-37.40701318507698,0.04650695568507924,0.046506955685103615,0.2658240154407261,0.26582401544082024
131.75,-1.2847384609551298,-1.284738460952495,-37.34066134303158,-37.34066134300658,0.046360915836086446,0.046360915836110905,0.26499073489084335,0.2649907348909378
132.0,-1.2731665349172498,-1.2731665349146082,-37.27451781076132,-37.27451781073627,0.046214415764098835,0.046214415764123384,0.26415753708343903,0.2641575370835337
132.25,-1.2616315089833892,-1.2616315089807404,-37.20858518116222,-37.208585181137124,0.0460657130345855,0.046065713034610135,0.2633035137292206,0.26330351372931554
132.5,-1.2501337177355645,-1.2501337177329086,-37.142866046875724,-37.14286604685057,0.0459165382777971,0.045916538277821814,0.2624495746271665,0.26244957462726165
132.75,-1.2386732791791035,-1.2386732791764405,-37.0773603868054,-37.0773603867802,0.04576689150566751,0.04576689150569231,0.26159572004429127,0.26159572004438664
133.0,-1.227250311316346,-1.227250311313676,-37.01206817978809,-37.012068179762835,0.04561677273016839,0.04561677273019328,0.2607419502476027,0.2607419502476983
133.25,-1.215865143815113,-1.2158651438124357,-36.946992019203,-36.94699201917769,0.04546448664340252,0.0454644866434275,0.2598673487908287,0.2598673487909245
133.5,-1.204518108312286,-1.2045181083096017,-36.88213449820249,-36.88213449817713,0.045311716744952525,0.04531171674497759,0.2589928336165975,0.2589928336166935
133.75,-1.1932093257592595,-1.1932093257565681,-36.81749559518171,-36.8174955951563,0.04515846304703991,0.045158463047065056,0.2581184049985899,0.25811840499868616
134.0,-1.1819389171043673,-1.1819389171016688,-36.7530752884674,-36.753075288441934,0.04500472556192487,0.04500472556195011,0.25724406321047977,0.25724406321057625
134.25,-1.1707072090687252,-1.1707072090660195,-36.68887617194689,-36.68887617192137,0.0448488561222493,0.04484885612227462,0.2563488836491819,0.25634888364927866
134.5,-1.1595145303432062,-1.1595145303404932,-36.62490083928343,-36.624900839257855,0.04469249108302247,0.04469249108304788,0.255453792400804,0.25545379240090105
134.75,-1.1483610048261352,-1.148361004823415,-36.56114926836374,-36.56114926833812,0.0445356304567535,0.044535630456778996,0.25455878974569496,0.25455878974579227
135.0,-1.137246756412705,-1.1372467564099775,-36.497621437004476,-36.4976214369788,0.04437827425599115,0.044378274256016724,0.25366387596419654,0.25366387596429407
135.25,-1.1261721088764531,-1.1261721088737184,-36.43431993960106,-36.434319939575325,0.04421882146781562,0.04421882146784128,0.2527481182965639,0.2527481182966617
135.5,-1.115137387961371,-1.115137387958629,-36.371247370327616,-36.37124737030183,0.04405886128876371,0.044058861288789455,0.25183245097222684,0.25183245097232493
135.75,-1.104142720513579,-1.1041427205108296,-36.308403706562444,-36.30840370653661,0.043898393731632145,0.04389839373165798,0.2509168742782043,0.2509168742783026
136.0,-1.0931882333759928,-1.0931882333732361,-36.245788925612096,-36.245788925586204,0.04373741880925823,0.043737418809284154,0.250001388501508,0.2500013885016065
136.25,-1.0822742473737004,-1.0822742473709361,-36.18340562238008,-36.18340562235414,0.0435743826770541,0.043574382677080116,0.24906505272587426,0.2490650527259729
136.5,-1.0714010853029385,-1.0714010853001668,-36.121256391551384,-36.121256391525385,0.043410827359190565,0.04341082735921667,0.24812880932391013,0.24812880932400888
136.75,-1.0605688769584873,-1.0605688769557082,-36.05934120999588,-36.05934120996982,0.04324675286875195,0.04324675286877814,0.24719265858930656,0.24719265858940545
137.0,-1.049777752131851,-1.0497777521290643,-35.99766005451001,-35.9976600544839,0.04308215921886412,0.043082159218890394,0.24625660081574713,0.24625660081584616
137.25,-1.039028028698795,-1.0390280286960007,-35.93621552050535,-35.936215520479195,0.04291553974715951,0.04291553974718587,0.24529968693057902,0.24529968693067816
137.5,-1.0283200265069308,-1.028320026504129,-35.87501020317774,-35.87501020315153,0.042748389291554625,0.04274838929158107,0.24434286744945297,0.24434286744955225
137.75,-1.0176538783005629,-1.0176538782977536,-35.814044078888614,-35.81404407886236,0.042580707865421404,0.04258070786544793,0.24338614267273395,0.24338614267283334
138.0,-1.0070297168206472,-1.0070297168178304,-35.75331712392433,-35.75331712389803,0.04241249548217425,0.04241249548220087,0.24242951290077933,0.24242951290087886
138.25,-0.9964478569927567,-0.9964478569899327,-35.69283193420452,-35.69283193417816,0.042242292675549485,0.042242292675576186,0.2414520209046662,0.24145202090476584
138.5,-0.9859086157150063,-0.9859086157121751,-35.63259110543583,-35.63259110540942,0.042071547083325805,0.04207154708335259,0.24047462534296596,0.24047462534306574
138.75,-0.9754121286820893,-0.975412128679251,-35.572594613471274,-35.572594613444814,0.04190025871916276,0.041900258719189634,0.23949732652271954,0.23949732652281944
139.0,-0.9649585315852784,-0.964958531582433,-35.51284243408712,-35.51284243406061,0.04172842759676332,0.041728427596790275,0.2385201247509601,0.2385201247510601
139.25,-0.9545481363990833,-0.9545481363962307,-35.45333716371102,-35.45333716368446,0.04155464145984681,0.04155464145987386,0.23752205464260392,0.23752205464270404
139.5,-0.9441812570712519,-0.9441812570683921,-35.394081398560445,-35.394081398533835,0.04138030073217506,0.04138030073220219,0.23652408299902986,0.2365240829991301
139.75,-0.9338580322477305,-0.9338580322448633,-35.33507511397999,-35.33507511395332,0.04120540542769521,0.04120540542772243,0.2355262101339567,0.23552621013405708
140.0,-0.923578600570973,-0.9235786005680985,-35.27631828523581,-35.27631828520909,0.04102995556039879,0.041029955560426094,0.23452843636109535,0.23452843636119586
140.25,-0.9133432710635556,-0.9133432710606738,-35.217813509263586,-35.21781350923682,0.040852586097863235,0.04085258609789063,0.23350978813930195,0.2335097881394026
140.5,-0.9031523547219894,-0.9031523547191003,-35.15956338279159,-35.15956338276477,0.04067465023595845,0.04067465023598593,0.2324912404126582,0.23249124041275898
140.75,-0.8930059931443382,-0.8930059931414417,-35.101567880655985,-35.10156788062912,0.04049614798891919,0.04049614798894676,0.23147279350156277,0.23147279350166367
141.0,-0.8829043279251015,-0.8829043279221978,-35.04382697761284,-35.04382697758592,0.04031707937102554,0.0403170793710532,0.23045444772640622,0.23045444772650725
141.25,-0.8728476651340529,-0.8728476651311416,-34.98634327110583,-34.986343271078866,0.0401361265875844,0.04013612658761215,0.22941522139007686,0.229415221390178
141.5,-0.8628363128155967,-0.862836312812678,-34.92911935837403,-34.929119358347016,0.039954595592702445,0.039954595592730284,0.228376097579263,0.22837609757936428
141.75,-0.8528704155207788,-0.8528704155178527,-34.872155213745174,-34.87215521371811,0.03977248640090206,0.039772486400929986,0.2273370766210451,0.2273370766211465
142.0,-0.8429501177970087,-0.8429501177940751,-34.815450811465226,-34.81545081143811,0.03958979902675186,0.03958979902677988,0.2262981588424954,0.22629815884259694
142.25,-0.8330757227603879,-0.8330757227574469,-34.75900874948587,-34.7590087494587,0.039405262927156084,0.039405262927184194,0.2252383543906192,0.22523835439072087
142.5,-0.8232475355023453,-0.8232475354993969,-34.702831625556954,-34.70283162552973,0.03922013680059038,0.03922013680061858,0.22417865449462265,0.22417865449472446
142.75,-0.8134657035277733,-0.8134657035248173,-34.646919413497784,-34.646919413470506,0.03903442066186474,0.03903442066189302,0.22311905948826996,0.2231190594883719
143.0,-0.8037303743378554,-0.8037303743348919,-34.59127208704423,-34.5912720870169,0.03884811452583632,0.038848114525864695,0.22205956970531698,0.22205956970541907
143.25,-0.7940418480941528,-0.7940418480911817,-34.53589224465596,-34.53589224462857,0.03865999511487143,0.03865999511489989,0.2209791871369639,0.2209791871370661
143.5,-0.78440042693425,-0.7844004269312713,-34.48078248459359,-34.48078248456615,0.03847127385794999,0.03847127385797854,0.21989891115485286,0.2198989111549552
143.75,-0.77480626131775,-0.7748062613147637,-34.425942780168,-34.42594278014051,0.0382819507701696,0.03828195077019824,0.21881874209943383,0.21881874209953628
144.0,-0.7652595017004753,-0.7652595016974814,-34.37137310460497,-34.37137310457742,0.03809202586667598,0.038092025866704717,0.2177386803111482,0.2177386803112508
144.25,-0.7557604452885778,-0.7557604452855763,-34.31707605687214,-34.317076056844535,0.03790032314915929,0.03790032314918811,0.21663771962546255,0.21663771962556527
144.5,-0.7463093912649296,-0.7463093912619204,-34.26305423574089,-34.26305423571323,0.03770800676324198,0.03770800676327089,0.2155368675563796,0.21553686755648246
144.75,-0.7369064930447087,-0.7369064930416919,-34.20930761401367,-34.209307613985956,0.037515076724309246,0.03751507672433825,0.21443612445103702,0.21443612445114002
145.0,-0.7275519040392406,-0.7275519040362162,-34.15583616440616,-34.15583616437839,0.03732153304779538,0.03732153304782448,0.2133354906565637,0.21333549065666682
145.25,-0.7182459184984006,-0.7182459184953683,-34.10264248639397,-34.10264248636614,0.03712624702857346,0.03712624702860264,0.2122139518527583,0.21221395185286154
145.5,-0.7089888326494798,-0.7089888326464397,-34.04972917925923,-34.04972917923135,0.03693033551504942,0.0369303355150787,0.2110925236959145,0.2110925236960179
145.75,-0.6997808028640956,-0.6997808028610478,-33.997096215295976,-33.99709621526804,0.036733798522896086,0.03673379852292545,0.2099712065398596,0.20997120653996312
146.0,-0.6906219855099411,-0.6906219855068856,-33.94474356670978,-33.94474356668179,0.03653663606783629,0.036536636067865745,0.20885000073841198,0.20885000073851562
146.25,-0.6815126718797468,-0.6815126718766834,-33.89267383348421,-33.892673833456165,0.03633776675178268,0.03633776675181222,0.20770788381576263,0.20770788381586638
146.5,-0.6724531552443556,-0.6724531552412842,-33.84088961541215,-33.84088961538405,0.03613826011206808,0.03613826011209771,0.20656587957043201,0.2065658795705359
146.75,-0.6634435949326885,-0.6634435949296092,-33.78939088427921,-33.78939088425105,0.03593811616465292,0.03593811616468264,0.20542398836293901,0.20542398836304301
147.0,-0.6544841502696704,-0.6544841502665834,-33.73817761178085,-33.73817761175264,0.03573733492554859,0.0357373349255784,0.20428221055379342,0.20428221055389753
147.25,-0.6455751095900197,-0.6455751095869247,-33.6872523984086,-33.68725239838034,0.03553488231756161,0.03553488231759151,0.203119515511634,0.20311951551173824
147.5,-0.6367167632072633,-0.6367167632041604,-33.63661784446609,-33.636617844437765,0.035331780553097436,0.035331780553127426,0.20195693517714866,0.20195693517725302
147.75,-0.6279092734084907,-0.6279092734053797,-33.586273921230486,-33.58627392120211,0.03512802964840408,0.03512802964843416,0.2007944699175498,0.2007944699176543
148.0,-0.6191528024767227,-0.6191528024736037,-33.53622059988717,-33.53622059985874,0.034923629619781495,0.034923629619811665,0.19963212010004058,0.19963212010014522
148.25,-0.6104476357877983,-0.6104476357846712,-33.48646048143561,-33.48646048140712,0.03471759372478233,0.03471759372481259,0.19844884693775808,0.19844884693786283
148.5,-0.6017940606970614,-0.6017940606939263,-33.43699616669015,-33.43699616666161,0.03451089683703242,0.03451089683706277,0.19726569051350315,0.19726569051360804
148.75,-0.593192242450634,-0.5931922424474907,-33.38782762641956,-33.38782762639096,0.0343035389730674,0.03430353897309785,0.19608265120118373,0.19608265120128873
149.0,-0.5846423462904972,-0.5846423462873459,-33.338954831299105,-33.33895483127045,0.03409552014947577,0.03409552014950631,0.19489972937469835,0.19489972937480346
149.25,-0.5761446546327439,-0.5761446546295845,-33.29038038283619,-33.290380382807484,0.03388590097240661,0.03388590097243724,0.19369587809172895,0.1936958780918342
149.5,-0.567699451873668,-0.5676994518705005,-33.2421068823559,-33.24210688232714,0.033675608962855874,0.03367560896288659,0.19249214557713884,0.19249214557724423
149.75,-0.5593069062192881,-0.5593069062161125,-33.19413430011856,-33.19413430008975,0.0334646441376468,0.03346464413767761,0.1912885322115334,0.1912885322116389
150.0,-0.5509671858714104,-0.5509671858682265,-33.14646260628936,-33.14646260626049,0.033253006513656445,0.033253006513687344,0.19008503837550847,0.19008503837561408
150.25,-0.5426805702855143,-0.5426805702823223,-33.09909440288363,-33.0990944028547,0.033039804059478824,0.03303980405950981,0.18886060897133353,0.18886060897143925
150.5,-0.5344473408979773,-0.5344473408947771,-33.05203229173716,-33.05203229170819,0.03282591692963153,0.03282591692966261,0.18763630036588774,0.1876363003659936
150.75,-0.5262676688755791,-0.5262676688723705,-33.00527624260187,-33.00527624257285,0.0326113451412254,0.03261134514125657,0.18641211294647592,0.18641211294658191
151.0,-0.5181417253808147,-0.5181417253775978,-32.95882622513284,-32.95882622510376,0.032396088711426047,0.03239608871145731,0.1851880471003931,0.18518804710049924
151.25,-0.5100697869076843,-0.5100697869044591,-32.91268484185332,-32.912684841824195,0.03217930298511933,0.03217930298515069,0.1839430395745355,0.18394303957464175
151.5,-0.5020521319317819,-0.5020521319285484,-32.86685469510984,-32.86685469508066,0.0319618207364976,0.03196182073652905,0.1826981548777551,0.18269815487786148
151.75,-0.4940889345815124,-0.49408893457827074,-32.821335754145885,-32.821335754116646,0.03174364198295929,0.03174364198299083,0.18145339340405806,0.18145339340416455
152.0,-0.4861803689809245,-0.4861803689776747,-32.776127988106424,-32.77612798807713,0.03152476674195859,0.031524766741990215,0.18020875554744065,0.18020875554754728
152.25,-0.47832670866167243,-0.4783267086584145,-32.73123400002264,-32.731233999993286,0.031304397748518516,0.03130439774855023,0.17894316989946155,0.17894316989956832
152.5,-0.4705282291377004,-0.4705282291344343,-32.68665639275177,-32.68665639272236,0.031083320382660862,0.03108332038269266,0.17767770911090583,0.17767770911101274
152.75,-0.4627851074999033,-0.46278510749662904,-32.64239513502887,-32.64239513499941,0.030861534662071678,0.030861534662103556,0.176412373582483,0.17641237358259004
153.0,-0.45509752083474736,-0.4550975208314649,-32.59845019548882,-32.59845019545931,0.03063904060449369,0.030639040604525644,0.17514716371489247,0.17514716371499964
153.25,-0.44746573971067466,-0.44746573970738396,-32.55482417767072,-32.55482417764115,0.030415088348931116,0.03041508834896315,0.1738609999443881,0.17386099994449541
153.5,-0.43989003667911364,-0.43989003667581467,-32.511519684942506,-32.511519684912884,0.030190415867391185,0.030190415867423298,0.1725749630636515,0.1725749630637589
153.75,-0.4323705917943131,-0.43237059179100584,-32.46853668553082,-32.46853668550114,0.02996502317784756,0.029965023177879753,0.17128905348009735,0.1712890534802049
154.0,-0.4249075851060213,-0.4249075851027057,-32.42587514756044,-32.425875147530704,0.029738910298331523,0.029738910298363796,0.17000327160113024,0.17000327160123793
154.25,-0.41750128421860216,-0.4175012842152783,-32.383537675078365,-32.38353767504858,0.029511374785671177,0.029511374785703526,0.16869652970772925,0.16869652970783708
154.5,-0.41015195872010224,-0.4101519587167701,-32.34152687196326,-32.34152687193342,0.02928310719001652,0.029283107190048948,0.16738991673443845,0.16738991673454642
154.75,-0.40285979162898866,-0.4028597916256482,-32.29984270593332,-32.29984270590342,0.029054107529628823,0.029054107529661328,0.16608343309537985,0.16608343309548795
155.0,-0.39562496595915597,-0.39562496595580715,-32.258485144603235,-32.25848514457328,0.028824375822827923,0.028824375822860505,0.16477707920466506,0.1647770792047733
155.25,-0.3884477463500241,-0.3884477463466669,-32.21745679252791,-32.2174567924979,0.028593257058107335,0.028593257058139997,0.16344975918802593,0.1634497591881343
155.5,-0.38132839942539176,-0.3813283994220261,-32.17676025409671,-32.17676025406664,0.028361394349918315,0.028361394349951052,0.1621225701218376,0.1621225701219461
155.75,-0.3742671111688087,-0.3742671111654346,-32.13639549651942,-32.13639549648929,0.02812878771680974,0.028128787716842556,0.16079551242693121,0.16079551242703988
156.0,-0.3672640675591799,-0.3672640675557974,-32.0963624869006,-32.09636248687042,0.02789543717739,0.027895437177422898,0.1594685865241275,0.15946858652423626
156.25,-0.36031953027011565,-0.36031953026672464,-32.05666383030309,-32.056663830272846,0.02766073516565846,0.02766073516569144,0.1581206883839359,0.1581206883840448
156.5,-0.35343376296030105,-0.35343376295690154,-32.01730213162693,-32.01730213159663,0.027425277346527215,0.02742527734656027,0.15677292322453382,0.15677292322464287
156.75,-0.3466069545792327,-0.3466069545758247,-31.97827735757348,-31.97827735754314,0.027189063738832748,0.027189063738865885,0.15542529147346357,0.15542529147357276
157.0,-0.33983929407169056,-0.33983929406827407,-31.93958947473722,-31.93958947470684,0.026952094361472008,0.026952094361505224,0.1540777935582568,0.15407779355836612
157.25,-0.3331310401446094,-0.3331310401411844,-31.901241088688877,-31.901241088658452,0.026713809107789636,0.026713809107822933,0.1527093172942239,0.15270931729433337
157.5,-0.32648245349069516,-0.32648245348726157,-31.8632348048392,-31.86323480480873,0.026474756179319145,0.02647475617935252,0.15134097604131735,0.15134097604142696
157.75,-0.3198937260262556,-0.3198937260228134,-31.82557058938112,-31.82557058935061,0.026234935595184628,0.026234935595218084,0.14997277023379257,0.14997277023390232
158.0,-0.3133650496628098,-0.313365049659359,-31.788248408399014,-31.78824840836846,0.02599434737457159,0.025994347374605126,0.14860470030589415,0.14860470030600403
158.25,-0.3068966801397516,-0.3068966801362922,-31.751270867971503,-31.751270867940907,0.025752478884008508,0.025752478884042123,0.14721564591775416,0.14721564591786415
158.5,-0.3004888751829421,-0.30048887517947404,-31.71464057402003,-31.714640573989392,0.02550983084781177,0.025509830847845465,0.14582672857107545,0.14582672857118556
158.75,-0.2941418296763646,-0.2941418296728879,-31.67835749222911,-31.67835749219843,0.025266403285393074,0.02526640328542685,0.1444379487068285,0.14443794870693874
159.0,-0.28785573849914164,-0.2878557384956562,-31.642421588173015,-31.64242158814229,0.02502219621622648,0.025022196216260336,0.1430493067659728,0.14304930676608318
159.25,-0.2816308544222606,-0.28163085441876645,-31.606835468438256,-31.60683546840749,0.024776744493861955,0.02477674449389589,0.14163967425348117,0.1416396742535917
159.5,-0.27546743220387243,-0.27546743220036957,-31.571601739456973,-31.571601739426164,0.02453050135156112,0.024530501351595135,0.1402301808127839,0.14023018081289454
159.75,-0.26936566969650017,-0.2693656696929886,-31.536720366405255,-31.536720366374404,0.024283466809023286,0.02428346680905738,0.13882082689156847,0.1388208268916792
160.0,-0.26332576474773406,-0.2633257647442137,-31.50219131434727,-31.50219131431638,0.024035640886011067,0.02403564088604524,0.13741161293751117,0.13741161293762205
160.25,-0.25734796715928976,-0.25734796715576064,-31.468017190377427,-31.468017190346497,0.023786605936932846,0.0237866059369671,0.13598140230044323,0.13598140230055425
160.5,-0.25143252872074273,-0.2514325287172048,-31.43420060143855,-31.434200601407582,0.023536767690158566,0.0235367676901929,0.13455133276550077,0.13455133276561193
160.75,-0.24557965025401993,-0.24557965025047326,-31.400741512198312,-31.4007415121673,0.023286126165675138,0.02328612616570955,0.13312140478709025,0.13312140478720155
161.0,-0.23978953257604363,-0.23978953257248822,-31.367639887210775,-31.367639887179724,0.023034681383533734,0.023034681383568227,0.13169161881960684,0.13169161881971828
161.25,-0.23406242251839252,-0.23406242251482837,-31.334898334078233,-31.334898334047143,0.022782063212837322,0.0227820632128719,0.13024083005775577,0.13024083005786735
161.5,-0.22839856890120133,-0.2283985688976284,-31.302519460254207,-31.302519460223074,0.022528629863228008,0.022528629863262664,0.12879018442835943,0.12879018442847115
161.75,-0.22279817551666534,-0.22279817551308362,-31.270503229897937,-31.270503229866762,0.022274381354980305,0.022274381355015044,0.1273396823925452,0.12733968239265706
162.0,-0.21726144615190301,-0.2172614461483125,-31.23884960705339,-31.23884960702217,0.022019317708433947,0.022019317708468766,0.12588932441142897,0.12588932441154096
162.25,-0.21178862466749093,-0.2117886246638916,-31.207561199830742,-31.207561199799482,0.021763116321222006,0.02176311632125691,0.12441795752460472,0.1244179575247168
162.5,-0.2063799569132579,-0.2063799569096497,-31.176640616194202,-31.1766406161629,0.021506087870423234,0.02150608787045822,0.12294673580056252,0.12294673580067468
162.75,-0.20103564965253168,-0.20103564964891463,-31.14608781979459,-31.146087819763245,0.021248232376599754,0.021248232376634823,0.12147565970715266,0.12147565970726489
163.0,-0.19575590964349135,-0.1957559096398654,-31.115902774165768,-31.11590277413438,0.02098954986037985,0.020989549860415003,0.12000472971221374,0.12000472971232604
163.25,-0.1905409777748462,-0.19054097777121132,-31.0860880879258,-31.086088087894368,0.02072976526176165,0.020729765261796887,0.11851278470024139,0.11851278470035377
163.5,-0.185391096925254,-0.18539109692161018,-31.05664636954957,-31.056646369518095,0.02046914171142562,0.020469141711460935,0.11702098688137652,0.11702098688148899
163.75,-0.18030647683003936,-0.18030647682638662,-31.027577582179482,-31.027577582147966,0.020207679230221483,0.02020767923025688,0.11552933673019425,0.11552933673030678
164.0,-0.17528732721930615,-0.17528732721564444,-30.998881688839298,-30.99888168880774,0.019945377839066084,0.019945377839101563,0.11403783472125785,0.11403783472137045
164.25,-0.17033388600903138,-0.17033388600536067,-30.970561298654957,-30.970561298623355,0.019682010034156944,0.019682010034192506,0.1125253115839767,0.11252531158408938
164.5,-0.16544639310583678,-0.16544639310215709,-30.942619020612035,-30.94261902058039,0.019417791385941904,0.01941779138597755,0.11101293767012654,0.11101293767023929
164.75,-0.1606250612179081,-0.16062506121421938,-30.91505481734451,-30.915054817312825,0.019152721915558297,0.019152721915594022,0.10950071346100926,0.10950071346112208
165.0,-0.1558701030481382,-0.15587010304444043,-30.88786865136604,-30.887868651334312,0.018886801644211523,0.018886801644247327,0.10798863943791477,0.10798863943802768
165.25,-0.1511817535389069,-0.15118175353520005,-30.86106313231045,-30.861063132278677,0.018619850638132363,0.01861985063816825,0.10645553817517689,0.10645553817528987
165.5,-0.1465602496239349,-0.14656024962021896,-30.834640869673986,-30.834640869642175,0.018352036893702173,0.018352036893738145,0.10492258816619157,0.10492258816630463
165.75,-0.1420058069851333,-0.14200580698140824,-30.808601825582215,-30.80860182555036,0.018083360432345895,0.01808336043238195,0.10338978989898948,0.10338978989910261
166.0,-0.13751864129904828,-0.13751864129531408,-30.78294596203869,-30.782945962006792,0.017813821275557487,0.01781382127559362,0.1018571438615891,0.1018571438617023
166.25,-0.13309898453359753,-0.13309898452985416,-30.757675889185105,-30.757675889153166,0.017543287073434343,0.01754328707347056,0.10030346447325869,0.10030346447337196
166.5,-0.12874707064873583,-0.1287470706449833,-30.732794217028403,-30.73279421699642,0.017271878234457992,0.01727187823449429,0.0987499383690005,0.09874993836911386
166.75,-0.12446311830096386,-0.12446311829720219,-30.708300907185716,-30.708300907153692,0.016999594780340976,0.016999594780377356,0.0971965660435759,0.09719656604368934
167.0,-0.12024734614134544,-0.12024734613757461,-30.684195921150497,-30.68419592111843,0.01672643673286581,0.016726436732902274,0.09564334799173393,0.09564334799184745
167.25,-0.11609998316247126,-0.11609998315869124,-30.66048186957232,-30.66048186954021,0.016452319339829463,0.01645231933986601,0.0940690904776859,0.0940690904777995
167.5,-0.11202126034966534,-0.1120212603458761,-30.6371613629688,-30.63716136293665,0.01617731540798068,0.016177315408017312,0.09249498827802784,0.09249498827814152
167.75,-0.10801139933488221,-0.10801139933108375,-30.61423436244866,-30.614234362416465,0.015901424959319614,0.015901424959356328,0.09092104189425376,0.09092104189436753
168.0,-0.10407062174456756,-0.10407062174075984,-30.59170082899524,-30.591700828963003,0.01562464801591734,0.015624648015954128,0.08934725182784521,0.08934725182795905
168.25,-0.10019915359512027,-0.10019915359130328,-30.56956337376599,-30.56956337373371,0.015346947437102921,0.015346947437139786,0.08775241618796475,0.08775241618807866
168.5,-0.09639722289636875,-0.09639722289254248,-30.547824607789213,-30.54782460775689,0.0150683484140598,0.015068348414096742,0.08615773789279008,0.08615773789290407
168.75,-0.09266505425658571,-0.09266505425275012,-30.5264844916652,-30.526484491632836,0.014788850969075736,0.014788850969112751,0.08456321745054982,0.08456321745066388
169.0,-0.08900287227846292,-0.089002872274618,-30.50554298586719,-30.505542985834783,0.014508455124510353,0.014508455124547445,0.08296885536945996,0.08296885536957409
169.25,-0.08541090000134272,-0.08541089999748847,-30.48500270206051,-30.48500270202806,0.014227171365056994,0.01422717136509416,0.08135344160364141,0.08135344160375563
169.5,-0.08188936245869317,-0.08188936245482957,-30.464866251784134,-30.46486625175164,0.01394497725250163,0.01394497725253887,0.07973818721284254,0.07973818721295683
169.75,-0.07843848723596938,-0.0784384872320964,-30.44513359512994,-30.445133595097403,0.013661872809419622,0.01366187280945694,0.07812309271202852,0.0781230927121429
170.0,-0.0750585019129735,-0.07505850190909111,-30.425804692061057,-30.42580469202848,0.013377858058459159,0.013377858058496553,0.07650815861615178,0.07650815861626624
170.25,-0.07174962655112659,-0.07174962654723477,-30.406882154750683,-30.406882154718062,0.013092991123509682,0.013092991123547152,0.07487216672429807,0.07487216672441262
170.5,-0.06851208320667163,-0.06851208320277037,-30.388368595248476,-30.388368595215812,0.012807201923127867,0.012807201923165413,0.07323633623777599,0.07323633623789062
170.75,-0.06534610244311037,-0.06534610243919965,-30.370263973137888,-30.37026397310518,0.012520490480176682,0.012520490480214303,0.07160066767828925,0.07160066767840396
171.0,-0.06225191481821959,-0.062251914814299425,-30.35256824787195,-30.3525682478392,0.01223285681759287,0.012232856817630568,0.06996516156752862,0.0699651615676434
171.25,-0.05922973741463441,-0.05922973741070478,-30.335284032131728,-30.335284032098937,0.011944406712293488,0.011944406712331261,0.06830859154955049,0.06830859154966536
171.5,-0.05627978931050806,-0.05627978930656895,-30.318413938477555,-30.31841393844472,0.011655022425774408,0.011655022425812258,0.066652184967214,0.06665218496732896
171.75,-0.053402304048253205,-0.053402304044304585,-30.301957925984464,-30.301957925951587,0.011364703981186204,0.01136470398122413,0.06499594234896336,0.06499594234907839
172.0,-0.05059751516448552,-0.05059751516052738,-30.285915953595378,-30.28591595356246,0.011073451401754178,0.011073451401792181,0.06333986422322962,0.06333986422334474
172.25,-0.047865636762189495,-0.047865636758221815,-30.270290634499233,-30.27029063446627,0.010781418131254253,0.010781418131292332,0.06166271607904505,0.06166271607916021
172.5,-0.04520688494056397,-0.04520688493658673,-30.25508458176704,-30.255084581734035,0.01048843876029025,0.010488438760328405,0.0599857334008102,0.05998573340092541
172.75,-0.04262149622179677,-0.042621496217809945,-30.240297753965415,-30.240297753932367,0.010194513312300346,0.010194513312338577,0.058308916723711704,0.058308916723826966
173.0,-0.04010970712220671,-0.04010970711821029,-30.225930109527173,-30.225930109494083,0.0098996418107984,0.009899641810836707,0.05663226658292292,0.056632266583038236
173.25,-0.03767172876426308,-0.03767172876025704,-30.21198426214912,-30.211984262115983,0.009604025380250132,0.009604025380288516,0.05493454031245665,0.054934540312572014
173.5,-0.03530777426734568,-0.03530777426333001,-30.19846282541294,-30.19846282537976,0.009307450926536388,0.009307450926574848,0.05323698153824625,0.05323698153836167
173.75,-0.03301808313428177,-0.03301808313025644,-30.18536575737683,-30.185365757343607,0.009009918473382946,0.009009918473421483,0.05153959080222275,0.05153959080233822
174.0,-0.03080289486195755,-0.030802894857922564,-30.1726930159635,-30.172693015930236,0.008711428044592226,0.00871142804463084,0.04984236864630373,0.04984236864641925
174.25,-0.028662417591462513,-0.028662417587417846,-30.16044721537762,-30.160447215344313,0.00841222845915048,0.00841222845918917,0.0481240642494863,0.048124064249601875
174.5,-0.026596861461492868,-0.026596861457438503,-30.148630969711554,-30.148630969678205,0.008112058924384841,0.008112058924423609,0.04640592937922896,0.04640592937934458
174.75,-0.024606468956379534,-0.02460646895231545,-30.13724423651508,-30.13724423648169,0.007810919464308697,0.007810919464347538,0.04468796458420907,0.044687964584324745
175.0,-0.022691482554440378,-0.022691482550366564,-30.126286973200806,-30.12628697316737,0.007508810103013023,0.007508810103051937,0.0429701704130904,0.042970170413206124
175.25,-0.020852107414520513,-0.020852107410436947,-30.11576179448126,-30.11576179444778,0.007206027367835124,0.007206027367874112,0.041231287889858304,0.04123128788997408
175.5,-0.01908855069376799,-0.019088550689674653,-30.105671314959483,-30.105671314925964,0.006902262753717906,0.006902262753756968,0.03949257692348856,0.03949257692360439
175.75,-0.017401057858881654,-0.017401057854778527,-30.096015491676837,-30.096015491643275,0.006597516284962358,0.006597516285001492,0.03775403806940684,0.037754038069522725
176.0,-0.015789874370475278,-0.015789874366362342,-30.08679428153582,-30.086794281502215,0.006291787985948016,0.006291787985987223,0.036015671883025055,0.03601567188314099
176.25,-0.014255202404285077,-0.014255202400162321,-30.078010299756826,-30.07801029972318,0.005985422106193478,0.005985422106232759,0.03425621123331978,0.034256211233435765
176.5,-0.012797246135046415,-0.01279724613091382,-30.069666161453576,-30.069666161419885,0.0056780624144271855,0.00567806241446654,0.03249692417077719,0.03249692417089322
176.75,-0.011416254012690311,-0.01141625400854786,-30.061761823159006,-30.061761823125273,0.005369708935237731,0.005369708935277159,0.03073781125757321,0.03073781125768928
177.0,-0.010112474480990702,-0.010112474476838374,-30.054297241265512,-30.054297241231737,0.0050603616932932095,0.00506036169333271,0.028978873055869846,0.028978873055985958
177.25,-0.008886106731710395,-0.008886106727548174,-30.047275031501353,-30.04727503146753,0.004750412674123645,0.004750412674163219,0.02719883427963769,0.02719883427975384
177.5,-0.007737351956307543,-0.007737351952135414,-30.040697809490922,-30.040697809457058,0.004439457906412883,0.004439457906452531,0.025418971120866597,0.02541897112098279
177.75,-0.0066664615888095986,-0.006666461584627544,-30.034565531258735,-30.03456553122483,0.004127497415037121,0.004127497415076843,0.023639284148484718,0.023639284148600948
178.0,-0.005673687057014907,-0.005673687052822907,-30.028878152687085,-30.028878152653135,0.003814531224953013,0.003814531224992807,0.021859773931406107,0.021859773931522376
178.25,-0.004759224567848378,-0.004759224563646416,-30.02363829001209,-30.0236382899781,0.003500999071531942,0.0035009990715718082,0.020059157028597698,0.020059157028714004
178.5,-0.00392327232862647,-0.0039232723244145284,-30.01884855936882,-30.018848559334785,0.0031864492295832283,0.0031864492296231665,0.018258717773546797,0.01825871777366314
178.75,-0.0031660847583373135,-0.003166084754115376,-30.01450891627338,-30.014508916239297,0.0028708817242706717,0.002870881724310682,0.01645845674193572,0.016458456742052104
179.0,-0.002487916269667915,-0.0024879162654359637,-30.01061931609794,-30.010619316063817,0.002554296580839485,0.0025542965808795677,0.014658374509432536,0.01465837450954895
179.25,-0.0018889600838408213,-0.0018889600795988387,-30.007182375586495,-30.007182375552325,0.002237181298332153,0.0022371812983723073,0.01283717948000266,0.012837179480119105
179.5,-0.0013694114231663267,-0.0013694114189142948,-30.004200711384783,-30.00420071135057,0.0019190363838537299,0.0019190363838939557,0.01101616412862479,0.011016164128741266
179.75,-0.0009295276924574938,-0.0009295276881953956,-30.001674278500488,-30.001674278466233,0.00159986186285562,0.0015998618628959174,0.009195329037737371,0.009195329037853878
180.0,-0.0005695662901542392,-0.0005695662858820568,-29.999603031795687,-29.999603031761385,0.0012796577608715958,0.0012796577609119645,0.007374674789764427,0.007374674789880963
180.25,-0.00028971745091229263,-0.00028971744663000863,-29.997989588522216,-29.997989588487872,0.0009589593544448694,0.0009589593544853091,0.0055329016336713764,0.005532901633787942
180.5,-9.01734111713312e-05,-9.017340687892812e-05,-29.996836565836503,-29.996836565802116,0.0006372193691466047,0.0006372193691871154,0.003691310185922888,0.0036913101860394804
180.75,2.8805437566400525e-05,2.880544186894031e-05,-29.99614391823781,-29.996143918203376,0.00031443783071580966,0.0003144378307563912,0.0018499010357154854,0.0018499010358321041
181.0,6.695871024382543e-05,6.695871455651959e-05,-29.9959116000781,-29.995911600043623,-9.385235025184477e-06,-9.385234984532255e-06,8.674772231110182e-06,8.674772347754296e-06
181.25,6.464988338098513e-05,6.464988770385118e-05,-29.995910763234434,-29.995910763199916,-9.086384789594347e-06,-9.086384748871982e-06,-1.980051040323061e-06,-1.9800509236559142e-06
181.5,6.241501539200972e-05,6.241501972506519e-05,-29.995912590117577,-29.995912590083016,-8.7935640382098e-06,-8.793563997417271e-06,-1.2635041660963606e-05,-1.2635041544273379e-05
181.75,6.0252598902909584e-05,6.025260324617199e-05,-29.99591708076894,-29.995917080734333,-8.506772794456323e-06,-8.506772753593607e-06,-2.3290196220026117e-05,-2.329019610331277e-05
182.0,5.8161126533899e-05,5.816113088738589e-05,-29.99592423522908,-29.99592423519443,-8.226011081277045e-06,-8.226011040344119e-06,-3.3945511306712154e-05,-3.394551118997563e-05
182.25,5.61376607367408e-05,5.613766510046973e-05,-29.9959337831302,-29.99593378309551,-7.962516270118433e-06,-7.962516229115273e-06,-4.2437722466322634e-05,-4.243772234956289e-05
182.5,5.4179467910901266e-05,5.4179472284889796e-05,-29.995945454102632,-29.995945454067897,-7.703827314208916e-06,-7.703827273135499e-06,-5.093008132125942e-05,-5.093008120447641e-05
182.75,5.2285346589973245e-05,5.228535097423894e-05,-29.995959248182956,-29.99595924814818,-7.449944234243456e-06,-7.449944193099762e-06,-5.9422585152924455e-05,-5.9422585036118144e-05
183.0,5.04540953024239e-05,5.045409969698433e-05,-29.995975165407078,-29.995975165372258,-7.20086705053255e-06,-7.200867009318556e-06,-6.791523124270809e-05,-6.791523112587841e-05
183.25,4.868295985491926e-05,4.868296425979201e-05,-29.99599297751101,-29.995992977476142,-6.968845323902704e-06,-6.968845282618387e-06,-7.458162201013015e-05,-7.458162189327708e-05
183.5,4.696935824250376e-05,4.696936265770641e-05,-29.996012456228947,-29.996012456194038,-6.740596372887872e-06,-6.74059633153321e-06,-8.124814296127721e-05,-8.124814284440069e-05
183.75,4.531234726898489e-05,4.531235169453503e-05,-29.996033601593172,-29.99603360155822,-6.5161202157478356e-06,-6.516120174322804e-06,-8.79147919619478e-05,-8.791479184504781e-05
184.0,4.371098373364292e-05,4.3710988169558136e-05,-29.996056413635433,-29.99605641360044,-6.295416870440553e-06,-6.29541682894513e-06,-9.458156687793027e-05,-9.458156676100676e-05
184.25,4.216269521301339e-05,4.2162699659311296e-05,-29.99608070026794,-29.9960807002329,-6.0913751964228965e-06,-6.091375154857058e-06,-9.971151233797769e-05,-9.971151222103063e-05
184.5,4.0665054183840545e-05,4.0665058640538746e-05,-29.996106269401167,-29.996106269366084,-5.890236941488259e-06,-5.890236899851981e-06,-0.000104841572399791,-0.00010484157228282034
184.75,3.921733478933742e-05,3.921733925645353e-05,-29.996133121063565,-29.99613312102844,-5.69200212172758e-06,-5.692002080020841e-06,-0.00010997174542094987,-0.00010997174530395558
185.0,3.781881116872336e-05,3.781881564627499e-05,-29.996161255283166,-29.996161255247998,-5.49667075299953e-06,-5.496670711222305e-06,-0.00011510202975902493,-0.00011510202964200696
185.25,3.6467088687486115e-05,3.646709317549089e-05,-29.996190511014895,-29.99619051097968,-5.3174715212568795e-06,-5.317471479409145e-06,-0.00011894384089504609,-0.00011894384077800442
185.5,3.515989419532047e-05,3.515989869379603e-05,-29.996220727212027,-29.996220727176766,-5.14044684280149e-06,-5.140446800883223e-06,-0.0001227857527860313,-0.00012278575266896582
185.75,3.3896684052130764e-05,3.3896688561094734e-05,-29.996251903899598,-29.99625190386429,-4.965596731795231e-06,-4.965596689806407e-06,-0.00012662776420186797,-0.00012662776408477864
186.0,3.267691461430259e-05,3.2676919133772616e-05,-29.996284041102335,-29.996284041066986,-4.792921202226006e-06,-4.792921160166604e-06,-0.0001304698739124356,-0.00013046987379532237
186.25,3.1498363282096404e-05,3.1498367812090134e-05,-29.996317004374983,-29.99631700433959,-4.635750466253337e-06,-4.635750424123331e-06,-0.000133236322033828,-0.00013323632191669082
186.5,3.0358908875238592e-05,3.0358913415773668e-05,-29.99635065927074,-29.996350659235304,-4.480145801524199e-06,-4.480145759323567e-06,-0.00013600285862113562,-0.00013600285850397448
186.75,2.9258159874359624e-05,2.9258164425453704e-05,-29.996385005811607,-29.99638500577613,-4.326107220486875e-06,-4.326107178215592e-06,-0.00013876948278845457,-0.00013876948267126942
187.0,2.819572475699356e-05,2.819572931866431e-05,-29.996420044019374,-29.99642004398385,-4.173634735464358e-06,-4.173634693122402e-06,-0.0001415361936498739,-0.00014153619353266472
187.25,2.716954593484664e-05,2.7169550507111732e-05,-29.996455662206085,-29.996455662170515,-4.035972604624788e-06,-4.035972562212133e-06,-0.00014340931295030317,-0.0001434093128330699
187.5,2.617765007276641e-05,2.617765465564352e-05,-29.996491748682327,-29.996491748646715,-3.899371056759252e-06,-3.899371014275876e-06,-0.0001452825098239281,-0.00014528250970667072
187.75,2.521977202364159e-05,2.52197766171484e-05,-29.996528303467425,-29.996528303431766,-3.763830102795794e-06,-3.7638300602416734e-06,-0.00014715578367079148,-0.00014715578355350994
188.0,2.4295646637639492e-05,2.429565124179369e-05,-29.99656532658054,-29.99656532654484,-3.6293497535776096e-06,-3.6293497109527213e-06,-0.00014902913389092996,-0.00014902913377362422
188.25,2.340337345099726e-05,2.3403378065816547e-05,-29.996602725770224,-29.99660272573448,-3.508942915358142e-06,-3.5089428726624616e-06,-0.0001501643948763887,-0.0001501643947590587
188.5,2.254112159166071e-05,2.2541126217162783e-05,-29.99664040878365,-29.996640408747865,-3.3891791367332898e-06,-3.3891790939667936e-06,-0.00015129972379210468,-0.0001512997236747504
188.75,2.1708730293532488e-05,2.1708734929735053e-05,-29.996678375637764,-29.996678375601935,-3.270058427284084e-06,-3.2700583844467485e-06,-0.00015243512027430712,-0.00015243512015692852
189.0,2.090603878812641e-05,2.090604343504718e-05,-29.996716626349404,-29.996716626313532,-3.1515807965401117e-06,-3.151580753631912e-06,-0.0001535705839592198,-0.00015357058384181683
189.25,2.013129530952007e-05,2.0131299967176763e-05,-29.996755085236003,-29.99675508520009,-3.046417118809079e-06,-3.046417075829991e-06,-0.00015410051869178349,-0.00015410051857435612
189.5,1.9382805185122355e-05,1.9382809853532697e-05,-29.996793676613716,-29.996793676577756,-2.9415539642712837e-06,-2.941553921221284e-06,-0.0001546305128286862,-0.0001546305127112344
189.75,1.8660493283085827e-05,1.8660497962267552e-05,-29.996832400497368,-29.996832400461365,-2.8369913413157162e-06,-2.8369912981947804e-06,-0.00015516056619992462,-0.00015516056608244833
190.0,1.7964284469468817e-05,1.7964289159439658e-05,-29.996871256901752,-29.996871256865703,-2.732729258307324e-06,-2.732729215115428e-06,-0.00015569067863549068,-0.00015569067851798986
190.25,1.7292566965929063e-05,1.7292571666706767e-05,-29.996910184239063,-29.99691018420297,-2.6410143988446084e-06,-2.6410143555817277e-06,-0.0001557280284365418,-0.00015572802831901643
190.5,1.6643775455323824e-05,1.6643780166926138e-05,-29.99694912092031,-29.99694912088417,-2.5493213160539036e-06,-2.549321272720014e-06,-0.00015576543011300078,-0.0001557654299954508
190.75,1.601790449256814e-05,1.601790921501282e-05,-29.99698806695846,-29.996988066922274,-2.4576500172706017e-06,-2.457649973865679e-06,-0.00015580288365254683,-0.0001558028835349722
191.0,1.5414948630743415e-05,1.5414953364048224e-05,-29.99702702236647,-29.997027022330244,-2.3660005098283524e-06,-2.366000466352372e-06,-0.00015584038904285503,-0.00015584038892525574
191.25,1.4833427285733756e-05,1.4833432029916453e-05,-29.997065937518705,-29.997065937482432,-2.2861364444595582e-06,-2.2861364009124962e-06,-0.0001554808362994886,-0.00015548083618186458
191.5,1.4271897311141876e-05,1.4271902066220233e-05,-29.997104762788407,-29.997104762752087,-2.206069547552328e-06,-2.2060695039341596e-06,-0.0001551213287912619,-0.00015512132867361313
191.75,1.3730409414052057e-05,1.3730414180043854e-05,-29.997143498186897,-29.997143498150532,-2.1257998255119655e-06,-2.1257997818226663e-06,-0.00015476186663291157,-0.00015476186651523799
192.0,1.320901429994523e-05,1.3209019076868254e-05,-29.997182143725528,-29.99718214368912,-2.045327284760001e-06,-2.0453272409995466e-06,-0.00015440244993917057,-0.00015440244982147213
192.25,1.2706353857191209e-05,1.270635864506325e-05,-29.997220659904432,-29.99722065986798,-1.975892654751689e-06,-1.9758926109200545e-06,-0.0001537269877952631,-0.00015372698767753977
192.5,1.222109977359778e-05,1.2221104572436638e-05,-29.99725900722272,-29.997259007186226,-1.906076412403578e-06,-1.9060763685007397e-06,-0.00015305156503730427,-0.00015305156491955604
192.75,1.1753347451552375e-05,1.1753352261375852e-05,-29.997297185690265,-29.99729718565373,-1.8358785633009264e-06,-1.8358785193268596e-06,-0.00015237618188116428,-0.0001523761817633911
193.0,1.130319229204229e-05,1.1303197112868198e-05,-29.997335195316992,-29.997335195280414,-1.7652991130595205e-06,-1.7652990690142005e-06,-0.00015170083854271012,-0.0001517008384249119
193.25,1.0869390123068702e-05,1.0869394954914856e-05,-29.99737300514928,-29.99737300511266,-1.705031285945129e-06,-1.7050312418285311e-06,-0.0001507778253908132,-0.00015077782527298994
193.5,1.0450720125260318e-05,1.045072496814454e-05,-29.997410584232554,-29.99741058419589,-1.6442417445449315e-06,-1.644241700357031e-06,-0.000149854846478984,-0.00014985484636113568
193.75,1.0047312726581568e-05,1.0047317580521689e-05,-29.99744793257541,-29.997447932538705,-1.5829304937220554e-06,-1.5829304494628274e-06,-0.0001489319021023463,-0.00014893190198447283
194.0,9.659298353775884e-06,9.659303218789738e-06,-29.997485050186523,-29.997485050149773,-1.5210975383813642e-06,-1.521097494050784e-06,-0.00014800899255602094,-0.0001480089924381223
194.25,9.285538517311256e-06,9.285543393416682e-06,-29.997521913301515,-29.997521913264723,-1.4688762731937114e-06,-1.468876228791754e-06,-0.00014689593224887526,-0.00014689593213095141
194.5,8.924912657075285e-06,8.924917544290132e-06,-29.997558498155136,-29.997558498118302,-1.416025729252584e-06,-1.4160256847792246e-06,-0.00014578290166041507,-0.000145782901542466
194.75,8.577578092228885e-06,8.577582990571008e-06,-29.997594804754865,-29.997594804717988,-1.3625459107859945e-06,-1.362545866241208e-06,-0.0001446699011466117,-0.00014466990102863733
195.0,8.243692140869679e-06,8.243697050356936e-06,-29.99763083310826,-29.99763083307134,-1.3084368220722962e-06,-1.3084367774560575e-06,-0.00014355693106343404,-0.00014355693094543433
195.25,7.92221407659591e-06,7.92221899724617e-06,-29.997666565475935,-29.99766656543897,-1.2632694293269835e-06,-1.2632693846392678e-06,-0.0001423020145278568,-0.00014230201440983172
195.5,7.612116557450331e-06,7.6121214892814604e-06,-29.997701984117686,-29.997701984080674,-1.2173924616537579e-06,-1.21739241689454e-06,-0.00014104712374341812,-0.0001410471236253676
195.75,7.3135769767073336e-06,7.313581919737212e-06,-29.99773708904,-29.997737089002946,-1.1708059227227495e-06,-1.1708058778920044e-06,-0.00013979225911151167,-0.0001397922589934357
196.0,7.0267727267166845e-06,7.026777680963196e-06,-29.99777188024947,-29.99777188021237,-1.1235098162608537e-06,-1.1235097713585563e-06,-0.00013853742103352902,-0.00013853742091542756
196.25,6.750753304997716e-06,6.750758270478751e-06,-29.997806345034196,-29.997806344997052,-1.0845177043645395e-06,-1.0845176593906645e-06,-0.00013718086039728265,-0.00013718086027915565
196.5,6.484577800966844e-06,6.484582777700302e-06,-29.99784047068154,-29.997840470644352,-1.0447584752810802e-06,-1.0447584302356023e-06,-0.00013582432203519673,-0.00013582432191704418
196.75,6.228437993524545e-06,6.228442981528329e-06,-29.997874257197118,-29.99787425715989,-1.0042321321911907e-06,-1.0042320870740848e-06,-0.0001344678063812158,-0.00013446780626303763
197.0,5.982525660768445e-06,5.982530660060464e-06,-29.99790770458667,-29.997907704549398,-9.629386783369544e-07,-9.62938633148195e-07,-0.00013311131386928253,-0.00013311131375107869
197.25,5.745973391520543e-06,5.745978402118716e-06,-29.99794080431254,-29.997940804275228,-9.293451808961249e-07,-9.29345135635687e-07,-0.00013168649621965483,-0.0001316864961014253
197.5,5.517920217582655e-06,5.517925239504903e-06,-29.997973547836395,-29.997973547799038,-8.949459163101301e-07,-8.949458709779883e-07,-0.00013026169780121322,-0.00013026169768295796
197.75,5.298567580398424e-06,5.298572613662676e-06,-29.998005935163096,-29.998005935125697,-8.597408873308908e-07,-8.597408419270197e-07,-0.00012883691906976594,-0.00012883691895148493
198.0,5.088116920715457e-06,5.08812196533965e-06,-29.998037966297623,-29.99803796626018,-8.237300967747884e-07,-8.237300512991625e-07,-0.00012741216048111972,-0.00012741216036281288
198.25,4.88577720656782e-06,4.885782262569894e-06,-29.99806963614796,-29.998069636110475,-7.948494791576808e-07,-7.948494336102746e-07,-0.00012594664488965504,-0.00012594664477132234
198.5,4.6907612496638235e-06,4.690766317061728e-06,-29.998100939621462,-29.998100939583935,-7.651400392162598e-07,-7.651399935970477e-07,-0.00012448114586989986,-0.00012448114575154125
198.75,4.503276255288835e-06,4.503281334100525e-06,-29.99813187672233,-29.99813187668476,-7.34601779327263e-07,-7.346017336362193e-07,-0.00012301566389070446,-0.0001230156637723199
199.0,4.32352942812575e-06,4.323534518369186e-06,-29.99816244745488,-29.99816244741727,-7.03234701933733e-07,-7.032346561708322e-07,-0.00012155019942091775,-0.00012155019930250728
199.25,4.150799827996496e-06,4.1508049296896455e-06,-29.99819264955175,-29.998192649514095,-6.784622500701465e-07,-6.784622042353629e-07,-0.00012006657782709052,-0.0001200665777086541
199.5,3.984368227522331e-06,3.984373340683168e-06,-29.998222480744996,-29.998222480707295,-6.52850705028908e-07,-6.528506591222158e-07,-0.00011858297048395692,-0.0001185829703654945
199.75,3.824444399742954e-06,3.824449524389459e-06,-29.998251941038234,-29.99825194100049,-6.264000688589258e-07,-6.264000228802994e-07,-0.00011709937786617739,-0.00011709937774768892
200.0,3.6712381171774447e-06,3.6712432533276025e-06,-29.99828103043521,-29.998281030397422,-5.991103436762352e-07,-5.991102976256489e-07,-0.0001156158004484112,-0.00011561580032989664
200.25,3.52409266525767e-06,3.524097812929474e-06,-29.998309748965063,-29.998309748927234,-5.77913443211492e-07,-5.779133970889199e-07,-0.00011413244034130603,-0.00011413244022276534
200.5,3.382351309735433e-06,3.382356468946883e-06,-29.99833809665641,-29.99833809661854,-5.558775727841529e-07,-5.558775265895692e-07,-0.0001126490924622298,-0.00011264909234366296
200.75,3.246223792882423e-06,3.246228963651525e-06,-29.99836607351237,-29.99836607347445,-5.330027341570744e-07,-5.330026878904532e-07,-0.00011116575728577337,-0.00011116575716718031
201.0,3.1159198565212274e-06,3.115925038865994e-06,-29.998393679536168,-29.998393679498207,-5.092889291602301e-07,-5.092888828215454e-07,-0.00010968243528652651,-0.00010968243516790721
201.25,2.99084155761472e-06,2.99084675155317e-06,-29.998420916605347,-29.998420916567344,-4.911990485064661e-07,-4.911990020956919e-07,-0.0001082141198069122,-0.00010821411968826661
201.5,2.8703895389995413e-06,2.8703947445497007e-06,-29.998447786596955,-29.99844778655891,-4.722786870763329e-07,-4.722786405934434e-07,-0.00010674581479533643,-0.00010674581467666452
201.75,2.7547714206819657e-06,2.7547766378618663e-06,-29.99847428951367,-29.998474289475578,-4.525278463834483e-07,-4.525277998284174e-07,-0.00010527752072158792,-0.00010527752060288963
202.0,2.644194822281558e-06,2.6442000511092383e-06,-29.99850042535828,-29.998500425320145,-4.319465280078677e-07,-4.3194648138066936e-07,-0.00010380923805545448,-0.00010380923793672978
202.25,2.5381155169280706e-06,2.5381207574215756e-06,-29.998526197477503,-29.998526197439325,-4.165520243993997e-07,-4.1655197770000775e-07,-0.00010236771712066021,-0.00010236771700190905
202.5,2.4359867552400402e-06,2.435992007417422e-06,-29.9985516092176,-29.99855160917938,-4.003421788949019e-07,-4.003421321232902e-07,-0.00010092620512489271,-0.00010092620500611506
202.75,2.3380123725307363e-06,2.3380176364100532e-06,-29.998576660580863,-29.9985766605426,-3.833169927911524e-07,-3.833169459472947e-07,-9.948470252937694e-05,-9.948470241057275e-05
203.0,2.2443962037810804e-06,2.244401479380397e-06,-29.9986013515697,-29.998601351531395,-3.6547646745015593e-07,-3.65476420534026e-07,-9.804320979533709e-05,-9.804320967650632e-05
203.25,2.1546430652234794e-06,2.1546483525608673e-06,-29.99862568668004,-29.998625686641688,-3.5241614068485663e-07,-3.5241609369642815e-07,-9.663767408594397e-05,-9.663767396708658e-05
203.5,2.0682543835572142e-06,2.068259682650751e-06,-29.998649670407392,-29.998649670368998,-3.3856081249890687e-07,-3.385607654381535e-07,-9.523214598941955e-05,-9.523214587053551e-05
203.75,1.98542890900022e-06,1.9854342198679905e-06,-29.99867330275372,-29.998673302715282,-3.2391048400072474e-07,-3.239104368676201e-07,-9.382662595548259e-05,-9.382662583657185e-05
204.0,1.9063653914853783e-06,1.9063707141454725e-06,-29.99869658372109,-29.998696583682612,-3.0846515636232783e-07,-3.0846510915684546e-07,-9.242111443385116e-05,-9.242111431491368e-05
204.25,1.8306133811075059e-06,1.8306187155780215e-06,-29.99871951868559,-29.998719518647068,-2.974224804043346e-07,-2.9742243312644805e-07,-9.105860254474086e-05,-9.10586024257766e-05
204.5,1.7577183743737875e-06,1.757723720672829e-06,-29.998742113022917,-29.99874211298435,-2.8560912736146727e-07,-2.8560908001115005e-07,-8.969609712026791e-05,-8.969609700127683e-05
204.75,1.6878730404385937e-06,1.6878783985842718e-06,-29.99876436673474,-29.99876436669613,-2.730250981787871e-07,-2.730250507560127e-07,-8.833359859639121e-05,-8.833359847737327e-05
205.0,1.6212700482123226e-06,1.621275418222755e-06,-29.99878627982284,-29.998786279784184,-2.5967039386300904e-07,-2.5967034636775077e-07,-8.697110740906914e-05,-8.69711072900243e-05
205.25,1.5574997164728747e-06,1.557505098366186e-06,-29.998807858318056,-29.998807858279356,-2.5036836182162373e-07,-2.50368314253855e-07,-8.565685512599984e-05,-8.565685500692806e-05
205.5,1.4961478163852327e-06,1.4961532101795537e-06,-29.998829108250874,-29.99882910821213,-2.403229407775447e-07,-2.4032289313723886e-07,-8.434260831519643e-05,-8.434260819609766e-05
205.75,1.4374001951008555e-06,1.4374056008143237e-06,-29.99885002962272,-29.99885002958393,-2.2953413153439962e-07,-2.2953408382153006e-07,-8.302836739718146e-05,-8.302836727805566e-05
206.0,1.3814426995628612e-06,1.3814481172136208e-06,-29.998870622435113,-29.998870622396282,-2.180019349552869e-07,-2.1800188716982689e-07,-8.171413279247699e-05,-8.17141326733241e-05
206.25,1.3279027756753682e-06,1.3279082052815703e-06,-29.998890893185663,-29.99889089314679,-2.101984580905083e-07,-2.1019841023243102e-07,-8.045187228729646e-05,-8.045187216811647e-05
206.5,1.2764029695179535e-06,1.2764084110977557e-06,-29.998910848371654,-29.998910848332738,-2.0168099322346618e-07,-2.0168094529274478e-07,-7.918961639835832e-05,-7.918961627915118e-05
206.75,1.2271217780071988e-06,1.2271272315787656e-06,-29.998930487994294,-29.998930487955334,-1.9244954103555268e-07,-1.9244949303216033e-07,-7.792736552955347e-05,-7.792736541031915e-05
207.0,1.1802376978821984e-06,1.1802431634637007e-06,-29.998949812054885,-29.998949812015884,-1.8250410226527852e-07,-1.825040541891883e-07,-7.666512008477245e-05,-7.666511996551089e-05
207.25,1.1354119636034223e-06,1.1354174412130381e-06,-29.9989688273618,-29.998968827322756,-1.7598790856508772e-07,-1.7598786041627267e-07,-7.545733580311872e-05,-7.545733568382987e-05
207.5,1.0923006752771696e-06,1.0923061649330835e-06,-29.99898754072312,-29.998987540684034,-1.6878853473652815e-07,-1.6878848651496128e-07,-7.424955540079899e-05,-7.424955528148282e-05
207.75,1.0510746278646779e-06,1.051080129585081e-06,-29.999005952139868,-29.999005952100738,-1.6090598135554548e-07,-1.6090593306119974e-07,-7.30417792642767e-05,-7.304177914493319e-05
208.0,1.0119046161763665e-06,1.0119101299794572e-06,-29.999024061613156,-29.99902406157398,-1.523402490527393e-07,-1.523402006855876e-07,-7.183400778001497e-05,-7.183400766064407e-05
208.25,9.744826071824465e-07,9.744881330864295e-07,-29.999041876133436,-29.999041876094214,-1.4692723155847224e-07,-1.469271831184875e-07,-7.068215490758791e-05,-7.068215478818957e-05
208.5,9.384952960485075e-07,9.385008340715942e-07,-29.999059402690897,-29.99905940265163,-1.4086266624940865e-07,-1.408626177365637e-07,-6.953030528149952e-05,-6.953030516207372e-05
208.75,9.041055696686893e-07,9.041111198290981e-07,-29.999076641286393,-29.999076641247083,-1.3414655361071018e-07,-1.3414650502497783e-07,-6.837845927031941e-05,-6.837845915086609e-05
209.0,8.714763148093259e-07,8.71481877125282e-07,-29.99909359192088,-29.999093591881522,-1.2677889417966184e-07,-1.2677884552101488e-07,-6.722661724261689e-05,-6.722661712313601e-05
209.25,8.403274374141412e-07,8.403330119038767e-07,-29.99911026166147,-29.99911026162207,-1.2230886358981217e-07,-1.2230881485822329e-07,-6.613130786275122e-05,-6.613130774324273e-05
209.5,8.103735136949006e-07,8.103791003766544e-07,-29.99912665757505,-29.999126657535605,-1.1721926483584e-07,-1.1721921603128193e-07,-6.503600118674708e-05,-6.503600106721094e-05
209.75,7.817694356427716e-07,7.817750345347893e-07,-29.999142779662336,-29.999142779622844,-1.1151009832491028e-07,-1.1151004944735566e-07,-6.394069756508373e-05,-6.39406974455199e-05
210.0,7.546700951409351e-07,7.546757062614692e-07,-29.999158627924132,-29.999158627884597,-1.0518136451375295e-07,-1.0518131556317439e-07,-6.284539734824019e-05,-6.284539722864864e-05
210.25,7.288207867251333e-07,7.288264100924435e-07,-29.999174209418605,-29.999174209379028,-1.0151516466739184e-07,-1.0151511564376189e-07,-6.180655872930803e-05,-6.180655860968871e-05
210.5,7.03961481867064e-07,7.039671174994164e-07,-29.999189531203697,-29.999189531164077,-9.726133610469305e-08,-9.726128700798422e-08,-6.076772235048992e-05,-6.0767722230842815e-05
210.75,6.80239087704253e-07,6.802447356199209e-07,-29.99920459328001,-29.999204593240346,-9.241987916596036e-08,-9.241982999614513e-08,-5.9728888544197544e-05,-5.972888842452262e-05
211.0,6.57800511283274e-07,6.578061715005373e-07,-29.999219395648225,-29.99921939560852,-8.699079423850745e-08,-8.699074499555828e-08,-5.869005764284238e-05,-5.869005752313959e-05
211.25,6.36414109954018e-07,6.364197824911636e-07,-29.999233945288715,-29.999233945248967,-8.400774286792726e-08,-8.400769355181656e-08,-5.7707066507393026e-05,-5.770706638766233e-05
211.5,6.158429766026162e-07,6.158486614779381e-07,-29.999248249181647,-29.999248249141854,-8.046865045915374e-08,-8.046860106985387e-08,-5.672407721667772e-05,-5.672407709691908e-05
211.75,5.962261214541532e-07,5.962318186859521e-07,-29.99926230732752,-29.99926230728768,-7.63735172953122e-08,-7.637346783279548e-08,-5.5741090085239534e-05,-5.57410899654529e-05
212.0,5.777025546573716e-07,5.777082642639551e-07,-29.99927611972691,-29.99927611968703,-7.172234370401089e-08,-7.172229416824961e-08,-5.475810542762135e-05,-5.475810530780669e-05
212.25,5.600615775554913e-07,5.60067299555174e-07,-29.999289693227762,-29.999289693187833,-6.931796435666208e-08,-6.931791474762849e-08,-5.382990154421432e-05,-5.3829901424371584e-05
212.5,5.430873268476844e-07,5.430930612587879e-07,-29.999303034677823,-29.99930303463785,-6.63885325869813e-08,-6.63884829046476e-08,-5.290169916943134e-05,-5.29016990495605e-05
212.75,5.269110656111151e-07,5.269168124519679e-07,-29.99931614407751,-29.999316144037493,-6.293404862932137e-08,-6.293399887365972e-08,-5.1973498600285766e-05,-5.197349848038677e-05
213.0,5.116640568591085e-07,5.11669816148046e-07,-29.999329021427315,-29.99932902138725,-5.8954512760038955e-08,-5.8954462931021526e-08,-5.1045300133790776e-05,-5.104530001386358e-05
213.25,4.971546173846064e-07,4.971603891399711e-07,-29.99934167340008,-29.999341673359975,-5.703852703067579e-08,-5.703847712827466e-08,-5.0170482127586195e-05,-5.0170482007630765e-05
213.5,4.831860313395388e-07,4.831918155796801e-07,-29.999354106668495,-29.999354106628342,-5.4627685353408926e-08,-5.462763537759613e-08,-4.929566534518873e-05,-4.9295665225205014e-05
213.75,4.698820126875981e-07,4.698878094308722e-07,-29.999366321232895,-29.999366321192696,-5.172198792110429e-08,-5.172193787185182e-08,-4.842085006653007e-05,-4.842084994651804e-05
214.0,4.573662753393117e-07,4.57372084604082e-07,-29.99937831709369,-29.99937831705345,-4.832143496621597e-08,-4.832138484349579e-08,-4.7546036571541824e-05,-4.7546036451501426e-05
214.25,4.454643975901541e-07,4.45470219394791e-07,-29.99939010071606,-29.99939010067577,-4.68159871622928e-08,-4.6815936966076824e-08,-4.672294246298009e-05,-4.672294234291129e-05
214.5,4.3399708168505705e-07,4.3400291604793813e-07,-29.999401678565018,-29.999401678524688,-4.4844940236907727e-08,-4.484488996716781e-08,-4.589984933771596e-05,-4.589984921761871e-05
214.75,4.2308072738545176e-07,4.2308657432496146e-07,-29.999413050640847,-29.99941305060047,-4.240829434774334e-08,-4.2408244004451333e-08,-4.507675745913104e-05,-4.507675733900531e-05
215.0,4.128317344086927e-07,4.128375939432226e-07,-29.99942421694389,-29.999424216903467,-3.9506049689729885e-08,-3.950599927285758e-08,-4.425366709060686e-05,-4.42536669704526e-05
215.25,4.0309134852928295e-07,4.030972206772316e-07,-29.999435183707487,-29.999435183667018,-3.834413878864266e-08,-3.834408829816181e-08,-4.3480441734971935e-05,-4.348044161478911e-05
215.5,3.936961142885131e-07,3.937019990682862e-07,-29.999445957164838,-29.999445957124323,-3.674483659901852e-08,-3.674478603490083e-08,-4.270721716032316e-05,-4.270721704011172e-05
215.75,3.8475537949325347e-07,3.847612769232638e-07,-29.999456537316167,-29.99945653727561,-3.470814324880071e-08,-3.4708092611017856e-08,-4.193399361408546e-05,-4.193399349384537e-05
216.0,3.763784919140147e-07,3.76384402012682e-07,-29.999466924161766,-29.999466924121162,-3.223405890092352e-08,-3.223400818944712e-08,-4.1160771343683674e-05,-4.1160771223414896e-05
216.25,3.684209170309077e-07,3.6842683981665903e-07,-29.999477123686013,-29.999477123645363,-3.1358155160141023e-08,-3.135810437494267e-08,-4.043542265128553e-05,-4.0435422530988023e-05
216.5,3.607336068325091e-07,3.6073954232377847e-07,-29.999487141873157,-29.999487141832464,-3.0071941437670597e-08,-3.007189057872184e-08,-3.971007457042434e-05,-3.9710074450098055e-05
216.75,3.534191388020627e-07,3.534250870172912e-07,-29.999496978723382,-29.999496978682647,-2.8375417836408598e-08,-2.8375366903680954e-08,-3.8984727333205584e-05,-3.8984727212850476e-05
217.0,3.4658009039298504e-07,3.46586051350621e-07,-29.999506634236926,-29.99950663419615,-2.6268584492075937e-08,-2.6268533485540863e-08,-3.825938117173468e-05,-3.825938105135071e-05
217.25,3.40084832570587e-07,3.400908062890858e-07,-29.999516114137915,-29.99951611409709,-2.5629410357122775e-08,-2.5629359276751696e-08,-3.757982673450411e-05,-3.757982661409124e-05
217.5,3.337974190769009e-07,3.338034055747252e-07,-29.99952542415035,-29.99952542410948,-2.4605829873465e-08,-2.4605778719229298e-08,-3.690027276756987e-05,-3.6900272647128055e-05
217.75,3.278139514895079e-07,3.278199507851274e-07,-29.99953456427437,-29.999534564233457,-2.3197843122988472e-08,-2.3197791894859478e-08,-3.62207194883842e-05,-3.62207193679134e-05
218.0,3.222305313616736e-07,3.222365434735652e-07,-29.99954353451018,-29.999543534469225,-2.140545021833131e-08,-2.1405398916280326e-08,-3.5541167114399275e-05,-3.5541166993899446e-05
218.25,3.169272427234434e-07,3.1693326767009116e-07,-29.99955234031515,-29.999552340274153,-2.0960907252624633e-08,-2.0960855876622917e-08,-3.4905272643229315e-05,-3.4905272522700416e-05
218.5,3.11780053550962e-07,3.117860913508572e-07,-29.999560987146545,-29.999560987105504,-2.015665450066632e-08,-2.0156603050685084e-08,-3.426937852527086e-05,-3.426937840471285e-05
218.75,3.068788912833493e-07,3.068849419549905e-07,-29.999569475004474,-29.99956947496339,-1.899269202679615e-08,-1.899264050280656e-08,-3.3633484964005716e-05,-3.3633484843418555e-05
219.0,3.0231368334004326e-07,3.0231974690193614e-07,-29.999577803889103,-29.999577803847977,-1.7469019924130437e-08,-1.7468968326103627e-08,-3.2997592162915656e-05,-3.2997592042299296e-05
219.25,2.9797514534647336e-07,2.9798122181713084e-07,-29.999585978988495,-29.999585978947326,-1.7183245373802966e-08,-1.7183193701710027e-08,-3.2403202948431296e-05,-3.24032028277857e-05
219.5,2.9375007997716523e-07,2.937561693751074e-07,-29.99959400549061,-29.9995940054494,-1.6561238936088213e-08,-1.6561187189900196e-08,-3.180881399070527e-05,-3.1808813870030395e-05
219.75,2.8972254519830603e-07,2.897286475420603e-07,-29.999601883395542,-29.999601883354284,-1.560300066074635e-08,-1.560294884043426e-08,-3.1214425479938326e-05,-3.121442535923413e-05
220.0,2.859765989602806e-07,2.8598271426838167e-07,-29.99960961270342,-29.999609612662116,-1.430853062443589e-08,-1.4308478729970696e-08,-3.06200376063312e-05,-3.062003748559764e-05
220.25,2.82412607976558e-07,2.824187362675478e-07,-29.99961719833363,-29.999617198292285,-1.4151068943963529e-08,-1.4151016975316159e-08,-3.006500404887554e-05,-3.0065003928112594e-05
220.5,2.7892722863815e-07,2.789333699305777e-07,-29.999624645205472,-29.999624645164083,-1.3679637466111584e-08,-1.3679585423252923e-08,-2.9509970669297115e-05,-2.9509970548504735e-05
220.75,2.755989533902105e-07,2.756051077026325e-07,-29.99963195331901,-29.999631953277575,-1.2894236228594314e-08,-1.2894184111495215e-08,-2.895493764520339e-05,-2.8954937524381534e-05
221.0,2.725062746653252e-07,2.725124420163053e-07,-29.999639122674356,-29.999639122632875,-1.1794865294243381e-08,-1.1794813102874649e-08,-2.8399905154201805e-05,-2.839990503335043e-05
221.25,2.695583215427232e-07,2.6956450195083245e-07,-29.999646157925415,-29.999646157883888,-1.1739941508884369e-08,-1.1739889243216768e-08,-2.7882103264228204e-05,-2.788210314334727e-05
221.5,2.666607129992504e-07,2.666669064830671e-07,-29.99965306372601,-29.99965306368444,-1.1392108663895285e-08,-1.1392056323899541e-08,-2.7364301488171e-05,-2.7364301367260463e-05
221.75,2.638866762968241e-07,2.6389288287493404e-07,-29.999659840076195,-29.99965984003458,-1.0751366787102574e-08,-1.0751314372749368e-08,-2.684649999172396e-05,-2.6846499870783777e-05
222.0,2.6130943868747606e-07,2.6131565837847225e-07,-29.999666486976057,-29.9996664869344,-9.81771592976523e-09,-9.817663441025198e-09,-2.6328698940580823e-05,-2.6328698819610956e-05
222.25,2.5884608626512794e-07,2.5885231908761075e-07,-29.999673008819254,-29.999673008777556,-9.843599111423056e-09,-9.843546548266804e-09,-2.5846046585324946e-05,-2.584604646432535e-05
222.5,2.5641039130037545e-07,2.5641663727295265e-07,-29.999679409999366,-29.999679409957626,-9.596456270475017e-09,-9.596403632873102e-09,-2.536339429265056e-05,-2.5363394171621196e-05
222.75,2.5407061029685375e-07,2.540768694381404e-07,-29.999685690516433,-29.999685690474646,-9.076287426692419e-09,-9.076234714615355e-09,-2.488074221700393e-05,-2.4880742095944756e-05
223.0,2.518949997505248e-07,2.5190127207914346e-07,-29.99969185037052,-29.99969185032869,-8.28309262168848e-09,-8.283039835106741e-09,-2.4398090512831306e-05,-2.4398090391742278e-05
223.25,2.498078730899364e-07,2.498141586245169e-07,-29.999697893701853,-29.999697893659977,-8.371539018083979e-09,-8.371486156967997e-09,-2.3948560076207585e-05,-2.3948559955088663e-05
223.5,2.4773042106398995e-07,2.477367198231695e-07,-29.999703824650574,-29.999703824608655,-8.205695545069255e-09,-8.205642609389424e-09,-2.3499029661475024e-05,-2.3499029540326165e-05
223.75,2.4572621613880334e-07,2.457325281412266e-07,-29.99970964321671,-29.999709643174747,-7.785562215911713e-09,-7.78550920563838e-09,-2.3049499412481163e-05,-2.3049499291302322e-05
224.0,2.4385883077463477e-07,2.4386515603895386e-07,-29.999715349400322,-29.99971534935831,-7.111139064221796e-09,-7.111085979325268e-09,-2.259996947307352e-05,-2.2599969351864658e-05
224.25,2.4205914469002115e-07,2.4206548323489555e-07,-29.999720947096204,-29.999720947054147,-7.246905559135396e-09,-7.2468523995859394e-09,-2.2181597501580293e-05,-2.2181597380341364e-05
224.5,2.402551000220583e-07,2.4026145186615496e-07,-29.999726440199087,-29.999726440156987,-7.146007730783243e-09,-7.145954496551081e-09,-2.1763225520224794e-05,-2.1763225398955758e-05
224.75,2.385058628509481e-07,2.3851222801294146e-07,-29.99973182870899,-29.999731828666842,-6.808445587237128e-09,-6.8083922782924404e-09,-2.1344853662884086e-05,-2.1344853541584902e-05
225.0,2.3687059925250794e-07,2.3687697775107976e-07,-29.999737112625954,-29.999737112583762,-6.234219155501846e-09,-6.234165771814772e-09,-2.092648206343522e-05,-2.0926481942105845e-05
225.25,2.3528615640726336e-07,2.3529254826110298e-07,-29.99974229560827,-29.999742295566033,-6.404638761231343e-09,-6.404585302771983e-09,-2.0537376389520937e-05,-2.053737626816133e-05
225.5,2.3368662229485164e-07,2.3369302752265588e-07,-29.99974738131416,-29.99974738127188,-6.354949292033999e-09,-6.3548957587724096e-09,-2.0148270681459185e-05,-2.01482705600693e-05
225.75,2.3212702418387447e-07,2.3213344280434762e-07,-29.999752369743632,-29.99975236970131,-6.085150751884969e-09,-6.0850971437911616e-09,-1.9759165063761994e-05,-1.9759164942341793e-05
226.0,2.3066238933973863e-07,2.3066882137159248e-07,-29.999757260896725,-29.999757260854356,-5.595243162367999e-09,-5.595189479411946e-09,-1.937005966094139e-05,-1.937005953949083e-05
226.25,2.292349899454015e-07,2.2924143540735537e-07,-29.999762058204745,-29.999762058162332,-5.789855164431649e-09,-5.7898014065832795e-09,-1.9008404424330408e-05,-1.9008404302849444e-05
226.5,2.2778451017191534e-07,2.277909690826961e-07,-29.999766765098947,-29.99976676505649,-5.779886194329131e-09,-5.779832361558335e-09,-1.8646749135494724e-05,-1.8646749013983314e-05
226.75,2.2636209526256298e-07,2.26368567640905e-07,-29.999771381579333,-29.999771381536828,-5.5653362528579845e-09,-5.565282345134607e-09,-1.8285093910162384e-05,-1.8285093788620488e-05
227.0,2.2501889045838208e-07,2.2502537632302727e-07,-29.999775907645933,-29.999775907603382,-5.1462053571820986e-09,-5.146151374475944e-09,-1.792343886406143e-05,-1.7923438742489003e-05
227.25,2.2370210153176733e-07,2.2370860090146518e-07,-29.999780346513024,-29.99978034647043,-5.3564335557193494e-09,-5.3563794980001795e-09,-1.7587497790769074e-05,-1.7587497669166073e-05
227.5,2.2235650993104102e-07,2.2236302282454853e-07,-29.999784701394837,-29.999784701352198,-5.376626748538687e-09,-5.376572615776222e-09,-1.725155665230399e-05,-1.7251556530670376e-05
227.75,2.2102962440815124e-07,2.2103615084423304e-07,-29.99978897229137,-29.999788972248684,-5.206784934024692e-09,-5.2067307261886094e-09,-1.6915615556165816e-05,-1.691561543450154e-05
228.0,2.1976895371354964e-07,2.1977549371097792e-07,-29.999793159202643,-29.999793159159914,-4.846908125764632e-09,-4.846853842824564e-09,-1.657967460985418e-05,-1.6579674488159205e-05
228.25,2.185261920050342e-07,2.1853274558258875e-07,-29.999797265136085,-29.999797265093314,-5.065781356468841e-09,-5.065726998394383e-09,-1.6267792855902732e-05,-1.6267792734177017e-05
228.5,2.172507651288131e-07,2.1725733230528135e-07,-29.99980129309908,-29.99980129305626,-5.1082294656677145e-09,-5.108175032428418e-09,-1.5955911028038767e-05,-1.5955910906282266e-05
228.75,2.159867793659812e-07,2.1599336016015816e-07,-29.999805243091615,-29.999805243048755,-4.974252449965451e-09,-4.9741979415308276e-09,-1.564402922606303e-05,-1.5644029104275703e-05
229.0,2.1477834099671808e-07,2.1478493542740637e-07,-29.999809115113717,-29.99980911507081,-4.663850320080157e-09,-4.663795736419674e-09,-1.5332147549776276e-05,-1.5332147427958078e-05
229.25,2.1358122917614246e-07,2.135878372621524e-07,-29.999812911976218,-29.999812911933265,-4.885760098116913e-09,-4.885705439199994e-09,-1.504275237108284e-05,-1.5042752249233737e-05
229.5,2.1234910302143917e-07,2.123557247815887e-07,-29.99981663648991,-29.999816636446916,-4.943964991234114e-09,-4.943910257030148e-09,-1.4753357113161348e-05,-1.4753356991281296e-05
229.75,2.1112288875469298e-07,2.1112952420780768e-07,-29.99982028865479,-29.99982028861175,-4.8384649947754315e-09,-4.838410185253763e-09,-1.4463961868616923e-05,-1.446396174670588e-05
230.0,2.0994351259751572e-07,2.0995016176242883e-07,-29.999823868470866,-29.999823868427786,-4.569260117180823e-09,-4.569205232310756e-09,-1.4174566730054692e-05,-1.4174566608112615e-05
230.25,2.0877047314452995e-07,2.0877713604008243e-07,-29.999827378562617,-29.99982737851949,-4.789750837906063e-09,-4.789695877656859e-09,-1.3906167200660803e-05,-1.3906167078687649e-05
230.5,2.0756128951354517e-07,2.0756796615858567e-07,-29.999830821554475,-29.999830821511303,-4.858413539245063e-09,-4.858358503585938e-09,-1.363776758948232e-05,-1.3637767467478048e-05
230.75,2.0635391871034765e-07,2.0636060912373247e-07,-29.99983419744643,-29.99983419740321,-4.7752482157048704e-09,-4.7751931046050006e-09,-1.3369367982405827e-05,-1.3369367860370392e-05
231.0,2.0518631774057854e-07,2.0519302194117174e-07,-29.99983750623849,-29.999837506195227,-4.540254873938687e-09,-4.540199687367207e-09,-1.3100968465317901e-05,-1.3100968343251263e-05
231.25,2.0402137329760545e-07,2.0402809130427882e-07,-29.999840750378862,-29.999840750335554,-4.755842531205094e-09,-4.7557872691310974e-09,-1.285215443222961e-05,-1.2852154310131726e-05
231.5,2.0282012554487397e-07,2.0282685737650697e-07,-29.999843932315713,-29.999843932272363,-4.8306813500697956e-09,-4.830626012462332e-09,-1.2603340316996654e-05,-1.260334019486748e-05
231.75,2.0161776169296745e-07,2.0162450736844733e-07,-29.999847052049034,-29.999847052005638,-4.764771324545756e-09,-4.764715911373833e-09,-1.2354526199238305e-05,-1.2354526077077799e-05
232.0,2.004494689525586e-07,2.0045622849078035e-07,-29.999850109578833,-29.99985010953539,-4.558112459905761e-09,-4.558056971138344e-09,-1.2105712158573839e-05,-1.2105712036381957e-05
232.25,1.9928122171887176e-07,1.9928799513873816e-07,-29.999853107186937,-29.99985310714345,-4.766128312779271e-09,-4.766072748385282e-09,-1.187515259280601e-05,-1.187515247058271e-05
232.5,1.980772733451364e-07,1.9808406066555799e-07,-29.999856047155138,-29.999856047111606,-4.8437215783898205e-09,-4.8436659383381385e-09,-1.1644592946256064e-05,-1.1644592824001303e-05
232.75,1.968702294791616e-07,1.9687703071905664e-07,-29.999858929483423,-29.99985892943985,-4.790892250530018e-09,-4.790836534789482e-09,-1.1414033292701887e-05,-1.1414033170415624e-05
233.0,1.9569269576900394e-07,1.956995109472986e-07,-29.999861754171803,-29.999861754128183,-4.607640333426203e-09,-4.607584541965608e-09,-1.1183473705921366e-05,-1.1183473583603558e-05
233.25,1.9451346189554922e-07,1.945202910311774e-07,-29.999864523345348,-29.999864523301685,-4.8060963704089655e-09,-4.806040503197064e-09,-1.096991458373535e-05,-1.0969914461385953e-05
233.5,1.932997147262411e-07,1.9330655783814456e-07,-29.999867239129102,-29.999867239085393,-4.88374669841256e-09,-4.883690755418062e-09,-1.0756355383454994e-05,-1.0756355261073963e-05
233.75,1.9208165568930226e-07,1.9208851279643053e-07,-29.999869901523052,-29.9998699014793,-4.840591311225028e-09,-4.840535292416603e-09,-1.0542796173418074e-05,-1.0542796051005369e-05
234.0,1.9088948621330023e-07,1.9089635733461072e-07,-29.999872510527208,-29.99987251048341,-4.6766302122988025e-09,-4.6765741176450746e-09,-1.0329237021962369e-05,-1.0329236899517946e-05
234.25,1.8969456414824896e-07,1.8970144930270692e-07,-29.999875068119202,-29.999875068075358,-4.864103634704654e-09,-4.864047464174207e-09,-1.0131498849198798e-05,-1.0131498726722614e-05
234.5,1.88466755733164e-07,1.8847365493974254e-07,-29.999877576276642,-29.999877576232752,-4.939721010814373e-09,-4.939664764375747e-09,-9.93376060202223e-06,-9.933760479514244e-06
234.75,1.8723402498056198e-07,1.872409382582421e-07,-29.999880034999517,-29.99988003495558,-4.903482334578637e-09,-4.903426012200332e-09,-9.736022343707769e-06,-9.736022221167936e-06
235.0,1.860243359033533e-07,1.8603126327112385e-07,-29.99988244428783,-29.999882444243852,-4.755387608896545e-09,-4.755331210547015e-09,-9.538284137530516e-06,-9.538284014958794e-06
235.25,1.848113902793165e-07,1.8481833175617425e-07,-29.99988480598076,-29.999884805936734,-4.930921885928786e-09,-4.930865411576446e-09,-9.355259211417002e-06,-9.355259088813349e-06
235.5,1.8356750270960464e-07,1.835744583145542e-07,-29.999887121917446,-29.999887121873375,-5.0029231726470865e-09,-5.002866622260308e-09,-9.17223421529016e-06,-9.172234092654532e-06
235.75,1.823185564426887e-07,1.8232552619474268e-07,-29.99988939209788,-29.999889392053763,-4.9713914632914096e-09,-4.9713348368385195e-09,-8.98920920771688e-06,-8.989209085049231e-06
236.0,1.8109043472744444e-07,1.8109741864562334e-07,-29.999891616522067,-29.999891616477907,-4.836326760384299e-09,-4.836270057833582e-09,-8.806184247264049e-06,-8.806184124564338e-06
236.25,1.7985897971170196e-07,1.7986597781503416e-07,-29.999893796899325,-29.99989379685512,-4.99934710229368e-09,-4.9992903236133766e-09,-8.636833734194312e-06,-8.636833611462497e-06
236.5,1.7859874430837587e-07,1.7860575661589777e-07,-29.999895934938944,-29.999895934894692,-5.066569859518135e-09,-5.066513004676448e-09,-8.467483156002276e-06,-8.467483033238315e-06
236.75,1.773336779144693e-07,1.773407044452252e-07,-29.999898030640917,-29.99989803059662,-5.0379950266799085e-09,-5.0379380956449945e-09,-8.29813256687904e-06,-8.298132444082888e-06
237.0,1.7608772992737183e-07,1.7609477070041403e-07,-29.999900084005247,-29.999900083960902,-4.913622606064995e-09,-4.913565598804969e-09,-8.128782021015702e-06,-8.128781898187317e-06
237.25,1.7483869801071395e-07,1.7484575304510274e-07,-29.999902096619625,-29.999902096575234,-5.06386396249615e-09,-5.063806878979085e-09,-7.972132915494977e-06,-7.972132792634317e-06
237.5,1.7356318232888654e-07,1.7357025164369016e-07,-29.999904070071715,-29.99990407002728,-5.125492726008875e-09,-5.125435566202802e-09,-7.815483750048598e-06,-7.815483627155617e-06
237.75,1.7228333603088315e-07,1.7229041964517788e-07,-29.999906004361513,-29.999906004317033,-5.098508891672929e-09,-5.098451655545834e-09,-7.658834574803233e-06,-7.658834451877888e-06
238.0,1.710213122660438e-07,1.710284101989139e-07,-29.99990789948902,-29.999907899444494,-4.982912461647027e-09,-4.982855149166853e-09,-7.502185439885548e-06,-7.5021853169278005e-06
238.25,1.697566962743756e-07,1.6976380854491334e-07,-29.99990975692814,-29.99990975688357,-5.120358383180467e-09,-5.1203009943151166e-09,-7.357327458156704e-06,-7.357327335166511e-06
238.5,1.6846796161908845e-07,1.6847508824639414e-07,-29.99991157815276,-29.999911578108144,-5.175861769312324e-09,-5.175804304029658e-09,-7.2124694218538e-06,-7.212469298831118e-06
238.75,1.6717559393472436e-07,1.6718273493790633e-07,-29.999913363162864,-29.999913363118207,-5.149422615602384e-09,-5.1493650738702215e-09,-7.067611377330363e-06,-7.06761125427515e-06
239.0,1.6590007885611593e-07,1.659072342542906e-07,-29.999915111958465,-29.99991511191376,-5.04104092416579e-09,-5.040983305951904e-09,-6.922753370939922e-06,-6.922753247852133e-06
239.25,1.6462263655986245e-07,1.6462980637215425e-07,-29.999916825907125,-29.999916825862375,-5.165871829570527e-09,-5.1658141348426515e-09,-6.788835823096251e-06,-6.788835699975844e-06
239.5,1.6332345574981654e-07,1.63330639995358e-07,-29.99991850637639,-29.999918506331593,-5.2149490333457815e-09,-5.214891262071606e-09,-6.654918226064165e-06,-6.654918102911095e-06
239.75,1.6202147485200259e-07,1.6202867354993437e-07,-29.99992015336625,-29.999920153321412,-5.188272531565432e-09,-5.1882146837126025e-09,-6.521000622696269e-06,-6.521000499510494e-06
240.0,1.60735632292669e-07,1.6074284546213982e-07,-29.999921766876717,-29.999921766831832,-5.085842326363606e-09,-5.085784401899728e-09,-6.387083055845174e-06,-6.387082932626649e-06
240.25,1.5944864438661505e-07,1.5945587204678172e-07,-29.999923348176075,-29.999923348131144,-5.198391898937446e-09,-5.198333897830079e-09,-6.263311732087164e-06,-6.263311608835847e-06
240.5,1.5814227085507038e-07,1.581495130250978e-07,-29.999924898532594,-29.99992489848762,-5.240927329255535e-09,-5.240869251472196e-09,-6.139540364464697e-06,-6.139540241180544e-06
240.75,1.5683401523414094e-07,1.568412719332022e-07,-29.99992641794627,-29.999926417901253,-5.213448613915089e-09,-5.213390459423254e-09,-6.015768992583607e-06,-6.015768869266575e-06
241.0,1.5554138106008328e-07,1.5554865230735956e-07,-29.999927906417106,-29.999927906372047,-5.115955755114412e-09,-5.115897523881513e-09,-5.891997656049728e-06,-5.891997532699774e-06
241.25,1.542484545126031e-07,1.5425574032728375e-07,-29.999929365120792,-29.999929365075687,-5.216674351026526e-09,-5.21661604301995e-09,-5.777631755114049e-06,-5.77763163173113e-06
241.5,1.5293843502169098e-07,1.529457354229735e-07,-29.999930795232995,-29.999930795187847,-5.252699301658388e-09,-5.2526409168454815e-09,-5.6632658155016415e-06,-5.663265692085712e-06
241.75,1.5162749599913503e-07,1.5163481100622508e-07,-29.99993219675371,-29.99993219670852,-5.224030604128047e-09,-5.223972142476113e-09,-5.548899873808622e-06,-5.5488997503596405e-06
242.0,1.5033181085679696e-07,1.5033914048890838e-07,-29.99993356968295,-29.99993356963771,-5.130668260729007e-09,-5.130609722205305e-09,-5.434533966631109e-06,-5.4345338431490315e-06
242.25,1.4903672070299635e-07,1.490440649793512e-07,-29.99993491511009,-29.999934915064806,-5.220092353571272e-09,-5.220033738143018e-09,-5.328883089204953e-06,-5.328882965689736e-06
242.5,1.4772674498830159e-07,1.477341039281301e-07,-29.999936234124505,-29.999936234079176,-5.249752747088431e-09,-5.249694054722801e-09,-5.223232178096787e-06,-5.223232054548387e-06
242.75,1.4641682463794014e-07,1.4642419826048075e-07,-29.999937526726193,-29.999937526680817,-5.219649438907696e-09,-5.219590669571819e-09,-5.1175812671139385e-06,-5.117581143532312e-06
243.0,1.4512190057713506e-07,1.4512928890163445e-07,-29.999938792915156,-29.999938792869735,-5.129782431437338e-09,-5.1297235850983006e-09,-5.011930390063737e-06,-5.011930266448841e-06
243.25,1.4382846417128295e-07,1.4383586721699604e-07,-29.999940033700415,-29.999940033654948,-5.208509241241712e-09,-5.20845031786656e-09,-4.914351614404546e-06,-4.914351490756336e-06
243.5,1.4252224574379e-07,1.4252966352997995e-07,-29.999941250090977,-29.999941250045463,-5.232038603882249e-09,-5.231979603437983e-09,-4.8167728098230925e-06,-4.816772686141525e-06
243.75,1.4121704465677449e-07,1.412244772027127e-07,-29.999942442086837,-29.999942442041277,-5.200370517476639e-09,-5.200311439930216e-09,-4.7191940075436525e-06,-4.719193883828684e-06
244.0,1.3992666027227323e-07,1.3993410759723936e-07,-29.999943609688,-29.999943609642393,-5.113504984558333e-09,-5.113445829876669e-09,-4.621615238790502e-06,-4.62161511504209e-06
244.25,1.3863863883827241e-07,1.3864610096155442e-07,-29.9999447538287,-29.999944753783048,-5.182171549161934e-09,-5.182112317311902e-09,-4.531510291865077e-06,-4.531510168083176e-06
244.5,1.37339821967013e-07,1.373472989079071e-07,-29.99994587544316,-29.99994587539746,-5.1998684820514915e-09,-5.199809172999919e-09,-4.4414053205125e-06,-4.441405196697068e-06
244.75,1.3604295206668538e-07,1.3605044384449613e-07,-29.999946974531376,-29.99994697448563,-5.166595781811285e-09,-5.1665363955249565e-09,-4.351300353565443e-06,-4.351300229716435e-06
245.0,1.3476077154532422e-07,1.3476827817936448e-07,-29.999948051093355,-29.999948051047564,-5.082353451103137e-09,-5.082293987548794e-09,-4.261195419856576e-06,-4.261195295973949e-06
245.25,1.3348179458271065e-07,1.3348931609230157e-07,-29.999949105993785,-29.999949105947948,-5.141619493982873e-09,-5.141559953127216e-09,-4.178007953567045e-06,-4.178007829650756e-06
245.5,1.3219388317639427e-07,1.3220141958086536e-07,-29.999950140097344,-29.999950140051464,-5.1538290002490065e-09,-5.15376938205869e-09,-4.0948204670612955e-06,-4.094820343111299e-06
245.75,1.30908801460729e-07,1.309163527794181e-07,-29.999951153404034,-29.999951153358108,-5.118981968924809e-09,-5.1189222733664455e-09,-4.011632986958424e-06,-4.011632862974678e-06
246.0,1.296383135698424e-07,1.296458798220957e-07,-29.999952145913856,-29.999952145867884,-5.037078402798047e-09,-5.037018629838205e-09,-3.928445539877531e-06,-3.9284454158599905e-06
246.25,1.2837182229993013e-07,1.2837940350510215e-07,-29.99995311842687,-29.999953118380855,-5.087612436240347e-09,-5.087552585845552e-09,-3.851658519184249e-06,-3.8516583951328705e-06
246.5,1.2709812701197686e-07,1.2710572318943053e-07,-29.999954071743126,-29.99995407169707,-5.094710546741795e-09,-5.0946506188785295e-09,-3.7748714821902383e-06,-3.7748713581049797e-06
246.75,1.258280866868612e-07,1.2583569785596782e-07,-29.999955005862624,-29.99995500581652,-5.0583727337345705e-09,-5.0583127283692734e-09,-3.6980844534664776e-06,-3.6980843293472954e-06
247.0,1.2457256030516927e-07,1.245801864853086e-07,-29.999955920785368,-29.99995592073922,-4.9785990001257015e-09,-4.97853891722477e-09,-3.621297457583944e-06,-3.621297333430794e-06
247.25,1.2332176688799178e-07,1.233294080985519e-07,-29.99995681725139,-29.9999568172052,-5.021067176898502e-09,-5.02100701642829e-09,-3.550430664854151e-06,-3.5504305406669895e-06
247.5,1.2206536729701907e-07,1.220730235573965e-07,-29.999957696000713,-29.999957695954475,-5.023448390188437e-09,-5.023388152115252e-09,-3.479563859439126e-06,-3.479563735217909e-06
247.75,1.2081338327321249e-07,1.208210546028122e-07,-29.999958557033334,-29.999958556987053,-4.985742639805036e-09,-4.985682324095145e-09,-3.4086970640153957e-06,-3.408696939760079e-06
248.0,1.195758365571801e-07,1.1958352297541551e-07,-29.999959400349262,-29.999959400302934,-4.90794992876476e-09,-4.907889535384385e-09,-3.3378303012594866e-06,-3.3378301769700266e-06
248.25,1.1834369628486401e-07,1.1835139781115692e-07,-29.9999602266328,-29.999960226586428,-4.943007220616929e-09,-4.942946749532249e-09,-3.2724379590701483e-06,-3.2724378347465007e-06
248.5,1.1710741546152483e-07,1.1711513211530553e-07,-29.999961036568255,-29.999961036521835,-4.9410743367286455e-09,-4.941013787905796e-09,-3.207045607511891e-06,-3.2070454831540125e-06
248.75,1.1587624163114e-07,1.1588397343184726e-07,-29.99996183015562,-29.999961830109157,-4.902151277254564e-09,-4.9020906506596374e-09,-3.141653267509441e-06,-3.1416531431172873e-06
249.0,1.1465942233727837e-07,1.1466716930435947e-07,-29.999962607394906,-29.999962607348397,-4.8262380453085305e-09,-4.826177340907575e-09,-3.0762609599875227e-06,-3.0762608355610496e-06
249.25,1.134486164221044e-07,1.134563785750151e-07,-29.999963368918717,-29.999963368872162,-4.854521383759686e-09,-4.8544606015187065e-09,-3.015929473019214e-06,-3.0159293485583776e-06
249.5,1.1223500559162026e-07,1.1224278294982481e-07,-29.999964115359656,-29.999964115313055,-4.848677367640256e-09,-4.848616507525214e-09,-2.955597979704174e-06,-2.9555978552089305e-06
249.75,1.1102712168446706e-07,1.1103491426743822e-07,-29.999964846717724,-29.999964846671077,-4.808705997417784e-09,-4.808645059394597e-09,-2.8952664993476784e-06,-2.8952663748179834e-06
250.0,1.0983349653882769e-07,1.0984130436604677e-07,-29.999965562992923,-29.99996556294623,-4.734607276289981e-09,-4.734546260324523e-09,-2.8349350512550013e-06,-2.834934926690811e-06
250.25,1.0864642347196049e-07,1.0865424656291734e-07,-29.99996626476992,-29.99996626472318,-4.756730341200165e-09,-4.756669247258266e-09,-2.7792808667826416e-06,-2.7792807421839116e-06
250.5,1.0745775482699342e-07,1.0746559320118642e-07,-29.999966952633372,-29.999966952586586,-4.747371901003914e-09,-4.747310729051361e-09,-2.723626678699958e-06,-2.7236265540666446e-06
250.75,1.0627536098016196e-07,1.0628321465709805e-07,-29.999967626583278,-29.999967626536446,-4.706531956449923e-09,-4.706470706452458e-09,-2.6679725048155135e-06,-2.667972380147572e-06
251.0,1.0510711230719962e-07,1.0511498130639431e-07,-29.99996828661964,-29.999968286572766,-4.634210510805388e-09,-4.634149182728712e-09,-2.612318362937869e-06,-2.6123182382352556e-06
251.25,1.0394588607353743e-07,1.0395377041451483e-07,-29.999968933282688,-29.999968933235767,-4.6507598957381034e-09,-4.650698489547871e-09,-2.560985948004078e-06,-2.5609858232667485e-06
251.5,1.0278415209073352e-07,1.027920517930263e-07,-29.99996956711263,-29.999969567065662,-4.638272503912222e-09,-4.638211019574045e-09,-2.5096535319214304e-06,-2.5096534071493408e-06
251.75,1.0162916955290103e-07,1.0163708463605049e-07,-29.99997018810947,-29.999970188062456,-4.596748336326752e-09,-4.596686773806199e-09,-2.4583211311155462e-06,-2.4583210063086525e-06
252.0,1.0048819765361302e-07,1.0049612813716905e-07,-29.99997079627321,-29.999970796226155,-4.526187396303629e-09,-4.526125755566224e-09,-2.406988762012045e-06,-2.4069886371703025e-06
252.25,9.935465135602704e-08,9.936259725954817e-08,-29.9999713921029,-29.999971392055798,-4.5377199179723714e-09,-4.5376581989835944e-09,-2.359648694943452e-06,-2.3596485700668165e-06
252.5,9.822156922784427e-08,9.822953057089767e-08,-29.999971976097573,-29.999971976050425,-4.522474041102687e-09,-4.522412243827976e-09,-2.312308628925195e-06,-2.312308504013622e-06
252.75,9.709564586859149e-08,9.710362267075296e-08,-29.99997254825723,-29.99997254821004,-4.480449766914262e-09,-4.480387891319009e-09,-2.264968579105367e-06,-2.264968454158813e-06
253.0,9.598357587722278e-08,9.599156815807678e-08,-29.999973108581877,-29.999973108534643,-4.411647098769039e-09,-4.411585144818593e-09,-2.2176285606320602e-06,-2.2176284356504803e-06
253.25,9.487926955400458e-08,9.488727733314426e-08,-29.999973657532422,-29.999973657485143,-4.418688050914881e-09,-4.418626018574548e-09,-2.1739757335257506e-06,-2.1739756085091e-06
253.5,9.377628956979478e-08,9.378431286682195e-08,-29.99997419556976,-29.999974195522434,-4.4010363867725755e-09,-4.400974276007616e-09,-2.1303229094206367e-06,-2.1303227843688716e-06
253.75,9.268080907853006e-08,9.268884791305521e-08,-29.999974722693892,-29.99997472264652,-4.35869210775427e-09,-4.358629918529901e-09,-2.0866701022849195e-06,-2.0866699771979953e-06
254.0,9.159900123354712e-08,9.160705562518947e-08,-29.999975238904828,-29.99997523885741,-4.291655217247506e-09,-4.291592949528901e-09,-2.043017326086799e-06,-2.0430172009646713e-06
254.25,9.052523285176101e-08,9.053330282014848e-08,-29.999975744628156,-29.999975744580695,-4.2946973983576255e-09,-4.294635052109914e-09,-2.0027692547692497e-06,-2.0027691296118744e-06
254.5,8.945354975369735e-08,8.946163531846658e-08,-29.999976240289467,-29.999976240241963,-4.274972947579207e-09,-4.274910522767474e-09,-1.962521188170186e-06,-1.962521062977518e-06
254.75,8.838964359716896e-08,8.839774477796533e-08,-29.999976725888764,-29.999976725841215,-4.23248186649022e-09,-4.232419363079506e-09,-1.9222731391683112e-06,-1.9222730139403066e-06
255.0,8.733920603936652e-08,8.734732285584414e-08,-29.999977201426052,-29.999977201378456,-4.1672241584899515e-09,-4.167161576445255e-09,-1.8820251206423275e-06,-1.8820249953789425e-06
255.25,8.629702481723032e-08,8.630515728905206e-08,-29.999977667294242,-29.999977667246604,-4.166727527729331e-09,-4.166664867015606e-09,-1.844920357810535e-06,-1.8449202325117252e-06
255.5,8.525759132091419e-08,8.526573946775171e-08,-29.999978123886244,-29.99997812383856,-4.145242352075967e-09,-4.145179612658123e-09,-1.8078156011961578e-06,-1.8078154758618787e-06
255.75,8.422615268646144e-08,8.423431652799515e-08,-29.999978571202057,-29.99997857115433,-4.102768633248686e-09,-4.102705815091588e-09,-1.7707108626720654e-06,-1.7707107373022725e-06
256.0,8.32079560492758e-08,8.32161356051949e-08,-29.99997900924169,-29.99997900919392,-4.039306374645386e-09,-4.039243477713856e-09,-1.7336061541111257e-06,-1.7336060287057746e-06
256.25,8.219817740721023e-08,8.220637269721274e-08,-29.999979438367816,-29.99997943832,-4.0356982124071826e-09,-4.0356352366659975e-09,-1.6994028016907489e-06,-1.6994026762497948e-06
256.5,8.119171921777666e-08,8.11999302615694e-08,-29.999979858943107,-29.999979858895244,-4.012742753766524e-09,-4.012679699180418e-09,-1.6651994567837154e-06,-1.6651993313071138e-06
256.75,8.019341830487838e-08,8.020164512217699e-08,-29.999980270967562,-29.999980270919654,-3.97044000055986e-09,-3.970376867093521e-09,-1.6309961303344678e-06,-1.630996004822174e-06
257.0,7.920811149176612e-08,7.921635410229508e-08,-29.99998067444119,-29.999980674393235,-3.908789956171409e-09,-3.9087267437894835e-09,-1.5967928332874472e-06,-1.5967927077394166e-06
257.25,7.823133305637248e-08,7.82395914798651e-08,-29.999981069698695,-29.999981069650694,-3.902465424284789e-09,-3.902402132951878e-09,-1.5652671492370737e-06,-1.5652670236532617e-06
257.5,7.725836483093117e-08,7.726663908712965e-08,-29.999981457074778,-29.999981457026735,-3.878308276755834e-09,-3.8782449064364945e-09,-1.5337414738082338e-06,-1.5337413481885956e-06
257.75,7.629366496914095e-08,7.630195507779631e-08,-29.999981836569447,-29.999981836521357,-3.8363185155171284e-09,-3.8362550661758716e-09,-1.5022158170885404e-06,-1.5022156914330315e-06
258.0,7.534169162403906e-08,7.534999760491124e-08,-29.999982208182704,-29.99998220813457,-3.776496143927853e-09,-3.776432615529146e-09,-1.470690189165605e-06,-1.4706900634741805e-06
258.25,7.439830981620432e-08,7.440663168906212e-08,-29.999982572223395,-29.999982572175213,-3.767819157163605e-09,-3.767755549671873e-09,-1.4416352844929683e-06,-1.4416351587655837e-06
258.5,7.345915162620495e-08,7.346748941082607e-08,-29.99998292900036,-29.999982928952132,-3.742707201470161e-09,-3.742643514849784e-09,-1.412580389377297e-06,-1.4125802636139076e-06
258.75,7.252832579604952e-08,7.253667951222059e-08,-29.999983278513604,-29.99998327846533,-3.701160278856487e-09,-3.7010965130718026e-09,-1.3835255131155788e-06,-1.3835253873161396e-06
259.0,7.160994106708001e-08,7.161831073459656e-08,-29.999983620763132,-29.99998362071481,-3.643178392646339e-09,-3.643114547661637e-09,-1.3544706650047994e-06,-1.3544705391692656e-06
259.25,7.070016789561575e-08,7.070855353428227e-08,-29.999983956033883,-29.999983955985517,-3.6324827270774293e-09,-3.6324188028569563e-09,-1.3276952863108406e-06,-1.3276951604391676e-06
259.5,6.979496182948548e-08,6.980336345911538e-08,-29.99998428461079,-29.999984284562377,-3.6066415502179844e-09,-3.606577546725943e-09,-1.3009199179510681e-06,-1.3009197920432109e-06
259.75,6.889810924627868e-08,6.890652688669431e-08,-29.999984606493857,-29.9999846064454,-3.565654864135308e-09,-3.565590781335856e-09,-1.2741445684930444e-06,-1.2741444425489583e-06
260.0,6.80133965229165e-08,6.802183019394921e-08,-29.99998492168309,-29.999984921634585,-3.5095226721083368e-09,-3.509458509965587e-09,-1.247369246504331e-06,-1.2473691205239709e-06
260.25,6.713727628202577e-08,6.714572600351587e-08,-29.999985230441332,-29.99998523039278,-3.497113248132223e-09,-3.497049006610245e-09,-1.2226966395883835e-06,-1.2226965135717048e-06
260.5,6.626600290223757e-08,6.627446869403437e-08,-29.999985533031424,-29.999985532982826,-3.4707477835465884e-09,-3.4706834626094065e-09,-1.1980240436396351e-06,-1.1980239175865926e-06
260.75,6.540306539346388e-08,6.541154727542568e-08,-29.99998582945337,-29.999985829404725,-3.4304262804606805e-09,-3.4303618800722747e-09,-1.1733514665527847e-06,-1.1733513404633335e-06
261.0,6.455195276494982e-08,6.456045075694393e-08,-29.999986119707174,-29.999986119658484,-3.376148742100221e-09,-3.3760842622245266e-09,-1.1486789162225296e-06,-1.148678790096625e-06
261.25,6.370937839849611e-08,6.371789252039887e-08,-29.999986404035266,-29.99998640398653,-3.362303030357455e-09,-3.3622384709583634e-09,-1.1259457662959373e-06,-1.1259456401335342e-06
261.5,6.287187282929795e-08,6.288040310099473e-08,-29.99998668268007,-29.999986682631288,-3.3355983643261257e-09,-3.3355337253674836e-09,-1.1032126278387264e-06,-1.1032125016397797e-06
261.75,6.204265079568186e-08,6.205119723706707e-08,-29.999986955641596,-29.999986955592767,-3.296034746142616e-09,-3.2959700275882255e-09,-1.0804795081249923e-06,-1.0804793818894572e-06
262.0,6.12249270353117e-08,6.12334896662888e-08,-29.99998722291984,-29.999987222870967,-3.243612178972018e-09,-3.243547380785636e-09,-1.0577464144288291e-06,-1.0577462881566605e-06
262.25,6.041565598528841e-08,6.042423482576993e-08,-29.999987484738384,-29.999987484689463,-3.228581686349914e-09,-3.2285168084952534e-09,-1.0368018585221839e-06,-1.0368017322133366e-06
262.5,5.961162345950684e-08,5.96202185294144e-08,-29.999987741320787,-29.99998774127182,-3.20170398531771e-09,-3.2016390277584387e-09,-1.015857314468967e-06,-1.015857188123396e-06
262.75,5.881579125982048e-08,5.882440257908474e-08,-29.999987992667055,-29.999987992618042,-3.1629790780256305e-09,-3.162914040725373e-09,-9.949127889709463e-07,-9.949126625886063e-07
263.0,5.8031121187426786e-08,5.803974877598756e-08,-29.999988238777195,-29.999988238728136,-3.1124069675716715e-09,-3.112341850494006e-09,-9.739682887298877e-07,-9.739681623107339e-07
263.25,5.7254790589616516e-08,5.7263434467422705e-08,-29.999988479857365,-29.99998847980826,-3.0964187682477122e-09,-3.0963535713561733e-09,-9.546729962646453e-07,-9.546728698086324e-07
263.5,5.648382132657004e-08,5.649248151357968e-08,-29.99998871611371,-29.99998871606456,-3.0695162897472332e-09,-3.0694510130053107e-09,-9.353777159307186e-07,-9.353775894378018e-07
263.75,5.5720941967830656e-08,5.5729618484010906e-08,-29.999988947546235,-29.99998894749704,-3.0316995342224427e-09,-3.031634177593581e-09,-9.16082453902133e-07,-9.160823273722671e-07
264.0,5.4968881082294465e-08,5.4977573947621634e-08,-29.99998917415495,-29.99998917410571,-2.9829685046986837e-09,-2.9829030681462832e-09,-8.967872163529122e-07,-8.967870897860521e-07
264.25,5.4225022209769686e-08,5.423373144422924e-08,-29.999989396129926,-29.99998939608064,-2.9662267875663502e-09,-2.9661612710537666e-09,-8.790125335792887e-07,-8.790124069753891e-07
264.5,5.348660553241194e-08,5.3495331155998514e-08,-29.99998961366123,-29.9999896136119,-2.9394309436526717e-09,-2.9393653471432157e-09,-8.612378631199467e-07,-8.612377364789624e-07
264.75,5.275614458166536e-08,5.276488661438276e-08,-29.999989826748873,-29.999989826699494,-2.9025809751013255e-09,-2.9025152985582632e-09,-8.434632106623375e-07,-8.434630839842234e-07
265.0,5.203615288833762e-08,5.2044911350198845e-08,-29.999990035392855,-29.99999003534343,-2.8556768848603127e-09,-2.8556111282468652e-09,-8.256885818939111e-07,-8.256884551786217e-07
265.25,5.132420477504686e-08,5.1332979686074106e-08,-29.9999902397684,-29.99999023971893,-2.8383644944307446e-09,-2.8382986577100884e-09,-8.093157364812412e-07,-8.093156097287312e-07
265.5,5.0617742404572715e-08,5.0626533784797394e-08,-29.999990440050738,-29.99999044000122,-2.8117909426199684e-09,-2.811725025755235e-09,-7.929429034813895e-07,-7.929427766916137e-07
265.75,4.991908106701019e-08,4.992788893647293e-08,-29.99999063623987,-29.999990636190304,-2.775956231553878e-09,-2.775890234508154e-09,-7.765700881332402e-07,-7.765699613061533e-07
266.0,4.923053605183019e-08,4.923936043058086e-08,-29.999990828335797,-29.999990828286187,-2.730860364099255e-09,-2.730794286835582e-09,-7.601972956756759e-07,-7.601971688112324e-07
266.25,4.854985825399662e-08,4.855869916209433e-08,-29.999991016500047,-29.99999101645039,-2.71314031655254e-09,-2.7130741590339146e-09,-7.451166575693453e-07,-7.451165306674999e-07
266.5,4.787467674449462e-08,4.788353420200774e-08,-29.99999120089414,-29.999991200844438,-2.6868900577398695e-09,-2.6868238199292435e-09,-7.300360318996947e-07,-7.30035904960402e-07
266.75,4.7207124075892385e-08,4.721599810289855e-08,-29.99999138151808,-29.99999138146833,-2.652109589761274e-09,-2.652043271621554e-09,-7.14955423492122e-07,-7.149552965153365e-07
267.0,4.654933280014781e-08,4.655822341673394e-08,-29.999991558371867,-29.999991558322073,-2.608798915399196e-09,-2.6087325168932445e-09,-6.998748371720236e-07,-6.998747101576998e-07
267.25,4.589921727432614e-08,4.5908124500588435e-08,-29.999991731604382,-29.99999173155454,-2.590815875526047e-09,-2.5907493966166805e-09,-6.859852321375304e-07,-6.859851050856229e-07
267.5,4.5254579570140966e-08,4.5263503426184936e-08,-29.9999919013645,-29.999991901314612,-2.564976342599328e-09,-2.5649097832493187e-09,-6.720956394979322e-07,-6.720955124083955e-07
267.75,4.4617383810610386e-08,4.462632431655085e-08,-29.99999206765222,-29.999992067602285,-2.5312803186862123e-09,-2.5312136788582867e-09,-6.582060636975155e-07,-6.582059365703042e-07
268.0,4.3989594118157134e-08,4.3998551294118236e-08,-29.999992230467548,-29.99999223041757,-2.4897278064823874e-09,-2.489661086139227e-09,-6.443165091805657e-07,-6.44316382015634e-07
268.25,4.336927621167286e-08,4.337825007778808e-08,-29.999992389947693,-29.999992389897667,-2.4716095146187917e-09,-2.471542713723034e-09,-6.315245816382408e-07,-6.315244544355434e-07
268.5,4.275439232616652e-08,4.2763382902578674e-08,-29.999992546229855,-29.999992546179783,-2.4462556389487843e-09,-2.44618875746302e-09,-6.187326663917018e-07,-6.18732539151193e-07
268.75,4.214675135734823e-08,4.21557586642095e-08,-29.999992699314042,-29.999992699263924,-2.4136661815006863e-09,-2.4135992193874623e-09,-6.059407675339973e-07,-6.059406402556315e-07
269.0,4.154816220034867e-08,4.1557186257820616e-08,-29.999992849200257,-29.999992849150093,-2.3738411448816604e-09,-2.3737741021034775e-09,-5.931488891581744e-07,-5.93148761841906e-07
269.25,4.0956830763273306e-08,4.0965871591526855e-08,-29.99999299601494,-29.99999299596473,-2.3556997857579487e-09,-2.3556326622772633e-09,-5.813685111117666e-07,-5.8136838375755e-07
269.5,4.037086759038414e-08,4.0379925209599614e-08,-29.999993139884527,-29.99999313983427,-2.3308950316783936e-09,-2.3308278274576165e-09,-5.695881452123547e-07,-5.695880178201441e-07
269.75,3.9791938530183184e-08,3.9801012960550315e-08,-29.999993280809026,-29.999993280758723,-2.2994268846273864e-09,-2.299359599628883e-09,-5.578077952293095e-07,-5.578076677990593e-07
270.0,3.922170943060973e-08,3.923080069232766e-08,-29.99999341878844,-29.99999341873809,-2.261295347122386e-09,-2.261227981308477e-09,-5.460274649320007e-07,-5.460273374636651e-07
270.25,3.8658516068928894e-08,3.866762418220619e-08,-29.999993553939277,-29.99999355388888,-2.2432288548561838e-09,-2.2431614081891443e-09,-5.35179187865254e-07,-5.351790603587873e-07
270.5,3.810060634884923e-08,3.810973133390389e-08,-29.999993686378048,-29.999993686327606,-2.219026214594855e-09,-2.2189586870369147e-09,-5.243309227540249e-07,-5.243307952093814e-07
270.75,3.7549514307137706e-08,3.755865618419718e-08,-29.999993816104755,-29.999993816054268,-2.188687428274622e-09,-2.1886198197879658e-09,-5.134826730694295e-07,-5.134825454865634e-07
271.0,3.70067739800159e-08,3.70159327693171e-08,-29.999993943119403,-29.99999394306887,-2.152212498322596e-09,-2.152144808869363e-09,-5.026344422825825e-07,-5.026343146614482e-07
271.25,3.647084147782559e-08,3.648001719961489e-08,-29.99999406752934,-29.99999406747876,-2.134305793766973e-09,-2.134238023309257e-09,-4.92644989150072e-07,-4.926448614906235e-07
271.5,3.594009194578348e-08,3.594928462031675e-08,-29.999994189441914,-29.999994189391288,-2.1107487374133824e-09,-2.1106808859132323e-09,-4.826555477452865e-07,-4.82655420047478e-07
271.75,3.5415937971612906e-08,3.5425147619155506e-08,-29.99999430885713,-29.999994308806457,-2.081541331146401e-09,-2.08147339856582e-09,-4.726661212645352e-07,-4.726659935283211e-07
272.0,3.489979214250957e-08,3.490901878333636e-08,-29.99999442577499,-29.99999442572427,-2.04668357730263e-09,-2.0466155636035753e-09,-4.6267671290412635e-07,-4.626765851294608e-07
272.25,3.4390222087107376e-08,3.4399465741502735e-08,-29.9999945402944,-29.999994540243634,-2.0290097355327684e-09,-2.028941640677153e-09,-4.5347850743774646e-07,-4.534783796245835e-07
272.5,3.388572083987005e-08,3.3894981528127885e-08,-29.999994652514257,-29.999994652463446,-2.006133112254e-09,-2.006064936203691e-09,-4.442803134407736e-07,-4.442801855890673e-07
272.75,3.338758909595473e-08,3.339686683837848e-08,-29.999994762434568,-29.99999476238371,-1.9780537092964676e-09,-1.9779854520132864e-09,-4.3508213385633396e-07,-4.350820059660384e-07
273.0,3.289712755000898e-08,3.290642236691164e-08,-29.99999487005534,-29.999994870004436,-1.944771528906532e-09,-1.944703190352255e-09,-4.2588397162755274e-07,-4.2588384369862194e-07
273.25,3.241300719815543e-08,3.242231910985957e-08,-29.99999497546768,-29.99999497541673,-1.9273928759913536e-09,-1.9273244561277115e-09,-4.174147025137287e-07,-4.174145745461167e-07
273.5,3.1933830316915735e-08,3.194315934375347e-08,-29.999995078762705,-29.99999507871171,-1.905223764259373e-09,-1.90515526304805e-09,-4.089454445857063e-07,-4.089453165793671e-07
273.75,3.146079452078039e-08,3.1470140683093434e-08,-29.999995179940417,-29.999995179889375,-1.8782641954841313e-09,-1.8781956128867678e-09,-4.004762005533677e-07,-4.0047607250825533e-07
274.0,3.099509742374858e-08,3.100446074188825e-08,-29.99999527900082,-29.999995278949733,-1.8465141718224038e-09,-1.8464455078005942e-09,-3.920069731265941e-07,-3.920068450426624e-07
274.25,3.0535505850184976e-08,3.0544886344512185e-08,-29.999995376027847,-29.999995375976713,-1.8294833109375493e-09,-1.8294145654528418e-09,-3.8420919036996435e-07,-3.842090622471673e-07
274.5,3.0080723321092996e-08,3.009012101197828e-08,-29.99999547110543,-29.99999547105425,-1.808041816305906e-09,-1.8079729893198034e-09,-3.764114184949658e-07,-3.7641129033325727e-07
274.75,2.9631852494702273e-08,2.9641267402525786e-08,-29.99999556423357,-29.999995564182342,-1.7821896896428068e-09,-1.7821207811167662e-09,-3.6861365999661997e-07,-3.6861353179595386e-07
275.0,2.9189996028769498e-08,2.9199428173921046e-08,-29.999995655412274,-29.999995655361,-1.7519269330164325e-09,-1.7518579429118653e-09,-3.608159173699473e-07,-3.608157891302775e-07
275.25,2.875400960017549e-08,2.876345900305453e-08,-29.999995744718852,-29.999995744667533,-1.7352877010211456e-09,-1.7352186292994173e-09,-3.5363665888263436e-07,-3.536365306039147e-07
275.5,2.8322690575556607e-08,2.8332157256572267e-08,-29.999995832230617,-29.999995832179252,-1.7145877014643461e-09,-1.7145185480867769e-09,-3.4645741095645803e-07,-3.4645728263864234e-07
275.75,2.7897054146602996e-08,2.7906538126174075e-08,-29.999995917947572,-29.99999591789616,-1.6898269360020477e-09,-1.6897577009299117e-09,-3.392781758885264e-07,-3.3927804753156846e-07
276.0,2.747811550455019e-08,2.7487616803105178e-08,-29.99999600186972,-29.999996001818264,-1.661005406615123e-09,-1.660936089809649e-09,-3.320989559759465e-07,-3.320988275798001e-07
276.25,2.7064812722606574e-08,2.7074331360583654e-08,-29.999996084068272,-29.999996084016768,-1.6447937626537284e-09,-1.644724364076099e-09,-3.2548940206875667e-07,-3.2548927363337555e-07
276.5,2.665603016630555e-08,2.666556616415262e-08,-29.999996164614437,-29.999996164562887,-1.6248436017154622e-09,-1.6247741213268144e-09,-3.1887985838967827e-07,-3.1887972991501616e-07
276.75,2.6252702464698062e-08,2.6262255842872737e-08,-29.999996243508217,-29.99999624345662,-1.6011549253963518e-09,-1.6010853631577766e-09,-3.1227032705352756e-07,-3.122701985395382e-07
277.0,2.5855764246398666e-08,2.5865335025368297e-08,-29.999996320749617,-29.999996320697974,-1.5737277355915033e-09,-1.5736580914640459e-09,-3.0566081017511985e-07,-3.056606816217569e-07
277.25,2.546423000395969e-08,2.547381820420137e-08,-29.99999639640422,-29.999996396352532,-1.5579725838876768e-09,-1.557902857832337e-09,-2.9957596394075434e-07,-2.995758353479715e-07
277.5,2.5077064764415144e-08,2.5086670406415724e-08,-29.999996470537614,-29.99999647048588,-1.5387757126690828e-09,-1.5387059046468137e-09,-2.934911275923236e-07,-2.9349099896007445e-07
277.75,2.4695128957457484e-08,2.4704752061713582e-08,-29.9999965431498,-29.999996543098018,-1.5161371234714856e-09,-1.5160672334431953e-09,-2.874063030767505e-07,-2.8740617440498874e-07
278.0,2.431928301236081e-08,2.4328923599378825e-08,-29.99999661424078,-29.99999661418895,-1.4900568181059853e-09,-1.4899868460325355e-09,-2.8132149234095707e-07,-2.813213636296363e-07
278.25,2.394861230622821e-08,2.3958270396524325e-08,-29.999996683870958,-29.999996683819084,-1.4747807675383788e-09,-1.4747107133805852e-09,-2.7571988418807354e-07,-2.7571975543714724e-07
278.5,2.3582156660245717e-08,2.359183227434592e-08,-29.999996752100735,-29.999996752048816,-1.456336337129922e-09,-1.4562662008485543e-09,-2.7011828557279344e-07,-2.701181567822152e-07
278.75,2.322070816919438e-08,2.3230401327634477e-08,-29.999996818930114,-29.99999681887815,-1.4347235283561843e-09,-1.4346533099119665e-09,-2.6451669828741604e-07,-2.6451656945713943e-07
279.0,2.286505892745467e-08,2.2874769650780288e-08,-29.9999968843591,-29.999996884307087,-1.409942342946204e-09,-1.4098720422998142e-09,-2.589151241242397e-07,-2.589149952542182e-07
279.25,2.2514360070110123e-08,2.252408837887672e-08,-29.999996948443314,-29.999996948391257,-1.395162406184234e-09,-1.3950920232963037e-09,-2.5375853866087364e-07,-2.5375840975106074e-07
279.5,2.2167720779123302e-08,2.2177466693896193e-08,-29.999997011238385,-29.99999701118628,-1.3774658123008903e-09,-1.3773953471320054e-09,-2.4860196238327014e-07,-2.486018334336193e-07
279.75,2.1825870218602446e-08,2.1835633759956802e-08,-29.99999707274431,-29.99999707269216,-1.3568525627119166e-09,-1.3567820152226166e-09,-2.434453969413331e-07,-2.434452679517978e-07
280.0,2.1489537552272692e-08,2.149931874079355e-08,-29.9999971329611,-29.999997132908902,-1.3333226590663866e-09,-1.3332520292171652e-09,-2.382888439849656e-07,-2.3828871495549932e-07
280.25,2.1157934923650606e-08,2.1167733779932895e-08,-29.99999719193997,-29.999997191887726,-1.3190508942567022e-09,-1.3189801820080069e-09,-2.3354206760583875e-07,-2.3354193853639492e-07
280.5,2.083023584292083e-08,2.0840052387569365e-08,-29.999997249732147,-29.999997249679858,-1.3020942761361108e-09,-1.3020234814483428e-09,-2.2879530005944634e-07,-2.2879517094997835e-07
280.75,2.0507111523246e-08,2.05169457768755e-08,-29.999997306337633,-29.999997306285298,-1.2824528060611582e-09,-1.2823819288946729e-09,-2.2404854286456479e-07,-2.24048413715026e-07
281.0,2.0189233177422755e-08,2.0199085160657866e-08,-29.99999736175643,-29.99999736170405,-1.2601264856031768e-09,-1.260055525918283e-09,-2.1930179753996965e-07,-2.193016683503134e-07
281.25,1.987586955619669e-08,1.9885739289671977e-08,-29.99999741603571,-29.999997415983284,-1.2463705837275054e-09,-1.2462995414844661e-09,-2.149323852325527e-07,-2.1493225600273227e-07
281.5,1.9566253835749554e-08,1.9576141340109528e-08,-29.999997469222638,-29.999997469170165,-1.2301432795716313e-09,-1.230072154730663e-09,-2.105629814056824e-07,-2.1056285213565108e-07
281.75,1.9261003866493242e-08,1.927090916239236e-08,-29.999997521317216,-29.999997521264696,-1.2114445744337555e-09,-1.2113733669550285e-09,-2.0619358745738944e-07,-2.061934581471005e-07
282.0,1.8960737498490386e-08,1.8970660606593072e-08,-29.999997572319447,-29.99999757226688,-1.1902744698097897e-09,-1.190203179653428e-09,-2.0182420478570378e-07,-2.0182407543511048e-07
282.25,1.866477601048461e-08,1.8674716951465263e-08,-29.999997622272762,-29.99999762222015,-1.1770382908430455e-09,-1.1769669179691269e-09,-1.9780226464718388e-07,-1.978021352562394e-07
282.5,1.837240792471911e-08,1.8382366719262113e-08,-29.999997671220594,-29.999997671167936,-1.1615272520792392e-09,-1.1614557964477952e-09,-1.937803326396217e-07,-1.9378020320827926e-07
282.75,1.808420195599183e-08,1.8094178624791566e-08,-29.999997719162945,-29.99999771911024,-1.1437413547592712e-09,-1.143669816330287e-09,-1.8975841004986721e-07,-1.8975828057807998e-07
283.0,1.780072681876774e-08,1.7810721382528602e-08,-29.999997766099817,-29.999997766047063,-1.1236806003060293e-09,-1.1236089790394434e-09,-1.8573649816476958e-07,-1.857363686524907e-07
283.25,1.7521352538246936e-08,1.7531365017683335e-08,-29.999997812071197,-29.999997812018396,-1.1109646614147385e-09,-1.1108929572704432e-09,-1.8203449252134297e-07,-1.820343629685256e-07
283.5,1.7245418979238684e-08,1.7255449395075068e-08,-29.999997857117076,-29.99999785706423,-1.0961548283891065e-09,-1.0960830413269477e-09,-1.7833249466339843e-07,-1.7833236506999566e-07
283.75,1.6973449615131963e-08,1.6983497988102817e-08,-29.999997901237457,-29.999997901184564,-1.0792511024139377e-09,-1.0791792323937152e-09,-1.7463050577541663e-07,-1.7463037614138156e-07
284.0,1.6705967918998604e-08,1.6716034269848477e-08,-29.999997944432344,-29.999997944379402,-1.0602534848415468e-09,-1.0601815318230134e-09,-1.7092852704187759e-07,-1.7092839736716326e-07
284.25,1.6442389156311438e-08,1.6452473505794944e-08,-29.999997986738553,-29.999997986685564,-1.048055403652834e-09,-1.0479833675956962e-09,-1.675210887150699e-07,-1.6752095899962936e-07
284.5,1.618210082363104e-08,1.619220319251287e-08,-29.999998028192902,-29.999998028139867,-1.0339300449628927e-09,-1.0338579258268108e-09,-1.6411365783367477e-07,-1.6411352807746102e-07
284.75,1.5925584740194673e-08,1.593570514924961e-08,-29.999998068795396,-29.999998068742315,-1.0178774099017703e-09,-1.0178052076463576e-09,-1.6070623548792067e-07,-1.607061056908867e-07
285.0,1.5673322724937817e-08,1.5683461194950748e-08,-29.999998108546034,-29.999998108492907,-9.998974997536944e-10,-9.998252143385179e-10,-1.5729882276803535e-07,-1.5729869293013414e-07
285.25,1.542477203218736e-08,1.543492858395328e-08,-29.999998147478717,-29.999998147425543,-9.882123958305918e-10,-9.881400272151718e-10,-1.5416258551921093e-07,-1.5416245564039543e-07
285.5,1.5179364350191455e-08,1.5189539004515497e-08,-29.99999818562734,-29.99999818557412,-9.747534138848832e-10,-9.746809620286937e-10,-1.510263553822287e-07,-1.5102622546245184e-07
285.75,1.4937543148324122e-08,1.4947735926021546e-08,-29.99999822299191,-29.999998222938643,-9.59520554993306e-10,-9.594480198557741e-10,-1.4789013336054163e-07,-1.478900033997563e-07
286.0,1.4699751895672455e-08,1.4709962817568668e-08,-29.999998259572422,-29.99999825951911,-9.425138203745066e-10,-9.42441201915013e-10,-1.4475392045760198e-07,-1.4475379045576107e-07
286.25,1.4465486819797043e-08,1.4475715906727616e-08,-29.99999829540009,-29.99999829534673,-9.313346778197522e-10,-9.312619759976307e-10,-1.418673624359119e-07,-1.4186723239296826e-07
286.5,1.4234220611128184e-08,1.4244467883938863e-08,-29.99999833050612,-29.999998330452712,-9.185228828820195e-10,-9.184500976565578e-10,-1.389808111999057e-07,-1.3898068111581217e-07
286.75,1.4006361432636225e-08,1.4016626912182937e-08,-29.999998364890512,-29.999998364837058,-9.040784365862715e-10,-9.040055679167101e-10,-1.3609426767314737e-07,-1.3609413754785672e-07
287.0,1.3782317447018942e-08,1.3792601154167813e-08,-29.99999839855327,-29.99999839849977,-8.880013400880821e-10,-8.879283879336148e-10,-1.3320773277920024e-07,-1.3320760261266528e-07
287.25,1.3561621057746755e-08,1.3571923013374118e-08,-29.99999843152312,-29.999998431469574,-8.773193341883588e-10,-8.772462985081325e-10,-1.3055103211310492e-07,-1.305509019052784e-07
287.5,1.334378299983816e-08,1.3354103224830566e-08,-29.9999984638288,-29.999998463775206,-8.651346893317998e-10,-8.650615700849148e-10,-1.2789433791469844e-07,-1.278942076655331e-07
287.75,1.3129178932913019e-08,1.313951744816725e-08,-29.999998495470305,-29.999998495416666,-8.514474064931962e-10,-8.51374203638706e-10,-1.2523765103399834e-07,-1.2523752074344694e-07
288.0,1.2918184516332476e-08,1.2928541342755557e-08,-29.99999852644764,-29.999998526393952,-8.362574867675491e-10,-8.361842002644605e-10,-1.2258097232102163e-07,-1.225808419890368e-07
288.25,1.2710365734316044e-08,1.2720740892825254e-08,-29.999998556787254,-29.99999855673352,-8.260622773726786e-10,-8.259889071799512e-10,-1.2013587382798942e-07,-1.2013574345452387e-07
288.5,1.2505268623606363e-08,1.2515662135129245e-08,-29.99999858651559,-29.99999858646181,-8.144841164587113e-10,-8.14410662535258e-10,-1.1769078149342086e-07,-1.1769065107842727e-07
288.75,1.2303238921969725e-08,1.2313650807444103e-08,-29.99999861563266,-29.99999861557883,-8.015230049519199e-10,-8.014494672566069e-10,-1.1524569609962835e-07,-1.1524556564305935e-07
289.0,1.210462236692703e-08,1.2115052647301013e-08,-29.999998644138454,-29.999998644084577,-7.871789438892124e-10,-7.871053223808588e-10,-1.1280061842892372e-07,-1.1280048793073191e-07
289.25,1.1909016115548082e-08,1.1919464811780084e-08,-29.999998672057327,-29.999998672003404,-7.774589381770228e-10,-7.77385232814401e-10,-1.1055031068515964e-07,-1.105501801452976e-07
289.5,1.1715998962287498e-08,1.1726466095346245e-08,-29.999998699413624,-29.999998699359654,-7.664661590803939e-10,-7.663923698222289e-10,-1.0830000879988156e-07,-1.0829987821830184e-07
289.75,1.1525889100383578e-08,1.153637469124812e-08,-29.999998726207345,-29.99999872615333,-7.542006074787684e-10,-7.541267342837385e-10,-1.0604971349307594e-07,-1.0604958286973105e-07
290.0,1.1339004722842035e-08,1.1349508792501758e-08,-29.999998752438493,-29.999998752384432,-7.406622843534097e-10,-7.405883271801464e-10,-1.0379942548472871e-07,-1.0379929481957118e-07
290.25,1.1154971925194077e-08,1.1165494494648715e-08,-29.99999877812948,-29.999998778075373,-7.314048714264009e-10,-7.313308302334882e-10,-1.0172842739084517e-07,-1.0172829668382748e-07
290.5,1.0973399899798709e-08,1.0983940990058356e-08,-29.99999880330272,-29.999998803248566,-7.209761064639363e-10,-7.209019812099117e-10,-9.965743486508051e-08,-9.965730411615512e-08
290.75,1.0794581484562456e-08,1.0805141116647579e-08,-29.999998827958212,-29.99999882790401,-7.093759903003381e-10,-7.093017809436916e-10,-9.758644857004883e-08,-9.758631777916817e-08
291.0,1.0618809517171551e-08,1.0629387712113e-08,-29.99999885209596,-29.99999885204171,-6.966045238636356e-10,-6.965302303628101e-10,-9.551546916836375e-08,-9.551533833548024e-08
291.25,1.0445736958026978e-08,1.0456333736865996e-08,-29.99999887573659,-29.999998875682294,-6.877962835429265e-10,-6.877219058563179e-10,-9.36095253374865e-08,-9.360939446255253e-08
291.5,1.027500120824464e-08,1.0285616592032876e-08,-29.999998898900735,-29.999998898846393,-6.779100490904001e-10,-6.778355871763574e-10,-9.170358679423327e-08,-9.17034558772012e-08
291.75,1.0106871766260419e-08,1.0117505776059947e-08,-29.999998921588396,-29.999998921534008,-6.669458212969764e-10,-6.668712751138011e-10,-8.979765414840716e-08,-8.979752318922933e-08
292.0,9.941618130301695e-09,9.952270787185013e-09,-29.999998943799575,-29.99999894374514,-6.549036010398141e-10,-6.548289705457606e-10,-8.789172800981081e-08,-8.789159700843954e-08
292.25,9.778918201097859e-09,9.78958952614791e-09,-29.999998965553264,-29.99999896549878,-6.46530489046815e-10,-6.464557742000905e-10,-8.61377122794434e-08,-8.6137581235831e-08
292.5,9.61843555752139e-09,9.629125571831572e-09,-29.999998986868448,-29.999998986813917,-6.371653161391287e-10,-6.370905168978932e-10,-8.438370156624975e-08,-8.438357048034849e-08
292.75,9.460418214708961e-09,9.471126939383136e-09,-29.99999900774513,-29.99999900769055,-6.268080830659905e-10,-6.267331993883567e-10,-8.262969643142202e-08,-8.262956530318413e-08
293.0,9.305114187600013e-09,9.31584164375252e-09,-29.999999028183314,-29.999999028128684,-6.15458790656e-10,-6.153838225000332e-10,-8.087569743615188e-08,-8.087556626552959e-08
293.25,9.152224530894136e-09,9.162970739649805e-09,-29.999999048200475,-29.999999048145796,-6.075063022887249e-10,-6.074312496124434e-10,-7.926152402479322e-08,-7.926139281173873e-08
293.5,9.001437116779356e-09,9.01220209927352e-09,-29.99999906781409,-29.999999067759365,-5.986408500393365e-10,-5.985657128007111e-10,-7.76473553702967e-08,-7.76472241147622e-08
293.75,8.852980186139069e-09,8.86376396351757e-09,-29.999999087024168,-29.999999086969392,-5.88862434617093e-10,-5.887872127740469e-10,-7.603319198911062e-08,-7.603306069104825e-08
294.0,8.70708197967022e-09,8.71788457308943e-09,-29.999999105830703,-29.99999910577588,-5.781710568042887e-10,-5.780957503146981e-10,-7.441903439768282e-08,-7.441890305704471e-08
294.25,8.563465047845877e-09,8.574286478472702e-09,-29.999999124249786,-29.999999124194918,-5.706243709067788e-10,-5.705489797284722e-10,-7.293357578120527e-08,-7.293344439794352e-08
294.5,8.421839807632651e-09,8.432680096644546e-09,-29.999999142297504,-29.99999914224259,-5.622375240215806e-10,-5.621620481123394e-10,-7.144812167144258e-08,-7.144799024550928e-08
294.75,8.282416299194994e-09,8.293275467779974e-09,-29.99999915997386,-29.9999991599189,-5.53010516819664e-10,-5.529349561372219e-10,-6.996267254365966e-08,-6.996254107500686e-08
295.0,8.145404562521212e-09,8.156282631877866e-09,-29.999999177278855,-29.99999917722385,-5.429433500392112e-10,-5.428677045412544e-10,-6.8477228873121e-08,-6.847709736170074e-08
295.25,8.010547104503975e-09,8.021444095841476e-09,-29.999999194227296,-29.999999194172243,-5.357874552313721e-10,-5.357117248755395e-10,-6.711024026263996e-08,-6.711010870840426e-08
295.5,7.877575264314535e-09,7.888491198852653e-09,-29.99999921083399,-29.999999210778892,-5.278584075174061e-10,-5.27782592261289e-10,-6.57432559188572e-08,-6.574312432175803e-08
295.75,7.746682330101418e-09,7.757617229070531e-09,-29.99999922709894,-29.999999227043794,-5.191562075316595e-10,-5.190803073328016e-10,-6.437627627913229e-08,-6.43761446391216e-08
296.0,7.618061589846835e-09,7.629015474487938e-09,-29.999999243022145,-29.99999924296695,-5.096808559703302e-10,-5.096048707862277e-10,-6.300930178082438e-08,-6.300917009785413e-08
296.25,7.491474077764996e-09,7.50244696932972e-09,-29.999999258617233,-29.999999258561992,-5.029006606833854e-10,-5.028245904714869e-10,-6.175135145019253e-08,-6.175121972421463e-08
296.5,7.36667054948231e-09,7.377662469232923e-09,-29.999999273897835,-29.999999273842548,-4.954089856722686e-10,-4.953328303899749e-10,-6.049340515628836e-08,-6.04932733872547e-08
296.75,7.2438288748560845e-09,7.254839844065516e-09,-29.99999928886395,-29.999999288808617,-4.872058315363365e-10,-4.87129591141001e-10,-5.923546330158393e-08,-5.923533148944639e-08
297.0,7.123126923586675e-09,7.1341569635385205e-09,-29.99999930351558,-29.9999993034602,-4.782911989318637e-10,-4.782148733807922e-10,-5.7977526288550964e-08,-5.797739443326139e-08
297.25,7.004342930407572e-09,7.0153920623961075e-09,-29.999999317865267,-29.99999931780984,-4.718716268063121e-10,-4.717952160567625e-10,-5.6819931274328835e-08,-5.681979937583905e-08
297.5,6.88724567000878e-09,6.898313915338973e-09,-29.999999331925558,-29.999999331870086,-4.6479733677933333e-10,-4.647208407885161e-10,-5.5662340076781354e-08,-5.5662208135043144e-08
297.75,6.771998821796002e-09,6.7830862017835234e-09,-29.99999934569645,-29.999999345640934,-4.570683294168939e-10,-4.5699174814197164e-10,-5.450475306627139e-08,-5.450462108123653e-08
298.0,6.6587660650269015e-09,6.669872600998137e-09,-29.99999935917795,-29.999999359122384,-4.48684605337337e-10,-4.486079387354245e-10,-5.3347170613161475e-08,-5.33470385847817e-08
298.25,6.5473416030562904e-09,6.558467316348353e-09,-29.999999372381595,-29.999999372325984,-4.426106774952977e-10,-4.4253392552346195e-10,-5.228193759186341e-08,-5.2281805520090444e-08
298.5,6.437510932724518e-09,6.448655844685259e-09,-29.999999385318933,-29.999999385263276,-4.3593427231163936e-10,-4.358574349268996e-10,-5.1216708176939076e-08,-5.121657606172461e-08
298.75,6.329424673301225e-09,6.340588805289249e-09,-29.999999397989964,-29.99999939793426,-4.286553903204978e-10,-4.2857846747982535e-10,-5.0151482709199734e-08,-5.015135055049545e-08
299.0,6.223233443916495e-09,6.234416817301169e-09,-29.99999941039469,-29.999999410338937,-4.2077403210420655e-10,-4.2069702376452494e-10,-4.9086261529456334e-08,-4.908612932721387e-08
299.25,6.11874627273433e-09,6.129948908895795e-09,-29.999999422543734,-29.999999422487935,-4.1503093751037585e-10,-4.149538436285607e-10,-4.810603224517685e-08,-4.8105899999347826e-08
299.5,6.015764175062969e-09,6.0269860953921545e-09,-29.99999943444772,-29.999999434391874,-4.087334440980497e-10,-4.086562646309288e-10,-4.712580636652572e-08,-4.7125674077061744e-08
299.75,5.9144257505449814e-09,5.925666976443615e-09,-29.99999944610665,-29.999999446050758,-4.0188155237105123e-10,-4.018042872754043e-10,-4.6145584207117014e-08,-4.614545187396965e-08
300.0,5.8148695986914376e-09,5.826130151572059e-09,-29.999999457520524,-29.999999457464586,-3.9447526287755507e-10,-3.94397912110114e-10,-4.516536608056448e-08,-4.516523370368528e-08
