time_s,x_m,y_m,vx_mps,vy_mps
0.0,-6.988,-70.0,-0.02,0.0
0.25,-6.9923758384912755,-69.99999870348427,-0.015006707696823864,9.901355501232253e-06
0.5,-6.995503353748369,-69.99999528470745,-0.010013414193120023,1.6978088442301547e-05
0.75,-6.997382545521081,-69.99999044982529,-0.005020119888348995,2.123019825707345e-05
1.0,-6.998013413659076,-69.9999849049936,-2.6825181971358407e-05,2.26576846053817e-05
1.25,-6.997979559918278,-69.99974778255881,0.00029782968681488887,0.0018742911850436986
1.5,-6.997864411527529,-69.99904777473009,0.0006235320132989741,0.0037257407373698726
1.75,-6.997667706625659,-69.99788492756852,0.0009502817714249049,0.005577005749061915
2.0,-6.997389183358025,-69.99625928728332,0.0012780789350528945,0.0074280856276126
2.25,-6.99702965324638,-69.99417363175789,0.001598334458793111,0.009257128382105816
2.5,-6.996589929879352,-69.99163073821362,0.0019196249738459798,0.011085989680649059
2.75,-6.996069754512323,-69.98863065208769,0.0022419504545084508,0.012914668937772267
3.0,-6.995468868407113,-69.98517341896365,0.002565310874994677,0.014743165568019941
3.25,-6.994788063900501,-69.98126177819363,0.0028812956296723567,0.016549930800845207
3.5,-6.994028135367455,-69.97689846848291,0.0031983030822322436,0.01835651699710046
3.75,-6.993188827136676,-69.97208353466297,0.0035163332073139294,0.020162923578269733
4.0,-6.9922698835432096,-69.96681702170989,0.003835385979475193,0.021969149965851423
4.25,-6.991272080063215,-69.96110163593467,0.004147210288001859,0.023753906836885
4.5,-6.990196194186493,-69.95494008301475,0.004460045149130751,0.025538487028278795
4.75,-6.989041973278019,-69.94833240719149,0.004773890537835268,0.027322889968387123
5.0,-6.987809164709037,-69.94127865284915,0.005088746429007963,0.02910711508557848
5.25,-6.986498529105464,-69.93378149801293,0.00539650482395284,0.030870094588506515
5.5,-6.985110829085894,-69.92584362008624,0.005705261752885311,0.03263289971521367
5.75,-6.983645815019914,-69.91746506273374,0.006015017191105005,0.0343955299008529
6.0,-6.982103237283299,-69.9086458697613,0.0063257711138316715,0.036157984580591156
6.25,-6.980483843389359,-69.8993886950246,0.006629544476968925,0.03789938467299044
6.5,-6.978788382826196,-69.88969619176801,0.006934304463546352,0.03964061264680371
6.75,-6.977016608940999,-69.87956840309091,0.007240051049183337,0.04138166794392143
7.0,-6.975168275087057,-69.86900537223227,0.007546784209420333,0.04312255000624787
7.25,-6.973244117165837,-69.85800973243889,0.007846641629828337,0.0448425400699773
7.5,-6.971244873038406,-69.8465841163556,0.00814747385510836,0.04656236023364702
7.75,-6.969170299006551,-69.83472856652634,0.008449280861194003,0.048282009945832975
8.0,-6.9670201513780885,-69.82244312563292,0.008752062623940886,0.050001488655124736
8.25,-6.964795155737803,-69.80973040939101,0.009048063011050284,0.05170021337297059
8.5,-6.962496039617198,-69.79659303292266,0.009345026462536602,0.05339877037593688
8.75,-6.960122562253149,-69.78303103822466,0.00964295295464294,0.05509715911924086
9.0,-6.9576744828884785,-69.76904446743005,0.009941842463535354,0.05679537905811325
9.25,-6.955152517908046,-69.75463592138155,0.01023403594686386,0.058472961781717354
9.5,-6.952557385632551,-69.7398080003357,0.01052718082013653,0.06015037894724592
9.75,-6.949888848217437,-69.72456074574929,0.010821277059901949,0.06182763001652015
10.0,-6.94714666782402,-69.70889419921363,0.011116324642632592,0.06350471445137452
10.25,-6.944331552599264,-69.6928109489923,0.011404753785878002,0.06516126012593557
10.5,-6.9414442126168145,-69.67631358276944,0.01169412270033256,0.06681764237513177
10.75,-6.93848441293676,-69.65940214146782,0.011984431362846925,0.06847386066735678
11.0,-6.935451918624989,-69.64207666614314,0.012275679750196578,0.07012991447101734
11.25,-6.932347430418461,-69.62433973445731,0.01256038060381068,0.0717655121739194
11.5,-6.9291716509731485,-69.60619392349894,0.01284600965666092,0.07340094856376095
11.75,-6.925924348242099,-69.58763927366194,0.013132566885897144,0.07503622311548161
12.0,-6.922605290184079,-69.56867582547146,0.013420052268594943,0.07667133530403397
12.25,-6.919215170837722,-69.54930614769091,0.013701055281864256,0.07828606044727812
12.5,-6.915754686154288,-69.529532808516,0.013982974961462644,0.0799006263725304
12.75,-6.912223606970011,-69.50935584781602,0.014265811284836704,0.08151503256125432
13.0,-6.908621704126775,-69.48877530558995,0.014549564229359697,0.08312927849492617
13.25,-6.904949665575919,-69.46779374316787,0.014826895040316727,0.08472319473487777
13.5,-6.901208181176128,-69.44641372131731,0.015105131017140663,0.08631695383739395
13.75,-6.897397024638715,-69.42463527938665,0.015384272137572793,0.08791055529044374
14.0,-6.893515969680569,-69.40245845685223,0.015664318379281988,0.0895039985820088
14.25,-6.8895656986896725,-69.37988580886984,0.015937998498413156,0.09107715947441909
14.5,-6.885546895957017,-69.35691989003746,0.01621257230970452,0.09265016529777471
14.75,-6.881459338062304,-69.33356073918553,0.016488039791190345,0.0942230155465351
15.0,-6.877302801590741,-69.30980839527089,0.01676440092083339,0.09579570971517216
15.25,-6.8730779638155575,-69.28566540835538,0.017034448322492936,0.09734816014857964
15.5,-6.868785503909468,-69.2611343279475,0.017305377964478945,0.0989004575711392
15.75,-6.864425201315098,-69.23621519236231,0.017577189825117214,0.10045260148378835
16.0,-6.8599968354805005,-69.21090804003968,0.017849883882662957,0.10200459138747683
16.25,-6.855501078947649,-69.18521541687338,0.018116313516308137,0.10353636882385739
16.5,-6.850938606155167,-69.15913986820786,0.01838361395613499,0.10506799529913513
16.75,-6.846309199404183,-69.13268143184496,0.018651785180759647,0.10659947032071558
17.0,-6.841612641001176,-69.10584014570969,0.018920827168728564,0.10813079339601638
17.25,-6.8368495990841165,-69.07861855231981,0.019183651400526594,0.1096419289438496
17.5,-6.8320207436854,-69.05101919364763,0.01944733501847055,0.1111529155733258
17.75,-6.827125859961127,-69.02304210698351,0.019711878001465895,0.11266375279831053
18.0,-6.822164733072676,-68.99468732973935,0.01997728032834935,0.11417444013268133
18.25,-6.8171380270327475,-68.96595740173343,0.020236509322341896,0.11566495947437168
18.5,-6.812046407746743,-68.93685486224228,0.020496586293495933,0.11715533193469806
18.75,-6.806889663222971,-68.9073797480462,0.020757511221005453,0.1186455570339798
19.0,-6.801667581474951,-68.87753209604537,0.021019284083996618,0.12013563429254805
19.25,-6.796380822626992,-68.84731444393539,0.02127492613081776,0.12160555848531822
19.5,-6.791030048694823,-68.81672932887349,0.021531404754260505,0.12307533782902519
19.75,-6.785615050536854,-68.78577678713108,0.021788719933806718,0.1245449718504373
20.0,-6.780135619016628,-68.7544568550979,0.022046871648871334,0.12601446007633454
20.25,-6.7745924105709046,-68.72277206883739,0.022298933448977355,0.12746380624324663
20.5,-6.768986083526946,-68.69072496387798,0.022551820431392002,0.12891300958960417
20.75,-6.763316431591702,-68.6583155759832,0.022805532575884465,0.13036206964862102
21.0,-6.7575832484771885,-68.6255439410332,0.023060069862157924,0.13181098595352247
21.25,-6.751787187102431,-68.59241259387568,0.02330855676962301,0.13323976787913638
21.5,-6.745928902276349,-68.55892406882656,0.023557857469428446,0.1346684090096745
21.75,-6.74000819055335,-68.52507840114214,0.023807971941630323,0.1360969088847937
22.0,-6.734024848492835,-68.49087562619383,0.024058900166219636,0.13752526704416215
22.25,-6.72797952563924,-68.45631827796602,0.024303816398363157,0.13893349568746363
22.5,-6.721872873426561,-68.42140888991442,0.02454953503563014,0.1403415855587816
22.75,-6.715704691255971,-68.38614749678877,0.02479605605836323,0.14174953620421443
23.0,-6.709474778533568,-68.35053413345227,0.025043379446840902,0.14315734716987158
23.25,-6.70318378154945,-68.31457133332354,0.025284728264265123,0.1445450311054676
23.5,-6.69683234848316,-68.27826162929543,0.02552686810100246,0.14593257829032752
23.75,-6.690420281582289,-68.24160505561154,0.025769798937681873,0.14731998827699036
24.0,-6.6839473830992775,-68.20460164662738,0.026013520754869037,0.14870726061800615
24.25,-6.677414296170502,-68.16725393544594,0.02625130461588744,0.15007440641516034
24.5,-6.670821665821853,-68.12956445464738,0.026489868110683858,0.15144141748143516
24.75,-6.664169297147271,-68.09153323796954,0.026729211220173348,0.15280829337581017
25.0,-6.657456995245472,-68.05316031926054,0.026969333925208606,0.15417503365727575
25.25,-6.650685400182908,-68.01444823151745,0.0272035546181237,0.15552164620510966
25.5,-6.64385515391578,-67.97539950721735,0.027438543558608808,0.1568681260409095
25.75,-6.636966064384541,-67.93601417959256,0.02767430072786495,0.1582144727300957
26.0,-6.630017939534356,-67.89629228198409,0.0279108261070317,0.15956068583809946
26.25,-6.623011416431176,-67.85623634745797,0.028141484863266845,0.1608867686242024
26.5,-6.615947134031065,-67.81584890856314,0.028372900479399964,0.16221272071642037
26.75,-6.608824903121361,-67.7751299980266,0.028605072936917945,0.16353854168661558
27.0,-6.601644534494039,-67.73407964868235,0.028838002217247125,0.16486423110666076
27.25,-6.594406662271707,-67.69270039381074,0.02906509980794162,0.1661697864554043
27.5,-6.587111922467559,-67.65099476617767,0.029292942868741137,0.1674752131279764
27.75,-6.579760128716347,-67.60896279800492,0.029521531381418362,0.16878051070268213
28.0,-6.572351094657385,-67.56660452161965,0.02975086532768635,0.17008567875783703
28.25,-6.564885451516644,-67.5239224706363,0.02997440214601852,0.17137070803386706
28.5,-6.55736383241124,-67.4809191781576,0.030198673041999653,0.17265561065121746
28.75,-6.549786053824002,-67.43759467590017,0.03042367799768821,0.17394038619463778
29.0,-6.542151932242254,-67.39394899568438,0.030649416995083924,0.1752250342488878
29.25,-6.534462096033144,-67.34998467155701,0.030869393126287316,0.17648953803054568
29.5,-6.526717175455604,-67.30570423705586,0.031090091939576063,0.1777539171709684
29.75,-6.518916989841321,-67.26110772339236,0.031311513417294386,0.17901817126135175
30.0,-6.511061358526399,-67.2161951618801,0.03153365754172869,0.18028229989290154
30.25,-6.503150907049447,-67.17096908707805,0.0317500728225057,0.18152627811970382
30.5,-6.495186262841559,-67.12543203303889,0.03196719938633557,0.1827701337228088
30.75,-6.487167248084139,-67.07958403046882,0.03218503721584831,0.1840138662998604
31.0,-6.479093684962947,-67.03342511017466,0.032403586293617025,0.18525747544851245
31.25,-6.470966196211958,-66.98695780729182,0.03261644036242718,0.18648092754627013
31.5,-6.462785406458379,-66.94018465645203,0.03282999431149808,0.18770425903807395
31.75,-6.454551140734279,-66.89310568785628,0.03304424812374552,0.18892746952801814
32.0,-6.446263224076005,-66.84572093180451,0.03325920178202933,0.1901505586202066
32.25,-6.437922276431432,-66.79803292405958,0.03346849412153243,0.19135348360689203
32.5,-6.429528919642449,-66.75004419988338,0.03367847493451343,0.1925562900056608
32.75,-6.421082981592785,-66.70175478897153,0.033889144204173986,0.19375897742705966
33.0,-6.4125842901703765,-66.65316472111707,0.03410050191366067,0.19496154548164496
33.25,-6.404033462551007,-66.60427653275023,0.034306231886422955,0.19614394205670033
33.5,-6.3954311178052885,-66.55509275980285,0.03451263892170887,0.19732622206223802
33.75,-6.386777086669652,-66.50561343146516,0.03471972300300597,0.1985083851152597
34.0,-6.378071199884666,-66.45583857702319,0.03492748411374768,0.19969043083277643
34.25,-6.369314071864247,-66.40577073360501,0.035129650992170434,0.20085229745219957
34.5,-6.360506318917977,-66.35541243784299,0.035332483517852814,0.20201404952091678
34.75,-6.35164777463607,-66.30476371842184,0.03553598167456834,0.20317568666238714
35.0,-6.342738272612798,-66.25382460412044,0.03574014544603728,0.20433720850007886
35.25,-6.333778424507283,-66.20259763278746,0.03593874843733739,0.20547854343930647
35.5,-6.324768843875164,-66.1510853417784,0.036138005656220516,0.2066197658470897
35.75,-6.315709367161537,-66.09928775927237,0.036337917086746205,0.2077608753533474
36.0,-6.306599830815488,-66.04720491354101,0.03653848271292165,0.20890187158800744
36.25,-6.297440843745789,-65.99483934316967,0.036733520979881105,0.21002267299434707
36.5,-6.288233016758596,-65.94219358625314,0.03692920205026111,0.21114336388897867
36.75,-6.278976189155013,-65.88926767046479,0.037125525908407286,0.2122639439082835
37.0,-6.269670200240056,-65.8360616235689,0.03732249253861385,0.21338441268865166
37.25,-6.260315656174439,-65.7825779848982,0.037513965216717474,0.2144846786247745
37.5,-6.250913165017136,-65.72881929329748,0.037706069269544645,0.21558483606941597
37.75,-6.241462568926386,-65.67478557593424,0.037898804681727134,0.2166848846654223
38.0,-6.231963710064277,-65.62047686006527,0.03809217143784623,0.2177848240556484
38.25,-6.222417191843983,-65.5658956857769,0.03828007764934201,0.21886455253545078
38.5,-6.212823619577817,-65.51104459267012,0.038468603802301354,0.21994417454449633
38.75,-6.203182838282299,-65.45592360740645,0.038657749881642264,0.22102368973209877
39.0,-6.1934946929777235,-65.40053275673509,0.03884751587223317,0.22210309774758036
39.25,-6.18375978432881,-65.3448745814985,0.039031854737575936,0.223162286765543
39.5,-6.1739787149003,-65.28895162205644,0.03921680210654746,0.22422137133397216
39.75,-6.164151332568133,-65.23276390456432,0.03940235796435207,0.22528035110865166
40.0,-6.154277485211957,-65.1763114552636,0.0395885222961454,0.2263392257453737
40.25,-6.144357770745963,-65.11959681575247,0.03976929294322071,0.2273778733003924
40.5,-6.134392788985247,-65.06262252714905,0.03995066065151683,0.22841641842759564
40.75,-6.124382390666314,-65.00538861510248,0.040132625406524465,0.22945486078923985
41.0,-6.114326426529306,-64.94789510534638,0.04031518719368653,0.23049320004758986
41.25,-6.104225491734895,-64.89014454023183,0.04049238876515638,0.23151130416211743
41.5,-6.0940801833455405,-64.83213946163245,0.04067017595087843,0.23252930787103376
41.75,-6.083890354959453,-64.77387989469105,0.0408485487366298,0.23354721084307067
42.0,-6.073655860178411,-64.71536586463326,0.04102750710814077,0.23456501274696798
42.25,-6.063377291405862,-64.65659991455837,0.04120113876720463,0.2355625714821897
42.5,-6.053055242947914,-64.59758458709076,0.04137534458901247,0.2365600318344791
42.75,-6.042689571265623,-64.53831990686679,0.04155012455962792,0.23755739347904578
43.0,-6.032280132823533,-64.47880589860397,0.0417254786650687,0.23855465609110735
43.25,-6.0218275172636115,-64.41904510614354,0.04189553959989211,0.23953166755877114
43.5,-6.0113323161313605,-64.35904007285455,0.04206616324143949,0.24050858266664202
43.75,-6.000794388751803,-64.29879082286672,0.042237349576061047,0.24148540109641004
44.0,-5.990213594453382,-64.23829738038938,0.04240909859006198,0.24246212252977292
44.25,-5.979590520111925,-64.17756228999843,0.042575588017088696,0.24341858490120813
44.5,-5.968925754507654,-64.11658809580014,0.042742628690340484,0.24437495293643433
44.75,-5.958219159830684,-64.05537482141756,0.042910220596454204,0.24533122632362453
45.0,-5.947470598274474,-63.99392249055166,0.043078363722022596,0.24628740475095928
45.25,-5.936680653943756,-63.93223364850483,0.043241280888355445,0.2472233162637427
45.5,-5.925849912848523,-63.87031084011247,0.04340473783597233,0.2481591354643282
45.75,-5.9149782400450865,-63.80815408849079,0.04356873455179679,0.24909486204737424
46.0,-5.904065500593034,-63.74576341683235,0.04373327102270917,0.2500304957075466
46.25,-5.8931122758208625,-63.68314137115724,0.043892615207717894,0.2509458546702061
46.5,-5.882119148963181,-63.62029049702122,0.044052487704666854,0.25186112334508765
46.75,-5.871085987943601,-63.557210817033585,0.044212888500766344,0.2527763014333377
47.0,-5.8600126606889384,-63.49390235387835,0.04437381758318439,0.25369138863610974
47.25,-5.848899745746199,-63.43036765428417,0.044529588099475395,0.25458619343120287
47.5,-5.837747823569348,-63.366609264518,0.04468587545400127,0.2554809099633281
47.75,-5.826556764950388,-63.30262720668212,0.04484267963425911,0.2563755379401223
48.0,-5.815326440684454,-63.23842150295191,0.045000000627704685,0.2572700770692292
48.25,-5.80405742653176,-63.17399470075522,0.04515219682156788,0.258144326155081
48.5,-5.79275030016032,-63.10934934706085,0.045304898375641216,0.25901848900314595
48.75,-5.781404935231608,-63.04448546346396,0.04545810527770865,0.2598925653275538
49.0,-5.770021205410155,-62.9794030716312,0.045611817515513735,0.260766554842441
49.25,-5.758599683664095,-62.91410471968016,0.04576043876694414,0.2616202467537859
49.5,-5.747140944870191,-62.848592955272,0.045909553896283165,0.2624738544528771
49.75,-5.735644865560455,-62.782867799494696,0.04605916289160169,0.26332737766033937
50.0,-5.724111322269889,-62.71692927350608,0.0462092657409311,0.26418081609680444
50.25,-5.712540885169301,-62.650779926104036,0.046354311463308144,0.26501394944453976
50.5,-5.7009341263389555,-62.58442230563267,0.046499839577058014,0.2658470006058874
50.75,-5.689290925182463,-62.517856432672694,0.046645850070538536,0.2666799693079699
51.0,-5.67761116110635,-62.451082327873024,0.046792342932068964,0.26751285527791635
51.25,-5.665895401478944,-62.38410254070254,0.04693381257156375,0.26832542874814197
51.5,-5.654144215578848,-62.31691962017898,0.04707575311170324,0.26913792205816034
51.75,-5.642357485682319,-62.249533586375684,0.047218164541132264,0.26995033494159415
52.0,-5.630535094068457,-62.1819444594326,0.04736104684845801,0.27076266713207237
52.25,-5.618677605298066,-62.114154789480445,0.047498939883227516,0.2715546794845659
52.5,-5.60678558584303,-62.04616712620147,0.047637292323762424,0.2723466137033292
52.75,-5.5948589208532935,-61.977981489161586,0.04777610415899462,0.27313846952848714
53.0,-5.582897495481567,-61.90959789799169,0.04791537537781925,0.273930246700171
53.25,-5.570901871476213,-61.841018903475444,0.0480496913170374,0.27470169676642436
53.5,-5.558872612497484,-61.77224705595072,0.04818445516303054,0.27547307072570315
53.75,-5.546809606570032,-61.703282374475954,0.04831966690501765,0.27624436832463706
54.0,-5.5347127417212105,-61.634124878172884,0.048455326532181854,0.2770155893098618
54.25,-5.522582576882173,-61.56477711846955,0.048586064914948844,0.2777664759907827
54.5,-5.510419672896761,-61.495241646350834,0.0487172397014281,0.27851728859174657
54.75,-5.4982239206653585,-61.425518480367586,0.04884885088112572,0.2792680268658902
55.0,-5.485995211090976,-61.355607639132366,0.04898089844351288,0.28001869056635614
55.25,-5.473734100282946,-61.28551167470926,0.049108058837677805,0.28074901282972436
55.5,-5.461441146264085,-61.21523313872189,0.04923564412845732,0.28147926304039883
55.75,-5.449116242811516,-61.14477204921347,0.04936365430564469,0.28220944095802547
56.0,-5.436759283704915,-61.07412842428732,0.049492089358999174,0.28293954634225604
56.25,-5.424370822227351,-61.00330481663562,0.04961567135992436,0.28364930322000725
56.5,-5.411951413576159,-60.932303778512754,0.04973966674636742,0.2843589900725579
56.75,-5.399500954406201,-60.86112532745426,0.049864075508408795,0.2850686066660655
57.0,-5.3870193413748195,-60.78976948105412,0.04998889763609586,0.2857781527666932
57.25,-5.374507124934535,-60.71823879262503,0.05010890086538708,0.2864673433520902
57.5,-5.361964857452922,-60.646535815044544,0.050229305965134675,0.287156465939995
57.75,-5.349392438463568,-60.574660565340444,0.05035011292570632,0.28784552030307897
58.0,-5.336789767502474,-60.502613060597355,0.05047132173743751,0.2885345062140189
58.25,-5.324157392187505,-60.430395854741185,0.050587745841659155,0.2892031296587617
58.5,-5.311495862052355,-60.35801150126544,0.05070456029734361,0.2898716871339218
58.75,-5.298805079510323,-60.285460016690095,0.05082176509514579,0.29054017841868657
59.0,-5.286084946977053,-60.212741417590365,0.05093936022568939,0.29120860329224857
59.25,-5.273336009231813,-60.139858258498506,0.05105220487508061,0.29185665880356376
59.5,-5.260558812970466,-60.06681309351704,0.05116542835304007,0.29250465037339335
59.75,-5.247753263487001,-59.99360593865813,0.051279030650509955,0.29315257778744286
60.0,-5.234919266077676,-59.92023680998749,0.051393011758402156,0.29380044083142304
60.25,-5.222057362679387,-59.84670826263723,0.051502276645606644,0.2944279276691649
60.5,-5.2091680971463905,-59.77302285131235,0.05161190883461323,0.2950553525936933
60.75,-5.196251377654329,-59.699180591517134,0.05172190831665142,0.29568271539723406
61.0,-5.183307112381046,-59.6251814988078,0.05183227508292131,0.2963100158720182
61.25,-5.170335840417451,-59.55102812891007,0.0519379599217407,0.29691693334580965
61.5,-5.157338102772576,-59.476723037125296,0.05204400053175238,0.2975237909348225
61.75,-5.144313810504683,-59.40226623844983,0.05215039690447314,0.2981305884378054
62.0,-5.1312628746741575,-59.32765774793034,0.05225714903139134,0.29873732565351163
62.25,-5.118185831522472,-59.25290012188035,0.05235925355557022,0.2993236731199438
62.5,-5.105083219209975,-59.177995916191726,0.05246170231651414,0.2999099627301841
62.75,-5.091954951678501,-59.10294514535284,0.05256449530602726,0.30049619428950597
63.0,-5.078800942871934,-59.027747823900775,0.052667632515886194,0.3010823676031873
63.25,-5.065621726179009,-58.95240650873138,0.05276615647793473,0.30164814446309657
63.5,-5.052417836908087,-58.87692375632152,0.052865013138528406,0.30221386549554186
63.75,-5.039189191885524,-58.80129958065158,0.052964202489758756,0.30277953051232337
64.0,-5.02593570793965,-58.72553399574901,0.0530637245236907,0.3033451393252458
64.25,-5.01265791560331,-58.64962955908681,0.053158667693749155,0.3038903450210787
64.5,-4.999356347329729,-58.57358882772169,0.05325393202036353,0.3044354969183065
64.75,-4.986030922830718,-58.49741181512602,0.05334951749591273,0.30498059483525847
65.0,-4.972681561819999,-58.42109853481757,0.053445424112749974,0.3055256385902681
65.25,-4.95930879197152,-58.34465154484164,0.0535367862774986,0.30605027260354434
65.5,-4.945913142880349,-58.26807340282994,0.05362845805306645,0.30657485484719604
65.75,-4.932494537144698,-58.19136412174678,0.05372043943211983,0.3070993851460837
66.0,-4.919052897364613,-58.11452371460023,0.05381273040730028,0.30762386332507186
66.25,-4.9055887483522715,-58.03755474000335,0.05390051136891639,0.30812792517395066
66.5,-4.89210261684171,-57.96045975615831,0.053988590391888074,0.30863193728229854
66.75,-4.87859442831847,-57.8832387755213,0.05407696746916906,0.30913589948150916
67.0,-4.865064108269857,-57.805891810590694,0.05416564259368923,0.30963981160298015
67.25,-4.851512178643531,-57.728421420543036,0.05424984216885284,0.31012330083993506
67.5,-4.83793916330975,-57.650830164146676,0.054334328252200643,0.3106067423655574
67.75,-4.824344990642314,-57.57311805334971,0.054419100836973794,0.3110901360177762
68.0,-4.810729589016711,-57.49528510014075,0.05450415991639054,0.31157348163452425
68.25,-4.7970934775134655,-57.41733386425582,0.05458477793533895,0.3120363978441285
68.5,-4.783437177136432,-57.33926690502552,0.054665670905610426,0.3124992683716956
68.75,-4.76976061914859,-57.261084233889775,0.05474683882073356,0.3129620930616921
69.0,-4.7560637348145365,-57.182785862327435,0.05482828167421497,0.3134248717585879
69.25,-4.742347040345152,-57.10437435063031,0.05490531797984632,0.31386721455540995
69.5,-4.728611053875382,-57.02585225868745,0.054982617676266624,0.3143095136995801
69.75,-4.714855709558302,-56.94721959743065,0.055060180757291965,0.3147517690421044
70.0,-4.701080941548536,-56.86847637782895,0.05513800721671734,0.3151939804339924
70.25,-4.687287263184928,-56.78962516072645,0.05521146166374239,0.3156157494606023
70.5,-4.673475189731115,-56.71066850656724,0.05528516793736504,0.31603747686402883
70.75,-4.659644658231186,-56.631606425774905,0.055359126031688834,0.31645916250181966
71.0,-4.645795605730704,-56.55243892880867,0.05543333594079717,0.31688080623152565
71.25,-4.631928542694188,-56.4731685770617,0.05550320839493856,0.31728200115660965
71.5,-4.618043981511673,-56.39379793152983,0.055573321107843555,0.3176831564880559
71.75,-4.60414186211917,-56.314327002128465,0.05564367407390318,0.3180842720899556
72.0,-4.590222124454095,-56.234755798806965,0.05571426728748924,0.31848534782640314
72.25,-4.576285276104442,-56.15508688350456,0.0557805576247269,0.31886596834298536
72.5,-4.562331826584456,-56.07532281776581,0.05584707664926515,0.3192465512955466
72.75,-4.548361718722977,-55.9954636109979,0.055913824355782515,0.31962709655472366
73.0,-4.534374895350178,-55.91550927264034,0.05598080073893922,0.3200076039911565
73.25,-4.520371861175434,-55.83546236517556,0.05604350884480034,0.32036764981492355
73.5,-4.506353122835093,-55.755325450694066,0.05610643406288274,0.32072766010435205
73.75,-4.492318626051728,-55.67509853809481,0.05616957638815243,0.32108763473662666
74.0,-4.478268316549173,-55.59478163630742,0.05623293581555808,0.3214475735889349
74.25,-4.464202696156171,-55.514377308354916,0.0562920615844503,0.32178704445666023
74.5,-4.450122268629155,-55.43388811687113,0.05635139288687999,0.32212648181979026
74.75,-4.436026982585333,-55.35331407024675,0.05641092971810068,0.3224658855620594
75.0,-4.421916786643103,-55.27265517690152,0.056470672073349465,0.32280525556720485
75.25,-4.407792179748641,-55.19191400039663,0.05652621540793538,0.32312415123527005
75.5,-4.393653662776531,-55.11109310390679,0.05658195269378143,0.32344301542853926
75.75,-4.3795011872395175,-55.03019249531441,0.056637883926428684,0.32376184803729874
76.0,-4.365334704651457,-54.94921218252933,0.05669400910140267,0.3240806489518373
76.25,-4.351154711074103,-54.86815472964864,0.05674596991201373,0.3243789691948455
76.5,-4.336961704498335,-54.787022700385656,0.056798113088024314,0.3246772599929087
76.75,-4.322755639333323,-54.705816102114525,0.056850438625263,0.32497552124286705
77.0,-4.308536469989285,-54.624534942235165,0.05690294651954377,0.32527375284156307
77.25,-4.294304689641761,-54.543181785378444,0.05695132472363208,0.32555149745103995
77.5,-4.280060793396139,-54.46175919579423,0.05699987370368548,0.32582921464547066
77.75,-4.265804738558913,-54.38026718034835,0.057048593455820064,0.3261069043282512
78.0,-4.251536482437548,-54.29870574593079,0.05709748397613829,0.3263845664027797
78.25,-4.23725651531966,-54.217077457704285,0.057142279497764,0.32664173518595907
78.5,-4.2229653294234195,-54.135384880453245,0.057187234202355344,0.32689887858403505
78.75,-4.208662884953535,-54.05362802053521,0.057232348086315964,0.3271559965069614
79.0,-4.194349142115614,-53.971806884330206,0.05727762114603678,0.32741308886469417
79.25,-4.180024588307687,-53.889924037531,0.057318833915389576,0.3276496816433833
79.5,-4.165689712859052,-53.80798204545478,0.0573601942711517,0.3278862510669523
79.75,-4.15134447887352,-53.72598091395075,0.05740170221001435,0.3281227970519148
80.0,-4.13698884945573,-53.643920648889,0.05744335772865691,0.3283593195147865
80.25,-4.122623309112527,-53.561803816490645,0.05748098768160955,0.3285753361243064
80.5,-4.1082483442827336,-53.47963298260394,0.057518753620865934,0.32879133140872663
80.75,-4.093863920970153,-53.39740815256978,0.05755665554340481,0.3290073052911228
81.0,-4.079470005179343,-53.315129331748295,0.05759469344619405,0.32922325769457234
81.25,-4.065067078524417,-53.23279908688738,0.05762874052388618,0.32941869798277007
81.5,-4.05065562455218,-53.15041998436483,0.057662911984234226,0.3296141189759229
81.75,-4.0362356121673075,-53.067992029013205,0.05769720782450448,0.3298095206036704
82.0,-4.021807010275163,-52.98551522568264,0.057731628041953295,0.3300049027956537
82.25,-4.0073702975956325,-52.902992141646415,0.0577620921904039,0.3301797666219815
82.5,-3.992925954782005,-52.8204253438104,0.057792669114326824,0.33035461318335074
82.75,-3.978473953640717,-52.737814836498806,0.057823358811275934,0.33052944241596693
83.0,-3.9640142659788196,-52.655160624051796,0.057854161278796064,0.3307042542560369
83.25,-3.949547367620524,-52.572465274266655,0.0578810424485427,0.3308585414906955
83.5,-3.9350737363241524,-52.489731354576016,0.05790802478304832,0.33101281349051087
83.75,-3.9205933467987837,-52.40695886879574,0.05793510828015437,0.3311670701982564
84.0,-3.906106173754039,-52.324147820756,0.057962292937694185,0.33132131155670674
84.25,-3.8916126901170505,-52.24130077877685,0.05798559108345742,0.33145502207984723
84.5,-3.8771133707497674,-52.15842031081645,0.058008978779742176,0.3315887193982864
84.75,-3.8626081932647924,-52.075506420182315,0.05803245602467746,0.33172240346136755
85.0,-3.8480971352751983,-51.9925591101946,0.0580560228163851,0.331856074218435
85.25,-3.833580666809672,-51.90958094969503,0.05807573789675675,0.33196920791941775
85.5,-3.819059259832424,-51.82657450716611,0.05809553090989345,0.33208233044586555
85.75,-3.8045328948604604,-51.74353978540698,0.05811540185421179,0.33219544175369353
86.0,-3.7900015524111854,-51.660476787227815,0.0581353507281221,0.3323085417988178
86.25,-3.7754656996135134,-51.57738808199091,0.05815148270527545,0.3324010985755234
86.5,-3.76092580553259,-51.494276238702085,0.058167680993923165,0.3324936462078828
86.75,-3.746381853590702,-51.411141259652126,0.05818394559276941,0.332586184658385
87.0,-3.7318338272104636,-51.32798314714118,0.05820027650051303,0.33267871388951986
87.25,-3.717282190619725,-51.24480447105114,0.05821282533993388,0.33275069364770893
87.5,-3.7027274099832708,-51.16160780091017,0.05822542886606864,0.332822666291761
87.75,-3.688169471629549,-51.07839313850068,0.05823808707790902,0.332894631790741
88.0,-3.673608361887259,-50.9951604856128,0.058250799974442366,0.3329665901137145
88.25,-3.659044542081927,-50.91191241264712,0.058259765644679475,0.3330179927664337
88.5,-3.6444784754767174,-50.82865148965323,0.058268774373344275,0.33306939033524396
88.75,-3.629910151307113,-50.74537771790517,0.05827782615971608,0.3331207827957881
89.0,-3.6153395588087776,-50.66209109868304,0.05828692100307075,0.33317217012370925
89.25,-3.6007671564036823,-50.57879420290531,0.05829230347550426,0.33320299559074074
89.5,-3.5861934044521395,-50.495489601142154,0.05829771737457732,0.3332338180041085
89.75,-3.5716182950975432,-50.412177294159214,0.05830316269985683,0.3332646373460352
90.0,-3.5570418204833967,-50.328857282726574,0.05830863945090717,0.33329545359874363
90.25,-3.542464436126913,-50.24553213827976,0.05831043869953402,0.33330570180609376
90.5,-3.5278865994843507,-50.16220443190881,0.05831225773951384,0.3333159489900411
90.75,-3.5133083056078895,-50.078874163870964,0.0583140965707011,0.33332619513939
91.0,-3.4987295495497457,-49.995541334426264,0.0583159551929487,0.33333644024294506
91.25,-3.484150783921198,-49.91220851552662,0.05831417119418372,0.3333261111223707
91.5,-3.469572463273273,-49.82887827878117,0.05831239534798989,0.3333157830086688
91.75,-3.454994585567811,-49.74555062393876,0.05831062765450926,0.3333054558972276
92.0,-3.440417148766614,-49.66222555074941,0.058308868113883264,0.3332951297834351
92.25,-3.4258406025738752,-49.57890563168074,0.05830350084637489,0.3332642232720053
92.5,-3.4112653986342356,-49.495593438860325,0.05829813008916358,0.33323331979773624
92.75,-3.3966915378200664,-49.41228897152862,0.058292755842679005,0.3332024193626019
93.0,-3.3821190210036325,-49.3289922289256,0.058287378107351094,0.3331715219685761
93.25,-3.367548294980908,-49.24570578403398,0.05827842755181075,0.33312003800826534
93.5,-3.352979808489016,-49.16243220949918,0.058269461860803895,0.3330685591154156
93.75,-3.338413565311735,-49.07917150405327,0.05826048103504779,0.3330170852985886
94.0,-3.323849569232662,-48.99592366642617,0.05825148507526088,0.3329656165663455
94.25,-3.309288264138441,-48.91269127011514,0.05823895121430501,0.33289355510365787
94.5,-3.2947300958575694,-48.82947688828287,0.058226390568632096,0.33282150073874234
94.75,-3.280175071086101,-48.746280519153025,0.058213803139246977,0.3327494534867502
95.0,-3.265623196519838,-48.663102160945485,0.05820118892715665,0.33267741336283235
95.25,-3.2510749131350045,-48.57994438767152,0.058185071745160584,0.33258477434845335
95.5,-3.236530663850379,-48.49680977301058,0.0581689161257123,0.3324921444621673
95.75,-3.2219904582751626,-48.413698314677944,0.05815272207010426,0.3323995237257172
96.0,-3.207454306018233,-48.33061001038343,0.05813648957963197,0.3323069121608454
96.25,-3.19292264514432,-48.247547434651835,0.058116789062594626,0.33219369554931966
96.5,-3.178395915661408,-48.164513161678904,0.05809703845188747,0.33208049009621665
96.75,-3.163874130092717,-48.081507188671495,0.05807723774909053,0.331967295829873
97.0,-3.149357300961072,-47.99852951282937,0.058057386955787854,0.3318541127786245
97.25,-3.13484586341865,-47.91558270919043,0.05803410309120676,0.3317203185280582
97.5,-3.120340254561583,-47.83266935246627,0.05801075747325777,0.3315865374662525
97.75,-3.10584048982798,-47.749789439355325,0.05798735010380851,0.3314527696281396
98.0,-3.0913465846554815,-47.66694296654731,0.05796388098473156,0.3313190150486507
98.25,-3.076858971282671,-47.584132509592806,0.05793701376148713,0.331164643120436
98.5,-3.0623780838927837,-47.50136064371883,0.05791007312169811,0.3310102864113268
98.75,-3.0479039408396873,-47.41862736511542,0.05788305906751973,0.33085594496285314
99.0,-3.03343656047671,-47.33593266996222,0.05785597160111311,0.33070161881654364
99.25,-3.0189763721278084,-47.25327913432213,0.05782552100936177,0.33052666917510415
99.5,-3.004523807062296,-47.17066933393721,0.05779498533441224,0.3303517367831219
99.75,-2.990078886550666,-47.0881032644891,0.05776436457870734,0.33017682168872636
100.0,-2.975641631862801,-47.00558092164737,0.05773365874469671,0.33000192394004557
100.25,-2.96121246940702,-46.92310488198689,0.05769962477577215,0.3298063965526012
100.5,-2.9467918275376928,-46.84067772176442,0.05766549405352043,0.32961088844497155
100.75,-2.93237973044281,-46.758299436153195,0.05763126658067197,0.3294153996718877
101.0,-2.9179762023096787,-46.67597002031271,0.05759694235996495,0.32921993028807905
101.25,-2.9035816666299716,-46.59369205132947,0.05755932500628679,0.3290038251244285
101.5,-2.8891965488421136,-46.51146810597465,0.05752159922567859,0.3287877412709555
101.75,-2.8748208760524596,-46.42929817891304,0.05748376502115838,0.3285716787889945
102.0,-2.860454675366609,-46.347182264794085,0.05744582239575289,0.3283556377398783
102.25,-2.846098367358596,-46.26512294121563,0.057404621650742366,0.3281189547721983
102.5,-2.8317523745499047,-46.18312278546294,0.05736330080172636,0.32788229514506345
102.75,-2.817416726966124,-46.10118179169239,0.05732185985201051,0.32764565892641356
103.0,-2.8030914546320145,-46.01929995404336,0.05728029880491007,0.32740904618418665
103.25,-2.788776975202988,-45.93747985062476,0.05723551466291218,0.3271517853868468
103.5,-2.774473708282605,-45.85572405923568,0.05719059873636201,0.3268945499604237
103.75,-2.7601816868165545,-45.77403257352408,0.05714555102885281,0.3266373399794647
104.0,-2.745900943749626,-45.69240538711928,0.057100371543988386,0.32638015551851507
104.25,-2.7316318938176334,-45.61084507864099,0.057052004000199955,0.32610231686790625
104.5,-2.71737495370524,-45.529354226401885,0.05700349298784225,0.3258245056185896
104.75,-2.703130159279103,-45.44793282354149,0.05695483851079612,0.3255467218517218
105.0,-2.6888975464049087,-45.36658086317905,0.056906040572953905,0.3252689656484573
105.25,-2.674677526897909,-45.28530092444489,0.05685408962335719,0.3249705491228342
105.5,-2.6604705145229017,-45.204095586165,0.05680198351770504,0.3246721620288819
105.75,-2.6462765480683803,-45.1229648409705,0.05674972226016591,0.3243738044543684
106.0,-2.6320956663217943,-45.04190868147055,0.05669730585492067,0.3240754764870594
106.25,-2.6179282781768753,-44.96092968730585,0.0566417714962221,0.3237564820663942
106.5,-2.6037747944776,-44.88003043781552,0.05658607029051371,0.32343751910778124
106.75,-2.5896352569351646,-44.79921092512226,0.05653020224225159,0.32311858770560187
107.0,-2.5755097072596485,-44.71847114132516,0.056474167355905144,0.3227996879542349
107.25,-2.5613985514223137,-44.63781366657508,0.0564150495854787,0.32246011562008264
107.5,-2.5473021973453625,-44.55724108072408,0.056355753273620766,0.3221205767783666
107.75,-2.5332206896635605,-44.476753375386444,0.05629627842507502,0.32178107153008334
108.0,-2.519154073010486,-44.396350542151175,0.05623662504459942,0.3214415999762268
108.25,-2.5051027504339856,-44.31603516167914,0.05617392386043451,0.3210814497116017
108.5,-2.4910671269335456,-44.23580981433514,0.056111032436949926,0.3207213349697989
108.75,-2.4770472500683685,-44.155674491225035,0.05604795077917695,0.32036125585843217
109.0,-2.4630431673963944,-44.07562918342776,0.055984678892162076,0.3200012124851125
109.25,-2.4490552790411195,-43.995676472113985,0.05591839429281529,0.31962048427437284
109.5,-2.435083987078376,-43.91581893816113,0.0558519077527949,0.3192397936168434
109.75,-2.421129341992668,-43.836056572166605,0.055785219277419806,0.31885914062675713
110.0,-2.407191394267168,-43.756389364699274,0.05571832887202504,0.31847852541834387
110.25,-2.393270541100087,-43.67681989743949,0.055648460856575765,0.3180772192470868
110.5,-2.379367181642672,-43.59735075177709,0.05557837919563392,0.3176759526594292
110.75,-2.365481369305595,-43.517981917801066,0.055508083894806,0.3172747257762253
111.0,-2.3516131574981247,-43.438713385570196,0.05543757495971558,0.3168735387183259
111.25,-2.3377629404922633,-43.35954773727437,0.055364123527725004,0.3164516545732896
111.5,-2.323931114513744,-43.280487554815714,0.055290446741958474,0.3160298120422435
111.75,-2.3101177359002745,-43.20153282777479,0.05521654460831008,0.3156080112526647
112.0,-2.2963228609880866,-43.1226835457003,0.05514241713269197,0.3151862523320271
112.25,-2.28254688112205,-43.04394229129153,0.05506538228416526,0.31474379020100124
112.5,-2.2687901896014644,-42.96531164696276,0.05498811037011538,0.31430137171435707
112.75,-2.255052845691938,-42.88679160178614,0.05491060139672405,0.3138589970061969
113.0,-2.241334908657531,-42.80838214480028,0.05483285537019194,0.3134166662106194
113.25,-2.227636766915065,-42.730085859213744,0.05475223710554339,0.31295362608236194
113.5,-2.2139588108364876,-42.65190532795287,0.05467137006016119,0.31249063162887847
113.75,-2.2003011026161734,-42.573840539581354,0.054590254240514655,0.3120276829908983
114.0,-2.186663704446878,-42.49589148262774,0.054508889653093,0.311564780309147
114.25,-2.173047001816461,-42.41806074080976,0.05442468797311387,0.3110811621733083
114.5,-2.1594513821686054,-42.340350897565656,0.05434022579372782,0.31059759174263635
114.75,-2.1458769106273183,-42.262761940950725,0.054255503121691785,0.3101140691644896
115.0,-2.132323652314916,-42.18529385898342,0.054170519963783526,0.30963059458622233
115.25,-2.1187919897893863,-42.10794923589054,0.05408273486961242,0.30912639843327394
115.5,-2.105282307565238,-42.03073065562215,0.053994677553898814,0.3086222520158856
115.75,-2.091794673696978,-41.953638105725126,0.053906348023687246,0.3081181554880465
116.0,-2.0783291562373467,-41.876671573707824,0.05381774628604403,0.3076141090037418
116.25,-2.0648861348135576,-41.79983364430602,0.05372637777913951,0.30708933482491235
116.5,-2.0514659910100397,-41.72312690198153,0.05363472532509502,0.3065646124120363
116.75,-2.0380687958126615,-41.646551333772784,0.05354278893124271,0.30603994192573575
117.0,-2.024694620205457,-41.57010692667806,0.05345056860493742,0.3055153235266285
117.25,-2.011343840883958,-41.49379626594202,0.0533556166870529,0.3049699713138437
117.5,-1.9980168365016138,-41.41762193653811,0.05326036909296943,0.3044246728974055
117.75,-1.984713680976522,-41.34158392499635,0.053164825830306774,0.303879428444571
118.0,-1.9714344482248722,-41.26568221780492,0.053068986906708325,0.30333423812259275
118.25,-1.9581795120096197,-41.189919400717294,0.05297045157986875,0.30276830786841985
118.5,-1.9449492480523316,-41.11429805921849,0.05287160884431012,0.3022024334409868
118.75,-1.9317437332041993,-41.038818179330086,0.05277245870793978,0.3016366150141873
119.0,-1.9185630443144353,-40.96347974703019,0.052673001178689685,0.30107085276191076
119.25,-1.9054075522125198,-40.88828534858099,0.0525708824451702,0.3004843444595081
119.5,-1.8922776296872423,-40.813237569979016,0.05246844456695072,0.29989789401423816
119.75,-1.8791733565237536,-40.73833639673741,0.05236568755222621,0.29931150160663345
120.0,-1.866094812505153,-40.66358181432419,0.052262611409217175,0.2987251674172218
120.25,-1.8530423655265529,-40.5889764095102,0.05215690927152332,0.29811808106029214
120.5,-1.8400163854430702,-40.51452276880341,0.05205087624968804,0.29751105459088756
120.75,-1.8270169549746806,-40.44022087720853,0.0519445123521939,0.29690408819618136
121.0,-1.814044156839236,-40.3660707196835,0.051837817587549954,0.29629718206334194
121.25,-1.8010983559965879,-40.29207488350775,0.05172853204839957,0.29566951764608884
121.5,-1.7881799193672903,-40.21823595570062,0.05161890388220608,0.2950419151467527
121.75,-1.7752889326070083,-40.1445539207584,0.05150893309773969,0.2944143747591495
122.0,-1.7624254813692106,-40.07102876312892,0.051398619703797985,0.2937868966770902
122.25,-1.7495899276775997,-39.99766307060018,0.051285750766104365,0.29313865419417884
122.5,-1.736782635517276,-39.92445943070281,0.05117252745500602,0.2924904756595756
122.75,-1.724003693480459,-39.85141782742467,0.051058949779560756,0.2918423612737411
123.0,-1.7112531901571009,-39.778538244703505,0.0509450177488547,0.29119431123713074
123.25,-1.6985314846338662,-39.70582327083581,0.05082856541571122,0.29052549068365097
123.5,-1.6858389379595144,-39.63327549386346,0.05071174695934166,0.28985673610886975
123.75,-1.6731756416636854,-39.56089489726589,0.05059456238909142,0.28918804771989426
124.0,-1.6605416872736778,-39.48868146447077,0.05047701171433521,0.2885194257238264
124.25,-1.6479374309382333,-39.41663778428301,0.05035697598900105,0.2878300270952592
124.5,-1.6353632307688863,-39.344766445255715,0.05023656238715995,0.2871406964757801
124.75,-1.62281918123356,-39.27306743035988,0.05011577091844491,0.28645143407914486
125.0,-1.610305376797765,-39.20154072251309,0.049994601592519186,0.2857622401191037
125.25,-1.597822170671437,-39.13018891102865,0.04987098247840628,0.28505226341129014
125.5,-1.5853699180279996,-39.05901458497082,0.04974697373104626,0.2843423567429532
125.75,-1.572948716274525,-38.988017726802184,0.04962257536035974,0.2836325203344992
126.0,-1.5605586628156014,-38.91719831893022,0.049497787376298515,0.28292275440632875
126.25,-1.5482001079214747,-38.84655895117658,0.04937058487695941,0.2821921996154411
126.5,-1.535873403826576,-38.776102213116665,0.04924298098417389,0.28146171689441774
126.75,-1.5235786508779914,-38.70582808670462,0.04911497570815018,0.28073130647031735
127.0,-1.5113159494202508,-38.63573655383784,0.04898656905912864,0.28000096857019285
127.25,-1.4990856467830305,-38.5658302048463,0.04885578317824543,0.2792498356927088
127.5,-1.4868880922608871,-38.49611162981647,0.048724584140257564,0.2784987769154754
127.75,-1.474723389141786,-38.42658081019407,0.048592971955660876,0.2777477924722059
128.0,-1.4625916407110635,-38.357237727366396,0.04846094663498426,0.27699688259660743
128.25,-1.4504931913569459,-38.28808497217171,0.048326577376358294,0.27622517162928534
128.5,-1.4384283874332366,-38.219125135207534,0.04819178319351062,0.27545353679259926
128.75,-1.4263973351696442,-38.150358197411165,0.0480565640972247,0.2746819783269187
129.0,-1.4144001407931766,-38.0817841396598,0.047920920098317964,0.27391049647260707
129.25,-1.4024371457497309,-38.01340555329995,0.04778296746586043,0.27311820741246395
129.5,-1.3905086934514794,-37.94522502944015,0.0476445781386055,0.27232599651334094
129.75,-1.3786148930707387,-37.87724254850928,0.047505752127624236,0.27153386402226587
130.0,-1.3667558537770526,-37.809458090874436,0.047366489444022636,0.27074181018626026
130.25,-1.3549319140731129,-37.741874248390346,0.04722495344174584,0.269928943030551
130.5,-1.3431434144285825,-37.67449361267655,0.04708296897063744,0.26911615606624456
130.75,-1.3313904669592505,-37.60731616365348,0.046940536042056114,0.26830344954702906
131.0,-1.319673183778061,-37.54034188117815,0.04679765466739641,0.2674908237265862
131.25,-1.3079919004436247,-37.47357335761347,0.04665253529940577,0.26665737847278476
131.5,-1.2963469544822186,-37.40701318508994,0.04650695568509094,0.2658240154407675
131.75,-1.284738460953969,-37.34066134301957,0.046360915836098186,0.2649907348908849
132.0,-1.2731665349160857,-37.27451781074928,0.046214415764110624,0.2641575370834808
132.25,-1.2616315089822216,-37.208585181150156,0.046065713034597326,0.2633035137292625
132.5,-1.2501337177343934,-37.14286604686363,0.04591653827780896,0.2624495746272085
132.75,-1.2386732791779291,-37.07736038679329,0.04576689150567941,0.2615957200443334
133.0,-1.2272503113151678,-37.01206817977595,0.04561677273018033,0.26074195024764496
133.25,-1.2158651438139314,-36.946992019190844,0.045464486643414494,0.259867348790871
133.5,-1.2045181083111012,-36.88213449819031,0.04531171674496453,0.2589928336166399
133.75,-1.1932093257580711,-36.81749559516951,0.04515846304705195,0.2581184049986324
134.0,-1.1819389171031753,-36.75307528845518,0.04500472556193695,0.25724406321052234
134.25,-1.17070720906753,-36.688876171934645,0.044848856122261416,0.25634888364922465
134.5,-1.1595145303420076,-36.624900839271156,0.04469249108303463,0.25545379240084687
134.75,-1.148361004824933,-36.56114926835145,0.0445356304567657,0.254558789745738
135.0,-1.1372467564114994,-36.497621436992155,0.04437827425600339,0.25366387596423967
135.25,-1.126172108875244,-36.43431993958871,0.04421882146782789,0.25274811829660715
135.5,-1.1151373879601585,-36.37124737031524,0.04405886128877602,0.25183245097227025
135.75,-1.1041427205123628,-36.308403706550045,0.0438983937316445,0.25091687427824777
136.0,-1.093188233374773,-36.24578892559967,0.04373741880927063,0.2500013885015515
136.25,-1.0822742473724771,-36.18340562236763,0.04357438267706655,0.2490650527259178
136.5,-1.0714010853017117,-36.12125639153891,0.043410827359203055,0.24812880932395373
136.75,-1.0605688769572574,-36.059341209983366,0.043246752868764476,0.24719265858935024
137.0,-1.0497777521306175,-35.997660054497466,0.04308215921887668,0.24625660081579087
137.25,-1.0390280286975577,-35.93621552049278,0.04291553974717211,0.24529968693062282
137.5,-1.0283200265056898,-35.87501020316514,0.042748389291567275,0.24434286744949682
137.75,-1.017653878299318,-35.814044078875995,0.04258070786543409,0.24338614267277786
138.0,-1.007029716819399,-35.753317123911685,0.04241249548218698,0.2424295129008233
138.25,-0.9964478569915048,-35.69283193419185,0.042242292675562246,0.2414520209047102
138.5,-0.985908615713751,-35.63259110542314,0.0420715470833386,0.24047462534301003
138.75,-0.9754121286808306,-35.57259461345856,0.0419002587191756,0.23949732652276368
139.0,-0.9649585315840166,-35.512842434074386,0.04172842759677619,0.2385201247510043
139.25,-0.9545481363978181,-35.45333716369826,0.04155464145985972,0.23752205464264817
139.5,-0.9441812570699832,-35.394081398547655,0.04138030073218801,0.23652408299907415
139.75,-0.9338580322464582,-35.33507511396717,0.0412054054277082,0.23552621013400105
140.0,-0.9235786005696973,-35.27631828522296,0.04102995556041183,0.23452843636113974
140.25,-0.9133432710622765,-35.21781350925072,0.04085258609787632,0.2335097881393464
140.5,-0.9031523547207068,-35.1595633827787,0.040674650235971575,0.2324912404127027
140.75,-0.8930059931430521,-35.101567880643074,0.04049614798893236,0.2314727935016073
141.0,-0.8829043279238119,-35.043826977599906,0.040317079371038754,0.2304544477264508
141.25,-0.8728476651327598,-34.98634327109288,0.04013612658759765,0.2294152213901215
141.5,-0.8628363128143001,-34.929119358361056,0.03995459559271575,0.2283760975793077
141.75,-0.8528704155194786,-34.87215521373218,0.03977248640091541,0.22733707662108987
142.0,-0.8429501177957052,-34.81545081145221,0.03958979902676525,0.22629815884254026
142.25,-0.8330757227590808,-34.759008749472834,0.039405262927169525,0.22523835439066411
142.5,-0.8232475355010347,-34.70283162554389,0.03922013680060387,0.22417865449466762
142.75,-0.8134657035264591,-34.64691941348469,0.03903442066187827,0.22311905948831498
143.0,-0.8037303743365378,-34.591272087031115,0.038848114525849894,0.22205956970536206
143.25,-0.7940418480928316,-34.53589224464282,0.03865999511488504,0.22097918713700904
143.5,-0.7844004269329252,-34.48078248458042,0.038471273857963645,0.21989891115489807
143.75,-0.7748062613164215,-34.42594278015481,0.038281950770183294,0.2188187420994791
144.0,-0.7652595016991431,-34.37137310459176,0.03809202586668972,0.21773868031119353
144.25,-0.7557604452872422,-34.3170760568589,0.03790032314917307,0.21663771962550793
144.5,-0.7463093912635904,-34.26305423572762,0.0377080067632558,0.21553686755642507
144.75,-0.7369064930433659,-34.20930761400038,0.03751507672432312,0.21443612445108254
145.0,-0.7275519040378942,-34.155836164392845,0.037321533047809295,0.21333549065660926
145.25,-0.7182459184970504,-34.102642486380624,0.037126247028587404,0.2122139518528039
145.5,-0.708988832648126,-34.04972917924586,0.03693033551506341,0.21109252369596015
145.75,-0.6997808028627382,-33.997096215282575,0.036733798522910116,0.2099712065399053
146.0,-0.6906219855085802,-33.94474356669635,0.03653663606785036,0.20885000073845775
146.25,-0.6815126718783823,-33.89267383347076,0.036337766751796785,0.20770788381580846
146.5,-0.6724531552429873,-33.84088961539868,0.03613826011208224,0.20656587957047792
146.75,-0.6634435949313165,-33.78939088426571,0.03593811616466712,0.20542398836298498
147.0,-0.6544841502682949,-33.73817761176733,0.03573733492556282,0.20428221055383944
147.25,-0.6455751095886404,-33.68725239839505,0.035534882317575886,0.20311951551168006
147.5,-0.6367167632058802,-33.636617844452516,0.03533178055311175,0.20195693517719476
147.75,-0.6279092734071037,-33.586273921216886,0.03512802964841843,0.20079446991759595
148.0,-0.6191528024753319,-33.536220599873545,0.03492362961979588,0.1996321201000868
148.25,-0.6104476357864036,-33.48646048142195,0.03471759372479676,0.19844884693780435
148.5,-0.6017940606956629,-33.436996166676465,0.034510896837046896,0.19726569051354947
148.75,-0.5931922424492316,-33.387827626405844,0.034303538973081915,0.19608265120123008
149.0,-0.5846423462890911,-33.33895483128536,0.03409552014949033,0.19489972937474473
149.25,-0.5761446546313338,-33.29038038282243,0.033885900972421217,0.1936958780917754
149.5,-0.567699451872254,-33.24210688234212,0.03367560896287053,0.1924921455771854
149.75,-0.5593069062178703,-33.19413430010476,0.0334646441376615,0.19128853221158001
150.0,-0.5509671858699886,-33.14646260627553,0.03325300651367119,0.19008503837555513
150.25,-0.5426805702840888,-33.09909440286976,0.03303980405949361,0.18886060897138024
150.5,-0.534447340896548,-33.05203229172327,0.03282591692964636,0.18763630036593454
150.75,-0.5262676688741459,-33.005276242587954,0.03261134514124026,0.18641211294652277
151.0,-0.5181417253793777,-32.9588262251189,0.03239608871144096,0.18518804710044004
151.25,-0.5100697869062434,-32.91268484183936,0.032179302985134293,0.1839430395745825
151.5,-0.5020521319303369,-32.86685469509586,0.0319618207365126,0.18269815487780217
151.75,-0.4940889345800636,-32.82133575413188,0.031743641982974344,0.18145339340410518
152.0,-0.48618036897947176,-32.77612798809239,0.03152476674197368,0.18020875554748783
152.25,-0.47832670866021587,-32.731234000008584,0.031304397748533656,0.1789431698995088
152.5,-0.47052822913624,-32.68665639273769,0.031083320382676045,0.17767770911095318
152.75,-0.46278510749843904,-32.642395135014766,0.0308615346620869,0.17641237358253042
153.0,-0.4550975208332792,-32.5984501954747,0.030639040604508946,0.17514716371493996
153.25,-0.44746573970920256,-32.55482417765657,0.03041508834894641,0.17386099994443568
153.5,-0.4398900366776376,-32.51151968492834,0.030190415867406513,0.17257496306369913
153.75,-0.43237059179283316,-32.46853668551663,0.02996502317786293,0.17128905348014506
154.0,-0.42490758510453736,-32.42587514754622,0.02973891029834693,0.17000327160117804
154.25,-0.41750128421711435,-32.383537675064126,0.02951137478568662,0.16869652970777713
154.5,-0.4101519587186105,-32.341526871949,0.029283107190032,0.16738991673448642
154.75,-0.4028597916274929,-32.29984270591904,0.029054107529644338,0.16608343309542786
155.0,-0.3956249659576562,-32.258485144588924,0.028824375822843477,0.16477707920471313
155.25,-0.3884477463485203,-32.21745679251357,0.028593257058122924,0.16344975918807406
155.5,-0.38132839942388397,-32.176760254082346,0.028361394349933938,0.16212257012188577
155.75,-0.37426711116729683,-32.136395496505024,0.028128787716825396,0.16079551242697945
156.0,-0.367264067557664,-32.09636248688618,0.027895437177405693,0.15946858652417578
156.25,-0.3603195302685957,-32.05666383028864,0.027660735165674192,0.15812068838398427
156.5,-0.35343376295877704,-32.01730213161246,0.027425277346542983,0.15677292322458228
156.75,-0.3466069545777047,-31.97827735755899,0.027189063738848555,0.15542529147351208
157.0,-0.33983929407015856,-31.939589474722712,0.026952094361487853,0.1540777935583054
157.25,-0.3331310401430734,-31.90124108867435,0.026713809107805516,0.1527093172942726
157.5,-0.32648245348915506,-31.86323480482465,0.026474756179335066,0.1513409760413661
157.75,-0.3198937260247114,-31.825570589366553,0.026234935595200584,0.14997277023384137
158.0,-0.3133650496612615,-31.78824840838443,0.025994347374587584,0.148604700305943
158.25,-0.3068966801381992,-31.751270867956897,0.025752478884024536,0.14721564591780306
158.5,-0.3004888751813856,-31.714640574005408,0.025509830847827836,0.14582672857112441
158.75,-0.294141829674804,-31.67835749221447,0.025266403285409175,0.14443794870687754
159.0,-0.2878557384975769,-31.642421588158356,0.02502219621624262,0.1430493067660219
159.25,-0.28163085442069175,-31.60683546842358,0.02477674449387813,0.14163967425353033
159.5,-0.2754674322022994,-31.571601739442276,0.024530501351577333,0.1402301808128331
159.75,-0.269365669694923,-31.536720366390536,0.024283466809039533,0.13882082689161768
160.0,-0.2633257647461527,-31.502191314332535,0.02403564088602735,0.13741161293756043
160.25,-0.25734796715770425,-31.468017190362676,0.023786605936949163,0.13598140230049255
160.5,-0.25143252871915306,-31.434200601423782,0.023536767690174914,0.13455133276555015
160.75,-0.2455796502524261,-31.400741512183526,0.02328612616569152,0.1331214047871397
161.0,-0.23978953257444563,-31.36763988719597,0.02303468138355015,0.13169161881965635
161.25,-0.23406242251679038,-31.33489833406341,0.02278206321285378,0.13024083005780537
161.5,-0.228398568899595,-31.302519460239363,0.0225286298632445,0.1287901844284091
161.75,-0.22279817551505485,-31.270503229883072,0.022274381354996837,0.12733968239259494
162.0,-0.21726144615028836,-31.238849607038507,0.022019317708450514,0.1258893244114788
162.25,-0.2117886246658721,-31.207561199815842,0.021763116321238615,0.12441795752465457
162.5,-0.20637995691163483,-31.17664061617928,0.021506087870439883,0.12294673580061241
162.75,-0.2010356496509044,-31.14608781977965,0.021248232376616442,0.12147565970720259
163.0,-0.19575590964185985,-31.115902774150808,0.02098954986039658,0.1200047297122637
163.25,-0.19054097777321047,-31.086088087910817,0.020729765261778423,0.11851278470029139
163.5,-0.185391096923614,-31.05664636953457,0.02046914171144243,0.11702098688142656
163.75,-0.18030647682839512,-31.027577582164465,0.02020767923023833,0.11552933673024432
164.0,-0.17528732721765766,-30.998881688824262,0.01994537783908297,0.11403783472130796
164.25,-0.17033388600737864,-30.970561298639904,0.01968201003417387,0.11252531158402684
164.5,-0.16544639310417977,-30.942619020596965,0.01941779138595887,0.11101293767017671
164.75,-0.1606250612162468,-30.915054817329423,0.0191527219155753,0.10950071346105945
165.0,-0.1558701030464726,-30.887868651350935,0.018886801644228565,0.10798863943796501
165.25,-0.151181753537237,-30.86106313229532,0.018619850638149443,0.10645553817522717
165.5,-0.14656024962226072,-30.834640869658845,0.01835203689371929,0.10492258816624189
165.75,-0.14200580698345477,-30.808601825567056,0.018083360432363048,0.10338978989903984
166.0,-0.1375186412973654,-30.782945962023508,0.017813821275574675,0.10185714386163951
166.25,-0.13309898453191032,-30.757675889169906,0.01754328707345157,0.10030346447330912
166.5,-0.12874707064704427,-30.732794217013183,0.017271878234475256,0.09874993836905098
166.75,-0.12446311829926794,-30.70830090717048,0.016999594780358278,0.09719656604362642
167.0,-0.12024734613964518,-30.68419592113524,0.01672643673288315,0.09564334799178448
167.25,-0.11609998316076664,-30.660481869557046,0.01645231933984684,0.09406909047773648
167.5,-0.11202126034795633,-30.63716136295351,0.016177315407998098,0.09249498827807846
167.75,-0.10801139933316883,-30.61423436243335,0.01590142495933707,0.09092104189430443
168.0,-0.1040706217428498,-30.59170082897991,0.015624648015934828,0.08934725182789591
168.25,-0.10019915359339811,-30.56956337375064,0.015346947437120442,0.08775241618801549
168.5,-0.09639722289464218,-30.54782460777384,0.015068348414077356,0.08615773789284085
168.75,-0.09266505425485472,-30.526484491649807,0.014788850969093324,0.08456321745060064
169.0,-0.0890028722767275,-30.50554298585178,0.014508455124527975,0.0829688553695108
169.25,-0.08541089999960289,-30.485002702045076,0.01422717136507465,0.0813534416036923
169.5,-0.08188936245694892,-30.464866251768676,0.01394497725251932,0.07973818721289348
169.75,-0.07843848723422069,-30.445133595114456,0.013661872809437347,0.07812309271207953
170.0,-0.07505850191122033,-30.425804692045553,0.013377858058476919,0.07650815861620282
170.25,-0.07174962654936895,-30.40688215473516,0.013092991123527476,0.07487216672434914
170.5,-0.06851208320490951,-30.388368595232937,0.012807201923145696,0.0732363362378271
170.75,-0.06534610244134377,-30.37026397312233,0.012520490480194546,0.0716006676783404
171.0,-0.06225191481644851,-30.352568247856375,0.012232856817610768,0.0699651615675798
171.25,-0.05922973741285884,-30.33528403211613,0.01194440671231142,0.06830859154960171
171.5,-0.056279789308728,-30.318413938461937,0.011655022425792376,0.06665218496726527
171.75,-0.05340230404646864,-30.301957925968825,0.011364703981204208,0.06499594234901468
172.0,-0.05059751516269643,-30.285915953579718,0.011073451401772218,0.06333986422328099
172.25,-0.04786563676039588,-30.27029063448355,0.010781418131272327,0.06166271607909642
172.5,-0.045206884938765825,-30.25508458175134,0.010488438760308359,0.05998573340086159
172.75,-0.04262149621999408,-30.240297753949694,0.01019451331231849,0.05830891672376312
173.0,-0.04010970712039946,-30.225930109511435,0.009899641810816578,0.05663226658297436
173.25,-0.037671728762451256,-30.21198426213336,0.009604025380268345,0.05493454031250811
173.5,-0.035307774265529286,-30.198462825397158,0.009307450926554635,0.053236981538297735
173.75,-0.03301808313246079,-30.185365757361026,0.009009918473401228,0.05153959080227426
174.0,-0.03080289486013199,-30.17269301594768,0.008711428044610543,0.04984236864635526
174.25,-0.028662417589632363,-30.16044721536178,0.008412228459168832,0.04812406424953786
174.5,-0.026596861459658113,-30.148630969695695,0.008112058924403228,0.04640592937928053
174.75,-0.02460646895454017,-30.1372442364992,0.007810919464327115,0.04468796458426066
175.0,-0.022691482552596398,-30.1262869731849,0.007508810103031474,0.04297017041314201
175.25,-0.020852107412671912,-30.115761794465335,0.007206027367853609,0.041231287889909936
175.5,-0.019088550691914757,-30.10567131494354,0.006902262753736424,0.03949257692354021
175.75,-0.017401057857023783,-30.09601549166087,0.006597516284980909,0.03775403806945852
176.0,-0.015789874368612757,-30.086794281519833,0.0062917879859666,0.03601567188307676
176.25,-0.014255202402417903,-30.07801029974082,0.005985422106212095,0.034256211233371504
176.5,-0.012797246133174577,-30.06966616143755,0.0056780624144458355,0.03249692417082894
176.75,-0.011416254010813805,-30.06176182314296,0.005369708935256413,0.03073781125762498
177.0,-0.010112474479109517,-30.054297241249444,0.0050603616933119246,0.028978873055921638
177.25,-0.008886106729824525,-30.047275031485263,0.004750412674142394,0.0271988342796895
177.5,-0.007737351954416979,-30.040697809474807,0.004439457906431666,0.025418971120918427
177.75,-0.0066664615869143325,-30.0345655312426,0.0041274974150559375,0.02363928414853657
178.0,-0.005673687055114929,-30.028878152670927,0.0038145312249718622,0.021859773931457976
178.25,-0.004759224565943682,-30.023638289995915,0.0035009990715508237,0.020059157028649587
178.5,-0.003923272326717048,-30.018848559352627,0.003186449229602142,0.018258717773598707
178.75,-0.0031660847564231576,-30.014508916257164,0.0028708817242896175,0.01645845674198765
179.0,-0.0024879162677490176,-30.01061931608171,0.002554296580858464,0.014658374509484482
179.25,-0.0018889600819171745,-30.007182375570242,0.002237181298351164,0.01283717948005462
179.5,-0.0013694114212379224,-30.00420071136851,0.001919036383872773,0.011016164128676766
179.75,-0.0009295276905243243,-30.001674278484195,0.0015998618628746953,0.009195329037789362
180.0,-0.0005695662882162966,-29.999603031779372,0.001279657760890703,0.007374674789816435
180.25,-0.00028971744896956914,-29.997989588505884,0.0009589593544640084,0.005532901633723399
180.5,-9.017340922381887e-05,-29.99683656582015,0.0006372193691657755,0.0036913101859749244
180.75,2.8805439518709594e-05,-29.996143918221435,0.0003144378307350121,0.0018499010357675356
181.0,6.695871220093914e-05,-29.995911600061707,-9.385235005950402e-06,8.674772283174008e-06
181.25,6.464988534291133e-05,-29.995910763218024,-9.08638477032893e-06,-1.9800509882470986e-06
181.5,6.241501735875624e-05,-29.99591259010115,-8.793564018913033e-06,-1.2635041608875481e-05
181.75,6.025260087448424e-05,-29.99591708075249,-8.506772775128193e-06,-2.3290196167925805e-05
182.0,5.8161128510309634e-05,-29.995924235212613,-8.22601106191754e-06,-3.3945511254599624e-05
182.25,5.6137662717995256e-05,-29.995933783113713,-7.962516250727544e-06,-4.2437722414197867e-05
182.5,5.417946989700738e-05,-29.995945454086126,-7.70382729478663e-06,-5.093008126912239e-05
182.75,5.228534858093888e-05,-29.99595924816643,-7.4499442147897635e-06,-5.9422585100775137e-05
183.0,5.04540972982569e-05,-29.99597516539053,-7.200867031047438e-06,-6.791523119054646e-05
183.25,4.868296185562748e-05,-29.995992977494442,-6.9688453043861624e-06,-7.458162195795619e-05
183.5,4.6969360248095064e-05,-29.996012456212362,-6.740596353339889e-06,-8.124814290909088e-05
183.75,4.531234927946714e-05,-29.99603360157657,-6.516120196168399e-06,-8.791479190974909e-05
184.0,4.371098574902398e-05,-29.996056413618813,-6.295416850829651e-06,-9.458156682571914e-05
184.25,4.216269723330113e-05,-29.996080700251298,-6.091375176780517e-06,-9.971151228575414e-05
184.5,4.066505620904284e-05,-29.996106269384505,-5.8902369218143895e-06,-0.00010484157234755499
184.75,3.921733681946215e-05,-29.996133121046885,-5.69200210202221e-06,-0.00010997174536870138
185.0,3.781881320377838e-05,-29.99616125526647,-5.496670733262647e-06,-0.00011510202970676394
185.25,3.646709072747931e-05,-29.996190510998176,-5.3174715014884705e-06,-0.0001189438408427726
185.5,3.5159896240259734e-05,-29.996220727195283,-5.140446823001545e-06,-0.00012278575273374525
185.75,3.389668610202397e-05,-29.996251903882833,-4.965596711963738e-06,-0.00012662776414956934
186.0,3.267691666915764e-05,-29.99628404108555,-4.792921182362953e-06,-0.00013046987386012434
186.25,3.1498365341921174e-05,-29.99631700435818,-4.6357504463587114e-06,-0.0001332363219815041
186.5,3.035891094004098e-05,-29.996350659253917,-4.48014578159799e-06,-0.0001360028585687991
186.75,2.925816194414752e-05,-29.996385005794767,-4.3261072005290685e-06,-0.00013876948273610536
187.0,2.8195726831774865e-05,-29.996420044002516,-4.173634715474944e-06,-0.000141536193597512
187.25,2.716954801462926e-05,-29.996455662189206,-4.035972584603754e-06,-0.00014340931289792856
187.5,2.6177652157558256e-05,-29.99649174866543,-3.899371036706586e-06,-0.00014528250977154073
187.75,2.5219774113450567e-05,-29.996528303450507,-3.7638300827114847e-06,-0.00014715578361839136
188.0,2.4295648732473513e-05,-29.996565326563605,-3.629349733461645e-06,-0.00014902913383851705
188.25,2.340337555086424e-05,-29.996602725753267,-3.5089428952105095e-06,-0.00015016439482396296
188.5,2.2541123696568565e-05,-29.996640408766673,-3.389179116553978e-06,-0.00015129972373966613
188.75,2.170873240348914e-05,-29.996678375620764,-3.270058407073081e-06,-0.00015243512022185575
189.0,2.0906040903139785e-05,-29.99671662633238,-3.1515807762974053e-06,-0.00015357058390675556
189.25,2.0131297429598092e-05,-29.99675508521896,-3.0464170985346567e-06,-0.00015410051863930637
189.5,1.9382807310272955e-05,-29.996793676596653,-2.9415539439651333e-06,-0.00015463051277619615
189.75,1.866049541331694e-05,-29.996832400480287,-2.836991320977826e-06,-0.0001551605661474216
190.0,1.796428660478838e-05,-29.99687125688465,-2.7327292379376817e-06,-0.0001556906785829747
190.25,1.7292569106345013e-05,-29.99691018422194,-2.6410143784432016e-06,-0.00015572802838401283
190.5,1.6643777600844107e-05,-29.99694912090316,-2.5493212956207203e-06,-0.0001557654300604588
190.75,1.60179066432007e-05,-29.996988066941285,-2.4576499968056296e-06,-0.0001558028835999918
191.0,1.54149507864962e-05,-29.997027022349275,-2.3660004893315794e-06,-0.00015584038899028695
191.25,1.4833429446614719e-05,-29.99706593750149,-2.286136423930972e-06,-0.00015548083624690744
191.5,1.4271899477158969e-05,-29.99710476277117,-2.206069526991916e-06,-0.00015512132873866764
191.75,1.373041158521324e-05,-29.997143498169635,-2.1257998049197158e-06,-0.00015476186658030418
192.0,1.3209016476258461e-05,-29.997182143708244,-2.0453272641359013e-06,-0.00015440244988655001
192.25,1.2706356038664452e-05,-29.99722065988713,-1.9758926340957263e-06,-0.00015372698774262936
192.5,1.2221101960239004e-05,-29.997259007205397,-1.906076391715741e-06,-0.00015305156498465733
192.75,1.1753349643369547e-05,-29.99729718567292,-1.8358785425812022e-06,-0.00015237618182850415
193.0,1.1303194489043385e-05,-29.997335195299627,-1.7652990923078964e-06,-0.00015170083849003676
193.25,1.0869392325261696e-05,-29.997373005131895,-1.7050312651615927e-06,-0.00015077782533812661
193.5,1.0450722332653193e-05,-29.997410584215146,-1.6442417237294704e-06,-0.00014985484642628417
193.75,1.0047314939182305e-05,-29.997447932557982,-1.582930472874657e-06,-0.00014893190204963314
194.0,9.659300571592469e-06,-29.99748505016907,-1.521097517502016e-06,-0.00014800899250329449
194.25,9.285540740351676e-06,-29.997521913284043,-1.468876252282401e-06,-0.00014689593219613544
194.5,8.924914885347532e-06,-29.997558498137646,-1.416025708309299e-06,-0.00014578290160766188
194.75,8.577580325740958e-06,-29.997594804737357,-1.362545889810722e-06,-0.00014466990109384512
195.0,8.243694379629573e-06,-29.99763083309073,-1.3084368010650234e-06,-0.00014355693101065405
195.25,7.922216320611627e-06,-29.997666565458385,-1.263269408287698e-06,-0.00014230201447506337
195.5,7.612118806729874e-06,-29.997701984100118,-1.2173924405824468e-06,-0.00014104712369061124
195.75,7.313579231258711e-06,-29.997737089022415,-1.1708059016194005e-06,-0.00013979225905869132
196.0,7.026774986547907e-06,-29.997771880231863,-1.123509795125454e-06,-0.00013853742098069517
196.25,6.750755570116799e-06,-29.99780634501657,-1.0845176831970764e-06,-0.00013718086034443527
196.5,6.484580071381806e-06,-29.997840470663895,-1.044758454081541e-06,-0.0001358243219823358
196.75,6.228440269243405e-06,-29.997874257179458,-1.0042321109595628e-06,-0.0001344678063283413
197.0,5.982527941799226e-06,-29.99790770456899,-9.629386570732248e-07,-0.0001331113138163944
197.25,5.745975677871274e-06,-29.997940804294842,-9.293451596002809e-07,-0.0001316864961667531
197.5,5.517922509261365e-06,-29.997973547818674,-8.949458949821589e-07,-0.0001302616977482979
197.75,5.2985698774131465e-06,-29.998005935145354,-8.597408659707796e-07,-0.000128836919016837
198.0,5.0881192230742285e-06,-29.998037966279856,-8.237300753825244e-07,-0.0001274121604281771
198.25,4.88577951427868e-06,-29.99806963613017,-7.948494577332512e-07,-0.00012594664483669873
198.5,4.690763562734815e-06,-29.998100939603653,-7.651400177596516e-07,-0.00012448114581692984
198.75,4.503278573728004e-06,-29.998131876704498,-7.346017578384634e-07,-0.00012301566383772072
199.0,4.323531751941146e-06,-29.99816244743703,-7.03234680412729e-07,-0.0001215501993679203
199.25,4.150802157196172e-06,-29.998192649533877,-6.784622285169252e-07,-0.00012006657777407931
199.5,3.984370562114344e-06,-29.998222480727097,-6.528506834434563e-07,-0.00011858297043093194
199.75,3.824446739735361e-06,-29.998251941020314,-6.264000472412309e-07,-0.00011709937781313863
200.0,3.671240462578308e-06,-29.998281030417267,-5.991103220262839e-07,-0.00011561580039535863
200.25,3.524095016075056e-06,-29.998309748947104,-5.779134215292715e-07,-0.00011413244028823961
200.5,3.38235366597741e-06,-29.998338096638435,-5.5587755106965e-07,-0.00011264909240914952
200.75,3.246226154557064e-06,-29.99836607349437,-5.330027124102761e-07,-0.00011116575723267919
201.0,3.115922223636608e-06,-29.998393679518152,-5.092889073811234e-07,-0.00010968243523341842
201.25,2.990843930178918e-06,-29.998420916587314,-4.911990266950378e-07,-0.00010821411975379017
201.5,2.870391917020639e-06,-29.998447786578904,-4.7227866523256986e-07,-0.00010674581474220045
201.75,2.7547738041680485e-06,-29.998474289495597,-4.525278245073374e-07,-0.00010527752066843795
202.0,2.6441972112407142e-06,-29.998500425340186,-4.319465060993959e-07,-0.00010380923800229049
202.25,2.538117911368392e-06,-29.99852619745939,-4.165520024585538e-07,-0.00010236771706748219
202.5,2.435989155169623e-06,-29.998551609199467,-4.003421569216687e-07,-0.00010092620507170064
202.75,2.3380147779576783e-06,-29.998576660562712,-3.833169707855187e-07,-9.94847024761708e-05
203.0,2.2443986147134833e-06,-29.99860135155153,-3.6547644541210846e-07,-9.804320974211687e-05
203.25,2.1546454816694485e-06,-29.99862568666185,-3.524161186143821e-07,-9.663767403270964e-05
203.5,2.0682568055248577e-06,-29.99864967038918,-3.38560790395992e-07,-9.523214593617108e-05
203.75,1.9854313364976495e-06,-29.998673302735487,-3.2391046186535625e-07,-9.382662590221995e-05
204.0,1.9063678245207082e-06,-29.998696583702838,-3.0846513419449236e-07,-9.242111438057435e-05
204.25,1.830615819688855e-06,-29.99871951866732,-2.9742245820401873e-07,-9.105860249144985e-05
204.5,1.7577208185092778e-06,-29.99874211300462,-2.856091051286577e-07,-8.969609706696267e-05
204.75,1.6878754901363499e-06,-29.998764366716422,-2.7302507591347043e-07,-8.833359854307172e-05
205.0,1.6212725034804732e-06,-29.998786279804502,-2.5967037156517185e-07,-8.697110735573538e-05
205.25,1.557502177319552e-06,-29.998807858299696,-2.5036833949125263e-07,-8.565685507265178e-05
205.5,1.4961502828185714e-06,-29.998829108232492,-2.403229184146263e-07,-8.434260826183405e-05
205.75,1.437402667128994e-06,-29.998850029604316,-2.295341091389204e-07,-8.302836734380473e-05
206.0,1.3814451771939416e-06,-29.998870622416693,-2.1800191252723343e-07,-8.171413273908589e-05
206.25,1.3279052589175356e-06,-29.99889089316722,-2.10198435629867e-07,-8.045187223389098e-05
206.5,1.2764054583793565e-06,-29.99891084835319,-2.0168097073022347e-07,-7.918961634493843e-05
206.75,1.2271242724959897e-06,-29.99893048797581,-1.9244951850969504e-07,-7.792736547611915e-05
207.0,1.1802401980065322e-06,-29.99894981203638,-1.8250407970679243e-07,-7.666512003132366e-05
207.25,1.135414469371458e-06,-29.998968827343276,-1.7598788597395954e-07,-7.545733574965545e-05
207.5,1.0923031866970696e-06,-29.99898754070458,-1.687885121127443e-07,-7.424955534732122e-05
207.75,1.0510771449446076e-06,-29.99900595212131,-1.6090595869909227e-07,-7.30417792107844e-05
208.0,1.0119071389244952e-06,-29.99902406159457,-1.5234022636360305e-07,-7.183400772650812e-05
208.25,9.744851356069467e-07,-29.99904187611483,-1.469272088366393e-07,-7.068215485406649e-05
208.5,9.384978301575548e-07,-29.999059402672273,-1.4086264349486535e-07,-6.95303052279635e-05
208.75,9.04108109470463e-07,-29.99907664126775,-1.341465308234428e-07,-6.837845921676878e-05
209.0,8.714788603120086e-07,-29.999093591902213,-1.267788713596566e-07,-6.722661718905163e-05
209.25,8.403299886259193e-07,-29.999110261642787,-1.2230884073705532e-07,-6.61313078091713e-05
209.5,8.103760706239637e-07,-29.999126657556346,-1.172192419503178e-07,-6.503600113315247e-05
209.75,7.817719982973127e-07,-29.99914277964361,-1.1151007540660893e-07,-6.394069751147442e-05
210.0,7.546726635291507e-07,-29.999158627905388,-1.0518134156265862e-07,-6.284539729461616e-05
210.25,7.288233608552234e-07,-29.999174209399843,-1.0151514168349066e-07,-6.180655867566925e-05
210.5,7.03964061747232e-07,-29.999189531184918,-9.726131308797118e-08,-6.076772229683639e-05
210.75,6.802416733427057e-07,-29.99920459326121,-9.241985611640394e-08,-5.972888849052924e-05
211.0,6.578031026882217e-07,-29.99921939562941,-8.699077115610256e-08,-5.869005758915927e-05
211.25,6.364167071336747e-07,-29.999233945269882,-8.400771975266001e-08,-5.770706645369508e-05
211.5,6.158455795651993e-07,-29.999248249162793,-8.046862731101017e-08,-5.672407716296492e-05
211.75,5.962287302078834e-07,-29.999262307308644,-7.637349411427835e-08,-5.5741090031511855e-05
212.0,5.777051692104732e-07,-29.999276119708014,-7.172232049007276e-08,-5.475810537387878e-05
212.25,5.600641979161921e-07,-29.99928969320884,-6.931794110980568e-08,-5.3829901490456824e-05
212.5,5.430899530242159e-07,-29.99930303465888,-6.63885093071926e-08,-5.290169911565891e-05
212.75,5.26913697611712e-07,-29.999316144058547,-6.293402531658632e-08,-5.1973498546498374e-05
213.0,5.116666946920092e-07,-29.999329021408325,-5.895448941434352e-08,-5.10453000799884e-05
213.25,4.971572610580528e-07,-29.99934167338107,-5.703850365200587e-08,-5.017048207376881e-05
213.5,4.831886808617762e-07,-29.999354106649463,-5.4627661941750414e-08,-4.929566529135631e-05
213.75,4.6988466806687533e-07,-29.99936632121384,-5.1721964476443056e-08,-4.84208500126826e-05
214.0,4.573689365838812e-07,-29.99937831707462,-4.832141148853787e-08,-4.7546036517679284e-05
214.25,4.454670647082718e-07,-29.999390100696967,-4.6815963651583667e-08,-4.6722942409102454e-05
214.5,4.339997546849825e-07,-29.999401678545905,-4.4844916693153374e-08,-4.58998492838232e-05
214.75,4.2308340627544804e-07,-29.999413050621712,-4.2408270770929557e-08,-4.507675740522314e-05
215.0,4.128344191970265e-07,-29.999424216924734,-3.950602607984245e-08,-4.42536670366838e-05
215.25,4.030940392242244e-07,-29.999435183688313,-3.834411514566731e-08,-4.3480441681033683e-05
215.5,3.9369881089833605e-07,-29.999445957145642,-3.674481292294099e-08,-4.270721710636969e-05
215.75,3.8475808202623525e-07,-29.999456537296954,-3.47081195396067e-08,-4.1933993560116755e-05
216.0,3.7638120037843616e-07,-29.99946692414253,-3.2234035158598704e-08,-4.116077128969971e-05
216.25,3.6842363143505333e-07,-29.999477123666757,-3.135813138467109e-08,-4.043542259728629e-05
216.5,3.6073632718466695e-07,-29.999487141853884,-3.007191762904118e-08,-3.971007451640979e-05
216.75,3.5342186511052445e-07,-29.999496978704087,-2.8375393994605317e-08,-3.8984727279175703e-05
217.0,3.465828226660459e-07,-29.99950663421761,-2.6268560617084397e-08,-3.8259381117689444e-05
217.25,3.400875708165459e-07,-29.999516114118578,-2.562938644892856e-08,-3.75798266804435e-05
217.5,3.3380016330406036e-07,-29.99952542413099,-2.460580593205366e-08,-3.6900272713493866e-05
217.75,3.2781670170617394e-07,-29.99953456425499,-2.3197819148345548e-08,-3.622071943429277e-05
218.0,3.2223328757615595e-07,-29.99954353449078,-2.1405426210442317e-08,-3.55411670602924e-05
218.25,3.1693000494405536e-07,-29.99955234029573,-2.0960883211475067e-08,-3.490527258910698e-05
218.5,3.1178282178602055e-07,-29.9995609871271,-2.0156630426241657e-08,-3.4269378471133035e-05
218.75,3.06881665541175e-07,-29.99956947498501,-1.8992667919081834e-08,-3.363348490985238e-05
219.0,3.0231646362896045e-07,-29.999577803869617,-1.7468995783111908e-08,-3.299759210874678e-05
219.25,2.979779316748098e-07,-29.999585978968987,-1.7183221199465635e-08,-3.240320289424686e-05
219.5,2.937528723532525e-07,-29.99959400547108,-1.656121472841747e-08,-3.180881393650525e-05
219.75,2.897253436304792e-07,-29.999601883375988,-1.5602976419727566e-08,-3.12144254257227e-05
220.0,2.859794034568786e-07,-29.99960961268384,-1.4308506350054418e-08,-3.062003755209994e-05
220.25,2.8241541854592333e-07,-29.99961719831403,-1.4151044636204686e-08,-3.006500399462864e-05
220.5,2.7893004528862894e-07,-29.99962464518585,-1.3679613124960686e-08,-2.9509970615034548e-05
220.75,2.7560177613015285e-07,-29.999631953299367,-1.2894211854036653e-08,-2.8954937590925133e-05
221.0,2.7250910350308444e-07,-29.99963912265469,-1.179484088626422e-08,-2.8399905099907837e-05
221.25,2.6956115648665664e-07,-29.999646157905726,-1.1739917067468958e-08,-2.78821032099185e-05
221.5,2.6666355405771884e-07,-29.9996530637063,-1.139208418902885e-08,-2.7364301433845533e-05
221.75,2.638895234781922e-07,-29.999659840056466,-1.0751342278770317e-08,-2.6846499937382708e-05
222.0,2.613122920001122e-07,-29.999666486956308,-9.817691387952336e-09,-2.6328698886223765e-05
222.25,2.5884894571740403e-07,-29.999673008799487,-9.843574536114684e-09,-2.584604653095206e-05
222.5,2.564132569006673e-07,-29.999679409979578,-9.596431661656315e-09,-2.5363394238261825e-05
222.75,2.540734820535407e-07,-29.99968569049662,-9.076262784348506e-09,-2.4880742162599323e-05
223.0,2.5189787767199004e-07,-29.999691850350686,-8.283067945804459e-09,-2.43980904584108e-05
223.25,2.4981075718456687e-07,-29.999697893681997,-8.371514308644925e-09,-2.3948560021771163e-05
223.5,2.477333113401762e-07,-29.9997038246307,-8.205670802060232e-09,-2.349902960702266e-05
223.75,2.457291126049398e-07,-29.99970964319682,-7.785537439317758e-09,-2.304949935801283e-05
224.0,2.438617334391195e-07,-29.99971534938041,-7.111114254027922e-09,-2.2599969418589197e-05
224.25,2.42062053561256e-07,-29.99972094707627,-7.246880715326593e-09,-2.2181597447079954e-05
224.5,2.402580151084489e-07,-29.999726440179135,-7.145982853344488e-09,-2.176322546570842e-05
224.75,2.3850878416090383e-07,-29.99973182868902,-6.808420676153373e-09,-2.1344853608351647e-05
225.0,2.368735267944419e-07,-29.999737112605963,-6.234194210758017e-09,-2.0926482008886698e-05
225.25,2.3528909018959244e-07,-29.999742295588256,-6.404613782812351e-09,-2.053737633495631e-05
225.5,2.3368956232599653e-07,-29.999747381294124,-6.3549242799247305e-09,-2.0148270626878428e-05
225.75,2.321299704722596e-07,-29.999752369723577,-6.085125706070288e-09,-1.9759165009165086e-05
226.0,2.3066534189379224e-07,-29.99975726087665,-5.595218082832753e-09,-1.937005960632831e-05
226.25,2.2923794877355565e-07,-29.999762058184647,-5.789830051160661e-09,-1.9008404369701123e-05
226.5,2.2778747528260585e-07,-29.999766765078828,-5.779861047307205e-09,-1.8646749080849216e-05
226.75,2.263650666642295e-07,-29.999771381559192,-5.565311072069901e-09,-1.828509385550063e-05
227.0,2.2502186815946807e-07,-29.999775907625768,-5.146180142612618e-09,-1.7923438809383406e-05
227.25,2.2370508554072002e-07,-29.99978034649284,-5.356408307353208e-09,-1.7587497736074754e-05
227.5,2.2235950025631148e-07,-29.999784701374633,-5.3766014663606005e-09,-1.7251556597593354e-05
227.75,2.2103262105819436e-07,-29.999788972271144,-5.206759618019358e-09,-1.6915615501438838e-05
228.0,2.1977195669682416e-07,-29.999793159182396,-4.8468827759167235e-09,-1.6579674555110837e-05
228.25,2.1852920133000269e-07,-29.99979726511582,-5.065755972763011e-09,-1.6267792801143005e-05
228.5,2.1725378080394196e-07,-29.999801293078793,-5.108204048088591e-09,-1.5955910973262627e-05
228.75,2.159898013997407e-07,-29.99980524307131,-4.974226998497645e-09,-1.5644029171270456e-05
229.0,2.1478136939758227e-07,-29.99980911509339,-4.663824834708257e-09,-1.5332147494967244e-05
229.25,2.1358426395258928e-07,-29.999812911955868,-4.885734578825486e-09,-1.5042752316257332e-05
229.5,2.1235214418195047e-07,-29.99981663646954,-4.943939438007712e-09,-1.4753357058319337e-05
229.75,2.1112593630775445e-07,-29.999820288634396,-4.838439407598578e-09,-1.446396181375839e-05
230.0,2.099465665516169e-07,-29.999823868450452,-4.569234496038026e-09,-1.4174566675179612e-05
230.25,2.0877353350816425e-07,-29.999827378542182,-4.789725182781806e-09,-1.3906167145769151e-05
230.5,2.0756435629520992e-07,-29.99983082153402,-4.858387850123807e-09,-1.3637767534574075e-05
230.75,2.0635699191854404e-07,-29.99983419742595,-4.775222492571059e-09,-1.3369367927480964e-05
231.0,2.0518939738381165e-07,-29.99983750621799,-4.54022911677674e-09,-1.3100968410376399e-05
231.25,2.0402445938438424e-07,-29.99984075035834,-4.755816739999409e-09,-1.2852154377271442e-05
231.5,2.0282321808371133e-07,-29.99984393229517,-4.83065552480475e-09,-1.2603340262021798e-05
231.75,2.016208606923802e-07,-29.99984705202847,-4.7647454652057054e-09,-1.2354526144246739e-05
232.0,2.004525744210674e-07,-29.99985010955825,-4.55808656647504e-09,-1.2105712103565537e-05
232.25,1.9928433366500124e-07,-29.99985310716633,-4.76610238524219e-09,-1.187515253778095e-05
232.5,1.9808039177741515e-07,-29.999856047134507,-4.843695616730673e-09,-1.1644592891214225e-05
232.75,1.9687335440612208e-07,-29.999858929462775,-4.790866254733074e-09,-1.1414033237643245e-05
233.0,1.956958271991826e-07,-29.999861754151134,-4.607614303475714e-09,-1.1183473650845898e-05
233.25,1.945165998374864e-07,-29.999864523324657,-4.806070306289158e-09,-1.096991452864303e-05
233.5,1.9330285918848115e-07,-29.99986723910839,-4.8837206001076356e-09,-1.0756355328345798e-05
233.75,1.9208480668039338e-07,-29.999869901502322,-4.8405651787191745e-09,-1.0542796118291979e-05
234.0,1.9089264374179465e-07,-29.999872510506457,-4.67660404557618e-09,-1.032923696681935e-05
234.25,1.8969772822270286e-07,-29.99987506809843,-4.864077433749403e-09,-1.0131498794038833e-05
234.5,1.884699263621375e-07,-29.999877576255848,-4.939694775610612e-09,-9.933760546845298e-06
234.75,1.872372021726192e-07,-29.999880034978702,-4.903456065110466e-09,-9.736022288513845e-06
235.0,1.860275196670623e-07,-29.999882444266994,-4.75536130514804e-09,-9.538284082319576e-06
235.25,1.848145806232494e-07,-29.9998848059599,-4.9308955478840036e-09,-9.355259156189023e-06
235.5,1.8357069964233747e-07,-29.999887121896567,-5.002896800290059e-09,-9.172234160045118e-06
235.75,1.8232175997280155e-07,-29.99988939207698,-4.97136505660615e-09,-8.98920915245475e-06
236.0,1.8109364486352137e-07,-29.999891616501145,-4.8363003193547955e-09,-8.806184191984807e-06
236.25,1.79862196462331e-07,-29.999893796878382,-4.999320626903898e-09,-8.636833678897936e-06
236.5,1.7860196768214916e-07,-29.999895934917976,-5.0665433497520245e-09,-8.467483100688743e-06
236.75,1.7733690791998292e-07,-29.999898030619924,-5.037968482521395e-09,-8.298132511548327e-06
237.0,1.760909665732259e-07,-29.999900083984233,-4.913596027497981e-09,-8.128781965667786e-06
237.25,1.748419413055126e-07,-29.999902096598586,-5.063837349504521e-09,-7.972132860129832e-06
237.5,1.7356643228123793e-07,-29.999904070050654,-5.125466078576488e-09,-7.815483694666201e-06
237.75,1.7228659264939948e-07,-29.999906004340428,-5.0984822097836245e-09,-7.65883451940356e-06
238.0,1.7102457555934133e-07,-29.999907899467914,-4.98288574528462e-09,-7.502185384468576e-06
238.25,1.6975996625107464e-07,-29.999909756907016,-5.1203316323287565e-09,-7.357327402722411e-06
238.5,1.6847123828781334e-07,-29.999911578131613,-5.175834983955083e-09,-7.212469366402161e-06
238.75,1.6717887730410354e-07,-29.9999133631417,-5.149395795723366e-09,-7.067611321861355e-06
239.0,1.6590336893478184e-07,-29.999915111937284,-5.041014069748724e-09,-6.922753315453521e-06
239.25,1.6462593335645164e-07,-29.999916825885922,-5.1658449405991245e-09,-6.788835767592434e-06
239.5,1.6332675927296962e-07,-29.999918506355165,-5.2149221098037304e-09,-6.654918170542907e-06
239.75,1.6202478511036427e-07,-29.999920153345006,-5.188245573436399e-09,-6.521000567157548e-06
240.0,1.607389492948881e-07,-29.99992176685545,-5.0858153336312354e-09,-6.387083000288965e-06
240.25,1.5945196814134445e-07,-29.999923348154788,-5.19836487158536e-09,-6.263311676513443e-06
240.5,1.5814560137096703e-07,-29.99992489851129,-5.240900267267335e-09,-6.13954030887344e-06
240.75,1.5683735251986594e-07,-29.999926417924943,-5.213421517274352e-09,-6.015768936974791e-06
241.0,1.555447251243018e-07,-29.999927906395758,-5.115928623804698e-09,-5.8919976004233296e-06
241.25,1.5425180536398443e-07,-29.999929365099423,-5.216647185031369e-09,-5.777631699470044e-06
241.5,1.5294179266890854e-07,-29.999930795211604,-5.2526721009613e-09,-5.663265759840006e-06
241.75,1.5163086045086638e-07,-29.9999321967323,-5.224003368712521e-09,-5.548899818129331e-06
242.0,1.5033518212172374e-07,-29.999933569661515,-5.130640990578513e-09,-5.43453391093414e-06
242.25,1.4904009878980439e-07,-29.999934915088634,-5.22006504866926e-09,-5.328883033490283e-06
242.5,1.4773012990568085e-07,-29.99993623410303,-5.249725407418327e-09,-5.223232122364391e-06
242.75,1.464202163945847e-07,-29.999937526704695,-5.219622064452904e-09,-5.1175812113637935e-06
243.0,1.4512529918174317e-07,-29.999938792893637,-5.12975502218124e-09,-5.01193033429582e-06
243.25,1.4383186963255702e-07,-29.999940033678875,-5.2084817971676715e-09,-4.914351558618832e-06
243.5,1.4252565807043663e-07,-29.999941250069412,-5.2320111249736054e-09,-4.816772754019557e-06
243.75,1.412204638575044e-07,-29.99994244206525,-5.200343003716708e-09,-4.719193951722273e-06
244.0,1.3993008635580133e-07,-29.99994360966639,-5.113477435930412e-09,-4.621615182951255e-06
244.25,1.386420718133178e-07,-29.999944753807064,-5.182143965649298e-09,-4.531510236007937e-06
244.5,1.3734326184229897e-07,-29.999945875421503,-5.199840863637389e-09,-4.441405264637443e-06
244.75,1.360463988509394e-07,-29.999946974509697,-5.166568128478947e-09,-4.351300297672445e-06
245.0,1.3476422524727795e-07,-29.99994805107165,-5.082325762835771e-09,-4.261195363945613e-06
245.25,1.334852552110999e-07,-29.99994910597206,-5.1415917707636664e-09,-4.178007897638095e-06
245.5,1.3219735073995914e-07,-29.9999501400756,-5.153801242061122e-09,-4.094820411114333e-06
245.75,1.3091227596821376e-07,-29.99995115338227,-5.118954175751389e-09,-4.011632930993426e-06
246.0,1.2964179502999554e-07,-29.99995214589207,-5.037050574622212e-09,-3.928445483894472e-06
246.25,1.2837531072150433e-07,-29.999953118405067,-5.087584573045194e-09,-3.851658463183105e-06
246.5,1.2710162240372907e-07,-29.999954071721305,-5.094682648510401e-09,-3.7748714261709875e-06
246.75,1.2583158905755258e-07,-29.999955005840786,-5.05834480044999e-09,-3.6980843974290953e-06
247.0,1.245760696635653e-07,-29.999955920763508,-4.978571031770967e-09,-3.621297401528406e-06
247.25,1.233252832428621e-07,-29.99995681722951,-5.021039173456624e-09,-3.5504306087804333e-06
247.5,1.2206889065713761e-07,-29.99995769597881,-5.023420351642404e-09,-3.4795638033472045e-06
247.75,1.2081691364735741e-07,-29.99995855701141,-4.985714566137814e-09,-3.4086970079052465e-06
248.0,1.1957937395413382e-07,-29.999959400327317,-4.907921819959293e-09,-3.3378302451310855e-06
248.25,1.183472407134132e-07,-29.999960226610835,-4.942979076656141e-09,-3.272437902923471e-06
248.5,1.1711096693046046e-07,-29.999961036546267,-4.941046157595436e-09,-3.207045551346914e-06
248.75,1.1587980014925728e-07,-29.999961830133614,-4.902123062931812e-09,-3.14165321132614e-06
249.0,1.1466298791337685e-07,-29.999962607372876,-4.826209795779091e-09,-3.076260903785874e-06
249.25,1.134521890649879e-07,-29.999963368896665,-4.854493099006394e-09,-3.015929416799193e-06
249.5,1.122385853100969e-07,-29.99996411533758,-4.848649047645924e-09,-2.9555979234657566e-06
249.75,1.1103070848734924e-07,-29.999964846695622,-4.8086776421652026e-09,-2.89526644309084e-06
250.0,1.0983709043493214e-07,-29.9999655629708,-4.734578885761916e-09,-2.8349349949797184e-06
250.25,1.0865002447010823e-07,-29.999966264747776,-4.756701915379363e-09,-2.77928081048889e-06
250.5,1.0746136293600978e-07,-29.999966952611203,-4.747343439873098e-09,-2.7236266223877135e-06
250.75,1.062789762088766e-07,-29.999967626561087,-4.706503459991794e-09,-2.667972448484752e-06
251.0,1.0511073466444653e-07,-29.99996828659743,-4.634181979002627e-09,-2.6123183065885664e-06
251.25,1.0394951556815495e-07,-29.999968933260455,-4.650731328573366e-09,-2.56098589163621e-06
251.5,1.027877887315643e-07,-29.99996956709037,-4.638243901368145e-09,-2.509653475534973e-06
251.75,1.0163281334879208e-07,-29.99997018808719,-4.596719698385949e-09,-2.4583210747104754e-06
252.0,1.004918486134157e-07,-29.999970796250913,-4.526158722948688e-09,-2.4069887055883364e-06
252.25,9.935830948859708e-08,-29.99997139208058,-4.537691209185862e-09,-2.3596486385010813e-06
252.5,9.822523454204174e-08,-29.999971976075237,-4.5224452968671556e-09,-2.3123085724641377e-06
252.75,9.709931837328082e-08,-29.999972548234876,-4.480420987212232e-09,-2.2649685226255993e-06
253.0,9.598725558127278e-08,-29.999973108559505,-4.411618283583013e-09,-2.217628504133558e-06
253.25,9.488295646628846e-08,-29.99997365751003,-4.418659200227339e-09,-2.173975677008489e-06
253.5,9.377998369919011e-08,-29.999974195547345,-4.401007500565975e-09,-2.1303228528845913e-06
253.75,9.268451043391879e-08,-29.999974722671457,-4.358663186011044e-09,-2.086670045730066e-06
254.0,9.16027098238156e-08,-29.99997523888237,-4.291626259950068e-09,-2.043017269513113e-06
254.25,9.05289486858e-08,-29.99997574460568,-4.294668405488366e-09,-2.0027691981767076e-06
254.5,8.945727284040199e-08,-29.999976240266975,-4.274943919120494e-09,-1.962521131558763e-06
254.75,8.839337394543883e-08,-29.99997672586625,-4.2324528024244e-09,-1.9222730825379834e-06
255.0,8.73429436581056e-08,-29.99997720140352,-4.1671950587993475e-09,-1.8820250639930713e-06
255.25,8.630076971534703e-08,-29.99997766727169,-4.166698392396245e-09,-1.8449203011423258e-06
255.5,8.526134350732136e-08,-29.99997812386367,-4.145213181082677e-09,-1.8078155445089712e-06
255.75,8.422991217007633e-08,-29.99997857117946,-4.1027394265774505e-09,-1.770710805965877e-06
256.0,8.321172283902012e-08,-29.99997900921907,-4.039277132278438e-09,-1.7336060973859112e-06
256.25,8.220195151201014e-08,-29.999979438345175,-4.035668934326736e-09,-1.6994027449464837e-06
256.5,8.119550064656276e-08,-29.999979858920444,-4.012713439954768e-09,-1.6651994000203753e-06
256.75,8.019720706658572e-08,-29.999980270944874,-3.970410650998961e-09,-1.6309960735520283e-06
257.0,7.921190759533422e-08,-29.999980674418477,-3.908760570843513e-09,-1.5967927764858839e-06
257.25,7.82351365107453e-08,-29.999981069675957,-3.9024360031720184e-09,-1.5652670924163621e-06
257.5,7.72621756450572e-08,-29.99998145705202,-3.87827881984029e-09,-1.5337414169683496e-06
257.75,7.629748315197312e-08,-29.999981836546667,-3.836289022780887e-09,-1.502215760229459e-06
258.0,7.534551718453478e-08,-29.999982208159903,-3.77646661535297e-09,-1.470690132287302e-06
258.25,7.440214276332549e-08,-29.999982572200572,-3.767789592732114e-09,-1.4416352275954196e-06
258.5,7.346299196891797e-08,-29.999982928977516,-3.742677601164073e-09,-1.4125803324604783e-06
258.75,7.253217354332528e-08,-29.999983278490742,-3.7011306426577904e-09,-1.3835254561794653e-06
259.0,7.161379622789393e-08,-29.99998362074025,-3.643148720537e-09,-1.3544706080493666e-06
259.25,7.070403047894775e-08,-29.99998395601098,-3.6324530190393914e-09,-1.3276952293360643e-06
259.5,6.979883184431999e-08,-29.999984284587867,-3.6066118062331686e-09,-1.3009198609569236e-06
259.75,6.890198670160464e-08,-29.999984606470914,-3.5656250841856123e-09,-1.2741445114795073e-06
260.0,6.80172814277274e-08,-29.999984921660126,-3.5094928561756367e-09,-1.2473691894713766e-06
260.25,6.714116864531964e-08,-29.999985230418346,-3.4970833961983725e-09,-1.2226965825359873e-06
260.5,6.626990273301696e-08,-29.999985533008413,-3.4707178955934186e-09,-1.1980239865677723e-06
260.75,6.540697270073592e-08,-29.999985829430337,-3.4303963564699993e-09,-1.1733514094614306e-06
261.0,6.455586755772615e-08,-29.99998611968412,-3.376118782053813e-09,-1.1486788591116599e-06
261.25,6.371330068579295e-08,-29.99998640401219,-3.3622730342370832e-09,-1.1259457091655276e-06
261.5,6.287580262013606e-08,-29.999986682656974,-3.335568332113531e-09,-1.103212570688752e-06
261.75,6.204658809908659e-08,-29.99998695561848,-3.2960046778195167e-09,-1.0804794509554289e-06
262.0,6.122887186031295e-08,-29.999987222896703,-3.243582074520109e-09,-1.0577463572396519e-06
262.25,6.041960834092068e-08,-29.99998748471522,-3.2285515457508684e-09,-1.0368018013133684e-06
262.5,5.96155833548092e-08,-29.999987741297602,-3.2016738085531784e-09,-1.0158572572404885e-06
262.75,5.881975870383659e-08,-29.99998799264385,-3.162948865077241e-09,-9.949127317227801e-07
263.0,5.8035096189204907e-08,-29.999988238753968,-3.1123767184210283e-09,-9.739682314620094e-07
263.25,5.725877315820951e-08,-29.999988479834116,-3.0963884828763983e-09,-9.5467293897703e-07
263.5,5.648781147103538e-08,-29.99998871609044,-3.0694859681368087e-09,-9.353776586233417e-07
263.75,5.572493969723043e-08,-29.999988947522947,-3.031669176354444e-09,-9.160823965749699e-07
264.0,5.497288640569537e-08,-29.999989174131642,-2.9829381105546255e-09,-8.967871590059382e-07
264.25,5.4229035136243056e-08,-29.9999893961066,-2.966196357127724e-09,-8.790124762124791e-07
264.5,5.349062607103374e-08,-29.999989613637887,-2.939400476900947e-09,-8.612378057332769e-07
264.75,5.276017274151618e-08,-29.999989826725507,-2.902550472017948e-09,-8.434631532557828e-07
265.0,5.2040188678502695e-08,-29.999990035369468,-2.8556463454267064e-09,-8.256885244674466e-07
265.25,5.132824820461607e-08,-29.999990239744992,-2.838333918628311e-09,-8.093156790348424e-07
265.5,5.0621793482640596e-08,-29.99999044002731,-2.8117603304300858e-09,-7.929428460150316e-07
265.75,4.992313980267593e-08,-29.99999063621642,-2.775925582957901e-09,-7.765700306468985e-07
266.0,4.9234602454197644e-08,-29.99999082831233,-2.730829679078517e-09,-7.601972381693256e-07
266.25,4.855393233217432e-08,-29.99999101647656,-2.7131095950883515e-09,-7.451166000429616e-07
266.5,4.787875850759576e-08,-29.99999120087063,-2.6868592998135172e-09,-7.300359743532527e-07
266.75,4.721121353303486e-08,-29.99999138149455,-2.6520787953540225e-09,-7.149553659255969e-07
267.0,4.655342996045418e-08,-29.999991558348317,-2.608768084492287e-09,-6.998747795853905e-07
267.25,4.590332214692366e-08,-29.99999173158081,-2.5907850081006996e-09,-6.859851745307647e-07
267.5,4.5258692164161606e-08,-29.999991901340902,-2.564945438636739e-09,-6.72095581871009e-07
267.75,4.462150413519081e-08,-29.9999920676286,-2.5312493781675547e-09,-6.582060060504101e-07
268.0,4.39937221824387e-08,-29.999992230443908,-2.489696829388811e-09,-6.443164515132531e-07
268.25,4.3373412024801674e-08,-29.999992389924028,-2.4715785009314246e-09,-6.315245239506963e-07
268.5,4.275853589729338e-08,-29.99999254620617,-2.4462245886487316e-09,-6.187326086839005e-07
268.75,4.215090269562867e-08,-29.99999269929033,-2.4136350945690295e-09,-6.059407098059141e-07
269.0,4.155232131494298e-08,-29.999992849176525,-2.373810021299459e-09,-5.931488314097847e-07
269.25,4.096099766334646e-08,-29.999992995991185,-2.355668625506239e-09,-5.813684533430452e-07
269.5,4.03750422851059e-08,-29.999993139860752,-2.330863834738189e-09,-5.695880874232767e-07
269.75,3.979612102872806e-08,-29.99999328078523,-2.2993956509796767e-09,-5.5780773741985e-07
270.0,3.922589974215697e-08,-29.99999341876462,-2.261264076748139e-09,-5.460274071021347e-07
270.25,3.866271420266252e-08,-29.999993553915438,-2.243197547736344e-09,-5.351791300149568e-07
270.5,3.810481231395802e-08,-29.999993686354184,-2.218994870710344e-09,-5.243308648832714e-07
270.75,3.755372811281521e-08,-29.99999381608087,-2.1886560476063384e-09,-5.134826151781947e-07
271.0,3.701099563546046e-08,-29.999993943095493,-2.1521810808514155e-09,-5.026343843708417e-07
271.25,3.647507099224031e-08,-29.99999406750541,-2.1342743394737487e-09,-4.926449312178e-07
271.5,3.5944329328376274e-08,-29.99999418941796,-2.1107172462789444e-09,-4.826554897924584e-07
271.75,3.542018323159648e-08,-29.999994308833156,-2.081509803151556e-09,-4.7266606329112604e-07
272.0,3.490404528910142e-08,-29.999994425750998,-2.0466520124281616e-09,-4.6267665491011106e-07
272.25,3.4394483129529815e-08,-29.999994540270382,-2.0289781337594378e-09,-4.5347844942310004e-07
272.5,3.388998978735021e-08,-29.99999465249022,-2.006101473562545e-09,-4.4428025540547094e-07
272.75,3.339186595772455e-08,-29.99999476241051,-1.9780220336676025e-09,-4.3508207580035006e-07
273.0,3.2901412335305215e-08,-29.99999487003126,-1.9447398163209493e-09,-4.258839135508625e-07
273.25,3.241729991621968e-08,-29.999994975443578,-1.927361126429722e-09,-4.174146444163071e-07
273.5,3.1938130976994436e-08,-29.999995078738582,-1.9051919777023378e-09,-4.0894538646752826e-07
273.75,3.14651031321248e-08,-29.999995179916272,-1.878232371912315e-09,-4.0047614241440815e-07
274.0,3.0999413995614836e-08,-29.999995278976655,-1.8464823112164065e-09,-3.920069149668279e-07
274.25,3.053983039183404e-08,-29.99999537600366,-1.8294514132779476e-09,-3.842091321893664e-07
274.5,3.00850558417907e-08,-29.999995471081224,-1.8080098815732534e-09,-3.764113602935109e-07
274.75,2.9636193003719315e-08,-29.999995564209343,-1.7821577178176334e-09,-3.6861360177428304e-07
275.0,2.919434453538144e-08,-29.999995655388027,-1.7518949240792456e-09,-3.608158591267032e-07
275.25,2.8758366113662768e-08,-29.999995744694584,-1.735255654952429e-09,-3.536366006184579e-07
275.5,2.832705510520455e-08,-29.999995832206324,-1.7145556182445605e-09,-3.464573526713241e-07
275.75,2.7901426701701816e-08,-29.999995917923258,-1.6897948156116308e-09,-3.3927811758240975e-07
276.0,2.7482496094394993e-08,-29.999996001845382,-1.6609732490344893e-09,-3.3209889764882193e-07
276.25,2.706920135649736e-08,-29.99999608404391,-1.644761567863269e-09,-3.254893437205991e-07
276.5,2.6660426853547228e-08,-29.99999616459005,-1.6248113696955454e-09,-3.188798000204624e-07
276.75,2.6257107214600458e-08,-29.99999624348381,-1.6011226561273224e-09,-3.122702686632281e-07
277.0,2.5860177068276518e-08,-29.999996320725185,-1.5736954290536828e-09,-3.0566075176371166e-07
277.25,2.546865090713266e-08,-29.999996396379768,-1.5579402400613637e-09,-2.995759055082122e-07
277.5,2.5081493758207815e-08,-29.99999647051314,-1.5387433315345525e-09,-2.9349106913862216e-07
277.75,2.4699566051199383e-08,-29.999996543125302,-1.5161047050089904e-09,-2.874062446018645e-07
278.0,2.43237282153864e-08,-29.99999661421626,-1.4900243622957535e-09,-2.8132143384486125e-07
278.25,2.3953065627876894e-08,-29.99999668384642,-1.474748274360616e-09,-2.757198256707426e-07
278.5,2.3586618109861856e-08,-29.99999675207618,-1.4563038065648102e-09,-2.701182270342021e-07
278.75,2.322517775612729e-08,-29.999996818905537,-1.4346909603838826e-09,-2.6451663972753896e-07
279.0,2.286953666105863e-08,-29.9999968843345,-1.409909737546848e-09,-2.589150655430516e-07
279.25,2.2518845959744387e-08,-29.999996948418694,-1.3951297633379357e-09,-2.537584800583492e-07
279.5,2.2172214834152094e-08,-29.999997011213743,-1.377433131987739e-09,-2.48601903759384e-07
279.75,2.1830372448394973e-08,-29.99999707271965,-1.356819844911978e-09,-2.4344533829605993e-07
280.0,2.149404796620314e-08,-29.999997132936418,-1.333289903759703e-09,-2.3828878531828005e-07
280.25,2.1162453531098158e-08,-29.999997191915266,-1.3190181014232927e-09,-2.3354200891771543e-07
280.5,2.0834762653269665e-08,-29.999997249707423,-1.302061445755971e-09,-2.2879524134985987e-07
280.75,2.0511646545885303e-08,-29.99999730631289,-1.2824199381142602e-09,-2.2404848413348978e-07
281.0,2.019377642174672e-08,-29.999997361731666,-1.2600935800694693e-09,-2.193017387873807e-07
281.25,1.988042103160453e-08,-29.999997416010924,-1.2463376405869141e-09,-2.1493232645842437e-07
281.5,1.9570813551645507e-08,-29.99999746919783,-1.230110298804058e-09,-2.1056292260998925e-07
281.75,1.9265571832286564e-08,-29.99999752129239,-1.2114115560190791e-09,-2.0619352864010606e-07
282.0,1.896531372359537e-08,-29.9999975722946,-1.1902414137278655e-09,-2.0182414594680474e-07
282.25,1.866936050432059e-08,-29.999997622247893,-1.177005197073705e-09,-1.9780220578664364e-07
282.5,1.8377000696710463e-08,-29.999997671195704,-1.161494120602291e-09,-1.937802737574148e-07
282.75,1.8088803015567983e-08,-29.999997719138033,-1.1437081855545e-09,-1.8975835114596818e-07
283.0,1.7805336175363177e-08,-29.99999776607488,-1.1236473933531965e-09,-1.8573643923915292e-07
283.25,1.7525970201301206e-08,-29.99999781204624,-1.1109314166935818e-09,-1.8203443357398312e-07
283.5,1.7250044958196406e-08,-29.999997857092097,-1.0961215458793406e-09,-1.7833243569426987e-07
283.75,1.6978083919442824e-08,-29.999997901212456,-1.0792177820952534e-09,-1.7463044678449383e-07
284.0,1.6710610558117372e-08,-29.999997944407323,-1.0602201266936113e-09,-1.70928468029135e-07
284.25,1.6447040139697972e-08,-29.99999798671351,-1.0480220076552911e-09,-1.67521029680482e-07
284.5,1.618676016075029e-08,-29.999998028167838,-1.033896611095363e-09,-1.6411359877721597e-07
284.75,1.5930252440516685e-08,-29.999998068770307,-1.0178439381438502e-09,-1.607061764095654e-07
285.0,1.5677998797937742e-08,-29.999998108520924,-9.99863990084957e-10,-1.5729876366775803e-07
285.25,1.5429456487345457e-08,-29.999998147453585,-9.881788482305863e-10,-1.5416252639698595e-07
285.5,1.51840571969931e-08,-29.999998185602188,-9.747198283331357e-10,-1.5102629623803045e-07
285.75,1.494224439625981e-08,-29.999998222966735,-9.59486931469319e-10,-1.4789007419434447e-07
286.0,1.4704461554237811e-08,-29.999998259547226,-9.424801588577588e-10,-1.447538612693803e-07
286.25,1.4470204898492826e-08,-29.999998295374873,-9.313009782896986e-10,-1.4186730322564002e-07
286.5,1.4238947119460291e-08,-29.999998330480878,-9.18489145318092e-10,-1.38980751967558e-07
286.75,1.4011096380115698e-08,-29.99999836486525,-9.040446609678779e-10,-1.3609420841869814e-07
287.0,1.3787060843161974e-08,-29.999998398527985,-8.879675263946066e-10,-1.3320767350262378e-07
287.25,1.3566372912074695e-08,-29.999998431497815,-8.772854823991619e-10,-1.3055097281437559e-07
287.5,1.334854332187752e-08,-29.999998463803475,-8.651007994262183e-10,-1.278942785937905e-07
287.75,1.3133947732195483e-08,-29.99999849544496,-8.514134784505432e-10,-1.252375916908861e-07
288.0,1.2922961802394898e-08,-29.999998526422274,-8.362235205671143e-10,-1.2258091295567935e-07
288.25,1.2715151516700461e-08,-29.999998556761863,-8.260282729937276e-10,-1.2013581444039138e-07
288.5,1.2510062911859998e-08,-29.999998586490182,-8.14450073880486e-10,-1.1769072208354131e-07
288.75,1.2308041725644995e-08,-29.99999861560723,-8.014889241536387e-10,-1.1524563666744154e-07
289.0,1.2109433695581547e-08,-29.999998644113003,-7.871448248500698e-10,-1.1280055897440388e-07
289.25,1.1913835978744667e-08,-29.99999867203185,-7.774247808761896e-10,-1.1055025120828097e-07
289.5,1.1720827369594178e-08,-29.999998699388126,-7.66431963497017e-10,-1.0829994930061828e-07
289.75,1.1530726061373598e-08,-29.999998726181826,-7.54166373591971e-10,-1.0604965397140222e-07
290.0,1.1343850247093863e-08,-29.999998752412953,-7.406280121422914e-10,-1.0379936594061875e-07
290.25,1.115982602229141e-08,-29.99999877810392,-7.313705608700371e-10,-1.0172836782427312e-07
290.5,1.0978262579330474e-08,-29.999998803277133,-7.209417575413789e-10,-9.965737527602054e-08
290.75,1.0799452756122822e-08,-29.999998827932604,-7.093416029906151e-10,-9.758638895847509e-08
291.0,1.0623689390359935e-08,-29.999998852070327,-6.965700981457509e-10,-9.551540953425037e-08
291.25,1.0450625442448045e-08,-29.999998875710936,-6.877618193958605e-10,-9.360946568080762e-08
291.5,1.0279898313508317e-08,-29.99999889887506,-6.778755464931094e-10,-9.1703527114963e-08
291.75,1.0111777501981897e-08,-29.999998921562703,-6.669112802283936e-10,-8.979759444651958e-08
292.0,9.946532506101431e-09,-29.999998943773864,-6.548690214788477e-10,-8.789166828528001e-08
292.25,9.783841226601587e-09,-29.999998965527528,-6.464958709723497e-10,-8.613765253224347e-08
292.5,9.623367242360128e-09,-29.999998986842687,-6.371306595300253e-10,-8.438364179635476e-08
292.75,9.465358568519012e-09,-29.999999007719346,-6.267733879010861e-10,-8.2629636638806e-08
293.0,9.310063220022976e-09,-29.999999028157504,-6.154240569141073e-10,-8.087563762078887e-08
293.25,9.157182251576907e-09,-29.999999048174644,-6.074715299486331e-10,-7.926146418665725e-08
293.5,9.006403535374142e-09,-29.999999067788238,-5.986060390798107e-10,-7.764729550936181e-08
293.75,8.857955312303381e-09,-29.99999908699829,-5.888275850168742e-10,-7.60331321053508e-08
294.0,8.712065823066896e-09,-29.999999105804804,-5.781361685420941e-10,-7.441897449107206e-08
294.25,8.568457618143071e-09,-29.999999124223862,-5.705894439613016e-10,-7.293351585171754e-08
294.5,8.426841114503852e-09,-29.999999142271562,-5.622025583714898e-10,-7.144806171905186e-08
294.75,8.287426352319022e-09,-29.999999159947897,-5.529755124436048e-10,-6.99626125683399e-08
295.0,8.150423371582231e-09,-29.99999917725287,-5.429083069158046e-10,-6.847716887484616e-08
295.25,8.015574679191496e-09,-29.999999194201287,-5.357523733392152e-10,-6.711018024138397e-08
295.5,7.882611614323425e-09,-29.999999210807957,-5.278232868350716e-10,-6.574319587459398e-08
295.75,7.751727465131902e-09,-29.99999922707288,-5.191210480376964e-10,-6.437621621183574e-08
296.0,7.623115519604502e-09,-29.99999924299606,-5.096456576432635e-10,-6.300924169046842e-08
296.25,7.496536811960809e-09,-29.999999258591128,-5.028654235017158e-10,-6.175129133675104e-08
296.5,7.37174209783261e-09,-29.99999927387171,-4.953737096144726e-10,-6.049334501973521e-08
296.75,7.248909247082595e-09,-29.9999992888378,-4.871705165808669e-10,-5.9235403141892994e-08
297.0,7.128216129416511e-09,-29.999999303489407,-4.782558450571488e-10,-5.797746610569609e-08
297.25,7.009440979573244e-09,-29.99999931783907,-4.718362339907562e-10,-5.681987106828387e-08
297.5,6.892352572248201e-09,-29.99999933189934,-4.6476190500131663e-10,-5.566227984752012e-08
297.75,6.777114586852492e-09,-29.99999934567021,-4.5703285865477235e-10,-5.4504692813767705e-08
298.0,6.663890702649194e-09,-29.999999359151687,-4.486490955694425e-10,-5.334711033738915e-08
298.25,6.552475122998539e-09,-29.999999372355312,-4.4257512869993787e-10,-5.228187729279622e-08
298.5,6.442653344746303e-09,-29.99999938529263,-4.3589868446709763e-10,-5.1216647854550806e-08
298.75,6.334575987167559e-09,-29.999999397963638,-4.2861976340503334e-10,-5.0151422363464146e-08
299.0,6.228393669397829e-09,-29.99999941036834,-4.207383660960543e-10,-4.908620116034718e-08
299.25,6.123915419606559e-09,-29.999999422517362,-4.1499523238774665e-10,-4.8105971852667875e-08
299.5,6.020942253107438e-09,-29.99999943442133,-4.0869769983913006e-10,-4.712574595059067e-08
299.75,5.919612769548494e-09,-29.99999944608024,-4.018457689540034e-10,-4.61455237677296e-08
300.0,5.820065568446258e-09,-29.99999945749409,-3.9443944028051703e-10,-4.51653056176984e-08
