time_s,x_m,y_m,vx_mps,vy_mps
0.0,0.0,-30.0,0.0,0.0
0.25,3.8605227437695503e-10,-30.00000000000048,6.373361560729762e-11,-6.240890066017927e-13
0.5,5.195965462276226e-10,-30.000000000001222,1.2746594058032912e-10,-2.04955270117544e-12
0.75,2.0107688735185813e-09,-30.00000000000423,1.9119654470767244e-10,-3.5110678607945118e-12
1.0,1.813097021422702e-09,-30.00000000000423,2.549326999501389e-10,-2.612960284101912e-12
1.25,2.468040347184157e-09,-30.00000000000408,3.119689367947487e-10,-3.272077453412276e-12
1.5,2.7917650669699203e-09,-30.000000000005258,3.690038205550472e-10,-3.386766276611629e-12
1.75,2.5317643927383784e-09,-30.000000000005926,4.260362895802672e-10,-3.722346427445206e-12
2.0,3.2981739981225395e-09,-30.000000000007994,4.830750313655763e-10,-3.5135118212459764e-12
2.25,2.9758533306495985e-09,-30.000000000003688,5.342220762982741e-10,-3.2222314125081225e-12
2.5,4.106240150777082e-09,-30.000000000004906,5.853687326529133e-10,-4.058013446477774e-12
2.75,3.6428777744935515e-09,-29.99999999999977,6.365200033719987e-10,-3.6251844696379175e-12
3.0,4.127196701227626e-09,-30.000000000000814,6.876651262310851e-10,-4.031055354822277e-12
3.25,5.306690002511848e-09,-30.000000000005695,7.339014396201549e-10,-6.022923561333367e-12
3.5,5.9975244763755314e-09,-30.000000000011568,7.801381068928137e-10,-7.508717217115528e-12
3.75,7.809813206660137e-09,-30.00000000002588,8.263560113963564e-10,-1.0451533818761715e-11
4.0,7.697161241307234e-09,-30.00000000002211,8.726102271316982e-10,-1.0636900072322941e-11
4.25,8.20091811552748e-09,-30.000000000029686,9.122665747818282e-10,-1.1049801291874875e-11
4.5,9.068596989947291e-09,-30.00000000004105,9.51925961667488e-10,-1.2483578382926945e-11
4.75,9.116391352612468e-09,-30.00000000004679,9.915966381335295e-10,-1.1921409959568823e-11
5.0,1.0885736583052746e-08,-30.000000000057025,1.0312600565165475e-09,-1.4199087692840112e-11
5.25,1.0398826358654069e-08,-30.000000000060396,1.0652071724681633e-09,-1.3104768772452965e-11
5.5,1.019713648599032e-08,-30.000000000059607,1.0991586113506813e-09,-1.2595583070662256e-11
5.75,1.0959437859257229e-08,-30.00000000006245,1.1330997667924336e-09,-1.3580955777485692e-11
6.0,1.057058940797831e-08,-30.000000000058343,1.1670373417649316e-09,-1.4718888684053977e-11
6.25,1.1571959330076194e-08,-30.000000000067043,1.1983810749294221e-09,-1.536989849189543e-11
6.5,1.0917161845402021e-08,-30.000000000062627,1.2297290200025124e-09,-1.4974181740069768e-11
6.75,1.1147503066777055e-08,-30.00000000007275,1.2610635938270498e-09,-1.472947584738224e-11
7.0,1.1079313908409954e-08,-30.00000000006915,1.292417610432306e-09,-1.4347675982714824e-11
7.25,1.1391241803161183e-08,-30.000000000073687,1.3207464497067e-09,-1.4713349024894545e-11
7.5,1.183080575528047e-08,-30.000000000079073,1.3490775094271434e-09,-1.5705444252501687e-11
7.75,1.2145469479109418e-08,-30.00000000008481,1.3774112753162093e-09,-1.62702645823788e-11
8.0,1.1151478620773354e-08,-30.000000000074223,1.4057578295867401e-09,-1.6119543410629416e-11
8.25,1.1390090479451631e-08,-30.000000000078423,1.4316886148835195e-09,-1.6428509895885372e-11
8.5,1.260889744399372e-08,-30.000000000082522,1.4576056403536874e-09,-1.7983575146951506e-11
8.75,1.1761318503472214e-08,-30.000000000079854,1.483530860657556e-09,-1.6570079492772294e-11
9.0,1.3251272084104689e-08,-30.00000000010689,1.509410318956128e-09,-1.913096860662145e-11
9.25,1.4032613331494931e-08,-30.00000000011236,1.5315592821751878e-09,-2.050323080262015e-11
9.5,1.3852594374764604e-08,-30.00000000011505,1.5537130332310412e-09,-2.0579658040368047e-11
9.75,1.3390193213552625e-08,-30.000000000099885,1.575893318617183e-09,-2.0270032504203662e-11
10.0,1.3323910568823815e-08,-30.000000000096,1.598057276785969e-09,-2.0483440766518975e-11
10.25,1.4332382877033853e-08,-30.000000000118586,1.618298064998136e-09,-2.1197760407539094e-11
10.5,1.336954789164847e-08,-30.000000000110024,1.6385643258898241e-09,-2.0038665144730853e-11
10.75,1.4839085105640466e-08,-30.0000000001288,1.6588041357179506e-09,-2.122050709032575e-11
11.0,1.569496521606731e-08,-30.000000000116348,1.6790759893581253e-09,-2.2348150627066898e-11
11.25,1.5684226921211162e-08,-30.00000000010424,1.695839427218182e-09,-2.4141941692613387e-11
11.5,1.5485306632951456e-08,-30.000000000121123,1.712580244284112e-09,-2.4825122187987433e-11
11.75,1.4846334741491459e-08,-30.000000000111093,1.7293506626714361e-09,-2.42541701390382e-11
12.0,1.6308227328871284e-08,-30.00000000012846,1.7461062595813814e-09,-2.544560102733468e-11
12.25,1.682443966922456e-08,-30.000000000152767,1.7609592117828754e-09,-2.7796510647578578e-11
12.5,1.8005216521476612e-08,-30.00000000018211,1.7758371925746808e-09,-2.8747991850680188e-11
12.75,1.86671272260168e-08,-30.00000000017593,1.7907357471869112e-09,-2.9830788846516e-11
13.0,1.855693902681096e-08,-30.000000000178577,1.8056470693639248e-09,-2.99910245109713e-11
13.25,1.9284895816568547e-08,-30.000000000189097,1.8175886629112625e-09,-3.023777109046118e-11
13.5,1.8735941422503704e-08,-30.000000000180368,1.8295626333375559e-09,-2.927219690029861e-11
13.75,1.8519890936927007e-08,-30.000000000180624,1.8415513072800316e-09,-2.7238228666938046e-11
14.0,2.0246526809675486e-08,-30.000000000219753,1.853450393163314e-09,-2.973605609865401e-11
14.25,2.0870059156969744e-08,-30.000000000225064,1.8631394829715653e-09,-2.978741906681165e-11
14.5,2.106885445291816e-08,-30.00000000022502,1.872816346448758e-09,-3.0155318794112104e-11
14.75,2.245268256126721e-08,-30.00000000024964,1.882445727074966e-09,-3.2802595789283195e-11
15.0,2.1975336626226424e-08,-30.000000000251546,1.8920961811219605e-09,-3.260550409923358e-11
15.25,2.2178019120820314e-08,-30.000000000261586,1.899629412105419e-09,-3.2544402425101384e-11
15.5,2.1877179055973484e-08,-30.00000000024796,1.9072402268616173e-09,-3.145796485115577e-11
15.75,2.2682048602736446e-08,-30.00000000027078,1.914772077005189e-09,-3.22165649676925e-11
16.0,2.2477901179020036e-08,-30.000000000280686,1.9223658914713226e-09,-3.166119444247589e-11
16.25,2.2874728511911767e-08,-30.00000000029424,1.9288901170755324e-09,-3.264422276805325e-11
16.5,2.2689021477291345e-08,-30.000000000277467,1.935496589389185e-09,-3.125926227331778e-11
16.75,2.4461104198300772e-08,-30.000000000309107,1.9420006366899223e-09,-3.3249190382463253e-11
17.0,2.514486927513481e-08,-30.000000000334012,1.948509922855557e-09,-3.349093365759922e-11
17.25,2.5419421771345222e-08,-30.000000000336993,1.9524778391288855e-09,-3.375409769029179e-11
17.5,2.59635954342102e-08,-30.000000000318,1.956472206465776e-09,-3.4997046640703545e-11
17.75,2.6523335573572234e-08,-30.000000000346137,1.9603760628705835e-09,-3.5253911734263424e-11
18.0,2.5915751115572585e-08,-30.00000000035468,1.964342674631858e-09,-3.4239316737642695e-11
18.25,2.6682522938525255e-08,-30.000000000352287,1.9673872531100756e-09,-3.586011768844202e-11
18.5,2.670729157054076e-08,-30.00000000036922,1.9704033196732418e-09,-3.606289376209742e-11
18.75,2.667009068428706e-08,-30.00000000034695,1.9734954503913826e-09,-3.575951423737818e-11
19.0,2.631740983699942e-08,-30.00000000032389,1.9765533584847894e-09,-3.571316218209186e-11
19.25,2.7259166146004663e-08,-30.00000000032034,1.9790139874076296e-09,-3.696546625308274e-11
19.5,2.6449132122046724e-08,-30.00000000028461,1.9815697901992557e-09,-3.622524311862097e-11
19.75,2.6427680290088436e-08,-30.0000000002862,1.984114032793638e-09,-3.559801213883985e-11
20.0,2.6942509412386064e-08,-30.000000000305004,1.9865313144462604e-09,-3.766612716414142e-11
20.25,2.681093008460856e-08,-30.000000000270003,1.988373930783549e-09,-3.849191860082358e-11
20.5,2.6710453103797172e-08,-30.000000000239122,1.9902095457768887e-09,-3.899778231025885e-11
20.75,2.6388140673513347e-08,-30.000000000219917,1.9920372920645413e-09,-3.903947369508902e-11
21.0,2.6522106469591203e-08,-30.00000000024157,1.993831461044593e-09,-3.952611761992585e-11
21.25,2.7791130348623093e-08,-30.00000000030477,1.995711873536976e-09,-4.1370333178027414e-11
21.5,2.8081558712513743e-08,-30.00000000031371,1.99767353353808e-09,-4.141016268278824e-11
21.75,2.9001145356194933e-08,-30.00000000037805,1.999605377112079e-09,-4.251643074407075e-11
22.0,2.9368762900838343e-08,-30.000000000364974,2.0016292651137135e-09,-4.2584180979717253e-11
22.25,3.0792854405327284e-08,-30.000000000355925,2.0012780876932368e-09,-4.442491958087037e-11
22.5,3.115768748387496e-08,-30.00000000033917,2.0009284784627823e-09,-4.584494434518844e-11
22.75,3.0210320588226146e-08,-30.000000000319222,2.0005750112073173e-09,-4.579009129537712e-11
23.0,3.142335076992336e-08,-30.00000000033885,2.0002216757908364e-09,-4.6512698675490735e-11
23.25,3.0819791696150065e-08,-30.0000000003068,1.9983719332095085e-09,-4.6342487856459684e-11
23.5,3.2802475852619236e-08,-30.00000000032085,1.9964729244814627e-09,-4.8622996092897314e-11
23.75,3.246269677415599e-08,-30.000000000291543,1.9946345269916677e-09,-4.885255028540459e-11
24.0,3.327145432054615e-08,-30.000000000322135,1.9927397440500094e-09,-5.0190145388805335e-11
24.25,3.40455680569018e-08,-30.000000000362807,1.9895704320149754e-09,-5.140403863113985e-11
24.5,3.453287993830596e-08,-30.00000000038799,1.986434371159529e-09,-5.147533325643607e-11
24.75,3.5411403533493244e-08,-30.00000000042683,1.9832486902737756e-09,-5.222141219542688e-11
25.0,3.735994168753494e-08,-30.000000000479947,1.9800723075058535e-09,-5.4553775588515195e-11
25.25,3.82636387254689e-08,-30.000000000497817,1.974122705583614e-09,-5.614053249420259e-11
25.5,3.8799660688564624e-08,-30.000000000538037,1.9680904267405097e-09,-5.705695625734948e-11
25.75,3.8716724382189504e-08,-30.000000000544354,1.962098393482048e-09,-5.716230862976182e-11
26.0,3.962459320295371e-08,-30.000000000543928,1.9562015132756905e-09,-5.751234304970608e-11
26.25,3.940762349845825e-08,-30.000000000513097,1.949093803021995e-09,-5.581584835545219e-11
26.5,3.967468793598987e-08,-30.000000000508216,1.9419931843178695e-09,-5.4982219886362796e-11
26.75,4.0174563779408435e-08,-30.0000000004727,1.9348793817153265e-09,-5.486663252464718e-11
27.0,4.0651648229997225e-08,-30.00000000049496,1.9276529400480413e-09,-5.532181504520823e-11
27.25,4.1785604244336746e-08,-30.000000000546166,1.9202330350798213e-09,-5.72551206094176e-11
27.5,4.146170172442155e-08,-30.000000000569347,1.9128825745617917e-09,-5.6602139344738614e-11
27.75,4.222233398321355e-08,-30.00000000056384,1.9055177644111687e-09,-5.819843320520617e-11
28.0,4.2880020463475535e-08,-30.00000000061731,1.898096117780579e-09,-5.902435980407557e-11
28.25,4.225369220770749e-08,-30.000000000612246,1.8896712944416194e-09,-5.785114269287606e-11
28.5,4.288295302376656e-08,-30.000000000636994,1.8812217894570438e-09,-5.86378037810235e-11
28.75,4.358303888348188e-08,-30.000000000690505,1.8726906761412643e-09,-6.018404895942276e-11
29.0,4.503465037995996e-08,-30.00000000071495,1.864288022568328e-09,-6.067675612067607e-11
29.25,4.512130003765874e-08,-30.000000000706077,1.854962766723034e-09,-6.055844985926772e-11
29.5,4.5452635581370364e-08,-30.000000000694097,1.845646108167287e-09,-6.091367353624876e-11
29.75,4.5774720398747736e-08,-30.000000000706336,1.8362810508265603e-09,-5.977625536354578e-11
30.0,4.6766348980690467e-08,-30.00000000074307,1.8268306450908156e-09,-6.078493156995849e-11
30.25,4.8175538365868694e-08,-30.000000000773298,1.8169652726829355e-09,-6.105406696435432e-11
30.5,4.881756479696541e-08,-30.000000000791562,1.807109600848733e-09,-6.121946728090058e-11
30.75,4.937024084827365e-08,-30.000000000826592,1.7972308224978306e-09,-6.12799952362261e-11
31.0,5.051338854106917e-08,-30.00000000084952,1.7874436306075658e-09,-6.21497081012241e-11
31.25,5.106229388310237e-08,-30.000000000853458,1.7754762243749056e-09,-6.345982782612198e-11
31.5,4.983432672693131e-08,-30.000000000771823,1.7636512111840474e-09,-6.227258029362085e-11
31.75,5.029740360832812e-08,-30.00000000079099,1.7517584605108993e-09,-6.174350174143684e-11
32.0,5.033811660578494e-08,-30.00000000081156,1.7399595722555894e-09,-6.053551639212271e-11
32.25,5.156704463722458e-08,-30.00000000083834,1.7291489698423312e-09,-6.155590028446325e-11
32.5,5.18687775345592e-08,-30.0000000008281,1.7183526476727273e-09,-6.160659150404232e-11
32.75,5.2850689901029105e-08,-30.00000000087299,1.7075233796348677e-09,-6.174021367586051e-11
33.0,5.3331288265958534e-08,-30.00000000087528,1.6967844351789552e-09,-6.258292710496406e-11
33.25,5.491680412816178e-08,-30.000000000957098,1.6845883923921612e-09,-6.331072962986905e-11
33.5,5.549512673655017e-08,-30.00000000098473,1.6724614956831196e-09,-6.354742637826422e-11
33.75,5.574511742448783e-08,-30.000000000957602,1.6602905716922578e-09,-6.328873649448663e-11
34.0,5.6342279536910834e-08,-30.00000000096297,1.6481345732621833e-09,-6.43572118041375e-11
34.25,5.5172402872955095e-08,-30.000000000922263,1.6348107312325055e-09,-6.26335001271543e-11
34.5,5.477329711810207e-08,-30.00000000096512,1.6214443121498334e-09,-6.117959010941712e-11
34.75,5.489882215300309e-08,-30.000000000910465,1.608076970194272e-09,-6.167320466857594e-11
35.0,5.5290370056073495e-08,-30.00000000089666,1.5946648931897123e-09,-6.305818060161712e-11
35.25,5.569613915558853e-08,-30.000000000887074,1.5832167868379265e-09,-6.344993484729945e-11
35.5,5.493146058210578e-08,-30.00000000086538,1.5718414417276172e-09,-6.15752963548065e-11
35.75,5.553628150474276e-08,-30.000000000906194,1.5603252440099524e-09,-6.135514177481195e-11
36.0,5.633063299887109e-08,-30.00000000087696,1.5489146909519746e-09,-6.251086965551858e-11
36.25,5.705569048399438e-08,-30.00000000091442,1.5375112155657789e-09,-6.398401893422824e-11
36.5,5.8395018882100475e-08,-30.000000000902485,1.5262269087434888e-09,-6.4868966679337e-11
36.75,5.9156761244186316e-08,-30.000000000997176,1.5147354481825914e-09,-6.668418678542862e-11
37.0,5.9094007673572304e-08,-30.000000001042995,1.5034014380632676e-09,-6.656963312225079e-11
37.25,5.8888067640034754e-08,-30.000000000981387,1.4910045351146373e-09,-6.538421413878041e-11
37.5,5.9210440365052195e-08,-30.000000000986976,1.4785773508330102e-09,-6.499145245793398e-11
37.75,5.887645155924736e-08,-30.00000000103912,1.4660865785276478e-09,-6.328067053682718e-11
38.0,5.856737874873406e-08,-30.00000000107941,1.4535386783087745e-09,-6.298305084868142e-11
38.25,5.8959528451290586e-08,-30.0000000011663,1.4423825189791017e-09,-6.325098926560758e-11
38.5,5.8870797678264236e-08,-30.00000000121956,1.431267236673417e-09,-6.37381904880154e-11
38.75,5.8982580954773736e-08,-30.000000001180933,1.4202415146713498e-09,-6.353646310502966e-11
39.0,5.996606853448077e-08,-30.00000000122532,1.4091585537334694e-09,-6.537051942163515e-11
39.25,5.971395987490545e-08,-30.000000001113424,1.3981421506659153e-09,-6.426098208095384e-11
39.5,5.982779345239508e-08,-30.00000000106053,1.3870556092587805e-09,-6.398761501552647e-11
39.75,6.005595317160859e-08,-30.000000001025384,1.3759455588790992e-09,-6.349775662156905e-11
40.0,5.921650138249332e-08,-30.00000000092409,1.3649643498814257e-09,-6.068878122040393e-11
40.25,5.8913366071321257e-08,-30.00000000091473,1.3553019401202349e-09,-6.031145073985388e-11
40.5,5.983061724665968e-08,-30.000000000881755,1.3456531444688835e-09,-6.139668039903392e-11
40.75,5.798737638600007e-08,-30.000000000786308,1.3360770129144939e-09,-5.95837861655002e-11
41.0,5.871681469142324e-08,-30.00000000078412,1.3263975126576177e-09,-6.013855303987155e-11
41.25,5.897100232205556e-08,-30.00000000082016,1.3178844335270945e-09,-5.981151339690254e-11
41.5,5.9434185502265045e-08,-30.00000000077802,1.3095485876246649e-09,-5.946764073179217e-11
41.75,5.98494655020877e-08,-30.00000000073048,1.3012084396080148e-09,-5.895417085540127e-11
42.0,5.995986030307385e-08,-30.00000000074984,1.2927394224537814e-09,-5.8120833731412845e-11
42.25,6.137716845972913e-08,-30.000000000822478,1.2838999932651696e-09,-5.983189427522856e-11
42.5,6.198662309421183e-08,-30.00000000087364,1.2752022354733938e-09,-5.912602930946412e-11
42.75,6.153682475027017e-08,-30.000000000857913,1.2664224946501434e-09,-5.949033246741264e-11
43.0,6.163686540932413e-08,-30.000000000819966,1.2576538699349271e-09,-6.016308071155956e-11
43.25,6.202682996996269e-08,-30.000000000889425,1.2483528794016152e-09,-6.006275258559733e-11
43.5,6.246097448358979e-08,-30.000000000904723,1.2391697945535185e-09,-5.9076545167961e-11
43.75,6.17549158138883e-08,-30.000000000832173,1.2300088239602935e-09,-5.782168895155423e-11
44.0,6.151481584714656e-08,-30.000000000775557,1.2209108446459283e-09,-5.64445764975995e-11
44.25,6.14864072665156e-08,-30.000000000747107,1.2125211390490165e-09,-5.6654507794051716e-11
44.5,6.141540955323292e-08,-30.000000000758547,1.2041791522254819e-09,-5.5542564840339334e-11
44.75,6.105342003727147e-08,-30.000000000704862,1.1959698023589205e-09,-5.387933859860408e-11
45.0,6.107338428815853e-08,-30.000000000702364,1.1875664063243363e-09,-5.4380294799390096e-11
45.25,6.121801423471243e-08,-30.000000000820265,1.1801179616854895e-09,-5.4227811354601407e-11
45.5,6.124791402435576e-08,-30.00000000077852,1.1728268911603834e-09,-5.414791350332576e-11
45.75,6.183299972311239e-08,-30.000000000751708,1.165609352093977e-09,-5.413639529870665e-11
46.0,6.178286608086921e-08,-30.000000000818073,1.1582735603976602e-09,-5.298386710901076e-11
46.25,6.17853825060729e-08,-30.00000000080299,1.1509793673702973e-09,-5.252003424791253e-11
46.5,6.251331102041939e-08,-30.00000000082305,1.1436514443796675e-09,-5.274099451695656e-11
46.75,6.278231886922773e-08,-30.000000000838796,1.1362954605020903e-09,-5.335830155374847e-11
47.0,6.326813199299744e-08,-30.00000000090826,1.1289504123213057e-09,-5.3463242771180316e-11
47.25,6.372574732679105e-08,-30.0000000008659,1.121350456934067e-09,-5.198640532664752e-11
47.5,6.482156778259984e-08,-30.00000000094448,1.1135004862605768e-09,-5.348181180670259e-11
47.75,6.538066535640842e-08,-30.000000000928004,1.1057414844861668e-09,-5.403576549490008e-11
48.0,6.607245582305337e-08,-30.000000000990667,1.0978843945075312e-09,-5.4548859338261555e-11
48.25,6.664575330606371e-08,-30.000000001082068,1.0884685097689584e-09,-5.570765673271968e-11
48.5,6.777934752409777e-08,-30.00000000120238,1.0790756205247831e-09,-5.668688111069636e-11
48.75,6.735910145874703e-08,-30.00000000125647,1.0698210164972188e-09,-5.5237972399613e-11
49.0,6.792689514570588e-08,-30.0000000012884,1.0605549424780314e-09,-5.528498939443371e-11
49.25,6.829532464600215e-08,-30.000000001311786,1.0506944411736718e-09,-5.468486610798944e-11
49.5,6.913995465653362e-08,-30.000000001384883,1.040696757936832e-09,-5.52845490983877e-11
49.75,6.928313578085338e-08,-30.000000001345462,1.0308587247709333e-09,-5.499002387260471e-11
50.0,6.846407397965396e-08,-30.000000001314923,1.0209919854009541e-09,-5.364631428855814e-11
50.25,6.922451921893893e-08,-30.000000001340446,1.0113940657197062e-09,-5.520295807997339e-11
50.5,6.94538305234897e-08,-30.000000001264123,1.0019544638417699e-09,-5.557685187671966e-11
50.75,6.981754760752665e-08,-30.000000001318234,9.924679481021492e-10,-5.475627635155504e-11
51.0,7.007131588597524e-08,-30.000000001333262,9.830314687264696e-10,-5.533535429977198e-11
51.25,7.088723678768255e-08,-30.000000001425608,9.72993546843881e-10,-5.54543275891299e-11
51.5,7.108796545277443e-08,-30.00000000142947,9.631748107419291e-10,-5.487169707517761e-11
51.75,7.04124467690353e-08,-30.00000000146444,9.532735711914597e-10,-5.342550973613455e-11
52.0,6.95428923427969e-08,-30.000000001471953,9.43359577953995e-10,-5.203083205023875e-11
52.25,7.008783508776026e-08,-30.000000001507157,9.345651613701378e-10,-5.272126701322872e-11
52.5,6.993357126295047e-08,-30.00000000146379,9.258783462140485e-10,-5.3182206396854405e-11
52.75,6.882584583454157e-08,-30.0000000013441,9.17350702345221e-10,-5.1450146194648375e-11
53.0,6.929585879613013e-08,-30.0000000013754,9.086172786387792e-10,-5.1436597031678044e-11
53.25,6.830376613714116e-08,-30.000000001335017,9.01008483100707e-10,-4.8999388075137404e-11
53.5,6.838767733602531e-08,-30.00000000133467,8.932125178384709e-10,-4.890454280441383e-11
53.75,6.743403218496671e-08,-30.000000001263867,8.856330599438245e-10,-4.527620924724229e-11
54.0,6.890690608595914e-08,-30.000000001350696,8.778502161299606e-10,-4.581158527218902e-11
54.25,6.976670484043336e-08,-30.000000001369006,8.709699905740109e-10,-4.635606462742988e-11
54.5,6.975916276787228e-08,-30.000000001319272,8.641980117629622e-10,-4.671692096994516e-11
54.75,6.955234149569663e-08,-30.000000001375337,8.572804757744912e-10,-4.687849762067971e-11
55.0,6.890630659636721e-08,-30.00000000130511,8.505368284672521e-10,-4.489359512042676e-11
55.25,6.849270716282915e-08,-30.00000000122471,8.444046087352497e-10,-4.261217916002683e-11
55.5,6.897940896556013e-08,-30.00000000130889,8.380618074510515e-10,-4.271694510675379e-11
55.75,6.919348389046708e-08,-30.000000001325116,8.318280161900837e-10,-4.220518352028771e-11
56.0,6.98101197185044e-08,-30.00000000133153,8.255804581636106e-10,-4.198048741191078e-11
56.25,6.964556220305353e-08,-30.000000001268404,8.191580191940773e-10,-4.174366565920049e-11
56.5,7.029695173047963e-08,-30.000000001369116,8.12579892262022e-10,-4.2551620659111363e-11
56.75,7.059162628523642e-08,-30.00000000139896,8.061102202416848e-10,-4.3220945350835826e-11
57.0,7.120846103664531e-08,-30.000000001357918,7.998077269921744e-10,-4.2844128870419155e-11
57.25,7.095252146584734e-08,-30.00000000135834,7.928575573856733e-10,-4.290226285295243e-11
57.5,7.050637206749097e-08,-30.000000001341693,7.860105483148416e-10,-4.162089076563493e-11
57.75,7.054884120583728e-08,-30.000000001308095,7.791464071149612e-10,-4.1726473164528997e-11
58.0,7.082180719540967e-08,-30.00000000131335,7.722016220901295e-10,-4.215895940650056e-11
58.25,7.014161586259783e-08,-30.00000000129335,7.662132178731795e-10,-4.087482168327838e-11
58.5,7.104567099127995e-08,-30.00000000137077,7.599553347725774e-10,-4.2639951801857174e-11
58.75,7.142104086200677e-08,-30.000000001419757,7.538605573120805e-10,-4.2492078734972054e-11
59.0,7.193879873317076e-08,-30.00000000155629,7.475604232864974e-10,-4.314117182354671e-11
59.25,7.23601524181134e-08,-30.000000001544173,7.41269413906398e-10,-4.263392286050966e-11
59.5,7.241525228849936e-08,-30.000000001611347,7.34948837899374e-10,-4.173472112818207e-11
59.75,7.279070939796048e-08,-30.000000001641638,7.286122261085382e-10,-4.135601597199684e-11
60.0,7.322829647321355e-08,-30.000000001688583,7.22024127985943e-10,-4.133730743108947e-11
60.25,7.254849473879746e-08,-30.000000001625647,7.154411646448366e-10,-3.9583685718852557e-11
60.5,7.32805331613114e-08,-30.000000001695717,7.085160999564799e-10,-4.091841708628592e-11
60.75,7.424886454792202e-08,-30.000000001714284,7.015816538835651e-10,-4.142867902385007e-11
61.0,7.426209392534138e-08,-30.000000001727596,6.946881472846833e-10,-4.082886146329524e-11
61.25,7.400307158610746e-08,-30.000000001677066,6.877888189538162e-10,-3.9115686488832904e-11
61.5,7.414257430768197e-08,-30.000000001678885,6.8096697031228e-10,-3.811829329514472e-11
61.75,7.535530703539905e-08,-30.000000001791744,6.73752581503706e-10,-3.871561726816602e-11
62.0,7.55328944506858e-08,-30.000000001821018,6.667557617134889e-10,-3.869322783445724e-11
62.25,7.628733303773008e-08,-30.000000001773593,6.593521076347919e-10,-3.8151757009718375e-11
62.5,7.73520569727929e-08,-30.000000001816694,6.519548303995926e-10,-3.879910663924636e-11
62.75,7.754785203003266e-08,-30.00000000181875,6.44485576017928e-10,-3.851712632465987e-11
63.0,7.755771293877835e-08,-30.00000000172125,6.369946722872832e-10,-3.913291311978792e-11
63.25,7.804805426718493e-08,-30.000000001698503,6.286689710477411e-10,-3.9676385263844765e-11
63.5,7.783560869226534e-08,-30.000000001675552,6.202744706751417e-10,-3.808917145128254e-11
63.75,7.852389807562188e-08,-30.00000000177727,6.117493525636952e-10,-3.9070494198692914e-11
64.0,7.800919595638311e-08,-30.000000001744528,6.034516150665858e-10,-3.856517511181072e-11
64.25,7.789083980434515e-08,-30.00000000176033,5.953353435228514e-10,-3.853833416142031e-11
64.5,7.698991516016174e-08,-30.0000000016895,5.876201122911873e-10,-3.598132350164442e-11
64.75,7.783443950893044e-08,-30.00000000178409,5.79775921716319e-10,-3.47923169361879e-11
65.0,7.73878644194422e-08,-30.000000001772175,5.719108103763304e-10,-3.3489035644116875e-11
65.25,7.81823759112117e-08,-30.000000001848367,5.64983844431044e-10,-3.5167452743952946e-11
65.5,7.810610357278548e-08,-30.000000001865192,5.581617806837968e-10,-3.477299272627511e-11
65.75,7.876233426520733e-08,-30.000000001949473,5.513481685093247e-10,-3.42670338163082e-11
66.0,7.804798634115986e-08,-30.000000001835634,5.444598383252952e-10,-3.412166274661793e-11
66.25,7.755331517455489e-08,-30.00000000182472,5.376992948114001e-10,-3.267251489864814e-11
66.5,7.703711057515442e-08,-30.00000000173112,5.310047332396373e-10,-3.250659936250867e-11
66.75,7.623202377075547e-08,-30.000000001717,5.242157957718874e-10,-3.073105257696393e-11
67.0,7.674985688687355e-08,-30.00000000179489,5.174086575854275e-10,-3.023240655941372e-11
67.25,7.648346197196654e-08,-30.000000001753836,5.122712531946405e-10,-2.9793496455849894e-11
67.5,7.610287432299334e-08,-30.00000000170952,5.070852696076322e-10,-2.928426068516237e-11
67.75,7.628245350374522e-08,-30.000000001720185,5.018287660418785e-10,-2.9615145923018804e-11
68.0,7.584383258577565e-08,-30.000000001643443,4.967763422847327e-10,-2.869372714060566e-11
68.25,7.545691985153435e-08,-30.000000001595104,4.927207739036099e-10,-2.9318069828963005e-11
68.5,7.48629661716541e-08,-30.00000000161947,4.886888185784422e-10,-2.76200056583669e-11
68.75,7.568280052074952e-08,-30.000000001614936,4.846988227447113e-10,-2.7394455830864347e-11
69.0,7.577348699980369e-08,-30.000000001829335,4.803713885004335e-10,-2.8178036131237132e-11
69.25,7.585010315483149e-08,-30.000000001798107,4.767132869010204e-10,-2.8224977335071968e-11
69.5,7.563579307193502e-08,-30.000000001796536,4.731158589899032e-10,-2.7343224222875873e-11
69.75,7.580016859812292e-08,-30.00000000194072,4.691502464293507e-10,-2.641118583158214e-11
70.0,7.61119399205969e-08,-30.00000000192549,4.655438048950522e-10,-2.5341645430647765e-11
70.25,7.630318644588273e-08,-30.000000001909406,4.6185997387704347e-10,-2.4867872414648658e-11
70.5,7.610581211798486e-08,-30.000000002050538,4.579604889753952e-10,-2.4834157821872668e-11
70.75,7.529808360197298e-08,-30.000000001926264,4.5450909702537956e-10,-2.3324125773047005e-11
71.0,7.54686774375962e-08,-30.000000001843148,4.50827708498025e-10,-2.4077853027540672e-11
71.25,7.450210448647688e-08,-30.000000001693376,4.480906895532044e-10,-2.219395281698133e-11
71.5,7.399610575282092e-08,-30.000000001667555,4.4525696324404507e-10,-2.047073013107905e-11
71.75,7.37011350314772e-08,-30.000000001690854,4.4249091890602443e-10,-1.9689340284957006e-11
72.0,7.33677319539938e-08,-30.000000001687958,4.3976423891312066e-10,-1.87904161439031e-11
72.25,7.365572202861781e-08,-30.000000001891166,4.3836554525222837e-10,-1.9704637946633133e-11
72.5,7.341597726464974e-08,-30.000000001800622,4.373480189112655e-10,-1.9328413846387767e-11
72.75,7.237067971997542e-08,-30.000000001687663,4.3644411001908523e-10,-1.7495245171717428e-11
73.0,7.305495789051024e-08,-30.000000001705544,4.3544445826881883e-10,-1.8127547900642244e-11
73.25,7.243501183896749e-08,-30.000000001547658,4.349224314026401e-10,-1.7043856640302834e-11
73.5,7.209857062314915e-08,-30.00000000152256,4.34227341583604e-10,-1.6160190854742534e-11
73.75,7.272433480968864e-08,-30.000000001630784,4.3328323567903837e-10,-1.638273410048996e-11
74.0,7.221656225208181e-08,-30.000000001523784,4.327485383925911e-10,-1.5507188113653723e-11
74.25,7.121517695254752e-08,-30.00000000166491,4.326656533049089e-10,-1.3537390402422481e-11
74.5,7.1375804926355e-08,-30.00000000155242,4.3288343742897695e-10,-1.3343769940876536e-11
74.75,7.148215180810788e-08,-30.000000001494257,4.329766267741064e-10,-1.3688519998906072e-11
75.0,7.221298642678764e-08,-30.00000000149065,4.329447772510875e-10,-1.4571535201875957e-11
75.25,7.238128113704893e-08,-30.000000001500034,4.3306192659686715e-10,-1.390114195380938e-11
75.5,7.360369786407657e-08,-30.000000001485684,4.3313793524069055e-10,-1.5457066071092933e-11
75.75,7.37454631473907e-08,-30.0000000015576,4.330124175888628e-10,-1.514016095184242e-11
76.0,7.44232000312851e-08,-30.000000001679137,4.3271990157744966e-10,-1.674927377621823e-11
76.25,7.444993161425781e-08,-30.000000001806534,4.308017692578048e-10,-1.7130170451558534e-11
76.5,7.451453088808647e-08,-30.000000001823555,4.2901057012434407e-10,-1.7346355534088685e-11
76.75,7.343018362338755e-08,-30.000000001684956,4.276245121892508e-10,-1.530683944289221e-11
77.0,7.279349881983338e-08,-30.000000001587065,4.259928451655348e-10,-1.5664469365966302e-11
77.25,7.23453262498213e-08,-30.000000001565212,4.2567149804995097e-10,-1.4758904860161257e-11
77.5,7.370235628009024e-08,-30.00000000158544,4.2521580007059967e-10,-1.6260904267361197e-11
77.75,7.380179825089595e-08,-30.000000001670198,4.2494010393800963e-10,-1.596722921584771e-11
78.0,7.426037265579038e-08,-30.00000000178483,4.243040571672019e-10,-1.7627017255542314e-11
78.25,7.482919299093222e-08,-30.000000001847567,4.2268690630953287e-10,-1.921412710195075e-11
78.5,7.618711837674731e-08,-30.000000001858808,4.2141498624026497e-10,-1.993273585519577e-11
78.75,7.713703342726638e-08,-30.000000001885677,4.199449399333588e-10,-2.035815329041074e-11
79.0,7.741974446145692e-08,-30.000000001960945,4.1857955990209916e-10,-1.945943684814159e-11
79.25,7.772444806465278e-08,-30.000000001968374,4.1482903917478e-10,-1.9752220784850302e-11
79.5,7.778154714706506e-08,-30.000000002056524,4.1101561043532797e-10,-2.0386068503145272e-11
79.75,7.82802755355472e-08,-30.000000002109513,4.07383425604646e-10,-2.138303672335624e-11
80.0,7.803393694851491e-08,-30.00000000207559,4.037650075394694e-10,-2.0612115794068747e-11
80.25,7.864890605281789e-08,-30.00000000203886,3.999321707137682e-10,-2.185019847527648e-11
80.5,7.89278983666724e-08,-30.000000002062794,3.96204395680666e-10,-2.1183773283808445e-11
80.75,7.862223859736613e-08,-30.000000002062432,3.924607652749934e-10,-2.119683498115263e-11
81.0,7.933817744837696e-08,-30.000000002122793,3.887407479252758e-10,-2.021117698145473e-11
81.25,7.988901089079823e-08,-30.000000002189978,3.8412399649967455e-10,-2.0592388168891914e-11
81.5,8.002618154611487e-08,-30.000000002178382,3.7946935177446406e-10,-2.0447691325365144e-11
81.75,8.042857164304399e-08,-30.000000002087937,3.749488636239917e-10,-2.1619767378776846e-11
82.0,7.987728895905822e-08,-30.000000002210264,3.7031631927586517e-10,-2.105607016945668e-11
82.25,7.908342050716965e-08,-30.000000002197115,3.6576890127815176e-10,-1.9688215469842526e-11
82.5,7.871504564241311e-08,-30.00000000216447,3.6123299490542493e-10,-1.9336263578866255e-11
82.75,7.851286881589357e-08,-30.00000000214182,3.567601422616029e-10,-1.8033346107079248e-11
83.0,7.729034054995446e-08,-30.000000002070852,3.52473439324541e-10,-1.5501411428462825e-11
83.25,7.665351295428726e-08,-30.000000002038572,3.504529375031318e-10,-1.3908917994929153e-11
83.5,7.727018545014704e-08,-30.000000002161666,3.480183363713252e-10,-1.483103827934089e-11
83.75,7.704862107455502e-08,-30.000000002061242,3.46023321107225e-10,-1.4259913068318132e-11
84.0,7.758389644745403e-08,-30.000000001941153,3.4392536041316646e-10,-1.411614320981607e-11
84.25,7.858342957596778e-08,-30.00000000217724,3.414663274359242e-10,-1.514381050609407e-11
84.5,7.79667486357285e-08,-30.00000000227171,3.390960429117129e-10,-1.4210331595289393e-11
84.75,7.828916872903532e-08,-30.000000002170054,3.3692877654534215e-10,-1.527105782224441e-11
85.0,7.830856440081006e-08,-30.000000002389765,3.343527399390922e-10,-1.5236477735524056e-11
85.25,7.68943321564838e-08,-30.000000002288008,3.3189546944090154e-10,-1.2953756748262194e-11
85.5,7.748397955148052e-08,-30.000000002365436,3.291551545214766e-10,-1.3387205528712535e-11
85.75,7.70371204564222e-08,-30.00000000237907,3.2643173580870766e-10,-1.3245205536243882e-11
86.0,7.623262251505124e-08,-30.000000002328317,3.2381401726677694e-10,-1.162257691737624e-11
86.25,7.667624760767633e-08,-30.0000000023039,3.229714065633438e-10,-1.2482936688336725e-11
86.5,7.625481527689244e-08,-30.000000002150028,3.2224502927169496e-10,-1.157506647867441e-11
86.75,7.74781146224824e-08,-30.000000002280487,3.212157623222467e-10,-1.2802960536634004e-11
87.0,7.732890145471907e-08,-30.000000002215018,3.2045081171938605e-10,-1.2901300761871397e-11
87.25,7.739000116775376e-08,-30.00000000227623,3.1888286455838966e-10,-1.190939442784701e-11
87.5,7.649810037752262e-08,-30.000000002164654,3.1751076767783104e-10,-1.1463850675934636e-11
87.75,7.71740951012488e-08,-30.00000000218023,3.1606131600803167e-10,-1.1827440009741417e-11
88.0,7.730498992947378e-08,-30.000000002162693,3.1453616100574067e-10,-1.1651637641034629e-11
88.25,7.754641932494684e-08,-30.00000000234355,3.1303547948224875e-10,-1.1860416223055695e-11
88.5,7.769691911197616e-08,-30.00000000216676,3.119622130065558e-10,-1.1435339945801032e-11
88.75,7.837725972353634e-08,-30.000000002211678,3.103882012522874e-10,-1.3025500576913466e-11
89.0,7.841285836235416e-08,-30.000000002291802,3.0893260172248915e-10,-1.2746892169916298e-11
89.25,7.849423461776159e-08,-30.000000002291053,3.067529355527121e-10,-1.234239741368047e-11
89.5,7.836195118616203e-08,-30.00000000223143,3.0463770395172673e-10,-1.1746588736034013e-11
89.75,7.868307427314377e-08,-30.000000002228866,3.0236382841941634e-10,-1.1850981165212093e-11
90.0,7.919803687667552e-08,-30.00000000230518,3.0006118423298034e-10,-1.343807716051396e-11
90.25,7.873264344754793e-08,-30.000000002270944,2.975632587554067e-10,-1.2544038223934252e-11
90.5,7.890414691252841e-08,-30.000000002105025,2.9506897619713257e-10,-1.2990984328339584e-11
90.75,7.847897885367879e-08,-30.00000000219635,2.9247733401849274e-10,-1.2650142435146602e-11
91.0,7.908605650596126e-08,-30.000000002408818,2.898296949660484e-10,-1.25849060226599e-11
91.25,7.863699665153015e-08,-30.000000002339863,2.8741443947044587e-10,-1.2390301222654604e-11
91.5,7.871313051964379e-08,-30.000000002316703,2.850869748605156e-10,-1.3110827650752022e-11
91.75,7.999323435676085e-08,-30.000000002340077,2.828465239801403e-10,-1.474655968515047e-11
92.0,7.943885852812282e-08,-30.00000000214002,2.8067857066327306e-10,-1.3972975807090266e-11
92.25,8.04835160142416e-08,-30.000000002237908,2.7823830739404087e-10,-1.484657530524902e-11
92.5,8.103924804852812e-08,-30.000000002227743,2.7579551142853376e-10,-1.604621378393935e-11
92.75,8.176057474321767e-08,-30.00000000234095,2.7329627450001226e-10,-1.665171489969214e-11
93.0,8.147386100824242e-08,-30.00000000238234,2.7088443294021047e-10,-1.638821955116428e-11
93.25,8.08579835717729e-08,-30.00000000235134,2.672040783080476e-10,-1.5112142020052017e-11
93.5,8.149335210075255e-08,-30.00000000257783,2.6316044482443957e-10,-1.5807239574552788e-11
93.75,8.129262056775411e-08,-30.0000000026516,2.5944361242702385e-10,-1.5367981595713788e-11
94.0,8.092237670372273e-08,-30.000000002687997,2.56020107891608e-10,-1.2876307532518734e-11
94.25,7.920940074099259e-08,-30.000000002488914,2.534070106530173e-10,-9.927014637699455e-12
94.5,7.867229421093974e-08,-30.000000002368022,2.5057062674749275e-10,-8.529248259112622e-12
94.75,7.905137385666013e-08,-30.000000002342702,2.477175131687659e-10,-7.645434470202723e-12
95.0,7.917347556109446e-08,-30.000000002214218,2.448781732944383e-10,-6.988876579686665e-12
95.25,7.967993891815101e-08,-30.000000002329855,2.4358102340693577e-10,-6.724956981342491e-12
95.5,8.127447884683312e-08,-30.00000000245876,2.4197005510373515e-10,-8.483360308332795e-12
95.75,8.089468688281518e-08,-30.000000002546564,2.406568555546329e-10,-7.176139876140382e-12
96.0,8.109632122794074e-08,-30.000000002562338,2.392686535013233e-10,-7.627103045469878e-12
96.25,7.975553628037452e-08,-30.00000000243466,2.3685436945086735e-10,-5.637617725951122e-12
96.5,7.940282155512999e-08,-30.00000000236548,2.341183219511933e-10,-5.2336338420970195e-12
96.75,7.885272856063044e-08,-30.00000000226815,2.3138449489756852e-10,-4.3306053299771385e-12
97.0,7.875859580137459e-08,-30.00000000237422,2.2874389188354272e-10,-3.853513214783479e-12
97.25,7.889893928010911e-08,-30.000000002350696,2.2805577565288004e-10,-3.862824523160591e-12
97.5,7.898857433553987e-08,-30.000000002442647,2.2724792880790545e-10,-3.985673682995219e-12
97.75,7.971906755134128e-08,-30.000000002534627,2.263508061539632e-10,-5.140434846706262e-12
98.0,7.804105601554355e-08,-30.000000002446665,2.2579405012379539e-10,-3.1342535630275013e-12
98.25,7.836163302700511e-08,-30.000000002358856,2.2573774793865908e-10,-4.0561156163819665e-12
98.5,7.668009988679728e-08,-30.0000000022181,2.2577798658440784e-10,-1.6451323290359007e-12
98.75,7.646484283939976e-08,-30.00000000221879,2.2571920027525394e-10,-8.903624274570185e-13
99.0,7.653057344458009e-08,-30.000000002269964,2.256759570884448e-10,-5.993739279398931e-13
99.25,7.661755931634517e-08,-30.00000000238347,2.2665179455483297e-10,1.7496085946145702e-13
99.5,7.741764123082816e-08,-30.000000002443933,2.2745479805186264e-10,-1.1792948129282347e-12
99.75,7.680726425922706e-08,-30.000000002368953,2.2850574210586672e-10,-6.133320765728033e-13
100.0,7.825460605069838e-08,-30.000000002357382,2.2947757583047235e-10,-2.1867048050999226e-12
100.25,7.777220845007246e-08,-30.000000002231232,2.2922670706027048e-10,-1.3822562680435052e-12
100.5,7.787639211545223e-08,-30.000000002316156,2.2875037974934287e-10,-1.349038463454913e-12
100.75,7.834699658731875e-08,-30.000000002275684,2.2843901770208674e-10,-1.986513648884398e-12
101.0,7.980984738554508e-08,-30.000000002573042,2.2788158859921026e-10,-3.2477151860031745e-12
101.25,8.019443051396417e-08,-30.0000000026587,2.2625027545908338e-10,-3.686386683926369e-12
101.5,8.015306151426038e-08,-30.000000002763336,2.245264391076418e-10,-3.414724752547212e-12
101.75,8.037791108433571e-08,-30.000000002771227,2.2306736319199771e-10,-2.4738960894744005e-12
102.0,8.059594045889005e-08,-30.00000000280693,2.215320565879253e-10,-2.510562644515159e-12
102.25,8.148594056847879e-08,-30.000000002870742,2.1935502719783173e-10,-3.459048526257256e-12
102.5,8.280163390801238e-08,-30.000000002855746,2.17553142167759e-10,-3.4609106589505733e-12
102.75,8.240628475952597e-08,-30.00000000278542,2.1556648827081304e-10,-2.931211347015338e-12
103.0,8.375377406147214e-08,-30.00000000298346,2.1313373288478488e-10,-4.1060315013438834e-12
103.25,8.383635402426671e-08,-30.000000002901817,2.0907579140194699e-10,-3.5189406405260407e-12
103.5,8.329227557594122e-08,-30.000000002886573,2.0481491502799543e-10,-2.251459519239896e-12
103.75,8.281393075067488e-08,-30.00000000282186,2.0049527316157167e-10,-2.1519400097980406e-12
104.0,8.214162749583292e-08,-30.000000002714316,1.9632841186112415e-10,-1.268628654939762e-12
104.25,8.195421601820082e-08,-30.000000002564057,1.9378856158658309e-10,-6.92118345495888e-13
104.5,8.1039710153457e-08,-30.000000002498886,1.9115675015113354e-10,9.866191372760974e-13
104.75,8.1926432899283e-08,-30.0000000027387,1.8819548697202038e-10,-1.580047435736171e-13
105.0,8.163529612210789e-08,-30.000000002497035,1.859070883347691e-10,-1.0452954040996919e-15
105.25,8.079020387166171e-08,-30.00000000223554,1.8422590536415484e-10,5.48930490664104e-13
105.5,8.098082228199349e-08,-30.000000002180524,1.8221878866908625e-10,5.421420143642768e-13
105.75,8.194723047122809e-08,-30.000000002337572,1.801103224896572e-10,9.702274108915838e-14
106.0,8.160809237236667e-08,-30.00000000225779,1.7807857272122973e-10,5.438742954246664e-13
106.25,8.155306367214e-08,-30.000000002167607,1.7631866106038174e-10,7.97830615436723e-13
106.5,8.243298260976035e-08,-30.0000000022987,1.7434673149629987e-10,1.0881652281588891e-15
106.75,8.306337271738763e-08,-30.000000002543317,1.7228504040067705e-10,2.616786752148745e-13
107.0,8.324062343008807e-08,-30.000000002442366,1.704372962207934e-10,-1.443257669020432e-13
107.25,8.266300156679855e-08,-30.00000000234526,1.676148178586523e-10,9.054771372685351e-13
107.5,8.291963894071692e-08,-30.000000002480192,1.645808905825774e-10,4.247350399085016e-13
107.75,8.286864424099627e-08,-30.000000002390557,1.6173685307707686e-10,1.4036854779386676e-12
108.0,8.31464549032376e-08,-30.000000002423022,1.5869770081389234e-10,1.1406165816408258e-12
108.25,8.167296511646236e-08,-30.000000002121276,1.5643064621428948e-10,2.701374001050034e-12
108.5,8.091888247647084e-08,-30.000000002174367,1.5393063906854465e-10,4.086175637747416e-12
108.75,8.07098757198466e-08,-30.000000001891205,1.517571762699177e-10,4.454862329686983e-12
109.0,8.162480392742155e-08,-30.000000002081272,1.4899539241275406e-10,3.0039920374297353e-12
109.25,8.253670504059475e-08,-30.000000002169582,1.477622954548785e-10,1.594397640188192e-12
109.5,8.318590923558288e-08,-30.00000000215686,1.4681647564351863e-10,1.441177391664189e-12
109.75,8.329832936997224e-08,-30.00000000215887,1.455771961311747e-10,1.8454425293583085e-12
110.0,8.447688708435725e-08,-30.000000002291042,1.4413965854220834e-10,8.171255779133584e-13
110.25,8.461354322700451e-08,-30.00000000232249,1.4096002837193922e-10,8.189529359187315e-13
110.5,8.437268190746323e-08,-30.00000000236812,1.377132782809376e-10,1.6420147332308018e-12
110.75,8.444765603730087e-08,-30.000000002312404,1.3441625590360218e-10,1.4509708414091238e-12
111.0,8.362564439853853e-08,-30.000000002269083,1.3082500360805938e-10,5.671898767200494e-13
111.25,8.44479770894796e-08,-30.000000002356014,1.2850240316275574e-10,3.359380419047662e-13
111.5,8.386837520909521e-08,-30.00000000233718,1.2613240313319452e-10,1.5044213674390508e-12
111.75,8.348963342732412e-08,-30.000000002329106,1.2369231333630992e-10,1.1799467494245983e-12
112.0,8.397584512256459e-08,-30.000000002447734,1.211651334820374e-10,2.814196080176969e-13
112.25,8.508189439079128e-08,-30.000000002576126,1.1856864795545263e-10,-1.048073384421932e-12
112.5,8.471522258974836e-08,-30.000000002360444,1.1641382302585157e-10,-6.040399671070942e-13
112.75,8.535801605957104e-08,-30.0000000023831,1.1392646548369356e-10,-1.328908213637423e-12
113.0,8.491772318321059e-08,-30.000000002289013,1.1150537437831787e-10,-1.003756957920573e-12
113.25,8.498207051579001e-08,-30.00000000231201,1.0866069155568425e-10,-6.277907911839928e-13
113.5,8.530611820521483e-08,-30.000000002333547,1.0563269009500331e-10,-1.0033470704143923e-12
113.75,8.470650010373053e-08,-30.000000002230536,1.02898828346909e-10,-6.722809986499389e-14
114.0,8.477075178884474e-08,-30.000000002237723,9.984735954704504e-11,-6.369196732685982e-13
114.25,8.525404032481175e-08,-30.000000002235904,9.741098899729295e-11,6.326975473072332e-14
114.5,8.588159168119132e-08,-30.0000000023363,9.477026802207078e-11,-4.664404991554192e-13
114.75,8.547009406254599e-08,-30.00000000241361,9.206638923453525e-11,-1.1922425601830603e-13
115.0,8.56520397232477e-08,-30.000000002357215,8.953728730665134e-11,1.1284696987954495e-14
115.25,8.612239476707233e-08,-30.000000002508525,8.633546655367752e-11,-7.358255496709158e-13
115.5,8.572820140339538e-08,-30.000000002509942,8.332204370908869e-11,5.695244855804821e-13
115.75,8.607175069546877e-08,-30.000000002482636,8.046174837517128e-11,1.0345762739494367e-12
116.0,8.689333335302235e-08,-30.000000002421054,7.752314762354828e-11,-8.230418701418866e-14
116.25,8.696416583120177e-08,-30.00000000254326,7.335079765802277e-11,-1.4200998259672862e-12
116.5,8.793205342767165e-08,-30.000000002625097,6.956375059319342e-11,-2.420419808112102e-12
116.75,8.859875824179346e-08,-30.000000002653085,6.593917772912405e-11,-2.763064482469413e-12
117.0,8.870460194063178e-08,-30.00000000261974,6.236609145782168e-11,-2.2878779835649833e-12
117.25,8.798991466527139e-08,-30.000000002517083,5.7832211242114795e-11,-7.142844413442139e-13
117.5,8.80566732946407e-08,-30.00000000246816,5.309241241091556e-11,-1.2292701044836232e-13
117.75,8.862965245235776e-08,-30.00000000258097,4.812929221831297e-11,-3.6594665960122e-13
118.0,8.947998967186982e-08,-30.00000000261689,4.331719011263502e-11,-1.3480613901621077e-12
118.25,9.030145078480477e-08,-30.00000000291373,3.804857817701901e-11,-1.924544802297137e-12
118.5,8.998894408140571e-08,-30.000000002761286,3.3335119387079004e-11,-1.9404577150607855e-12
118.75,8.91436979627735e-08,-30.000000002735728,2.8186682154984766e-11,-1.2623775561820392e-12
119.0,8.939856532590829e-08,-30.00000000273117,2.3502644275197326e-11,-1.99276843863305e-12
119.25,8.953964938800467e-08,-30.00000000284436,1.872312027639822e-11,-1.9295252091011555e-12
119.5,8.933853161773984e-08,-30.000000002834618,1.4101407541655675e-11,-1.879305494695886e-12
119.75,8.945840997795484e-08,-30.00000000281729,9.629859409887587e-12,-9.232930411367286e-13
120.0,8.87010857624742e-08,-30.000000002771507,5.312555950709452e-12,1.2289547119671574e-12
120.25,8.868390245205809e-08,-30.000000002707807,2.0391743849046406e-12,3.392159959367745e-12
120.5,8.913136797270866e-08,-30.000000002731184,-1.7035331478787441e-12,3.164513014658732e-12
120.75,8.978372138080891e-08,-30.000000002830824,-5.3301876801192805e-12,2.44728876952752e-12
121.0,8.945860755583223e-08,-30.000000002868326,-8.785236427222287e-12,4.277998277466665e-12
121.25,9.069596146325511e-08,-30.00000000298253,-1.2597346776832552e-11,3.848094585366952e-12
121.5,9.135906256272616e-08,-30.000000003138158,-1.652548237141005e-11,2.4790631685193957e-12
121.75,9.212669215059187e-08,-30.000000003335007,-2.0545891377121706e-11,2.0039854569603545e-12
122.0,9.181668110752373e-08,-30.000000003432486,-2.464854015338247e-11,1.7945345664837417e-12
122.25,9.110793061419843e-08,-30.00000000342996,-2.993360420644464e-11,3.8404839663358474e-12
122.5,9.254020749806283e-08,-30.00000000346942,-3.5585666358084467e-11,3.146723341409465e-12
122.75,9.30545204306865e-08,-30.000000003383143,-4.073936327175787e-11,3.8479287062156304e-12
123.0,9.423596164283816e-08,-30.00000000341512,-4.614757187493268e-11,3.148597269997524e-12
123.25,9.488632000479207e-08,-30.000000003537895,-5.335566016784199e-11,3.3936560743171936e-12
123.5,9.477830179089626e-08,-30.00000000350631,-5.98340196833469e-11,5.293024272497414e-12
123.75,9.45583584237354e-08,-30.000000003550568,-6.667319474296107e-11,6.244518624748611e-12
124.0,9.398306985781134e-08,-30.00000000354063,-7.337434132503873e-11,8.160524035041445e-12
124.25,9.465343197817118e-08,-30.000000003606974,-7.931113404913148e-11,8.969699651116069e-12
124.5,9.537131141441282e-08,-30.00000000371998,-8.538026535775955e-11,9.0896286887087e-12
124.75,9.495498001886108e-08,-30.0000000037332,-9.131904954440273e-11,9.692898952136998e-12
125.0,9.502177478064826e-08,-30.000000003661988,-9.724213795303527e-11,1.0650145961913312e-11
125.25,9.435728086980543e-08,-30.000000003589722,-1.0327458332959338e-10,1.2270507780356673e-11
125.5,9.45622647953088e-08,-30.000000003647862,-1.0946855227844665e-10,1.2578492614422604e-11
125.75,9.44550968031481e-08,-30.000000003688566,-1.154316225937535e-10,1.3646718543849815e-11
126.0,9.469806914164756e-08,-30.000000003827093,-1.2187291453802374e-10,1.4658037824722764e-11
126.25,9.503150257545971e-08,-30.00000000404669,-1.2745636490674173e-10,1.4647509531597908e-11
126.5,9.524555069779584e-08,-30.000000003984432,-1.327673526674289e-10,1.5682078339131813e-11
126.75,9.596935978460099e-08,-30.000000003986163,-1.3845601748441183e-10,1.6017659674154732e-11
127.0,9.69099526830737e-08,-30.0000000042649,-1.4412347010273052e-10,1.4823488856105042e-11
127.25,9.691923747870751e-08,-30.00000000443867,-1.5110254714123528e-10,1.6259946816595724e-11
127.5,9.667611819396791e-08,-30.000000004506976,-1.5775813294593988e-10,1.7333834790975973e-11
127.75,9.776434464200306e-08,-30.00000000471922,-1.6482262776840173e-10,1.7086665902938915e-11
128.0,9.808108636813182e-08,-30.000000004788827,-1.7142760128097123e-10,1.766729679581844e-11
128.25,9.827161657826383e-08,-30.00000000494582,-1.7863945045437646e-10,1.8312115822980175e-11
128.5,9.811004227666603e-08,-30.000000004940265,-1.855002332296074e-10,1.9946289696661376e-11
128.75,9.91798767466358e-08,-30.000000005022514,-1.9242437504507492e-10,2.0646266197611397e-11
129.0,9.934480871206112e-08,-30.000000005133113,-1.996084270095011e-10,2.1797308164777857e-11
129.25,9.931755192352572e-08,-30.000000005041237,-2.069239293800429e-10,2.246146654247903e-11
129.5,9.972610970779207e-08,-30.000000005092513,-2.1440446640319522e-10,2.356309128125241e-11
129.75,1.0032786614125987e-07,-30.000000005151378,-2.2193670512482555e-10,2.4311977586823745e-11
130.0,1.0086330560676376e-07,-30.00000000519696,-2.2949679656658617e-10,2.5769758967811406e-11
130.25,1.0199415809862168e-07,-30.000000005344635,-2.374815066819025e-10,2.615652433589482e-11
130.5,1.0253964712462816e-07,-30.000000005436352,-2.4575472212795546e-10,2.5743768996383247e-11
130.75,1.0316147852541646e-07,-30.00000000558703,-2.539543783597331e-10,2.631676206488469e-11
131.0,1.017750765209189e-07,-30.000000005384454,-2.6152229687381734e-10,3.0068690240223576e-11
131.25,1.027266307212551e-07,-30.00000000549349,-2.698381310062281e-10,3.018539508332698e-11
131.5,1.0301054991346026e-07,-30.000000005364207,-2.7783050859930825e-10,3.07682190567585e-11
131.75,1.0323669945854068e-07,-30.000000005456844,-2.86020047923774e-10,3.189512511441532e-11
132.0,1.0319738974160354e-07,-30.00000000540282,-2.9389950195746195e-10,3.363582681374405e-11
132.25,1.0261593909076575e-07,-30.000000005293604,-3.0193214595186646e-10,3.620578211241059e-11
132.5,1.0215381989772258e-07,-30.00000000524414,-3.1029438046781266e-10,3.779224597610332e-11
132.75,1.0156896095401367e-07,-30.000000005115453,-3.184684599366605e-10,4.0302537920880547e-11
133.0,1.0060199153529607e-07,-30.00000000488323,-3.2705971264590517e-10,4.213443658849916e-11
133.25,9.9914331392777e-08,-30.000000004662525,-3.3219240552773144e-10,4.54592470216372e-11
133.5,1.0018478377601381e-07,-30.00000000445386,-3.3711012453752076e-10,4.7088011159631264e-11
133.75,1.0016305009062771e-07,-30.000000004552984,-3.4309616259164954e-10,4.7507693022855923e-11
134.0,9.967736888327183e-08,-30.000000004358963,-3.4888473360306094e-10,4.851160488019722e-11
134.25,1.011775489242984e-07,-30.000000004613817,-3.5365454315039457e-10,4.6921973021306776e-11
134.5,9.981865997186789e-08,-30.000000004472483,-3.5802269482410054e-10,4.922814663751002e-11
134.75,9.99442561806667e-08,-30.00000000461363,-3.626694985991996e-10,5.035052264320572e-11
135.0,1.0133014524413717e-07,-30.000000004782034,-3.6713276169164644e-10,4.9443699709192664e-11
135.25,1.00017426657593e-07,-30.000000004499412,-3.7221984522384233e-10,5.196239454623207e-11
135.5,9.941094650995201e-08,-30.000000004420496,-3.7760039539591617e-10,5.2817448936548486e-11
135.75,1.0018934543267324e-07,-30.000000004546173,-3.8291195908479736e-10,5.287311824092796e-11
136.0,9.931430329935072e-08,-30.000000004537053,-3.8841246885468195e-10,5.367319034034707e-11
136.25,9.842077625792581e-08,-30.000000004304944,-3.916163296424635e-10,5.468581067894011e-11
136.5,9.811614130335066e-08,-30.00000000431024,-3.95121095564388e-10,5.44725197030654e-11
136.75,9.7256553994397e-08,-30.00000000415167,-3.9841725751887935e-10,5.6927740082139557e-11
137.0,9.740518054423095e-08,-30.000000004202864,-4.0181318688992107e-10,5.735125439132271e-11
137.25,9.833854770351646e-08,-30.000000004205923,-4.0403497214569484e-10,5.568939275039981e-11
137.5,9.88051732261981e-08,-30.000000004448253,-4.0594145406247506e-10,5.51292747725028e-11
137.75,1.0045791307744842e-07,-30.000000004729287,-4.082610707834e-10,5.287733651128255e-11
138.0,1.0025936547350944e-07,-30.00000000470106,-4.101509409881743e-10,5.306758443100063e-11
138.25,9.984483385177425e-08,-30.000000004277368,-4.134513426068409e-10,5.4002772520522715e-11
138.5,1.0070437508502728e-07,-30.000000004293593,-4.171446521539224e-10,5.261513220549165e-11
138.75,1.0171308814058261e-07,-30.000000004229946,-4.210923762459906e-10,5.1016332828945155e-11
139.0,1.0160080322089028e-07,-30.000000004484992,-4.2492896701329386e-10,5.220312558116826e-11
139.25,1.011556559778569e-07,-30.000000004368232,-4.2934065330735294e-10,5.2601197352286003e-11
139.5,1.0098358447375593e-07,-30.00000000433954,-4.3307223085431445e-10,5.4773995533543665e-11
139.75,1.0084362320056411e-07,-30.0000000042528,-4.372027392895994e-10,5.627626431531943e-11
140.0,9.953858402972858e-08,-30.00000000404446,-4.416417648256399e-10,5.6464790631285054e-11
140.25,9.958662938146962e-08,-30.000000004008115,-4.440471115807476e-10,5.5593911990287925e-11
140.5,9.979041266629854e-08,-30.000000004080274,-4.4673523214022737e-10,5.524624398833253e-11
140.75,9.898957566389617e-08,-30.000000003966,-4.488422689075122e-10,5.6496548374707075e-11
141.0,9.881957644507889e-08,-30.000000003582784,-4.507875808745787e-10,5.650242231442442e-11
141.25,9.892884994524015e-08,-30.000000003472863,-4.5265605153055333e-10,5.542327313704891e-11
141.5,9.812003909265265e-08,-30.000000003569674,-4.5482163174570545e-10,5.545390111870004e-11
141.75,9.806551422289279e-08,-30.000000003561773,-4.5677314708392203e-10,5.3602022820854314e-11
142.0,9.845035895336707e-08,-30.00000000376077,-4.586516721971634e-10,5.3721547007518934e-11
142.25,9.815194777413978e-08,-30.000000003639038,-4.598461750271454e-10,5.508420934276696e-11
142.5,9.78119935563763e-08,-30.000000003426088,-4.614240101119549e-10,5.4177410841074744e-11
142.75,9.803450862297731e-08,-30.000000003581775,-4.6287328137051276e-10,5.460370335247617e-11
143.0,9.769717918160314e-08,-30.000000003577036,-4.644038140155793e-10,5.4846518106938985e-11
143.25,9.744138446076976e-08,-30.00000000364146,-4.6515374191313796e-10,5.476498302313694e-11
143.5,9.794588239627325e-08,-30.000000003775412,-4.660209301787788e-10,5.450544553156411e-11
143.75,9.80136636262182e-08,-30.00000000390799,-4.666928926644331e-10,5.33872571684074e-11
144.0,9.744231999037378e-08,-30.0000000036583,-4.671882533613392e-10,5.248099892173142e-11
144.25,9.683532807916189e-08,-30.00000000348556,-4.678023107773654e-10,5.1835178677457723e-11
144.5,9.683354520527807e-08,-30.00000000361976,-4.684223911533003e-10,5.2353128023977835e-11
144.75,9.723462084049184e-08,-30.00000000368015,-4.692089633495655e-10,5.1442173271264976e-11
145.0,9.776059213923991e-08,-30.00000000374496,-4.698781572165522e-10,5.104514612096981e-11
145.25,9.813340326087952e-08,-30.000000003891923,-4.707390935387856e-10,4.9515591332119784e-11
145.5,9.899364693966572e-08,-30.000000004350877,-4.71679244273826e-10,4.7756774409505414e-11
145.75,9.929715179073834e-08,-30.00000000412776,-4.721712465460826e-10,4.6895284785212666e-11
146.0,9.953188962325062e-08,-30.00000000437069,-4.732144606722777e-10,4.617541737042165e-11
146.25,9.953437737724763e-08,-30.0000000044672,-4.752369262006617e-10,4.673739445906004e-11
146.5,9.998355204055563e-08,-30.00000000441738,-4.770420586330815e-10,4.7459933788062314e-11
146.75,9.964436371849451e-08,-30.000000004373327,-4.788035107283761e-10,4.774215579369817e-11
147.0,1.0011409389359935e-07,-30.00000000448883,-4.807697226438812e-10,4.747948148932229e-11
147.25,1.002345661620136e-07,-30.000000004455995,-4.829667568650997e-10,4.7891044718142915e-11
147.5,9.972766054775656e-08,-30.00000000434971,-4.851814228157281e-10,4.908743102100407e-11
147.75,1.0019059746792535e-07,-30.000000004324693,-4.873641767932924e-10,4.999184334938421e-11
148.0,9.950842707851668e-08,-30.00000000414598,-4.894787214437812e-10,5.1036729841759934e-11
148.25,9.92783466090812e-08,-30.000000003968367,-4.909559078725145e-10,5.013458904670026e-11
148.5,9.82648824050853e-08,-30.000000003940155,-4.922607321766748e-10,5.042337352850784e-11
148.75,9.806489133213477e-08,-30.000000004216957,-4.942410924968499e-10,5.0978405642016276e-11
149.0,9.7559748730615e-08,-30.000000004257725,-4.956921192955654e-10,5.188773090648893e-11
149.25,9.7389342358506e-08,-30.000000004292,-4.953755322611997e-10,5.386246026042707e-11
149.5,9.827168606073353e-08,-30.00000000409085,-4.952120172263541e-10,5.3538610930327775e-11
149.75,9.70568048605563e-08,-30.00000000394531,-4.944816778262862e-10,5.5991419358423606e-11
150.0,9.538073937264724e-08,-30.000000003781693,-4.942335984914337e-10,5.7563300341323166e-11
150.25,9.575811263568033e-08,-30.00000000391501,-4.92878404756425e-10,5.676637143167243e-11
150.5,9.519607010564936e-08,-30.000000003716025,-4.909784592777022e-10,5.7049711496819327e-11
150.75,9.429467732691466e-08,-30.00000000364316,-4.892064253692041e-10,5.760597769170132e-11
151.0,9.373263407572112e-08,-30.00000000369639,-4.877166726036108e-10,5.753902449920837e-11
151.25,9.331058324249077e-08,-30.00000000348828,-4.847264256646611e-10,5.7610202422167635e-11
151.5,9.27104554003483e-08,-30.00000000331923,-4.820743318423304e-10,5.828284883498022e-11
151.75,9.352866589623052e-08,-30.000000003348482,-4.791304991647038e-10,5.6532600080439734e-11
152.0,9.361141824804626e-08,-30.00000000355821,-4.763915650851658e-10,5.6576543842397545e-11
152.25,9.367728082395905e-08,-30.0000000037187,-4.739082737348355e-10,5.657763352471315e-11
152.5,9.440511231364844e-08,-30.000000003830213,-4.716127696702266e-10,5.560105711224072e-11
152.75,9.272389468388093e-08,-30.000000003711747,-4.686282056853841e-10,5.777216244476847e-11
153.0,9.210495330271435e-08,-30.00000000361341,-4.6561744737605437e-10,5.907449124182647e-11
153.25,9.039467491465298e-08,-30.000000003513072,-4.615249085682116e-10,6.068544485889546e-11
153.5,9.01467347861342e-08,-30.00000000350261,-4.579558537942674e-10,5.982287402506671e-11
153.75,9.012474235056307e-08,-30.000000003719833,-4.546851922748729e-10,5.951035212975824e-11
154.0,9.01708196892661e-08,-30.00000000354515,-4.507207523873902e-10,5.971996507900063e-11
154.25,9.084283499312811e-08,-30.0000000036668,-4.4603656185193685e-10,5.859958041656591e-11
154.5,9.006795787203941e-08,-30.00000000359969,-4.4097966250822296e-10,5.941958999935243e-11
154.75,9.035933546605042e-08,-30.00000000366736,-4.3645622532784145e-10,5.835298150190606e-11
155.0,8.964455065772503e-08,-30.000000003383526,-4.3146858308418246e-10,5.843339285150618e-11
155.25,8.856203094217007e-08,-30.000000002976886,-4.260512359577362e-10,5.966672829472551e-11
155.5,8.862613782754982e-08,-30.00000000306888,-4.2122471483052593e-10,5.931651494793187e-11
155.75,8.876309600763127e-08,-30.000000002875804,-4.161022429394201e-10,5.936560226296906e-11
156.0,8.857158435496903e-08,-30.000000003151346,-4.117910248901957e-10,5.831001932740752e-11
156.25,8.881191045470722e-08,-30.000000003437105,-4.069419246022221e-10,5.6833173168983825e-11
156.5,8.920510848473935e-08,-30.000000003798885,-4.0230046377542905e-10,5.6138343350786715e-11
156.75,8.959536230666263e-08,-30.000000003614453,-3.9658720751845067e-10,5.521900023754754e-11
157.0,8.962186541921744e-08,-30.000000003407035,-3.9122606543262606e-10,5.447629255631367e-11
157.25,8.813020637987316e-08,-30.000000002846985,-3.8651528505573296e-10,5.6105307689601645e-11
157.5,8.755010944097934e-08,-30.000000002721734,-3.82163453660489e-10,5.698910668557935e-11
157.75,8.672696327916086e-08,-30.00000000270168,-3.7795856028255415e-10,5.830680851919306e-11
158.0,8.638089457414298e-08,-30.000000002557776,-3.7380273182341384e-10,5.911669680181803e-11
158.25,8.531648585098718e-08,-30.00000000218813,-3.672193590875672e-10,5.926356272476968e-11
158.5,8.412968659945219e-08,-30.0000000020506,-3.6096467481705474e-10,5.924486159390481e-11
158.75,8.445705064113505e-08,-30.000000002082665,-3.549678953551627e-10,5.797709712552462e-11
159.0,8.418670697773817e-08,-30.000000002015074,-3.4863897185877235e-10,5.7641431830460526e-11
159.25,8.403927816938522e-08,-30.000000001618552,-3.409861629166677e-10,5.713262939417948e-11
159.5,8.369408125254822e-08,-30.000000001184432,-3.329493902803904e-10,5.676756691358692e-11
159.75,8.278825593071717e-08,-30.000000001232554,-3.257273270551586e-10,5.691153507701261e-11
160.0,8.308397963910487e-08,-30.000000001014282,-3.1835294816984216e-10,5.446794395658427e-11
160.25,8.326025037157958e-08,-30.00000000111113,-3.1064994326923667e-10,5.247103832824851e-11
160.5,8.307960468701719e-08,-30.000000001355104,-3.0365066711057764e-10,5.0332046115782875e-11
160.75,8.330495554122676e-08,-30.000000001288196,-2.9577810339853627e-10,4.868627515589819e-11
161.0,8.357293934372668e-08,-30.00000000142929,-2.885596345203467e-10,4.611139804316212e-11
161.25,8.364632450272172e-08,-30.000000001609727,-2.822520758782865e-10,4.372665386420585e-11
161.5,8.241456263795974e-08,-30.000000001262237,-2.750953770336295e-10,4.335063611791204e-11
161.75,8.226134680193635e-08,-30.000000001411802,-2.6863746643845943e-10,4.220135579544834e-11
162.0,8.21184925648632e-08,-30.000000001262272,-2.6186131735217444e-10,4.038402074516316e-11
162.25,8.074871959953325e-08,-30.000000000931784,-2.5445368034837657e-10,3.998344863290745e-11
162.5,8.066224839256335e-08,-30.000000000760107,-2.471884502641686e-10,3.807468185860754e-11
162.75,8.153692353097079e-08,-30.00000000103589,-2.4022536737611233e-10,3.668427479892192e-11
163.0,8.23055018106147e-08,-30.000000000960917,-2.328797432671337e-10,3.4127803361353806e-11
163.25,8.164509954313115e-08,-30.00000000110879,-2.2669531529739828e-10,3.28369645101758e-11
163.5,8.219368052443644e-08,-30.000000001134616,-2.2022057788451121e-10,3.13227099615032e-11
163.75,8.267072539051215e-08,-30.000000001383125,-2.1429091834335168e-10,2.8184027732953656e-11
164.0,8.288247818831471e-08,-30.000000001453905,-2.0834233643851618e-10,2.623807993015395e-11
164.25,8.163430858398473e-08,-30.000000001231697,-2.0280287171825506e-10,2.5858908634789005e-11
164.5,8.143576020771154e-08,-30.00000000106022,-1.972225091573243e-10,2.5743487087115944e-11
164.75,8.109207455322656e-08,-30.000000000824265,-1.9135958095883865e-10,2.6139675537326444e-11
165.0,8.032376704517865e-08,-30.000000000579934,-1.8617553332322956e-10,2.459890811533259e-11
165.25,8.072475332460495e-08,-30.00000000050026,-1.7957341863494847e-10,2.2429294848918376e-11
165.5,8.018523307402705e-08,-30.000000000295195,-1.7267976631929471e-10,2.1208850080715346e-11
165.75,8.117071392445117e-08,-30.000000000540222,-1.661454376855609e-10,1.8916044152204698e-11
166.0,8.078678364685087e-08,-30.000000000083922,-1.5838991229699673e-10,1.861497132077486e-11
166.25,8.136850607314176e-08,-30.0000000001886,-1.5246763573895095e-10,1.596365660411265e-11
166.5,8.27229721154394e-08,-30.00000000045225,-1.4730749259284082e-10,1.2757606385758953e-11
166.75,8.18260038413971e-08,-30.00000000040588,-1.4120883629065162e-10,1.2037551054834752e-11
167.0,8.210092582188242e-08,-30.000000000572623,-1.356040280064974e-10,9.932747868417893e-12
167.25,8.148227449842653e-08,-30.000000000428233,-1.3101625340183887e-10,9.762036135473469e-12
167.5,8.151991864628291e-08,-30.000000000376335,-1.2640529595264738e-10,7.475977837637578e-12
167.75,8.193407115928664e-08,-30.000000000470727,-1.2215958800076976e-10,6.0740062868969815e-12
168.0,8.161831151800848e-08,-30.00000000013148,-1.1707210895162135e-10,5.617987880257132e-12
168.25,8.111966272860241e-08,-30.00000000004414,-1.1270873123692127e-10,4.556632693822634e-12
168.5,8.111672636976514e-08,-30.000000000208832,-1.0862345745099589e-10,2.804388853744076e-12
168.75,8.141788517843366e-08,-30.000000000220943,-1.0453087700978969e-10,4.530603714015405e-13
169.0,8.078488758225457e-08,-30.00000000018421,-9.982817350540074e-11,-1.39406996030552e-12
169.25,8.08552036480092e-08,-30.00000000004682,-9.512652471288519e-11,-3.692242395414658e-12
169.5,8.130472895225459e-08,-30.000000000089262,-9.069277273621168e-11,-6.2428524090285225e-12
169.75,8.185348646047869e-08,-30.00000000036293,-8.653498750899047e-11,-8.897272052054946e-12
170.0,8.231044850139872e-08,-30.00000000046165,-8.197013900979044e-11,-1.0714841909184187e-11
170.25,8.235134077146794e-08,-30.0000000006644,-7.922329459120192e-11,-1.2041550793367286e-11
170.5,8.274415722560903e-08,-30.000000000514078,-7.576853033874897e-11,-1.3369146868807378e-11
170.75,8.225062156189617e-08,-30.000000000110695,-7.251382827533348e-11,-1.4226806306707963e-11
171.0,8.324335975059039e-08,-30.000000000497348,-6.974693739225657e-11,-1.670530483078366e-11
171.25,8.278976274681893e-08,-30.000000000729855,-6.773794025694002e-11,-1.645646920961727e-11
171.5,8.344135867492356e-08,-30.000000000937963,-6.586763079408087e-11,-1.7602297383279304e-11
171.75,8.30456815069354e-08,-30.000000001040306,-6.359750226447858e-11,-1.7027239034226634e-11
172.0,8.232666126968577e-08,-30.000000000807837,-6.11952641338398e-11,-1.74595585614076e-11
172.25,8.274182546698639e-08,-30.000000001106205,-5.906580086145752e-11,-1.8039530789822276e-11
172.5,8.323255806401065e-08,-30.00000000111861,-5.6543145166010333e-11,-2.045886621411117e-11
172.75,8.160149432412103e-08,-30.00000000098801,-5.4059590137711666e-11,-2.0483116122785196e-11
173.0,8.227229197120613e-08,-30.00000000098062,-5.1293108649375085e-11,-2.1545211815831682e-11
173.25,8.309250217247767e-08,-30.000000001011276,-4.912309448101837e-11,-2.302998836886482e-11
173.5,8.291403378419512e-08,-30.000000000717115,-4.6469911252344787e-11,-2.3003111230038997e-11
173.75,8.227955335728946e-08,-30.000000000782617,-4.3615930311879936e-11,-2.2335851035013004e-11
174.0,8.191310847858081e-08,-30.000000000979355,-4.1372134884642975e-11,-2.1793939269787634e-11
174.25,8.249340310705545e-08,-30.000000001307836,-3.9202981139130344e-11,-2.333875662854751e-11
174.5,8.195944584947898e-08,-30.000000001221135,-3.657937147627521e-11,-2.199778623031353e-11
174.75,8.272529781732501e-08,-30.000000001541043,-3.429646844299583e-11,-2.2543531705253282e-11
175.0,8.277584272302719e-08,-30.00000000149111,-3.183363295189423e-11,-2.3711722846287477e-11
175.25,8.274434641459421e-08,-30.000000001299284,-2.998300913104046e-11,-2.3488123632642295e-11
175.5,8.326381555554248e-08,-30.00000000119403,-2.8023035281155018e-11,-2.3872607828648047e-11
175.75,8.30950671577976e-08,-30.00000000126467,-2.6277285902764902e-11,-2.2650476132140394e-11
176.0,8.387574283516993e-08,-30.000000001466905,-2.4788594787938933e-11,-2.3671024538417784e-11
176.25,8.441268573318634e-08,-30.00000000166108,-2.4333805803689046e-11,-2.3699607800750672e-11
176.5,8.447190497869775e-08,-30.000000001662524,-2.3907140156431694e-11,-2.464750064201665e-11
176.75,8.468612932821539e-08,-30.000000001699334,-2.3364067625042395e-11,-2.561614795597017e-11
177.0,8.39087213069891e-08,-30.0000000014014,-2.2689163048372762e-11,-2.5386517233817426e-11
177.25,8.459771749210483e-08,-30.00000000136737,-2.2072017824559254e-11,-2.6998495368575177e-11
177.5,8.36883983636244e-08,-30.000000001311992,-2.159396966794347e-11,-2.706284011447163e-11
177.75,8.377772079829663e-08,-30.000000001149978,-2.0976748116297017e-11,-2.685836704896597e-11
178.0,8.449236900589192e-08,-30.000000001380545,-2.0661063138138758e-11,-2.8004534963531346e-11
178.25,8.372684534377273e-08,-30.000000001673005,-2.090072559468581e-11,-2.8151361474269554e-11
178.5,8.407810666865177e-08,-30.000000001943786,-2.1013808748637786e-11,-2.773213663375475e-11
178.75,8.348795580647138e-08,-30.00000000163294,-2.0650155196921816e-11,-2.7305565180979673e-11
179.0,8.25420450587363e-08,-30.000000001196106,-2.0103120557113385e-11,-2.681182024176592e-11
179.25,8.182550098559039e-08,-30.00000000108938,-1.8552374914104774e-11,-2.6419719344989372e-11
179.5,8.115163689756672e-08,-30.000000000897373,-1.6824472370835508e-11,-2.5812739047426268e-11
179.75,8.206444538953298e-08,-30.000000001036522,-1.5311973911025234e-11,-2.78431331408143e-11
180.0,8.154706521493168e-08,-30.00000000098309,-1.3277524912869154e-11,-2.6502482526969158e-11
180.25,8.114334179093239e-08,-30.000000001152756,-1.0813058781700136e-11,-2.6562546371793677e-11
180.5,8.066715206760308e-08,-30.000000001129045,-9.006691226165486e-12,-2.6722566709543788e-11
180.75,8.065562440646468e-08,-30.000000001596124,-7.296455106775568e-12,-2.7098545039736434e-11
181.0,7.91936115172545e-08,-30.00000000130263,-5.081164655695858e-12,-2.6444651018567792e-11
181.25,8.05129902084506e-08,-30.00000000146208,-1.1374512443040885e-12,-2.7462518411171095e-11
181.5,8.1645160405979e-08,-30.00000000131753,2.870065296534108e-12,-2.9218136556914676e-11
181.75,8.039147497109813e-08,-30.000000000982425,7.257756895473477e-12,-2.8548650414508778e-11
182.0,7.930180912541362e-08,-30.000000000607937,1.1223577622843095e-11,-2.83683639566908e-11
182.25,7.804808054330572e-08,-30.000000000459607,1.509848496228372e-11,-2.6740581616808894e-11
182.5,7.740437609112145e-08,-30.000000000081833,1.8839971249740017e-11,-2.6443765080972074e-11
182.75,7.785851634323975e-08,-30.000000000386894,2.145150723720235e-11,-2.819829502224256e-11
183.0,7.83615952901791e-08,-30.00000000053741,2.4957147459758744e-11,-2.9346071686734e-11
183.25,7.86332537308624e-08,-30.000000000569838,2.8906835258801777e-11,-2.964574227409216e-11
183.5,7.925642587905702e-08,-30.000000000939945,3.2410810146821234e-11,-3.07690249729697e-11
183.75,7.831999625199831e-08,-30.0000000003882,3.667157549847033e-11,-2.9738774495188516e-11
184.0,7.808539358255028e-08,-30.00000000043754,4.066865594287705e-11,-2.942309364835008e-11
184.25,7.932729127857081e-08,-30.00000000063327,4.40955397196241e-11,-3.161628932388692e-11
184.5,7.99428113958444e-08,-30.000000000625732,4.7980786010981546e-11,-3.2375384515628773e-11
184.75,8.051431697501036e-08,-30.000000000870205,5.162153343674092e-11,-3.248115015703051e-11
185.0,7.994679104369608e-08,-30.00000000075217,5.536934799543758e-11,-3.2642948620008186e-11
185.25,7.968497363904478e-08,-30.000000001147928,5.6708381046544076e-11,-3.43328195869751e-11
185.5,7.964187530834407e-08,-30.000000001180833,5.897728139192537e-11,-3.439314280092806e-11
185.75,8.035090520708214e-08,-30.00000000153448,6.064565516439302e-11,-3.621779313712042e-11
186.0,7.975827585931986e-08,-30.00000000162619,6.256226786627295e-11,-3.58255611459763e-11
186.25,8.036446701827487e-08,-30.00000000184473,6.428821364146131e-11,-3.527737962018165e-11
186.5,8.102685348862071e-08,-30.0000000018013,6.636055593922663e-11,-3.5323323639204904e-11
186.75,8.141620289292412e-08,-30.00000000175623,6.829387055873326e-11,-3.571223313550574e-11
187.0,8.216243713236536e-08,-30.000000001937217,6.983035677476934e-11,-3.638867703321841e-11
187.25,8.217213641724841e-08,-30.00000000172557,7.014540337468844e-11,-3.594978932118272e-11
187.5,8.101791493650322e-08,-30.000000001835314,7.043225724867597e-11,-3.357349133827666e-11
187.75,7.952557287537478e-08,-30.000000001582965,7.063703788556808e-11,-3.110859734729886e-11
188.0,8.09577878653071e-08,-30.000000002241062,7.001708934861739e-11,-3.2558978532731657e-11
188.25,8.153963318184325e-08,-30.000000002372957,7.086434911096617e-11,-3.303017405585886e-11
188.5,8.094158724044872e-08,-30.00000000223621,7.1998858264255e-11,-3.11896334195596e-11
188.75,8.070352064271007e-08,-30.000000002255025,7.280800962128353e-11,-3.077439044792099e-11
189.0,8.054459463901152e-08,-30.000000002459892,7.344978791845591e-11,-2.9809819175378876e-11
189.25,7.937282678911562e-08,-30.000000002227882,7.468766577423125e-11,-2.816661089191441e-11
189.5,7.958832953112605e-08,-30.000000002409713,7.553044995001201e-11,-2.6855225775720196e-11
189.75,7.918933490940794e-08,-30.00000000218416,7.718757577546143e-11,-2.4765549955647647e-11
190.0,7.875567352442171e-08,-30.000000002005926,7.872886370607901e-11,-2.262596025109914e-11
190.25,7.98759522348005e-08,-30.00000000207419,8.170630838577608e-11,-2.1854217084939667e-11
190.5,8.130963945911285e-08,-30.00000000244711,8.388887501320497e-11,-2.1668187171296408e-11
190.75,8.196570936947253e-08,-30.000000002498933,8.626140080014721e-11,-2.1988010829425304e-11
191.0,8.151374465864153e-08,-30.000000002484434,8.872984291752317e-11,-2.0783386858170373e-11
191.25,8.154222212581519e-08,-30.00000000260292,8.868007717044435e-11,-2.0420735462420507e-11
191.5,8.091074403714204e-08,-30.000000002454666,8.898051739869572e-11,-1.8440396274100008e-11
191.75,8.115773009304026e-08,-30.000000002467235,8.942309392967474e-11,-1.7738111010600756e-11
192.0,8.200224148015603e-08,-30.000000002668312,8.933651041154178e-11,-1.8018439270965928e-11
192.25,8.220368926619359e-08,-30.000000003111428,8.846397919759497e-11,-1.799762595663268e-11
192.5,8.259160594759987e-08,-30.000000003114327,8.80468684072433e-11,-1.8881149977626854e-11
192.75,8.278479713527047e-08,-30.000000003157925,8.754080099704353e-11,-1.9469717810355213e-11
193.0,8.34116075029724e-08,-30.00000000346964,8.686094898902041e-11,-1.7881139911580964e-11
193.25,8.247367102404501e-08,-30.000000003216844,8.616283381224221e-11,-1.4638025853750085e-11
193.5,8.241790598039319e-08,-30.000000003030276,8.502830384227167e-11,-1.4601071015669875e-11
193.75,8.296340151112072e-08,-30.00000000293572,8.357609049269854e-11,-1.3922091010047557e-11
194.0,8.292024496242265e-08,-30.000000002755677,8.250010397059526e-11,-1.2460056499511115e-11
194.25,8.205839987538884e-08,-30.000000002286896,8.229987524810412e-11,-1.1110906281787522e-11
194.5,8.363105264071166e-08,-30.000000002820485,8.104698856481463e-11,-1.1751210842137368e-11
194.75,8.392479265192692e-08,-30.000000002659473,8.04866451264985e-11,-1.1236524490604739e-11
195.0,8.437491997703129e-08,-30.000000002688417,7.941912405495799e-11,-1.131008327128788e-11
195.25,8.475139645363294e-08,-30.000000002703686,7.743181096309115e-11,-1.1731150778527257e-11
195.5,8.56308911875927e-08,-30.00000000315982,7.511960498085557e-11,-1.2632776651619488e-11
195.75,8.511954712244656e-08,-30.000000002762377,7.37475983059177e-11,-1.1991754721825377e-11
196.0,8.460058949837606e-08,-30.000000002623814,7.183570405189244e-11,-1.0555003128872262e-11
196.25,8.470134114839963e-08,-30.00000000297154,6.961423104634434e-11,-1.0238675112246444e-11
196.5,8.433473667904534e-08,-30.00000000316857,6.736024238396254e-11,-8.94484894168463e-12
196.75,8.417971843995182e-08,-30.000000003214787,6.553912273998819e-11,-7.711139417246131e-12
197.0,8.481229926930496e-08,-30.000000003564818,6.301314331436103e-11,-8.145199415892809e-12
197.25,8.600280845836477e-08,-30.000000004013504,6.08601433138567e-11,-7.545652951210348e-12
197.5,8.666523116875891e-08,-30.0000000039218,5.94017682264969e-11,-5.6900100707133065e-12
197.75,8.732387094425287e-08,-30.00000000397065,5.706136951832974e-11,-5.950840389781486e-12
198.0,8.769764522015414e-08,-30.000000004180457,5.46618653118891e-11,-5.569014097527166e-12
198.25,8.851702249332015e-08,-30.000000004324274,5.0504246618121584e-11,-6.0224954899164664e-12
198.5,8.950108553138717e-08,-30.000000004422347,4.609822246148809e-11,-5.641071351779271e-12
198.75,8.855314532503417e-08,-30.00000000407911,4.217073912293756e-11,-4.1469615903043935e-12
199.0,8.81160458599044e-08,-30.000000003935977,3.819854155207025e-11,-2.6493704840758365e-12
199.25,8.790863389262769e-08,-30.000000004012463,3.440033674584342e-11,-1.0505049219538028e-12
199.5,8.775394291802204e-08,-30.000000003873684,3.0640101567058764e-11,-1.0448629267129607e-13
199.75,8.822662761684837e-08,-30.000000003973796,2.6829205523881683e-11,1.1421205058365103e-12
200.0,8.824237289322707e-08,-30.000000003668845,2.330682175033516e-11,1.9739376177255037e-12
200.25,8.832343782433645e-08,-30.000000003639375,1.974569119322922e-11,2.466081010600822e-12
200.5,8.909603929036464e-08,-30.000000004112593,1.56672730344809e-11,2.728961399774724e-12
200.75,8.947618414986037e-08,-30.000000004443102,1.1597792171080812e-11,3.8707815690582695e-12
201.0,8.83806123060789e-08,-30.00000000398409,8.507680671065998e-12,6.896625394010935e-12
201.25,8.814571250766212e-08,-30.0000000038355,5.185435414389872e-12,8.056402085366332e-12
201.5,8.763558131516802e-08,-30.000000003577405,1.8682971836270212e-12,1.0391860437189436e-11
201.75,8.656927542740317e-08,-30.000000003225896,-1.63533075969724e-12,1.2228325258968396e-11
202.0,8.562568843726336e-08,-30.000000002780798,-5.104437705849563e-12,1.3514442040798557e-11
202.25,8.447104318115046e-08,-30.00000000248478,-5.71330482923571e-12,1.4673843189995762e-11
202.5,8.463813911715448e-08,-30.0000000027762,-7.264480683666363e-12,1.457497764427351e-11
202.75,8.419038726298047e-08,-30.000000002567713,-8.069808710153836e-12,1.513628928089408e-11
203.0,8.37010207562135e-08,-30.000000002312525,-8.627369652014494e-12,1.553970469713075e-11
203.25,8.470263060055387e-08,-30.00000000244986,-8.312912858077226e-12,1.3622617020593727e-11
203.5,8.504718941866939e-08,-30.00000000279705,-8.469593082427451e-12,1.294531719167876e-11
203.75,8.466623936940475e-08,-30.000000002461032,-7.630000797842484e-12,1.3312159378006511e-11
204.0,8.397286668941813e-08,-30.00000000257475,-7.283444680705742e-12,1.4138207201582747e-11
204.25,8.476537370919117e-08,-30.000000002444963,-7.061837226096657e-12,1.2386259021366787e-11
204.5,8.478970606089804e-08,-30.00000000233906,-6.838231370043246e-12,1.2207930011881787e-11
204.75,8.5577645977214e-08,-30.0000000026971,-7.527173329080483e-12,1.0867767975118189e-11
205.0,8.514197900176455e-08,-30.00000000265121,-7.482868491504036e-12,1.1225573237050337e-11
205.25,8.592092972353901e-08,-30.000000002855874,-8.539564888554452e-12,1.0614790627062618e-11
205.5,8.486075165584766e-08,-30.000000002907214,-8.900415127133243e-12,1.2007269801930652e-11
205.75,8.46139284953667e-08,-30.000000002553975,-9.154427216273575e-12,1.244201223617084e-11
206.0,8.468460093079038e-08,-30.000000002714724,-9.886938490133446e-12,1.2205850217948738e-11
206.25,8.500658045917857e-08,-30.000000002495106,-9.654506361034265e-12,1.2973843614013374e-11
206.5,8.519128015388211e-08,-30.000000002359528,-9.612810547565687e-12,1.3298803006946168e-11
206.75,8.399758948109526e-08,-30.000000002329422,-9.354239605130488e-12,1.6184972050518483e-11
207.0,8.407812161488093e-08,-30.000000002156703,-9.009008816729391e-12,1.669221223936068e-11
207.25,8.227208264398663e-08,-30.000000001883084,-8.836063825068408e-12,1.827998275922323e-11
207.5,8.202986425391783e-08,-30.000000001930708,-8.87128565052464e-12,1.770708249436747e-11
207.75,8.307006845659388e-08,-30.000000002310724,-8.91548640469253e-12,1.6944216865066014e-11
208.0,8.244861206986916e-08,-30.00000000215593,-8.410286356230756e-12,1.8321048757611923e-11
208.25,8.339848874731581e-08,-30.000000002796604,-7.303720128692959e-12,1.7638927076515936e-11
208.5,8.223343045589605e-08,-30.000000002466923,-5.570557903844531e-12,1.8438450080722876e-11
208.75,8.213156361343043e-08,-30.000000002724597,-4.318670421277204e-12,1.8670219890015102e-11
209.0,8.206947917272812e-08,-30.000000002681773,-2.5347016152643675e-12,1.9322471181865806e-11
209.25,8.256242687073426e-08,-30.000000003017785,-1.6264420366063348e-12,1.792771294700188e-11
209.5,8.247832956039448e-08,-30.00000000329602,-4.5265180492748414e-13,1.824985061031975e-11
209.75,8.164556414691341e-08,-30.00000000307104,1.506225699721142e-12,1.9375956318556075e-11
210.0,8.153893547681425e-08,-30.000000003014264,3.490860378541072e-12,2.0405287228570434e-11
210.25,8.097205728764232e-08,-30.000000002913975,5.319800155945131e-12,2.0742658589628332e-11
210.5,8.056885212636661e-08,-30.00000000299633,7.165545934384454e-12,2.221799291526672e-11
210.75,8.106297339916282e-08,-30.000000003035517,9.08251251985348e-12,2.2010365018539774e-11
211.0,8.036348007857572e-08,-30.000000002598146,1.1339859606884772e-11,2.3307130499796322e-11
211.25,7.988908681633603e-08,-30.00000000258261,1.3810862176111272e-11,2.4118583210820944e-11
211.5,8.037342955997386e-08,-30.000000002763194,1.587811132575112e-11,2.272272683618186e-11
211.75,8.159043648673032e-08,-30.000000002920014,1.8226448128544348e-11,2.097304983502911e-11
212.0,8.043435994134485e-08,-30.000000002847504,2.087312961362997e-11,2.226760043568473e-11
212.25,8.04087572704108e-08,-30.00000000275613,2.3143494065624992e-11,2.2581207201778968e-11
212.5,8.027251059904964e-08,-30.000000002655913,2.5693565330886514e-11,2.298645972685744e-11
212.75,8.070443896169322e-08,-30.000000002547036,2.808581839319757e-11,2.2654050598017648e-11
213.0,8.051897927823625e-08,-30.000000002211838,3.078755306251679e-11,2.3639157871674858e-11
213.25,8.033950583926971e-08,-30.000000001876188,3.3112956820957606e-11,2.3300671001900285e-11
213.5,7.988485421380987e-08,-30.000000001543654,3.5277968046809605e-11,2.267060858649914e-11
213.75,7.977807884963333e-08,-30.000000001440352,3.7247330220147035e-11,2.1757741232366426e-11
214.0,7.894530542474487e-08,-30.000000000894257,3.978448126495948e-11,2.1607464150804306e-11
214.25,7.784217565097845e-08,-30.000000000809127,4.319398311247724e-11,2.120727094800007e-11
214.5,7.81630497373591e-08,-30.000000000956806,4.619099547298333e-11,1.8852014850441013e-11
214.75,7.776260768101081e-08,-30.000000001118615,4.9022959303091085e-11,1.773695170952504e-11
215.0,7.737573087950081e-08,-30.000000001068244,5.194984720180429e-11,1.5923807745025437e-11
215.25,7.847297007460144e-08,-30.000000001482483,5.5747663429972505e-11,1.400815028168787e-11
215.5,7.721385584765962e-08,-30.000000001238774,6.014792136577185e-11,1.3736041343875245e-11
215.75,7.693263453212287e-08,-30.000000001236565,6.435226657108828e-11,1.2985865340124282e-11
216.0,7.746059746980499e-08,-30.00000000102572,6.865134849487475e-11,1.0896460423613778e-11
216.25,7.744397498628867e-08,-30.000000001059636,7.209098595861718e-11,9.877699430440808e-12
216.5,7.756136905855932e-08,-30.000000001338133,7.533387108571432e-11,8.827407953078037e-12
216.75,7.674099622736086e-08,-30.00000000118354,7.936748480652511e-11,8.733410824587901e-12
217.0,7.645225545574804e-08,-30.000000001273417,8.298437631504285e-11,8.811530162080132e-12
217.25,7.737375295009235e-08,-30.000000001608488,8.662351391741652e-11,6.139019497152441e-12
217.5,7.83208437832135e-08,-30.00000000196216,9.032193049041126e-11,4.754234514424487e-12
217.75,7.8222700589601e-08,-30.0000000016547,9.528853400775361e-11,4.650726999933313e-12
218.0,7.843445993628269e-08,-30.00000000181602,9.913982135234534e-11,3.46548002169646e-12
218.25,7.788529728887726e-08,-30.00000000176564,1.0110203646496174e-10,3.56749279683113e-12
218.5,7.815721956009007e-08,-30.000000001731085,1.0334142569456972e-10,2.387243095433723e-12
218.75,7.795202458874122e-08,-30.00000000193427,1.0538651201708049e-10,2.216907983625047e-12
219.0,7.710254485872651e-08,-30.00000000192095,1.079697581340966e-10,3.0202987928913367e-12
219.25,7.80934151831177e-08,-30.00000000214818,1.1078924583296512e-10,8.233367634126938e-13
219.5,7.883775978921664e-08,-30.00000000215677,1.1392640303364843e-10,-1.9614751483191616e-13
219.75,7.894001816845486e-08,-30.00000000239465,1.1665171606445313e-10,2.9576847078215677e-13
220.0,7.82335411924032e-08,-30.00000000240648,1.1969437940795302e-10,1.3247731916615711e-12
220.25,7.829989629371714e-08,-30.00000000242154,1.2169321800259425e-10,2.149840300381319e-12
220.5,7.8742950958208e-08,-30.00000000288771,1.2301535484704473e-10,1.888512795673962e-12
220.75,7.849382921492025e-08,-30.000000003119624,1.2487658129778367e-10,2.4058173281975083e-12
221.0,7.823154873363106e-08,-30.00000000311698,1.263868870671203e-10,2.051389145158154e-12
221.25,7.761747308146541e-08,-30.0000000031005,1.2818227035360508e-10,2.689037945717351e-12
221.5,7.823266439415614e-08,-30.00000000330114,1.297767449059961e-10,2.4166832037435363e-12
221.75,7.799144813387476e-08,-30.000000003252136,1.3147332528218314e-10,3.480911364541701e-12
222.0,7.751498593244304e-08,-30.000000003178585,1.3300636286794898e-10,4.0721669226404235e-12
222.25,7.748211554747755e-08,-30.00000000308057,1.3525640329969946e-10,3.9643019607359015e-12
222.5,7.755371150671735e-08,-30.000000003177764,1.373144167815532e-10,4.478292138361173e-12
222.75,7.750652290024092e-08,-30.000000003238327,1.3921029606844826e-10,4.816458235852573e-12
223.0,7.621571751092244e-08,-30.00000000279747,1.4169011797182662e-10,6.962797831983908e-12
223.25,7.610589402912701e-08,-30.00000000254535,1.4484011212623216e-10,6.8399739285454345e-12
223.5,7.67792569000961e-08,-30.000000002926544,1.4773133411027928e-10,7.65395811544853e-12
223.75,7.632578504640592e-08,-30.000000002791438,1.505273752866465e-10,7.93073985721899e-12
224.0,7.62095532299394e-08,-30.000000002823658,1.5357000393567688e-10,8.372343398312689e-12
224.25,7.620772493584493e-08,-30.000000002790014,1.564553486765874e-10,9.232257982717368e-12
224.5,7.694066795332028e-08,-30.000000002916256,1.5958057791864988e-10,9.467963270738723e-12
224.75,7.632436707557078e-08,-30.000000002725837,1.6281644782401017e-10,1.1439012016050754e-11
225.0,7.588058177990952e-08,-30.000000002677744,1.6562623494920103e-10,1.231704953484494e-11
225.25,7.628800847488711e-08,-30.000000002772424,1.6822900711366273e-10,1.204511811639394e-11
225.5,7.726540150448745e-08,-30.00000000300113,1.704053148587903e-10,1.0829379787018318e-11
225.75,7.678813378503255e-08,-30.000000002658787,1.7383292028050334e-10,1.1498878478785953e-11
226.0,7.620100466783497e-08,-30.000000002881034,1.7610753827446146e-10,1.1712293723706654e-11
226.25,7.731912176978583e-08,-30.00000000300287,1.7821161907294325e-10,1.1064354640330275e-11
226.5,7.794161770645978e-08,-30.000000002993573,1.805999377824108e-10,1.0823172195602188e-11
226.75,7.8747413824686e-08,-30.000000002853014,1.8327281359198366e-10,1.0988507189949416e-11
227.0,7.83773237594499e-08,-30.000000003009266,1.855046810605998e-10,1.2048885343620968e-11
227.25,7.86474367998628e-08,-30.000000002797755,1.8672797336138913e-10,1.3064625446423566e-11
227.5,7.819851986727842e-08,-30.00000000264579,1.875362920511492e-10,1.4178491054839746e-11
227.75,7.860991238446538e-08,-30.000000002790387,1.8810095842036745e-10,1.425606954384107e-11
228.0,7.875916240647928e-08,-30.000000002757396,1.8894651121481587e-10,1.4397775101129084e-11
228.25,7.83653366084125e-08,-30.00000000253417,1.8918317606919643e-10,1.4046823899115044e-11
228.5,7.798835845290334e-08,-30.000000002570705,1.8920593564120125e-10,1.4980705990147287e-11
228.75,7.836641718554963e-08,-30.00000000264224,1.8947730884288916e-10,1.613660061222333e-11
229.0,7.741792085987205e-08,-30.00000000225896,1.8984046279424405e-10,1.7062475783202603e-11
229.25,7.750299327631975e-08,-30.000000002347818,1.912504321577302e-10,1.7206471515833445e-11
229.5,7.659972971072307e-08,-30.00000000219266,1.927463189055345e-10,1.915236862465064e-11
229.75,7.718722913896721e-08,-30.000000002271666,1.935262713970154e-10,1.8109845493996718e-11
230.0,7.62244225530158e-08,-30.000000002077897,1.950704597852848e-10,1.9928591650085544e-11
230.25,7.523028639953481e-08,-30.000000002075165,1.9703146753036194e-10,2.0787006815717302e-11
230.5,7.590337164059513e-08,-30.000000002053948,1.9875228546295531e-10,1.8827986445296697e-11
230.75,7.502296938292132e-08,-30.000000002179135,2.007350535793151e-10,2.016221434883527e-11
231.0,7.434794519117262e-08,-30.00000000201555,2.0298841080235164e-10,2.0872812824711552e-11
231.25,7.44971350208932e-08,-30.000000001788575,2.065907930837163e-10,2.1612175589924455e-11
231.5,7.506898830963881e-08,-30.000000001932708,2.1012564604960815e-10,2.1024945919496347e-11
231.75,7.494301830625275e-08,-30.00000000196581,2.1346312911729726e-10,2.038595595305879e-11
232.0,7.479813254313082e-08,-30.00000000188757,2.1683917855730428e-10,2.057371806439269e-11
232.25,7.435340923717857e-08,-30.000000001681194,2.1934552091318338e-10,2.0098345943911043e-11
232.5,7.506597745796317e-08,-30.00000000203852,2.2155011852875717e-10,1.9600080690466912e-11
232.75,7.581573448436294e-08,-30.000000002475986,2.2373031899336482e-10,1.8361067825018987e-11
233.0,7.542245762895341e-08,-30.00000000273336,2.2618028283627467e-10,1.8484507105972507e-11
233.25,7.552492973133058e-08,-30.000000002828106,2.2778312569471382e-10,1.918080713348295e-11
233.5,7.49432834639335e-08,-30.000000002499338,2.3011621080870626e-10,2.0322847901836567e-11
233.75,7.597200002607351e-08,-30.000000002907832,2.3140912797092739e-10,1.926405745514953e-11
234.0,7.581561563479857e-08,-30.000000002631054,2.3303332180590886e-10,1.905748930162129e-11
234.25,7.586937403213398e-08,-30.000000002586333,2.346279490139658e-10,1.9651604432234686e-11
234.5,7.591315827278118e-08,-30.00000000252994,2.359739764701274e-10,1.9370589407144208e-11
234.75,7.470622774655235e-08,-30.000000002422592,2.3711542451732015e-10,2.0386384896980504e-11
235.0,7.48469904147127e-08,-30.00000000230362,2.389051248496976e-10,2.122575703356854e-11
235.25,7.503349537166549e-08,-30.000000002358437,2.4061666548114147e-10,2.0499654605279966e-11
235.5,7.414748402293204e-08,-30.00000000209694,2.428236570151121e-10,2.117839074579541e-11
235.75,7.37050687796323e-08,-30.000000001988575,2.4521484842665586e-10,2.225463404248282e-11
236.0,7.348660877523476e-08,-30.000000001788287,2.473486623855159e-10,2.2112755168606275e-11
236.25,7.410950271864198e-08,-30.000000001721116,2.500665022275861e-10,2.0522285862988193e-11
236.5,7.337323329290764e-08,-30.00000000172301,2.5300218170487554e-10,2.0860409569299266e-11
236.75,7.297791143925104e-08,-30.00000000159053,2.5590511654183246e-10,2.021729028352419e-11
237.0,7.264273630308585e-08,-30.00000000130203,2.5925980806640325e-10,2.049551632049811e-11
237.25,7.292315904094866e-08,-30.00000000130684,2.6273435510537624e-10,1.9899666860256946e-11
237.5,7.264012798799414e-08,-30.00000000133574,2.6571219530202583e-10,1.8898294320601807e-11
237.75,7.259619017710969e-08,-30.00000000093964,2.6916175538405085e-10,1.8168177616974918e-11
238.0,7.23249989468552e-08,-30.00000000076903,2.725215123011715e-10,1.707001552214096e-11
238.25,7.250517975267525e-08,-30.000000000824016,2.755719957781011e-10,1.566443226264153e-11
238.5,7.291773319392616e-08,-30.000000000856993,2.7876639191459773e-10,1.3032225411010864e-11
238.75,7.232212847295418e-08,-30.000000000820208,2.8174353128296303e-10,1.2403313950785187e-11
239.0,7.235691174159181e-08,-30.000000000737476,2.855254296885157e-10,1.0514099235911438e-11
239.25,7.267901746307506e-08,-30.000000000809315,2.8857052164488195e-10,8.884846307067155e-12
239.5,7.204780399222801e-08,-30.000000000986375,2.9178743449209676e-10,8.507035670059871e-12
239.75,7.126676453595479e-08,-30.00000000081949,2.954411090771991e-10,8.363121792182145e-12
240.0,7.178731111429838e-08,-30.00000000100721,2.976215246475178e-10,6.946730046983353e-12
240.25,7.249369787319476e-08,-30.000000001050857,3.004013773844072e-10,4.924615047312859e-12
240.5,7.29800867425378e-08,-30.000000001373373,3.0286415736435757e-10,3.645764791660526e-12
240.75,7.302806279282153e-08,-30.000000001724313,3.061185471775474e-10,2.0063279802561694e-12
241.0,7.331642022722712e-08,-30.000000002103597,3.090953187845358e-10,1.2489126170599487e-12
241.25,7.273025765458166e-08,-30.000000002009614,3.1099712388682477e-10,1.8965901912212265e-12
241.5,7.278273685606521e-08,-30.000000001917407,3.1323114935144503e-10,1.5174775248439233e-12
241.75,7.217059512127364e-08,-30.00000000199721,3.1448353643437343e-10,1.7237200768008864e-12
242.0,7.259503978093034e-08,-30.000000002052246,3.1629051461257163e-10,9.904205424729408e-13
242.25,7.371230913387078e-08,-30.0000000022799,3.1818313261933184e-10,-4.0151188335110666e-13
242.5,7.351160528860583e-08,-30.000000001924086,3.203331072620941e-10,-1.6164663307784428e-13
242.75,7.337921881476636e-08,-30.000000001908866,3.2325517262954406e-10,1.4153636535687001e-12
243.0,7.309733246171057e-08,-30.000000001981743,3.2468900484916574e-10,1.3366136265715119e-12
243.25,7.251168015283673e-08,-30.000000001665743,3.2741787753254314e-10,1.8020439395921762e-12
243.5,7.211140348427384e-08,-30.00000000163304,3.291215910916634e-10,2.5214121299612757e-12
243.75,7.263847659162124e-08,-30.000000001660048,3.3111888231296405e-10,2.177267182393834e-12
244.0,7.285261617002857e-08,-30.000000001688196,3.3254300008112025e-10,1.3143259510975178e-12
244.25,7.253665078121281e-08,-30.000000001463402,3.341185106364719e-10,8.226962393844883e-13
244.5,7.141010420402305e-08,-30.00000000095514,3.360691447351627e-10,7.886934321079007e-13
244.75,7.181641800727167e-08,-30.000000001120135,3.375610554967601e-10,2.0380845825235731e-13
245.0,7.1810234174599e-08,-30.00000000097147,3.3915401043138615e-10,-1.5868650458551684e-12
245.25,7.19430761423385e-08,-30.000000000956927,3.412759103094132e-10,-2.8142465905397584e-12
245.5,7.199801570083428e-08,-30.000000000821554,3.4352946876037294e-10,-3.2154539072739733e-12
245.75,7.259006664502913e-08,-30.000000000789456,3.456001040902379e-10,-4.5922446719071375e-12
246.0,7.158356735143297e-08,-30.000000000541522,3.4784887470440395e-10,-3.760358582339437e-12
246.25,7.234375331103166e-08,-30.000000000845045,3.493453026859328e-10,-5.632977397469555e-12
246.5,7.286295546716877e-08,-30.00000000093269,3.520820232583155e-10,-6.546604463563244e-12
246.75,7.369184984607865e-08,-30.00000000125216,3.5417788146752116e-10,-7.8550724622331e-12
247.0,7.371867304092927e-08,-30.000000001290267,3.572742379720495e-10,-8.782758949621228e-12
247.25,7.451759677200083e-08,-30.000000001303732,3.580210364284575e-10,-9.464343349414641e-12
247.5,7.388926818927029e-08,-30.00000000119263,3.5908912648929814e-10,-9.269435110217992e-12
247.75,7.436697436246331e-08,-30.000000001247574,3.5946081528015483e-10,-1.1044468930421764e-11
248.0,7.471063118301651e-08,-30.00000000140145,3.5990059543689057e-10,-1.1870037064703226e-11
248.25,7.476867781165906e-08,-30.00000000117259,3.6026535921163116e-10,-1.1554639008665322e-11
248.5,7.496185350493056e-08,-30.00000000145578,3.594760045189105e-10,-1.167961003913102e-11
248.75,7.609786444377252e-08,-30.000000001804093,3.589119834668253e-10,-1.2642880009130914e-11
249.0,7.604218472347978e-08,-30.000000001889198,3.584395627531656e-10,-1.300906728293634e-11
249.25,7.547385394688769e-08,-30.00000000171037,3.570020182253053e-10,-1.1525050870796925e-11
249.5,7.494220206540185e-08,-30.000000001714696,3.5595540404109727e-10,-1.1423765451640246e-11
249.75,7.429641585725447e-08,-30.000000001419235,3.5478875393124554e-10,-1.051330344936288e-11
250.0,7.402062335795571e-08,-30.000000001494914,3.5310961099543903e-10,-1.057355669314342e-11
250.25,7.306988125708551e-08,-30.00000000119843,3.5350532917588495e-10,-1.0162389263196382e-11
250.5,7.467561650778947e-08,-30.000000001757854,3.5302245848800595e-10,-1.2660880574940094e-11
250.75,7.42165108690058e-08,-30.00000000138806,3.5298980405329416e-10,-1.2818564432797581e-11
251.0,7.402974538642311e-08,-30.000000001056456,3.536228185274659e-10,-1.289337850317741e-11
251.25,7.562275273321565e-08,-30.000000001248225,3.5368164646998324e-10,-1.4568860453682984e-11
251.5,7.603304951008412e-08,-30.000000001142897,3.535846337943127e-10,-1.5471233328960637e-11
251.75,7.587428000432714e-08,-30.0000000009632,3.535160428280726e-10,-1.565411877933017e-11
252.0,7.486610703840907e-08,-30.00000000067044,3.538812159975535e-10,-1.6033686112663334e-11
252.25,7.45810981253933e-08,-30.000000000526367,3.53947038345126e-10,-1.7493331773193765e-11
252.5,7.467313261669724e-08,-30.000000000716234,3.535039830304676e-10,-1.8873369483252428e-11
252.75,7.49929180314033e-08,-30.000000000754564,3.532818274032401e-10,-2.0237624717663164e-11
253.0,7.512875386650714e-08,-30.000000001048964,3.521269248407677e-10,-2.109646352732979e-11
253.25,7.499748260664919e-08,-30.00000000088969,3.521514746473997e-10,-2.097282707077518e-11
253.5,7.508070907681163e-08,-30.000000000946745,3.513903196195045e-10,-2.213255655256507e-11
253.75,7.516385982543025e-08,-30.000000000956902,3.5083438931771127e-10,-2.2820936757863138e-11
254.0,7.675292898221014e-08,-30.000000001407695,3.4967505280203426e-10,-2.4846140394771577e-11
254.25,7.695413155349891e-08,-30.000000001243833,3.4797670994679564e-10,-2.47802563364025e-11
254.5,7.631456622620021e-08,-30.000000000910898,3.4715789271055897e-10,-2.3990952452219905e-11
254.75,7.633992003837204e-08,-30.000000000896428,3.4510062862924684e-10,-2.3898511668360878e-11
255.0,7.674966167453242e-08,-30.000000001159503,3.429007147670582e-10,-2.467686507123645e-11
255.25,7.732961237758602e-08,-30.000000001435517,3.41293396322051e-10,-2.5445363960820396e-11
255.5,7.68404683026925e-08,-30.000000001640284,3.3924336256818677e-10,-2.464693243099845e-11
255.75,7.692015050055295e-08,-30.000000001815764,3.3723282499842355e-10,-2.6370540126186645e-11
256.0,7.7354963770678e-08,-30.000000001696744,3.359039851824619e-10,-2.6861722413653544e-11
256.25,7.773183896308401e-08,-30.000000001686924,3.34281845260076e-10,-2.6628534718939425e-11
256.5,7.777049291501465e-08,-30.000000001743143,3.3259162091070493e-10,-2.55873279159468e-11
256.75,7.82163698819888e-08,-30.000000001642334,3.3048008080127644e-10,-2.7429308411705333e-11
257.0,7.776371413254312e-08,-30.000000001520306,3.2927047893815953e-10,-2.655377979907298e-11
257.25,7.702454403429629e-08,-30.000000001599634,3.2679758205089726e-10,-2.6109918201317917e-11
257.5,7.763645610454764e-08,-30.000000001924835,3.24839904974894e-10,-2.5831076586846908e-11
257.75,7.753510920196248e-08,-30.000000001917098,3.225723646527179e-10,-2.596806803269541e-11
258.0,7.644067223450106e-08,-30.000000001531085,3.2117826453959e-10,-2.4826424606379402e-11
258.25,7.681598507831737e-08,-30.00000000130275,3.2048717846233643e-10,-2.4555897423520513e-11
258.5,7.646301902568507e-08,-30.000000001096936,3.1943094003228367e-10,-2.43839870628971e-11
258.75,7.612775899239263e-08,-30.000000000690395,3.1826166702053627e-10,-2.438640033165213e-11
259.0,7.532855190202817e-08,-30.000000000706038,3.171455389971989e-10,-2.3512641322787328e-11
259.25,7.58373534296811e-08,-30.000000000744365,3.161816364283254e-10,-2.574333629998609e-11
259.5,7.634787884612269e-08,-30.000000000936346,3.1548391676849974e-10,-2.796218336048973e-11
259.75,7.664741286031596e-08,-30.000000001012506,3.146589169777947e-10,-2.9899690899101224e-11
260.0,7.652355045996601e-08,-30.000000000702922,3.153180078152573e-10,-3.094287918342238e-11
260.25,7.645273268615087e-08,-30.000000000675968,3.1496499158789604e-10,-3.033580097351428e-11
260.5,7.615473096786193e-08,-30.000000000884242,3.139039514432618e-10,-3.08702449684366e-11
260.75,7.637585611408643e-08,-30.00000000110506,3.126503847483697e-10,-3.175198572092951e-11
261.0,7.683614592910596e-08,-30.000000001290882,3.1142901452119176e-10,-3.289861311684408e-11
261.25,7.718786445745114e-08,-30.000000001616392,3.096075062991588e-10,-3.301625483675999e-11
261.5,7.639587101368331e-08,-30.000000001315993,3.083927627156591e-10,-3.2170552956518824e-11
261.75,7.50036220618331e-08,-30.000000000834408,3.0771665771034407e-10,-3.0340988895326004e-11
262.0,7.451277916716858e-08,-30.00000000066612,3.0675464945950637e-10,-2.93286188874313e-11
262.25,7.464319398960225e-08,-30.000000000762558,3.076396429269046e-10,-3.058579080749034e-11
262.5,7.422421175419517e-08,-30.000000000802086,3.0856033700343843e-10,-3.1356515950368175e-11
262.75,7.400290009650882e-08,-30.000000000561915,3.1047019122265596e-10,-3.0981582151531425e-11
263.0,7.267272656478146e-08,-30.000000000164214,3.117311339617679e-10,-3.0560202976459425e-11
263.25,7.269328418096173e-08,-30.000000000154913,3.1373061787354217e-10,-3.177071771555427e-11
263.5,7.207232522808212e-08,-29.999999999714806,3.1599205890797677e-10,-3.306379158029199e-11
263.75,7.128368142192086e-08,-29.999999999511267,3.194314882049021e-10,-3.186679865230549e-11
264.0,7.100596791652019e-08,-29.99999999954444,3.220106542523027e-10,-3.326228817607128e-11
264.25,7.102778530336638e-08,-29.999999999540737,3.257104586040782e-10,-3.390301873433192e-11
264.5,7.011083868360664e-08,-29.99999999939657,3.2984501241450914e-10,-3.422817782457834e-11
264.75,6.893405982215187e-08,-29.99999999911142,3.3398009358087677e-10,-3.410395024961891e-11
265.0,6.988717516345852e-08,-29.99999999945792,3.375737120392408e-10,-3.7472329281388654e-11
265.25,7.00896608243215e-08,-29.999999999336925,3.412688395765251e-10,-3.916884007023589e-11
265.5,7.001406265328061e-08,-29.99999999941531,3.451808006094126e-10,-3.922885437841513e-11
265.75,7.040797270382838e-08,-29.99999999947073,3.49353879158798e-10,-4.147469371204612e-11
266.0,7.092273412670921e-08,-29.999999999672553,3.5326595815288186e-10,-4.2737276597409074e-11
266.25,7.045825680697073e-08,-29.999999999468525,3.558650527035745e-10,-4.333971800261396e-11
266.5,7.058301211246298e-08,-29.999999999134683,3.5971430001335847e-10,-4.4228832351694413e-11
266.75,6.998984459613121e-08,-29.999999998785093,3.6257171570630575e-10,-4.5358369405701764e-11
267.0,6.9357588219099e-08,-29.99999999841944,3.6557598614983533e-10,-4.612975602711197e-11
267.25,6.929573416115554e-08,-29.999999998260236,3.695074871079562e-10,-4.773914328203284e-11
267.5,6.863553756376916e-08,-29.99999999797537,3.733318307275191e-10,-4.956250399904995e-11
267.75,6.798646750133111e-08,-29.999999997786848,3.77502779036476e-10,-5.078873805768661e-11
268.0,6.802725259503603e-08,-29.99999999769496,3.8104372435121547e-10,-5.3018378189300777e-11
268.25,6.758952550818137e-08,-29.99999999736612,3.853622837501902e-10,-5.543677290879617e-11
268.5,6.728265483884135e-08,-29.999999997022382,3.9004509344575666e-10,-5.696190954995263e-11
268.75,6.764605443390822e-08,-29.999999997108443,3.9404564333711534e-10,-5.917192430915079e-11
269.0,6.846964968909274e-08,-29.999999997346084,3.982742469155198e-10,-6.220122958202577e-11
269.25,6.769695917753732e-08,-29.99999999712009,4.018528010352185e-10,-6.341398847207992e-11
269.5,6.778392184751638e-08,-29.999999996988564,4.057245511779328e-10,-6.436177858467521e-11
269.75,6.749278126790311e-08,-29.999999996837,4.086540550396478e-10,-6.721394109975916e-11
270.0,6.832055418174805e-08,-29.9999999971675,4.121932656309113e-10,-7.070345510235451e-11
270.25,6.828126305115596e-08,-29.99999999714029,4.158782623830959e-10,-7.327729955768944e-11
270.5,6.791373235275428e-08,-29.999999997198948,4.1893345043009234e-10,-7.564410936160619e-11
270.75,6.782648947043145e-08,-29.999999997565478,4.217007854023791e-10,-7.886533276552196e-11
271.0,6.795074859856178e-08,-29.99999999751536,4.248407667328813e-10,-8.10908761581443e-11
271.25,6.690871224136239e-08,-29.9999999973742,4.2873741362692286e-10,-8.214000433623146e-11
271.5,6.729553133925973e-08,-29.99999999726061,4.325482680367365e-10,-8.491077578380492e-11
271.75,6.684519473320857e-08,-29.99999999721821,4.362242234101643e-10,-8.607147090256572e-11
272.0,6.630698675672546e-08,-29.999999997024684,4.3990010245575917e-10,-8.757304812390123e-11
272.25,6.628926154996744e-08,-29.999999996902122,4.446246426592637e-10,-8.974924146999735e-11
272.5,6.555464931388454e-08,-29.99999999672976,4.4923479519676235e-10,-9.001913985417381e-11
272.75,6.574005235164391e-08,-29.9999999965683,4.534248046472733e-10,-9.320890713173203e-11
273.0,6.472096982921853e-08,-29.999999996013127,4.5875703236220033e-10,-9.268079258811438e-11
273.25,6.488005582242243e-08,-29.999999995852015,4.6382535312528006e-10,-9.497166099948534e-11
273.5,6.505070916959065e-08,-29.99999999574081,4.687412472059727e-10,-9.886011858005757e-11
273.75,6.488276047888113e-08,-29.99999999583947,4.741543407904558e-10,-1.0058326738605913e-10
274.0,6.430997333386985e-08,-29.999999995420424,4.797798547340193e-10,-1.0276337317685196e-10
274.25,6.379833371395887e-08,-29.99999999514876,4.851425511320784e-10,-1.0429327209194589e-10
274.5,6.395537659061729e-08,-29.999999995246498,4.900243683048089e-10,-1.0796813088382918e-10
274.75,6.464412889959344e-08,-29.999999995207975,4.951199381042493e-10,-1.109940407000752e-10
275.0,6.448519889603608e-08,-29.99999999535033,4.99947944154755e-10,-1.129133296421075e-10
275.25,6.429992187068911e-08,-29.999999995229857,5.047321310902575e-10,-1.1475294586917884e-10
275.5,6.37380885848749e-08,-29.999999995004444,5.093231947306265e-10,-1.1822432245609595e-10
275.75,6.333567234542244e-08,-29.999999995117243,5.137766392881993e-10,-1.2143440343983784e-10
276.0,6.302796938914955e-08,-29.999999994839424,5.186383753019719e-10,-1.2440771608966836e-10
276.25,6.327935660562468e-08,-29.99999999483601,5.235893316135609e-10,-1.2704145491042996e-10
276.5,6.292451169890352e-08,-29.99999999475607,5.293332369649129e-10,-1.2926016633803708e-10
276.75,6.257060287248124e-08,-29.999999994820897,5.347545878331417e-10,-1.3070325244308383e-10
277.0,6.289631927394592e-08,-29.999999995030763,5.395977067945701e-10,-1.351116119501679e-10
277.25,6.369447247865825e-08,-29.99999999509919,5.445945014392883e-10,-1.3874682991098746e-10
277.5,6.26989890676305e-08,-29.999999995049816,5.498713290252866e-10,-1.392826263375857e-10
277.75,6.338986567862608e-08,-29.99999999530214,5.549763912315875e-10,-1.4276428626838468e-10
278.0,6.364469940386153e-08,-29.99999999543636,5.590867768745511e-10,-1.456007034425428e-10
278.25,6.407031064515453e-08,-29.999999995673782,5.626665869340464e-10,-1.4698547826442443e-10
278.5,6.460426189657868e-08,-29.999999995283485,5.674283612422393e-10,-1.4923748744781014e-10
278.75,6.53481694312508e-08,-29.999999996036635,5.699391028568535e-10,-1.5315130037119974e-10
279.0,6.56429307748562e-08,-29.999999996027498,5.743479858377754e-10,-1.540365224314934e-10
279.25,6.499341592064128e-08,-29.999999995851844,5.768415120566139e-10,-1.543231060204778e-10
279.5,6.584887210844783e-08,-29.999999996088402,5.792087018341441e-10,-1.558549494067575e-10
279.75,6.608764078364249e-08,-29.999999996311658,5.809333916695358e-10,-1.5705107875930492e-10
280.0,6.624348286039865e-08,-29.99999999696387,5.820961490599075e-10,-1.5889438987675874e-10
280.25,6.654550972850777e-08,-29.999999996427537,5.842296091351784e-10,-1.588641495037324e-10
280.5,6.709230314653608e-08,-29.999999996472717,5.850621376257692e-10,-1.600437158137433e-10
280.75,6.782288322690505e-08,-29.999999996366654,5.862862417771453e-10,-1.6187961510871842e-10
281.0,6.8240421191751e-08,-29.999999996703334,5.869455754758945e-10,-1.6390587034564188e-10
281.25,6.813878449175425e-08,-29.999999997191413,5.860738769292162e-10,-1.6469441800872436e-10
281.5,6.92269621450232e-08,-29.999999997680117,5.857171830880858e-10,-1.669853256481026e-10
281.75,6.850020550179528e-08,-29.999999997445464,5.859779467209947e-10,-1.673327334837249e-10
282.0,6.914485673419959e-08,-29.999999997804725,5.856513399238317e-10,-1.677098072601405e-10
282.25,7.021692697781899e-08,-29.999999997732484,5.851887793784094e-10,-1.6987745844425136e-10
282.5,7.033466627253063e-08,-29.99999999752833,5.841045841448178e-10,-1.7049758686155953e-10
282.75,7.017699568700954e-08,-29.999999997191722,5.834091335032987e-10,-1.7086202194382478e-10
283.0,6.939229559480266e-08,-29.9999999968716,5.833658278664444e-10,-1.6994828839762206e-10
283.25,6.865936498752929e-08,-29.999999996567727,5.829711643978719e-10,-1.6934007988410155e-10
283.5,7.042465686727093e-08,-29.99999999686766,5.815605080838893e-10,-1.7103696017749263e-10
283.75,6.991708071535768e-08,-29.999999996452473,5.806289060661385e-10,-1.71748880364236e-10
284.0,6.928925396857271e-08,-29.99999999679242,5.792306495555621e-10,-1.7242363516313332e-10
284.25,6.95137272210703e-08,-29.999999997004103,5.783653972413205e-10,-1.733938728539862e-10
284.5,7.03859257723737e-08,-29.999999996793928,5.780785364284391e-10,-1.7452327348859158e-10
284.75,7.12593094341295e-08,-29.999999997192973,5.76485005565619e-10,-1.7503119395893443e-10
285.0,7.119308106427197e-08,-29.99999999716962,5.761898666523102e-10,-1.7452375451472504e-10
285.25,7.071873385794237e-08,-29.999999997165,5.738182359826816e-10,-1.7283218422034665e-10
285.5,7.125040898148622e-08,-29.99999999791623,5.702584029987356e-10,-1.7424011745614285e-10
285.75,7.096499760618488e-08,-29.999999998095323,5.675893782752794e-10,-1.7419191285617778e-10
286.0,7.127672328664079e-08,-29.999999998439485,5.651198259348789e-10,-1.7452668780809218e-10
286.25,7.124663215504879e-08,-29.999999997915314,5.635883634780292e-10,-1.7326976521505895e-10
286.5,7.110934774586306e-08,-29.99999999784706,5.61780955088409e-10,-1.7193249946599543e-10
286.75,7.08089931516756e-08,-29.999999997496676,5.599530561450905e-10,-1.7140798893890007e-10
287.0,7.175871764944787e-08,-29.999999997602753,5.58279832085784e-10,-1.7094788629777354e-10
287.25,7.110665840596598e-08,-29.999999996977177,5.569453370712907e-10,-1.7000582095903887e-10
287.5,7.203090914417743e-08,-29.99999999695297,5.550219381311727e-10,-1.6968536639430295e-10
287.75,7.153122540721889e-08,-29.999999996781494,5.532070287972424e-10,-1.6769312120900016e-10
288.0,7.028654631604277e-08,-29.999999996461835,5.516416837214599e-10,-1.6503638297665026e-10
288.25,7.074028449593078e-08,-29.999999996590372,5.503609720736158e-10,-1.658718028425806e-10
288.5,7.07751099733127e-08,-29.99999999671407,5.497372834728509e-10,-1.660293059116478e-10
288.75,7.106984450750923e-08,-29.999999996832862,5.484649401310548e-10,-1.6794770077436207e-10
289.0,7.038978652617021e-08,-29.999999996790017,5.470124492257256e-10,-1.686002320755558e-10
289.25,7.04454645280953e-08,-29.999999996443414,5.461099419901139e-10,-1.7030741488603692e-10
289.5,7.146653154337928e-08,-29.999999997116692,5.438294467530191e-10,-1.7241496514183394e-10
289.75,7.163568746937055e-08,-29.999999997470496,5.421177257103338e-10,-1.722450850837389e-10
290.0,7.163201390669307e-08,-29.9999999975044,5.406653666439887e-10,-1.7353525052671955e-10
290.25,7.198442303422588e-08,-29.99999999765932,5.391286583833477e-10,-1.7424732403598905e-10
290.5,7.160867664227395e-08,-29.99999999733463,5.376011372182354e-10,-1.741083175440075e-10
290.75,7.191495282190672e-08,-29.999999997271555,5.363991195661555e-10,-1.7337830082853486e-10
291.0,7.254999231415389e-08,-29.999999997610498,5.341890055299281e-10,-1.7433273235037376e-10
291.25,7.331104474130696e-08,-29.99999999805068,5.31468632991583e-10,-1.7410549716676932e-10
291.5,7.399571407629474e-08,-29.99999999829088,5.292818683333422e-10,-1.7386205330716238e-10
291.75,7.425100312207663e-08,-29.99999999846999,5.264520902548142e-10,-1.740087074585009e-10
292.0,7.387481848524004e-08,-29.99999999828583,5.244760875600107e-10,-1.729829392368621e-10
292.25,7.515686137384061e-08,-29.999999998783306,5.202915320801083e-10,-1.7388518667718263e-10
292.5,7.510089755721999e-08,-29.999999999194085,5.164882618813316e-10,-1.7314742129274232e-10
292.75,7.556938046445299e-08,-29.99999999893947,5.134256700345396e-10,-1.7296907898888695e-10
293.0,7.59064121388071e-08,-29.999999999038028,5.105157199758459e-10,-1.729960754494454e-10
293.25,7.590997403502276e-08,-29.999999999186574,5.056554550075809e-10,-1.7235163136816702e-10
293.5,7.625884536072447e-08,-29.999999999385125,5.009950024281729e-10,-1.7177530249935484e-10
293.75,7.587106763164389e-08,-29.99999999902656,4.972218053955757e-10,-1.692752317418854e-10
294.0,7.527387968529598e-08,-29.999999998550678,4.936754408046973e-10,-1.665479226281088e-10
294.25,7.587421545678272e-08,-29.999999998702034,4.902087416547296e-10,-1.6658216609918659e-10
294.5,7.659014797620963e-08,-29.999999998872735,4.865168615197923e-10,-1.6608092574894879e-10
294.75,7.706803626613821e-08,-29.99999999919834,4.822816104810279e-10,-1.6574357438000455e-10
295.0,7.695407992836537e-08,-29.9999999998138,4.782095622268834e-10,-1.6469948426080456e-10
295.25,7.795937387026956e-08,-30.00000000058433,4.731647434974562e-10,-1.6366966993121987e-10
295.5,7.900307725226965e-08,-30.000000000899973,4.67802484249713e-10,-1.6353849107981492e-10
295.75,7.942596044701122e-08,-30.000000001774733,4.625624258625116e-10,-1.6238037622576674e-10
296.0,7.933287055229935e-08,-30.000000002022688,4.5775955942461977e-10,-1.6111507609895955e-10
296.25,7.924998060799274e-08,-30.00000000208344,4.5177701163412465e-10,-1.572535823253772e-10
296.5,7.98562663673326e-08,-30.00000000195728,4.4659458076079517e-10,-1.534106989958092e-10
296.75,7.903930650404806e-08,-30.00000000116425,4.415576584926306e-10,-1.498638795043415e-10
297.0,7.965557215169736e-08,-30.000000001943533,4.3516072689708807e-10,-1.475090183831711e-10
297.25,8.035975235901266e-08,-30.000000001616332,4.3056430643062527e-10,-1.4506504715448465e-10
297.5,7.945830962449113e-08,-30.00000000132598,4.251450233527798e-10,-1.42273633424947e-10
297.75,8.042087427981996e-08,-30.0000000015554,4.18956799808079e-10,-1.4057479934169176e-10
298.0,8.128915322229111e-08,-30.000000001382233,4.133009490203676e-10,-1.3900228385775726e-10
298.25,8.258813362255118e-08,-30.000000001246082,4.0664892286823573e-10,-1.3894799083478839e-10
298.5,8.277630045515779e-08,-30.00000000184853,3.997949540868184e-10,-1.3749299412104425e-10
298.75,8.299508848849794e-08,-30.000000001870973,3.93071693249869e-10,-1.357176694870457e-10
299.0,8.289071693831055e-08,-30.00000000144393,3.8719007167120623e-10,-1.3275516027601054e-10
299.25,8.267840391463727e-08,-30.0000000018851,3.7932513380356525e-10,-1.3050380938792872e-10
299.5,8.246743204871055e-08,-30.00000000200673,3.731404699114371e-10,-1.2720748347149025e-10
299.75,8.118032921916544e-08,-30.00000000118948,3.6701752054169035e-10,-1.2199057257310268e-10
300.0,8.166617462531484e-08,-30.000000001680217,3.587931687865087e-10,-1.2033462588852568e-10
