time_s,x_m,y_m,vx_mps,vy_mps
0.0,0.0,-27.0,0.0,0.12
0.25,-1.898705603210742e-08,-26.970100694441758,-2.2784467177770892e-07,0.11919444448740707
0.5,-1.51896446434119e-07,-26.94040277773481,-9.113786688834185e-07,0.11838888923259001
0.75,-5.126504964622201e-07,-26.910906249782496,-2.050601936634796e-06,0.11758333449332466
1.0,-1.2151715131451553e-06,-26.881611110423698,-3.64551438389466e-06,0.1167777805273868
1.25,-2.1221886694061295e-06,-26.85251638219625,-3.6858339313471843e-06,0.11598004529601451
1.5,-3.095694010810116e-06,-26.823621087763154,-4.177419861492752e-06,0.11518231021508725
1.75,-4.248504128866657e-06,-26.794925227054893,-5.1202721350047825e-06,0.11438457553987888
2.0,-5.693435600741022e-06,-26.76642879993813,-6.514390676455649e-06,0.11358684152566323
2.25,-7.298160247309656e-06,-26.738130842971856,-6.3978909678619205e-06,0.112796814193561
2.5,-8.929623320497656e-06,-26.71003039283631,-6.72829808798454e-06,0.1120067869219607
2.75,-1.06995515249249e-05,-26.682127449484767,-7.50561201039112e-06,0.11121675996367007
3.0,-1.2719671554134138e-05,-26.6544220128073,-8.72983267289702e-06,0.11042673357149682
3.25,-1.4862035109762419e-05,-26.626913131411083,-8.482842728981221e-06,0.10964431757495754
3.5,-1.6997976397431454e-05,-26.599599854021033,-8.678454529565584e-06,0.10886190156388638
3.75,-1.9238145852047848e-05,-26.572482180609487,-9.316668059001284e-06,0.10807948578865577
4.0,-2.1693193900180008e-05,-26.54556011108619,-1.03974832662316e-05,0.10729707049963812
4.25,-2.4239065631125978e-05,-26.518832704397685,-1.0042547814248692e-05,0.10652218297493891
4.5,-2.6750996424505386e-05,-26.49229901960512,-1.0125955767509233e-05,0.10574729537344042
4.75,-2.9338572131525583e-05,-26.4659590566967,-1.0647707119340629e-05,0.1049724079431062
5.0,-3.211137859734237e-05,-26.43981281559864,-1.1607801828003082e-05,0.10419752093189977
5.25,-3.494883403308875e-05,-26.413859364117798,-1.1164195843520536e-05,0.10343009087301655
5.5,-3.772965361292348e-05,-26.38809777017281,-1.1154714983730426e-05,0.1026626606859815
5.75,-4.056236861883801e-05,-26.36252803376502,-1.1579359249391214e-05,0.10189523061637194
6.0,-4.3555510328672196e-05,-26.337150154834372,-1.2438128606531612e-05,0.10112780090976524
6.25,-4.659160729178774e-05,-26.311963208768738,-1.1922303949260033e-05,0.10036776756668014
6.5,-4.955249073002537e-05,-26.286966271065214,-1.1836420411519731e-05,0.0996077340534069
6.75,-5.254564592484331e-05,-26.26215934173595,-1.2180478000181356e-05,0.09884770061315602
7.0,-5.567855815511805e-05,-26.237542420732282,-1.295447668772049e-05,0.09808766748913805
7.25,-5.8836553396748664e-05,-26.213114589917392,-1.23804496410686e-05,0.09733497897585094
7.5,-6.190426517501208e-05,-26.188874931261378,-1.2232208985598e-05,0.09658229025827644
7.75,-6.498814008989567e-05,-26.164823444785203,-1.2509754733167854e-05,0.0958296015772748
8.0,-6.819462474009371e-05,-26.140960130449617,-1.3213086861574666e-05,0.09507691317370628
8.25,-7.14115728669929e-05,-26.11728407563822,-1.259277425431362e-05,0.09433152525898648
8.5,-7.452614991924397e-05,-26.09379436783943,-1.2394118269849464e-05,0.09358613711262824
8.75,-7.764377005523544e-05,-26.070491007081337,-1.2617118924074559e-05,0.0928407489731557
9.0,-8.086984743311239e-05,-26.047373993332403,-1.3261776199148976e-05,0.09209536107909295
9.25,-8.409453138997484e-05,-26.024442418672727,-1.2605286800648943e-05,0.09135723613643676
9.5,-8.72072865076568e-05,-26.001695375285294,-1.2366345491674545e-05,0.09061911094051546
9.75,-9.031249981162499e-05,-25.97913286320389,-1.2544952291340938e-05,0.08988098572752905
10.0,-9.351455832794945e-05,-25.956754882403267,-1.3141107185359684e-05,0.08914286073367753
10.25,-9.670570730259233e-05,-25.934560528949753,-1.2456994204957189e-05,0.08841196682993334
10.5,-9.977751022888191e-05,-25.912548899010805,-1.2186338804898452e-05,0.08768107265614089
10.75,-0.00010283333150529977,-25.890719992624696,-1.2329141006835735e-05,0.08695017844618622
11.0,-0.00010597653553160599,-25.869073809771237,-1.2885400799344955e-05,0.0862192844339554
11.25,-0.00010910129190463048,-25.84760944989135,-1.218088056948687e-05,0.08549559453869579
11.5,-0.00011210109101060643,-25.826326012525453,-1.1885742669620841e-05,0.0847719043606912
11.75,-0.00011507827843566549,-25.805223497715275,-1.1999987123357743e-05,0.0840482141315224
12.0,-0.00011813519976774823,-25.78430190544466,-1.2523613921558083e-05,0.08332452408277016
12.25,-0.00012116780174127253,-25.763560338002996,-1.1804755189455456e-05,0.08260801538277618
12.5,-0.00012407135402587636,-25.742997897777606,-1.1491216417076726e-05,0.08189150639077716
12.75,-0.00012694718661530153,-25.72261458481283,-1.158299762950481e-05,0.08117499733605586
13.0,-0.0001298966295055075,-25.702410399095694,-1.2080098819397272e-05,0.08045848844789505
13.25,-0.0001328172804121458,-25.682384445311985,-1.1351986500792296e-05,0.07974914175311563
13.5,-0.00013560606179147114,-25.662535828244,-1.1025142607926773e-05,0.07903979475995064
13.75,-0.0001383632907538556,-25.642864547937958,-1.1099567166948026e-05,0.07833044769539095
14.0,-0.0001411892844121954,-25.623370604383336,-1.1575260171902126e-05,0.07762110078642744
14.25,-0.0001439831835083581,-25.604053104274453,-1.084213692253676e-05,0.07691890001552035
14.5,-0.00014664345503807906,-25.584911154400775,-1.050623964749515e-05,0.07621669894224972
14.75,-0.00014926940549896023,-25.565944754809802,-1.0567568373648875e-05,0.07551449779131968
15.0,-0.00015196034139134922,-25.547153905492863,-1.1026123096091675e-05,0.07481229678743433
15.25,-0.00015461685425032572,-25.528537714820462,-1.029151162225548e-05,0.07411722852251794
15.5,-0.00015713886312780022,-25.510095291256967,-9.950091251249285e-06,0.0734221599532549
15.75,-0.00015962466580354972,-25.49182663485066,-1.0001862010386507e-05,0.0727270913020669
16.0,-0.00016217256006024767,-25.473731745594225,-1.0446823895525522e-05,0.07203202279137559
16.25,-0.00016468450956337553,-25.455809733250046,-9.713632546520791e-06,0.07134407589295076
16.5,-0.0001670618065440744,-25.43805970767314,-9.369603723274828e-06,0.07065612868984318
16.75,-0.0001694017416378728,-25.42048166891217,-9.414737453309737e-06,0.06996818140219561
17.0,-0.00017180160548328825,-25.403075616960745,-9.849033733014845e-06,0.06928023425015083
17.25,-0.00017416466691676355,-25.385840662730338,-9.119647588412736e-06,0.06859939952431307
17.5,-0.00017639352420635349,-25.368775917223893,-8.77540058908947e-06,0.06791856449480713
17.75,-0.00017858446214246213,-25.351881380490084,-8.816292762584613e-06,0.06723772937949979
18.0,-0.00018083376551852702,-25.335157052523133,-9.242324105626808e-06,0.06655689439625788
18.25,-0.0001830459514670085,-25.318602045176657,-8.51868348260223e-06,0.06588316430733322
18.5,-0.0001851248672620477,-25.3022154703946,-8.176162885196133e-06,0.06520943391685376
18.75,-0.00018716579291410963,-25.2859973282254,-8.214762340809951e-06,0.06453570344041272
19.0,-0.0001892640084366984,-25.269947618663597,-8.634481846355763e-06,0.06386197309360339
19.25,-0.00019132523106463723,-25.254065454328927,-7.918149901772555e-06,0.0631953415162257
19.5,-0.00019325450875190426,-25.238349947930363,-7.578922328018052e-06,0.06252870964029181
19.75,-0.00019514611759522733,-25.22280109951588,-7.616799152230257e-06,0.061862077679123356
20.0,-0.00019709433369434793,-25.207418909080126,-8.031780371379046e-06,0.06119544584604203
20.25,-0.0001990060336584147,-25.1922024898596,-7.324001254929388e-06,0.060535907851461526
20.5,-0.00020078742528068584,-25.17715095517897,-6.989313643963452e-06,0.05987636956202799
20.75,-0.00020253178144150093,-25.16226430508557,-7.027717565256057e-06,0.05921683118879309
21.0,-0.00020433237502416235,-25.147542539573973,-7.439213015734905e-06,0.05855729294280847
21.25,-0.00020609720769708265,-25.132984772371028,-6.740961840197556e-06,0.05790484461489506
21.5,-0.00020773361268250473,-25.118590117290736,-6.411791522598553e-06,0.057252395996384056
21.75,-0.00020933386019881997,-25.10435857437965,-6.45170208927132e-06,0.05659994729605834
22.0,-0.00021099022046731233,-25.09029014363212,-6.860693537023033e-06,0.05594749872270082
22.25,-0.00021261179140261393,-25.076383939158713,-6.17271926599761e-06,0.055302136999692324
22.5,-0.0002141070027625433,-25.062639075156103,-5.849816940784295e-06,0.05465677499076581
22.75,-0.0002155671225373909,-25.049055551669948,-5.891986587215083e-06,0.0540114129024364
23.0,-0.00021708341872025454,-25.035633368694292,-6.299228201916424e-06,0.05336605094121921
23.25,-0.00021856606137309474,-25.022371640633686,-5.622090411075322e-06,0.0527277734797785
23.5,-0.0002199245526228233,-25.00926948197781,-5.306016983644525e-06,0.05208949573741627
23.75,-0.00022124915856405522,-24.996326892771368,-5.351007944909714e-06,0.051451217918380636
24.0,-0.00022263014529411642,-24.98354387300799,-5.75706329127164e-06,0.050812940226919685
24.25,-0.00022397873495660114,-24.970919537311087,-5.091163633511349e-06,0.05018174528551029
24.5,-0.0002252054819251874,-24.958453000388207,-4.782321746581861e-06,0.049550550068403365
24.75,-0.0002263996506462663,-24.946144262283028,-4.830537655190344e-06,0.04891935477758056
25.0,-0.0002276505055688353,-24.933993322988727,-5.235811355479553e-06,0.048288159615023515
25.25,-0.00022887030429748258,-24.921999297284884,-4.581420450955118e-06,0.047664045954003954
25.5,-0.00022997063678476936,-24.91016130003425,-4.280081430967207e-06,0.04703993202266415
25.75,-0.0002310397660054316,-24.898479331279436,-4.3317943196227615e-06,0.046415818020719674
26.0,-0.00023216595493670143,-24.88695339101313,-4.736559112784784e-06,0.0457917041478861
26.25,-0.00023326248296098588,-24.875582594119063,-4.093839489592797e-06,0.04517467094406242
26.5,-0.00023424196188734226,-24.86436605556317,-3.800166335603024e-06,0.04455763747538785
26.75,-0.0002351916533365896,-24.853303775386987,-3.85553967430914e-06,0.043940603939312164
27.0,-0.0002361988189319299,-24.84239575358268,-4.259959501281309e-06,0.04332357053328514
27.25,-0.00023717774865016688,-24.831641105095212,-3.628985129696117e-06,0.0427136173069575
27.5,-0.00023804206494107703,-24.82103894495081,-3.3430520887795296e-06,0.04210366382129026
27.75,-0.0002388780281407619,-24.810589273189912,-3.4021604014060067e-06,0.041493710271467525
28.0,-0.00023977189858759125,-24.80029208980416,-3.806310062846926e-06,0.040883756852673446
28.25,-0.00024063896779197763,-24.790146509764597,-3.187082953925872e-06,0.04028088340547031
28.5,-0.0002413938597571182,-24.78015164812258,-2.9088921548634437e-06,0.03967800970443999
28.75,-0.00024212183356382797,-24.770307504917454,-2.9717376879147336e-06,0.03907513594250107
29.0,-0.00024290814829507526,-24.760614080140332,-3.3756195480521405e-06,0.03847226231257209
29.25,-0.00024366908973212688,-24.751070488759776,-2.7680838247222434e-06,0.037876468674590734
29.5,-0.0002443202761473054,-24.741675845823732,-2.4975793789210907e-06,0.03728067478826303
29.75,-0.0002449459653632597,-24.73243015137045,-2.56410623228888e-06,0.03668488084424197
30.0,-0.0002456304152046786,-24.723333405390527,-2.9676643795035e-06,0.036089087033180534
30.25,-0.00024629089997985646,-24.714384722827084,-2.371718173717715e-06,0.03550037341814787
30.5,-0.0002468440264690903,-24.705583218701694,-2.1087980976773394e-06,0.03491165956019204
30.75,-0.00024737305120800074,-24.696928893051535,-2.178904172415828e-06,0.03432294564770037
31.0,-0.0002479612307341365,-24.688421745866687,-2.5820363923247345e-06,0.033734231869060216
31.25,-0.0002485268234182066,-24.68006089204662,-1.9975418744752134e-06,0.03315259863639912
31.5,-0.000248987420070113,-24.671845446568287,-1.7420681406157098e-06,0.03257096516616001
31.75,-0.0002494252758889565,-24.663775409467828,-1.8156152111839699e-06,0.03198933164446446
32.0,-0.00024992264607565676,-24.655850780734834,-2.218183080296269e-06,0.031407698257434044
32.25,-0.00025039876967231095,-24.648070675210867,-1.6449748858782823e-06,0.030833145880267834
32.5,-0.0002507722181166523,-24.640434207814064,-1.3967818672696092e-06,0.030258593270775135
32.75,-0.00025112424520565675,-24.63294137857952,-1.4736040443255423e-06,0.029684040612811623
33.0,-0.0002515361047380139,-24.625592187496377,-1.8754414109003528e-06,0.029109488090232973
33.25,-0.0002519280139336185,-24.618385749337413,-1.3133336936299781e-06,0.028542017128490475
33.5,-0.0002522195223562284,-24.611321178951066,-1.0722352322977088e-06,0.0279745459395678
33.75,-0.00025249088232277416,-24.60439847637143,-1.1521460461912845e-06,0.02740707470505454
34.0,-0.0002528223461517982,-24.597617641587206,-1.553066128917885e-06,0.026839603606540294
34.25,-0.00025313510749416513,-24.59097778929434,-1.0018584384225745e-06,0.026279214684436062
34.5,-0.0002533496922867326,-24.5844780342635,-7.676537357582705e-07,0.025718825540184478
34.75,-0.00025354535127932874,-24.57811837652782,-8.504520396612116e-07,0.025158436353108854
35.0,-0.0002538013352232957,-24.571898816075578,-1.2502533435075849e-06,0.024598047302532507
35.25,-0.0002540398130717302,-24.565818467520167,-7.097354987209529e-07,0.024044741089794514
35.5,-0.0002541822860015215,-24.55987644554878,-4.822139994824427e-07,0.023491434659822993
35.75,-0.00025430700310185347,-24.5540727501936,-5.676888639936387e-07,0.022938128189674768
36.0,-0.00025449221346333055,-24.548407381442537,-9.66160085416603e-07,0.022384821856406657
36.25,-0.00025466106072094595,-24.542879453822653,-4.361161913864807e-07,0.021838599052708327
36.5,-0.00025473602066842133,-24.537488081933887,-2.1506160930340025e-07,0.021292376036568052
36.75,-0.00025479434063646893,-24.532233265807506,-3.02996356851597e-07,0.020746152982775944
37.0,-0.0002549132679571322,-24.52711500543107,-6.99920426996342e-07,0.020199930066122113
37.25,-0.0002550169207420516,-24.52213241524315,-1.8013216249554368e-07,0.019660791388250005
37.5,-0.00025502874919487614,-24.51728460975426,3.467422486611951e-08,0.019121652502603923
37.75,-0.00025502499878754677,-24.512571588994785,-5.550128209573667e-08,0.018582513581707035
38.0,-0.00025508191499325097,-24.50799335295197,-4.5065867616712405e-07,0.018043374798082514
38.25,-0.00025512459053089807,-24.50354901597502,5.909203812392189e-08,0.017511320969434373
38.5,-0.00025507745014402046,-24.499237692484183,2.678687152405452e-07,0.016979266937556747
38.75,-0.0002550157373445011,-24.495059382508988,1.756713384807351e-07,0.016447212872705636
39.0,-0.0002550146956453887,-24.49101408603639,-2.1750008477977252e-07,0.015915158945137047
39.25,-0.0002550003927722767,-24.487100917326455,2.8242877346258345e-07,0.01539019068720104
39.5,-0.00025489822840813375,-24.483318990709357,4.853918387815716e-07,0.014865222230457916
39.75,-0.0002547824440037153,-24.479668306213796,3.913890949402665e-07,0.014340253742896271
40.0,-0.0002547272810108664,-24.476148863826477,4.20549458833439e-10,0.013815285392504713
40.25,-0.0002546597827734291,-24.472759777719386,4.907391610708648e-07,0.013297403418018895
40.5,-0.0002545063245261568,-24.46950016213368,6.881006235544462e-07,0.0127795212490285
40.75,-0.00025434014555879346,-24.466370017097272,5.925049211207778e-07,0.012261639051254507
41.0,-0.0002542344851621007,-24.463369342596643,2.039520614174599e-07,0.0117437569904179
41.25,-0.0002541173630742007,-24.46049725271743,6.8486662534885e-07,0.011232961997950614
41.5,-0.0002539161308589573,-24.45775286161353,8.768330756782943e-07,0.01072216681516454
41.75,-0.0002537030255471723,-24.455136169312084,7.798513970485881e-07,0.010211371605512817
42.0,-0.00025355028417059733,-24.452647175799388,3.9392159721821013e-07,0.009700576532448579
42.25,-0.00025338690376213276,-24.450284995077002,8.656318901883184e-07,0.009196869202176909
42.5,-0.00025314121311694566,-24.44804874121382,1.0524034866089367e-06,0.008693161685659126
42.75,-0.0002528844469115159,-24.445938414236263,9.542363715384495e-07,0.008189454144080304
43.0,-0.0002526878398232096,-24.44395401413044,5.711305528301687e-07,0.00768574673862552
43.25,-0.00025248136717125405,-24.442094654816522,1.0338291802117198e-06,0.007189127729120828
43.5,-0.0002521943359756662,-24.440359450281075,1.2155988975919578e-06,0.006692508537333636
43.75,-0.00025189697846623234,-24.438748400549805,1.1164396904294116e-06,0.006195889322180749
44.0,-0.0002516595268735648,-24.43726150560869,7.363515666567607e-07,0.005699270242578975
44.25,-0.000251412935858028,-24.435897879299464,1.1902234320966557e-06,0.005209740188434805
44.5,-0.00025108749172152265,-24.434656635529343,1.3671765302000963e-06,0.004720209955867052
44.75,-0.00025075242415811393,-24.43353777432335,1.2672108468109397e-06,0.004230679701524049
45.0,-0.00025047696286263675,-24.432541295667345,8.90326389926381e-07,0.003741149582054134
45.25,-0.0002501930429316822,-24.431666313327813,1.3355483461967848e-06,0.0032587090922163845
45.5,-0.0002498319310465062,-24.43091194113579,1.5078620195812056e-06,0.002776268427713829
45.75,-0.0002494618542800082,-24.430278179115646,1.4072673962946518e-06,0.0022938277429261377
46.0,-0.0002491510397058048,-24.429765027253154,1.033764484384634e-06,0.0018113871922329832
46.25,-0.0002488324039731949,-24.429371599242863,1.470505133481538e-06,0.001336036848912007
46.5,-0.00024843819526175747,-24.429097008842945,1.6383483109743013e-06,0.0008606863345895343
46.75,-0.00024803563794152016,-24.428941256077138,1.5372940034355692e-06,0.00038533580137638663
47.0,-0.0002476919563831784,-24.428904340931155,1.1673422189496263e-06,-9.00145986166136e-05
47.25,-0.00024734104991120835,-24.428985377031,1.595761834219939e-06,-0.0005582742405545997
47.5,-0.0002469161493285271,-24.429183478065383,1.7592951006928628e-06,-0.0010265340499215245
47.75,-0.00024648347622441085,-24.42949864405743,1.6579420052858334e-06,-0.0014947938768755927
48.0,-0.0002461092521887575,-24.429930874992802,1.2917025561070385e-06,-0.0019630535715750067
48.25,-0.0002457283603372304,-24.430479284432398,1.7119531032896716e-06,-0.002424221984824481
48.5,-0.00024527501521466247,-24.431142985998875,1.871328720569598e-06,-0.002885390562016385
48.75,-0.0002448144355555579,-24.43192197971477,1.7698293951968627e-06,-0.0033465591555781153
49.0,-0.0002444118400949997,-24.43281626556573,1.4074551352913514e-06,-0.0038077276179370686
49.25,-0.00024400309683944392,-24.433824957050945,1.8196803728905546e-06,-0.004261804302652014
49.5,-0.00024352340517780382,-24.43494716773043,1.9750423801819356e-06,-0.004715881147904281
49.75,-0.00024303698091963807,-24.436182897626164,1.8735411447366257e-06,-0.005169958008390619
50.0,-0.000242608039875044,-24.437532146723786,1.515176674674663e-06,-0.005624034738807774
50.25,-0.00024217343601663736,-24.43899402846415,1.919512317121587e-06,-0.006071019222245717
50.5,-0.0002416693546553067,-24.44056765634801,2.0709966943615215e-06,-0.00651800386289272
50.75,-0.00024115900860928997,-24.442253030396778,1.969629794275806e-06,-0.006964988517715033
51.0,-0.0002407056106973264,-24.444050150596123,1.6154116249737318e-06,-0.0074119730436789065
51.25,-0.00024024700190326467,-24.44595813033186,2.0119855546412788e-06,-0.00785186487964336
51.5,-0.00023972035450751833,-24.447976083048765,2.159720434822036e-06,-0.008291756869561023
51.75,-0.0002391878782743511,-24.450104008767735,2.0586162536973e-06,-0.008731648872667792
52.0,-0.0002387117829684931,-24.452341907474466,1.7086730193553455e-06,-0.009171540748199558
52.25,-0.00023823089759523937,-24.45468889250295,2.09760553572945e-06,-0.009604339516325814
52.5,-0.00023768338241715256,-24.457144077245196,2.241711454466246e-06,-0.010037138435217549
52.75,-0.00023713044408549112,-24.459707461721585,2.140990764037345e-06,-0.010469937366380433
53.0,-0.0002366332892519473,-24.46237904591787,1.795443472500344e-06,-0.010902736171320138
53.25,-0.00023613173591529454,-24.465157943119323,2.176847568728222e-06,-0.011328441476241959
53.5,-0.00023556493329461041,-24.468043266668296,2.3174377412715787e-06,-0.011754146928805507
53.75,-0.00023499308487262324,-24.471035016584676,2.2172139788832853e-06,-0.012179852392786357
54.0,-0.00023447639413246512,-24.474133192854286,1.8761762895811821e-06,-0.012605557731960084
54.25,-0.00023395566899795086,-24.477336908716673,2.2501579482570876e-06,-0.013024169202389047
54.5,-0.00023337104857848427,-24.48064527746753,2.38733856579238e-06,-0.013442780817396
54.75,-0.0002327817331361169,-24.484058299126257,2.2877181312126908e-06,-0.013861392443026536
55.0,-0.00023224692293327603,-24.487575973678766,1.9512966524875975e-06,-0.014280003945326252
55.25,-0.0002317084167084788,-24.491197414321746,2.3179551539374875e-06,-0.014691521233069755
55.5,-0.00023110734435327315,-24.494921734307102,2.451825692418378e-06,-0.015103038662383723
55.75,-0.00023050190286012792,-24.498748933653765,2.352908257220707e-06,-0.015514556101583888
56.0,-0.00022995028922186164,-24.50267901234775,2.0212028562578093e-06,-0.015926073418985973
56.25,-0.0002293952938387209,-24.506711083545625,2.380631093778235e-06,-0.016330496197925846
56.5,-0.0002287790382334869,-24.51084426045826,2.5112846297369246e-06,-0.016734919115481264
56.75,-0.00022815871608323785,-24.51507854310413,2.4131634536816696e-06,-0.017139342042238187
57.0,-0.0002275915210653773,-24.51941393146936,2.086267573462109e-06,-0.01754376484878258
57.25,-0.00022702123604611453,-24.523849538673034,2.4385523709847347e-06,-0.017941092813832105
57.5,-0.00022639097498566214,-24.528384477887585,2.566075899780346e-06,-0.018338420914591418
57.75,-0.0002257569282028517,-24.533018749131045,2.4688381496471334e-06,-0.018735749023916812
58.0,-0.0002251752860168177,-24.53775235238966,2.14683912836406e-06,-0.01913307701466458
58.25,-0.00022459082452147235,-24.54258440074752,2.492061556879681e-06,-0.019523309880718525
58.5,-0.00022394765087806732,-24.547514007341096,2.6165363097104156e-06,-0.01991354287962241
58.75,-0.00022330095200713646,-24.552541172187997,2.520263376898354e-06,-0.020303775886502937
59.0,-0.00022270591482949565,-24.557665895274607,2.203242766145278e-06,-0.020694008776486833
59.25,-0.0002221083093866769,-24.562887289652352,2.5414784559515225e-06,-0.021077146277376484
59.5,-0.0002214532367626572,-24.568204468424128,2.6629802126879673e-06,-0.021460283908299044
59.75,-0.00022079488044228027,-24.573617431607115,2.56774802663454e-06,-0.02184342154665173
60.0,-0.00022018742391065243,-24.57912617918785,2.2557819054097627e-06,-0.02222655906983177
60.25,-0.00021957763183597646,-24.584729824187335,2.5871013518636802e-06,-0.022602600957294366
60.5,-0.0002189115999056794,-24.5904274796771,2.705700747379147e-06,-0.02297864297201276
60.75,-0.00021824250813403637,-24.596219145673917,2.6115800824682822e-06,-0.02335468499365476
61.0,-0.00021762353653556726,-24.602104822164474,2.3047393646606825e-06,-0.023730726901888172
61.25,-0.0002170024450445121,-24.608083622141454,2.6292082256367484e-06,-0.02409967294455813
61.5,-0.0002163263245926938,-24.614154658647127,2.744971047831023e-06,-0.024468619111743944
61.75,-0.00021564735169131324,-24.620317931697862,2.6520278219825474e-06,-0.02483756528538409
62.0,-0.00021501770285179957,-24.626573441280517,2.3503785555267298e-06,-0.025206511347417044
62.25,-0.00021438613387546012,-24.63292030036143,2.668057939216405e-06,-0.025568361329845045
62.5,-0.00021370073154103192,-24.639357621955593,2.7810454173655346e-06,-0.02593021143408358
62.75,-0.00021301266882637116,-24.645885406078975,2.6893409809351894e-06,-0.026292061544341844
63.0,-0.00021237311870954677,-24.652503652718615,2.392944637261671e-06,-0.02665391154482904
63.25,-0.00021173183342309702,-24.65921147481637,2.7038913793149843e-06,-0.027008665266533078
63.5,-0.00021103789615823583,-24.66600798536181,2.814160461745332e-06,-0.027363419107374505
63.75,-0.00021034147633130606,-24.672893184370523,2.723751875731252e-06,-0.027718172953833307
64.0,-0.0002096927433588492,-24.67986707182973,2.432665628505381e-06,-0.028072926692389474
64.25,-0.00020904244643348306,-24.68692876065856,2.73693255781753e-06,-0.028420583966941443
64.5,-0.00020834066568906122,-24.694077363822906,2.844536178204971e-06,-0.028768241357987563
64.75,-0.00020763656695421868,-24.701312881337987,2.755476481059481e-06,-0.02911589875427868
65.0,-0.00020697931605777586,-24.70863531319121,2.469753473505781e-06,-0.029463556044565627
65.25,-0.0002063206596475671,-24.71604377228061,2.76738966620267e-06,-0.02980411669871529
65.5,-0.00020561167529645484,-24.723537371550055,2.8723769980498526e-06,-0.030144677466743663
65.75,-0.00020490052522102243,-24.731116111014387,2.7847154606484024e-06,-0.03048523823967249
66.0,-0.00020423537163802646,-24.73877999066121,2.5044050610111916e-06,-0.030825798908523525
66.25,-0.00020356895911357055,-24.746528123369018,2.7954560823934056e-06,-0.03115926278136165
66.5,-0.0002028533631237327,-24.754359622061166,2.897872781443527e-06,-0.03149272676548884
66.75,-0.0002021357422504345,-24.762274486752144,2.811655149968282e-06,-0.0318261907541978
67.0,-0.00020146325507575948,-24.77027271742976,2.536803194865031e-06,-0.032159654640781236
67.25,-0.00020078964451668022,-24.77835342695437,2.8213113292380335e-06,-0.032486021582942365
67.5,-0.0002000679843861697,-24.78651572823029,2.9211997637526635e-06,-0.032812388633826864
67.75,-0.00019934442961049904,-24.794759621271645,2.836468490417902e-06,-0.033138755688998434
68.0,-0.000198665135116091,-24.803085106066447,2.5671175160122082e-06,-0.033465122644020795
68.25,-0.00019798484257455164,-24.811491295458293,2.8451219844662165e-06,-0.03378439251692623
68.5,-0.00019725762454052222,-24.81997730233376,2.9425214534302538e-06,-0.03410366249601154
68.75,-0.00019652863226515016,-24.82854312670663,2.8593159151124234e-06,-0.034422932479111476
69.0,-0.0001958430169997249,-24.837188768565134,2.595505376169117e-06,-0.03474220236406081
69.25,-0.00019515651954700585,-24.845913340737344,2.8670425424809836e-06,-0.03505437503920108
69.5,-0.0001944242115807641,-24.854715956093372,2.961989481907506e-06,-0.03536654781799833
69.75,-0.00019369024065896476,-24.863596614646653,2.8803461868529806e-06,-0.0356787206005584
70.0,-0.00019299875433970596,-24.87255531638564,2.622112663848824e-06,-0.035990893286987145
70.25,-0.00019230649290772844,-24.881591174124043,2.8872162287634724e-06,-0.036295968645243946
70.5,-0.00019156952750763948,-24.89070330071669,2.979744406356001e-06,-0.0366010441046539
70.75,-0.00019083100198748253,-24.899891696176663,2.89969718922421e-06,-0.036906119567593994
71.0,-0.00019013406019542583,-24.909156360492645,2.6470745837718302e-06,-0.0372111949364412
71.25,-0.0001894364422248342,-24.91849640646508,2.905775767987511e-06,-0.03750917286744737
71.5,-0.00018869521901861274,-24.92791094693459,2.9959164664847644e-06,-0.03780715089712056
71.75,-0.00018795253069937344,-24.937399981913916,2.9174966720523926e-06,-0.038105128930108915
72.0,-0.00018725051738984537,-24.94696351139197,2.6705163909639316e-06,-0.03840310687106057
72.25,-0.00018654791929593022,-24.956600648156954,2.9228441071951253e-06,-0.03869398727259756
72.5,-0.00018580280746350556,-24.966310505036287,3.0106262967724052e-06,-0.03898486777033181
72.75,-0.000185056318275387,-24.97609308204238,2.9338629526732483e-06,-0.03927574827118265
73.0,-0.00018434958811450018,-24.985948379164377,2.6925540810386705e-06,-0.039566628682069414
73.25,-0.00018364235758186391,-24.995875509179175,2.9385350955672832e-06,-0.03985041145950066
73.5,-0.00018289369810961805,-25.00587358490194,3.023985595705979e-06,-0.04013419433067455
73.75,-0.00018214374232748212,-25.01594260634476,2.948905574618771e-06,-0.040417977204781644
74.0,-0.00018143262286527933,-25.02608257349701,2.713295038312008e-06,-0.040701759991012505
74.25,-0.00018072108098173256,-25.036292599125158,2.9529541224625983e-06,-0.04097844505675142
74.5,-0.00017996918875849024,-25.046571796032996,3.0360977537243074e-06,-0.04125513021379239
74.75,-0.0001792160750598669,-25.056920164232285,2.9627259254456905e-06,-0.04153181537359723
75.0,-0.00017850086875027476,-25.06733770371265,2.7328386434964553e-06,-0.04180850044762776
75.25,-0.0001777853119900115,-25.077823527230933,2.9661987154870026e-06,-0.04207808772063909
75.5,-0.00017703047775471793,-25.088376747580377,3.0470584416444577e-06,-0.04234767508252486
75.75,-0.00017627449113191498,-25.098997364772412,2.975417815500098e-06,-0.04261726244701818
76.0,-0.00017555547720921595,-25.10968537879691,2.7512768427851274e-06,-0.042886849727852144
76.25,-0.0001748361792748633,-25.120439902401863,2.9783591004133093e-06,-0.04314933913318493
76.5,-0.0001740786714254292,-25.131260048370706,3.0569561613991035e-06,-0.04341182862497656
76.75,-0.00017332007496110763,-25.142145816714553,2.987068019454788e-06,-0.04367431811923144
77.0,-0.00017259751118217976,-25.153097207423524,2.768694680171373e-06,-0.04393680753195397
77.25,-0.00017187472471485491,-25.164113333237456,2.9895187247981393e-06,-0.044192199000304716
77.5,-0.00017111479098718711,-25.175193306930684,3.0658727609337293e-06,-0.044447590552709804
77.75,-0.00017035382750230346,-25.18633712851401,2.9977567824698666e-06,-0.044702982107444965
78.0,-0.0001696279517634135,-25.19754479797779,2.7851707948557817e-06,-0.04495837358278591
78.25,-0.00016890190992945923,-25.208815428054372,2.999754747145085e-06,-0.04520666705009056
78.5,-0.0001681397789552326,-25.220148131509642,3.0738839151098336e-06,-0.045454960599055315
78.75,-0.00016737667253779014,-25.231542908354086,3.0075582928197336e-06,-0.04570325415022723
79.0,-0.00016664770437426637,-25.24299975857832,2.800777885580799e-06,-0.045951547624153384
79.25,-0.00016591862233687662,-25.254517794907784,3.0091384934473125e-06,-0.046192743031206324
79.5,-0.00016515450508814588,-25.266096130100525,3.0810595744402904e-06,-0.046433938517534606
79.75,-0.0001643894625107391,-25.277734764166723,3.0165411228060888e-06,-0.04667513400595666
80.0,-0.0001636576044873953,-25.289433697097248,2.815583143706147e-06,-0.046916329419290914
80.25,-0.0001629256807708904,-25.3011920416112,3.0177358829124487e-06,-0.0471504267113898
80.5,-0.000162159771899191,-25.31300891045935,3.087464383449239e-06,-0.04738452408038804
80.75,-0.00016139298393288257,-25.324884303651555,3.024768639738277e-06,-0.04761862145137543
81.0,-0.00016065842293262072,-25.33681822117896,2.829648656795187e-06,-0.04785271874944179
81.25,-0.00015992384068669075,-25.348809775754834,3.025607824627553e-06,-0.0480797178760565
81.5,-0.00015915631976384033,-25.360858080123194,3.0931580704020866e-06,-0.04830671707720265
81.75,-0.0001583879623954734,-25.37296313429359,3.032299388714809e-06,-0.04853371628024145
82.0,-0.0001576508708130609,-25.385124938257416,2.843031784434378e-06,-0.04876071541253412
82.25,-0.0001569137989838676,-25.39734260472262,3.032810586871436e-06,-0.04898061632699859
82.5,-0.0001561448316512537,-25.40961524642693,3.098195810097835e-06,-0.04920051731363408
82.75,-0.0001553750672108831,-25.42194286337959,3.0391874488828004e-06,-0.04942041830207322
83.0,-0.00015463560405848335,-25.434325455572257,2.855785507946959e-06,-0.04964031922194862
83.25,-0.00015389619847309662,-25.44676213570798,3.0393961407200865e-06,-0.04985312188117403
83.5,-0.0001531259375058283,-25.45925201651866,3.1026285613542837e-06,-0.05006592461021694
83.75,-0.00015235491571054604,-25.471795098013235,3.045482764790992e-06,-0.05027872734098139
84.0,-0.0001516132276411784,-25.48439138018362,2.8679587556018448e-06,-0.05049153000537145
84.25,-0.0001508716320114264,-25.497039975728402,3.0454124795290946e-06,-0.05069723436957976
84.5,-0.00015010021830333175,-25.50973999737404,3.1065033807524937e-06,-0.050902938801258436
84.75,-0.0001493280772233753,-25.522491445129173,3.0512314543848076e-06,-0.05110864323458296
85.0,-0.00014858429947809602,-25.535294318985986,2.879596704847755e-06,-0.05131434760372881
85.25,-0.00014784064632952632,-25.548147731638956,3.050903915806154e-06,-0.05151295363620491
85.5,-0.00014706820980460358,-25.56105079580951,3.109863714137277e-06,-0.05171155973381011
85.75,-0.0001462950767572614,-25.574003511505985,3.056476095124373e-06,-0.05191016583299135
86.0,-0.00014554933404148916,-25.587005878720834,2.8907410630384194e-06,-0.052108771870195573
86.25,-0.00014480374557277573,-25.60005701014479,3.0559113569216006e-06,-0.052300279537057334
86.5,-0.00014403040602834424,-25.613156018494593,3.112749667302929e-06,-0.05249178726671238
86.75,-0.00014325639840481906,-25.62630290377827,3.0612559896353765e-06,-0.05268329499787911
87.0,-0.00014250880569887807,-25.639497665988547,2.901430328038406e-06,-0.052874802669275925
87.25,-0.00014176139457666194,-25.65273941781274,3.0604725610292934e-06,-0.05305921193926056
87.5,-0.00014098726246311995,-25.666027271963216,3.1151982572200856e-06,-0.05324362126970767
87.75,-0.00014021248849317326,-25.679361228447718,3.0656074122327605e-06,-0.053428030601607134
88.0,-0.00013946315180179432,-25.692741287259228,2.9117000300345563e-06,-0.05361243987594882
88.25,-0.0001387140218956178,-25.706166561081943,3.0646223745049497e-06,-0.05378975072021479
88.5,-0.00013793919903738776,-25.719636162624177,3.117243645092143e-06,-0.05396706162261706
88.75,-0.00013716375849626844,-25.733150091893364,3.069563837586457e-06,-0.054144372526416976
89.0,-0.00013641277554147336,-25.746708348882766,2.9215829558022573e-06,-0.054321683374875904
89.25,-0.00013566202260315737,-25.760310046273748,3.0683929521342327e-06,-0.05449189576681937
89.5,-0.0001348866028650951,-25.773954296770828,3.1189173524570176e-06,-0.05466210821457723
89.75,-0.00013411058772695456,-25.78764110038115,3.073156152728693e-06,-0.05483232066368232
90.0,-0.00013335804858845138,-25.801370457098244,2.9311093566101282e-06,-0.055002533059667486
90.25,-0.00013260576087997155,-25.81514147960089,3.0718139612175783e-06,-0.05516564697475193
90.5,-0.0001318298307832248,-25.82895328059008,3.120248461484748e-06,-0.05532876094333279
90.75,-0.00013105332582493426,-25.842805860072666,3.076412853536906e-06,-0.05549187491321442
91.0,-0.00013029931353186915,-25.856699218042447,2.9403071408808733e-06,-0.05565498883220114
91.25,-0.00012954557240550871,-25.87063246717586,3.0749127706925743e-06,-0.055811004247799674
91.5,-0.00012876921169653832,-25.88460472017061,3.121263800554195e-06,-0.05596701971458029
91.75,-0.00012799229505555608,-25.898615977033252,3.079360226757693e-06,-0.05612303518261883
92.0,-0.0001272368861332046,-25.91266623775786,2.9492020526553162e-06,-0.05627905060199114
92.25,-0.00012648176656750268,-25.92675461501875,3.0777146263058997e-06,-0.05642796749724057
92.5,-0.0001257050487437229,-25.940880221510554,3.1219881161263557e-06,-0.05657688444136109
92.75,-0.00012492779243340589,-25.955043057239532,3.082022518574843e-06,-0.05672580138670006
93.0,-0.00012417105740813542,-25.96924312220003,2.9578178368485794e-06,-0.05687471828560484
93.25,-0.00012341462850290382,-25.983479529064446,3.080242812808401e-06,-0.057016536641270196
93.5,-0.00012263762129815706,-25.997751390524545,3.1224442318723957e-06,-0.057158355043498754
93.75,-0.00012186009168367479,-26.012058706586295,3.0844220906644795e-06,-0.05730017344690938
94.0,-0.0001211020955492785,-26.026401477244317,2.9661763922263988e-06,-0.05744199180612096
94.25,-0.0001203444209827299,-26.04077881516927,3.0825188040864987e-06,-0.057576711604470546
94.5,-0.00011956718681558491,-26.055189833050235,3.1226531959542634e-06,-0.05771143144707829
94.75,-0.00011878944505336996,-26.0696345308929,3.086579564618967e-06,-0.05784615129083459
95.0,-0.00011803024770165212,-26.084112908692152,2.974297912966471e-06,-0.05798087109262984
95.25,-0.00011727138615246806,-26.098624079117094,3.0845624020815158e-06,-0.058108492317319425
95.5,-0.00011649398254011907,-26.113167154854306,3.1226344172968556e-06,-0.05823611358396476
95.75,-0.00011571608498358114,-26.12774213590917,3.088513955566753e-06,-0.05836373485172775
96.0,-0.00011495574160186973,-26.14234902227686,2.9822010196208264e-06,-0.05849135607977033
96.25,-0.00011419574713883448,-26.156986926625073,3.086391865299474e-06,-0.058611878715736004
96.5,-0.00011341822707917997,-26.171654961638033,3.1224057916403835e-06,-0.058732401391357436
96.75,-0.00011264022565321437,-26.18635312732084,3.0902427957624508e-06,-0.058852924068068066
97.0,-0.00011187878709128439,-26.201081423668942,2.989902880238701e-06,-0.058973446707301355
97.25,-0.00011111770953292253,-26.215838963348784,3.0880240276584486e-06,-0.05908687074066061
97.5,-0.00011034012185721699,-26.23062485904239,3.121983818107533e-06,-0.059200294811377854
97.75,-0.00010956206440385698,-26.245439110754564,3.0917822488691902e-06,-0.05931371888315808
98.0,-0.00010879957751256927,-26.260281718481036,2.9974193223595315e-06,-0.05942714291970628
98.25,-0.00010803746275904852,-26.275151794887122,3.0894744083712267e-06,-0.05953346833766639
98.5,-0.00010725985245734795,-26.29004845265279,3.1213837069717605e-06,-0.05963979379068879
98.75,-0.00010648178305473967,-26.30497169178255,3.0931472156084025e-06,-0.05974611924475001
99.0,-0.00010571829099853254,-26.319921512272415,3.004764936540054e-06,-0.05985244466582659
99.25,-0.00010495518133792954,-26.334897026786706,3.0907573135160486e-06,-0.059951671456600214
99.5,-0.00010417758985938905,-26.349897348003445,3.120619479267556e-06,-0.060050898280142324
99.75,-0.00010339954911610937,-26.36492247592686,3.0943514314056247e-06,-0.060150125104701004
100.0,-0.00010263509166132473,-26.379972410553233,3.011953172031669e-06,-0.060249351898524324
100.25,-0.00010187102605219769,-26.39504626454601,3.091885929901544e-06,-0.060341480051251235
100.5,-0.00010109349158212988,-26.410143150581394,3.119704058839531e-06,-0.06043360823445458
100.75,-0.0001003155169087193,-26.425263068663316,3.09540755662019e-06,-0.06052573641865399
101.0,-9.955013068959918e-05,-26.440406018788345,3.0189964251872378e-06,-0.06061786457436909
101.25,-9.878514502166892e-05,-26.45557111361915,3.092872411794204e-06,-0.06070289407904403
101.5,-9.800770273713062e-05,-26.470757465830214,3.1186493573871223e-06,-0.06078792361190497
101.75,-9.722982859657575e-05,-26.485965075425185,3.096327259903847e-06,-0.060872953145743085
102.0,-9.646354736063028e-05,-26.5011939424009,3.025906121130127e-06,-0.06095798265334955
102.25,-9.569767469523809e-05,-26.516443179419362,3.0937279610327952e-06,-0.06103591350075557
102.5,-9.492035700078322e-05,-26.531711899153436,3.1174663530212745e-06,-0.06111384437405865
102.75,-9.414261513955505e-05,-26.54700010160647,3.09712129519651e-06,-0.061191775248321506
103.0,-9.337546997387692e-05,-26.562307786775595,3.0326927891860997e-06,-0.06126970609860686
103.25,-9.260874076576441e-05,-26.577634067322226,3.094462901021091e-06,-0.06134053828025386
103.5,-9.18315775108787e-05,-26.59297805591769,3.1161651628151417e-06,-0.06141137048551034
103.75,-9.105399717201384e-05,-26.60833975256506,3.0977995728320785e-06,-0.061482202691710564
104.0,-9.028601671199722e-05,-26.623719157261736,3.0393661325411376e-06,-0.06155303487618882
104.25,-8.951845901383801e-05,-26.63911538266864,3.0950867450541024e-06,-0.06161676838425668
104.5,-8.874147769345911e-05,-26.654527541455646,3.114755109796066e-06,-0.06168050191364768
104.75,-8.796408581306004e-05,-26.66995563362554,3.0983712251935733e-06,-0.06174423544396766
105.0,-8.719529643487316e-05,-26.68539965917601,3.045935092557323e-06,-0.06180796895482248
105.25,-8.642693608587962e-05,-26.70085873076754,3.095608259401902e-06,-0.061864603782108576
105.5,-8.565016202530029e-05,-26.71633196106865,3.1132447847949276e-06,-0.06192123862843265
105.75,-8.487298341372781e-05,-26.731819350081835,3.0988446673255006e-06,-0.06197787347567212
106.0,-8.410340941178719e-05,-26.747320897805054,3.0524079081456127e-06,-0.062034508305704394
106.25,-8.333427021161635e-05,-26.76283571689845,3.0960355215430558e-06,-0.062084044445575394
106.5,-8.25577267369721e-05,-26.77836292002924,3.1116421035378388e-06,-0.06213358060220029
106.75,-8.178078424590791e-05,-26.79390250719963,3.0992276528814554e-06,-0.062183116759728055
107.0,-8.101044799650912e-05,-26.80945447840786,3.0587921705670483e-06,-0.06223265290230766
107.25,-8.024055186559984e-05,-26.825017946313785,3.0963759739125786e-06,-0.062275090348654666
107.5,-7.946426046105143e-05,-26.84059202358339,3.1099543593389318e-06,-0.062317527809472466
107.75,-7.868757513751949e-05,-26.856176710218595,3.0995273257598526e-06,-0.0623599652711816
108.0,-7.79164972496911e-05,-26.871772006217924,3.065094874009499e-06,-0.0624024027202026
108.25,-7.714586437707882e-05,-26.887377024241005,3.0966364735046434e-06,-0.06243774146740015
108.5,-7.636984482971596e-05,-26.902990876952646,3.108188271726881e-06,-0.062473080226786305
108.75,-7.559343605806957e-05,-26.918613564354477,3.0997502677520717e-06,-0.06250841898705317
109.0,-7.482163551263786e-05,-26.93424508644531,3.0713224622552602e-06,-0.06254375773689284
109.25,-7.405028449221487e-05,-26.94988455588459,3.096823337640523e-06,-0.06257199777976073
109.5,-7.327455502563067e-05,-26.965531085336014,3.106350031311594e-06,-0.06260023783253589
109.75,-7.249844065843567e-05,-26.981184674800932,3.0999025425063333e-06,-0.06262847788618198
110.0,-7.172593493621111e-05,-26.99684532427843,3.0774808717405435e-06,-0.06265671793166265
110.25,-7.095388289232587e-05,-27.012512146427834,3.0969423861964144e-06,-0.0626778592654311
110.5,-7.01784602897384e-05,-27.028184253911782,3.1044453411785015e-06,-0.06269900060682622
110.75,-6.940265676841213e-05,-27.043861646731322,3.09998973608657e-06,-0.06272014194908326
111.0,-6.862946196834092e-05,-27.05954432488583,3.0835755712770653e-06,-0.06274128328543746
111.25,-6.484759486593442e-05,-27.075344204432206,2.7084956358702606e-05,-0.06365775534841225
111.5,-5.513018631311135e-05,-27.09137320367925,5.056790685804997e-05,-0.06457424084193439
111.75,-3.960684411758302e-05,-27.107631325947946,7.353242519069706e-05,-0.06549073947273595
112.0,-1.8407176551532042e-05,-27.12411857448595,9.597850951949607e-05,-0.066407250947548
112.25,7.939256237482773e-06,-27.140819272294248,0.00011471837332645846,-0.06719833328561581
112.5,3.8914720316596904e-05,-27.157717742001616,0.00013301075959341072,-0.06798942609794689
112.75,7.440734611713951e-05,-27.174813986194984,0.00015085566685697283,-0.06878052913141025
113.0,0.00011430526370906954,-27.19210800739799,0.00016825309368956288,-0.06957164213287408
113.25,0.0001581330964328688,-27.209585114011595,0.00018230607056309297,-0.07024521210086175
113.5,0.0002054265501752851,-27.227230614101906,0.00019597806165366763,-0.07091878991062554
113.75,0.00025609037835322575,-27.24504450960243,0.00020926906586753576,-0.07159237534664782
114.0,0.00031002933411397013,-27.26302680239279,0.00022217908214142488,-0.07226596819341036
114.25,0.0003668182993473236,-27.28116375003838,0.00023207950798130968,-0.07282961390475863
114.5,0.00042604252219989613,-27.29944160980436,0.000241661142965298,-0.07339326512644544
114.75,0.0004876223048613667,-27.31786038304577,0.00025092398632686465,-0.07395692167813588
115.0,0.0005514779493329708,-27.336420071072567,0.0002598680373249877,-0.07452058337949462
115.25,0.0006172308433566605,-27.355107844471608,0.00026611166006728054,-0.07498160440149547
115.5,0.0006845120519474359,-27.373910873561496,0.00027209455378016394,-0.07544262888166459
115.75,0.0007532563927876817,-27.39282915918833,0.00027781671798501005,-0.07590365667251178
116.0,0.0008233986834427327,-27.41186270216135,0.00028327815222404905,-0.07636468762654658
116.25,0.0008946032368587132,-27.430999550140204,0.00028632383554600543,-0.0767300964914105
116.5,0.0009665433814268956,-27.450227750545764,0.0002891628814024343,-0.07709550702072102
116.75,0.0010391674577521638,-27.469547303779528,0.0002917952895662137,-0.0774609190975867
117.0,0.0011124238063846869,-27.488958210213777,0.00029422105982675244,-0.07782633260511601
117.25,0.0011860162559612815,-27.508449358919684,0.00029449247768101224,-0.0781028570677498
117.5,0.0012596570156719492,-27.528009638756757,0.0002946075408967619,-0.07837938163969656
117.75,0.0013333069968556514,-27.54763904974127,0.0002945662494647964,-0.07865590623250904
118.0,0.0014069271108506118,-27.56733759186738,0.0002943686033884189,-0.07893243075774004
118.25,0.0014802574620319169,-27.587094960328518,0.0002922559192614789,-0.07912651673220168
118.5,0.0015530459270882324,-27.606900850131296,0.00029003351441740373,-0.07932060148051956
118.75,0.001625265075862316,-27.626755260961424,0.0002877013890339845,-0.07951468494062652
119.0,0.0016968874782424697,-27.646658192489085,0.00028525954329778984,-0.07970876705045553
119.25,0.0017676864417749414,-27.666600111188817,0.00028112106861612814,-0.07982658215722287
119.5,0.0018374424643914674,-27.68657148337104,0.0002769160160258486,-0.07994439490409305
119.75,0.0019061389016568327,-27.706572308441068,0.00027264438586335293,-0.08006220525340418
120.0,0.0019737591092205886,-27.726602585794804,0.000268306178470369,-0.08018001316749453
120.25,0.0020401066899519184,-27.74665351886434,0.00026247000554586715,-0.08022745083853519
120.5,0.0021049918810958027,-27.766716310938325,0.0002566070618488022,-0.08027488520057822
120.75,0.0021684079900176857,-27.786790961187616,0.0002507173478482062,-0.08032231623847998
121.0,0.0022303483242005367,-27.80687746877929,0.0002448008640152529,-0.08036974393709709
121.25,0.0022906440355453194,-27.826967740358253,0.0002375664689452217,-0.08035242801252962
121.5,0.0023491323797983593,-27.847053682444756,0.0002303419273777023,-0.08033510799837244
121.75,0.0024058158204075457,-27.8671352940171,0.00022312723989065375,-0.08031778390019968
122.0,0.0024606968209651588,-27.88721257405498,0.00021592240706124678,-0.08030045572358577
122.25,0.002513631494123293,-27.90727809930522,0.00020756221895666457,-0.0802237454901508
122.5,0.002564481550847733,-27.927324446406974,0.00019924547570286693,-0.08014703053978478
122.75,0.002613257852434413,-27.94735161418408,0.00019097217796518838,-0.08007031089706394
123.0,0.0026599712603451683,-27.96735960146652,0.00018274232640548782,-0.07999358658656489
123.25,0.002704500413811373,-27.987341622674357,0.000173503259614501,-0.07986258220509841
123.5,0.0027467290693283164,-28.007290892135277,0.0001643383429340897,-0.07973157261821862
123.75,0.0027866757645154147,-28.02720740855317,0.00015524757709744184,-0.07960055786787117
124.0,0.002824359037174639,-28.047091170642414,0.00014623096283181332,-0.07946953799600218
124.25,0.0028596777688563906,-28.06693599879237,0.00013633590936189052,-0.07928908627072309
124.5,0.0028925355012583112,-28.086735713313733,0.00012654296872441999,-0.07910862897685898
124.75,0.002922957762686614,-28.10649031282157,0.00011685214170283114,-0.07892816617217357
125.0,0.0029509700816423455,-28.126199795945404,0.0001072634290723844,-0.07874769791443106
125.25,0.0029764894431782186,-28.145858558101,9.69127086651278e-05,-0.07852239835445363
125.5,0.002999437058734551,-28.1654609946377,8.66894613732185e-05,-0.07829709297530091
125.75,0.003019844796692623,-28.18500710410973,7.659368801451026e-05,-0.07807178184908255
126.0,0.003037744525636906,-28.20449688508933,6.662538939665891e-05,-0.07784646504790865
126.25,0.003053069336109417,-28.223925277868965,5.5998155556566964e-05,-0.07758067618722353
126.5,0.0030657561340370343,-28.243287222685517,4.552128917820546e-05,-0.07731488135741957
126.75,0.0030758425113902093,-28.262582718057335,3.519479109971749e-05,-0.07704908064355735
127.0,0.003083366060347426,-28.281811762524043,2.5018662147216753e-05,-0.07678327413069795
127.25,0.003088274114880739,-28.300969811924173,1.4274262158175596e-05,-0.07648112005736432
127.5,0.003090517435481602,-28.320052322050255,3.7007908297368287e-06,-0.07617895995444848
127.75,0.0030901387544211845,-28.339059291406986,-6.7017509922281306e-06,-0.07587679391864213
128.0,0.0030871808041804147,-28.357990718523226,-1.6933362475522114e-05,-0.07557462204663751
128.25,0.003081603431094216,-28.37684254629402,-2.765407467029982e-05,-0.07523999910899054
128.5,0.003073369540652695,-28.395610717576805,-3.818550117642089e-05,-0.07490537016035329
128.75,0.003062526454383645,-28.414295230882203,-4.8527641151377444e-05,-0.07457073530780171
129.0,0.0030491214940235934,-28.432896084747632,-5.868049376780443e-05,-0.07423609465841231
129.25,0.003033125413129485,-28.45140968149358,-6.925389284975607e-05,-0.07387267831228296
129.5,0.003014511677901408,-28.46983242341019,-7.962172829994551e-05,-0.07350925604309995
129.75,0.002993331679351323,-28.488164309031234,-8.978399928895206e-05,-0.07314582796714744
130.0,0.0029696368086964907,-28.506405336919556,-9.974070500380007e-05,-0.07278239420071007
130.25,0.002943407242368758,-28.524552342061952,-0.0001100591784155644,-0.07239364596565064
130.5,0.002914625543124133,-28.542602159421147,-0.0001201577682028233,-0.07200489195579504
130.75,0.002883346681970094,-28.560554787568982,-0.0001300364735576956,-0.07161613229552803
131.0,0.0028496256301138905,-28.578410225108406,-0.00013969529368989072,-0.07122736710923476
131.25,0.002813450618139666,-28.596165713815076,-0.00014966607503539696,-0.07081654160405783
131.5,0.002774811956163451,-28.613818495445887,-0.00015940449357442187,-0.07040571052429799
131.75,0.002733767734984636,-28.63136856862363,-0.00016891054852789783,-0.06999487400139921
132.0,0.002690376045595056,-28.648815932003945,-0.00017818423913534603,-0.06958403216680593
132.25,0.0026446319144300605,-28.66615820916145,-0.00018772829119830604,-0.0691541841934126
132.5,0.002596532159520632,-28.683393023656475,-0.0001970292289651787,-0.06872433088987097
132.75,0.0025461375595342054,-28.70052037417367,-0.00020608705169189453,-0.06829447239370694
133.0,0.002493508893321804,-28.717540259432074,-0.0002149017586538331,-0.06786460884244684
133.25,0.002438646830140619,-28.73445066070649,-0.0002239527056595898,-0.06741860049953997
133.5,0.002381553561089956,-28.751249559261126,-0.00023275140549066593,-0.06697258710800927
133.75,0.0023222921480518907,-28.767936953851667,-0.00024129785744317082,-0.06652656881054694
134.0,0.002260925653081951,-28.784512843269464,-0.0002495920608333933,-0.0660805457498456
134.25,0.0021974593353376675,-28.80097554328154,-0.00025809517009551055,-0.06562105354506684
134.5,0.0021318997235749604,-28.81732336964729,-0.00026633841286914347,-0.06516155660372197
134.75,0.002064311784498815,-28.833556321200945,-0.00027432178849483746,-0.06470205507281333
135.0,0.0019947604849764825,-28.849674396813487,-0.00028204529633392726,-0.06424254909934363
135.25,0.001923254716163439,-28.865676224424448,-0.00028995650867913816,-0.06377207104248633
135.5,0.0018498044034086615,-28.88156043196806,-0.0002976016477640873,-0.0633015885856447
135.75,0.0017744760651041103,-28.897327018363146,-0.00030498071297716813,-0.06283110187933211
136.0,0.001697336219791986,-28.912975982566145,-0.0003120937037280599,-0.06236061107406227
136.25,0.001618396522714999,-28.92850624325255,-0.0003193787121836027,-0.061881473730337054
136.5,0.0015376694440763145,-28.943916719094283,-0.0003263927561263119,-0.06140233234224405
136.75,0.0014552227250747328,-28.959207409099413,-0.0003331358349950683,-0.060923187063063516
137.0,0.0013711241070466236,-28.974378312314332,-0.0003396079482504295,-0.06044403804607604
137.25,0.0012853872264587116,-28.989428617589695,-0.000346241324279295,-0.05995840353140937
137.5,0.0011980263310155995,-29.004357513773815,-0.00035260006700541576,-0.05947276534203019
137.75,0.0011091100791070182,-29.019164999967433,-0.00035868417592009615,-0.058987123633294135
138.0,0.0010187071292471262,-29.033851075310128,-0.0003644936505366111,-0.05850147856055711
138.25,0.0009268323964629142,-29.048415179133297,-0.0003704580169823048,-0.05801135146244924
138.5,0.0008335012181529694,-29.062856750766727,-0.0003761452146647951,-0.05752122106879357
138.75,0.0007387828865654263,-29.07717578940613,-0.00038155524312910973,-0.05703108753637998
139.0,0.0006427466940593907,-29.09137229428642,-0.0003866881019424496,-0.05654095102199859
139.25,0.000545408207017782,-29.105445936380338,-0.00039197335173240795,-0.056048185231050186
139.5,0.00044678323953953195,-29.119396386659368,-0.00039697994536696797,-0.05555541652913965
139.75,0.00034694145571402026,-29.13322364441547,-0.0004017078824456052,-0.05506264507389824
140.0,0.0002459525197279709,-29.146927708980012,-0.0004061571625900875,-0.05456987102295743
140.25,0.00014383209295346943,-29.16050846496983,-0.00041075972214803323,-0.05407617646166482
140.5,4.059592339796251e-05,-29.17396579700046,-0.000415083104778625,-0.05358247937574386
140.75,-6.368619466301253e-05,-29.18729970446048,-0.0004191273101359947,-0.05308877992312038
141.0,-0.00016894446687024315,-29.200510186777958,-0.00042289233789660833,-0.052595078261720406
141.25,-0.0002751636268814687,-29.21359732504425,-0.0004268144740887708,-0.052102027498862044
141.5,-0.00038232846984962094,-29.226561200349067,-0.0004304578015015859,-0.05160897459617536
141.75,-0.0004903692935429654,-29.23940181217716,-0.0004338223198435895,-0.05111591971137791
142.0,-0.0005992163956596895,-29.252119160052718,-0.00043690802884562235,-0.05062286300218742
142.25,-0.0007088553329400179,-29.264713505183845,-0.00044015719846194446,-0.05013189774048634
142.5,-0.0008192718594125794,-29.277185108776337,-0.0004431287423420164,-0.04964093071930829
142.75,-0.0009303965686131336,-29.28953397040996,-0.00044582266024811645,-0.049149962095701605
143.0,-0.0010421600540207858,-29.301760089703738,-0.00044823895196473274,-0.04865899202671471
143.25,-0.0011545490657326426,-29.313863892419807,-0.00045082719204283796,-0.048171429457841114
143.5,-0.0012675506751902114,-29.32584580431714,-0.0004531397338977549,-0.04768386550282219
143.75,-0.0013810959578141099,-29.3377058250687,-0.0004551765773444816,-0.04719630031761589
144.0,-0.0014951159889814631,-29.349443954386427,-0.00045693772222007176,-0.04670873405818024
144.25,-0.0016095990287387488,-29.361060767800755,-0.00045888108032585454,-0.046225773073213655
144.5,-0.0017245337713820061,-29.372556840837863,-0.0004605513452837545,-0.04574281106616391
144.75,-0.0018398519436071067,-29.38393217326154,-0.00046194851696015145,-0.045259848191515274
145.0,-0.0019554852720792483,-29.3951867648742,-0.0004630725952432725,-0.04477688460375211
145.25,-0.0020714237936244207,-29.40632132694694,-0.00046439059812858086,-0.04429961185390185
145.5,-0.002187658081644655,-29.417336570745384,-0.00046543872702799394,-0.04382233843481094
145.75,-0.0023041206676325462,-29.4282324961213,-0.00046621698185766205,-0.04334506449914261
146.0,-0.002420744083062426,-29.439009102964633,-0.0004667253625553252,-0.04286779019956015
146.25,-0.0025375203623804483,-29.44966722499809,-0.0004674405218480482,-0.042397186000657214
146.5,-0.0026544421689139327,-29.460207695937527,-0.00046788958027126553,-0.04192658147246501
146.75,-0.0027714429774405697,-29.47063051571943,-0.00046807253778905286,-0.04145597676551236
147.0,-0.002888456262731728,-29.48093568431793,-0.00046798939438677355,-0.04098537203032812
147.25,-0.0030054762353234933,-29.491124145336588,-0.0004681267479010476,-0.04052231610597542
147.5,-0.0031224978174589067,-29.501196842370618,-0.0004680022707358741,-0.04005926017798075
147.75,-0.0032394555514689153,-29.51115377543762,-0.0004676159629012113,-0.03959620439445736
148.0,-0.003356283979689573,-29.52099494459223,-0.00046696782442796333,-0.03913314890351848
148.25,-0.0034729796283088075,-29.53072139144564,-0.0004665545116660328,-0.03867842596269925
148.5,-0.0035895398090942834,-29.540334157599126,-0.000465884081765117,-0.0382237033284076
148.75,-0.00370590024276753,-29.549833243147507,-0.0004649565347788501,-0.03776898114609039
149.0,-0.003821996650066056,-29.559218648221957,-0.00046377187078143516,-0.03731425956119445
149.25,-0.0039378279767909,-29.56849150124446,-0.0004628367411921635,-0.03686856470698055
149.5,-0.004053394019752927,-29.57765293062547,-0.00046164960069303385,-0.03642287045303305
149.75,-0.00416863177623612,-29.586702936532877,-0.00046021044937901676,-0.0359771769419103
150.0,-0.004283478243550734,-29.595641519170208,-0.0004585192873652434,-0.035531484316170585
150.25,-0.0043979348586231344,-29.604469883228287,-0.0004570925399222352,-0.03509542828296203
150.5,-0.004512003966870994,-29.61318923338476,-0.00045541923278958024,-0.03465937312657807
150.75,-0.004625623928388223,-29.621799569876266,-0.00045349936610114213,-0.03422331898649337
151.0,-0.004738733103304662,-29.63030089297432,-0.0004513329400105091,-0.03378726600218253
151.25,-0.004851335461732005,-29.638694473729807,-0.000449445792676704,-0.03336138021963909
151.5,-0.004963435932283782,-29.646981583178775,-0.0004473178370327489,-0.032935495572734064
151.75,-0.005074974312903334,-29.65516222162216,-0.00044494907324887895,-0.03250961219768865
152.0,-0.005185890401578967,-29.66323638939496,-0.00044233950151459383,-0.032083730230723945
152.25,-0.005296190717059413,-29.671205414610665,-0.00044002388917355683,-0.031668471713225864
152.5,-0.005405882779595995,-29.679070625366265,-0.00043747347799612897,-0.03125321457204198
152.75,-0.005514907889504729,-29.686832022022443,-0.00043468826818634165,-0.030837958939994015
153.0,-0.005623207347154986,-29.69448960497309,-0.00043166825996701,-0.030422704949903585
153.25,-0.00573079021146832,-29.702044750686245,-0.0004289565594100405,-0.030018461011008298
153.5,-0.005837666579304464,-29.709498835611807,-0.0004260162881871742,-0.02961421867072612
153.75,-0.005943779308025966,-29.716851860165594,-0.000422847446533631,-0.029209978058355606
154.0,-0.006049071255056464,-29.724103824795748,-0.00041945003470291635,-0.028805739303195157
154.25,-0.006153553989653911,-29.731256146184297,-0.00041637481528428074,-0.028412832095123755
154.5,-0.006257240149312895,-29.738310240993513,-0.0004130774352377086,-0.028019926689488998
154.75,-0.0063600741939090375,-29.74526610968972,-0.00040955789482698834,-0.027627023211963374
155.0,-0.006462000583386125,-29.75212375277065,-0.0004058161943336811,-0.027234121788219226
155.25,-0.006563033348527697,-29.758884619537405,-0.0004024099929285967,-0.026852812666937
155.5,-0.006663187612926841,-29.765550159269775,-0.0003987881884411009,-0.026471505533467662
155.75,-0.006762409475848811,-29.772120372479954,-0.0003949507811609359,-0.0260902005097742
156.0,-0.006860645036633455,-29.778595259710638,-0.000390897771395092,-0.025708897717819437
156.25,-0.006957910722059744,-29.78497629581105,-0.00038719289032031825,-0.02533939143475852
156.5,-0.007054224070958724,-29.79126495560759,-0.00038327907922741227,-0.02496988730658118
156.75,-0.007149532850864651,-29.797461239653764,-0.0003791563384294767,-0.024600385451475564
157.0,-0.007243784829392148,-29.803565148532602,-0.00037482466825632826,-0.024230885987629625
157.25,-0.007336998749181952,-29.809578176072943,-0.00037085299484341914,-0.02387333470954837
157.5,-0.0074291944792179605,-29.815501816079365,-0.00036667915028028205,-0.023515785735358986
157.75,-0.007520321476754021,-29.82133606914214,-0.00036230313490082203,-0.023158239179426224
158.0,-0.007610329199129474,-29.82708093588013,-0.0003577249490551177,-0.02280069515611465
158.25,-0.007699238612089935,-29.832737923014435,-0.00035351779559729597,-0.022455202314969787
158.5,-0.007787071817426707,-29.838308537240547,-0.0003491152881230008,-0.022109711908995765
158.75,-0.00787377997667937,-29.843792779181076,-0.00034451742698443026,-0.021764224048700986
159.0,-0.00795931425147751,-29.84919064948625,-0.0003397242125494103,-0.021418738844593662
159.25,-0.008043697727140323,-29.854503662142285,-0.00033531217537782423,-0.02108536281968512
159.5,-0.008126954630493689,-29.859733331108515,-0.00033071163413392,-0.020751989343909268
159.75,-0.00820903783556522,-29.86487965703555,-0.0003259225891857381,-0.02041861852389961
160.0,-0.008289900216476421,-29.869942640600662,-0.00032094504091639934,-0.020085250466289447
160.25,-0.00836956686553583,-29.874923797867545,-0.000316357877397111,-0.0197640081012451
160.5,-0.008448064018109568,-29.87982464487181,-0.00031158906909337634,-0.0194427683824594
160.75,-0.008525346263048903,-29.884645182287866,-0.00030663861638669724,-0.01912153141268567
161.0,-0.008601368189302303,-29.889385410815805,-0.00030150651967310695,-0.018800297294677006
161.25,-0.008676156776128924,-29.894046843828374,-0.0002967730419540976,-0.018491167252144742
161.5,-0.008749740143802424,-29.898630994669137,-0.00029186476651239216,-0.018182039936702
161.75,-0.008822074592940916,-29.903137864032225,-0.00028678169374064973,-0.01787291544722883
162.0,-0.00889311642426243,-29.907567452636492,-0.0002815238240455132,-0.017563793882605046
162.25,-0.008962894377963427,-29.911921266794607,-0.0002766718084213212,-0.017266719839771717
162.5,-0.009031438329918873,-29.91620081278906,-0.0002716518101469293,-0.016969648589155235
162.75,-0.00909870628451614,-29.920406091329788,-0.00026646382962393437,-0.016672580225780477
163.0,-0.009164656246244676,-29.924537103150474,-0.0002611078672673717,-0.01637551484467208
163.25,-0.009229318585616505,-29.928595343514413,-0.0002561639780719808,-0.016090408532976604
163.5,-0.009292724800479662,-29.932582307653814,-0.00025105887126498574,-0.015805305063555895
163.75,-0.009354834586482027,-29.936497996290644,-0.00024579254725479204,-0.01552020452760795
164.0,-0.009415607639375196,-29.94034241016967,-0.00024036500646270242,-0.015235107016330534
164.25,-0.009475075826011623,-29.94411702987627,-0.00023535473342504456,-0.014961851108831588
164.5,-0.009533272129502742,-29.947823335963914,-0.00023018994136806876,-0.014688598079264998
164.75,-0.009590157920145115,-29.951461329163013,-0.00022487063070495534,-0.014415348015039482
165.0,-0.009645694568340139,-29.95503101022583,-0.000219396801861246,-0.014142101003563516
165.25,-0.009699915301105602,-29.958533841773463,-0.00021434440993882704,-0.013880551853838421
165.5,-0.009752854448164722,-29.961971286394405,-0.00020914411627885195,-0.01361900560399999
165.75,-0.009804475034134867,-29.96534334482409,-0.00020379592129734112,-0.013357462337713654
166.0,-0.009854740083738885,-29.96865001781886,-0.00019829982542214698,-0.013095922138644602
166.25,-0.009903684046836392,-29.971892747073298,-0.0001932283161297045,-0.012845912375014954
166.5,-0.009951342460206689,-29.97507297424877,-0.00018801542767303808,-0.012595905520241493
166.75,-0.009997679979110616,-29.97819070008249,-0.00018266116046917569,-0.012345901654299937
167.0,-0.010042661258914677,-29.981245925331653,-0.00017716551494645553,-0.012095900857165763
167.25,-0.010086321834801584,-29.98424006810857,-0.0001720965982295673,-0.011857241836054964
167.5,-0.01012869831108688,-29.987174546491815,-0.0001668927182020416,-0.011618585720519103
167.75,-0.010169756946994717,-29.990049361217324,-0.0001615538752801857,-0.011379932586904559
168.0,-0.010209464001854676,-29.99286451304012,-0.00015608006989110382,-0.011141282511557467
168.25,-0.010247855959326885,-29.9956213941239,-0.00015103414570615068,-0.010913766634417794
168.5,-0.010284970352634499,-29.99832139659823,-0.00014585955664247287,-0.010686253648065108
168.75,-0.010320775015609367,-30.0009645211949,-0.00014055630311403443,-0.010458743625282868
169.0,-0.010355237782188114,-30.0035507686639,-0.00013512438554509246,-0.010231236638854299
169.25,-0.010388395949112863,-30.006081503126854,-0.00013012053426323213,-0.010014639536549593
169.5,-0.010420287841541701,-30.00855808867094,-0.00012499418964535356,-0.009798045299486366
169.75,-0.010450882836191685,-30.01098052602114,-0.00011974535210156123,-0.009581453996956939
170.0,-0.010480150309883621,-30.013348815919738,-0.0001143740220517591,-0.009364865698253401
170.25,-0.010508128239193847,-30.015664292609657,-0.000109430002898775,-0.009158948287240658
170.5,-0.010534855606583968,-30.01792829029916,-0.00010436952675760698,-0.008953033705916024
170.75,-0.010560303297857346,-30.020140809703907,-9.919259403309013e-05,-0.008747122020157162
171.0,-0.010584442198919722,-30.022301851556023,-9.389920513937599e-05,-0.008541213295841501
171.25,-0.010607310835701333,-30.024412718624436,-8.903146190591408e-05,-0.008345723710402203
171.5,-0.010628948716285228,-30.026474713643292,-8.405315562331593e-05,-0.008150236909835946
171.75,-0.010649328199958726,-30.028487837316632,-7.896428668984311e-05,-0.007954752956686292
172.0,-0.010668421646109812,-30.03045209036413,-7.37648555126021e-05,-0.007759271913496573
172.25,-0.010686268002856644,-30.032368742711814,-6.898852881182767e-05,-0.007573947318314794
172.5,-0.010702907175706645,-30.034239064250915,-6.410738440233651e-05,-0.007388625454668226
172.75,-0.010718312960281272,-30.036063055671722,-5.9121422674617303e-05,-0.0072033063818503894
173.0,-0.010732459152300654,-30.03784071767935,-5.4030644027544005e-05,-0.00701799015915458
173.25,-0.010745384998697358,-30.039573286200014,-4.935958941503845e-05,-0.006842558446535165
173.5,-0.010757130678158325,-30.04126199712515,-4.4589308604595454e-05,-0.006667129404318784
173.75,-0.010767671384181608,-30.04290685112938,-3.971980197783466e-05,-0.006491703088635934
174.0,-0.01077698231036166,-30.044507848901354,-3.475106992431369e-05,-0.006316279555616896
174.25,-0.010785102883279229,-30.046066191408613,-3.0197881243699066e-05,-0.006150460931734144
174.5,-0.010792073434912512,-30.04758307958407,-2.555089971134907e-05,-0.005984644910042855
174.75,-0.010797870517094885,-30.049058514084905,-2.081012569901946e-05,-0.005818831543599978
175.0,-0.010802470681753606,-30.050492495581565,-1.597555958596934e-05,-0.005653020885462248
175.25,-0.01080591342051038,-30.051886189308824,-1.1551596910261147e-05,-0.00549652934971402
175.5,-0.010808239103444603,-30.053240760467055,-7.039113065136152e-06,-0.005340040341565208
175.75,-0.010809425600308899,-30.054556209694415,-2.43810841159038e-06,-0.00518355391109066
176.0,-0.010809450780947022,-30.05583253764158,2.251416682298526e-06,-0.005027070108365016
176.25,-0.010808354092272356,-30.05707087320843,6.535995055898687e-06,-0.004879614830370437
176.5,-0.010806175832263011,-30.05827234526071,1.0903987302029129e-05,-0.004732161999683341
176.75,-0.0108028951474944,-30.05943695441615,1.535539307125307e-05,-0.0045847116634894665
177.0,-0.01079849118463012,-30.060564701304266,1.9890212007460684e-05,-0.004437263868974352
177.25,-0.010793003241228314,-30.06165667804755,2.4026414061494916e-05,-0.004298550467280909
177.5,-0.010786471438185986,-30.062713976734738,2.8241089075965035e-05,-0.004159839427563443
177.75,-0.010778876157305042,-30.063736597961867,3.253423671369954e-05,-0.004021130794212704
178.0,-0.010770197780472467,-30.064724542336076,3.690585663124918e-05,-0.0038824246116192502
178.25,-0.010760475356541769,-30.065678864907905,4.088581813497232e-05,-0.0037521563382577876
178.5,-0.010749748729758004,-30.066600620694558,4.4939479402225584e-05,-0.0036218903371395676
178.75,-0.010737999475220703,-30.067489810269304,4.906684010871848e-05,-0.0034916266499552266
179.0,-0.010725209168111207,-30.068346434215837,5.32678999242646e-05,-0.003361365318395215
179.25,-0.010711416514677944,-30.069171510354842,5.7084843399801716e-05,-0.0032392441535161664
179.5,-0.010696660988495121,-30.069966056474154,6.0970881869412185e-05,-0.0031171251673613593
179.75,-0.010680925315852961,-30.070730073123336,6.492601502221524e-05,-0.0029950083990165914
180.0,-0.010664192223120102,-30.07146356086173,6.895024254180258e-05,-0.002872893887567484
180.25,-0.010646499985597252,-30.0721675002482,7.259843413128361e-05,-0.0027586215481463583
180.5,-0.010627887617821552,-30.0728428718093,7.631128451552356e-05,-0.0026443512907346027
180.75,-0.010608338955131334,-30.07348967607011,8.008879339749662e-05,-0.0025300831519085355
181.0,-0.01058783783293983,-30.074107913564852,8.393096047500432e-05,-0.002415817168244306
181.25,-0.01056642201288581,-30.07469852767429,8.740566511131201e-05,-0.0023090960348530476
181.5,-0.010544129967818743,-30.0752624617475,9.09407605326393e-05,-0.002202376884125311
181.75,-0.010520946600077626,-30.07579971628442,9.453624645618066e-05,-0.0020956597502230765
182.0,-0.010496856812072759,-30.076310291793526,9.819212259429936e-05,-0.001988944667308163
182.25,-0.010471897774730581,-30.076795094667187,0.00010148955784943783,-0.0018894786328575905
182.5,-0.010446107342305935,-30.077255031266727,0.00010484328320969959,-0.0017900144796323626
182.75,-0.010419471442305987,-30.07769010206643,0.00010825329840678863,-0.0016905522394747774
183.0,-0.01039197600230553,-30.078100307548542,0.00011171960316790574,-0.0015910919442269802
183.25,-0.010363657531135342,-30.078486517403395,0.00011483689212418561,-0.0014985871885022433
183.5,-0.010334553193288585,-30.078849601290973,0.00011800653653857115,-0.0014060842109842105
183.75,-0.010304649899932336,-30.079189559659532,0.00012122853615749268,-0.00131358304128942
184.0,-0.010273934562297596,-30.079506392964735,0.00012450289072319214,-0.0012210837090342653
184.25,-0.010242442961377171,-30.079800934569118,0.000127438014184826,-0.0011352494027573048
184.5,-0.010210211506442708,-30.08007401780562,0.00013042172279604944,-0.0010494167705726641
184.75,-0.010177228051236562,-30.080325643096202,0.0001334540163181675,-0.0009635858399640851
185.0,-0.010143480449561254,-30.08055581086969,0.00013653489450859852,-0.0008777566384151736
185.25,-0.010109003694417824,-30.08076531861462,0.00013928664284489054,-0.0007983055804758807
185.5,-0.010073833380045003,-30.080954963790703,0.00014208336830672647,-0.0007188560918761567
185.75,-0.0100379582621893,-30.081124746793453,0.00014492507067036993,-0.0006394081980587484
186.0,-0.010001367096653602,-30.08127466802475,0.00014781174970848648,-0.0005599619244662752
186.25,-0.00996409403380554,-30.08140548962453,0.0001503796745945927,-0.00048661111586859745
186.5,-0.00992617379860563,-30.081517973704717,0.00015298912848873527,-0.0004132617716493557
186.75,-0.00988759600882789,-30.081612120634347,0.00015564011118215942,-0.00033991391530075854
187.0,-0.009848350282298942,-30.08168793078832,0.00015833262246278814,-0.00026656757031489546
187.25,-0.00980846987752578,-30.081746131547543,0.00016071698875999942,-0.0001990387282853412
187.5,-0.009767988601408182,-30.08178745026576,0.00016313959318624608,-0.00013151124586739134
187.75,-0.009726896894438047,-30.08181188728558,0.00016560043554772125,-6.398514469166326e-05
188.0,-0.009685185197156115,-30.081819442955013,0.00016809951564755897,3.5395536113361437e-06
188.25,-0.009642885832279288,-30.081810810542613,0.0001703012536422194,6.551953800614507e-05
188.5,-0.009600031645204806,-30.081786683290627,0.00017253809319919984,0.00012749826698628776
188.75,-0.0095566138605644,-30.08174706151539,0.0001748100341395544,0.00018947572069544618
189.0,-0.009512623703034889,-30.081691945538203,0.00017711707628152918,0.0002514518792774042
189.25,-0.009468092520777922,-30.081621995212384,0.00017913773448001877,0.0003081505367604925
189.5,-0.009423052159448742,-30.081537870365832,0.0001811905088320627,0.0003648480421071347
189.75,-0.009377494590029439,-30.081439571288854,0.00018327539917344026,0.00042154437714980465
190.0,-0.009331411783543471,-30.081327098276294,0.00018539240533736143,0.00047823952372106964
190.25,-0.00928483407984835,-30.081201078507554,0.00018723410399404318,0.0005299184525426702
190.5,-0.009237792291667392,-30.08106213913753,0.00018910508119931256,0.0005815963312648473
190.75,-0.009190279099382111,-30.08091028043081,0.0001910053368034925,0.0006332731433252565
191.0,-0.009142287183411733,-30.080745502656132,0.00019293487065456366,0.0006849488721616383
191.25,-0.009093845846416286,-30.080568401098624,0.00019460025619018274,0.0007318634309104205
191.5,-0.009044984839881634,-30.08037957101981,0.0001962922269458396,0.0007787770400589583
191.75,-0.008995697517519639,-30.080179012658977,0.00019801078278617758,0.0008256896845684743
192.0,-0.008945977233076274,-30.079966726259162,0.00019975592357371322,0.0008726013494002679
192.25,-0.008895852227804804,-30.07974327602366,0.00020124812402342874,0.0009150003939598923
192.5,-0.00884535116835687,-30.079509226133098,0.00020276435696536422,0.0009573985876092062
192.75,-0.00879446804662454,-30.079264576801904,0.00020430462227822194,0.0009997959167534639
193.0,-0.008743196854530446,-30.0790093282479,0.00020586891983878156,0.0010421923677979884
193.25,-0.008691564752215329,-30.078744014432633,0.00020719150145178013,0.0010803180296267468
193.5,-0.00863959930242418,-30.07846916929594,0.00020853569962925807,0.0011184429371790686
193.75,-0.008587295101029286,-30.078184793027916,0.0002099015142636804,0.0011565670782268534
194.0,-0.00853464674393003,-30.07789088582172,0.0002112889452457827,0.0011946904405420633
194.25,-0.008481680294764435,-30.07758795226007,0.00021244587034223745,0.0012287779435593163
194.5,-0.008428422197631158,-30.07727649690493,0.00021362212897168105,0.0012628647866549988
194.75,-0.008374867619158682,-30.076956519922643,0.00021481772104001352,0.00129695095889248
195.0,-0.00832101172599921,-30.076628021482293,0.0002160326464515882,0.0013310364493351828
195.25,-0.008266879474019547,-30.076291477669045,0.00021702823262757342,0.0013613139628035566
195.5,-0.008212496178067831,-30.07594736454823,0.00021804099821462903,0.0013915909082263733
195.75,-0.008157857543301391,-30.07559568226308,0.0002190709431317344,0.0014218672758855493
196.0,-0.008102959274897988,-30.07523643095925,0.00022011806729649452,0.0014521430560630474
196.25,-0.008047825213608058,-30.074870059119736,0.00022095694805324996,0.0014788315809608334
196.5,-0.007992479538359017,-30.074497015208674,0.00022181097895810636,0.0015055196270326657
196.75,-0.007936918461622354,-30.074117299346838,0.00022268015994274172,0.0015322071857083776
197.0,-0.00788113819588679,-30.07373091165715,0.0002235644909376221,0.001558894248417841
197.25,-0.00782516146316301,-30.07333827392614,0.0002242515777984114,0.001582207534898929
197.5,-0.0077690113035169955,-30.072939807922406,0.00022495190630626106,0.0016055204289611433
197.75,-0.00771268440654396,-30.072535513744988,0.0002256654764051452,0.0016288329231139212
198.0,-0.007656177461853259,-30.0721253914948,0.00022639228803797868,0.0016521450098667314
198.25,-0.007599512072610637,-30.07170983717426,0.00022693273420342712,0.001672289503508759
198.5,-0.007542710140603146,-30.071289246768796,0.00022748463014965557,0.0016924336881909247
198.75,-0.007485768803391089,-30.070863620356455,0.0002280479758325127,0.0017125775574362908
199.0,-0.007428685198545925,-30.07043295801691,0.00022862277120693118,0.001732721104767945
199.25,-0.0073714798135969956,-30.06999763088418,0.00022902193678835705,0.0017498959194100741
199.5,-0.007314173415951166,-30.06955801007625,0.00022943087277673237,0.0017670705054874097
199.75,-0.0072567635630107746,-30.069114095650946,0.00022984957913934248,0.0017842448574730044
200.0,-0.007199247812186432,-30.068665887667482,0.00023027805584269111,0.00180141896983993
200.25,-0.007141645541688977,-30.06821373330753,0.00023054147470238386,0.0018158158849112917
200.5,-0.007083976391553411,-30.06775797973763,0.0002308130929440134,0.0018302126486518687
200.75,-0.007026238311936953,-30.067298626996198,0.0002310929105458504,0.0018446092564234132
201.0,-0.006968429253002334,-30.066835675122803,0.00023138092748550967,0.0018590057035876907
201.25,-0.006910567492865806,-30.06636944826029,0.0002315142757032101,0.0018708091839256494
201.5,-0.006852671554102939,-30.06590027053728,0.00023165435649439,0.001882612586926492
201.75,-0.006794739753571755,-30.065428141973584,0.00023180116984784302,0.0018944159087817172
202.0,-0.00673677040813314,-30.064953062589968,0.00023195471575182417,0.0019062191456828297
202.25,-0.006678780707737216,-30.06447533439891,0.0002319637817276865,0.0019156063819353725
202.5,-0.00662078807011327,-30.063995259399558,0.00023197821357584693,0.0019249936115417515
202.75,-0.006562791153793364,-30.06351283759395,0.0002319980112951509,0.0019343808314665827
203.0,-0.006504788617309898,-30.063028068984888,0.00023202317488401464,0.0019437680386744827
203.25,-0.006446796576881004,-30.062541234355532,0.00023191383108019315,0.0019509090064754543
203.5,-0.006388831360502909,-30.06205261447659,0.00023180858247905887,0.001958050034972099
203.75,-0.006330891944373882,-30.061562209333175,0.0002317074290890316,0.0019651911218478263
204.0,-0.006272977304690126,-30.06107001891099,0.0002316103709182036,0.001972332264786042
204.25,-0.006215102500682038,-30.06057630365538,0.00023138854723372376,0.0019773898009831075
204.5,-0.006157282788028919,-30.06008132400011,0.000231169640081379,0.001982447461837217
204.75,-0.006099517437595544,-30.05958507991421,0.0002309536494786818,0.001987505245698532
205.0,-0.006041805720242334,-30.059087571367147,0.00023074057544291126,0.001992563150917204
205.25,-0.005984161657074649,-30.058589039346497,0.00023041223420971628,0.001995693045221964
205.5,-0.005926599450980807,-30.0580897248291,0.00023008571885654348,0.0019988231247474514
205.75,-0.005869118645487533,-30.057589627768774,0.00022976102940951395,0.0020019533884607886
206.0,-0.0058117187841150416,-30.057088748119604,0.00022943816589460266,0.0020050838353290845
206.25,-0.00575441287063757,-30.056587308278264,0.00022900927847655227,0.00200643493584542
206.5,-0.005697214076599645,-30.056085530631485,0.0002285812103839501,0.002007786278744479
206.75,-0.005640122197165621,-30.055583415118733,0.00022815396165104133,0.002009137863562773
207.0,-0.005583137027491301,-30.055080961679586,0.00022772753231200561,0.002010489689836795
207.25,-0.0055262705765626065,-30.0545783749719,0.0002272040572830967,0.00201020402100827
207.5,-0.005469535007765233,-30.054075859644403,0.0002266804752684227,0.0020099186483311026
207.75,-0.0054129303478403865,-30.053573415623053,0.00022615678630986987,0.0020096335718658015
208.0,-0.005356456623518798,-30.053071042833785,0.000225632990449333,0.0020093487916728507
208.25,-0.005300124873112749,-30.05256892903163,0.00022502085332250354,0.0020075616832717735
208.5,-0.0052439462765937845,-30.052067261963266,0.0002244077593608257,0.0020057749214170977
208.75,-0.0051879210731644865,-30.051566041541992,0.00022379370861334662,0.0020039885066500747
209.0,-0.005132049502015168,-30.05106526768097,0.00022317870112919,0.002002202439511929
209.25,-0.005076341656299672,-30.050565112051046,0.00022248377560270377,0.001999042665372267
209.5,-0.005020807758707532,-30.050065746315486,0.00022178711615162536,0.0019958832848308177
209.75,-0.004965448242712931,-30.049567170375756,0.00022108872283168712,0.001992724298868417
210.0,-0.004910263541776105,-30.04906938413309,0.0002203885956987601,0.00198956570846587
210.25,-0.004855262830642812,-30.048572543974412,0.00021961668638333505,0.0019851556337390427
210.5,-0.004800455402073982,-30.048076806279777,0.00021884233519336679,0.0019807459963591114
210.75,-0.004745841866530511,-30.047582170939673,0.00021806554219080292,0.0019763367977073867
211.0,-0.004691422834457785,-30.047088637844247,0.00021728630743778646,0.0019719280391651433
211.25,-0.004637206590019804,-30.046596348877422,0.00021644313402428858,0.001966383774951883
211.5,-0.004583201524463712,-30.046105445916954,0.00021559687639394223,0.001960839988580112
211.75,-0.004529408408835264,-30.045615928843166,0.00021474753461444752,0.001955296681794502
212.0,-0.004475828014163258,-30.045127797535947,0.00021389510875375126,0.0019497538563396852
212.25,-0.004422467762779467,-30.044641180137035,0.00021298629157838773,0.0019431854206230564
212.5,-0.004369335173740124,-30.044156204782702,0.00021207381001031873,0.001936617500045597
212.75,-0.004316431163134285,-30.043672871343905,0.00021115766412254224,0.0019300500966801725
213.0,-0.004263756647032722,-30.04319117969108,0.00021023785398834936,0.0019234832125996067
213.25,-0.004211318215461527,-30.04271124496387,0.00020926890094985278,0.001915994696473099
213.5,-0.004159122545370246,-30.042233182297075,0.00020829576216197546,0.001908506729651078
213.75,-0.0041071706831865016,-30.041756991553072,0.00020731843770256788,0.0019010193145013296
214.0,-0.004055463675318409,-30.041282672593656,0.00020633692764981544,0.0018935324533915967
214.25,-0.004004007309650408,-30.040810328275093,0.0002053132224310609,0.00188522219164292
214.5,-0.003952807451731026,-30.040340061449466,0.00020428486567454824,0.0018769125103028697
214.75,-0.0039018652644344266,-30.039871871971354,0.00020325185746254546,0.0018686034120027198
215.0,-0.0038511819106141596,-30.03940575969466,0.00020221419787769257,0.0018602948993736979
215.25,-0.0038007624066817695,-30.03894181588932,0.00020114098942253413,0.0018512556445481924
215.5,-0.0037506118379787593,-30.03848013182168,0.00020006271605699444,0.0018422169982513878
215.75,-0.0037007314707219506,-30.038020707339246,0.0001989793778673347,0.0018331789633483952
216.0,-0.0036511225711065485,-30.037563542288815,0.00019789097494022137,0.0018241415427042767
216.25,-0.0036017894151187135,-30.03710871702892,0.00019677336813500219,0.001814460641834242
216.5,-0.003552736339449045,-30.03665631191509,0.0001956503324098271,0.001804780374711272
216.75,-0.0035039647013163115,-30.0362063267885,0.00019452186785453836,0.0017951007444063907
217.0,-0.0034554758579167645,-30.035758761489564,0.00019338797455941241,0.0017854217539905713
217.25,-0.0034072733761182873,-30.035313686118048,0.0001922309220676336,0.0017751813272341777
217.5,-0.003359360875759473,-30.034871170771268,0.000191068123057577,0.0017649415566284461
217.75,-0.003311739793458272,-30.034431215284783,0.0001898995776222658,0.00175470244542406
218.0,-0.0032644115658093226,-30.033993819493336,0.00018872528585518291,0.0017444639968716494
218.25,-0.00321737908201655,-30.033559043868102,0.00018753358105311465,0.0017337411173622924
218.5,-0.0031706452769957303,-30.033126948878337,0.0001863358556954902,0.001723018913683341
218.75,-0.003124211655873785,-30.032697534354657,0.0001851321098781269,0.0017122973892404957
219.0,-0.0030780797237536218,-30.03227080012683,0.00018392234369732374,0.0017015765474394033
219.25,-0.0030322517236711093,-30.031846797645084,0.00018270061465793633,0.001690443421699707
219.5,-0.0029867299375729976,-30.03142557835824,0.00018147263183844865,0.0016793109888405926
219.75,-0.0029415159288920423,-30.031007142092626,0.0001802383953370986,0.0016681792523996909
220.0,-0.0028966112610363773,-30.030591488673704,0.00017899790525262435,0.0016570482159145778
220.25,-0.0028520175623123266,-30.030178661115883,0.00017775060972506326,0.0016455723642405378
220.5,-0.0028077364935770424,-30.029768702432634,0.00017649686535915987,0.0016340972199647863
220.75,-0.0027637696670275848,-30.02936161244665,0.00017523667225521309,0.0016226227867352954
221.0,-0.002720118694835873,-30.02895739097971,0.00017397003051403755,0.0016111490681999798
221.25,-0.002676784621867417,-30.028556073173075,0.0001727014518459409,0.0015993935044697092
221.5,-0.0026337685196025015,-30.02815769416752,0.00017142626490267724,0.0015876386602223403
221.75,-0.0025910720400971767,-30.0277622537827,0.00017014446978626065,0.0015758845391960353
222.0,-0.002548696835381924,-30.027369751837345,0.00016885606659923405,0.0015641311451288986
222.25,-0.002506643397934458,-30.026980216139915,0.00016757031054948573,0.0015521545555368427
222.5,-0.0024649122413183933,-30.02659367449881,0.00016627781996521332,0.0015401786951803583
222.75,-0.0024235050491544473,-30.02621012673124,0.00016497859494981528,0.0015282035678690301
223.0,-0.0023824235050374197,-30.025829572653475,0.00016367263560722886,0.0015162291774123843
223.25,-0.0023416675797949386,-30.025452033259395,0.00016237362799723025,0.0015040860976741311
223.5,-0.0023012372602021643,-30.025077529543235,0.0001610677904269366,0.0014919437546946264
223.75,-0.002261134253736124,-30.024706061320327,0.00015975512300081416,0.0014798021523374355
224.0,-0.0022213602678476593,-30.024337628405025,0.00015843562582387553,0.001467661294466064
224.25,-0.0021819147820632974,-30.023972245473,0.00015712711097604909,0.001455402285080972
224.5,-0.002142797287092753,-30.023609927200635,0.00015581169933082795,0.0014431440178516188
224.75,-0.002104009507122232,-30.0232506734019,0.0001544893909934443,0.001430886496679378
225.0,-0.0020655531663115634,-30.022894483889797,0.00015316018606968196,0.0014186297254655637
225.25,-0.0020274272827790515,-30.022541367496522,0.00015184572598278532,0.0014063015446641352
225.5,-0.0019896308814195958,-30.02219133305534,0.00015052432870280662,0.0013939741093929939
225.75,-0.0019521656965182644,-30.02184438037937,0.0001491959943354569,0.0013816474235763643
226.0,-0.0019150334623336278,-30.021500509280767,0.00014786072298700215,0.001369321491138411
226.25,-0.0018782327649510095,-30.021159723201748,0.00014654369719873886,0.0013569672651788222
226.5,-0.0018417621931674654,-30.02082202558593,0.00014521971821201542,0.0013446137862054223
226.75,-0.0018056234852693823,-30.02048741624607,0.0001438887861327493,0.0013322610581514892
227.0,-0.0017698183795165983,-30.02015589499395,0.00014255090106741442,0.0013199090849502417
227.25,-0.001734345058763203,-30.019827460314417,0.00014123450715593323,0.0013075684754643184
227.5,-0.0016992017048361458,-30.019502110694006,0.00013991116647430656,0.0012952286126053233
227.75,-0.0016643900544147416,-30.019179845945573,0.00013858087912840085,0.0012828895003028987
228.0,-0.0016299118441517688,-30.018860665880986,0.00013724364522463829,0.0012705511424866266
228.25,-0.0015957648818479629,-30.018544564439818,0.0001359308999016933,0.0012582605106089715
228.5,-0.0015619469708485977,-30.01823153556363,0.00013461123480666153,0.0012459706232866626
228.75,-0.0015284598410835097,-30.017921579065796,0.00013328465004511543,0.00123368148443407
229.0,-0.001495305222456074,-30.01761469475871,0.00013195114572318094,0.0012213930979655036
229.25,-0.0014624805752225948,-30.01731087242873,0.00013064488647300938,0.0012091856650111167
229.5,-0.0014299833520510308,-30.017010101864464,0.00012933175324532167,0.0011969789729300603
229.75,-0.0013978152714226413,-30.0167123828802,0.00012801174614516766,0.0011847730256107991
230.0,-0.0013659780517923542,-30.01641771528927,0.0001266848652781471,0.0011725678269417386
230.25,-0.0013344688326720046,-30.01612608509726,0.000125387752497484,0.0011604738314273397
230.5,-0.0013032847431328652,-30.01583747831225,0.00012408382864580487,0.0011483805715944734
230.75,-0.0012724274859296624,-30.015551894749837,0.00012277309382742279,0.0011362880512960196
231.0,-0.001241898763790976,-30.015269334224655,0.00012145554814719584,0.0011241962743847988
231.25,-0.0012116954215400369,-30.014989779314853,0.0001201700677432838,0.0011122431252167618
231.5,-0.0011818142909735597,-30.014713212601286,0.00011887785468868665,0.0011002907051278353
231.75,-0.0011522570552413044,-30.014439633901212,0.00011757890908678067,0.0010883390179265383
232.0,-0.0011230253974671203,-30.01416904303093,0.00011627323104148075,0.001076388067421331
232.25,-0.0010941158930669384,-30.01390141947585,0.00011500169744641892,0.001064600493099542
232.5,-0.0010655251020964451,-30.013636742724284,0.00011372352362096764,0.001052813639941246
232.75,-0.0010372546846004675,-30.01337501259547,0.00011243870966738005,0.0010410275117026812
233.0,-0.0010093063005982028,-30.013116228907712,0.00011114725568844048,0.001029242112140029
233.25,-0.0009816762805790033,-30.01286036837026,0.00010989181524975537,0.0010176423058513894
233.5,-0.0009543609375768336,-30.012607407695448,0.00010862983956898543,0.0010060432115929175
233.75,-0.000927361905389606,-30.012357346704814,0.00010736132874708797,0.000994444833061462
234.0,-0.0009006808177899284,-30.012110185218962,0.00010608628288554312,0.0009828471739538147
234.25,-0.0008743137839989342,-30.011865897469992,0.00010484891759444667,0.0009714549344518981
234.5,-0.0008482568939125563,-30.01162445769325,0.0001036051332651535,0.000960063396722472
234.75,-0.000822511752277917,-30.011385865712846,0.00010235492999716565,0.0009486725643966512
235.0,-0.0007970799638171985,-30.011150121351967,0.00010109830789049862,0.0009372824411054939
235.25,-0.0007719574393015502,-30.010917196647515,9.988083941088127e-05,0.000926115309294303
235.5,-0.0007471400685195966,-30.010687063639782,9.865707803721699e-05,0.0009149488679646292
235.75,-0.0007226294246826222,-30.010459722155698,9.742702386740598e-05,0.00090378312067623
236.0,-0.0006984270809773736,-30.01023517202131,9.619067699985183e-05,0.0008926180709888075
236.25,-0.0006745287716891745,-30.01001338334376,9.499477096270227e-05,0.00088169146214823
236.5,-0.0006509302086635503,-30.009794326233713,9.379270691523777e-05,0.0008707655315535047
236.75,-0.0006276329313910695,-30.00957800052117,9.258448495362277e-05,0.000859840282688088
237.0,-0.000604638479338198,-30.009364406035267,9.13701051745143e-05,0.0008489157190353819
237.25,-0.0005819424314041559,-30.009153511202882,9.019727570406939e-05,0.0008382430506444251
237.5,-0.0005595403427791253,-30.00894528445452,8.901843071810061e-05,0.0008275710474049878
237.75,-0.0005374337173302086,-30.008739725623467,8.783357031091488e-05,0.0008168997127199202
238.0,-0.0005156240589008717,-30.008536834542166,8.664269457730031e-05,0.000806229049992019
238.25,-0.0004941068112325471,-30.00833657819131,8.549430901687005e-05,0.0007958218651228676
238.5,-0.0004728773932648165,-30.008138923555332,8.434005698789816e-05,0.0007854153315355666
238.75,-0.00045193727160328285,-30.007943870470996,8.317993858272411e-05,0.0007750094525486532
239.0,-0.00043128791283040526,-30.007751418774234,8.20139538941567e-05,0.0007646042314806125
239.25,-0.0004109246448829429,-30.00756153421881,8.089123770119569e-05,0.0007544723177520794
239.5,-0.0003908427699682328,-30.007374182562295,7.976280964714651e-05,0.000744341040740934
239.75,-0.00037104371604027226,-30.00718936364511,7.862866982228273e-05,0.0007342104036782553
240.0,-0.00035152891103043315,-30.00700707730686,7.748881831733486e-05,0.0007240804097950711
240.25,-0.00033229358554789267,-30.006827288279315,7.639286009896275e-05,0.0007142319138890005
240.5,-0.0003133329436993065,-30.00664996129812,7.529134926034998e-05,0.0007043840395187373
240.75,-0.00029464837362872903,-30.0064750962075,7.418428588961677e-05,0.0006945367898252814
241.0,-0.00027624126345812905,-30.006302692850888,7.307167007532753e-05,0.0006846901679495826
241.25,-0.000258106764072126,-30.00613271512927,7.200342673707362e-05,0.0006751317057058348
241.5,-0.00024023999922383757,-30.00596512694755,7.092979378789007e-05,0.0006655738492739431
241.75,-0.00022264231630526882,-30.005799928153895,6.985077131366688e-05,0.0006560166017026961
242.0,-0.00020531506268689853,-30.005637118595704,6.87663594007252e-05,0.0006464599660408339
242.25,-0.00018825332626227687,-30.005476661521183,6.772666138290085e-05,0.0006371967281600043
242.5,-0.00017145216729865084,-30.00531852018249,6.66817397266578e-05,0.0006279340798964749
242.75,-0.00015491289169518465,-30.005162694431856,6.563159451558917e-05,0.0006186720242051471
243.0,-0.00013863680533009198,-30.005009184120766,6.457622583370594e-05,0.0006094105640408751
243.25,-0.00012261894897672778,-30.00485795200999,6.35657824113323e-05,0.0006004464174338998
243.5,-0.00010685433541199048,-30.004708960864296,6.255028353819694e-05,0.000591482843847817
243.75,-9.134422848842401e-05,-30.004562210540076,6.152972929553915e-05,0.0005825198461423881
244.0,-7.608989203821194e-05,-30.004417700893,6.050411976500266e-05,0.0005735574271773284
244.25,-6.10863347318965e-05,-30.00427539434966,5.952352438876622e-05,0.0005648950120114801
244.5,-4.632853698893261e-05,-30.004135253340657,5.853804327129743e-05,0.0005562331529339813
244.75,-3.181772023478176e-05,-30.003997277726626,5.754767649143419e-05,0.0005475718527085922
245.0,-1.7555105875147087e-05,-30.003861467367503,5.655242412840526e-05,0.000538911114099028
245.25,-3.535684652795753e-06,-30.003727784497364,5.5602159785605524e-05,0.0005305519365988536
245.5,1.0245581088427961e-05,-30.003596191354298,5.4647180292085827e-05,0.0005221932979810187
245.75,2.3787512570385934e-05,-30.003466687803247,5.368748572424396e-05,0.0005138352009127837
246.0,3.708893103408663e-05,-30.00333927370849,5.272307615885492e-05,0.000505477648061366
246.25,5.0154850318851316e-05,-30.00321391124218,5.180352073477307e-05,0.0004974221691311041
246.5,6.299031271229813e-05,-30.003090562580475,5.0879421040602935e-05,0.0004893672116633259
246.75,7.559418215613835e-05,-30.002969227592683,4.9950777150271946e-05,0.0004813127782286285
247.0,8.796532261061059e-05,-30.00284990614748,4.9017589138071066e-05,0.0004732588713975669
247.25,0.00010010873996611418,-30.002732560475135,4.812902075960773e-05,0.0004655065911389191
247.5,0.00011202946852020583,-30.002617152809922,4.723607873865232e-05,0.0004577548147656393
247.75,0.0001237264148711846,-30.00250368302556,4.6338763146639675e-05,0.0004500035447518041
248.0,0.000135198485635252,-30.002392150995146,4.543707405535451e-05,0.00044225278357144934
248.25,0.00014645066702135916,-30.002282519117085,4.457967640016851e-05,0.00043480232177691563
248.5,0.00015748797352153126,-30.002174749793745,4.371807497933403e-05,0.0004273523461869432
248.75,0.00016830935420296517,-30.002068842903277,4.2852269861778685e-05,0.00041990285917951274
249.0,0.0001789137581501316,-30.001964798323243,4.198226111676637e-05,0.0004124538631325658
249.25,0.00018930614093893696,-30.00186257872061,4.115612867248248e-05,0.00040530303584026964
249.5,0.00019949148622853364,-30.001762146766286,4.032596113413881e-05,0.0003981526770186188
249.75,0.00020946878525370156,-30.00166350234287,3.9491758568148236e-05,0.0003910027889501799
250.0,0.00021923702926586426,-30.00156664533239,3.8653521041246496e-05,0.00038385337391748196
250.25,0.0002288011330184497,-30.001471538761756,3.7858664300597856e-05,0.0003769992661183869
250.5,0.0002381660390793969,-30.00137814566177,3.7059939518764245e-05,0.0003701456090505435
250.75,0.0002473307804463904,-30.001286465919485,3.6257346759643164e-05,0.00036329240490202004
251.0,0.00025629439013312764,-30.001196499421393,3.545088608744156e-05,0.0003564396558608486
251.25,0.00026506173262345,-30.001108209637103,3.468723666644422e-05,0.0003498786904528996
251.5,0.00027363769988455246,-30.001021560040076,3.391988426388934e-05,0.0003433181580760559
251.75,0.000282021366178713,-30.000936550521796,3.314882894116464e-05,0.00033675806082501515
252.0,0.00029021180578359346,-30.000853180973223,3.237407075995411e-05,0.00033019840079444003
252.25,0.000298213824187898,-30.000771415381273,3.164148642744836e-05,0.00032392640388335904
252.5,0.00030603225397624626,-30.000691217736662,3.0905361842095284e-05,0.00031765482238435414
252.75,0.00031366621009278176,-30.000612587935294,3.0165697062784403e-05,0.0003113836583000708
253.0,0.0003211148074964056,-30.00053552587256,2.9422492148688465e-05,0.00030511291363312094
253.25,0.00032838278465511855,-30.00045999611959,2.872076175668408e-05,0.0002991251762804615
253.5,0.0003354749066949249,-30.000385963251265,2.80156512068144e-05,0.00029313783684103685
253.75,0.00034239032858340374,-30.00031342716786,2.7307160555487845e-05,0.00028715089722693003
254.0,0.00034912820530227007,-30.000242387769177,2.6595289859383246e-05,0.000281164359350192
254.25,0.0003556932009509875,-30.000172810270183,2.592413816478836e-05,0.00027545569587326404
254.5,0.0003620900058041212,-30.000104659889526,2.5249763503684146e-05,0.00026974741296725125
254.75,0.00036831781412678227,-30.000037936531836,2.4572165930020173e-05,0.0002640395124553167
255.0,0.00037437582019760133,-29.99997264010128,2.389134549800385e-05,0.00025833199616059313
255.25,0.00038026860705459053,-29.99990873650943,2.3250437867354516e-05,0.00025289679909023735
255.5,0.00038600078338814044,-29.999846191671455,2.2606461319055035e-05,0.0002474619654386624
255.75,0.0003915715819752731,-29.999785005496285,2.1959415904623147e-05,0.0002420274969418894
256.0,0.0003969802356059207,-29.99972517789241,2.1309301675822095e-05,0.00023659339533590998
256.25,0.00040223124019538324,-29.9996666755143,2.0698248665637913e-05,0.00023142568713966133
256.5,0.00040732911675365937,-29.999609465019965,2.008427743449718e-05,0.0002262583254313091
256.75,0.0004122731357316446,-29.999553546322574,1.946738803151722e-05,0.00022109131186162837
257.0,0.0004170625675925433,-29.999498919334883,1.8847580506048834e-05,0.00021592464808136637
257.25,0.0004217018156757237,-29.999445551494507,1.826594231240003e-05,0.00021101812976042947
257.5,0.0004261953078271878,-29.99939341024252,1.768153306009183e-05,0.000206111941246294
257.75,0.00043054235128811016,-29.99934249549627,1.709435279587663e-05,0.0002012060841064884
258.0,0.00043474225331138115,-29.99929280717272,1.6504401566728498e-05,0.00019630055990851465
258.25,0.0004387993197913976,-29.99924431352717,1.595169233850284e-05,0.00019164865657775833
258.5,0.0004427178805150275,-29.999196982818315,1.539635552302323e-05,0.00018699706664859024
258.75,0.0004464972785910064,-29.99915081496761,1.483839116471628e-05,0.00018234579160738009
259.0,0.00045013685713920257,-29.999105809896147,1.427779930821882e-05,0.00017769483294047245
259.25,0.00045364082030016335,-29.999061936706145,1.3753491319441967e-05,0.00017329073650066863
259.5,0.00045701339547066136,-29.99901916450312,1.3226695391524493e-05,0.000168886937356847
259.75,0.0004602539606711753,-29.998977493212575,1.2697411566609759e-05,0.00016448343691638132
260.0,0.00046336189393274453,-29.99893692275965,1.2165639887040156e-05,0.00016008023658662152
260.25,0.00046634129386926134,-29.99889742311773,1.1669167564411537e-05,0.00015591694559815024
260.5,0.0004691962816962661,-29.99885896426339,1.117034301757893e-05,0.000151753936121103
260.75,0.0004719262693626921,-29.9988215461261,1.0669166286448004e-05,0.00014759120948608248
261.0,0.00047453066882747254,-29.99878516863497,1.0165637411112599e-05,0.00014342876702366883
261.25,0.0004770134699170334,-29.99874980265414,9.696401213684929e-06,0.00013949912389043273
261.5,0.0004793786843900371,-29.998715419050857,9.224944484926773e-06,0.00013556974682435042
261.75,0.0004816257571183618,-29.99868201775845,8.75126726255439e-06,0.00013164063708152876
262.0,0.00048375413298333705,-29.998649598709935,8.275369584461672e-06,0.00012771179591805328
262.25,0.000485767690251109,-29.99861813367548,7.832739733113538e-06,0.00012400852148951503
262.5,0.00048767032843907124,-29.99858759442828,7.388016951900202e-06,0.00012030549804127309
262.75,0.0004894615243192013,-29.998557980905446,6.941201276399219e-06,0.00011660272675725292
263.0,0.0004911407546723919,-29.998529293043788,6.49229274235558e-06,0.00011290020882135981
263.25,0.0004927117838958524,-29.998501503530782,6.075612797377713e-06,0.000109415934519701
263.5,0.0004941783969484963,-29.998474585056837,5.656963381391581e-06,0.0001059318964839897
263.75,0.0004955401014667546,-29.998448537562755,5.236344527888889e-06,0.00010244809582831338
264.0,0.0004967964050954513,-29.998423360989047,4.813756270518894e-06,9.896453366674046e-05
264.25,0.0004979509564947336,-29.998399028948043,4.422346556266539e-06,9.569183124481617e-05
264.5,0.000499007424191155,-29.998375515054924,4.02908665286257e-06,9.241935076015325e-05
264.75,0.000499965345641357,-29.998352819254077,3.633976591767543e-06,8.914709325936394e-05
265.0,0.0005008242583098649,-29.998330941489623,3.237016404590029e-06,8.587505978904268e-05
265.25,0.0005015876936688199,-29.99830985630287,2.870177280739892e-06,8.280646882335757e-05
265.5,0.0005022592023583048,-29.99828953823788,2.5016030537327795e-06,7.973808586320928e-05
265.75,0.0005028383506062134,-29.998269987242526,2.1312937530544108e-06,7.666991189010842e-05
266.0,0.0005033247046478278,-29.99825120326444,1.75924940832931e-06,7.360194788554886e-05
266.25,0.0005037216777104996,-29.99823316177486,1.4162643878249393e-06,7.073000110679572e-05
266.5,0.0005040327014902753,-29.99821583824768,1.0716551497446236e-06,6.785824880834772e-05
266.75,0.0005042573699362043,-29.998199232634175,7.254217216568971e-07,6.498669190898988e-05
267.0,0.0005043952770042445,-29.99818334488537,3.7756413126022864e-07,6.211533132749156e-05
267.25,0.0005044497169916904,-29.998168151400485,5.770284553551656e-08,5.943257788929708e-05
267.5,0.0005044240019666942,-29.99815362858131,-2.6367596400252195e-07,5.675000582051899e-05
267.75,0.0005043177525515137,-29.998139776382388,-5.86572271643773e-07,5.406761597958795e-05
268.0,0.0005041305893748495,-29.998126594758062,-9.109860515567238e-07,5.138540922492003e-05
268.25,0.0005038656874679675,-29.998114061030915,-1.208465039024754e-06,4.888443600957577e-05
268.5,0.0005035262389385672,-29.998102152526002,-1.5073590277274978e-06,4.6383631473357226e-05
268.75,0.0005031118900393264,-29.998090869201054,-1.807667993753614e-06,4.3882996416700246e-05
269.0,0.000502622287028915,-29.9980802110136,-2.1093919130785634e-06,4.138253164002712e-05
269.25,0.0005020604856641312,-29.998070156202562,-2.3852384434052086e-06,3.9055982697699986e-05
269.5,0.0005014295580890274,-29.99806068300922,-2.6624015919515e-06,3.672959016955134e-05
269.75,0.0005007291751518181,-29.99805179139438,-2.940881336544551e-06,3.4403354800363896e-05
270.0,0.0004999590077062742,-29.99804348131866,-3.220677654906147e-06,3.207727733490779e-05
270.25,0.0004991219925325541,-29.998035731928056,-3.4756474587516018e-06,2.991787155064049e-05
270.5,0.0004982210821158014,-29.99802852237084,-3.7318395957586164e-06,2.7758610344267772e-05
270.75,0.0004972559708752857,-29.998021852610783,-3.989254045431972e-06,2.5599494407237332e-05
271.0,0.0004962263532354124,-29.998015722611477,-4.247890787178664e-06,2.3440524430985247e-05
271.25,0.0004951350475830584,-29.99801011241475,-4.482743115790676e-06,2.144107151142451e-05
271.5,0.0004939848873362322,-29.99800500206462,-4.718727539818552e-06,1.9441751764114968e-05
271.75,0.0004927755894734375,-29.998000391527714,-4.9558440403836785e-06,1.744256582945878e-05
272.0,0.0004915068709779094,-29.9979962807705,-5.194092598516878e-06,1.5443514347847423e-05
272.25,0.0004901814326919479,-29.997992650717595,-5.4095879983144116e-06,1.3596929217184545e-05
272.5,0.0004888019898249024,-29.997989482295708,-5.6261292443095075e-06,1.175046628448603e-05
272.75,0.0004873682809173869,-29.997986775474217,-5.843716319178994e-06,9.904126141364737e-06
273.0,0.00048588004451435716,-29.99798453022235,-6.062349205516035e-06,8.057909379423703e-06
273.25,0.0004843398650079814,-29.997982728332868,-6.259247433377001e-06,6.357225071573405e-06
273.5,0.00048275034050438266,-29.997981351600515,-6.457109180667719e-06,4.656652418291868e-06
273.75,0.0004811112301256806,-29.997980399997314,-6.655934431559365e-06,2.956191964621495e-06
274.0,0.0004794222929979616,-29.997979873495144,-6.855723170146038e-06,1.2558442555957134e-06
274.25,0.0004776859983844415,-29.9979797547388,-7.034781246301096e-06,-3.0577661302397153e-07
274.5,0.0004759048286212655,-29.99798002637499,-7.214724365000718e-06,-1.8672959411478633e-06
274.75,0.00047407856244959526,-29.997980688378266,-7.395552511849561e-06,-3.428713228126219e-06
275.0,0.00047220697861420033,-29.99798174072306,-7.57726567238148e-06,-4.990027973317459e-06
275.25,0.00047029243277886513,-29.997983166888847,-7.73923606758848e-06,-6.419283068713273e-06
275.5,0.0004683372930523028,-29.997984950356937,-7.902016800033492e-06,-7.848446310959337e-06
275.75,0.00046634135685183026,-29.997987091104307,-8.065607856694155e-06,-9.277517241665068e-06
276.0,0.00046430442159802815,-29.997989589107824,-8.230009224483283e-06,-1.0706495402447266e-05
276.25,0.0004622287310753491,-29.99799242866319,-8.37563817795205e-06,-1.2009933796129368e-05
276.5,0.000460116540899037,-29.997995594067838,-8.522006451600787e-06,-1.331328960082949e-05
276.75,0.0004579676662405093,-29.99799908530107,-8.669114033720122e-06,-1.4616562398329847e-05
277.0,0.0004557819222741183,-29.998002902342083,-8.816960912541535e-06,-1.5919751770419287e-05
277.25,0.00045356144279853775,-29.998007030283368,-8.946986876918175e-06,-1.7103766244896684e-05
277.5,0.00045130837284368565,-29.99801145421906,-9.077684744976249e-06,-1.828770697581113e-05
277.75,0.00044902254443494736,-29.99801617413068,-9.209054506260004e-06,-1.947157358308088e-05
278.0,0.0004467037896003292,-29.998021189999644,-9.341096150259938e-06,-2.06553656866301e-05
278.25,0.0004443541342032569,-29.99802648769498,-9.456248359807752e-06,-2.1726186148877483e-05
278.5,0.0004419756147540652,-29.998032053087275,-9.572008565675347e-06,-2.2796941299472755e-05
278.75,0.0004395680792548308,-29.99803788616016,-9.688376758601979e-06,-2.386763079448515e-05
279.0,0.0004371313757099516,-29.998043986897173,-9.805352929278259e-06,-2.493825428998916e-05
279.25,0.0004346674242392889,-29.99805034192293,-9.906350087285917e-06,-2.5901942222138648e-05
279.5,0.00043217815504101493,-29.998056937863517,-1.0007894748817744e-05,-2.686557286702261e-05
279.75,0.0004296634312402633,-29.998063774704566,-1.0109986905750228e-05,-2.782914591492972e-05
280.0,0.0004271231159642037,-29.99807085243165,-1.0212626549916057e-05,-2.8792661056153273e-05
280.25,0.0004245590259067999,-29.99807815840343,-1.0300175631253484e-05,-2.9655104934927883e-05
280.5,0.0004219729872879001,-29.998085679979976,-1.038821504071316e-05,-3.051749914996135e-05
280.75,0.0004193648775263533,-29.99809341714884,-1.0476744771251984e-05,-3.1379843423885216e-05
281.0,0.00041673457404277424,-29.9981013698975,-1.0565764815787628e-05,-3.224213747933503e-05
281.25,0.0004140837925343667,-29.998109526296705,-1.0640559980447637e-05,-3.300904909855346e-05
281.5,0.0004114142576883129,-29.998117874418515,-1.071579151595754e-05,-3.377591828397017e-05
281.75,0.0004087258604126519,-29.99812641425229,-1.0791459416298858e-05,-3.454274478873916e-05
282.0,0.0004060184916169319,-29.998135145787334,-1.0867563675418205e-05,-3.530952836601782e-05
282.25,0.0004032937685283463,-29.998144057784117,-1.0930285288823502e-05,-3.598643999902576e-05
282.5,0.0004005533168449513,-29.998153139004366,-1.0993392433054087e-05,-3.6663316042418335e-05
282.75,0.0003977970401846711,-29.998162389439155,-1.1056885103061427e-05,-3.734015627810863e-05
283.0,0.00039502484216669576,-29.998171809079505,-1.1120763293766145e-05,-3.801696048801258e-05
283.25,0.00039223824415936264,-29.998181387353025,-1.1172077049573016e-05,-3.860922282970038e-05
283.5,0.00038943877549974345,-29.998191113688492,-1.1223728511368882e-05,-3.920145604853456e-05
283.75,0.00038662635176185683,-29.998200988078604,-1.1275717675021651e-05,-3.979365995348166e-05
284.0,0.00038380088852075784,-29.99821101051601,-1.1328044536372227e-05,-4.0385834353510524e-05
284.25,0.0003809638139689249,-29.99822117107268,-1.1368600677480883e-05,-4.0898615184002766e-05
284.5,0.00037811656378255803,-29.998231459821685,-1.1409449612100882e-05,-4.1411372989747826e-05
284.75,0.00037525906476368743,-29.99824187675725,-1.1450591336964335e-05,-4.192410760511823e-05
285.0,0.00037239124371516314,-29.99825242187355,-1.1492025848779927e-05,-4.243681886448833e-05
285.25,0.0003695144383965218,-29.99826308586406,-1.1522458482248705e-05,-4.287510237924463e-05
285.5,0.00036662999358319124,-29.998273859423293,-1.1553141805886176e-05,-4.331336860786185e-05
285.75,0.00036373784660293575,-29.998284742546907,-1.1584075817237687e-05,-4.375161740852943e-05
286.0,0.0003608379347841357,-29.99829573523053,-1.1615260513828542e-05,-4.418984863943821e-05
286.25,0.00035793150824493146,-29.998306828766278,-1.1636187015393452e-05,-4.4558435393050114e-05
286.5,0.00035501982366871476,-29.998318014447232,-1.1657324809648269e-05,-4.492701024912654e-05
286.75,0.00035210282823252404,-29.998329292270398,-1.1678673894901984e-05,-4.529557308814321e-05
287.0,0.0003491804691138228,-29.99834066223276,-1.1700234269446683e-05,-4.566412379057682e-05
287.25,0.00034625391161885726,-29.998352116202277,-1.171225477337074e-05,-4.596763120385476e-05
287.5,0.00034332432718563123,-29.998363646047792,-1.1724449775369259e-05,-4.6271131767978674e-05
287.75,0.0003403916721897477,-29.998375251767584,-1.1736819274466648e-05,-4.6574625384238195e-05
288.0,0.00033745590300705543,-29.9983869333599,-1.1749363269673357e-05,-4.6878111953923495e-05
288.25,0.00033451810298930416,-29.998398683245856,-1.1753060239675777e-05,-4.7120975336500735e-05
288.5,0.00033157936120356053,-29.99841049384739,-1.1756897413561762e-05,-4.736383658810817e-05
288.75,0.00032863964259889183,-29.998422365163965,-1.176087479102434e-05,-4.7606695629434885e-05
289.0,0.0003256989121244435,-29.998434297195015,-1.1764992371745323e-05,-4.784955238117015e-05
289.25,0.00032275817405329833,-29.998446282892317,-1.1760930248806784e-05,-4.803602642410799e-05
289.5,0.0003198184379743313,-29.998458315208413,-1.1756976434373863e-05,-4.8222502734286906e-05
289.75,0.0003168796768103763,-29.998470394143865,-1.1753130928762863e-05,-4.840898125043849e-05
290.0,0.0003139418634841891,-29.998482519699216,-1.1749393732281422e-05,-4.8595461911294165e-05
290.25,0.0003110059260755683,-29.998494685334645,-1.1738118655176532e-05,-4.8729622606432726e-05
290.5,0.0003080727975973178,-29.998506884511045,-1.1726922289468949e-05,-4.8863789657431596e-05
290.75,0.00030514245837147614,-29.99851911723,-1.1715804636054375e-05,-4.8997963019764795e-05
291.0,0.0003022148887198588,-29.998531383493077,-1.1704765695822216e-05,-4.913214264890584e-05
291.25,0.00029929094341560683,-29.998543677246897,-1.1686805290290847e-05,-4.921788959406141e-05
291.5,0.0002963714817986049,-29.99855599243872,-1.1668896198061075e-05,-4.930364668460546e-05
291.75,0.00029345649104034835,-29.998568329071084,-1.1651038420565614e-05,-4.9389413891510506e-05
292.0,0.0002905459583119751,-29.99858068714651,-1.1633231959233077e-05,-4.947519118574825e-05
292.25,0.00028764066796008815,-29.998593061076402,-1.1609095191775656e-05,-4.951625023699934e-05
292.5,0.0002847414085480503,-29.998605445272766,-1.1584984440762105e-05,-4.95573229346589e-05
292.75,0.0002818481735715094,-29.998617839739005,-1.1560899708121274e-05,-4.9598409264009315e-05
293.0,0.00027896095652563135,-29.99863024447853,-1.1536840995779922e-05,-4.963950921033188e-05
293.25,0.00027608047419685447,-29.99864265434626,-1.1507018088354101e-05,-4.963943544581699e-05
293.5,0.0002732074472543953,-29.998655064197656,-1.1477197905636319e-05,-4.9639378550853035e-05
293.75,0.0002703418750167785,-29.99866747403694,-1.1447380450012171e-05,-4.963933852389803e-05
294.0,0.0002674837568019326,-29.99867988386832,-1.1417565723867037e-05,-4.963931536340862e-05
294.25,0.00026463374468218144,-29.998692288969366,-1.1382528124540852e-05,-4.960149631877136e-05
294.5,0.0002617924942943464,-29.99870468461813,-1.134747186900476e-05,-4.9563697099596736e-05
294.75,0.00025896001030212957,-29.99871707081957,-1.1312396960063242e-05,-4.952591771643746e-05
295.0,0.00025613629736853145,-29.998729447578643,-1.1277303400522271e-05,-4.948815817984466e-05
295.25,0.0002533219456711373,-29.998741810575112,-1.1237503808588836e-05,-4.941581733363749e-05
295.5,0.00025051754864912544,-29.998754155489184,-1.1197665997994924e-05,-4.934349901220587e-05
295.75,0.00024772311585676265,-29.998766482326495,-1.1157789971927535e-05,-4.927120323716856e-05
296.0,0.0002449386568475186,-29.998778791092683,-1.1117875733576728e-05,-4.919893003014251e-05
296.25,0.00024216470269137257,-29.998791077849727,-1.1073748173143497e-05,-4.909513049743702e-05
296.5,0.00023940178743202378,-29.99880333866001,-1.1029564559787355e-05,-4.8991355942810984e-05
296.75,0.00023664992508226127,-29.998815573529782,-1.0985324897042967e-05,-4.888760639797161e-05
297.0,0.00023390912965398975,-29.9988277824653,-1.094102918844948e-05,-4.878388189462411e-05
297.25,0.00023117987585922686,-29.998839961891257,-1.0892989128149738e-05,-4.86515303057747e-05
297.5,0.0002284626411105066,-29.998852108232715,-1.0844876820749667e-05,-4.85192059128211e-05
297.75,0.00022575744346912304,-29.99886422149648,-1.0796692270098222e-05,-4.8386908756631185e-05
298.0,0.00022306430099540726,-29.998876301689364,-1.0748435480050139e-05,-4.8254638878070675e-05
298.25,0.00022038363475081394,-29.99888834557979,-1.0696879995181016e-05,-4.809648941456106e-05
298.5,0.00021771586823840272,-29.9989003499365,-1.0645237623281112e-05,-4.7938369139705105e-05
298.75,0.00021506102317941505,-29.99891231476679,-1.0593508368481783e-05,-4.778027810265218e-05
299.0,0.00021241912129405863,-29.998924240077987,-1.054169223492134e-05,-4.762221635254934e-05
299.25,0.0002097905326540593,-29.99893612296375,-1.0487000208673154e-05,-4.744087491467326e-05
299.5,0.00020717562952773981,-29.998947960518024,-1.0432208126212478e-05,-4.725956444346482e-05
299.75,0.0002045744369286055,-29.998959752748558,-1.0377315991922645e-05,-4.707828499552289e-05
300.0,0.00020198697986906498,-29.99897149966311,-1.0322323810194992e-05,-4.689703662744389e-05
