time_s,x_m_lo,x_m_hi,y_m_lo,y_m_hi,vx_mps_lo,vx_mps_hi,vy_mps_lo,vy_mps_hi
0.0,0.0,0.0,-27.0,-27.0,0.0,0.0,0.12,0.12
0.25,1.568477886201065e-05,1.5684778862432138e-05,-26.970597150578666,-26.97059715057865,0.00012502783477369854,0.00012502783477707027,0.11522278358303728,0.11522278358303734
0.5,6.228871891173365e-05,6.228871891360025e-05,-26.94238861403865,-26.94238861403862,0.0002473532878534693,0.0002473532878616578,0.11044549720425859,0.11044549720425871
0.75,0.00013913622349849357,0.0001391362235030096,-26.915374407679312,-26.91537440767927,0.00036697634945779395,0.0003669763494707992,0.10566814239235885,0.10566814239235904
1.0,0.00024555169355345625,0.000245551693561826,-26.889554548417852,-26.889554548417795,0.0004838970100229205,0.0004838970100407424,0.10089072067603846,0.10089072067603873
1.25,0.00037988887265967596,0.0003798888726731037,-26.864889630918686,-26.864889630918615,0.0005903797539677238,0.0005903797539903627,0.09642860927808913,0.09642860927808948
1.5,0.0005405312357555588,0.000540531235775249,-26.841340248738955,-26.84134024873887,0.0006943384805380146,0.0006943384805654705,0.09196643835852328,0.09196643835852371
1.75,0.0007268477774542364,0.0007268477774813934,-26.81890641658059,-26.81890641658049,0.0007957731814215223,0.0007957731814537952,0.0875042093451377,0.08750420934513821
2.0,0.0009382074903159236,0.0009382074903517516,-26.797588148788567,-26.797588148788453,0.0008946838485071832,0.0008946838485442733,0.08304192366573385,0.08304192366573446
2.25,0.001173108557300653,0.0011731085573463567,-26.777347579558867,-26.77734757955874,0.0009841325836493406,0.0009841325836912483,0.07888262173862755,0.07888262173862824
2.5,0.0014300777299842747,0.0014300777300410585,-26.758146842080453,-26.75814684208031,0.0010712286929220312,0.0010712286929687564,0.07472326987728252,0.0747232698772833
2.75,0.0017085268510250613,0.0017085268510941298,-26.739985948670526,-26.73998594867037,0.0011559721693617372,0.0011559721694132802,0.07056386941254189,0.07056386941254277
3.0,0.002007867761363907,0.0020078677614464653,-26.72286491131358,-26.722864911313405,0.001238363006192948,0.0012383630062493087,0.06640442167525268,0.06640442167525365
3.25,0.0023267354888959818,0.0023267354889932347,-26.706747392359045,-26.706747392358857,0.0013122141220151425,0.001312214122076321,0.06253572299836187,0.06253572299836294
3.5,0.002663792476103322,0.002663792476216474,-26.6915970532442,-26.691597053244,0.0013838770826256,0.0013838770826915966,0.05866698316402613,0.05866698316402727
3.75,0.0030184916834632646,0.00301849168359352,-26.677413904103684,-26.677413904103467,0.001453351882295662,0.0014533518823664764,0.05479820341004994,0.05479820341005115
4.0,0.0033902860700427986,0.003390286070191362,-26.664197954762678,-26.664197954762447,0.0015206385154712097,0.0015206385155468421,0.05092938497424097,0.05092938497424225
4.25,0.0037779400299006766,0.0037779400300687526,-26.651914380645202,-26.651914380644957,0.0015802547409988876,0.001580254741079338,0.04733920234496669,0.04733920234496805
4.5,0.004180244229149238,0.004180244229338033,-26.640528356352675,-26.640528356352416,0.0016378404298159135,0.001637840429901182,0.0437489865661063,0.04374898656610774
4.75,0.004596691033031938,0.004596691033242657,-26.63003989002891,-26.630039890028637,0.0016933955773182927,0.001693395577408379,0.04015873878630181,0.040158738786303334
5.0,0.005026772805661631,0.005026772805895478,-26.620448989530566,-26.620448989530278,0.001746920179065231,0.0017469201791601354,0.0365684601541978,0.036568460154199414
5.25,0.005469375964970802,0.005469375965228981,-26.61172232492546,-26.611722324925157,0.001793591814625634,0.0017935918147253566,0.03324485228646775,0.03324485228646946
5.5,0.005923412072429586,0.005923412072713302,-26.603826565543155,-26.603826565542835,0.0018383837636529,0.0018383837637574408,0.029921218549023448,0.029921218549025234
5.75,0.006388411205954143,0.0063884112062646,-26.596761717718163,-26.59676171771783,0.0018812960225676493,0.0018812960226770085,0.02659756000517319,0.026597560005175058
6.0,0.006863903442584371,0.006863903442922775,-26.590527787519175,-26.590527787518823,0.0019223285879391718,0.0019223285880533493,0.023273877718227275,0.02327387771822922
6.25,0.007348890038926527,0.007348890039294081,-26.58509291820551,-26.585092918205145,0.001957274931827984,0.0019572749319469807,0.020205073496371927,0.02020507349637396
6.5,0.007842396282898728,0.007842396283296641,-26.580425252377477,-26.580425252377097,0.001990485768525656,0.0019904857686494724,0.017136249996824282,0.017136249996826402
6.75,0.00834398829736841,0.008343988297797885,-26.576524794731775,-26.57652479473138,0.0020219610953770614,0.002021961095505697,0.01406740820133255,0.014067408201334753
7.0,0.00885323220455685,0.008853232205019095,-26.573391549719673,-26.573391549719265,0.00205170090986811,0.0020517009100015655,0.010998549091646399,0.010998549091648688
7.25,0.009369237086886131,0.00936923708738235,-26.57099510963072,-26.570995109630292,0.0020760718340971426,0.002076071834235417,0.008172969322355238,0.008172969322357618
7.5,0.00989113496419138,0.009891134964722778,-26.5693050661697,-26.56930506616926,0.002098844869362005,0.002098844869505099,0.005347376218786117,0.005347376218788584
7.75,0.010418526364001467,0.010418526364569247,-26.568321422557204,-26.56832142255675,0.00212002001384329,0.0021200200139912034,0.0025217706848386745,0.0025217706848412306
8.0,0.010951011813406375,0.010951011814011744,-26.568044181787837,-26.568044181787368,0.0021395972658493447,0.0021395972660020776,-0.0003038463755864496,-0.0003038463755838035
8.25,0.011487801396074013,0.011487801396718175,-26.568444358606282,-26.5684443586058,0.002154474943716074,0.0021544749438736264,-0.002897569574587575,-0.002897569574584835
8.5,0.012028127059328483,0.012028127060012644,-26.569492967241914,-26.569492967241416,0.002167885910355818,0.0021678859105181904,-0.005491300774798053,-0.005491300774795214
8.75,0.012571622125226849,0.012571622125952213,-26.571190009591323,-26.57119000959081,0.0021798301646986165,0.0021798301648658087,-0.008085039146523504,-0.00808503914652056
9.0,0.013117919915573248,0.013117919916341021,-26.573535487343676,-26.57353548734315,0.002190307705791009,0.0021903077059630205,-0.010678783860068972,-0.010678783860065919
9.25,0.013666324890780082,0.013666324891591468,-26.57650180898823,-26.57650180898769,0.002196708455284225,0.002196708455461057,-0.013051789899768684,-0.013051789899765522
9.5,0.01421616232290572,0.014216162323761924,-26.58006138256368,-26.580061382563127,0.0022017673610654136,0.002201767361247065,-0.015424799180738455,-0.01542479918073518
9.75,0.0147670967509696,0.014767096751871826,-26.584214208785465,-26.584214208784896,0.0022054844227320136,0.002205484422918485,-0.017797810943919558,-0.01779781094391616
10.0,0.01531879271390398,0.015318792714853435,-26.58896028817925,-26.58896028817867,0.0022078596399891883,0.00220785964018048,-0.020170824430253066,-0.020170824430249545
10.25,0.015870642634926872,0.015870642635924765,-26.59427339239478,-26.594273392394182,0.0022067358702340277,0.00220673587043014,-0.022334009187957617,-0.022334009187953967
10.5,0.016422058720045974,0.016422058721093515,-26.60012729269144,-26.60012729269083,0.0022043889527823537,0.0022043889529832863,-0.02449719296400931,-0.024497192964005533
10.75,0.01697273518235898,0.016972735183457374,-26.606521988737335,-26.606521988736706,0.002200818887825052,0.002200818888030805,-0.026660375066493942,-0.02666037506649003
11.0,0.01752236623502323,0.01752236623617368,-26.613457480027577,-26.613457480026934,0.002196025675648378,0.002196025675858951,-0.028823554803497433,-0.028823554803493384
11.25,0.0180704260686492,0.018070426069852912,-26.62090886916104,-26.62090886916038,0.002188267913786526,0.00218826791400192,-0.03078755753272938,-0.030787557532725194
11.5,0.01861640765215703,0.01861640765341521,-26.62885125840208,-26.628851258401408,0.0021793996748144017,0.0021793996750346166,-0.03275155555943766,-0.032751555559433314
11.75,0.019160033366356327,0.019160033367670175,-26.637284646496546,-26.63728464649586,0.0021694209594442064,0.002169420959669242,-0.03471554825544406,-0.03471554825543956
12.0,0.019701025592245604,0.01970102559361633,-26.64620903203324,-26.64620903203254,0.002158331768475012,0.0021583317687048683,-0.036679534992570824,-0.03667953499256616
12.25,0.020238934317721044,0.02023893431914985,-26.655600814952493,-26.65560081495178,0.0021447707553044395,0.0021447707555391172,-0.038454727082861524,-0.038454727082856695
12.5,0.02077332732993207,0.020773327331420163,-26.665436394911758,-26.665436394911026,0.002130206062547497,0.002130206062786996,-0.04022991121803277,-0.040229911218027783
12.75,0.02130395370912618,0.021303953710674763,-26.675715769851283,-26.675715769850537,0.0021146376913702626,0.002114637691614583,-0.04200508683032008,-0.042005086830314925
13.0,0.021830562535852565,0.021830562537462846,-26.686438937569378,-26.686438937568617,0.0020980656430202816,0.0020980656432694235,-0.04378025335195964,-0.04378025335195432
13.25,0.022352773855728765,0.022352773857401947,-26.697583560560208,-26.69758356055943,0.00207947448295689,0.0020794744832108537,-0.04537672882183595,-0.045376728821830456
13.5,0.02287022456087766,0.02287022456261495,-26.709127301082646,-26.70912730108185,0.0020599807254559977,0.002059980725714783,-0.046973193519712755,-0.046973193519707086
13.75,0.023382689002133618,0.02338268900393622,-26.721070156379866,-26.721070156379053,0.0020395843720795942,0.002039584372343201,-0.048569646935006164,-0.048569646935000314
14.0,0.023889941530730284,0.023889941532599407,-26.7334121235674,-26.73341212356657,0.002018285424459881,0.0020182854247283097,-0.05016608855713318,-0.05016608855712715
14.25,0.024391666744893285,0.024391666746830132,-26.746132091927823,-26.746132091926977,0.001995381777261682,0.0019953817775349328,-0.051593656166825125,-0.051593656166818914
14.5,0.02488756516364702,0.024887565165652797,-26.75920895055212,-26.75920895055126,0.001971671061496753,0.0019716710617748256,-0.05302121059203496,-0.053021210592028564
14.75,0.02537743502008587,0.025377435022161783,-26.772642696087104,-26.772642696086226,0.0019471532790643448,0.0019471532793472388,-0.05444875137621797,-0.054448751376211385
15.0,0.025861074547786862,0.025861074549934117,-26.786433325065445,-26.786433325064554,0.0019218284319264041,0.0019218284322141195,-0.05587627806283053,-0.055876278062823755
15.25,0.026338227628635424,0.02633822763085522,-26.80056091700347,-26.800560917002564,0.0018952767267958802,0.0018952767270884175,-0.05714445493800461,-0.05714445493799764
15.5,0.02680865316724092,0.02680865316953447,-26.81500555126591,-26.815005551264985,0.0018680080943409155,0.0018680080946382746,-0.05841261659054664,-0.05841261659053947
15.75,0.027272171932043916,0.027272171934412424,-26.82976722399641,-26.829767223995468,0.001840022536744413,0.001840022537046594,-0.059680762614903377,-0.05968076261489601
16.0,0.02772860469203781,0.02772860469448248,-26.84484593123723,-26.84484593123627,0.0018113200562462307,0.001811320056553234,-0.060948892605522824,-0.06094889260551525
16.25,0.028177749581192367,0.028177749583714405,-26.860222905570097,-26.86022290556912,0.0017817337225745128,0.0017817337228863384,-0.062066899267936675,-0.062066899267928896
16.5,0.028619418886216438,0.028619418888817052,-26.875879379461608,-26.875879379460617,0.0017515153836012232,0.0017515153839178714,-0.0631848890150991,-0.06318488901509109
16.75,0.029053454606086,0.029053454608766394,-26.891815348638264,-26.891815348637255,0.001720665041745742,0.0017206650420672127,-0.06430286148949586,-0.06430286148948762
17.0,0.02947969874038795,0.02947969874314933,-26.90803080873718,-26.908030808736157,0.0016891826994760639,0.0016891826998023573,-0.06542081633361417,-0.06542081633360568
17.25,0.029897998880310854,0.029897998883154423,-26.92450810778643,-26.92450810778539,0.00165712639768143,0.0016571263980125464,-0.06639757303803828,-0.06639757303802955
17.5,0.030308215928223255,0.030308215931150222,-26.941229593732057,-26.941229593731,0.0016245179638232964,0.001624517964159236,-0.06737431145258253,-0.06737431145257355
17.75,0.03071021185143446,0.03071021185444603,-26.95819526196255,-26.958195261961475,0.001591357400510464,0.001591357400851227,-0.06835103126491573,-0.0683510312649065
18.0,0.03110384861791164,0.031103848621009015,-26.97540510778832,-26.975405107787225,0.0015576447103970727,0.0015576447107426591,-0.06932773216270817,-0.06932773216269868
18.25,0.031489018718536495,0.0314890187217209,-26.992842556765105,-26.992842556763993,0.0015236365717342312,0.0015236365720846412,-0.07017185644521914,-0.0701718564452094
18.5,0.03186562714245874,0.03186562714573138,-27.010491034396544,-27.010491034395415,0.0014891512972329594,0.0014891512975881932,-0.07101596135494062,-0.07101596135493062
18.75,0.03223355460606302,0.0322335546094251,-27.0283505358057,-27.028350535804552,0.0014541888896536358,0.0014541888900136937,-0.07186004662196555,-0.07186004662195529
19.0,0.03259268182642875,0.03259268182988148,-27.04642105604816,-27.046421056046995,0.0014187493517940927,0.0014187493521589747,-0.07270411197638846,-0.07270411197637794
19.25,0.032942941869245956,0.032942941872790545,-27.064687060128552,-27.064687060127373,0.001383263183149452,0.0013832631835191582,-0.07342391732104643,-0.07342391732103565
19.5,0.03328427951432492,0.03328427951796257,-27.08313301302628,-27.083133013025083,0.0013473701703641482,0.001347370170738679,-0.07414370247669928,-0.07414370247668822
19.75,0.03361659305098895,0.03361659305472086,-27.10175890966532,-27.101758909664106,0.0013110703163113457,0.0013110703166907011,-0.07486346721320283,-0.07486346721319151
20.0,0.03393978076928365,0.03393978077311103,-27.120564744912123,-27.12056474491089,0.0012743636238963514,0.0012743636242805317,-0.07558321130041455,-0.07558321130040296
20.25,0.03425381221662827,0.03425381222055232,-27.139535985109934,-27.139535985108683,0.001237831107223552,0.0012378311076125575,-0.07618670683770115,-0.07618670683768929
20.5,0.03455866789919895,0.03455866790322088,-27.158658096600796,-27.158658096599527,0.001200957506194328,0.0012009575065881587,-0.07679018161268047,-0.07679018161266832
20.75,0.034854262546274835,0.03485426255039585,-27.177931074170015,-27.177931074168733,0.0011637428237591774,0.0011637428241578333,-0.07739363543240757,-0.07739363543239514
21.0,0.03514051088787617,0.03514051089209748,-27.197354912554662,-27.19735491255336,0.0011261870628965166,0.0011261870632999981,-0.0779970681039392,-0.07799706810392647
21.25,0.03541741508816052,0.035417415092483334,-27.216916041413075,-27.216916041411757,0.0010889999250829293,0.0010889999254912366,-0.07849195925727334,-0.07849195925726032
21.5,0.03568498754339402,0.03568498754781954,-27.23660089042371,-27.236600890422373,0.0010515331029874561,0.0010515331034005894,-0.0789868292953583,-0.07898682929534499
21.75,0.03594315833288061,0.03594315833741004,-27.25640945428798,-27.256409454286626,0.0010137865996091484,0.001013786600027108,-0.07948167805998214,-0.07948167805996854
22.0,0.0361918575366766,0.036191857541311157,-27.27634172766774,-27.27634172766637,0.0009757604179679467,0.0009757604183907324,-0.07997650539293466,-0.07997650539292077
22.25,0.03643111629349718,0.036431116298238066,-27.296385065707813,-27.296385065706424,0.000938272557579264,0.0009382725580068759,-0.08037019539320249,-0.0803701953931883
22.5,0.03666097527608267,0.036660975280931096,-27.316526823591925,-27.316526823590518,0.000900562224588653,0.0009005622250210913,-0.0807638641242891,-0.08076386412427461
22.75,0.03688137886665933,0.036881378871616494,-27.336766995987052,-27.336766995985627,0.0008626294220129127,0.0008626294224501778,-0.08115751146034625,-0.08115751146033146
23.0,0.03709227144820987,0.03709227145327698,-27.357105577528706,-27.357105577527264,0.0008244741528870775,0.0008244741533291693,-0.08155113727552744,-0.08155113727551234
23.25,0.03729370971085815,0.03729370971603642,-27.377530811313292,-27.377530811311832,0.0007870037348242981,0.0007870037352712168,-0.08185072946838258,-0.08185072946836718
23.5,0.03748575920900952,0.03748575921430015,-27.398030940492553,-27.398030940491076,0.0007493640374125193,0.0007493640378642654,-0.08215030041696846,-0.08215030041695273
23.75,0.03766837762320297,0.03766837762860717,-27.418605959743456,-27.418605959741956,0.000711555063664031,0.0007115550641206044,-0.08244985002552738,-0.08244985002551133
24.0,0.03784152263473202,0.037841522640250994,-27.43925586371902,-27.439255863717502,0.0006735768166026111,0.0006735768170640123,-0.08274937819830336,-0.082749378198287
24.25,0.0380052732751903,0.03800527328082526,-27.45996974631589,-27.459969746314354,0.0006364083174329392,0.0006364083178991682,-0.0829616790723386,-0.08296167907232192
24.5,0.03815971679875702,0.038159716804509164,-27.48073670150024,-27.48073670149869,0.0005991198819665252,0.0005991198824375824,-0.08317395888685121,-0.0831739588868342
24.75,0.03830482322173079,0.03830482322760132,-27.501556723998714,-27.501556723997144,0.0005617115131873178,0.0005617115136632034,-0.083386217573996,-0.08338621757397867
25.0,0.038440562561157264,0.038440562567147396,-27.522429808520986,-27.522429808519398,0.0005241832140878225,0.0005241832145685367,-0.08359845506592953,-0.08359845506591186
25.25,0.038567033187207916,0.038567033193318855,-27.543345863077324,-27.543345863075718,0.0004875694145173979,0.00048756941500294074,-0.08372997793275444,-0.08372997793273645
25.5,0.03868434107863802,0.03868434108487097,-27.56429479575964,-27.564294795758016,0.00045088133761211663,0.0004508813381024882,-0.08386148006675515,-0.08386148006673683
25.75,0.03879246766648066,0.03879246767283684,-27.585276601379476,-27.585276601377835,0.0004141189863074829,0.0004141189868026835,-0.08399296142591497,-0.08399296142589632
26.0,0.03889139438250355,0.03889139438898417,-27.606291274737874,-27.60629127473621,0.0003772823635447868,0.0003772823640448167,-0.08412442196821894,-0.08412442196819994
26.25,0.038981236135178794,0.03898123614178505,-27.62732950181014,-27.62732950180846,0.0003414463011518607,0.00034144630165672013,-0.08418139123122165,-0.0841813912312023
26.5,0.03906211485484617,0.039062114861579275,-27.64838196866342,-27.64838196866172,0.00030557809995986995,0.00030557810046955914,-0.08423834021327148,-0.08423834021325179
26.75,0.03913402250716469,0.039134022514025854,-27.669448670225197,-27.669448670223478,0.0002696777628395117,0.0002696777633540308,-0.08429526889618884,-0.0842952688961688
27.0,0.03919695105851111,0.039196951065501535,-27.69052960141842,-27.69052960141668,0.0002337452926619717,0.00023374529318132096,-0.08435217726179575,-0.08435217726177535
27.25,0.03925102934936362,0.039251029356484515,-27.711616190638395,-27.71161619063664,0.000198882140632016,0.00019888214115619564,-0.08434053321104275,-0.08434053321102199
27.5,0.03929639268218025,0.039296392689432816,-27.732699866380653,-27.732699866378876,0.0001640256288397279,0.0001640256293687381,-0.08432886944066424,-0.08432886944064312
27.75,0.03933304271736893,0.03933304272475437,-27.753780623715752,-27.753780623713958,0.0001291757600731086,0.00012917576060694967,-0.08431718595441726,-0.08431718595439577
28.0,0.039360981116034616,0.039360981123554156,-27.774858457715197,-27.774858457713385,9.433253712049186e-05,9.433253765916398e-05,-0.0843054827560604,-0.08430548275603855
28.25,0.03938034823347891,0.039380348241133754,-27.79592550431118,-27.79592550430935,6.06114384915547e-05,6.061143903505808e-05,-0.08423088683251354,-0.08423088683249133
28.5,0.03939129035342143,0.039391290361212784,-27.81697389954284,-27.81697389954099,2.693255755563583e-05,2.693255810397071e-05,-0.0841562718454444,-0.08415627184542182
28.75,0.03939381803062245,0.03939381803855152,-27.83800363864728,-27.83800363864541,-6.704102991699496e-06,-6.704102438532863e-06,-0.08408163781873555,-0.08408163781871261
29.0,0.03938794182051547,0.03938794182858346,-27.859014716867577,-27.859014716865687,-4.029854046020249e-05,-4.0298539902203836e-05,-0.0840069847762711,-0.08400698477624778
29.25,0.03937381135723021,0.039373811365438334,-27.879999943503186,-27.87999994350128,-7.273270799541934e-05,-7.273270743258839e-05,-0.08387482525064462,-0.08387482525062093
29.5,0.03935158169553901,0.03935158170388847,-27.90095212796572,-27.90095212796379,-0.00010509212727580924,-0.00010509212670814573,-0.0837426473986922,-0.08374264739866813
29.75,0.03932127152282915,0.03932127153132116,-27.921871265678877,-27.921871265676927,-0.00013737679571374303,-0.00013737679514124664,-0.08361045126269837,-0.08361045126267391
30.0,0.03928289952713427,0.039282899535770036,-27.942757352076935,-27.942757352074967,-0.00016958671072604618,-0.00016958671014871663,-0.08347823688494914,-0.0834782368849243
30.25,0.03923662256032279,0.03923662256910352,-27.963603836415732,-27.963603836413743,-0.00020061162677870674,-0.0002006116261965438,-0.08329363490032682,-0.08329363490030159
30.5,0.0391826024123417,0.03918260242126861,-27.984404168067048,-27.98440416806504,-0.00023153215966993171,-0.00023153215908293506,-0.08310901539495048,-0.08310901539492487
30.75,0.03912086517929066,0.03912086518836495,-28.005158342658078,-28.00515834265605,-0.00026234830692676723,-0.0002623483063349365,-0.08292437842786862,-0.0829243784278426
31.0,0.03905143695788666,0.03905143696710954,-28.025866355830775,-28.025866355828725,-0.0002930600660834918,-0.0002930600654868267,-0.0827397240581311,-0.08273972405810469
31.25,0.038974479924248503,0.03897447993362119,-28.046522264184333,-28.04652226418226,-0.0003225743248780699,-0.0003225743242765703,-0.0825075399876606,-0.0825075399876338
31.5,0.03889016073461762,0.038890160744141304,-28.067120124436403,-28.06712012443431,-0.0003519573136327548,-0.00035195731302642034,-0.08227533925859432,-0.08227533925856713
31.75,0.038798512206798086,0.03879851221647399,-28.087659932431617,-28.087659932429503,-0.00038120902999630896,-0.00038120902938513937,-0.08204312194519017,-0.08204312194516258
32.0,0.0386995671591803,0.03869956716900962,-28.10814168403317,-28.108141684031036,-0.00041032947162973523,-0.00041032947101373026,-0.08181088812170739,-0.0818108881216794
32.25,0.03859349135882506,0.03859349136880902,-28.128560011402026,-28.12856001139987,-0.0004382510059401917,-0.0004382510053193511,-0.08153572819661915,-0.08153572819659075
32.5,0.0384804546189391,0.0384804546290789,-28.14890954681893,-28.148909546816753,-0.00046601698750431083,-0.00046601698687863424,-0.08126055252078086,-0.08126055252075205
32.75,0.0383604958279868,0.03836049583828365,-28.1691902863572,-28.169190286355,-0.000493627414101737,-0.000493627413471224,-0.08098536118218672,-0.0809853611821575
33.0,0.03823365387498622,0.03823365388544134,-28.18940222611214,-28.18940222610992,-0.0005210822835234402,-0.0005210822828880904,-0.08071015426883217,-0.08071015426880254
33.25,0.03810009653793034,0.038100096548544925,-28.2095405428846,-28.20954054288236,-0.0005473468512251912,-0.0005473468505850045,-0.08039637743455365,-0.0803963774345236
33.5,0.03795999523031008,0.03795999524108534,-28.22960041359549,-28.22960041359323,-0.0005734340476894755,-0.0005734340470444515,-0.08008258579301453,-0.08008258579298407
33.75,0.037813394295196034,0.03781339430613319,-28.249581834555542,-28.249581834553258,-0.0005993438708288391,-0.0005993438701789776,-0.07976877944455134,-0.07976877944452045
34.0,0.03766033807617872,0.03766033808727897,-28.269484802100564,-28.26948480209826,-0.0006250763185714273,-0.000625076317916728,-0.07945495848950176,-0.07945495848947044
34.25,0.0375009949278819,0.03750099493914646,-28.289305007632446,-28.28930500763012,-0.0006496360577206081,-0.0006496360570610706,-0.07910668345000567,-0.07910668344997392
34.5,0.03733553645244127,0.03733553646387134,-28.309038142672467,-28.30903814267012,-0.0006739989353958537,-0.0006739989347314777,-0.07875839457315462,-0.07875839457312243
34.75,0.037164011865469256,0.03716401187706605,-28.328684203775204,-28.328684203772834,-0.0006981649496481884,-0.0006981649489789736,-0.07841009197031039,-0.07841009197027778
35.0,0.036986470383063394,0.03698647039482812,-28.34824318752308,-28.34824318752069,-0.000722134098545782,-0.0007221340978717281,-0.07806177575283586,-0.07806177575280282
35.25,0.03680307964169681,0.03680307965363068,-28.367711270782078,-28.367711270779665,-0.0007449561399843884,-0.0007449561393054952,-0.07768288816740336,-0.07768288816736987
35.5,0.03661401015934831,0.036614010171452535,-28.38708463053601,-28.387084630533572,-0.0007675640260982762,-0.0007675640254145433,-0.07730398773249385,-0.07730398773245992
35.75,0.036419315475075285,0.036419315487351195,-28.406363263587647,-28.406363263585185,-0.0007899577550806316,-0.0007899577543910954,-0.0769250745692519,-0.07692507456921753
36.0,0.03621904912838504,0.036219049140833966,-28.425547166770052,-28.425547166767565,-0.0008121373251389536,-0.0008121373244445771,-0.07654614879882315,-0.07654614879878832
36.25,0.036013376873684166,0.03601337688630732,-28.44463297419259,-28.444632974190082,-0.0008332024825229665,-0.0008332024818237494,-0.07614030859539071,-0.07614030859535542
36.5,0.035802467002165925,0.03580246701496451,-28.46361732008015,-28.46361732007762,-0.0008540382593986274,-0.0008540382586945693,-0.0757344565406275,-0.07573445654059176
36.75,0.035586376859166144,0.03558637687214138,-28.48250020148612,-28.482500201483568,-0.0008746446540990563,-0.000874644653390157,-0.07532859276429071,-0.0753285927642545
37.0,0.03536516379043507,0.035365163803588166,-28.501281615496325,-28.50128161549375,-0.0008950216649758221,-0.0008950216642620812,-0.07492271739613846,-0.07492271739610179
37.25,0.03513899062921019,0.03513899064254236,-28.519958626169643,-28.519958626167043,-0.0009143231815262805,-0.0009143231808076978,-0.07449336617059164,-0.0744933661705545
37.5,0.03490802242138431,0.03490802243489676,-28.538528297677477,-28.53852829767485,-0.0009333820375281591,-0.0009333820368047342,-0.07406400409513235,-0.07406400409509474
37.75,0.03467231983228563,0.034672319845979564,-28.556990627324506,-28.556990627321856,-0.0009521982314563039,-0.0009521982307280365,-0.07363463130703,-0.07363463130699192
38.0,0.03443194352762104,0.03443194354149767,-28.575345612449727,-28.57534561244705,-0.0009707717618062334,-0.0009707717610731232,-0.07320524794355492,-0.07320524794351636
38.25,0.03418705249915918,0.03418705251321973,-28.593590720701354,-28.593590720698653,-0.000988314113548608,-0.0009883141128106542,-0.07275561641550211,-0.07275561641546309
38.5,0.03393780764707482,0.033937807661320554,-28.61172341983653,-28.611723419833805,-0.0010056023505541972,-0.0010056023498109178,-0.07230597503590667,-0.07230597503586718
38.75,0.03368427250022548,0.03368427251465767,-28.629743707410338,-28.629743707407588,-0.0010226364714396514,-0.0010226364706915278,-0.07185632394851744,-0.07185632394847748
39.0,0.033426510587811854,0.033426510602431715,-28.6476515810138,-28.647651581011026,-0.001039416474843116,-0.0010394164740901478,-0.07140666329708405,-0.0714066632970436
39.25,0.033164676248985885,0.03316467626379462,-28.665444886461326,-28.66544488645853,-0.0010552142595157369,-0.0010552142587579238,-0.07093977879365607,-0.07093977879361513
39.5,0.03289892544623068,0.0328989254612295,-28.683121469672148,-28.683121469669327,-0.0010707481860682277,-0.0010707481853055693,-0.07047288542831372,-0.07047288542827229
39.75,0.03262932414423207,0.03262932415942219,-28.70068132844944,-28.7006813284466,-0.0010860182532576742,-0.0010860182524901703,-0.07000598335031748,-0.07000598335027557
40.0,0.03235593830798383,0.03235593832336646,-28.718124460633703,-28.718124460630836,-0.0011010244598635506,-0.0011010244590912007,-0.06953907270892852,-0.06953907270888612
40.25,0.032078916918849794,0.03207891693442615,-28.735449065719955,-28.735449065717063,-0.001115101319718152,-0.0011151013189409557,-0.06905776665384687,-0.06905776665380398
40.5,0.03179841031491649,0.031798410330687775,-28.752653343303464,-28.752653343300548,-0.0011289061780719008,-0.0011289061772898578,-0.06857645271265256,-0.06857645271260916
40.75,0.031514486496697774,0.0315144865126652,-28.76973729143194,-28.769737291429,-0.0011424390338192775,-0.0011424390330323875,-0.0680951310392126,-0.0680951310391687
41.0,0.031227213464980787,0.031227213481145558,-28.786700908191555,-28.786700908188585,-0.0011556998858795872,-0.0011556998850878498,-0.06761380178739461,-0.06761380178735021
41.25,0.03093673423565492,0.030936734252018244,-28.803542723207144,-28.80354272320415,-0.0011680875069009355,-0.0011680875061043504,-0.0671207171693512,-0.0671207171693063
41.5,0.03064319293248453,0.03064319294904762,-28.820261266198855,-28.820261266195836,-0.0011801964764725234,-0.0011801964756710905,-0.06662762562265019,-0.0666276256226048
41.75,0.030346659218453496,0.030346659235217566,-28.83685653545423,-28.836856535451183,-0.0011920267936265704,-0.0011920267928202891,-0.06613452730492034,-0.06613452730487443
42.0,0.030047202756784942,0.0300472027737512,-28.853328529300214,-28.85332852929714,-0.0012035784574169,-0.0012035784566057702,-0.06564142237379092,-0.0656414223737445
42.25,0.02974496008059485,0.029744960097764513,-28.86967608487038,-28.869676084867283,-0.0012143156337874777,-0.0012143156329714989,-0.06513902117518627,-0.06513902117513932
42.5,0.029440068599084806,0.02944006861645908,-28.88589803938836,-28.885898039385236,-0.001224768899835345,-0.0012247688990145167,-0.06463661398304044,-0.06463661398299296
42.75,0.02913259928994048,0.029132599307520584,-28.901994391375837,-28.90199439137269,-0.001234938254724298,-0.00123493825389862,-0.06413420095795697,-0.06413420095790896
43.0,0.028822623131053625,0.02882262314884077,-28.917965139394656,-28.917965139391484,-0.001244823697641963,-0.0012448236968114349,-0.06363178226053989,-0.06363178226049136
43.25,0.028510269742639788,0.028510269760635188,-28.933809406388207,-28.93380940638501,-0.001253955430344489,-0.0012539554295091103,-0.06312235282686159,-0.06312235282681253
43.5,0.028195669405573606,0.02819566942377847,-28.949526315384414,-28.94952631538119,-0.0012627992867409697,-0.0012627992859007404,-0.0626129183089365,-0.06261291830888692
43.75,0.02787889408902038,0.027878894107435923,-28.965115865132574,-28.96511586512932,-0.0012713552661249223,-0.0012713552652798418,-0.06210347886961166,-0.062103478869561565
44.0,0.027560015762319236,0.02756001578094667,-28.98057805442269,-28.980578054419407,-0.001279623367812237,-0.0012796233669623049,-0.06159403467173446,-0.06159403467168386
44.25,0.02723915678074036,0.0272391567995809,-28.995912271221414,-28.995912271218103,-0.0012872000442932152,-0.0012872000434384313,-0.06107969900365347,-0.061079699003602356
44.5,0.02691643996046036,0.026916439979515212,-29.011117903574217,-29.011117903570877,-0.0012944860773222676,-0.0012944860764626314,-0.060565359131777706,-0.06056535913172608
44.75,0.026591937962415484,0.026591937981685864,-29.0261949504507,-29.026194950447337,-0.0013014814663170893,-0.0013014814654526005,-0.06005101522051949,-0.060051015220467345
45.0,0.026265723447684502,0.026265723467171626,-29.041143410861576,-29.041143410858183,-0.0013081862107198578,-0.001308186209850516,-0.05953666743429145,-0.059536667434238785
45.25,0.025937911228694766,0.025937911248399847,-29.055962917910808,-29.055962917907387,-0.001314262824281872,-0.0013142628234076767,-0.0590193883866007,-0.059019388386547515
45.5,0.025608616394021545,0.025608616413945857,-29.070653104775328,-29.07065310477188,-0.0013200471361087406,-0.00132004713522921,-0.05850210598414477,-0.05850210598409106
45.75,0.02527791201915685,0.025277912039301666,-29.08521397063711,-29.085213970633635,-0.0013255391457385936,-0.0013255391448542089,-0.057984820392274,-0.057984820392219756
46.0,0.024945871179705342,0.024945871200071877,-29.099645514719473,-29.09964551471597,-0.0013307388527320336,-0.0013307388518427944,-0.05746753177633898,-0.057467531776284206
46.25,0.024612600935672538,0.024612600956262005,-29.113947596264996,-29.113947596261465,-0.0013353742767077898,-0.0013353742758136957,-0.05694912015075086,-0.056949120150695545
46.5,0.0242782084527778,0.024278208473591415,-29.128120074583254,-29.128120074579694,-0.0013397167635677205,-0.0013397167626687711,-0.05643070598583416,-0.05643070598577831
46.75,0.02394276696534402,0.023942766986382993,-29.142162949060125,-29.14216294905654,-0.001343766312964285,-0.00134376631206048,-0.055912289447298626,-0.05591228944724223
47.0,0.02360634970777796,0.023606349729043505,-29.156076219122923,-29.15607621911931,-0.0013475229245740123,-0.0013475229236653513,-0.05539387070085417,-0.05539387070079724
47.25,0.02326905584065075,0.0232690558621442,-29.169859952026144,-29.169859952022502,-0.0013507792405301547,-0.0013507792396156742,-0.054875992217841695,-0.05487599221778421
47.5,0.02293098447348022,0.02293098449520291,-29.183514215085253,-29.183514215081583,-0.0013537429248791913,-0.001353742923959854,-0.054358111975552625,-0.054358111975494595
47.75,0.0225922087641981,0.022592208786151247,-29.197039007881123,-29.197039007877425,-0.0013564139773853822,-0.0013564139764611876,-0.05384023013952385,-0.05384023013946527
48.0,0.0222528018707923,0.02225280189297712,-29.210434330036012,-29.210434330032285,-0.0013587923978350576,-0.0013587923969060056,-0.05332234687529237,-0.05332234687523324
48.25,0.021912854964975158,0.02191285498739286,-29.223700439545226,-29.22370043954147,-0.0013607342714900552,-0.0013607342705561454,-0.05280652901527915,-0.052806529015219456
48.5,0.0215724590236594,0.021572459046311204,-29.236837594458997,-29.23683759445521,-0.0013623846818001208,-0.0013623846808613524,-0.05229071013921698,-0.052290710139156725
48.75,0.02123168691269817,0.02123168693558529,-29.24984579454392,-29.249845794540104,-0.0013637436286338452,-0.001363743627690218,-0.05177489041198186,-0.05177489041192104
49.0,0.020890611497974564,0.020890611521098272,-29.262725039607812,-29.262725039603964,-0.001364811111883054,-0.0013648111109340864,-0.05125906999844985,-0.05125906999838846
49.25,0.020549315925923534,0.020549315949285104,-29.2754757619535,-29.275475761949625,-0.0013655052134159964,-0.001365505212462169,-0.050746708701579046,-0.05074670870151709
49.5,0.020207883016823157,0.020207883040423806,-29.288098393932717,-29.288098393928813,-0.0013659098082705733,-0.0013659098073118862,-0.050234347093949756,-0.05023434709388722
49.75,0.019866385147347346,0.019866385171188286,-29.30059293548824,-29.300592935484307,-0.0013660248964161021,-0.0013660248954525547,-0.04972198533933108,-0.04972198533926797
50.0,0.019524894694175135,0.019524894718257583,-29.312959386603794,-29.312959386599832,-0.0013658504778422563,-0.0013658504768738482,-0.04920962360149214,-0.04920962360142846
50.25,0.0191834867898554,0.01918348681418057,-29.325198338275495,-29.325198338271502,-0.001365364951337313,-0.0013653649503640437,-0.048701989817826724,-0.048701989817762456
50.5,0.01884223612119367,0.01884223614576278,-29.33731038154237,-29.337310381538348,-0.0013645925925866644,-0.0013645925916085336,-0.04819435638994228,-0.04819435638987743
50.75,0.018501214396244074,0.018501214421058336,-29.34929551651365,-29.349295516509596,-0.0013635334016525531,-0.0013635334006695604,-0.04768672348009502,-0.047686723480029586
51.0,0.018160493323042228,0.01816049334810286,-29.361153743339123,-29.361153743335038,-0.0013621873786207892,-0.001362187377632934,-0.0471790912505411,-0.04717909125047508
51.25,0.017820140075417667,0.017820140100725884,-29.372885796893158,-29.372885796889044,-0.001360591351185932,-0.0013605913501932142,-0.046677337332165336,-0.04667733733209872
51.5,0.0174802212730384,0.01748022129859542,-29.384492412087138,-29.38449241208299,-0.0013587118166816835,-0.0013587118156841024,-0.046175584396821914,-0.04617558439675471
51.75,0.017140807792653437,0.01714080781846047,-29.395973589186866,-29.395973589182688,-0.0013565487752585572,-0.0013565487742561125,-0.04567383260488602,-0.04567383260481822
52.0,0.016801970510971365,0.016801970537029632,-29.407329328498243,-29.407329328494033,-0.0013541022270893552,-0.0013541022260820466,-0.045172082116732744,-0.04517208211666434
52.25,0.0164637687377411,0.016463768764051815,-29.418560494737566,-29.418560494733324,-0.0013514653596262164,-0.0013514653586140432,-0.04467724804639387,-0.04467724804632487
52.5,0.016126261130712426,0.016126261157276806,-29.42966795265235,-29.429667952648074,-0.001348548897513732,-0.0013485488964966937,-0.04418241554676661,-0.044182415546697
52.75,0.015789517588518924,0.015789517615338186,-29.44065170265504,-29.440651702650733,-0.0013453528409856739,-0.0013453528399637704,-0.043687584776012915,-0.04368758477594271
53.0,0.015453608009732915,0.015453608036808269,-29.451511745197624,-29.451511745193287,-0.0013418771902983678,-0.0013418771892715986,-0.043192755892294626,-0.04319275589222381
53.25,0.015118583969270273,0.015118583996602935,-29.462249061559334,-29.462249061554964,-0.001338269274202309,-0.0013382692731706738,-0.04270577534148766,-0.04270577534141623
53.5,0.014784496302219657,0.014784496329810843,-29.472864633044946,-29.472864633040544,-0.0013343862030521928,-0.001334386202015691,-0.042218796909442635,-0.04221879690937059
53.75,0.014451413797306188,0.014451413825157116,-29.483358460203604,-29.48335846019917,-0.001330227977158811,-0.001330227976117442,-0.04173182075181009,-0.041731820751737425
54.0,0.014119405243174397,0.014119405271286283,-29.49373054362337,-29.493730543618902,-0.0013257945968561287,-0.0013257945958098925,-0.04124484702424038,-0.04124484702416709
54.25,0.01378851464102638,0.013788514669400441,-29.503981968603068,-29.503981968598566,-0.0013212851794595596,-0.0013212851784084555,-0.040766553238416894,-0.04076655323834298
54.5,0.013458785173863532,0.013458785202500986,-29.51411382046154,-29.514113820457005,-0.0013165055170367799,-0.0013165055159808075,-0.04028826207993086,-0.040288262079856314
54.75,0.01313028440289494,0.013130284431797003,-29.52412609987473,-29.524126099870166,-0.001311455609971116,-0.0013114556089102748,-0.039809973701655274,-0.0398099737015801
55.0,0.012803079889231232,0.012803079918399123,-29.534018807556805,-29.534018807552208,-0.0013061354586669258,-0.0013061354576012155,-0.03933168825646292,-0.03933168825638711
55.25,0.012477208249332216,0.01247720827876715,-29.543793120996185,-29.543793120991555,-0.0013007935074757578,-0.001300793506405178,-0.0388628197621602,-0.03886281976208376
55.5,0.012152705211999966,0.01215270524170316,-29.553450217695964,-29.553450217691303,-0.0012951866382058688,-0.001295186637130419,-0.03839395436463876,-0.038393954364561673
55.75,0.011829637006698375,0.011829637036671047,-29.56299009844907,-29.562990098444377,-0.0012893148513070962,-0.0012893148502267759,-0.037925092213758206,-0.037925092213680484
56.0,0.011508069862776525,0.011508069893019893,-29.572412764085897,-29.57241276408117,-0.0012831781472480673,-0.001283178146162876,-0.0374562334593779,-0.037456233459299534
56.25,0.011188033224913999,0.011188033255429282,-29.58171947314518,-29.581719473140424,-0.0012770717515107023,-0.0012770717504206395,-0.03699743959056125,-0.03699743959048224
56.5,0.010869555589071248,0.010869555619859661,-29.59091148417516,-29.590911484170366,-0.0012707061311730949,-0.0012707061300781602,-0.036538649249349076,-0.03653864924926942
56.75,0.010552701761335066,0.010552701792397829,-29.59998879807606,-29.59998879807123,-0.0012640812867448258,-0.0012640812856450187,-0.03607986258238027,-0.03607986258229996
57.0,0.010237536547662194,0.010237536579000525,-29.60895141578477,-29.60895141577991,-0.001257197218756752,-0.001257197217652072,-0.03562107973629345,-0.03562107973621248
57.25,0.009924082455684668,0.009924082487299786,-29.617800666419022,-29.61780066641413,-0.001250393315024753,-0.0012503933139151999,-0.03517292597915969,-0.03517292597907806
57.5,0.009612360991146296,0.00961236102303942,-29.62653787910107,-29.62653787909614,-0.0012433361993360052,-0.001243336198221578,-0.034724776142498456,-0.03472477614241617
57.75,0.00930243545696591,0.009302435489138257,-29.63516305482893,-29.635163054823966,-0.00123602587225672,-0.0012360258711374187,-0.03427663036954737,-0.03427663036946442
58.0,0.008994369155918433,0.008994369188371222,-29.643676194636438,-29.64367619463144,-0.0012284623343719794,-0.0012284623332478035,-0.033828488803543735,-0.03382848880346012
58.25,0.008688177911063953,0.008688177943798404,-29.65207868839387,-29.652078688388837,-0.0012210264703147059,-0.001221026469185655,-0.03339146195691023,-0.03339146195682594
58.5,0.008383876497810533,0.008383876530827863,-29.66037192597126,-29.66037192596619,-0.0012133436816643796,-0.0012133436805304531,-0.03295443938646036,-0.032954439386375406
58.75,0.008081526647229997,0.008081526680531427,-29.668555908455104,-29.66855590845,-0.0012054139690357742,-0.0012054139678969716,-0.03251742123187509,-0.03251742123178946
59.0,0.007781190090238014,0.007781190123824757,-29.676630636966838,-29.676630636961697,-0.0011972373330634322,-0.001197237331919753,-0.03208040763283503,-0.03208040763274872
59.25,0.0074828762328436604,0.007482876266716997,-29.68459755292467,-29.684597552919495,-0.001189233458679618,-0.0011892334575305803,-0.031654920784384186,-0.03165492078429719
59.5,0.007186593394577144,0.007186593428738354,-29.692458097742016,-29.692458097736804,-0.0011809891801491273,-0.0011809891789952122,-0.031229438531586717,-0.031229438531499055
59.75,0.006892401676393096,0.006892401710843398,-29.700212272584782,-29.700212272579535,-0.0011725044981314686,-0.0011725044969726757,-0.03080396101043508,-0.030803961010346746
60.0,0.006600361179078755,0.006600361213819368,-29.70786007865288,-29.7078600786476,-0.0011637794133062813,-0.00116377941214261,-0.030378488356921335,-0.030378488356832323
60.25,0.006310475172168277,0.006310475207200422,-29.715403000306683,-29.715403000301365,-0.0011552696936634882,-0.001155269692494938,-0.029964885675738063,-0.029964885675648374
60.5,0.00602274580637542,0.006022745841700316,-29.722842521897423,-29.72284252189207,-0.001146526284480413,-0.0011465262833069833,-0.029551287874457273,-0.029551287874366904
60.75,0.005737231503998156,0.005737231539617023,-29.7301786446616,-29.73017864465621,-0.0011375491864569441,-0.0011375491852786345,-0.029137695085273054,-0.029137695085182002
61.0,0.005453990687157173,0.005453990723071231,-29.737411369868763,-29.737411369863338,-0.0011283384003114897,-0.0011283383991282996,-0.028724107440379093,-0.028724107440287354
61.25,0.00517302077937012,0.00517302081558059,-29.74454221679139,-29.74454221678593,-0.001119383059075692,-0.0011193830578876212,-0.028322668784910215,-0.028322668784817786
61.5,0.00489431805904381,0.004894318095551911,-29.751572704688733,-29.751572704683237,-0.0011102009007465299,-0.0011102008995535774,-0.02792123525948075,-0.027921235259387625
61.75,0.004617939230360154,0.0046179392671671085,-29.75850283485934,-29.758502834853807,-0.0011007919260584617,-0.0011007919248606274,-0.02751980699239714,-0.027519806992303324
62.0,0.004343940997315102,0.004343941034422129,-29.765332608633834,-29.765332608628263,-0.0010911561357647428,-0.0010911561345620263,-0.027118384111965425,-0.02711838411187091
62.25,0.004072315235777784,0.004072315273186105,-29.772063572719716,-29.77206357271411,-0.0010818133197001089,-0.0010818133184925095,-0.026729329455893965,-0.026729329455798752
62.5,0.0038030526558504923,0.003803052693561325,-29.7786972738074,-29.778697273801754,-0.0010722506830106518,-0.001072250681798169,-0.026340280147071113,-0.026340280146975197
62.75,0.0035362082125941505,0.0035362082506087164,-29.785233713249234,-29.78523371324355,-0.0010624682264615394,-0.001062468225244173,-0.025951236309845523,-0.0259512363097489
63.0,0.003271836860876133,0.003271836899195653,-29.791672892428664,-29.79167289242294,-0.0010524659508360204,-0.0010524659496137696,-0.025562198068565415,-0.025562198068468083
63.25,0.0030099252331978583,0.003009925271823554,-29.798016378541416,-29.798016378535653,-0.0010427916152663105,-0.001042791614039175,-0.025185691745498257,-0.025185691745400213
63.5,0.002750458780872456,0.0027504588198055484,-29.804265738762492,-29.80426573875669,-0.0010329045481435126,-0.0010329045469114919,-0.024809190955209715,-0.024809190955110957
63.75,0.0024934906866896653,0.002493490725931376,-29.81042097449013,-29.810420974484288,-0.001022804750258729,-0.0010228047490218224,-0.024432695818038273,-0.024432695817938797
64.0,0.002239074133239161,0.002239074172790711,-29.816482087152647,-29.816482087146767,-0.0010124922224213672,-0.0010124922211795743,-0.024056206454321955,-0.02405620645422176
64.25,0.00198719081730019,0.0019871908571628015,-29.82245065799503,-29.822450657989112,-0.0010025400418570269,-0.001002540040610347,-0.023692361222982922,-0.023692361222882007
64.5,0.0017378212438939025,0.0017378212840687961,-29.82832826823815,-29.828328268232188,-0.000992382282294029,-0.0009923822810424619,-0.023328521679571793,-0.02332852167947015
64.75,0.001491016807668764,0.0014910168481571616,-29.834114919318516,-29.834114919312515,-0.0009820189445447058,-0.0009820189432882505,-0.022964687940380955,-0.02296468794027859
65.0,0.0012468289030679027,0.0012468289438711468,-29.83981061270173,-29.839810612695686,-0.0009714500294394219,-0.0009714500281771156,-0.02260086012170234,-0.022600860121599245
65.25,0.001005234601411116,0.0010052346425305488,-29.84541693772885,-29.845416937722767,-0.0009612713187653702,-0.0009612713174981754,-0.02224974105486301,-0.02224974105475918
65.5,0.0007662097761758804,0.0007662098176127235,-29.850935483713677,-29.850935483707556,-0.0009508942182041136,-0.0009508942169320298,-0.02189862780206255,-0.02189862780195798
65.75,0.0005298040247304083,0.0005298040664858841,-29.85636625212375,-29.85636625211759,-0.0009403187285870059,-0.0009403187273100327,-0.021547520475526584,-0.021547520475421276
66.0,0.00029606694423327625,0.000296066986308607,-29.861709244454662,-29.86170924444846,-0.000929544850759783,-0.0009295448494779198,-0.02119641918748027,-0.021196419187374218
66.25,6.497129027723691e-05,6.497133267364499e-05,-29.866966052654316,-29.866966052648074,-0.0009191885159787627,-0.000919188514692009,-0.020858047386102994,-0.0208580473859962
66.5,-0.0001635113813359034,-0.00016351133861719524,-29.872138268640434,-29.87213826863415,-0.0009086409921560074,-0.0009086409908643626,-0.02051968149720693,-0.02051968149709939
66.75,-0.00038933327345088407,-0.0003893332304087131,-29.877225893904654,-29.877225893898327,-0.0008979022801354516,-0.0008979022788393969,-0.0201813216289443,-0.020181321628836013
67.0,-0.0006124465891254314,-0.000612446545758755,-29.882228929965652,-29.882228929959286,-0.0008869723807770548,-0.0008869723794770713,-0.019842967889466854,-0.019842967889357813
67.25,-0.000832882578733689,-0.0008328825350415249,-29.88714896633158,-29.88714896632517,-0.0008764848694710441,-0.000876484868167131,-0.019517324026662307,-0.01951732402655251
67.5,-0.0010506736905871632,-0.0010506736465685288,-29.89198759247772,-29.891987592471267,-0.000865813358879903,-0.0008658133575720601,-0.019191686148509822,-0.019191686148399268
67.75,-0.0012657739249709594,-0.001265773880624872,-29.896744809913244,-29.89674480990675,-0.0008549578498571888,-0.0008549578485454154,-0.018866054359094497,-0.018866054358983184
68.0,-0.0014781372823855403,-0.0014781372377110171,-29.90142062017335,-29.901420620166814,-0.0008439183432722026,-0.0008439183419564982,-0.018540428762500945,-0.018540428762388872
68.25,-0.001687798713342653,-0.001687798668338651,-29.90601660570133,-29.90601660569475,-0.0008333436307246137,-0.000833343629404496,-0.01822745645824796,-0.01822745645813512
68.5,-0.0018947943609532228,-0.0018947943156186987,-29.910534348905152,-29.91053434889853,-0.0008225920766420869,-0.0008225920753180372,-0.01791449018595086,-0.017914490185837253
68.75,-0.0020990800149407627,-0.0020990799692747327,-29.914973851305316,-29.91497385129865,-0.0008116636818849589,-0.0008116636805569766,-0.017601530045645724,-0.017601530045531347
69.0,-0.002300611465245683,-0.002300611419247164,-29.919335114447325,-29.919335114440617,-0.0008005584473280739,-0.0008005584459961584,-0.017288576137368138,-0.017288576137252987
69.25,-0.0024994270593862206,-0.0024994270130542294,-29.923619709485624,-29.923619709478874,-0.0007899380165764817,-0.0007899380152406326,-0.016988185170285212,-0.016988185170169288
69.5,-0.0026955663289596698,-0.0026955662822932226,-29.92782920753713,-29.927829207530337,-0.0007791478509341557,-0.0007791478495943723,-0.01668780025901019,-0.01668780025889349
69.75,-0.002888986840350933,-0.002888986793349046,-29.931963610127795,-29.93196361012096,-0.0007681879512640433,-0.000768187949920325,-0.016387421499559036,-0.016387421499441557
70.0,-0.0030796461601624897,-0.0030796461128241794,-29.936022918807577,-29.9360229188007,-0.0007570583184438208,-0.0007570583170961673,-0.016087048987947224,-0.016087048987828964
70.25,-0.003267585735375015,-0.0032675856876992976,-29.94000868959902,-29.940008689592098,-0.0007464311670630102,-0.0007464311657114207,-0.015799118345470684,-0.01579911834535164
70.5,-0.003452848185632889,-0.0034528481376187798,-29.943922478485128,-29.94392247847816,-0.0007356413189494352,-0.0007356413175939092,-0.015511193760613152,-0.01551119376049333
70.75,-0.003635392836860638,-0.003635392788507153,-29.947764286991813,-29.9477642869848,-0.0007246887749670116,-0.0007246887736075486,-0.015223275325409227,-0.015223275325288626
71.0,-0.003815179015200338,-0.0038151789665064936,-29.95153411666799,-29.95153411666093,-0.0007135735359922136,-0.000713573534628813,-0.014935363131893016,-0.014935363131771632
71.25,-0.003992250975209023,-0.003992250926173832,-29.955233504922614,-29.95523350491551,-0.000702976186872289,-0.0007029761855049503,-0.014659743904155515,-0.014659743904033348
71.5,-0.0041666541300694766,-0.004166654080691955,-29.958863989123316,-29.958863989116164,-0.000692223094948749,-0.0006922230935774716,-0.014384130715211569,-0.014384130715088614
71.75,-0.004338349544188155,-0.004338349494467318,-29.96242557079081,-29.962425570783612,-0.0006813142610825421,-0.0006813142597073254,-0.014108523653162052,-0.014108523653038307
72.0,-0.00450729828218817,-0.004507298232123033,-29.96591825146783,-29.965918251460586,-0.0006702496861459878,-0.0006702496847668314,-0.01383292280610735,-0.013832922805982814
72.25,-0.004673547120968576,-0.004673547070558155,-29.969343546810375,-29.969343546803085,-0.0006597162094767829,-0.000659716208093686,-0.01356944092728751,-0.013569440927162179
72.5,-0.004837143979651582,-0.004837143928894891,-29.97270297243155,-29.972702972424212,-0.0006490338455082703,-0.0006490338441212325,-0.013305965049190665,-0.013305965049064538
72.75,-0.004998051636518943,-0.004998051585414996,-29.975996529842064,-29.97599652983468,-0.0006382025950950863,-0.0006382025937041071,-0.013042495256039649,-0.013042495255912724
73.0,-0.005156232870067648,-0.00515623281861546,-29.97922422057368,-29.979224220566252,-0.0006272224591044825,-0.0006272224577095613,-0.01277903163205681,-0.012779031631929083
73.25,-0.005311736702362648,-0.005311736650561233,-29.982387535713816,-29.98238753570634,-0.0006167845086937227,-0.0006167845072948589,-0.012527490473071293,-0.012527490472942764
73.5,-0.005464613279168566,-0.0054646132270168785,-29.985487966305627,-29.985487966298106,-0.0006062044153319886,-0.0006062044139287001,-0.012275955258863623,-0.012275955258734289
73.75,-0.005614827064853237,-0.00561482701235023,-29.98852551384536,-29.988525513837793,-0.0005954821798658046,-0.0005954821784585723,-0.01202442606984147,-0.012024426069711328
74.0,-0.005762342523997562,-0.00576234247114225,-29.99150017984936,-29.991500179841747,-0.000584617803153173,-0.0005846178017419964,-0.011772902986412022,-0.01177290298628107
74.25,-0.005907210654188445,-0.005907210600979843,-29.99441342832654,-29.99441342831888,-0.0005743046514535181,-0.0005743046500383966,-0.011533085803286533,-0.011533085803154772
74.5,-0.006049483556298737,-0.006049483502735797,-29.997266723240376,-29.99726672323267,-0.0005638559786468931,-0.0005638559772273446,-0.011293274492469453,-0.011293274492336879
74.75,-0.006189127350155876,-0.006189127296237552,-30.000060066068535,-30.00006006606078,-0.0005532717855685575,-0.0005532717841450629,-0.011053469130622587,-0.011053469130489196
75.0,-0.006326108155797653,-0.006326108101522898,-30.00279345830784,-30.002793458300037,-0.0005425520730660678,-0.000542552071638145,-0.010813669794407265,-0.010813669794273055
75.25,-0.006460478686003301,-0.006460478631371068,-30.00546833466697,-30.00546833465912,-0.0005323906632086951,-0.0005323906617768252,-0.010585342036604087,-0.010585342036469055
75.5,-0.006592292734750806,-0.006592292679760109,-30.008086129808206,-30.00808612980031,-0.0005221002215373164,-0.0005221002201014987,-0.010357020063436088,-0.010357020063300231
75.75,-0.006721518044189369,-0.00672151798883922,-30.010646845186834,-30.010646845178893,-0.0005116807488752607,-0.0005116807474354946,-0.010128703947894191,-0.010128703947757509
76.0,-0.0068481223566753645,-0.006848122300964776,-30.013150482276384,-30.013150482268394,-0.0005011322460565963,-0.0005011322446128812,-0.009900393762968853,-0.009900393762831344
76.25,-0.006972159849080952,-0.0069721597930089375,-30.015598444535087,-30.01559844452705,-0.0004911472458066159,-0.0004911472443589514,-0.009683305248002635,-0.009683305247864295
76.5,-0.0070936857559214216,-0.007093685699486993,-30.017992135373984,-30.0179921353659,-0.00048103956166964395,-0.0004810395602180296,-0.009466222416084209,-0.009466222415945035
76.75,-0.00721266940632587,-0.00721266934952798,-30.020331556222512,-30.02033155621438,-0.0004708091944540709,-0.00047080919299802445,-0.009249145336613583,-0.009249145336473575
77.0,-0.0073290801296267034,-0.0073290800724643045,-30.02261670852746,-30.022616708519276,-0.0004604561449779847,-0.00046045614351798725,-0.009032074078990312,-0.009032074078849466
77.25,-0.007442973325209252,-0.0074429732676813565,-30.024848962801208,-30.024848962792976,-0.0004506700054513586,-0.00045067000398740954,-0.008825961033603119,-0.008825961033461433
77.5,-0.007554405425269586,-0.007554405367375206,-30.02702968950834,-30.027029689500058,-0.000440767380931562,-0.00044076737946366075,-0.008619853557018256,-0.00861985355687573
77.75,-0.0076633473086583324,-0.007663347250396419,-30.02915889004929,-30.029158890040957,-0.0004307482722114984,-0.00043074827073916275,-0.008413751715129132,-0.00841375171498576
78.0,-0.007769769854425428,-0.007769769795794873,-30.031236565840967,-30.031236565832586,-0.000420612680092763,-0.0004206126786159923,-0.008207655573828698,-0.00820765557368448
78.25,-0.007873729453282971,-0.007873729394282662,-30.033264052993886,-30.03326405298545,-0.00041104570375140147,-0.00041104570227019514,-0.008012242551432356,-0.008012242551287288
78.5,-0.007975283502825014,-0.007975283443453902,-30.035242687570292,-30.03524268756181,-0.0004013682856970946,-0.0004013682842119337,-0.007816834972152135,-0.007816834972006215
78.75,-0.008074404392719949,-0.008074404332977046,-30.037172470938774,-30.03717247093024,-0.000391580426704338,-0.00039158042521522185,-0.007621432898462861,-0.00762143289831609
79.0,-0.008171064512830938,-0.008171064452715253,-30.039053404483543,-30.039053404474956,-0.0003816821275567948,-0.0003816821260637229,-0.0074260363928389216,-0.007426036392691298
79.25,-0.008265321024240565,-0.00826532096375111,-30.040886788681128,-30.04088678867249,-0.00037235253705509625,-0.0003723525355580679,-0.007241038067384582,-0.007241038067236104
79.5,-0.008357232068057245,-0.008357232007192971,-30.042673923959512,-30.042673923950826,-0.0003629183869383429,-0.00036291838543687594,-0.007056045049097491,-0.007056045048948155
79.75,-0.008446771504471307,-0.008446771443231166,-30.04441481165288,-30.044414811644145,-0.00035337967796068284,-0.0003533796764552582,-0.006871057397125076,-0.00687105739697488
80.0,-0.008533913193862711,-0.008533913132245712,-30.04610945311021,-30.046109453101423,-0.00034373641088498324,-0.00034373640937560034,-0.006686075170614335,-0.006686075170463277
80.25,-0.008618714856864431,-0.008618714794869585,-30.047759112151383,-30.047759112142543,-0.00033466041918047345,-0.0003346604176671317,-0.006511198014400523,-0.006511198014248601
80.5,-0.008701235166509174,-0.00870123510413549,-30.0493650525476,-30.049365052538707,-0.00032548558415086806,-0.00032548558263356686,-0.006336326020280581,-0.006336326020127792
80.75,-0.008781449412057225,-0.008781449349303713,-30.050927275596372,-30.050927275587426,-0.0003162119065299559,-0.00031621190500869467,-0.006161459244168333,-0.006161459244014676
81.0,-0.008859332882953415,-0.008859332819819085,-30.05244578260919,-30.05244578260019,-0.000306839387060318,-0.00030683938553509603,-0.005986597741977186,-0.005986597741822658
81.25,-0.008934943659351111,-0.008934943595834974,-30.05392179992192,-30.053921799912867,-0.0002980312746322854,-0.0002980312731031022,-0.005821541590241524,-0.005821541590086122
81.5,-0.009008340745554608,-0.009008340681655614,-30.055356553821742,-30.055356553812636,-0.0002891298656248225,-0.0002891298640911957,-0.005656490447496079,-0.005656490447339802
81.75,-0.009079500817507889,-0.009079500753224926,-30.056750045567497,-30.05675004555834,-0.00028013516074988507,-0.0002801351592118141,-0.005491444366516981,-0.005491444366359824
82.0,-0.009148400551333855,-0.009148400486665872,-30.058102276431228,-30.058102276422012,-0.00027104716072689,-0.00027104715918485584,-0.0053264034000799505,-0.005326403399921914
82.25,-0.009215098197738424,-0.00921509813268443,-30.0594144346191,-30.05941443460983,-0.0002625193567362926,-0.00026251935519029467,-0.005170862906847153,-0.005170862906688233
82.5,-0.009279652902843835,-0.00927965283740284,-30.06068770828874,-30.060687708279417,-0.00025390363044794123,-0.0002539036288979789,-0.00501532726251873,-0.0050153272623589245
82.75,-0.0093420426861617,-0.009342042620332714,-30.06192209865859,-30.061922098649216,-0.0002451999825514116,-0.00024519998099748424,-0.004859796516830673,-0.00485979651666998
83.0,-0.009402245567376857,-0.009402245501158887,-30.063117606959533,-30.063117606950104,-0.00023640841374293194,-0.00023640841218503905,-0.004704270719518584,-0.004704270719357
83.25,-0.009460319789180523,-0.009460319722572576,-30.06427538279124,-30.06427538278176,-0.00022817157352583367,-0.00022817157196397458,-0.004557936710655096,-0.00455793671049262
83.5,-0.009516324460587105,-0.009516324393588191,-30.065396575705112,-30.065396575695576,-0.0002198520106766706,-0.00021985200911084468,-0.0044116073846319805,-0.004411607384468609
83.75,-0.009570238901021653,-0.00957023883363078,-30.066481186877706,-30.066481186868117,-0.00021144972586107204,-0.00021144972429127867,-0.004265282788243872,-0.004265282788079604
84.0,-0.009622042430076421,-0.009622042362292598,-30.06752921749728,-30.06752921748764,-0.00020296471975103536,-0.00020296471817727392,-0.004118962968285026,-0.00411896296811986
84.25,-0.009671793115084903,-0.009671793046907138,-30.068541778236604,-30.06854177822691,-0.00019502781042517701,-0.00019502780884744688,-0.003981523694540892,-0.003981523694374824
84.5,-0.00971954986036976,-0.009719549791796999,-30.069519979720546,-30.069519979710794,-0.0001870132020683974,-0.00018701320048621629,-0.003844088932550375,-0.003844088932383405
84.75,-0.009765293241253258,-0.009765293172284447,-30.070463823082537,-30.07046382307273,-0.00017892089532170035,-0.00017892089373554927,-0.0037066587262663507,-0.0037066587260984763
85.0,-0.009809003833218737,-0.009809003763852825,-30.071373309467,-30.071373309457133,-0.00017075089083269703,-0.0001707508892420937,-0.0035692331196413283,-0.003569233119472547
85.25,-0.009850739370797734,-0.009850739301033666,-30.072249510443893,-30.07224951043397,-0.00016312126770037512,-0.00016312126610580052,-0.0034403754147768195,-0.0034403754146071293
85.5,-0.009890558396045013,-0.009890558325881739,-30.07309349753578,-30.0730934975258,-0.0001554187922812082,-0.00015541879068218007,-0.003311522046468425,-0.003311522046297823
85.75,-0.009928442695965815,-0.009928442625402281,-30.073905271831954,-30.073905271821918,-0.0001476434651917642,-0.0001476434635887635,-0.0031826730559273027,-0.0031826730557557867
86.0,-0.009964374057720141,-0.009964373986755353,-30.074684834432006,-30.074684834421912,-0.00013979528705357347,-0.00013979528544659956,-0.0030538284843642607,-0.0030538284841918283
86.25,-0.009998409736454706,-0.00999840966508767,-30.07543321776049,-30.07543321775034,-0.000132478779008869,-0.00013247877739792124,-0.0029332388332651634,-0.0029332388330918125
86.5,-0.010030607765342018,-0.010030607693571742,-30.076151454195163,-30.076151454184952,-0.0001250940883735794,-0.00012509408675865714,-0.002812653340277443,-0.002812653340103171
86.75,-0.010060951098808222,-0.010060951026633652,-30.07683954478037,-30.0768395447701,-0.00011764121573894762,-0.00011764121411956865,-0.0026920720439706945,-0.002692072043795499
87.0,-0.010089422691427876,-0.010089422618847897,-30.077497490570103,-30.07749749055977,-0.00011012016170102163,-0.00011012016007718531,-0.0025714949829141786,-0.0025714949827380573
87.25,-0.010116079183161398,-0.010116079110174956,-30.078126284923233,-30.07812628491284,-0.00010312115719034968,-0.00010312115556253695,-0.0024588605019300884,-0.0024588605017530386
87.5,-0.010140977962558117,-0.010140977889164219,-30.07872692115252,-30.07872692114207,-9.605846310037773e-05,-9.605846146858795e-05,-0.002346229998180139,-0.0023462299980021584
87.75,-0.010164103107293657,-0.010164103033491308,-30.079299400256776,-30.079299400246267,-8.89320799955173e-05,-8.893207835974981e-05,-0.0022336035076923107,-0.002233603507513398
88.0,-0.010185438695185567,-0.010185438620973711,-30.079843723243822,-30.079843723233253,-8.174200844679619e-05,-8.174200680656871e-05,-0.002120981066494265,-0.0021209810663144167
88.25,-0.010205040624562095,-0.01020504054993968,-30.080360844598758,-30.080360844588128,-7.506353112330126e-05,-7.506352947909475e-05,-0.0020159904025864976,-0.0020159904024057117
88.5,-0.010222965513048519,-0.010222965438014547,-30.080851718761355,-30.080851718750665,-6.83256814154226e-05,-6.832567976723639e-05,-0.001911003533374931,-0.0019110035331932058
88.75,-0.010239198517615995,-0.010239198442169473,-30.081316346684485,-30.081316346673734,-6.152845986196915e-05,-6.152845820980256e-05,-0.0018060204924453885,-0.0018060204922627219
89.0,-0.010253724795371079,-0.01025372471951095,-30.081754729329415,-30.081754729318604,-5.467186700732998e-05,-5.4671865350700776e-05,-0.001701041313383387,-0.0017010413131997766
89.25,-0.010266599387544068,-0.010266599311269277,-30.082167782601566,-30.082167782590695,-4.831566538844832e-05,-4.8315663727837435e-05,-0.0016033854630329249,-0.001603385462848368
89.5,-0.010277878025592511,-0.010277877948902003,-30.08255642236188,-30.082556422350947,-4.190423409610561e-05,-4.1904232431030766e-05,-0.0015057332239009674,-0.001505733223715462
89.75,-0.010287546902162055,-0.010287546825054773,-30.082920649517067,-30.082920649506075,-3.5437573643116474e-05,-3.543757197405862e-05,-0.0014080846272298822,-0.0014080846270434256
90.0,-0.01029559221002712,-0.010295592132502068,-30.08326046498165,-30.083260464970596,-2.8915684546881453e-05,-2.8915682873839923e-05,-0.001310439704261745,-0.0013104397040743353
90.25,-0.010302068027051395,-0.010302067949107579,-30.083576746468655,-30.083576746457542,-2.288230832468381e-05,-2.288230664765793e-05,-0.001219812760560187,-0.0012198127603718215
90.5,-0.010307029092548287,-0.01030702901418471,-30.083870371647567,-30.08387037163639,-1.6797672408612563e-05,-1.6797670727601662e-05,-0.0011291892443373393,-0.0011291892441480159
90.75,-0.010310462591655202,-0.010310462512870867,-30.084141341378878,-30.08414134136764,-1.0661777286346958e-05,-1.0661775601350362e-05,-0.0010385691845898252,-0.0010385691843995417
91.0,-0.010312355709631798,-0.010312355630425648,-30.08438965653033,-30.084389656519033,-4.4746234482361585e-06,-4.47462175877158e-06,-0.0009479526103139911,-0.0009479526101227452
91.25,-0.010312761463676583,-0.010312761384047502,-30.08461615709405,-30.084616157082692,1.2365011800115103e-06,1.2365028739447501e-06,-0.0008640524378449371,-0.0008640524376527264
91.5,-0.0103117335040158,-0.01031173342396273,-30.08482168301961,-30.084821683008187,6.995086119835879e-06,6.995087817756852e-06,-0.0007801555094876411,-0.0007801555092944631
91.75,-0.010309259965629192,-0.010309259885151136,-30.085006235121387,-30.085006235109905,1.2801130909491292e-05,1.2801132611400686e-05,-0.0006962618520894857,-0.0006962618518953381
92.0,-0.010305328983612283,-0.010305328902708183,-30.085169814220485,-30.08516981420894,1.8654635084510793e-05,1.8654636790890913e-05,-0.0006123714924975918,-0.0006123714923024722
92.25,-0.01029999242744339,-0.01029999234611219,-30.085313223135454,-30.085313223123844,2.404511914425817e-05,2.404512085462809e-05,-0.0005349003354126897,-0.0005349003352165957
92.5,-0.010293302771619425,-0.010293302689860126,-30.08543726464335,-30.085437264631675,2.9479432252911202e-05,2.9479433967271613e-05,-0.0004574322400314728,-0.0004574322398344023
92.75,-0.010285249058932437,-0.010285248976744042,-30.085541939512694,-30.085541939500956,3.495757397568912e-05,3.495757569404072e-05,-0.0003799672311471863,-0.000379967230949137
93.0,-0.010275820332283518,-0.01027582024966503,-30.08562724851821,-30.08562724850641,4.047954387499812e-05,4.047954559734161e-05,-0.0003025053335528287,-0.0003025053333537983
93.25,-0.010265067235165307,-0.010265067152115726,-30.08569395792008,-30.085693957908212,4.5551960292165236e-05,4.55519620185013e-05,-0.00023117035955323744,-0.00023117035935322372
93.5,-0.010253040988543731,-0.010253040905062,-30.08574283393807,-30.08574283392614,5.066473983399051e-05,5.066474156480147e-05,-0.0001598382663514834,-0.0001598382661504839
93.75,-0.010239731501688618,-0.01023973141777362,-30.08577387729524,-30.085773877283245,5.581788209201413e-05,5.581788382730067e-05,-8.850907678020336e-05,-8.850907657821561e-05
94.0,-0.010225128683972337,-0.010225128599623011,-30.08578708872035,-30.085787088708287,6.101138665435019e-05,6.10113883936314e-05,-1.7182813671801993e-05,-1.7182813468823585e-05
94.25,-0.010209281882521161,-0.010209281797736508,-30.08578319859108,-30.08578319857895,6.576920156703723e-05,6.576920331031384e-05,4.830339931032193e-05,4.830339951429332e-05
94.5,-0.010192240994898762,-0.010192240909677724,-30.085762937245867,-30.08576293723367,7.056407596042862e-05,7.056407770818294e-05,0.00011378691039382204,0.00011378691059878886
94.75,-0.01017399675628284,-0.010173996670624295,-30.085726305362805,-30.08572630535054,7.539600945104602e-05,7.539601120327876e-05,0.00017926769861487102,0.00017926769882083588
95.0,-0.010154539901947347,-0.010154539815850178,-30.085673303625228,-30.085673303612896,8.026500165229629e-05,8.026500340900816e-05,0.00024474574300985946,0.0002447457432168251
95.25,-0.010133918421293507,-0.010133918334756653,-30.085604627257705,-30.085604627245306,8.471249607765684e-05,8.471249783836694e-05,0.0003046647779189418,0.00030466477812691057
95.5,-0.010112180827673813,-0.010112180740696215,-30.085520971446737,-30.085520971434274,8.919390531959881e-05,8.919390708478944e-05,0.0003645812873619489,0.00036458128757092324
95.75,-0.010089318642428825,-0.010089318555009422,-30.085422336826092,-30.08542233681356,9.37092290200173e-05,9.370923078920758e-05,0.00042449525215393087,0.0004244952523639132
96.0,-0.010065323386989046,-0.010065323299126839,-30.085308724034327,-30.08530872402173,9.825846681748412e-05,9.825846859067475e-05,0.0004844066531101414,0.000484406653321134
96.25,-0.010040241639736401,-0.01004024155143033,-30.085180793919026,-30.08518079390636,0.00010240066550179473,0.00010240066727946803,0.000539033878831738,0.0005390338790437437
96.5,-0.010014120477102949,-0.010014120388351892,-30.08503920729092,-30.085039207278186,0.00010657378980850436,0.00010657379159066107,0.0005936587526334207,0.0005936587528464418
96.75,-0.009986952167724782,-0.00998695207852768,-30.084883964740175,-30.084883964727375,0.00011077783940365081,0.00011077784118981003,0.0006482812570211703,0.0006482812572352095
97.0,-0.009958728980321812,-0.009958728890677662,-30.08471506686133,-30.084715066848464,0.0001150128139506659,0.00011501281574082835,0.0007029013745011576,0.0007029013747162172
97.25,-0.009929496035370028,-0.00992949594527783,-30.084533140942007,-30.08453314092907,0.00011885542705631555,0.00011885542885048194,0.0007525056178771747,0.0007525056180932568
97.5,-0.009899298926110151,-0.009899298835568846,-30.08433881423421,-30.08433881422121,0.00012272612836396966,0.00012272613016262238,0.0008021076796063688,0.000802107679823476
97.75,-0.009868130630530356,-0.009868130539538882,-30.084132087285344,-30.084132087272273,0.0001266249175638588,0.00012662491936651698,0.0008517075437997959,0.0008517075440179307
98.0,-0.0098359841266965,-0.009835984035253853,-30.083912960646778,-30.083912960633636,0.0001305517943442886,0.00013055179615095296,0.0009013051945686878,0.0009013051947878523
98.25,-0.00980290303932522,-0.0098029029474304,-30.08368202889787,-30.08368202888466,0.00013410113776687744,0.00013410113957754868,0.0009461484621252629,0.0009461484623454596
98.5,-0.009768931441254479,-0.009768931348906424,-30.083439886583644,-30.083439886570368,0.0001376758798924782,0.0001376758817076387,0.0009909897146934722,0.0009909897149147039
98.75,-0.00973406298284425,-0.009734062890041839,-30.08318653420965,-30.0831865341963,0.000141276020434938,0.00014127602225458847,0.00103582893790577,0.0010358289381280391
99.0,-0.009698291314526267,-0.009698291221268435,-30.082921972285014,-30.0829219722716,0.0001449015591063428,0.00014490156093000236,0.0010806661173947726,0.0010806661176180818
99.25,-0.009661658533366283,-0.009661658439652028,-30.082646763562032,-30.082646763548546,0.0001481644990520586,0.000148164500879728,0.0011210033588894945,0.001121003359113846
99.5,-0.009624207160571859,-0.009624207066400178,-30.08236147075994,-30.08236147074638,0.00015145029213820774,0.0001514502939698877,0.0011613387481294996,0.0011613387483548959
99.75,-0.009585931482890692,-0.009585931388260582,-30.082066094343414,-30.082066094329786,0.00015475893810202777,0.00015475893993771906,0.001201672272187218,0.0012016722724136615
100.0,-0.009546825787136556,-0.009546825692047015,-30.08176063478037,-30.08176063476667,0.0001580904366776796,0.00015809043851738297,0.0012420039181352297,0.0012420039183627224
100.25,-0.00950693061782666,-0.009506930522276686,-30.081445623901534,-30.081445623887763,0.0001610743257244104,0.00016107432756812655,0.0012780828312799132,0.0012780828315084576
100.5,-0.009466286920322897,-0.009466286824311426,-30.081121593505888,-30.081121593492046,0.00016407866218868614,0.00016407866403689745,0.0013141600507047468,0.0013141600509343453
100.75,-0.009424889582800812,-0.009424889486326778,-30.080788544018304,-30.080788544004392,0.0001671034458307927,0.0001671034476830183,0.0013502355648430317,0.0013502355650736866
101.0,-0.009382733493496248,-0.00938273339655865,-30.08044647586655,-30.08044647585257,0.0001701486764080351,0.00017014867826427573,0.0013863093621282057,0.0013863093623599193
101.25,-0.009339857625521098,-0.00933985752811893,-30.080095890884845,-30.08009589087079,0.00017286129696997813,0.00017286129883023455,0.0014183702358308672,0.001418370236063642
101.5,-0.009296301330231928,-0.009296301232364187,-30.079737290876952,-30.079737290862823,0.00017559209488391214,0.0001755920967481851,0.0014504295699077953,0.0014504295701416334
101.75,-0.009252060063318027,-0.00925205996498371,-30.079370676229065,-30.079370676214864,0.0001783410699312818,0.00017834107179957203,0.0014824873540764238,0.0014824873543113277
102.0,-0.00920712928052351,-0.00920712918172155,-30.078996047329944,-30.07899604731567,0.00018110822189205904,0.0001811082237648489,0.0015145435780543105,0.0015145435782902826
102.25,-0.009161546370464665,-0.009161546271193999,-30.078613876957547,-30.078613876943198,0.00018355773171017551,0.0001835577335869842,0.0015428191702443446,0.0015428191704813872
102.5,-0.009115349078110882,-0.009115348978370503,-30.078224637860686,-30.07822463784626,0.0001860232802188044,0.00018602328209963264,0.0015710933722508983,0.0015710933724890138
102.75,-0.009068533393814185,-0.00906853329360309,-30.07782833038804,-30.077828330373542,0.0001885048672204968,0.00018850486910534537,0.0015993661750012048,0.0015993661752403956
103.0,-0.009021095307976082,-0.009021095207293266,-30.07742495489056,-30.077424954875987,0.00019100249251684435,0.00019100249440571397,0.0016276375694226097,0.0016276375696628782
103.25,-0.008973070617383807,-0.008973070516228204,-30.077014956041314,-30.077014956026666,0.00019319737009115327,0.00019319737198452634,0.0016523530176765775,0.0016523530179179261
103.5,-0.008924495454002928,-0.008924495352373472,-30.076598778485536,-30.076598778470814,0.00019540627479631785,0.00019540627669371353,0.001677067220357223,0.0016770672205996542
103.75,-0.008875366311072887,-0.00887536620896857,-30.07617642253561,-30.076176422520813,0.00019762920645490374,0.00019762920835632278,0.0017017801695296804,0.0017017801697731963
104.0,-0.008825679681877422,-0.008825679579297242,-30.075747888505905,-30.075747888491033,0.000199866164889963,0.00019986616679540617,0.0017264918572591833,0.0017264918575037864
104.25,-0.008775469769013033,-0.008775469665955982,-30.075313593923077,-30.07531359390813,0.00020181516109447106,0.00020181516300393914,0.0017478646216549675,0.00174786462190066
104.5,-0.00872477108980206,-0.008724770986267134,-30.074873956287252,-30.07487395627223,0.00020377629563655725,0.000203776297550051,0.0017692362801026422,0.0017692362803494266
104.75,-0.008673580609679732,-0.008673580505665923,-30.074428975875776,-30.074428975860677,0.0002057495683590899,0.00020574957027661009,0.0017906068257357943,0.0017906068259836729
105.0,-0.00862189529412068,-0.00862189518962686,-30.073978652967707,-30.07397865295253,0.00020773497910395064,0.00020773498102646127,0.0018119762516881,0.0018119762519370752
105.25,-0.00856974775503447,-0.008569747650059512,-30.0735233789055,-30.073523378890247,0.00020944706159054454,0.00020944706351708314,0.0018302160846091853,0.00183021608485926
105.5,-0.008517170899328727,-0.008517170793871565,-30.073063545006367,-30.07306354499104,0.0002111695120373058,0.00021116951396835478,0.0018484549461010302,0.001848454946352207
105.75,-0.008464162135030588,-0.008464162029090153,-30.072599151513902,-30.072599151498498,0.00021290233030667915,0.00021290233224175768,0.0018666928302986897,0.0018666928305509708
106.0,-0.008410718870201768,-0.008410718763776992,-30.07213019867316,-30.07213019865768,0.00021464551625958428,0.00021464551819917475,0.0018849297313372967,0.0018849297315906845
106.25,-0.008356872133296243,-0.008356872026385999,-30.071657052605197,-30.071657052589636,0.0002161298309351796,0.00021612983287928278,0.0019002386724878333,0.0019002386727423304
106.5,-0.00830265322876385,-0.008302653121367009,-30.071180079407107,-30.071180079391468,0.0002176228572546885,0.0002176228592033052,0.0019155467715220513,0.0019155467717776604
106.75,-0.008248059978708557,-0.00824805987082405,-30.070699279290036,-30.07069927927432,0.00021912459509840053,0.00021912459705104991,0.0019308540235119516,0.0019308540237686753
107.0,-0.008193090205264285,-0.008193090096891105,-30.070214652466362,-30.070214652450566,0.0002206350443464408,0.00022063504630312367,0.0019461604235296026,0.001946160423787443
107.25,-0.008137773365044882,-0.00813777325618202,-30.069726540796072,-30.069726540780195,0.0002219008715915603,0.00022190087355227742,0.001958732819514164,0.0019587328197731243
107.5,-0.008082139172381307,-0.008082139063027755,-30.06923528611646,-30.069235286100504,0.00022317386388288093,0.0002231738658476331,0.0019713044974145402,0.001971304497674623
107.75,-0.008026185836024774,-0.008026185726179521,-30.068740888607557,-30.06874088859152,0.00022445402111821857,0.00022445402308700658,0.0019838754531776126,0.00198387545343882
108.0,-0.00796991156475213,-0.00796991145441417,-30.0682433484504,-30.068243348434287,0.0002257413431946327,0.00022574134516745734,0.001996445682750319,0.001996445683012653
108.25,-0.007913344258779625,-0.007913344147947886,-30.067742984199104,-30.06774298418291,0.00022679805856691624,0.0002267980605442599,0.0020064682280568117,0.002006468228320275
108.5,-0.007856512058481448,-0.007856511947154862,-30.067240114386337,-30.067240114370062,0.00022786049778587513,0.00022786049976725701,0.0020164901739778466,0.0020164901742424418
108.75,-0.007799413532906605,-0.007799413421084164,-30.06673473916235,-30.066734739145993,0.00022892866076602944,0.00022892866275145036,0.002026511517275562,0.0020265115175412914
109.0,-0.007742047251125404,-0.0077420471388061,-30.066226858678203,-30.066226858661764,0.000230002547422452,0.00023000254941191276,0.002036532254712145,0.0020365322549790103
109.25,-0.007684439576298778,-0.00768443946348154,-30.065716769129608,-30.065716769113088,0.0002308595818231805,0.00023085958381716348,0.0020441840532964897,0.002044184053564494
109.5,-0.007626617094900316,-0.007626616981584074,-30.065204766692073,-30.06520476667547,0.00023172099998568284,0.00023172100198370728,0.002051835365830601,0.002051835366099747
109.75,-0.007568578710998269,-0.007568578597182012,-30.06469085148742,-30.064690851470736,0.0002325868018403486,0.0002325868038424153,0.002059486189834677,0.0020594861901049666
110.0,-0.00751032332867824,-0.007510323214360897,-30.06417502363809,-30.064175023621324,0.0002334569873179601,0.00023345698932455148,0.0020671365228289544,0.00206713652310039
110.25,-0.007451875796726787,-0.007451875681907288,-30.06365755791897,-30.06365755790212,0.00023412379172319247,0.0002341237937338277,0.0020725891673381023,0.0020725891676106867
110.5,-0.007393261171104118,-0.007393261055781451,-30.063138729085942,-30.06313872906901,0.00023479373667878187,0.00023479373869346177,0.0020780414337585825,0.0020780414340323184
110.75,-0.007334478666679339,-0.007334478550852432,-30.062618537233757,-30.062618537216743,0.0002354668221311117,0.00023546682415031872,0.0020834933203138528,0.0020834933205887422
111.0,-0.007275527498334936,-0.007275527382002719,-30.0620969824576,-30.062096982440504,0.00023614304802677485,0.00023614305005002816,0.002088944825227401,0.0020889448255034465
111.25,-0.007216431025883349,-0.007216430909044749,-30.061574319037184,-30.061574319020007,0.00023662906326048238,0.00023662906528826443,0.002092362492321414,0.0020923624925986185
111.5,-0.00715721280086907,-0.007157212683523015,-30.06105080123441,-30.06105080121715,0.0002371170685218097,0.0002371170705536397,0.0020957798839215938,0.002095779884199959
111.75,-0.00709787232579006,-0.007097872207935477,-30.060526429118287,-30.060526429100946,0.00023760706377181666,0.00023760706580817703,0.0020991969989022246,0.0020991969991817536
112.0,-0.007038409103154011,-0.007038408984789829,-30.060001202758116,-30.06000120274069,0.00023809904897156706,0.000238099051011977,0.002102613836137614,0.002102613836418309
112.25,-0.006978845032227182,-0.0069788449133523275,-30.059475356850374,-30.059475356832863,0.000238413673123463,0.00023841367516840497,0.002104153396183738,0.002104153396465601
112.5,-0.006919202189253063,-0.0069192020698664635,-30.05894912607489,-30.058949126057296,0.00023872922534568127,0.00023872922739467446,0.00210569277798947,0.002105692778272504
112.75,-0.006859480342217329,-0.006859480222317972,-30.05842251047629,-30.058422510458612,0.00023904570561217,0.00023904570766521523,0.002107231981029823,0.0021072319813140307
113.0,-0.006799679259112136,-0.006799679138698946,-30.057895510099332,-30.05789551008157,0.00023936311389713625,0.00023936311595471597,0.0021087710047798256,0.002108771005065209
113.25,-0.0067398194098055525,-0.006739819288877458,-30.05736834095367,-30.05736834093582,0.00023951567232698202,0.00023951567438861547,0.0021085821462017863,0.002108582146488348
113.5,-0.006679921427063481,-0.0066799213056194075,-30.056841219033437,-30.056841219015503,0.0002396681813790079,0.00023966818344517752,0.0021083932013376944,0.002108393201625437
113.75,-0.006619985323231822,-0.0066199852012706955,-30.056314144360204,-30.05631414434218,0.0002398206410416517,0.0002398206431118767,0.0021082041702154856,0.002108204170504411
114.0,-0.0065600111106594245,-0.006560010988180231,-30.055787116955532,-30.05578711693742,0.00023997305130288147,0.0002399730533771627,0.0021080150528631015,0.0021080150531532127
114.25,-0.006500017862386049,-0.006500017739387775,-30.0552603350219,-30.055260335003698,0.0002399727771688887,0.00023997277924722702,0.0021062404162950805,0.00210624041658638
114.5,-0.006440024800932605,-0.006440024677414236,-30.054733996747366,-30.054733996729077,0.00023997155674344744,0.00023997155882584366,0.0021044657801495255,0.002104465780442015
114.75,-0.0063800321628719875,-0.006380032038832508,-30.05420810213176,-30.054208102113382,0.00023996939002629311,0.00023996939211274807,0.0021026911449617373,0.0021026911452554195
115.0,-0.006320040184777072,-0.006320040060215408,-30.053682651174775,-30.053682651156308,0.0002399662770178699,0.00023996627910886602,0.002100916511267017,0.0021009165115618944
115.25,-0.006260066578164122,-0.006260066453079199,-30.05315782513309,-30.053157825114535,0.00023982228145688335,0.0002398222835519399,0.002097691835839073,0.002097691836135148
115.5,-0.006200129191262574,-0.0062001290656533755,-30.05263380525004,-30.052633805231395,0.00023967651932859535,0.00023967652142771315,0.002094467242366418,0.0020944672426636934
115.75,-0.0061402284657128495,-0.00614022833957836,-30.05211059150501,-30.052110591486276,0.00023952899064424806,0.000239528992747428,0.0020912427318483676,0.0020912427321468454
116.0,-0.006080364843152388,-0.006080364716491592,-30.051588183877133,-30.05158818385831,0.0002393796954164709,0.00023937969752371382,0.002088018305284229,0.0020880183055839116
116.25,-0.006020554710371261,-0.006020554583183143,-30.051066747519524,-30.05106674750061,0.000239100947828419,0.00023910094993972577,0.002083472581933518,0.0020834725822344077
116.5,-0.005960814578739302,-0.005960814451022846,-30.050546447572984,-30.050546447553977,0.0002388196862268615,0.00023881968834223296,0.002078927016976482,0.002078927017278581
116.75,-0.005901145076757017,-0.005901144948511207,-30.050027283997732,-30.050027283978636,0.0002385359106347911,0.0002385359127542281,0.0020743816118352493,0.00207438161213856
117.0,-0.005841546832919391,-0.00584154670414315,-30.04950925675364,-30.049509256734456,0.0002382496210733958,0.0002382496231973808,0.0020698363679319373,0.0020698363682364624
117.25,-0.005782034947349115,-0.005782034818041365,-30.04899251571208,-30.048992515692806,0.0002378449314283591,0.00023784493355641134,0.002064092002763199,0.0020640920030689405
117.5,-0.005722624633234063,-0.005722624503393788,-30.04847721073312,-30.048477210713756,0.00023743704943701607,0.00023743705156913642,0.0020583478674233192,0.00205834786773028
117.75,-0.0056633166886568016,-0.005663316558282984,-30.04796334175908,-30.047963341739624,0.0002370259751315029,0.00023702597726769223,0.002052603963718147,0.0020526039640263293
118.0,-0.005604111911691704,-0.005604111780783327,-30.047450908731822,-30.047450908712275,0.00023661170854520354,0.0002366117106854627,0.002046860293453512,0.0020468602937629182
118.25,-0.005545024155660307,-0.005545024024216232,-30.0469400470418,-30.046940047022165,0.00023608970550460142,0.0002360897076498945,0.0020400332759728523,0.002040033276283485
118.5,-0.005486067376038288,-0.0054860672440573775,-30.04643089206915,-30.046430892049422,0.00023556389727716462,0.00023556389942652926,0.0020332065548566225,0.002033206555168484
118.75,-0.0054272425241172215,-0.005427242391598457,-30.04592344373951,-30.04592344371969,0.0002350342839040179,0.000235034286057455,0.0020263801322573426,0.0020263801325704355
119.0,-0.005368550551178166,-0.00536855041812053,-30.045417701977982,-30.04541770195807,0.00023450086542816252,0.0002345008675856729,0.002019554010327508,0.002019554010641835
119.25,-0.00531000410425983,-0.005310003970662304,-30.044913788473057,-30.04491378845305,0.00023386998390459733,0.0002338699860661819,0.0020117540886126,0.002011754088928163
119.5,-0.00525161592223077,-0.005251615788092335,-30.044411824903847,-30.04441182488375,0.00023323474632239665,0.00023323474848805628,0.002003954525008677,0.0020039545253254785
119.75,-0.005193387094099221,-0.005193386959418797,-30.043911811180518,-30.043911811160328,0.00023259515273301083,0.00023259515490322799,0.001996155321979874,0.001996155322297917
120.0,-0.005135318708860665,-0.005135318573637114,-30.043413747212618,-30.043413747192332,0.0002319512031870092,0.00023195120536178475,0.001988356481990299,0.0019883564823095857
120.25,-0.005077422248838506,-0.005077422113070688,-30.042917741743345,-30.042917741722967,0.00023121966892189098,0.00023121967110122582,0.001979687341216848,0.001979687341537381
120.5,-0.00501970927843141,-0.005019709142118244,-30.042423903507423,-30.042423903486952,0.00023048328627629777,0.00023048328845971116,0.001971018615631212,0.001971018615952994
120.75,-0.004962181009727209,-0.004962180872867616,-30.041932232400715,-30.041932232380148,0.00022974205530857715,0.00022974205749655158,0.001962350307976023,0.0019623503082990563
121.0,-0.004904838654799005,-0.004904838517391904,-30.041442728318394,-30.04144272829773,0.00022899597607824027,0.00022899597827029502,0.00195368242099388,0.001953682421318167
121.25,-0.004847692573826758,-0.00484769243587113,-30.040955487792107,-30.04095548777135,0.00022817179078205184,0.0002281717929781878,0.0019442418670516462,0.0019442418673771885
121.5,-0.0047907531998640125,-0.004790753061358837,-30.040470607345906,-30.04047060732505,0.0002273423200132463,0.00022734232221346436,0.0019348017808320022,0.0019348017811588022
121.75,-0.004734021854270778,-0.0047340217152150345,-30.039988086862483,-30.039988086841532,0.00022650756383706566,0.00022650756604136672,0.0019253621653248345,0.0019253621656528945
122.0,-0.004677499858390472,-0.00467749971878314,-30.039507926223784,-30.039507926202738,0.00022566752232098364,0.0002256675245293686,0.0019159230235199912,0.001915923023849314
122.25,-0.004621196492674658,-0.004621196352514655,-30.039030210460513,-30.03903021043937,0.00022475845830812198,0.00022475846052107332,0.001905803168398422,0.0019058031687290097
122.5,-0.004565121101782034,-0.004565120961068219,-30.03855502459661,-30.03855502457537,0.00022384372374762047,0.00022384372596513907,0.0018956838291228361,0.0018956838294546916
122.75,-0.004509275103340437,-0.004509274962071667,-30.038082368502714,-30.038082368481373,0.0002229233187121499,0.00022292332093423669,0.0018855650089009488,0.0018855650092340745
123.0,-0.004453659914959363,-0.004453659773134557,-30.037612242048656,-30.037612242027215,0.00022199724327574206,0.0002219972455019163,0.0018754467109404333,0.0018754467112748318
123.25,-0.004398283780577566,-0.004398283638195702,-30.037144719451394,-30.037144719429858,0.00022101083065320483,0.00022101083288346744,0.0018647341602023736,0.0018647341605380473
123.5,-0.004343155000192192,-0.004343154857252248,-30.036679874921926,-30.03667987490029,0.0002200184113175589,0.00022001841355191075,0.0018540221691602026,0.0018540221694971538
123.75,-0.004288275075471621,-0.004288274931972514,-30.036217708319903,-30.036217708298167,0.00021901998534805208,0.00021901998758697572,0.0018433107412117963,0.0018433107415500275
124.0,-0.004233645508064243,-0.004233645364004889,-30.035758219504128,-30.035758219482293,0.00021801555282537384,0.00021801555506838856,0.0018325998797549855,0.0018325998800944993
124.25,-0.00417927354866548,-0.0041792734040447975,-30.03530147254131,-30.035301472519375,0.00021695907286294806,0.00021695907511053638,0.0018213759224655242,0.001821375922806323
124.5,-0.004125166496380123,-0.004125166351196969,-30.03484753149296,-30.034847531470927,0.000215896295932257,0.00021589629818441982,0.001810152564589978,0.0018101525649320647
124.75,-0.00407132592543962,-0.00407132577969291,-30.03439639620878,-30.034396396186647,0.00021482722211833388,0.0002148272243745905,0.0017989298096904144,0.0017989298100337912
125.0,-0.004017753410054151,-0.004017753263742802,-30.033948066537583,-30.03394806651535,0.00021375185150627836,0.0002137518537671113,0.001787707661328852,0.0017877076616735217
125.25,-0.003964455251057057,-0.003964455104179984,-30.033502597035685,-30.033502597013353,0.00021263232976180015,0.00021263233202672868,0.0017760484594601554,0.0017760484598061202
125.5,-0.003911437790523916,-0.003911437643080035,-30.033060042254938,-30.033060042232506,0.00021150626380962468,0.00021150626607913136,0.0017643898927369936,0.0017643898930842562
125.75,-0.0038587026644953406,-0.003858702516483509,-30.032620402036095,-30.03262040201356,0.00021037365374032246,0.00021037365601440821,0.0017527319648612913,0.0017527319652098543
126.0,-0.003806251508989228,-0.0038062513604083612,-30.032183676218978,-30.03218367619634,0.00020923449964507134,0.00020923450192325546,0.001741074679534922,0.001741074679884788
126.25,-0.0037540897178799035,-0.003754089568728856,-30.031749910465745,-30.031749910443008,0.000208058704018982,0.00020805870630222865,0.0017290514572271937,0.0017290514575783653
126.5,-0.003702222719581022,-0.003702222569858649,-30.03131915043479,-30.03131915041195,0.0002068761571772504,0.00020687615946459725,0.0017170289019567521,0.001717028902309232
126.75,-0.003650652201884756,-0.003650652051590032,-30.030891395958875,-30.03089139593593,0.00020568685921387188,0.0002056868615053199,0.0017050070175426227,0.0017050070178964132
127.0,-0.003599379852559577,-0.0035993797016914764,-30.030466646869808,-30.03046664684676,0.00020449081022446214,0.0002044908125200122,0.0016929858078037763,0.0016929858081588798
127.25,-0.003548410202252477,-0.003548410050809914,-30.03004494052806,-30.03004494050491,0.00020326523877847445,0.00020326524107860912,0.001680665041783038,0.001680665042139457
127.5,-0.003497747809893173,-0.003497747657875062,-30.029626314290994,-30.02962631426774,0.00020203274665848316,0.00020203274896272175,0.0016683449710048733,0.0016683449713626103
127.75,-0.003447394405637895,-0.003447394253043209,-30.02921076798431,-30.02921076796095,0.00020079333396275112,0.00020079333627109455,0.0016560255993841658,0.0016560255997432232
128.0,-0.003397351719618159,-0.003397351566445812,-30.028798301432726,-30.028798301409264,0.00019954700079072044,0.00019954700310365127,0.0016437069308357427,0.001643706931196123
128.25,-0.003347623461494016,-0.0033476233077429206,-30.028388944264172,-30.028388944240607,0.00019827788833486114,0.00019827789065189868,0.0016311505373049963,0.0016311505376667022
128.5,-0.0032982133633802377,-0.003298213209049368,-30.027982726104096,-30.027982726080424,0.00019700172072476725,0.00019700172304591246,0.001618594863685289,0.0016185948640483228
128.75,-0.0032491231890526464,-0.0032491230341409752,-30.02757964677202,-30.027579646748244,0.00019571849806243033,0.00019571850038768414,0.0016060399139675764,0.0016060399143319405
129.0,-0.003200354702261535,-0.003200354546768035,-30.027179706086468,-30.027179706062586,0.00019442822045009027,0.00019442822277945365,0.0015934856921427565,0.0015934856925084533
129.25,-0.003151910834355769,-0.003151910678279352,-30.026782926488647,-30.02678292646466,0.00019312152993303404,0.0001931215322669895,0.0015807512136825177,0.0015807512140495496
129.5,-0.0031037945337220804,-0.0031037943770616592,-30.026389330417874,-30.02638933039378,0.0001918076822909405,0.00019180768462900738,0.0015680174764194476,0.0015680174767878175
129.75,-0.0030560075896287056,-0.003056007432383252,-30.025998917688348,-30.025998917664147,0.00019048667762809358,0.00019048667997027284,0.001555284484402185,0.0015552844847718948
130.0,-0.0030085517913175943,-0.00300855163348608,-30.025611688113248,-30.02561168808894,0.00018915851605049493,0.00018915851839678753,0.0015425522416793083,0.0015425522420503606
130.25,-0.0029614293337670516,-0.0029614291753483875,-30.025227657469767,-30.025227657445352,0.00018781993951973985,0.00018781994187062832,0.0015296930324206301,0.0015296930327930276
130.5,-0.0029146424239703014,-0.002914642264963339,-30.02484684153378,-30.02484684150926,0.00018647413403805038,0.00018647413639353568,0.0015168345824168282,0.0015168345827905733
130.75,-0.0028681928691516984,-0.002868192709555228,-30.02446924011496,-30.024469240090333,0.00018512109971255845,0.00018512110207312313,0.0015039768957571704,0.0015039768961322662
131.0,-0.0028220824765085363,-0.0028220823163214084,-30.024094853021964,-30.024094852997226,0.00018376083665261247,0.00018376083901729427,0.0014911199765308642,0.001491119976907313
131.25,-0.0027763127454437765,-0.002776312584664962,-30.023723689868092,-30.023723689843248,0.00018239579970767683,0.0001823958020764767,0.0014781853831914269,0.0014781853835692314
131.5,-0.0027308851827290573,-0.002730885021357526,-30.02335576026586,-30.02335576024091,0.00018102348987054055,0.00018102349224345947,0.0014652515640875155,0.0014652515644666781
131.75,-0.002685801606573676,-0.0026858014446083382,-30.0229910640212,-30.02299106399614,0.00017964390725132176,0.00017964390962884228,0.001452318523333254,0.0014523185237137774
132.0,-0.002641063835159363,-0.0026410636725991282,-30.022629600939002,-30.022629600913834,0.0001782570519604392,0.00017825705434208066,0.0014393862650427045,0.001439386265424591
132.25,-0.0025966727130527726,-0.0025966725498965506,-30.02227137494637,-30.022271374921093,0.00017687070969824644,0.00017687071208449142,0.001426421806767898,0.00142642180715115
132.5,-0.002552629087902601,-0.0025526289241493004,-30.02191638997011,-30.02191638994472,0.0001754770763276263,0.00017547707871799415,0.0014134581347858381,0.0014134581351704584
132.75,-0.002508934782472104,-0.0025089346181206345,-30.021564645813125,-30.021564645787628,0.00017407615195947853,0.00017407615435445183,0.0014004952532209538,0.0014004952536069448
133.0,-0.002465591619496595,-0.002465591454545865,-30.0212161422773,-30.021216142251692,0.00017266793670645277,0.00017266793910555088,0.0013875331661976104,0.0013875331665849746
133.25,-0.002422599827662561,-0.0024225996621114183,-30.02087087805933,-30.020870878033612,0.00017126518367945238,0.0001712651860836395,0.0013745807098720397,0.00137458071026078
133.5,-0.002379959634795317,-0.00237995946864261,-30.02052885185608,-30.02052885183025,0.0001698551449908844,0.00016985514739919827,0.001361629049120977,0.001361629049511096
133.75,-0.002337672862296214,-0.0023376726955409107,-30.020190063468142,-30.0201900634422,0.00016843782075317822,0.00016843782316561983,0.00134867818806577,0.00134867818845727
134.0,-0.002295741331538396,-0.0022957411641794647,-30.019854512695076,-30.019854512669024,0.00016701321107954854,0.00016701321349611885,0.0013357281308277015,0.001335728131220585
134.25,-0.0022541646947957525,-0.0022541645268321004,-30.01952219343725,-30.019522193411085,0.00016559867309968228,0.0001655986755208639,0.0013228260652096457,0.001322826065603915
134.5,-0.0022129425998647736,-0.002212942431295308,-30.019193099595633,-30.019193099569357,0.000164176876605144,0.0001641768790304563,0.0013099248018249771,0.001309924802220635
134.75,-0.002172076861359973,-0.002172076692183601,-30.018867230969157,-30.018867230942767,0.00016274782170926067,0.00016274782413918624,0.0012970243447796863,0.0012970243451767352
135.0,-0.0021315692938673764,-0.0021315691240829443,-30.01854458735572,-30.018544587329217,0.00016131150852661969,0.00016131151096115948,0.0012841246981796987,0.0012841246985781413
135.25,-0.002091419011372377,-0.0020914188409787314,-30.018225158272365,-30.018225158245748,0.0001598895495014301,0.00015988955194058511,0.0012713081027844457,0.0012713081031842848
135.5,-0.002051625120077849,-0.002051624949073896,-30.01790893323714,-30.01790893321041,0.00015846037894185985,0.00015846038138514948,0.0012584923138072599,0.001258492314208498
135.75,-0.0020121894228531324,-0.002012189251237838,-30.017595912047934,-30.01759591202109,0.00015702399696204626,0.00015702399940947147,0.0012456773353275554,0.0012456773357301947
136.0,-0.001973113722538997,-0.001973113550311327,-30.01728609450161,-30.01728609447465,0.00015558040367641247,0.00015558040612797427,0.0012328631714246816,0.0012328631718287247
136.25,-0.0019343966312362155,-0.0019343964583950772,-30.016979466124347,-30.016979466097272,0.00015415513565360646,0.00015415513810978742,0.0012201639811052828,0.0012201639815107323
136.5,-0.001896036750253548,-0.0018960365767978463,-30.016676012443714,-30.016676012416525,0.00015272272113455644,0.00015272272359487596,0.0012074655990574066,0.001207465599464265
136.75,-0.0018580358662007017,-0.001858035692129402,-30.01637573325714,-30.016375733229832,0.00015128316023418345,0.0001512831626986425,0.0011947680293236758,0.0011947680297319456
137.0,-0.001820395765658681,-0.0018203955909706878,-30.016078628361036,-30.016078628333613,0.00014983645306719718,0.00014983645553627838,0.0011820712759466484,0.001182071276356332
137.25,-0.0017831145952889992,-0.0017831144199832172,-30.01578467966293,-30.015784679635388,0.00014841173236697125,0.00014841173484019402,0.0011695184432949561,0.001169518443706056
137.5,-0.0017461904882320773,-0.0017461903123074708,-30.015493869072074,-30.015493869044416,0.0001469799465841636,0.00014697994906152893,0.0011569664185821541,0.001156966418994673
137.75,-0.0017096252107442254,-0.0017096250341997587,-30.01520619638599,-30.015206196358214,0.00014554109583355087,0.00014554109831505977,0.001144415205804811,0.0011444152062187512
138.0,-0.0016734205290530883,-0.0016734203518876652,-30.014921661401193,-30.014921661373297,0.00014409518022967885,0.00014409518271581392,0.0011318648089594305,0.0011318648093747944
138.25,-0.0016375741592381543,-0.001637573981450618,-30.014640242759246,-30.01464024273123,0.0001426746167988664,0.00014267461928962866,0.0011194844606173013,0.0011194844610340918
138.5,-0.0016020838013943391,-0.0016020836229835931,-30.01436191910377,-30.014361919075636,0.00014124708447971733,0.00014124708697462615,0.0011071049178351627,0.0011071049182533822
138.75,-0.0015669511977295181,-0.0015669510186945255,-30.014086690232883,-30.014086690204632,0.00013981258338599515,0.00013981258588505156,0.001094726184555168,0.0010947261849748192
139.0,-0.001532178090423037,-0.0015321779107626407,-30.013814555943718,-30.01381455591535,0.00013837111363217266,0.00013837111613634087,0.001082348264719406,0.0010823482651404913
139.25,-0.00149776179867275,-0.001497761618385792,-30.01354549194545,-30.01354549191696,0.0001369580771235683,0.0001369580796318861,0.0010701638546940526,0.0010701638551165746
139.5,-0.0014636996234798207,-0.0014636994425652637,-30.013279473949613,-30.013279473921003,0.00013553818119219752,0.00013553818370466594,0.00105798024593988,0.0010579802463638413
139.75,-0.0014299932796857193,-0.0014299930981425252,-30.0130165017554,-30.013016501726668,0.0001341114259519263,0.00013411142846854636,0.001045797442337119,0.0010457974427625217
140.0,-0.001396644482103484,-0.0013966442999305546,-30.01275657516104,-30.012756575132187,0.00013267781151634047,0.00013267781403759478,0.001033615447765935,0.0010336154481927822
140.25,-0.0013636501854003814,-0.0013636500025965583,-30.012499667258492,-30.01249966722952,0.00013127543908076977,0.00013127544160665937,0.0010216479048870426,0.0010216479053153367
140.5,-0.0013310073240723082,-0.0013310071406364924,-30.012245751142345,-30.012245751113248,0.00012986632853485144,0.00012986633106489576,0.0010096811572125363,0.00100968115764228
140.75,-0.0012987175826327108,-0.0012987173985638634,-30.011994826613318,-30.011994826584097,0.00012845047999179921,0.00012845048252599925,0.0009977152085540227,0.0009977152089852184
141.0,-0.0012667826455667105,-0.0012667824608637926,-30.01174689347118,-30.01174689344184,0.00012702789356499903,0.00012702789610335581,0.0009857500627230439,0.000985750063155694
141.25,-0.001235199134941884,-0.001235198949603796,-30.01150192248776,-30.011501922458294,0.00012563909037532008,0.00012563909291831625,0.0009740179356436857,0.0009740179360777924
141.5,-0.0012039636509035587,-0.001203963464929201,-30.01125988443775,-30.01125988440816,0.00012424368089155238,0.00012424368343870736,0.0009622865960555405,0.0009622865964911063
141.75,-0.001173077845011285,-0.0011730776583996178,-30.01102077912381,-30.0110207790941,0.00012284166522555842,0.0001228416677768732,0.0009505560476956486,0.0009505560481326761
142.0,-0.0011425433687966302,-0.0011425431815466132,-30.01078460634767,-30.010784606317834,0.0001214330434893413,0.00012143304604481691,0.0009388262943009873,0.0009388262947394787
142.25,-0.0011123565423701975,-0.0011123563544807305,-30.010551334840745,-30.01055133481079,0.00012006049037298188,0.00012006049293310095,0.0009273458905493289,0.000927345890989287
142.5,-0.0010825136623801304,-0.001082513473850052,-30.010320933337553,-30.010320933307472,0.00011868147201676362,0.00011868147458152718,0.0009158662650565979,0.0009158662654980251
142.75,-0.0010530163451225503,-0.0010530161559507598,-30.010093401643072,-30.010093401612867,0.00011729598853151608,0.00011729599110044356,0.0009043874214800427,0.0009043874219229418
143.0,-0.0010238662068659187,-0.0010238660170513749,-30.009868739561362,-30.009868739531033,0.00011590404002769402,0.00011590404260078646,0.0008929093634768494,0.0008929093639212228
143.25,-0.0009950592949289217,-0.0009950591044705231,-30.009646914046424,-30.009646914015967,0.00011455020276983013,0.0001145502053475702,0.0008816948837365691,0.0008816948841824193
143.5,-0.0009665916318256768,-0.0009665914407222616,-30.00942789205554,-30.009427892024956,0.00011319004937577187,0.0001131900519581606,0.0008704811716257999,0.0008704811720731296
143.75,-0.0009384647965766528,-0.0009384646048270588,-30.009211673396358,-30.009211673365648,0.00011182357995424124,0.00011182358254127966,0.0008592682307174455,0.0008592682311662574
144.0,-0.0009106803681751294,-0.0009106801757781941,-30.008998257875632,-30.008998257844794,0.00011045079461403125,0.00011045079720572042,0.0008480560645843481,0.0008480560650346449
144.25,-0.000883234149350662,-0.0008832339563052225,-30.008787610916563,-30.0087876108856,0.00010911792928957915,0.00010911793188592012,0.0008371197336752141,0.0008371197341269986
144.5,-0.0008561219168719763,-0.0008561217231768695,-30.00857969794583,-30.00857969791474,0.00010777890386559299,0.00010777890646658682,0.0008261841584879903,0.0008261841589412651
144.75,-0.0008293452107505263,-0.0008293450164045888,-30.008374518774065,-30.008374518742848,0.0001064337184495895,0.00010643372105523724,0.0008152493425073132,0.000815249342962081
145.0,-0.0008029055709708829,-0.0008029053759729513,-30.008172073211032,-30.008172073179686,0.00010508237314911895,0.00010508237575942165,0.0008043152892177587,0.0008043152896740223
145.25,-0.0007767985826359632,-0.0007767983869848734,-30.007972325380212,-30.00797232534874,0.00010377253382591156,0.00010377253644087026,0.000793667480885612,0.0007936674813433741
145.5,-0.0007510198039056465,-0.0007510196076002946,-30.007775239408716,-30.007775239377114,0.00010245669632980122,0.00010245669894893537,0.0007830204152041566,0.0007830204156634197
145.75,-0.000725570734310122,-0.0007255705373494038,-30.007580815110455,-30.007580815078725,0.00010113486076516059,0.00010113486338895287,0.0007723740955664307,0.0007723740960271975
146.0,-0.0007004528733532454,-0.0007004526757360566,-30.007389052298493,-30.007389052266635,9.98070272382835e-05,9.980702986625337e-05,0.0007617285253654131,0.0007617285258276862
146.25,-0.0006756616141619906,-0.0006756614158872264,-30.00719991401277,-30.00719991398078,9.852207439376322e-05,9.852207702639334e-05,0.0007513778816347044,0.0007513778820984864
146.5,-0.0006511923221010389,-0.0006511921231675942,-30.00701336329698,-30.00701336326486,9.723129021303285e-05,9.723129284984267e-05,0.000741027966429638,0.0007410279668949314
146.75,-0.0006270464549915536,-0.0006270462553983835,-30.006829399968584,-30.006829399936333,9.59346747992818e-05,9.59346774402724e-05,0.000730678783048876,0.0007306787835156832
147.0,-0.0006032254706289068,-0.0006032252703749659,-30.00664802384421,-30.006648023811827,9.463222825565411e-05,9.463223090082656e-05,0.0007203303347910218,0.0007203303352593454
147.25,-0.0005797245947112847,-0.0005797243937954671,-30.006469197081785,-30.00646919704927,9.337383566029288e-05,9.337383831012987e-05,0.000710283883306841,0.0007102838837766836
147.5,-0.0005565390245070647,-0.0005565388229282646,-30.006292881843116,-30.00629288181047,9.210978256525452e-05,9.21097852192755e-05,0.0007002381452752981,0.0007002381457466623
147.75,-0.0005336701751285353,-0.0005336699728857064,-30.00611907794944,-30.00611907791666,9.08400690716612e-05,9.084007172986725e-05,0.0006901931238984163,0.0006901931243713045
148.0,-0.0005111194616627153,-0.000511119258754751,-30.005947785221192,-30.005947785188283,8.956469528054872e-05,8.956469794342252e-05,0.0006801488223781614,0.0006801488228525761
148.25,-0.0004888819660210584,-0.0004888817624468519,-30.005778965121944,-30.005778965088904,8.833435542581119e-05,8.83343580928722e-05,0.0006704120876467454,0.0006704120881226893
148.5,-0.0004669527411590939,-0.0004669525369175984,-30.005612579119255,-30.00561257908608,8.709852905945134e-05,8.709853173070066e-05,0.000660676050449794,0.0006606760509272695
148.75,-0.00044533315869245985,-0.0004453329537826281,-30.005448627038348,-30.00544862700504,8.58572162796838e-05,8.58572189551225e-05,0.0006509407138909089,0.0006509407143699184
149.0,-0.000424024590212136,-0.0004240243846328604,-30.005287108703676,-30.005287108670238,8.461041718555828e-05,8.461041986566905e-05,0.0006412060810736358,0.000641206081554182
149.25,-0.0004030219960119393,-0.00040302178976199147,-30.00512798505873,-30.005127985025158,8.340945138106368e-05,8.340945406632923e-05,0.0006317831917630718,0.0006317831922451575
149.5,-0.00038232030703501857,-0.0003823201001132301,-30.004971217051068,-30.00497121701736,8.220317541540021e-05,8.220317810485839e-05,0.0006223609833206875,0.0006223609838043155
149.75,-0.0003619208508096808,-0.0003619206432150034,-30.004816804510096,-30.004816804476253,8.099158938452065e-05,8.099159207817255e-05,0.0006129394587503271,0.0006129394592354997
150.0,-0.0003418249548400855,-0.0003418247465714705,-30.004664747264467,-30.00466474723049,7.977469338565223e-05,7.977469608349895e-05,0.0006035186210557795,0.0006035186215424994
150.25,-0.000322027479088844,-0.0003220272701451223,-30.004515005899275,-30.004515005865162,7.860425725320155e-05,7.86042599562074e-05,0.0005944124108844348,0.0005944124113727045
150.5,-0.0003025232538951031,-0.0003025230442750449,-30.004367541003745,-30.004367540969493,7.742868894128978e-05,7.742869164897424e-05,0.0005853068642608074,0.0005853068647506299
150.75,-0.0002833135622919996,-0.00028331335199449534,-30.004222352411624,-30.004222352377234,7.624798854381189e-05,7.624799125569443e-05,0.0005762019840880609,0.0005762019845794387
151.0,-0.00026439968728910303,-0.0002643994763130428,-30.004079439955937,-30.00407943992141,7.506215615541296e-05,7.50621588719763e-05,0.0005670977732693048,0.0005670977737622407
151.25,-0.00024577640858286607,-0.00024577619692707953,-30.00393876401269,-30.003938763978024,7.392324794664902e-05,7.392325066789425e-05,0.000558309880144761,0.0005583098806392575
151.5,-0.00022743847608592445,-0.00022743826374924114,-30.003800284962075,-30.00380028492727,7.277938649626967e-05,7.277938922219792e-05,0.0005495226326825077,0.0005495226331785676
151.75,-0.00020938712809718047,-0.0002093869150784897,-30.003664002642324,-30.00366400260738,7.163057189635398e-05,7.163057462648473e-05,0.0005407360336844866,0.0005407360341821125
152.0,-0.00019162360289260875,-0.00019162338919079957,-30.003529916890972,-30.00352991685589,7.047680423824334e-05,7.04768069730593e-05,0.0005319500859525872,0.0005319500864517817
152.25,-0.00017414261855435256,-0.0001741424041682535,-30.00339798801276,-30.00339798797754,6.937027479868967e-05,6.937027753819197e-05,0.0005234810441253888,0.0005234810446261548
152.5,-0.00015693886332416676,-0.00015693864825260613,-30.00326817631665,-30.00326817628129,6.8258971388467e-05,6.825897413265672e-05,0.0005150126295936507,0.0005150126300959907
152.75,-0.00014001353068346923,-0.00014001331492533522,-30.003140481645477,-30.00314048160998,6.71428940976342e-05,6.714289684603086e-05,0.0005065448450579041,0.0005065448455618209
153.0,-0.00012336781409138107,-0.0001233675976456218,-30.00301490384141,-30.00301490380577,6.602204301450622e-05,6.602204576711093e-05,0.0004980776932186303,0.0004980776937241263
153.25,-0.00010699638810716066,-0.00010699617097266383,-30.00289140326443,-30.002891403228652,6.49485990289518e-05,6.494860178624727e-05,0.0004899270238662318,0.0004899270243733096
153.5,-9.089389748849022e-05,-9.0893679664083e-05,-30.002769940278778,-30.00276994024286,6.387056010445093e-05,6.387056286643831e-05,0.00048177696304277086,0.000481776963551433
153.75,-7.50614909592809e-05,-7.506127244391058e-05,-30.002650514731997,-30.002650514695937,6.278792632766875e-05,6.278792909338592e-05,0.0004736275133475046,0.0004736275138577535
154.0,-5.950031722179017e-05,-5.950009801452419e-05,-30.002533126470976,-30.002533126434773,6.170069778516908e-05,6.170070055461715e-05,0.00046547867737964133,0.0004654786778914792
154.25,-4.420502414979477e-05,-4.420480424948955e-05,-30.002417736026935,-30.00241773599059,6.0660910671950425e-05,6.066091344681614e-05,0.00045764497302651976,0.0004576449735399493
154.5,-2.9170229941753874e-05,-2.9170009347145196e-05,-30.002304303935354,-30.002304303898867,5.961670688742743e-05,5.9616709666989493e-05,0.0004498118581127868,0.00044981185862781093
154.75,-1.4397038755109158e-05,-1.4396817464902399e-05,-30.002192830048564,-30.002192830011932,5.856808651473441e-05,5.856808929995717e-05,0.00044197933513685734,0.0004419793356534791
155.0,1.1344527364389817e-07,1.1366726077374482e-07,-30.002083314218265,-30.00208331418149,5.7515049638306446e-05,5.7515052428468624e-05,0.00043414740659709883,0.0004341474071153213
155.25,1.4366585428031055e-05,1.4366808113409293e-05,-30.00197571725301,-30.00197571721609,5.650936498206076e-05,5.65093677778859e-05,0.0004266284103157619,0.0004266284108355882
155.5,2.836777446069693e-05,2.8367997845679248e-05,-30.001869999965614,-30.001869999928548,5.549944067797483e-05,5.549944347898245e-05,0.0004191099841325567,0.00041910998465399
155.75,4.211595246970179e-05,4.211617655564416e-05,-30.00176616221325,-30.00176616217604,5.4485276806267846e-05,5.4485279612940695e-05,0.00041159213044575984,0.0004115921309688032
156.0,5.56100595734083e-05,5.5610284361666976e-05,-30.001664203852496,-30.001664203815142,5.3466873449139716e-05,5.3466876260997315e-05,0.00040407485165360173,0.0004040748521782584
156.25,6.885545555487893e-05,6.885568104675026e-05,-30.001564086065628,-30.00156408602813,5.2495617011984573e-05,5.249561982902807e-05,0.0003968675349311154,0.0003968675354573883
156.5,8.185752938723754e-05,8.185775558413855e-05,-30.001465770039164,-30.00146577000152,5.1520296269221844e-05,5.152029909241559e-05,0.0003896607687817012,0.0003896607693095937
156.75,9.461526500396952e-05,9.46154919073175e-05,-30.00136925563518,-30.001369255597385,5.054091130000413e-05,5.054091412838605e-05,0.0003824545555044477,0.00038245455603396313
157.0,0.00010712764635828976,0.00010712787396938191,-30.001274542715162,-30.001274542677223,4.955746218301461e-05,4.955746501658586e-05,0.00037524889739839914,0.0003752488979295406
157.25,0.00011940001558673863,0.00011940024390687243,-30.00118159292232,-30.00118159288423,4.86208431322417e-05,4.862084597100342e-05,0.0003683495337242572,0.00036834953425702764
157.5,0.00013143774367140257,0.00013143797270187584,-30.00109036790407,-30.001090367865835,4.768033304525075e-05,4.768033588920409e-05,0.00036145070098039193,0.00036145070151479436
157.75,0.00014323985786261393,0.0001432400876047247,-30.001000867527413,-30.00100086748903,4.6735931997188245e-05,4.673593484633435e-05,0.00035455240136787736,0.00035455240190391483
158.0,0.00015480538542948796,0.0001548056158845346,-30.000913091658788,-30.000913091620255,4.578764006317127e-05,4.5787642917511296e-05,0.0003476546370877451,0.00034765463762542065
158.25,0.00016613963870472126,0.00016613986987406258,-30.0008270024812,-30.00082700244252,4.4885766099400106e-05,4.488576895941683e-05,0.0003410588686994604,0.00034105886923877713
158.5,0.00017724795846261763,0.00017724819034767292,-30.00074256218185,-30.00074256214302,4.3980171936526515e-05,4.398017480222109e-05,0.0003344636115384196,0.0003344636120793809
158.75,0.00018812941466234479,0.00018812964726447348,-30.000659770632666,-30.00065977059369,4.3070857646147005e-05,4.307086051703898e-05,0.00032786886770905824,0.00032786886825166727
159.0,0.00019878307728120163,0.00019878331060170322,-30.000578627705057,-30.000578627665927,4.215782330171414e-05,4.215782617780468e-05,0.00032127463931577076,0.00032127463986003055
159.25,0.0002092142165894046,0.0002092144506296993,-30.000499096192424,-30.000499096153145,4.129069913914319e-05,4.129070202139669e-05,0.000314977543556411,0.00031497754410232486
159.5,0.0002194281308413544,0.00021942836560292286,-30.00042113889233,-30.000421138852904,4.042002286327503e-05,4.0420025751211035e-05,0.00030868093931937394,0.0003086809398669453
159.75,0.00022942393201734693,0.0002294241675015497,-30.00034475568165,-30.00034475564207,3.9545794543118726e-05,3.95457974362568e-05,0.0003023848286140125,0.0003023848291632446
160.0,0.0002392007321150369,0.0002392009683232951,-30.00026994643674,-30.000269946397015,3.8668014248535846e-05,3.866801714784039e-05,0.00029608921344964005,0.0002960892140005362
160.25,0.0002487637483643541,0.00024876398529808915,-30.000196674624377,-30.000196674584497,3.783555122976675e-05,3.783555413427571e-05,0.000290085364009124,0.0002900853645616874
160.5,0.0002581182254745646,0.000258118463135138,-30.000124903715427,-30.000124903675395,3.699970114680565e-05,3.699970405700182e-05,0.00028408198643702055,0.00028408198699125445
160.75,0.0002672633166879804,0.0002672635550767539,-30.000054633591688,-30.000054633551503,3.6160464066577564e-05,3.6160466981980516e-05,0.0002780790826493174,0.00027807908320522497
161.0,0.00027619817526368623,0.0002761984143819616,-29.999985864134473,-29.999985864094135,3.5317840056338776e-05,3.5317842976949686e-05,0.0002720766545619644,0.0002720766551195487
161.25,0.00028492795548429426,0.0002849281953334339,-29.999918559539523,-29.999918559499033,3.451986415287167e-05,3.451986707917333e-05,0.0002663601803248381,0.00026636018088410234
161.5,0.0002934578385649539,0.00029345807914632043,-29.999852684006633,-29.999852683965987,3.371866294741381e-05,3.3718665878925795e-05,0.0002606441584015886,0.00026064415896253593
161.75,0.0003017870181882123,0.00030178725950310843,-29.999788237422493,-29.999788237381694,3.291423650436682e-05,3.2914239441090324e-05,0.0002549285906166982,0.0002549285911793317
162.0,0.00030991468805263315,0.0003099149301024221,-29.99972521967334,-29.99972521963239,3.2106584887461564e-05,3.2106587829879385e-05,0.0002492134787946128,0.0002492134793589356
162.25,0.00031784593030702936,0.0003178461730930747,-29.9996635957329,-29.999663595691796,3.134284196770836e-05,3.1342844915340084e-05,0.00024377811676947652,0.0002437781173354917
162.5,0.0003255858534490377,0.00032558609697270325,-29.999603330578893,-29.99960333053763,3.057603199856351e-05,3.057603495189194e-05,0.0002383431876484317,0.00023834318821614245
162.75,0.0003331336907239875,0.00033313393498663737,-29.999544424102872,-29.999544424061455,2.9806155041485197e-05,2.9806158000029908e-05,0.00023290869316644052,0.00023290869373585003
163.0,0.0003404886753926043,0.0003404889203955427,-29.99948687619596,-29.999486876154386,2.9033211158186078e-05,2.903321412194827e-05,0.00022747463505843043,0.00022747463562954173
163.25,0.0003476558090256644,0.00034765605477019587,-29.99943065265242,-29.99943065261069,2.8303372484910493e-05,2.8303375453891362e-05,0.00022231378211233968,0.0002223137826851558
163.5,0.00035464011892682534,0.0003546403654142547,-29.999375719270443,-29.999375719228556,2.757062131274481e-05,2.7570624286945563e-05,0.00021715334284756337,0.0002171533434220874
163.75,0.0003614408769786239,0.00036144112421025634,-29.9993220759464,-29.999322075904356,2.6834957699801652e-05,2.6834960679223496e-05,0.00021199331891163793,0.00021199331948787293
164.0,0.00036805735507833276,0.0003680576030554736,-29.99926972257625,-29.999269722534052,2.6096381705855856e-05,2.6096384690499997e-05,0.00020683371195206644,0.00020683371253001545
164.25,0.0003744944666007813,0.0003744947153247965,-29.999218625811302,-29.999218625768947,2.5400050166376587e-05,2.5400053156725848e-05,0.00020194047333435983,0.00020194047391402606
164.5,0.0003807571500100719,0.0003807573994825083,-29.999168752306705,-29.999168752264193,2.4700956809896142e-05,2.4700959806914957e-05,0.00019704762940092406,0.0001970476299823111
164.75,0.0003868447148590484,0.0003868449650815133,-29.999120101963594,-29.999120101920923,2.3999101693203952e-05,2.3999104696411925e-05,0.00019215518171405752,0.00019215518229716912
165.0,0.0003927564707146541,0.000392756721688695,-29.99907267468271,-29.99907267463988,2.329448487230744e-05,2.329448788170579e-05,0.00018726313183602694,0.00018726313242086668
165.25,0.0003984972359906812,0.00039849748771772535,-29.999026438003394,-29.999026437960403,2.263120147459343e-05,2.2631204489220157e-05,0.00018263036528964963,0.00018263036587622085
165.5,0.00040407185352349,0.0004040721060048447,-29.99898135946875,-29.9989813594256,2.1965302935423427e-05,2.1965305955279748e-05,0.00017799797469127777,0.00017799797527958352
165.75,0.0004094796695343583,0.00040947992277133116,-29.99893743898461,-29.998937438941297,2.129678930796641e-05,2.129679233305355e-05,0.00017336596152023895,0.00017336596211028232
166.0,0.00041472003025793465,0.00041472028425183343,-29.998894676456427,-29.998894676412956,2.0625660646018976e-05,2.0625663676338163e-05,0.00016873432725583054,0.00016873432784761456
166.25,0.00041979765264274445,0.00041979790739487735,-29.998853040337085,-29.99885304029345,1.999490632993312e-05,1.999490936548558e-05,0.0001643546870108117,0.00016435468760433945
166.5,0.00042471727737373744,0.00042471753288541295,-29.998812499083144,-29.998812499039346,1.9361679423911984e-05,1.936168246469895e-05,0.00015997540427232235,0.0001599754048675969
166.75,0.0004294782863097554,0.0004294785425822823,-29.998773052605053,-29.99877305256109,1.8725979978592555e-05,1.872598302461526e-05,0.00015559648043905177,0.00015559648103607619
167.0,0.0004340800613223131,0.0004340803183570607,-29.99873470081291,-29.998734700768786,1.8087808044723616e-05,1.8087811096464906e-05,0.0001512179169096604,0.0001512179175084379
167.25,0.00043852721265268655,0.0004385274704511448,-29.998697413094032,-29.998697413049744,1.7489013551487638e-05,1.7489016609430365e-05,0.0001470838906377216,0.00014708389123825561
167.5,0.0004428243735767079,0.0004428246321403069,-29.998661158839326,-29.99866115879487,1.688788480190692e-05,1.6887887865089097e-05,0.00014295020375404915,0.00014295020435634305
167.75,0.0004469709605362571,0.00044697121986630696,-29.998625937963777,-29.998625937919158,1.628442184374213e-05,1.6284424912165002e-05,0.00013881685757908036,0.0001388168581831372
168.0,0.00045096638998522447,0.00045096665008303544,-29.998591750382047,-29.998591750337262,1.5678624725314155e-05,1.5678627798978965e-05,0.00013468385343322508,0.00013468385403904795
168.25,0.0004548151609237749,0.00045481542179065765,-29.998558566432152,-29.998558566387203,1.5111176076719384e-05,1.5111179155627372e-05,0.00013078779928081357,0.00013078779988840553
168.5,0.00045852179467228103,0.0004585220563096067,-29.99852635645562,-29.998526356410505,1.4541527212540916e-05,1.4541530297174942e-05,0.00012689206674693695,0.00012689206735630123
168.75,0.0004620857411825927,0.00046208600359173277,-29.99849512037189,-29.998495120326606,1.3969678178774375e-05,1.396968126865408e-05,0.0001229966570762081,0.00012299665768734791
169.0,0.00046550645041800435,0.0004655067136002703,-29.998464858100085,-29.998464858054636,1.3395629020980205e-05,1.339563211610684e-05,0.0001191015715132142,0.00011910157212613253
169.25,0.0004687883054266581,0.00046878856938336195,-29.998435540940743,-29.998435540895127,1.2858865958003939e-05,1.285886905837876e-05,0.00011543575388639099,0.0001154357545010909
169.5,0.0004719357108537423,0.0004719359755861961,-29.998407140197806,-29.99840714015202,1.232003237559446e-05,1.2320035481218724e-05,0.00011177024048309745,0.00011177024109958203
169.75,0.00047494814907464276,0.00047494841458427955,-29.998379655795066,-29.998379655749112,1.1779128315733442e-05,1.1779131427571634e-05,0.00010810503247458034,0.00010810503309285294
170.0,0.00047782510247548364,0.00047782536876385704,-29.998353087656035,-29.99835308760991,1.123615382234431e-05,1.1236156940397691e-05,0.00010444013103206212,0.00010444013165212637
170.25,0.00048057083490377664,0.0004805711019724406,-29.998327408051964,-29.998327408005668,1.0729381399364504e-05,1.072938452363434e-05,0.00010099674938288664,0.00010099675000474617
170.5,0.0004831896310745711,0.00048318989892495945,-29.998302589257424,-29.998302589210958,1.0220663769126588e-05,1.0220666898650924e-05,9.75536549565942e-05,9.755365558025236e-05
170.75,0.00048568100469111714,0.00048568127332454373,-29.998278631200474,-29.998278631153838,9.710000972173832e-06,9.710004106953937e-06,9.411084885354547e-05,9.411084947900535e-05
171.0,0.0004880444694667989,0.00048804473888469825,-29.998255533808894,-29.998255533762087,9.197393049034732e-06,9.197396190035101e-06,9.066833217407764e-05,9.066833280134258e-05
171.25,0.000490284167002286,0.0004902844372060932,-29.998233270329116,-29.99823327028214,8.719883181928445e-06,8.719886328187128e-06,8.743955111682317e-05,8.743955174589653e-05
171.5,0.0004924042590328856,0.0004924045300239153,-29.998211814010794,-29.998211813963646,8.24054901631374e-06,8.240552167832015e-06,8.421104069491605e-05,8.421104132580092e-05
171.75,0.0004944042894887571,0.0004944045612683243,-29.998191164786142,-29.998191164738824,7.759390590507705e-06,7.75939374728685e-06,8.09828019403212e-05,8.098280257302066e-05
172.0,0.0004962838023096941,0.0004962840748791141,-29.998171322587112,-29.998171322539623,7.276407943265247e-06,7.276411105306539e-06,7.775483588498176e-05,7.77548365194989e-05
172.25,0.0004980468143584348,0.0004980470877190837,-29.99815226163635,-29.998152261588686,6.827403810698435e-06,6.8274069784847686e-06,7.47328126120499e-05,7.473281324838795e-05
172.5,0.0004996973618985216,0.0004996976360518358,-29.998133956159613,-29.99813395611178,6.376691880032352e-06,6.3766950535650125e-06,7.171104381629711e-05,7.17110444544594e-05
172.75,0.0005012350179850211,0.0005012352929323771,-29.998116406093168,-29.99811640604516,5.924272188021851e-06,5.924275366820513e-06,6.868953046378651e-05,6.868953110377628e-05
173.0,0.0005026593556819992,0.0005026596314248341,-29.99809961137303,-29.998099611324847,5.4701447699051975e-06,5.470147954934376e-06,6.56682735205606e-05,6.566827416238122e-05
173.25,0.000503974265353994,0.0005039745418937452,-29.9980835471963,-29.99808354714794,5.048866653615055e-06,5.048869843912819e-06,6.284518010998083e-05,6.284518075363566e-05
173.5,0.0005051836560339207,0.0005051839333720259,-29.998068188763092,-29.99806818871456,4.62599283898888e-06,4.6259960355197474e-06,6.002232546073031e-05,6.0022326106222696e-05
173.75,0.0005062871288014949,0.0005062874069395125,-29.99805353601361,-29.9980535359649,4.201523360443904e-06,4.201526563209172e-06,5.71997104754594e-05,5.719971112279298e-05
174.0,0.0005072842847450239,0.0005072845636843923,-29.998039588887824,-29.998039588838935,3.775458252298706e-06,3.775461460336448e-06,5.437733605679961e-05,5.437733670597775e-05
174.25,0.0005081788858654607,0.0005081791656074982,-29.998026323552462,-29.998026323503396,3.3811027124305953e-06,3.3811059257421134e-06,5.174538407700997e-05,5.1745384728035766e-05
174.5,0.0005089747121030703,0.0005089749926492158,-29.998013716177176,-29.998013716127932,2.985259194949617e-06,2.9852624144994397e-06,4.9113655598430716e-05,4.911365625130754e-05
174.75,0.0005096713914676016,0.0005096716728192945,-29.998001766705983,-29.99800176665656,2.58792773309213e-06,2.5879309579183393e-06,4.6482151462777006e-05,4.648215211750822e-05
175.0,0.0005102685519767356,0.0005102688341354156,-29.997990475082695,-29.99799047503309,2.1891083570803157e-06,2.1891115881474448e-06,4.3850872511746035e-05,4.3850873168335015e-05
175.25,0.0005107698264375731,0.0005107701094046802,-29.997979818436328,-29.997979818386543,1.8208565601743297e-06,1.820859796520465e-06,4.140233321219917e-05,4.140233387064929e-05
175.5,0.0005111788648733259,0.0005111791486501799,-29.997969773898713,-29.997969773848748,1.4512201613215328e-06,1.4512234029479878e-06,3.8954002618173405e-05,3.895400327848777e-05
175.75,0.0005114953211371752,0.0005114956057251566,-29.997960341417578,-29.99796034136743,1.0801991898849533e-06,1.0802024372746556e-06,3.6505881512906944e-05,3.6505882175088794e-05
176.0,0.0005117188490897449,0.0005117191344902345,-29.99795152094045,-29.997951520890123,7.077936760415291e-07,7.077969287141844e-07,3.405797067962127e-05,3.4057971343673846e-05
176.25,0.0005118529516424746,0.0005118532378567933,-29.997943290549113,-29.997943290498608,3.648124884522017e-07,3.648157464091297e-07,3.178519240361687e-05,3.178519306954327e-05
176.5,0.0005119011482064344,0.0005119014352359034,-29.99793562832806,-29.99793562827738,2.054577046354435e-08,2.054903370606729e-08,2.9512608509951125e-05,2.9512609177754442e-05
176.75,0.0005118631174024742,0.0005118634052484151,-29.997928534228613,-29.997928534177746,-3.2500645030765836e-07,-3.2500318177821577e-07,2.7240219725819696e-05,2.7240220395503036e-05
177.0,0.0005117385378583871,0.0005117388265221819,-29.997922008201893,-29.997922008150844,-6.718441459361008e-07,-6.718408716367997e-07,2.4968026778402408e-05,2.4968027449969017e-05
177.25,0.0005115307821222689,0.0005115310716053001,-29.9979160292705,-29.99791602921927,-9.904001964976648e-07,-9.903969169087877e-07,2.2863454466276153e-05,2.2863455139729275e-05
177.5,0.0005112432385344641,0.0005112435288380543,-29.997910576459628,-29.997910576408216,-1.3101469551733768e-06,-1.3101436702935924e-06,2.0759062692777424e-05,2.0759063368120168e-05
177.75,0.0005108756094211412,0.0005108759005466132,-29.997905649724064,-29.997905649672468,-1.631084396370716e-06,-1.6310811061986909e-06,1.865485213146305e-05,1.865485280869853e-05
178.0,0.0005104275971148424,0.0005104278890635196,-29.99790124901842,-29.997901248966638,-1.9532124946930097e-06,-1.9532091992274074e-06,1.6550823455875443e-05,1.655082413500677e-05
178.25,0.0005099024442132878,0.0005099027369864937,-29.997897354292654,-29.99789735424069,-2.248194065529673e-06,-2.2481907647691558e-06,1.4607010525415765e-05,1.4607011206446037e-05
178.5,0.0005093034084091611,0.0005093037020082195,-29.99789394549924,-29.99789394544709,-2.544275711329529e-06,-2.5442724052727566e-06,1.2663364772259904e-05,1.2663365455192239e-05
178.75,0.0005086302146866912,0.0005086305091129263,-29.9978910225963,-29.997891022543964,-2.841457408319494e-06,-2.8414540969651243e-06,1.0719886818695518e-05,1.071988750353303e-05
179.0,0.000507882588035963,0.0005078828832908801,-29.99788858554181,-29.99788858548929,-3.1397391334256965e-06,-3.1397358153275487e-06,8.776577286996606e-06,8.776577973742825e-06
179.25,0.0005070636416683253,0.0005070639377534299,-29.997886615197675,-29.997886615144967,-3.412000736327135e-06,-3.4119974129286984e-06,6.986201507504717e-06,6.986202196163159e-06
179.5,0.0005061765032042776,0.0005061768001210755,-29.99788509242821,-29.997885092375316,-3.6852759010689047e-06,-3.685272570923994e-06,5.195980028540821e-06,5.195980719115018e-06
179.75,0.0005052209192563086,0.000505221217006306,-29.997884017194767,-29.997884017141686,-3.959564604046784e-06,-3.959561268598881e-06,3.405913423453571e-06,3.405914115947044e-06
180.0,0.0005041966364424773,0.0005041969350270001,-29.997883389458558,-29.99788338940529,-4.2348668243029725e-06,-4.234863483550723e-06,1.6160022655794221e-06,1.6160029599952911e-06
180.25,0.0005031066389515091,0.0005031069383718836,-29.99788319097659,-29.997883190923133,-4.485268286868963e-06,-4.48526494081101e-06,-2.812286782051938e-08,-2.81221714791344e-08
180.5,0.0005019539247081314,0.0005019542249656842,-29.99788340350818,-29.997883403454534,-4.736600840233266e-06,-4.736597488868251e-06,-1.67210608993416e-06,-1.6721053916641338e-06
180.75,0.0005007382609421169,0.0005007385620383554,-29.99788402701778,-29.997884026963945,-4.9888644646064125e-06,-4.988861106488138e-06,-3.3159468740647e-06,-3.315946173862497e-06
181.0,0.000499459414888394,0.0004994597168248261,-29.997885061469717,-29.997885061415694,-5.24205913853064e-06,-5.242055775102579e-06,-4.9596446935265895e-06,-4.9596439913886805e-06
181.25,0.0004981202430044925,0.0004981205457825061,-29.997886489497915,-29.9978864894437,-5.471458031118619e-06,-5.471454661897794e-06,-6.464559201627507e-06,-6.46455849755063e-06
181.5,0.0004967236148244138,0.0004967239184453971,-29.997888293738498,-29.997888293684095,-5.701709504883666e-06,-5.70170613035032e-06,-7.969343701450746e-06,-7.969342995431636e-06
181.75,0.0004952693172051258,0.000495269621670407,-29.997890474158904,-29.997890474104313,-5.932813541718166e-06,-5.93281016187093e-06,-9.473997710710089e-06,-9.473997002745616e-06
182.0,0.0004937571370081485,0.0004937574423191165,-29.997893030726452,-29.99789303067167,-6.164770123309892e-06,-6.164766737665781e-06,-1.0978520747129887e-05,-1.097852003721679e-05
182.25,0.0004921898042754405,0.0004921901104334845,-29.997895946932697,-29.997895946877723,-6.374021397544467e-06,-6.374018006583718e-06,-1.2351109433998012e-05,-1.2351108722133024e-05
182.5,0.0004905700614804626,0.0004905703684869721,-29.9978992062713,-29.997899206216132,-6.584050618673282e-06,-6.584047221912906e-06,-1.3723579530869044e-05,-1.3723578817048897e-05
182.75,0.0004888977141386292,0.0004888980219949941,-29.997902808712556,-29.997902808657198,-6.794857769583162e-06,-6.794854367503391e-06,-1.5095930597676008e-05,-1.5095929881897437e-05
183.0,0.000487172567769596,0.00048717287647720637,-29.997906754226655,-29.997906754171105,-7.0064428334558395e-06,-7.006439425573679e-06,-1.6468162194361534e-05,-1.646816147662126e-05
183.25,0.00048539722777534285,0.0004853975373355892,-29.997911027142234,-29.99791102708649,-7.196394970799614e-06,-7.196391557595292e-06,-1.7715144482568513e-05,-1.7715143762863273e-05
183.5,0.00048357431135972296,0.000483574621773936,-29.99791561178994,-29.997915611734,-7.387054201851887e-06,-7.387050783324018e-06,-1.896201911801766e-05,-1.8962018396344316e-05
183.75,0.00048170364175122805,0.00048170395302079904,-29.997920508142805,-29.997920508086672,-7.578420511252904e-06,-7.5784170869184875e-06,-2.020878570072213e-05,-2.0208784977077406e-05
184.0,0.0004797850421821507,0.00047978535430853145,-29.997925716173768,-29.99792571611744,-7.770493883954828e-06,-7.770490453812468e-06,-2.1455443830703672e-05,-2.145544310508416e-05
184.25,0.00047782099495749915,0.0004778213079421418,-29.99793122102742,-29.997931220970894,-7.941990568923752e-06,-7.941987132972057e-06,-2.2583369159958374e-05,-2.258336843236066e-05
184.5,0.00047581399357042126,0.0004758143074147784,-29.997937007850265,-29.997937007793542,-8.114127181074212e-06,-8.114123739311787e-06,-2.371119729539398e-05,-2.3711196565814654e-05
184.75,0.00047376387804084683,0.00047376419274643145,-29.997943076617954,-29.997943076561036,-8.286903706596802e-06,-8.286900258540636e-06,-2.4838927875018222e-05,-2.4838927143453728e-05
185.0,0.00047167048839217706,0.00047167080396044237,-29.997949427306057,-29.99794942724894,-8.46032013152854e-06,-8.460316678140456e-06,-2.5966560536846392e-05,-2.5966559803293322e-05
185.25,0.00046953618597972386,0.00046953650241212346,-29.997956045853105,-29.99795604579579,-8.614195227036723e-06,-8.614191767352094e-06,-2.6981801270129174e-05,-2.698180053458411e-05
185.5,0.0004673633427497097,0.0004673636600476975,-29.99796291819944,-29.997962918141926,-8.768646669960652e-06,-8.768643204941296e-06,-2.7996954795814573e-05,-2.79969540582741e-05
185.75,0.0004651518146168371,0.0004651521327818071,-29.997970044323225,-29.99797004426551,-8.923674447840573e-06,-8.92367097700347e-06,-2.9012020787875696e-05,-2.9012020048336532e-05
186.0,0.00046290145749888073,0.0004629017765322274,-29.997977424202528,-29.997977424144615,-9.079278548560024e-06,-9.079275072385375e-06,-3.0026998920292722e-05,-3.0026998178751586e-05
186.25,0.0004606145140206327,0.00046061483392369055,-29.997985044547185,-29.997985044489074,-9.21635532044594e-06,-9.216351838932334e-06,-3.093574537163255e-05,-3.093574462808628e-05
186.5,0.0004582932368176618,0.0004582935575917658,-29.99799289206875,-29.99799289201044,-9.3539483445111e-06,-9.353944857657123e-06,-3.184441413490318e-05,-3.184441338934863e-05
186.75,0.0004559374968281554,0.0004559378184746408,-29.998000966747767,-29.998000966689258,-9.492057610892097e-06,-9.492054118696332e-06,-3.275300491807201e-05,-3.2753004170506025e-05
187.0,0.0004535471649930229,0.00045354748751322526,-29.9980092685647,-29.998009268505992,-9.630683107675178e-06,-9.630679610136206e-06,-3.3661517429112586e-05,-3.3661516679532026e-05
187.25,0.00045112436720324905,0.00045112469059862485,-29.99801778497767,-29.998017784918762,-9.751775801111892e-06,-9.751772297265066e-06,-3.446977485806428e-05,-3.4469774106465715e-05
187.5,0.00044867123879760136,0.0004486715630696073,-29.99802650344642,-29.998026503387315,-9.87332803304836e-06,-9.873324523855483e-06,-3.527796365691421e-05,-3.527796290329422e-05
187.75,0.0004461876648926278,0.00044618799004260054,-29.99803542395377,-29.99803542389446,-9.995339794095117e-06,-9.99533627955476e-06,-3.6086083565711364e-05,-3.6086082810066794e-05
188.0,0.00044367353060729763,0.0004436738566365743,-29.998044546482458,-29.998044546422943,-1.0117811074270793e-05,-1.011780755438153e-05,-3.689413432451048e-05,-3.6894133566838175e-05
188.25,0.00044113084825718734,0.0004411311751671053,-29.99805385921548,-29.998053859155764,-1.0223715410667058e-05,-1.0223711885427457e-05,-3.760771982674926e-05,-3.760771906704607e-05
188.5,0.00043856163906021617,0.00043856196685211315,-29.998063350337382,-29.998063350277462,-1.0330025847743223e-05,-1.033002231715185e-05,-3.8321245305800346e-05,-3.832124454406311e-05
188.75,0.0004359658014923518,0.00043596613016756594,-29.998073019833125,-29.998073019773003,-1.0436742376392264e-05,-1.0436738840447688e-05,-3.9034710531941815e-05,-3.9034709768167375e-05
189.0,0.00043334323403173045,0.0004333435635917207,-29.99808286768762,-29.998082867627293,-1.0543864988372921e-05,-1.0543861446110479e-05,-3.974811527545693e-05,-3.974811450964185e-05
189.25,0.00043069583777248727,0.00043069616821883323,-29.99809288278498,-29.998092882724446,-1.0635364391088966e-05,-1.0635360842507217e-05,-4.0372654921288695e-05,-4.0372654153429266e-05
189.5,0.0004280255221837284,0.00042802585351801,-29.998103054010773,-29.998103053950032,-1.0727219623276192e-05,-1.0727216068373696e-05,-4.099714270678253e-05,-4.099714193687505e-05
189.75,0.00042533219830909164,0.0004253325305327689,-29.99811338135201,-29.998113381291063,-1.081943067688472e-05,-1.0819427116623254e-05,-4.162157843065354e-05,-4.1621577658694574e-05
190.0,0.0004226157771939972,0.00042261611030853044,-29.998123864795648,-29.998123864734495,-1.0911997545705718e-05,-1.0911993979120613e-05,-4.224596189162115e-05,-4.2245961117607254e-05
190.25,0.0004198780513819904,0.0004198783853889607,-29.99813449390296,-29.998134493841597,-1.0989860387299762e-05,-1.0989856814389567e-05,-4.2786889200139024e-05,-4.278688842406649e-05
190.5,0.0004171208212821287,0.00041712115618311755,-29.998145258236583,-29.998145258175015,-1.1068031847504673e-05,-1.1068028268267936e-05,-4.332777237564711e-05,-4.332777159751223e-05
190.75,0.00041434400974053566,0.0004143443455371249,-29.998156157785466,-29.99815615772369,-1.1146511920106037e-05,-1.1146508334541303e-05,-4.3868611243566674e-05,-4.386861046336574e-05
191.0,0.0004115475396050181,0.0004115478762986695,-29.99816719253851,-29.998167192476526,-1.1225300597852148e-05,-1.1225297006921185e-05,-4.440940562932253e-05,-4.44094048470521e-05
191.25,0.00040873309754493376,0.0004087334351371094,-29.99817835271017,-29.998178352647976,-1.1290279943141715e-05,-1.1290276345879838e-05,-4.487196146085809e-05,-4.4871960676514716e-05
191.5,0.0004059023776036186,0.00040590271609578096,-29.998189628516187,-29.998189628453783,-1.1355523646830511e-05,-1.1355520044199482e-05,-4.5334480459881004e-05,-4.5334479673461246e-05
191.75,0.00040305531369198215,0.00040305565308547376,-29.998201019947334,-29.998201019884718,-1.1421031704839994e-05,-1.1421028096838349e-05,-4.579696247684894e-05,-4.579696168834963e-05
192.0,0.0004001918397221422,0.0004001921800183059,-29.998212526994347,-29.998212526931518,-1.1486804111583344e-05,-1.1486800498209616e-05,-4.625940736222258e-05,-4.625940657164054e-05
192.25,0.0003973135400016991,0.0003973138812018781,-29.99822414050085,-29.99822414043781,-1.1539630809509822e-05,-1.153962719076254e-05,-4.6648639622103984e-05,-4.6648638829436044e-05
192.5,0.0003944220057387739,0.00039442234784431174,-29.998235851311676,-29.998235851248424,-1.1592680450734822e-05,-1.1592676826612517e-05,-4.703784193573616e-05,-4.7037841140979145e-05
192.75,0.0003915171811980471,0.00039151752421034795,-29.998247659419327,-29.99824765935586,-1.164595303121337e-05,-1.1645949401232955e-05,-4.742701417700503e-05,-4.742701338015562e-05
193.0,0.0003885990106452775,0.0003885993545658061,-29.998259564816266,-29.998259564752583,-1.1699448546365377e-05,-1.1699444910525375e-05,-4.781615621979894e-05,-4.781615542085369e-05
193.25,0.00038566897866337596,0.0003856693234935371,-29.99827155895132,-29.998271558887424,-1.1740838019451e-05,-1.1740834378231547e-05,-4.813692025869575e-05,-4.813691945765134e-05
193.5,0.00038272857628035746,0.00038272892202161665,-29.998283633274454,-29.99828363321034,-1.1782411754747587e-05,-1.1782408107183977e-05,-4.845766083213147e-05,-4.8457660028984437e-05
193.75,0.00037977775743113174,0.000379778104085015,-29.998295787779785,-29.99829578771546,-1.1824169748553207e-05,-1.1824166095125569e-05,-4.877837783587316e-05,-4.877837703061992e-05
194.0,0.0003768164760514793,0.00037681682361939266,-29.998308022461412,-29.99830802239687,-1.1866111997603318e-05,-1.186610833879178e-05,-4.909907116568946e-05,-4.90990703583267e-05
194.25,0.00037384612018529346,0.0003738464686686432,-29.998320329349536,-29.99832032928478,-1.1896759633432718e-05,-1.1896755968754177e-05,-4.935603088942659e-05,-4.935603007995098e-05
194.5,0.00037086808388403476,0.00037086843328428784,-29.998332700475423,-29.998332700410447,-1.1927555477776597e-05,-1.1927551807229565e-05,-4.961297323437821e-05,-4.96129724227863e-05
194.75,0.00036788233009595484,0.00036788268041463884,-29.998345135834715,-29.998345135769522,-1.195849952759037e-05,-1.195849585069174e-05,-4.986989811670622e-05,-4.9869897302994405e-05
195.0,0.0003648888217700711,0.00036488917300865365,-29.998357635423034,-29.998357635357625,-1.1989591779793876e-05,-1.198958809750538e-05,-5.012680545257395e-05,-5.012680463673877e-05
195.25,0.0003618888533748929,0.0003618892055347216,-29.998370191828332,-29.998370191762703,-1.201017449422997e-05,-1.2010170806550109e-05,-5.032443492503552e-05,-5.0324434107073796e-05
195.5,0.0003588837249666307,0.00035888407804917407,-29.99838279763954,-29.99838279757369,-1.2030871884190115e-05,-1.2030868190154166e-05,-5.0522052721754264e-05,-5.052205190166252e-05
195.75,0.00035587340787678236,0.0003558737618835092,-29.998395452853728,-29.998395452787662,-1.2051683946642592e-05,-1.2051680247212277e-05,-5.071965877786098e-05,-5.0719657955635755e-05
196.0,0.00035285787343736615,0.0003528582283696252,-29.998408157467956,-29.99840815740167,-1.2072610680454607e-05,-1.207260697562842e-05,-5.0917253028487364e-05,-5.091725220412548e-05
196.25,0.0003498383258338451,0.0003498386816930457,-29.998420904604533,-29.998420904538026,-1.2083784073863559e-05,-1.2083780363158381e-05,-5.105983847944362e-05,-5.105983765294174e-05
196.5,0.0003468159744374231,0.00034681633122503525,-29.99843368738668,-29.998433687319952,-1.2095041023512158e-05,-1.2095037306926481e-05,-5.120241758615486e-05,-5.120241675750951e-05
196.75,0.00034379079835913625,0.00034379115607657005,-29.998446505812804,-29.998446505745857,-1.2106381528631886e-05,-1.2106377806645808e-05,-5.134499030135477e-05,-5.1344989470562636e-05
197.0,0.0003407627767102152,0.0003407631353588209,-29.998459359881306,-29.998459359814138,-1.2117805588434168e-05,-1.2117801861046176e-05,-5.14875565777775e-05,-5.1487555744835375e-05
197.25,0.0003377330266280123,0.0003377333862092008,-29.998472243225724,-29.998472243158332,-1.2120204193984547e-05,-1.2120200460711513e-05,-5.157919847819625e-05,-5.157919764310079e-05
197.5,0.0003347026700508326,0.0003347030305660754,-29.998485149480445,-29.99848514941283,-1.2122657548216165e-05,-1.2122653809056569e-05,-5.1670839006269135e-05,-5.167083816901688e-05
197.75,0.0003316716932914584,0.00033167205474228745,-29.998498078645124,-29.998498078577285,-1.2125165651507819e-05,-1.212516190597853e-05,-5.1762478131025776e-05,-5.176247729161311e-05
198.0,0.0003286400826628196,0.00032864044505070717,-29.998511030719406,-29.998511030651343,-1.2127728502298719e-05,-1.2127724751361436e-05,-5.185411582149584e-05,-5.18541149799193e-05
198.25,0.0003256088713923545,0.0003256092347188333,-29.9985239998254,-29.99852399975711,-1.2121966352899032e-05,-1.2121962595107395e-05,-5.189873262019216e-05,-5.189873177644812e-05
198.5,0.0003225790971406085,0.0003225794614073924,-29.998536980086,-29.998536980017487,-1.2116232352622206e-05,-1.2116228587974684e-05,-5.1943352670469685e-05,-5.1943351824554117e-05
198.75,0.00031955075287024904,0.00031955111807893173,-29.99854997150202,-29.99854997143328,-1.2110526501883415e-05,-1.21105227313417e-05,-5.198797595640452e-05,-5.1987975108313683e-05
199.0,0.0003165238315439006,0.00031652419769589567,-29.99856297407426,-29.998562974005296,-1.2104848800609461e-05,-1.2104845024653632e-05,-5.203260246207257e-05,-5.2032601611803126e-05
199.25,0.0003134992858250511,0.0003134996529217122,-29.998575982391113,-29.99857598232192,-1.2091517559596495e-05,-1.2091513778225015e-05,-5.203393355380226e-05,-5.2033932701350996e-05
199.5,0.00031047807245923717,0.00031047844050209904,-29.998588991041682,-29.99858899097226,-1.2078189976502535e-05,-1.2078186188269031e-05,-5.203527218574885e-05,-5.203527133111216e-05
199.75,0.0003074601905320608,0.0003074605595226585,-29.99860200002785,-29.998601999958197,-1.206486605067357e-05,-1.2064862257021336e-05,-5.203661835584334e-05,-5.2036617499017584e-05
200.0,0.0003044456391289264,0.0003044460090686751,-29.998615009351504,-29.99861500928162,-1.2051545784344382e-05,-1.2051541984790261e-05,-5.203797206201596e-05,-5.20379712029978e-05
200.25,0.0003014352933772715,0.0003014356642675866,-29.998628014045227,-29.998628013975114,-1.2031217090872445e-05,-1.2031213285896503e-05,-5.1999579581066044e-05,-5.199957871985213e-05
200.5,0.0002984300321523859,0.0002984304039946833,-29.99864100914227,-29.998641009071925,-1.2010869570460788e-05,-1.2010865759579867e-05,-5.19611986050347e-05,-5.196119774162168e-05
200.75,0.000295429860160876,0.0002954302329565719,-29.998653994645505,-29.99865399457493,-1.1990503224138375e-05,-1.1990499407832532e-05,-5.192282914457174e-05,-5.192282827895627e-05
201.0,0.0002924347821089699,0.00029243515585948094,-29.998666970557817,-29.99866697048701,-1.1970118053901907e-05,-1.197011423168798e-05,-5.188447121032614e-05,-5.188447034250485e-05
201.25,0.0002894455987776166,0.00028944597348441996,-29.99867993233455,-29.998679932263514,-1.1943342029964368e-05,-1.19433382018408e-05,-5.180974513382625e-05,-5.180974426379565e-05
201.5,0.0002864631143773835,0.00028646349004201704,-29.99869287543166,-29.99869287536039,-1.1916526605297416e-05,-1.1916522770781038e-05,-5.173503421521179e-05,-5.173503334296826e-05
201.75,0.00028348733875819084,0.0002834877153821325,-29.99870579985294,-29.998705799781437,-1.1889671781999041e-05,-1.1889667942051516e-05,-5.1660338476770405e-05,-5.166033760231044e-05
202.0,0.00028051828176943304,0.0002805186593540408,-29.99871870560218,-29.998718705530447,-1.1862777562176688e-05,-1.1862773716796453e-05,-5.15856579407884e-05,-5.158565706410879e-05
202.25,0.0002775566731069037,0.0002775570516536564,-29.998731588536575,-29.998731588464608,-1.1830082044904718e-05,-1.1830078193126985e-05,-5.1477820251336114e-05,-5.147781937243336e-05
202.5,0.000274603245593535,0.0002746036251039118,-29.99874444451386,-29.99874444444166,-1.1797328369327925e-05,-1.179732451211435e-05,-5.137000107363338e-05,-5.137000019250399e-05
202.75,0.00027165801376840285,0.00027165839424388323,-29.998757273538672,-29.998757273466232,-1.176451653944958e-05,-1.1764512675835368e-05,-5.126220044057829e-05,-5.126219955721876e-05
203.0,0.00026872099216982136,0.00026872137361200573,-29.998770075615646,-29.99877007554297,-1.173164655736046e-05,-1.173164268734404e-05,-5.1154418385067475e-05,-5.115441749947403e-05
203.25,0.00026579284232482745,0.0002657932247353166,-29.998782846983218,-29.99878284691031,-1.169353967048643e-05,-1.1693535794066225e-05,-5.101652574014371e-05,-5.1016524852312586e-05
203.5,0.00026287422860050204,0.0002628746119808971,-29.998795583880327,-29.99879558380718,-1.1655357592521016e-05,-1.1655353709695449e-05,-5.087865467290908e-05,-5.08786537828365e-05
203.75,0.00025996516979425604,0.0002599655541461585,-29.99880828631237,-29.998808286238987,-1.1617100326360874e-05,-1.1617096437128363e-05,-5.074080522589716e-05,-5.074080433357935e-05
204.0,0.0002570656847027137,0.0002570660700277255,-29.99882095428476,-29.998820954211137,-1.1578767875402313e-05,-1.1578763979761274e-05,-5.060297744163974e-05,-5.060297654707291e-05
204.25,0.000254176369691074,0.00025417675599073724,-29.998833584397175,-29.998833584323314,-1.1535737118839818e-05,-1.1535733217270279e-05,-5.043792587861499e-05,-5.043792498179551e-05
204.5,0.0002512978236925505,0.00025129821096846796,-29.998846173249746,-29.998846173175647,-1.1492615771046702e-05,-1.149261186258385e-05,-5.027289868298636e-05,-5.027289778391044e-05
204.75,0.0002484300693546216,0.00024843045760833616,-29.998858720848567,-29.99885872077423,-1.1449403834658966e-05,-1.1449399920746045e-05,-5.010789590599896e-05,-5.0107895004662965e-05
205.0,0.000245573129323863,0.000245573518556918,-29.998871227199754,-29.998871227125175,-1.14061013142608e-05,-1.1406097393451382e-05,-4.994291759889599e-05,-4.994291669529628e-05
205.25,0.00024272753802618159,0.00024272792824012065,-29.998883689244924,-29.998883689170103,-1.1358611659190347e-05,-1.1358607732927673e-05,-4.975344817658012e-05,-4.9753447270713043e-05
205.5,0.00023989383219800593,0.000239894223394313,-29.998896103926096,-29.998896103851038,-1.1311017558848578e-05,-1.1311013626167823e-05,-4.9564005647903344e-05,-4.9564004739765385e-05
205.75,0.0002370720379503711,0.00023707243013053046,-29.998908471250008,-29.99890847117471,-1.1263319015499002e-05,-1.126331507736179e-05,-4.937459007194802e-05,-4.937458916153567e-05
206.0,0.00023426218139344215,0.00023426257455887834,-29.998920791223398,-29.998920791147857,-1.1215516033838255e-05,-1.121551208976137e-05,-4.918520150779441e-05,-4.9185200595104286e-05
206.25,0.00023146473796566592,0.00023146513211786405,-29.99893306111089,-29.998933061035107,-1.1164011914631901e-05,-1.1164007964613737e-05,-4.8973903236182964e-05,-4.897390232121155e-05
206.5,0.00022868018517284224,0.00022868058031334803,-29.99894527817746,-29.998945278101434,-1.1112390954905297e-05,-1.1112386998462632e-05,-4.8762634132632294e-05,-4.8762633215375945e-05
206.75,0.00022590855222457738,0.00022590894835487673,-29.998957442430406,-29.998957442354136,-1.1060653158850623e-05,-1.1060649196945072e-05,-4.8551394263235866e-05,-4.8551393343691064e-05
207.0,0.00022314986832942598,0.00022315026545094506,-29.998969553877046,-29.99896955380053,-1.1008798530688103e-05,-1.100879456283644e-05,-4.834018369408477e-05,-4.8340182772248136e-05
207.25,0.00022040455284395516,0.00022040495095812046,-29.99898161008674,-29.99898161000998,-1.0953704043235505e-05,-1.0953700069917726e-05,-4.8109498995859535e-05,-4.810949807172768e-05
207.5,0.00021767302696254777,0.00021767342607078625,-29.99899360862916,-29.998993608552155,-1.0898481698916077e-05,-1.0898477719648953e-05,-4.7878845499822375e-05,-4.787884457339191e-05
207.75,0.00021495532264884898,0.00021495572275264817,-29.999005549512113,-29.999005549434862,-1.0843131502303834e-05,-1.0843127517085744e-05,-4.76482232782987e-05,-4.76482223495661e-05
208.0,0.00021225147186541683,0.00021225187296620448,-29.999017432743425,-29.99901743266593,-1.0787653457521863e-05,-1.0787649466832796e-05,-4.741763240361117e-05,-4.7417631472573054e-05
208.25,0.00020956184085827524,0.0002095622429574795,-29.999029256179476,-29.999029256101732,-1.0729371669956032e-05,-1.072936767331275e-05,-4.716986144164862e-05,-4.71698605083016e-05
208.5,0.00020688679749507387,0.00020688720059418346,-29.999041017676912,-29.99904101759892,-1.0670952306778297e-05,-1.0670948304179173e-05,-4.692212348762594e-05,-4.692212255196649e-05
208.75,0.00020422637616910854,0.00020422678026967285,-29.99905271724399,-29.999052717165753,-1.061239537284756e-05,-1.0612391363809354e-05,-4.6674418619366196e-05,-4.6674417681390635e-05
209.0,0.00020158061127257664,0.00020158101637608524,-29.999064354888997,-29.99906435481051,-1.0553700872092522e-05,-1.0553696857576823e-05,-4.642674691468966e-05,-4.642674597439448e-05
209.25,0.0001989498186778345,0.00019895022478577738,-29.99907592873822,-29.999075928659483,-1.0492615539789872e-05,-1.049261151883182e-05,-4.61640525555413e-05,-4.6164051612922954e-05
209.5,0.00019633431567549626,0.0001963347227894842,-29.999087436918174,-29.999087436839186,-1.0431384133676721e-05,-1.0431380106274678e-05,-4.5901392792655504e-05,-4.59013918477102e-05
209.75,0.00019373413878344357,0.00019373454690502757,-29.999098879437522,-29.999098879358282,-1.0370006658322957e-05,-1.0370002624956893e-05,-4.5638767708662435e-05,-4.563876676138649e-05
210.0,0.0001911493245182908,0.00019114973364902228,-29.99911025630494,-29.99911025622545,-1.0308483119296745e-05,-1.0308479079483407e-05,-4.537617738618951e-05,-4.537617643657926e-05
210.25,0.00018858014135945822,0.00018858055150088902,-29.9991215659001,-29.999121565820356,-1.0244956579872195e-05,-1.024495253409155e-05,-4.510058981129566e-05,-4.510058885934744e-05
210.5,0.00018602685901388744,0.00018602727016750958,-29.999132806602862,-29.999132806522866,-1.0181276614050661e-05,-1.0181272562301059e-05,-4.4825038215694164e-05,-4.482503726140443e-05
210.75,0.0001834895158375935,0.0001834899280048392,-29.99914397842223,-29.99914397834198,-1.011744322650748e-05,-1.0117439169268883e-05,-4.4549522686174395e-05,-4.454952172953974e-05
211.0,0.00018096815018529768,0.0001809685633675394,-29.99915508136723,-29.99915508128673,-1.005345642291803e-05,-1.0053452360188787e-05,-4.427404330952278e-05,-4.427404235053994e-05
211.25,0.00017846298550621258,0.0001784633997049436,-29.99916611405501,-29.999166113974255,-9.987834391821384e-06,-9.987830322636615e-06,-4.398746505716874e-05,-4.3987464095834175e-05
211.5,0.0001759742462981937,0.00017597466151496793,-29.99917707510287,-29.999177075021862,-9.922052655264278e-06,-9.922048580103937e-06,-4.370092397126817e-05,-4.370092300757819e-05
211.75,0.00017350197248683862,0.00017350238872321035,-29.999187964520114,-29.99918796443885,-9.856111219389191e-06,-9.856107137770003e-06,-4.34144201421621e-05,-4.341441917611303e-05
212.0,0.0001710462039964453,0.00017104662125396925,-29.999198782316068,-29.999198782234547,-9.790010088450482e-06,-9.790006000852397e-06,-4.312795366018864e-05,-4.312795269177681e-05
212.25,0.00016860712182240344,0.00016860754010257452,-29.999209527329825,-29.99920952724805,-9.722619806791025e-06,-9.722615713212377e-06,-4.283216269997237e-05,-4.283216172919423e-05
212.5,0.000166184907841438,0.00016618532714569138,-29.99922019840061,-29.99922019831858,-9.655064544738576e-06,-9.65506044565931e-06,-4.253640990797141e-05,-4.253640893482355e-05
212.75,0.0001637796032978266,0.00016378002362771822,-29.99923079553798,-29.99923079545569,-9.587344308860836e-06,-9.587340202834445e-06,-4.224069537751091e-05,-4.224069440198963e-05
213.0,0.00016139124943450087,0.00016139167079158714,-29.99924131875151,-29.99924131866896,-9.51945910335704e-06,-9.519454991826685e-06,-4.194501920191269e-05,-4.194501822401432e-05
213.25,0.00015901998753103965,0.00015902040991687736,-29.999251767087596,-29.99925176700479,-9.450607904351402e-06,-9.450603785870576e-06,-4.164167592222459e-05,-4.164167494194543e-05
213.5,0.00015666595959214512,0.0001566663830083517,-29.999262139592734,-29.999262139509668,-9.381587387742662e-06,-9.381583263272907e-06,-4.1338371638395835e-05,-4.133837065573206e-05
213.75,0.00015432920794647388,0.00015432963239448656,-29.999272436276687,-29.99927243619336,-9.312397559486603e-06,-9.312393429507853e-06,-4.103510644620455e-05,-4.103510546115275e-05
214.0,0.00015200977492124868,0.0001520102004024449,-29.999282657149237,-29.99928265706565,-9.243038425098038e-06,-9.243034289608609e-06,-4.073188044142589e-05,-4.073187945398278e-05
214.25,0.00014970776475526666,0.00014970819127102435,-29.999292801449993,-29.999292801366146,-9.173014105541252e-06,-9.17300996453946e-06,-4.0422532153072645e-05,-4.0422531163234944e-05
214.5,0.00014742328226685026,0.0001474237098186079,-29.99930286841863,-29.999302868334524,-9.10281700550797e-06,-9.102812858510513e-06,-4.0113223525172825e-05,-4.0113222532937105e-05
214.75,0.00014515637065039936,0.00014515679923965608,-29.999312858065082,-29.999312857980712,-9.032447130754469e-06,-9.032442977759657e-06,-3.980395465546405e-05,-3.980395366082675e-05
215.0,0.00014290707309880937,0.00014290750272718514,-29.999322770399296,-29.999322770314663,-8.961904487560103e-06,-8.96190032760302e-06,-3.949472564168066e-05,-3.9494724644637954e-05
215.25,0.00014067545894641689,0.00014067588961547186,-29.999332604840266,-29.99933260475537,-8.890979492368859e-06,-8.890975326892644e-06,-3.9180808743575e-05,-3.918080774412319e-05
215.5,0.00013846159797195848,0.00013846202968319305,-29.99934236080703,-29.99934236072187,-8.819879065034344e-06,-8.819874893074074e-06,-3.88669320161704e-05,-3.8866931014305916e-05
215.75,0.00013626553403278384,0.00013626596678781926,-29.999352038309645,-29.999352038224217,-8.748603211047806e-06,-8.748599032601783e-06,-3.8553095558704695e-05,-3.855309455442369e-05
216.0,0.00013408731098486462,0.00013408774478532252,-29.999361637358188,-29.999361637272496,-8.677151935942599e-06,-8.67714775100912e-06,-3.8239299470412326e-05,-3.8239298463710965e-05
216.25,0.00013192696564264694,0.000131927400490029,-29.999371157538146,-29.999371157452188,-8.605581246122444e-06,-8.605577055663026e-06,-3.792214688244341e-05,-3.792214587331813e-05
216.5,0.00012978453513938528,0.00012978497103513338,-29.99938059843502,-29.999380598348797,-8.533833225250074e-06,-8.533829028781396e-06,-3.76050348309715e-05,-3.7605033819418874e-05
216.75,0.00012766006380713715,0.00012766050075269363,-29.999389960058963,-29.99938995997247,-8.461907878972007e-06,-8.46190367697397e-06,-3.7287963416308296e-05,-3.7287962402324884e-05
217.0,0.00012555359597654314,0.00012555403397335077,-29.99939924242014,-29.99939924233338,-8.389805212977321e-06,-8.389801004966601e-06,-3.697093273876229e-05,-3.697093172234466e-05
217.25,0.00012346513812297184,0.00012346557717247378,-29.999408445258045,-29.999408445171014,-8.317827859578853e-06,-8.317823646035346e-06,-3.665177723269844e-05,-3.665177621384315e-05
217.5,0.00012139469692447158,0.0001213951370281716,-29.999417568312168,-29.999417568224867,-8.245671973370112e-06,-8.245667753328877e-06,-3.6332662493514756e-05,-3.633266147221823e-05
217.75,0.00011934231701358737,0.00011934275817311013,-29.999426611592714,-29.999426611505143,-8.173337559613799e-06,-8.173333333073113e-06,-3.601358862220314e-05,-3.601358759846153e-05
218.0,0.000117308043021483,0.00011730848523833318,-29.99943557510991,-29.99943557502207,-8.100824624097068e-06,-8.100820392018434e-06,-3.5694555719751806e-05,-3.569455469356154e-05
218.25,0.00011529185294727289,0.00011529229622283517,-29.999444458745295,-29.999444458657184,-8.02866612035106e-06,-8.028661882732752e-06,-3.5374534114657095e-05,-3.537453308601486e-05
218.5,0.00011329372488557211,0.00011329416922135205,-29.999453262380385,-29.999453262292004,-7.956328524985592e-06,-7.956324280862657e-06,-3.5054553379074653e-05,-3.505455234797687e-05
218.75,0.00011131370360868279,0.00011131414900630674,-29.999461986025413,-29.999461985936758,-7.883811842825317e-06,-7.883807592196024e-06,-3.473461361431261e-05,-3.4734612580755425e-05
219.0,0.00010935183388763523,0.00010935228034866981,-29.99947062969063,-29.999470629601703,-7.811116079219479e-06,-7.811111822563708e-06,-3.44147149216758e-05,-3.44147138856555e-05
219.25,0.00010740806796429456,0.00010740851549030681,-29.99947919338832,-29.99947919329912,-7.73898146365817e-06,-7.73897720049257e-06,-3.409487334057973e-05,-3.409487230209258e-05
219.5,0.00010548235807754448,0.00010548280667010187,-29.99948767713072,-29.999487677041245,-7.666667787457871e-06,-7.666663518262319e-06,-3.377507261547446e-05,-3.377507157451675e-05
219.75,0.00010357474899170185,0.00010357519865237229,-29.999496080928054,-29.999496080838306,-7.594175057363945e-06,-7.594170781655091e-06,-3.345531284764978e-05,-3.345531180421778e-05
220.0,0.00010168528546957245,0.00010168573619998446,-29.999504404790578,-29.999504404700556,-7.521503278719893e-06,-7.521498996495991e-06,-3.3135594138392206e-05,-3.313559309248205e-05
220.25,9.981389578038117e-05,9.981434758204335e-05,-29.99951264885055,-29.999512648760252,-7.449584486843891e-06,-7.449580199066421e-06,-3.2816892358456793e-05,-3.28168913100649e-05
220.5,9.796050809981803e-05,9.796096097417918e-05,-29.999520813240167,-29.99952081314959,-7.377487210655018e-06,-7.377482916840619e-06,-3.249823131226135e-05,-3.2498230261384266e-05
220.75,9.612516704836565e-05,9.612562099693522e-05,-29.999528897969626,-29.999528897878772,-7.3052114549203e-06,-7.3052071550672194e-06,-3.2179611100770354e-05,-3.2179610047404484e-05
221.0,9.430791724506876e-05,9.430837226947704e-05,-29.999536903049144,-29.999536902958013,-7.232757226376043e-06,-7.232752919519304e-06,-3.1861031824945144e-05,-3.186103076908662e-05
221.25,9.250866475856794e-05,9.250912086044567e-05,-29.999544828720623,-29.999544828629215,-7.161233096253767e-06,-7.161228783354836e-06,-3.154434669932567e-05,-3.1544345640970626e-05
221.5,9.072731548132447e-05,9.072777266224262e-05,-29.999552675225882,-29.999552675134197,-7.0895315532720535e-06,-7.0895272338475594e-06,-3.122770208389013e-05,-3.1227701023034826e-05
221.75,8.89639137659695e-05,8.896437202749948e-05,-29.999560442575063,-29.999560442483098,-7.017652602103038e-06,-7.01764827663283e-06,-3.091109807899676e-05,-3.0911097015637476e-05
222.0,8.721850396372e-05,8.721896330749386e-05,-29.99956813077833,-29.999568130686082,-6.9455962493878796e-06,-6.94559191690697e-06,-3.059453478500078e-05,-3.059453371913363e-05
222.25,8.549097201257661e-05,8.549143244016665e-05,-29.999575740177487,-29.99957574008496,-6.874630044351544e-06,-6.874625706303001e-06,-3.0280665129697225e-05,-3.0280664061318495e-05
222.5,8.378120359898604e-05,8.378166511184458e-05,-29.999583271114258,-29.999583271021447,-6.803487949912891e-06,-6.803483605813333e-06,-2.9966835668537818e-05,-2.996683459764404e-05
222.75,8.208924269461147e-05,8.20897052942515e-05,-29.999590723598697,-29.9995907235056,-6.732169971573135e-06,-6.73216562142079e-06,-2.9653046501018922e-05,-2.965304542760649e-05
223.0,8.041513326973557e-05,8.04155969576103e-05,-29.99959809764089,-29.999598097547512,-6.6606761148757025e-06,-6.660671759150408e-06,-2.9339297726633496e-05,-2.933929665069894e-05
223.25,7.87587429493438e-05,7.87592077270273e-05,-29.999605393673296,-29.999605393579632,-6.59041745522151e-06,-6.590413092476653e-06,-2.9028968070709025e-05,-2.90289669922486e-05
223.5,7.711993903847182e-05,7.712040490759879e-05,-29.999612612128256,-29.99961261203431,-6.519984839655389e-06,-6.519980470852413e-06,-2.8718678208135917e-05,-2.871867712714574e-05
223.75,7.549876502531111e-05,7.54992319873963e-05,-29.999619753015736,-29.999619752921504,-6.4493782744716595e-06,-6.449373899608782e-06,-2.8408428237316155e-05,-2.840842715379262e-05
224.0,7.389526439659476e-05,7.389573245315337e-05,-29.99962681634572,-29.999626816251205,-6.3785977650431644e-06,-6.378593384118601e-06,-2.8098218256648697e-05,-2.809821717058819e-05
224.25,7.230928798597522e-05,7.23097571386433e-05,-29.99963380263241,-29.999633802537605,-6.309184910941395e-06,-6.309180522990133e-06,-2.779208173572473e-05,-2.779208064712337e-05
224.5,7.074068624546734e-05,7.074115649588139e-05,-29.99964071238988,-29.999640712294788,-6.239600405076575e-06,-6.239596011060048e-06,-2.7485984529042617e-05,-2.748598343789652e-05
224.75,6.918950208713041e-05,6.918997343692736e-05,-29.999647545627973,-29.999647545532593,-6.169844254502887e-06,-6.169839853456078e-06,-2.7179926733700984e-05,-2.7179925640006256e-05
225.0,6.765577842161619e-05,6.765625087243344e-05,-29.999654302356554,-29.999654302260886,-6.099916463426038e-06,-6.099912056310375e-06,-2.6873908446795266e-05,-2.6873907350548017e-05
225.25,6.613935064699965e-05,6.613982420035464e-05,-29.999660983163256,-29.9996609830673,-6.031477564034155e-06,-6.03147315084784e-06,-2.65725515655098e-05,-2.6572550466706416e-05
225.5,6.464005372411049e-05,6.464052838158132e-05,-29.99966758863558,-29.999667588539335,-5.962869650520584e-06,-5.962865230780204e-06,-2.6271233446770378e-05,-2.62712323454071e-05
225.75,6.315792990580754e-05,6.315840566891253e-05,-29.999674118783233,-29.999674118686695,-5.894092728260503e-06,-5.894088302927478e-06,-2.596995418618388e-05,-2.5969953082257096e-05
226.0,6.169302144354053e-05,6.169349831379848e-05,-29.999680573615937,-29.999680573519107,-5.825146803151265e-06,-5.825142371260564e-06,-2.5668713879354155e-05,-2.566871277286023e-05
226.25,6.0245150234688015e-05,6.024562821361813e-05,-29.99968695378702,-29.9996869536899,-5.757795187300304e-06,-5.7577907498133434e-06,-2.5372661084984793e-05,-2.537265997592011e-05
226.5,5.881413768984768e-05,5.8814616778849256e-05,-29.999693259949673,-29.999693259852258,-5.690277491953022e-06,-5.69027304886799e-06,-2.507664643727315e-05,-2.5076645325634355e-05
226.75,5.7400025328194456e-05,5.740050552878764e-05,-29.99969949211344,-29.999699492015733,-5.622593722704793e-06,-5.622589273056653e-06,-2.4780670030166397e-05,-2.4780668915949856e-05
227.0,5.6002854667559655e-05,5.600333598132525e-05,-29.999705650287897,-29.999705650189895,-5.5547438847092375e-06,-5.554739428977784e-06,-2.4484731957608515e-05,-2.448473084081047e-05
227.25,5.462243544031685e-05,5.462291786883611e-05,-29.999711735184608,-29.99971173508631,-5.488582785952707e-06,-5.48857832365451e-06,-2.4194447903663227e-05,-2.4194446784279904e-05
227.5,5.325857684802274e-05,5.3259060392937585e-05,-29.999717747514985,-29.999717747416394,-5.4222588060029075e-06,-5.422254337136145e-06,-2.3904201322016207e-05,-2.3904200200043704e-05
227.75,5.191131961031228e-05,5.191180427314467e-05,-29.999723687288412,-29.999723687189526,-5.355771950168979e-06,-5.355767475695052e-06,-2.3613992304804924e-05,-2.3613991180239612e-05
228.0,5.058070444542804e-05,5.05811902277004e-05,-29.99972955451429,-29.999729554415108,-5.289122224280767e-06,-5.289117743234623e-06,-2.3323820944163977e-05,-2.332381981700222e-05
228.25,4.926653038344265e-05,4.9267017286798255e-05,-29.99973534995546,-29.999735349855985,-5.2242436961518205e-06,-5.224239208531631e-06,-2.3039714504345644e-05,-2.3039713374583537e-05
228.5,4.796859588493939e-05,4.796908391090159e-05,-29.999741074374615,-29.999741074274844,-5.159205717289799e-06,-5.159201224056955e-06,-2.275564481032649e-05,-2.2755643677960398e-05
228.75,4.668694081179611e-05,4.668742996188869e-05,-29.99974672778095,-29.99974672768088,-5.094008294140315e-06,-5.094003794329759e-06,-2.2471611952303385e-05,-2.2471610817329664e-05
229.0,4.5421605024515254e-05,4.542209530038288e-05,-29.99975231018368,-29.999752310083313,-5.028651431260801e-06,-5.0286469248706965e-06,-2.2187616020470355e-05,-2.21876148828851e-05
229.25,4.4172378093023676e-05,4.417286949631146e-05,-29.999757822390325,-29.999757822289656,-4.965138050809872e-06,-4.965133537838378e-06,-2.1910043058040215e-05,-2.1910041917839512e-05
229.5,4.293904898382938e-05,4.29395415161829e-05,-29.999763265208223,-29.999763265107255,-4.901468853730485e-06,-4.9014643341757585e-06,-2.163250606814065e-05,-2.1632504925320578e-05
229.75,4.172165665056587e-05,4.1722150313510755e-05,-29.99976863864638,-29.99976863854511,-4.837643844213591e-06,-4.837639319037011e-06,-2.1355005138913134e-05,-2.1355003993470053e-05
230.0,4.0520240045573423e-05,4.052073484057558e-05,-29.99977394271382,-29.99977394261225,-4.773663028413984e-06,-4.773658497132091e-06,-2.107754035849636e-05,-2.1077539210426758e-05
230.25,3.933458061127907e-05,3.9335076539925265e-05,-29.999779178256677,-29.999779178154807,-4.711587110871357e-06,-4.711582573000689e-06,-2.080680828766893e-05,-2.0806807136969024e-05
230.5,3.8164459157557444e-05,3.816495622137469e-05,-29.999784346120908,-29.999784346018735,-4.649359184660958e-06,-4.6493546411628844e-06,-2.0536111375146215e-05,-2.0536110221812357e-05
230.75,3.7009913685794054e-05,3.7010411886309835e-05,-29.999789446315315,-29.99978944621284,-4.586979256036198e-06,-4.5869747059456415e-06,-2.0265449706915288e-05,-2.0265448550943828e-05
231.0,3.587098219604732e-05,3.587148153478959e-05,-29.99979447884872,-29.99979447874594,-4.5244473293605255e-06,-4.524442773638851e-06,-1.9994823368960206e-05,-1.9994822210347494e-05
231.25,3.474743905808843e-05,3.47479395365856e-05,-29.999799444600004,-29.999799444496922,-4.463873098814476e-06,-4.463868536496599e-06,-1.9731192567472928e-05,-1.9731191406215308e-05
231.5,3.3639057984185366e-05,3.3639559604086724e-05,-29.999804344447877,-29.99980434434449,-4.403150817722552e-06,-4.40314624880661e-06,-1.9467596073692082e-05,-1.9467594909785627e-05
231.75,3.254587598635871e-05,3.2546378749314e-05,-29.999809178400923,-29.99980917829723,-4.34228049101391e-06,-4.342275915498036e-06,-1.9204033971366066e-05,-1.920403280480685e-05
232.0,3.146793007545249e-05,3.1468433983051736e-05,-29.99981394646775,-29.99981394636375,-4.281262123171622e-06,-4.2812575415355595e-06,-1.8940506344240477e-05,-1.8940505175024708e-05
232.25,3.040498879797328e-05,3.0405493851806947e-05,-29.99981864955467,-29.99981864945036,-4.222244101506277e-06,-4.222239513266543e-06,-1.868419451094482e-05,-1.8684193339068702e-05
232.5,2.9356820022168212e-05,2.935732622382725e-05,-29.999823288567807,-29.99982328846319,-4.16308211056639e-06,-4.163077516202722e-06,-1.842791610387995e-05,-1.8427914929339686e-05
232.75,2.832345973960618e-05,2.8323967090682007e-05,-29.999827863515527,-29.999827863410605,-4.103776156351812e-06,-4.103771555380721e-06,-1.8171671204485248e-05,-1.8171670027277035e-05
233.0,2.7304943940652806e-05,2.730545244273731e-05,-29.99983237440622,-29.99983237430099,-4.0443262424888825e-06,-4.044321635390102e-06,-1.7915459894197378e-05,-1.791545871431742e-05
233.25,2.630103636688869e-05,2.6301546021574232e-05,-29.99983682216861,-29.99983682206307,-3.986911049798491e-06,-3.986906436088527e-06,-1.766664457334679e-05,-1.7666643390791287e-05
233.5,2.5311500064475656e-05,2.5312010873415267e-05,-29.999841207731233,-29.999841207625384,-3.929356072446713e-06,-3.92935145212368e-06,-1.741786177085016e-05,-1.7417860585615173e-05
233.75,2.4336369978997877e-05,2.433688194384506e-05,-29.999845531102228,-29.999845530996065,-3.8716613150848304e-06,-3.87165668814684e-06,-1.716911156578009e-05,-1.7169110377861674e-05
234.0,2.337568105499291e-05,2.337619417728124e-05,-29.999849792289755,-29.99984979218328,-3.8138267814344448e-06,-3.813822148842834e-06,-1.6920394037206534e-05,-1.6920392846601028e-05
234.25,2.242919330495028e-05,2.2429707586213795e-05,-29.999853992240237,-29.99985399213345,-3.758052631849369e-06,-3.7580479926390206e-06,-1.6679215023088382e-05,-1.667921382979211e-05
234.5,2.149666603239354e-05,2.1497181474287167e-05,-29.999858131899913,-29.999858131792813,-3.7021429622918802e-06,-3.7021383164608988e-06,-1.6438067597807473e-05,-1.643806640181649e-05
234.75,2.057813311684413e-05,2.0578649720963064e-05,-29.99986221127669,-29.999862211169276,-3.6460977765371177e-06,-3.646093124565217e-06,-1.6196951838024054e-05,-1.619695063933455e-05
235.0,1.967362843675524e-05,1.967414620457474e-05,-29.99986623037849,-29.999866230270765,-3.5899170793559685e-06,-3.5899124217228602e-06,-1.5955867820395818e-05,-1.595586661900426e-05
235.25,1.8782909178620797e-05,1.8783428111556408e-05,-29.999870190165158,-29.99987019005712,-3.535815119637177e-06,-3.535810456340958e-06,-1.5722430568096025e-05,-1.5722429363999005e-05
235.5,1.7905731809773694e-05,1.7906251909301633e-05,-29.999874091596343,-29.99987409148799,-3.48158196577953e-06,-3.4815772963366825e-06,-1.548902395747985e-05,-1.548902275067383e-05
235.75,1.704212912820682e-05,1.704265039586398e-05,-29.999877934679713,-29.999877934571042,-3.4272176221193746e-06,-3.4272129465279914e-06,-1.5255648062760596e-05,-1.52556468532419e-05
236.0,1.619213393082504e-05,1.6192656368269198e-05,-29.999881719422955,-29.99988171931397,-3.3727220930245456e-06,-3.3727174103194917e-06,-1.5022302958149249e-05,-1.5022301745913921e-05
236.25,1.5355501372221766e-05,1.5356024981171378e-05,-29.999885446795275,-29.999885446685973,-3.3203172378482226e-06,-3.3203125485091964e-06,-1.479668049453219e-05,-1.4796679279576143e-05
236.5,1.4531985880807285e-05,1.4532510662800672e-05,-29.99988911776569,-29.999889117656068,-3.2677855562138525e-06,-3.2677808612021616e-06,-1.4571087711340008e-05,-1.4571086493659564e-05
236.75,1.3721619162464464e-05,1.3722145119100639e-05,-29.999892732341625,-29.999892732231682,-3.2151270539762306e-06,-3.21512235184512e-06,-1.4345524680314855e-05,-1.4345523459906183e-05
237.0,1.2924432921969886e-05,1.2924960054908538e-05,-29.99989629053053,-29.999896290420267,-3.162341734130918e-06,-3.1623370258416904e-06,-1.4119991473196376e-05,-1.4119990250055518e-05
237.25,1.214018088365151e-05,1.2140709194552812e-05,-29.999899793307115,-29.999899793196533,-3.111654166837719e-06,-3.1116494514252257e-06,-1.3902225939113908e-05,-1.3902224713236903e-05
237.5,1.136861604117902e-05,1.1369145531824033e-05,-29.999903241645907,-29.999903241535,-3.060844168040497e-06,-3.0608394455028104e-06,-1.3684489112772883e-05,-1.3684487884155496e-05
237.75,1.0609769001989192e-05,1.0610299673978849e-05,-29.999906635554087,-29.99990663544286,-3.0099117412547506e-06,-3.0099070130347767e-06,-1.3466781063429413e-05,-1.3466779832067817e-05
238.0,9.863670372395443e-06,9.864202227331161e-06,-29.999909975038857,-29.999909974927306,-2.9588568919518086e-06,-2.958852156602779e-06,-1.3249101860337481e-05,-1.3249100626227843e-05
238.25,9.130073582667451e-06,9.130606622211333e-06,-29.999913261077193,-29.999913260965318,-2.909897754464171e-06,-2.909893012947374e-06,-1.3039209371186328e-05,-1.3039208134324678e-05
238.5,8.408731330632936e-06,8.409265556447568e-06,-29.99991649464587,-29.99991649453367,-2.8608205910576063e-06,-2.8608158424078797e-06,-1.282934461078655e-05,-1.282934337116892e-05
238.75,7.699673122384328e-06,7.700208536132783e-06,-29.99991967575183,-29.99991967563931,-2.8116254048320885e-06,-2.811620650010715e-06,-1.2619507645902622e-05,-1.2619506403525042e-05
239.0,7.0029284631151236e-06,7.003465066340554e-06,-29.99992280440203,-29.999922804289184,-2.7623121998791403e-06,-2.7623074388841765e-06,-1.2409698543296707e-05,-1.2409697298155481e-05
239.25,6.318251054821436e-06,6.3187888490674815e-06,-29.999925881572505,-29.999925881459333,-2.7150881286200393e-06,-2.7150833614495388e-06,-1.2207669653637003e-05,-1.2207668405728429e-05
239.5,5.64539386762175e-06,5.645932854372336e-06,-29.9999289082391,-29.9999289081256,-2.6677504317575752e-06,-2.667745658891201e-06,-1.2005667509985843e-05,-1.2005666259306356e-05
239.75,4.984385307340932e-06,4.984925488080472e-06,-29.999931884408507,-29.999931884294682,-2.620299113901053e-06,-2.620294334855242e-06,-1.1803692176618089e-05,-1.1803690923164119e-05
240.0,4.335253778828718e-06,4.335795155102316e-06,-29.999934810087442,-29.999934809973286,-2.572734178242211e-06,-2.572729393015009e-06,-1.1601743717806528e-05,-1.1601742461574366e-05
240.25,3.6977539889813545e-06,3.698296562334601e-06,-29.999937686248053,-29.99993768613357,-2.5272459334096635e-06,-2.527241141999115e-06,-1.140754540894646e-05,-1.14075441499324e-05
240.5,3.0716399154829015e-06,3.072183687461878e-06,-29.999940513862306,-29.999940513747497,-2.481648448058196e-06,-2.4816436504623413e-06,-1.1213372862926918e-05,-1.1213371601127252e-05
240.75,2.456938868059673e-06,2.457483840210951e-06,-29.99994329293665,-29.99994329282151,-2.4359417254165923e-06,-2.4359369216334704e-06,-1.1019226141542582e-05,-1.10192248769536e-05
241.0,1.8536781556275106e-06,1.8542243294981513e-06,-29.99994602347755,-29.999946023362078,-2.390125768739854e-06,-2.3901209587675e-06,-1.0825105306586295e-05,-1.082510403920429e-05
241.25,1.2616138061426196e-06,1.2621611832801772e-06,-29.999948706450574,-29.999948706334774,-2.3463715458667914e-06,-2.346366729703239e-06,-1.0638682981120163e-05,-1.0638681710941416e-05
241.5,6.80501123109027e-07,6.810497051819496e-07,-29.999951342821117,-29.999951342704986,-2.302512437713587e-06,-2.3025076143936423e-06,-1.0452285436355867e-05,-1.045228416337639e-05
241.75,1.1036632749545238e-07,1.10916116293084e-07,-29.99995393259538,-29.999953932478913,-2.258548447092166e-06,-2.258543616613857e-06,-1.026591273162479e-05,-1.0265911455840324e-05
242.0,-4.487643605559159e-07,-4.482133632437372e-07,-29.999956475779573,-29.999956475662774,-2.21447957780285e-06,-2.214474740164201e-06,-1.0079564926256168e-05,-1.0079563647662448e-05
242.25,-9.971326997437081e-07,-9.965804923072539e-07,-29.99995897333045,-29.999958973213317,-2.172450373717137e-06,-2.1724455303610054e-06,-9.900846005935833e-06,-9.900844724529005e-06
242.5,-1.5349811665223493e-06,-1.5344277475621021e-06,-29.999961426204575,-29.999961426087104,-2.130320599090729e-06,-2.1303157502559402e-06,-9.722150889282153e-06,-9.722149605058838e-06
242.75,-2.062284618766858e-06,-2.061729986792502e-06,-29.9999638344079,-29.999963834290092,-2.0880902580065022e-06,-2.0880854027278492e-06,-9.543479633185304e-06,-9.543478346141909e-06
243.0,-2.579017915225484e-06,-2.5784620687161075e-06,-29.9999661979464,-29.999966197828254,-2.045759353367438e-06,-2.0457544923653533e-06,-9.364832294533344e-06,-9.364831004666212e-06
243.25,-3.0854202525136254e-06,-3.0848631900682226e-06,-29.99996851776569,-29.99996851764721,-2.0054432939438024e-06,-2.0054384274571035e-06,-9.193725790687514e-06,-9.193724497993262e-06
243.5,-3.581731536869946e-06,-3.5811732571171146e-06,-29.99997079481121,-29.999970794692395,-1.9650309304510857e-06,-1.9650260584777826e-06,-9.022642120204338e-06,-9.022640824679648e-06
243.75,-4.067927692675694e-06,-4.06736819412313e-06,-29.999973029088675,-29.999973028969517,-1.9245222660787174e-06,-1.924517387653593e-06,-8.85158133756084e-06,-8.851580039202115e-06
244.0,-4.543984645082262e-06,-4.54342392611676e-06,-29.999975220603808,-29.999975220484313,-1.883917303798433e-06,-1.8839124189194928e-06,-8.680543497232298e-06,-8.68054219603567e-06
244.25,-5.010138551048066e-06,-5.009576610146225e-06,-29.99997737028915,-29.999977370169315,-1.8452985941490229e-06,-1.8452937035366865e-06,-8.516942830665833e-06,-8.516941526627641e-06
244.5,-5.466626267400013e-06,-5.4660631030379316e-06,-29.999979479077062,-29.999979478956885,-1.8065877874031289e-06,-1.8065828903329777e-06,-8.35336403611016e-06,-8.353362729226736e-06
244.75,-5.913424770241603e-06,-5.91286038089488e-06,-29.99998154697301,-29.999981546852492,-1.767784886582953e-06,-1.7677799837754017e-06,-8.189807165662255e-06,-8.189805855929932e-06
245.0,-6.350511036434651e-06,-6.349945420698785e-06,-29.99998357398249,-29.999983573861627,-1.728889894732799e-06,-1.728884986426648e-06,-8.026272271417112e-06,-8.026270958832495e-06
245.25,-6.778117915883987e-06,-6.777551072323876e-06,-29.999985561023212,-29.999985560902008,-1.6919504812089665e-06,-1.6919455669205958e-06,-7.870056939238652e-06,-7.870055623798274e-06
245.5,-7.196478947323077e-06,-7.195910874503117e-06,-29.999987509012715,-29.99998750889117,-1.6549231111439697e-06,-1.6549181913529807e-06,-7.713862527949998e-06,-7.713861209650393e-06
245.75,-7.6055721420039984e-06,-7.605002838488082e-06,-29.999989417956236,-29.999989417834346,-1.6178077876379314e-06,-1.6178028618606993e-06,-7.557689087305865e-06,-7.5576877661435665e-06
246.0,-8.005375511956501e-06,-8.004804976247812e-06,-29.999991287859025,-29.99999128773679,-1.5806045138120836e-06,-1.5805995820465929e-06,-7.40153666705934e-06,-7.401535343030741e-06
246.25,-8.39611815242059e-06,-8.395546382961612e-06,-29.99999311962233,-29.999993119499752,-1.5453226280459373e-06,-1.5453176898085581e-06,-7.252573056718718e-06,-7.2525717298200686e-06
246.5,-8.77802983509596e-06,-8.77745683041897e-06,-29.999994914147234,-29.999994914024306,-1.509956851973332e-06,-1.5099519084660737e-06,-7.103629428482206e-06,-7.103628098709973e-06
246.75,-9.151089587894067e-06,-9.150515346591041e-06,-29.99999667143873,-29.999996671315454,-1.4745071894999662e-06,-1.474502239998388e-06,-6.954705829803954e-06,-6.9547044971547235e-06
247.0,-9.515276439524708e-06,-9.514700960096811e-06,-29.999998391501837,-29.999998391378213,-1.438973643106836e-06,-1.4389686876089124e-06,-6.805802308136643e-06,-6.8058009726068e-06
247.25,-9.87081517439883e-06,-9.870238455376825e-06,-30.00000007522001,-30.00000007509604,-1.4053229184980975e-06,-1.4053179572426067e-06,-6.66394619872325e-06,-6.663944860309245e-06
247.5,-1.0217931240165075e-05,-1.0217353280079216e-05,-30.00000172347654,-30.00000172335222,-1.3715922906930473e-06,-1.3715873234371528e-06,-6.522109147565729e-06,-6.522107806264014e-06
247.75,-1.0556604661403228e-05,-1.0556025458692958e-05,-30.000003336276194,-30.000003336151522,-1.3377817627236586e-06,-1.3377767889837157e-06,-6.380291199863369e-06,-6.380289855670189e-06
248.0,-1.0886815463393263e-05,-1.0886235016557719e-05,-30.00000491362375,-30.000004913498728,-1.3038913371594691e-06,-1.303886357896666e-06,-6.238492400813533e-06,-6.2384910537252695e-06
248.25,-1.120878402820304e-05,-1.1208202335801051e-05,-30.000006456383616,-30.00000645625824,-1.2718445141102462e-06,-1.271839528840933e-06,-6.103589481588592e-06,-6.103588131601759e-06
248.5,-1.1522731386960777e-05,-1.152214844749046e-05,-30.000007965420018,-30.00000796529429,-1.2397216891709539e-06,-1.23971669789309e-06,-5.968704712215909e-06,-5.968703359326882e-06
248.75,-1.1828638539524628e-05,-1.1828054351423389e-05,-30.0000094407375,-30.00000944061142,-1.2075228649880083e-06,-1.2075178672179386e-06,-5.833838135687911e-06,-5.833836779892927e-06
249.0,-1.2126486486386539e-05,-1.2125901048091271e-05,-30.000010882340618,-30.000010882214188,-1.1752480439852587e-06,-1.1752430402025496e-06,-5.698989794995448e-06,-5.698988436290747e-06
249.25,-1.241649069023673e-05,-1.241590400033432e-05,-30.0000122910737,-30.000012290946913,-1.144773554732554e-06,-1.1447685456575754e-06,-5.570877660517903e-06,-5.570876298900063e-06
249.5,-1.269886724788105e-05,-1.2698279304897672e-05,-30.0000136677809,-30.00001366765376,-1.1142268747451215e-06,-1.1142218591717927e-06,-5.442782785371717e-06,-5.442781420837174e-06
249.75,-1.2973598111828952e-05,-1.2973008914199963e-05,-30.000015012466548,-30.000015012339052,-1.0836080055689919e-06,-1.0836029839768717e-06,-5.314705210393785e-06,-5.314703842938773e-06
250.0,-1.3240665235159165e-05,-1.3240074781319407e-05,-30.00001632513497,-30.000016325007113,-1.0529169502123573e-06,-1.0529119221177778e-06,-5.1866449764195135e-06,-5.18664360604026e-06
250.25,-1.3500278886992053e-05,-1.3499687175375858e-05,-30.000017606609575,-30.00001760648136,-1.0239808518023235e-06,-1.0239758176848383e-06,-5.065154542968513e-06,-5.0651531696612465e-06
250.5,-1.3752649954863967e-05,-1.3752056983905147e-05,-30.00001885771362,-30.000018857585047,-9.94976278910842e-07,-9.94971238286778e-07,-4.943680497556039e-06,-4.943679121316987e-06
250.75,-1.3997761320331559e-05,-1.3997167088553715e-05,-30.000020078451207,-30.000020078322276,-9.65903232954944e-07,-9.658981870262676e-07,-4.822222878916394e-06,-4.822221499741988e-06
251.0,-1.4235595865548597e-05,-1.4235000371535017e-05,-30.000021268826448,-30.000021268697157,-9.367617172945413e-07,-9.36756665336769e-07,-4.700781725782597e-06,-4.700780343669398e-06
251.25,-1.4466358839489698e-05,-1.4465762081732849e-05,-30.000022429640982,-30.000022429511333,-9.093312646826454e-07,-9.093262066937083e-07,-4.585737083865467e-06,-4.585735698809835e-06
251.5,-1.469025609325726e-05,-1.4689658070188892e-05,-30.0000235616963,-30.000023561566287,-8.818359562724179e-07,-8.81830891768633e-07,-4.470707977244751e-06,-4.470706589242906e-06
251.75,-1.490727141303348e-05,-1.4906672123114922e-05,-30.000024664996285,-30.00002466486591,-8.542757931189589e-07,-8.542707228206702e-07,-4.355694442607956e-06,-4.355693051656186e-06
252.0,-1.5117388585597383e-05,-1.5116788027289448e-05,-30.000025739544835,-30.000025739414102,-8.266507789417992e-07,-8.266457021245125e-07,-4.240696516641306e-06,-4.240695122735895e-06
252.25,-1.532080761804966e-05,-1.5320205789782532e-05,-30.000026786121058,-30.00002678598996,-8.006912573016426e-07,-8.006861744448908e-07,-4.13191564562778e-06,-4.131914248764947e-06
252.5,-1.5517729102628963e-05,-1.551712600289252e-05,-30.000027805503898,-30.000027805372437,-7.746703963045831e-07,-7.746653074062847e-07,-4.0231494768349254e-06,-4.023148077011019e-06
252.75,-1.5708137704794364e-05,-1.5707533332077958e-05,-30.000028797697038,-30.00002879756521,-7.485881983377794e-07,-7.485831033958501e-07,-3.914398044960745e-06,-3.914396642172117e-06
253.0,-1.589201809057346e-05,-1.5891412443305716e-05,-30.000029762704166,-30.000029762571973,-7.224446655623047e-07,-7.224395640930458e-07,-3.805661384702098e-06,-3.8056599789449564e-06
253.25,-1.60695647043874e-05,-1.606895778093623e-05,-30.00003070128144,-30.00003070114888,-6.979185905241704e-07,-6.979134825254924e-07,-3.7029590651786244e-06,-3.702957656449042e-06
253.5,-1.6240972558709257e-05,-1.624036435744204e-05,-30.00003161418487,-30.00003161405194,-6.733345899530547e-07,-6.733294754228653e-07,-3.6002706360337905e-06,-3.6002692243278376e-06
253.75,-1.640622717241101e-05,-1.6405617691694614e-05,-30.000032501417934,-30.000032501284636,-6.486926658915455e-07,-6.486875448277498e-07,-3.497596130034551e-06,-3.4975947153482963e-06
254.0,-1.6565314064756628e-05,-1.6564703303077786e-05,-30.000033362984112,-30.00003336285045,-6.239928194329083e-07,-6.239876927966327e-07,-3.394935579946706e-06,-3.3949341622764948e-06
254.25,-1.6718421906906725e-05,-1.6717809862811855e-05,-30.000034199616223,-30.00003419948219,-6.008608147615605e-07,-6.008556820690929e-07,-3.2981234340526083e-06,-3.2981220133949134e-06
254.5,-1.686573992068422e-05,-1.686512659262891e-05,-30.000035012046936,-30.000035011912534,-5.7767419276089e-07,-5.776690537693218e-07,-3.201324388998992e-06,-3.201322965350077e-06
254.75,-1.7007254452060427e-05,-1.7006639838439538e-05,-30.000035800279527,-30.000035800144754,-5.544329558607989e-07,-5.544278103272187e-07,-3.104538475681437e-06,-3.1045370490374347e-06
255.0,-1.7142951847495374e-05,-1.714233594667314e-05,-30.000036564317284,-30.000036564182142,-5.311371055410731e-07,-5.311319534633729e-07,-3.0077657249943608e-06,-3.007764295351333e-06
255.25,-1.727301507846654e-05,-1.727239788892707e-05,-30.000037304869366,-30.00003730473385,-5.093601728726738e-07,-5.09355015211967e-07,-2.916652927859928e-06,-2.9166514952142132e-06
255.5,-1.739762764930672e-05,-1.73970091696239e-05,-30.00003802264479,-30.000038022508903,-4.875318247838826e-07,-4.8752666129725e-07,-2.825552464118529e-06,-2.8255510284666583e-06
255.75,-1.751677670645385e-05,-1.751615693514083e-05,-30.000038717646643,-30.00003871751038,-4.656520636196806e-07,-4.656468940642009e-07,-2.7344643628545016e-06,-2.734462924192872e-06
256.0,-1.7630449396753052e-05,-1.762982833232246e-05,-30.00003938987802,-30.00003938974138,-4.437208902925519e-07,-4.43715714906913e-07,-2.643388653151136e-06,-2.6433872114761433e-06
256.25,-1.7738822701395018e-05,-1.7738200342328842e-05,-30.00004004002418,-30.00004003988717,-4.232574931898707e-07,-4.2325231149033996e-07,-2.5577825332256377e-06,-2.5577810885336014e-06
256.5,-1.7842074116589147e-05,-1.7841450461308653e-05,-30.000040668770264,-30.000040668632877,-4.027457749830281e-07,-4.027405869674822e-07,-2.4721880027732307e-06,-2.4721865550603416e-06
256.75,-1.794019156222267e-05,-1.793956660923889e-05,-30.000041276119166,-30.000041275981403,-3.8218573697884594e-07,-3.8218054336757705e-07,-2.386605089127804e-06,-2.3866036383904576e-06
257.0,-1.8033162958691576e-05,-1.803253670648491e-05,-30.000041862073793,-30.000041861935653,-3.6157738194057875e-07,-3.615721817682344e-07,-2.301033819622378e-06,-2.3010323658568908e-06
257.25,-1.812115935380101e-05,-1.8120531800851327e-05,-30.000042427295494,-30.000042427156977,-3.4238622301406566e-07,-3.423810172417389e-07,-2.22074154957539e-06,-2.220740092778085e-06
257.5,-1.820435229233653e-05,-1.8203723437153263e-05,-30.000042972445485,-30.00004297230659,-3.2314972960545534e-07,-3.2314451750859473e-07,-2.1404601484727155e-06,-2.1404586886399717e-06
257.75,-1.828273044086286e-05,-1.8282100281894712e-05,-30.000043497526487,-30.000043497387214,-3.038679031973689e-07,-3.038626850146443e-07,-2.0601896419590473e-06,-2.0601881790871154e-06
258.0,-1.8356282466286647e-05,-1.835565100201188e-05,-30.00004400254123,-30.000044002401577,-2.845407450425014e-07,-2.8453552077177416e-07,-1.97993005567811e-06,-1.9799285897633047e-06
258.25,-1.842517355003872e-05,-1.8424540778935072e-05,-30.000044488126928,-30.000044487986894,-2.6658084865430024e-07,-2.665756182934291e-07,-1.904757163502626e-06,-1.904755694541259e-06
258.5,-1.8489569352481145e-05,-1.8488935272995708e-05,-30.000044954920675,-30.000044954780257,-2.4857849480504326e-07,-2.4857325811107823e-07,-1.8295944429532424e-06,-1.8295929709415552e-06
258.75,-1.8549459259517316e-05,-1.854882387003645e-05,-30.000045402925014,-30.000045402784213,-2.3053368564461448e-07,-2.3052844237460313e-07,-1.7544419180469806e-06,-1.7544404429810772e-06
259.0,-1.8604832657348575e-05,-1.86041959563484e-05,-30.0000458321425,-30.000045832001316,-2.1244642140663936e-07,-2.1244117252165652e-07,-1.6792996127998573e-06,-1.6792981346760453e-06
259.25,-1.865584903087124e-05,-1.8655211016887544e-05,-30.000046243186393,-30.000046243044824,-1.9567795205219586e-07,-1.9567269706847787e-07,-1.609053051292096e-06,-1.6090515701068147e-06
259.5,-1.870266832608199e-05,-1.8702028997589823e-05,-30.000046636669833,-30.000046636527877,-1.788697951351798e-07,-1.788645340505724e-07,-1.5388159866565875e-06,-1.538814502406143e-06
259.75,-1.8745280621232754e-05,-1.874463997670662e-05,-30.000047012595196,-30.000047012452853,-1.620219517966737e-07,-1.6201668460902008e-07,-1.4685884413436261e-06,-1.4685869540243178e-06
260.0,-1.8783675994952218e-05,-1.8783034032805887e-05,-30.000047370964865,-30.000047370822134,-1.4513442390970286e-07,-1.4512915013523155e-07,-1.3983704378027812e-06,-1.3983689474107705e-06
260.25,-1.8818007631644044e-05,-1.881736435029074e-05,-30.00004771236828,-30.00004771222516,-1.2951249859615943e-07,-1.2950721871432024e-07,-1.332858290946307e-06,-1.3328567974777563e-06
260.5,-1.8848429158750766e-05,-1.8847784556603177e-05,-30.000048037394762,-30.000048037251254,-1.1385354743742162e-07,-1.1384826096443778e-07,-1.267354991628606e-06,-1.2673534950796752e-06
260.75,-1.887493132003961e-05,-1.887428539550988e-05,-30.00004834604653,-30.00004834590263,-9.815757226220178e-08,-9.815227967751775e-08,-1.2018605607940809e-06,-1.2018590611609258e-06
261.0,-1.8897504859645797e-05,-1.8896857611145528e-05,-30.000048638325797,-30.00004863818151,-8.242457418567997e-08,-8.241927500551353e-08,-1.1363750193863048e-06,-1.1363735166650802e-06
261.25,-1.8916297188145227e-05,-1.8915648614025276e-05,-30.00004891479823,-30.000048914653558,-6.790830860265099e-08,-6.790300282482919e-08,-1.0754057801395077e-06,-1.0754042743262334e-06
261.5,-1.8931456141363683e-05,-1.8930806240034566e-05,-30.000049176029385,-30.00004917588432,-5.335757213166687e-08,-5.3352260235626054e-08,-1.0144447622556235e-06,-1.0144432533464554e-06
261.75,-1.8942973101744386e-05,-1.8942321871676277e-05,-30.000049422021313,-30.000049421875858,-3.87723660948687e-08,-3.8767048078430607e-08,-9.534919852337668e-07,-9.534904732249962e-07
262.0,-1.8950839452032022e-05,-1.895018689163435e-05,-30.00004965277608,-30.00004965263023,-2.415269158186432e-08,-2.414736696123601e-08,-8.925474685726458e-07,-8.925459534604205e-07
262.25,-1.8955196564768826e-05,-1.895454267245047e-05,-30.000049868835966,-30.00004986868972,-1.069887334888582e-08,-1.0693542603495661e-08,-8.359328177917154e-07,-8.359312995721847e-07
262.5,-1.8956186220282253e-05,-1.8955530994511748e-05,-30.00005007074314,-30.0000500705965,2.7869660255474586e-09,2.7923028978857008e-09,-7.793257866719861e-07,-7.79324265341429e-07
262.75,-1.895380041342023e-05,-1.8953143852605364e-05,-30.00005025849951,-30.000050258352477,1.63048254746718e-08,1.6310168957759055e-08,-7.227263933271329e-07,-7.227248688816954e-07
263.0,-1.8948031139268236e-05,-1.894737324181625e-05,-30.00005043210699,-30.00005043195956,2.985470416484458e-08,2.9860053779260476e-08,-6.661346558701576e-07,-6.661331283059821e-07
263.25,-1.8939013894226924e-05,-1.8938354658604714e-05,-30.000050592084627,-30.000050591936805,4.228820234813789e-08,4.229355809607665e-08,-6.13687577300318e-07,-6.136860466136853e-07
263.5,-1.892688456504342e-05,-1.892622398971733e-05,-30.000050738951376,-30.000050738803157,5.4751377136398115e-08,5.475673902005654e-08,-5.612475405505648e-07,-5.612460067377522e-07
263.75,-1.8911635732699223e-05,-1.8910973816135047e-05,-30.000050872709,-30.000050872560383,6.724422746730562e-08,6.724959548888315e-08,-5.088145624081727e-07,-5.088130254654523e-07
264.0,-1.88932599784423e-05,-1.8892596719105285e-05,-30.000050993359263,-30.000050993210248,7.976675227141866e-08,7.977212643311732e-08,-4.563886596598123e-07,-4.5638711958345816e-07
264.25,-1.8871887441232106e-05,-1.887122283752674e-05,-30.000051101398192,-30.00005110124878,9.121811812290109e-08,9.122349890853756e-08,-4.079238077300625e-07,-4.07922264516209e-07
264.5,-1.8847648633116965e-05,-1.884698268338699e-05,-30.00005119732172,-30.000051197171906,1.0269691935810404e-07,1.0270230676988582e-07,-3.5946544141092846e-07,-3.5946389505556987e-07
264.75,-1.8820536695324084e-05,-1.8819869397912688e-05,-30.00005128113147,-30.000051280981253,1.1420315539158235e-07,1.1420854943171972e-07,-3.110135762219973e-07,-3.1101202672112967e-07
265.0,-1.879054476925795e-05,-1.878987612250777e-05,-30.000051352829065,-30.000051352678447,1.2573682539050046e-07,1.2574222606120654e-07,-2.625682276824577e-07,-2.62566675032072e-07
265.25,-1.8757796954544523e-05,-1.8757126956797634e-05,-30.000051412888155,-30.000051412737132,1.3624990839085182e-07,1.3625531569434248e-07,-2.179054198722661e-07,-2.1790386406835678e-07
265.5,-1.872241770700149e-05,-1.8721746356629524e-05,-30.000051461782284,-30.00005146163086,1.4678828788698533e-07,1.467937015846732e-07,-1.7324856629674378e-07,-1.7324700733536656e-07
265.75,-1.8684400702640156e-05,-1.8683727998104488e-05,-30.00005149951295,-30.00005149936112,1.5735196279656631e-07,1.5735738240906067e-07,-1.2859768126519813e-07,-1.2859611914261232e-07
266.0,-1.864373961780337e-05,-1.864306555759492e-05,-30.000051526081638,-30.000051525929404,1.6794093154957718e-07,1.6794635731990784e-07,-8.395277908632044e-08,-8.395121379885211e-08
266.25,-1.860055307852404e-05,-1.859987766110307e-05,-30.000051541939914,-30.000051541787276,1.7755525872730705e-07,1.7756069065770044e-07,-4.2914279914635675e-08,-4.2912711458545156e-08
266.5,-1.8554960050383768e-05,-1.8554283274209982e-05,-30.000051547539247,-30.0000515473862,1.8719284230876573e-07,1.8719828040145086e-07,-1.881225989256971e-09,-1.8796543607978287e-09
266.75,-1.8506954719510275e-05,-1.850627658304282e-05,-30.000051542880996,-30.000051542727544,1.968536804644207e-07,1.9685912472162922e-07,3.914636953456456e-08,3.91479443391422e-08
267.0,-1.8456531272278656e-05,-1.845585177397612e-05,-30.00005152796653,-30.00005152781267,2.065377730448003e-07,2.0654322346876647e-07,8.016849350213602e-08,8.017007148657865e-08
267.25,-1.840380279309655e-05,-1.840312193135677e-05,-30.000051503225805,-30.000051503071536,2.152936126711209e-07,2.1529906974569367e-07,1.1775654785436016e-07,1.1775812902255554e-07
267.5,-1.8348882689846886e-05,-1.8348200463006923e-05,-30.000051469088685,-30.000051468934007,2.240707654683692e-07,2.2407622919578832e-07,1.5533964314168721e-07,1.553412274976597e-07
267.75,-1.829176563428929e-05,-1.829108204074586e-05,-30.000051425556414,-30.000051425401324,2.3286923101738893e-07,2.3287470091828493e-07,1.9291776730785567e-07,1.9291935485549335e-07
268.0,-1.823244629834902e-05,-1.823176133655847e-05,-30.00005137263023,-30.000051372474733,2.4168900841229693e-07,2.41694484488915e-07,2.3049090829697918e-07,2.3049249904004037e-07
268.25,-1.8171032247344988e-05,-1.8170345915702905e-05,-30.000051310718924,-30.000051310563013,2.496266440200474e-07,2.4963212675624735e-07,2.6479887348664275e-07,2.648004674290204e-07
268.5,-1.8107631354172045e-05,-1.8106943651073452e-05,-30.000051240231183,-30.00005124007486,2.5758374565763086e-07,2.5758923457405127e-07,2.9910234297833104e-07,2.9910394012391835e-07
268.75,-1.804223875235051e-05,-1.8041549676189872e-05,-30.00005116116814,-30.000051161011402,2.655603131025542e-07,2.655658086830603e-07,3.334013057604791e-07,3.33402906113174e-07
269.0,-1.797484957551711e-05,-1.7974159124688325e-05,-30.000051073530923,-30.00005107337377,2.735563456460405e-07,2.735618474112762e-07,3.676957508217976e-07,3.676973543855e-07
269.25,-1.7905566104945472e-05,-1.7904874277841875e-05,-30.00005097770768,-30.00005097755011,2.807143709828804e-07,2.807198794167164e-07,3.9888957080091356e-07,3.9889117757952817e-07
269.5,-1.7834490914025663e-05,-1.7833797708979818e-05,-30.00005087408649,-30.000050873928505,2.8789010833586147e-07,2.8789562344055934e-07,4.300793365905176e-07,4.30080946588084e-07
269.75,-1.7761619574727906e-05,-1.7760924990132015e-05,-30.000050762668366,-30.000050762509964,2.9508355791068224e-07,2.950890792068942e-07,4.6126503817128404e-07,4.6126665139170385e-07
270.0,-1.7686947659182233e-05,-1.7686251693548337e-05,-30.000050643454326,-30.000050643295506,3.022947182231484e-07,3.023002452315292e-07,4.924466655243914e-07,4.924482819712955e-07
270.25,-1.761057228096298e-05,-1.7609874932832656e-05,-30.000050516812355,-30.000050516653115,3.087109824133765e-07,3.0871651537700143e-07,5.20688572514723e-07,5.206901921916819e-07
270.5,-1.7532590830645443e-05,-1.753189209843929e-05,-30.00005038311036,-30.0000503829507,3.151432949237698e-07,3.1514883456732876e-07,5.489268453881876e-07,5.489284682990472e-07
270.75,-1.7452999296101554e-05,-1.7452299178149307e-05,-30.00005024234925,-30.00005024218917,3.215916561383142e-07,3.21597202464082e-07,5.771614750661989e-07,5.771631012150037e-07
271.0,-1.7371793665198036e-05,-1.7371092159828858e-05,-30.00005009452994,-30.000050094369442,3.2805606571472614e-07,3.280616187249803e-07,6.053924524703577e-07,6.053940818611592e-07
271.25,-1.728906600443047e-05,-1.728836311009336e-05,-30.000049940000746,-30.000049939839826,3.3376763292940753e-07,3.337731916632043e-07,6.308406207630367e-07,6.308422533996106e-07
271.5,-1.720490864255668e-05,-1.720420435776026e-05,-30.000049779109915,-30.000049778948572,3.3949367448828714e-07,3.394992394295213e-07,6.56285554019539e-07,6.562871899055307e-07
271.75,-1.711931796098162e-05,-1.7118612284173745e-05,-30.000049611858255,-30.00004961169649,3.4523419046311694e-07,3.4523976161407387e-07,6.817272440518044e-07,6.81728883190996e-07
272.0,-1.7032290341152944e-05,-1.70315832707809e-05,-30.000049438246577,-30.00004943808439,3.5098918044056305e-07,3.509947578035308e-07,7.071656826720059e-07,7.071673250681844e-07
272.25,-1.694391288211116e-05,-1.694320441662166e-05,-30.000049258604214,-30.0000492584416,3.5603265630191525e-07,3.560382398791845e-07,7.299728043197467e-07,7.29974449976696e-07
272.5,-1.685427293090136e-05,-1.6853563068680338e-05,-30.000049073260428,-30.000049073097387,3.6108911771736415e-07,3.6109470799284023e-07,7.527770692802411e-07,7.52778718201888e-07
272.75,-1.6763367241075856e-05,-1.6762655980508675e-05,-30.000048882215932,-30.000048882052464,3.6615856516004653e-07,3.6616416165441363e-07,7.755784702076413e-07,7.755801223979111e-07
273.0,-1.6671192566219565e-05,-1.6670479905691017e-05,-30.000048685471445,-30.00004868530755,3.7124099789595264e-07,3.7124660109312164e-07,7.98376999756162e-07,7.983786552189831e-07
273.25,-1.657783100365857e-05,-1.6577116941613068e-05,-30.00004848333792,-30.000048483173597,3.7565343272955283e-07,3.756590416686012e-07,8.186908382991083e-07,8.186924970382716e-07
273.5,-1.64833648848045e-05,-1.6482649419746084e-05,-30.000048276126247,-30.000048275961497,3.8007744818162743e-07,3.800830633464713e-07,8.390021775218187e-07,8.390038395409866e-07
273.75,-1.6387791314635326e-05,-1.6387074444947054e-05,-30.000048063837053,-30.000048063671873,3.8451304319134476e-07,3.8451866506590295e-07,8.59311010873354e-07,8.593126761764584e-07
274.0,-1.629110739818386e-05,-1.629038912224822e-05,-30.000047846470963,-30.000047846305353,3.8896021838073597e-07,3.8896584648570604e-07,8.796173318031694e-07,8.796190003941442e-07
274.25,-1.619339063353839e-05,-1.6192670949737288e-05,-30.000047624321,-30.000047624154956,3.927756081444333e-07,3.9278124296373954e-07,8.97582086420703e-07,8.975837583034884e-07
274.5,-1.609471873949482e-05,-1.609399764620958e-05,-30.000047397680117,-30.00004739751364,3.966012535146101e-07,3.966068945689555e-07,9.155446798309181e-07,9.15546355009453e-07
274.75,-1.599508915205547e-05,-1.5994366647727048e-05,-30.000047166548857,-30.000047166381947,4.004371552595784e-07,4.004428025512807e-07,9.335051062322985e-07,9.335067847103871e-07
275.0,-1.5894499307301804e-05,-1.589377539037057e-05,-30.00004693092776,-30.000046930760416,4.0428331197793486e-07,4.0428896550931443e-07,9.514633598233784e-07,9.514650416048282e-07
275.25,-1.579302198478499e-05,-1.5792296653690735e-05,-30.000046691092578,-30.000046690924798,4.075367697338132e-07,4.075424295071931e-07,9.672178406643078e-07,9.672195257529249e-07
275.5,-1.5690730171678004e-05,-1.5690003424920138e-05,-30.000046447319008,-30.00004644715079,4.1079923665587866e-07,4.108049021919724e-07,9.829704785262817e-07,9.829721669257407e-07
275.75,-1.5587621615756968e-05,-1.558689345183432e-05,-30.000046199607507,-30.000046199438852,4.1407071220266946e-07,4.140763839854172e-07,9.987212683131156e-07,9.98722960027096e-07
276.0,-1.5483694064873433e-05,-1.5482964482163844e-05,-30.00004594795854,-30.00004594778945,4.173511963121737e-07,4.1735687482551827e-07,1.0144702049285176e-06,1.0144718999609718e-06
276.25,-1.5379015967026353e-05,-1.5378284963907086e-05,-30.00004569263101,-30.000045692461477,4.2007489293759706e-07,4.2008057770226016e-07,1.0281498544970992e-06,1.0281515528519762e-06
276.5,-1.527365596521329e-05,-1.5272923540061025e-05,-30.000045433883756,-30.000045433713787,4.228064280036464e-07,4.2281211950357636e-07,1.041827961094603e-06,1.0418296627758616e-06
276.75,-1.516761209981564e-05,-1.516687825094627e-05,-30.00004517171717,-30.000045171546763,4.2554580157780073e-07,4.255514998153368e-07,1.055504520286798e-06,1.055506225298527e-06
277.0,-1.5060882411198166e-05,-1.50601471369872e-05,-30.000044906131638,-30.00004490596079,4.2829301372565795e-07,4.282987182215301e-07,1.0691795276396842e-06,1.0691812359858344e-06
277.25,-1.4953531038366064e-05,-1.4952794337188423e-05,-30.000044637370042,-30.00004463719875,4.3051909235490353e-07,4.305248035930685e-07,1.0809131018970757e-06,1.0809148135816096e-06
277.5,-1.4845622303265223e-05,-1.4844884173495242e-05,-30.00004436567521,-30.000044365503474,4.327519118458408e-07,4.3275762934703416e-07,1.092645414988019e-06,1.0926471300148974e-06
277.75,-1.4737154520807328e-05,-1.4736414960818754e-05,-30.000044091047453,-30.000044090875278,4.3499147118152186e-07,4.349971954297059e-07,1.104376463099605e-06,1.1043781814727953e-06
278.0,-1.4628126005887595e-05,-1.4627385014053588e-05,-30.000043813487096,-30.000043813314477,4.372377715106353e-07,4.3724350202655106e-07,1.1161062424188864e-06,1.1161079641423512e-06
278.25,-1.4518596953413598e-05,-1.4517854528166933e-05,-30.00004353322139,-30.000043533048327,4.389956004134798e-07,4.390013371994829e-07,1.126019292627043e-06,1.126021017704612e-06
278.5,-1.4408627729593303e-05,-1.4407883869366162e-05,-30.000043250477546,-30.00004325030404,4.4075914225754216e-07,4.4076488531599106e-07,1.1359313468406768e-06,1.1359330752761827e-06
278.75,-1.4298216906244245e-05,-1.4297471609468221e-05,-30.000042965255815,-30.00004296508186,4.4252839662003027e-07,4.42534145953286e-07,1.1458424018281884e-06,1.1458441336254644e-06
279.0,-1.4187363055259728e-05,-1.4186616320305622e-05,-30.000042677556443,-30.00004267738204,4.443033633175868e-07,4.443091194096252e-07,1.1557524543580105e-06,1.1557541895210339e-06
279.25,-1.4076122302165144e-05,-1.4075374127403167e-05,-30.000042387591733,-30.00004238741688,4.456234535366029e-07,4.4562921590817857e-07,1.1639651699578468e-06,1.163966908490587e-06
279.5,-1.3964550932436255e-05,-1.3963801316296227e-05,-30.000042095573935,-30.000042095398634,4.4694829637438637e-07,4.4695406502786854e-07,1.1721771374562424e-06,1.172178879362541e-06
279.75,-1.385264775795806e-05,-1.3851896698869208e-05,-30.00004180150324,-30.000041801327487,4.482778915133551e-07,4.482836664511157e-07,1.1803883541648094e-06,1.1803900994485077e-06
280.0,-1.3740411590664993e-05,-1.373965908699575e-05,-30.000041505379833,-30.000041505203633,4.496122388755924e-07,4.496180205816182e-07,1.188598817395129e-06,1.1886005660602114e-06
280.25,-1.3627894706244893e-05,-1.3627140756363095e-05,-30.000041207401576,-30.000041207224925,4.505234794157324e-07,4.505292674107889e-07,1.1952272066435365e-06,1.1952289586939792e-06
280.5,-1.351514952943567e-05,-1.3514394131768763e-05,-30.000040907766287,-30.00004090758918,4.5143857797639425e-07,4.5144437226286154e-07,1.201855079322967e-06,1.2018568347626217e-06
280.75,-1.3402175095910107e-05,-1.3401418248824738e-05,-30.000040606474094,-30.000040606296533,4.52357533134232e-07,4.523633341961051e-07,1.2084824332512726e-06,1.2084841920841235e-06
281.0,-1.3288970441305625e-05,-1.3288212143167849e-05,-30.00004030352513,-30.000040303347113,4.5328034659545233e-07,4.532861539535049e-07,1.2151092662463472e-06,1.2151110284763826e-06
281.25,-1.3175584200823e-05,-1.3174824450058472e-05,-30.000039999103603,-30.000039998925132,4.5381008129964695e-07,4.5381589495626743e-07,1.2202629557678332e-06,1.2202647213989045e-06
281.5,-1.3062065148620724e-05,-1.30613039435943e-05,-30.000039693393692,-30.000039693214763,4.543428403455857e-07,4.5434866078477724e-07,1.225416344767486e-06,1.2254181138035877e-06
281.75,-1.2948412528599206e-05,-1.2947649867675147e-05,-30.00003938639547,-30.000039386216084,4.5487862384645277e-07,4.548844505889974e-07,1.230569431534458e-06,1.2305712039795834e-06
282.0,-1.2834625584720954e-05,-1.283386146626292e-05,-30.000039078109015,-30.00003907792917,4.5541743119228864e-07,4.554232647221951e-07,1.235722214358029e-06,1.235723990216176e-06
282.25,-1.2720749182876625e-05,-1.2719983605247677e-05,-30.000038768705213,-30.00003876852491,4.55594158731024e-07,4.555999985690798e-07,1.239508242755742e-06,1.2395100220309073e-06
282.5,-1.2606828317821211e-05,-1.2606061279383812e-05,-30.000038458354915,-30.000038458174153,4.5577313687858477e-07,4.557789835088042e-07,1.243294170540731e-06,1.2432959532369141e-06
282.75,-1.249286242684765e-05,-1.249209392596366e-05,-30.00003814705815,-30.00003814687693,4.55954366073806e-07,4.5596021901698223e-07,1.2470799964397403e-06,1.2470817825609394e-06
283.0,-1.2378850947169336e-05,-1.2378080982260214e-05,-30.00003783481494,-30.000037834633257,4.5613784651417677e-07,4.561437057727176e-07,1.2508657191794634e-06,1.2508675087295436e-06
283.25,-1.2264835390163329e-05,-1.226406395958973e-05,-30.000037521783653,-30.00003752160151,4.5598686526250436e-07,4.559927313204324e-07,1.2533846536971071e-06,1.2533864466800765e-06
283.5,-1.2150857386643613e-05,-1.215008448870539e-05,-30.00003720812262,-30.000037207940014,4.558374186258416e-07,4.5584329148557033e-07,1.2559036731837922e-06,1.2559054696037955e-06
283.75,-1.2036916552982038e-05,-1.203614218603864e-05,-30.000036893831822,-30.000036893648755,4.556895063993697e-07,4.556953855817034e-07,1.2584227767716143e-06,1.258424576632655e-06
284.0,-1.1923012505541498e-05,-1.1922236668011972e-05,-30.00003657891124,-30.000036578727705,4.5554312885951375e-07,4.555490143668713e-07,1.2609419635926312e-06,1.260943766898581e-06
284.25,-1.1809183300453517e-05,-1.1808405990696104e-05,-30.000036263507127,-30.00003626332313,4.550906572460349e-07,4.5509654956245007e-07,1.2622910163737387e-06,1.2622928231286144e-06
284.5,-1.1695467104201654e-05,-1.1694688320573987e-05,-30.00003594776572,-30.000035947581257,4.546390581766038e-07,4.546449568228892e-07,1.2636403248593577e-06,1.2636421350671728e-06
284.75,-1.1581863698576138e-05,-1.1581083439495444e-05,-30.000035631686956,-30.000035631502026,4.5418833224128295e-07,4.541942372198658e-07,1.2649898885558666e-06,1.2649917022204995e-06
285.0,-1.1468372865460512e-05,-1.1467591129223012e-05,-30.000035315270768,-30.00003531508537,4.5373847810347706e-07,4.537443903800115e-07,1.2663397069694558e-06,1.2663415240950645e-06
285.25,-1.1355029731835762e-05,-1.1354246516676865e-05,-30.00003499865188,-30.000034998466013,4.5300663465550103e-07,4.5301255375080826e-07,1.2666115179061008e-06,1.2666133384969766e-06
285.5,-1.1241869526196483e-05,-1.1241084830471393e-05,-30.000034681964987,-30.00003468177865,4.5227505422946427e-07,4.522809796643682e-07,1.2668837427556387e-06,1.266885566815802e-06
285.75,-1.1128892182855542e-05,-1.1128106004979055e-05,-30.000034365209988,-30.00003436502318,4.5154373627854533e-07,4.5154966805548463e-07,1.2671563813695744e-06,1.2671582089029106e-06
286.0,-1.101609763617222e-05,-1.101530997455852e-05,-30.000034048386777,-30.000034048199495,4.508126809782778e-07,4.508186190996939e-07,1.2674294335993767e-06,1.2674312646097763e-06
286.25,-1.0903518022983494e-05,-1.090272887604616e-05,-30.000033731619123,-30.00003373143137,4.498241748996326e-07,4.4983011936796954e-07,1.2667119556920369e-06,1.2667137901833974e-06
286.5,-1.0791185573510921e-05,-1.0790394939662915e-05,-30.000033415030767,-30.00003341484254,4.48835371262254e-07,4.488413220799585e-07,1.26599503704605e-06,1.265996875022262e-06
286.75,-1.0679100362204823e-05,-1.0678308239798296e-05,-30.00003309862157,-30.000033098432873,4.478462695810087e-07,4.478522272321424e-07,1.2652786778297393e-06,1.2652805192948362e-06
287.0,-1.0567262463486297e-05,-1.0566468850872787e-05,-30.000032782391397,-30.000032782202222,4.468568705748651e-07,4.468628345802684e-07,1.2645628782115015e-06,1.264564723169514e-06
287.25,-1.04557010843408e-05,-1.0454905979871231e-05,-30.00003246645364,-30.00003246626399,4.4563402737192316e-07,4.4563999821566333e-07,1.2629393556926334e-06,1.2629412041476014e-06
287.5,-1.034444551741967e-05,-1.034364891938415e-05,-30.000032150921676,-30.00003215073155,4.444103727962418e-07,4.4441635048077685e-07,1.2613165251407799e-06,1.2613183770968753e-06
287.75,-1.0233495965529391e-05,-1.0232697872217415e-05,-30.000031835795333,-30.00003183560473,4.431859071414284e-07,4.431918916692194e-07,1.2596943870148327e-06,1.2596962424762308e-06
288.0,-1.0122852631433124e-05,-1.0122053041193771e-05,-30.00003152107444,-30.000031520883358,4.419606304604792e-07,4.41966621352378e-07,1.2580729417737325e-06,1.2580748007444703e-06
288.25,-1.0012541788084951e-05,-1.0011740699266685e-05,-30.00003120686241,-30.000031206670847,4.4052590303797477e-07,4.4053190077805995e-07,1.2556234838274792e-06,1.255625346311604e-06
288.5,-9.902589786497688e-06,-9.901787197448356e-06,-30.000030893262643,-30.0000308930706,4.390898963923381e-07,4.3909590050146713e-07,1.2531748378400687e-06,1.2531767038416244e-06
288.75,-9.792996946524356e-06,-9.792192855651386e-06,-30.000030580274938,-30.000030580082413,4.3765261014568543e-07,4.3765862062633056e-07,1.2507270045353812e-06,1.250728874058279e-06
289.0,-9.683763588022106e-06,-9.68295799370221e-06,-30.00003026789909,-30.00003026770608,4.3621404464285816e-07,4.3622006173830037e-07,1.2482799846371003e-06,1.2482818576853205e-06
289.25,-9.574913399180124e-06,-9.574106299729193e-06,-30.000029956229124,-30.000029956035632,4.3458718180618893e-07,4.3459320575971206e-07,1.2450799352265691e-06,1.2450818118042348e-06
289.5,-9.466470139295718e-06,-9.465661532998921e-06,-30.000029645359056,-30.000029645165082,4.3295861300395425e-07,4.3296464381803905e-07,1.241880806583249e-06,1.241882686694549e-06
289.75,-9.35843423469104e-06,-9.357624119893128e-06,-30.00002933528866,-30.000029335094197,4.3132833959009275e-07,4.313343767856108e-07,1.2386825996719266e-06,1.238684483320915e-06
290.0,-9.250806111710916e-06,-9.249994486756018e-06,-30.000029026017696,-30.000029025822748,4.296963600292803e-07,4.2970240409032995e-07,1.2354853154573053e-06,1.2354872026480463e-06
290.25,-9.143607087802789e-06,-9.142793951034411e-06,-30.000028717631036,-30.000028717435605,4.2789548284865923e-07,4.279015332961177e-07,1.2316081795215037e-06,1.2316100702580531e-06
290.5,-9.036858544471062e-06,-9.036043894201992e-06,-30.000028410213535,-30.000028410017617,4.2609251544209364e-07,4.2609857300087106e-07,1.2277320628986763e-06,1.2277339571851628e-06
290.75,-8.930561004278362e-06,-8.929744838820757e-06,-30.000028103764933,-30.00002810356853,4.242874577605108e-07,4.242935217106841e-07,1.2238569667712479e-06,1.2238588646118e-06
291.0,-8.824714989709214e-06,-8.823897307464914e-06,-30.00002779828498,-30.000027798088084,4.224803104777576e-07,4.224863808218246e-07,1.2199828923216626e-06,1.2199847937202098e-06
291.25,-8.719339481031374e-06,-8.718520280401593e-06,-30.0000274938502,-30.000027493652816,4.2052335273743746e-07,4.2052942947789854e-07,1.2154955703196178e-06,1.2154974752800912e-06
291.5,-8.614453516439295e-06,-8.613632795824623e-06,-30.000027190537114,-30.00002719033924,4.1856395781778645e-07,4.1857004095714486e-07,1.21100935602106e-06,1.2110112645473926e-06
291.75,-8.510057705169056e-06,-8.509235462969454e-06,-30.000026888345445,-30.000026888147076,4.1660212618885854e-07,4.1660821572962016e-07,1.2065242508045245e-06,1.206526162900651e-06
292.0,-8.406152656459553e-06,-8.405328890953956e-06,-30.000026587274913,-30.00002658707605,4.146378573580684e-07,4.146439542659661e-07,1.2020402560482853e-06,1.2020421717184195e-06
292.25,-8.302755261419348e-06,-8.301929970825859e-06,-30.000026287394014,-30.000026287194657,4.1254084498587145e-07,4.125469487818051e-07,1.1970071833058429e-06,1.1970091025543322e-06
292.5,-8.199882462972397e-06,-8.199055645628893e-06,-30.000025988771235,-30.000025988571384,4.1044108464002797e-07,4.104471948449003e-07,1.1919752975812317e-06,1.1919772204121488e-06
292.75,-8.09753494807925e-06,-8.09670660229288e-06,-30.00002569140628,-30.000025691205934,4.0833857658344846e-07,4.0834469392219504e-07,1.1869446004287863e-06,1.1869465268462819e-06
293.0,-7.99571340363465e-06,-7.994883527651731e-06,-30.00002539529885,-30.000025395098007,4.0623332107970266e-07,4.062394453140381e-07,1.1819150934026321e-06,1.181917023410991e-06
293.25,-7.894432384350879e-06,-7.8936009765074e-06,-30.000025100509962,-30.000025100308623,4.0401432907667364e-07,4.040204597275094e-07,1.1763962632022996e-06,1.1763981968056034e-06
293.5,-7.793706491150932e-06,-7.79287354975215e-06,-30.000024807100626,-30.00002480689879,4.0179231243872116e-07,4.017984502310015e-07,1.1708786890998224e-06,1.1708806263022268e-06
293.75,-7.693536480187117e-06,-7.692702003537656e-06,-30.00002451507053,-30.00002451486819,3.995672712172687e-07,3.9957341543110485e-07,1.1653623728061757e-06,1.1653643136118347e-06
294.0,-7.593923107598792e-06,-7.593087093972548e-06,-30.000024224419352,-30.000024224216514,3.9733920546446566e-07,3.973453570656138e-07,1.1598473160322288e-06,1.1598492604453715e-06
294.25,-7.494878882242246e-06,-7.494041329912477e-06,-30.000023935201018,-30.000023934997678,3.950140524840944e-07,3.9502021051186563e-07,1.153899636821905e-06,1.1539015848467559e-06
294.5,-7.396416353867874e-06,-7.395577261107204e-06,-30.000023647469437,-30.000023647265596,3.92685629638098e-07,3.926917950582544e-07,1.1479532738322292e-06,1.147955225473021e-06
294.75,-7.298536339812067e-06,-7.297695704892486e-06,-30.000023361224283,-30.00002336101994,3.9035393796664166e-07,3.9036010981850015e-07,1.1420082289126185e-06,1.1420101841735775e-06
295.0,-7.20123965730158e-06,-7.200397478614844e-06,-30.000023076465226,-30.00002307626038,3.8801897730664525e-07,3.880251555927496e-07,1.1360645039125091e-06,1.1360664627975968e-06
295.25,-7.104537061224255e-06,-7.103693337161485e-06,-30.000022793239502,-30.00002279303415,3.8560121065452746e-07,3.8560739537742417e-07,1.1297415727382692e-06,1.1297435352514509e-06
295.5,-7.008439342325123e-06,-7.007594071276802e-06,-30.00002251159434,-30.000022511388483,3.8317995991336693e-07,3.831861510756053e-07,1.1234200102355578e-06,1.1234219763807968e-06
295.75,-6.912947371553847e-06,-6.912100551909821e-06,-30.0000222315294,-30.000022231323033,3.807552256639785e-07,3.8076142326811055e-07,1.117099818375097e-06,1.1171017881563619e-06
296.0,-6.818062019805087e-06,-6.817213649894362e-06,-30.00002195304433,-30.00002195283746,3.783270077655949e-07,3.783332122957875e-07,1.1107809991273533e-06,1.110782972548752e-06
296.25,-6.723792517281024e-06,-6.7229425953717645e-06,-30.00002167617998,-30.0000216759726,3.758284008382796e-07,3.7583461229709066e-07,1.1041341208226139e-06,1.104136097888388e-06
296.5,-6.6301481251579465e-06,-6.629296649577879e-06,-30.000021400977168,-30.00002140076928,3.733261245910531e-07,3.7333234249943127e-07,1.0974886569716554e-06,1.0974906376859132e-06
296.75,-6.537129760751008e-06,-6.536276729797119e-06,-30.000021127435545,-30.00002112722715,3.708201791425492e-07,3.7082640422547607e-07,1.0908446096500444e-06,1.090846594016967e-06
297.0,-6.444738341345597e-06,-6.44388375331423e-06,-30.00002085555476,-30.000020855345852,3.683105646122822e-07,3.683167961499063e-07,1.0842019809333641e-06,1.0842039689571275e-06
297.25,-6.352981211899261e-06,-6.35212506511622e-06,-30.000020585370024,-30.000020585160605,3.657458326719278e-07,3.6575207114843056e-07,1.0772761917422967e-06,1.0772781834270223e-06
297.5,-6.261865744140054e-06,-6.261008036870297e-06,-30.000020316916554,-30.000020316706625,3.6317727114947585e-07,3.6318351656742954e-07,1.0703518544560233e-06,1.0703538498059628e-06
297.75,-6.1713928954165895e-06,-6.170533625984634e-06,-30.00002005019399,-30.000020049983544,3.606048804202616e-07,3.6061113230062944e-07,1.0634289712409063e-06,1.0634309702601767e-06
298.0,-6.081563623043734e-06,-6.080702789833655e-06,-30.00001978520196,-30.000019784991004,3.580286603789275e-07,3.580349187242875e-07,1.05650754426323e-06,1.0565095469558183e-06
298.25,-5.992383798058301e-06,-5.991521399423426e-06,-30.000019521969957,-30.000019521758485,3.5540927884199e-07,3.5541554389572895e-07,1.0493487938342789e-06,1.0493508002042373e-06
298.5,-5.903859313975643e-06,-5.902995348268656e-06,-30.000019260527456,-30.00001926031547,3.5278593319167534e-07,3.5279220471557087e-07,1.0421915262627468e-06,1.0421935363141332e-06
298.75,-5.815991161745451e-06,-5.81512562734849e-06,-30.000019000874087,-30.00001900066158,3.5015862405726233e-07,3.5016490205390084e-07,1.0350357437909545e-06,1.0350377575277628e-06
299.0,-5.728780332310483e-06,-5.727913227454534e-06,-30.000018743009477,-30.000018742796453,3.475273508649509e-07,3.4753363654095177e-07,1.0278814486608032e-06,1.0278834660873713e-06
299.25,-5.642231221575276e-06,-5.641362544490677e-06,-30.000018486958087,-30.000018486744544,3.448648557624628e-07,3.448711479163885e-07,1.0205299671788027e-06,1.0205319882994615e-06
299.5,-5.556348244078113e-06,-5.55547799308486e-06,-30.00001823274438,-30.00001823253032,3.4219828499611604e-07,3.4220458411217383e-07,1.01317999297433e-06,1.0131820177932165e-06
299.75,-5.471132418715214e-06,-5.470260591982145e-06,-30.00001798036798,-30.000017980153398,3.395276387239422e-07,3.3953394552714845e-07,1.0058315283525387e-06,1.0058335568741305e-06
300.0,-5.386584764222762e-06,-5.385711359918067e-06,-30.000017729828503,-30.0000177296134,3.368529180681749e-07,3.3685923183871315e-07,9.98484575618559e-07,9.984866078473286e-07
